# _tick,_time,plr_track_ground_roughness,track_ground_roughness,plr_track_student_ground_roughness,track_student_ground_roughness,plr_track_pit_gap_low,track_pit_gap_low,plr_track_student_pit_gap_low,track_student_pit_gap_low,plr_track_pit_gap_high,track_pit_gap_high,plr_track_student_pit_gap_high,track_student_pit_gap_high,plr_track_stump_height_low,track_stump_height_low,plr_track_student_stump_height_low,track_student_stump_height_low,plr_track_stump_height_high,track_stump_height_high,plr_track_student_stump_height_high,track_student_stump_height_high,plr_track_stair_height_low,track_stair_height_low,plr_track_student_stair_height_low,track_student_stair_height_low,plr_track_stair_height_high,track_stair_height_high,plr_track_student_stair_height_high,track_student_stair_height_high,plr_track_stair_steps,track_stair_steps,plr_track_student_stair_steps,track_student_stair_steps,plr_track_ued_ground_roughness,track_ued_ground_roughness,plr_track_ued_pit_gap_low,track_ued_pit_gap_low,plr_track_ued_pit_gap_high,track_ued_pit_gap_high,plr_track_ued_stump_height_low,track_ued_stump_height_low,plr_track_ued_stump_height_high,track_ued_stump_height_high,plr_track_ued_stair_height_low,track_ued_stair_height_low,plr_track_ued_stair_height_high,track_ued_stair_height_high,plr_track_ued_stair_steps,track_ued_stair_steps,mean_env_return,adversary_env_pg_loss,adversary_env_value_loss,adversary_env_dist_entropy,steps,total_episodes,total_seeds,total_student_grad_updates,mean_agent_return,agent_value_loss,agent_pg_loss,agent_dist_entropy,mean_adversary_agent_return,adversary_value_loss,adversary_pg_loss,adversary_dist_entropy,kl_loss_advagent_agent,kl_loss_agent_advagent,dps_lambda_skill,dps_lambda_target,dps_mode,agent_grad_norm,adversary_grad_norm,adversary_env_grad_norm,solved_rate:BipedalWalker-MADS-Hard-Eval-v0,test_returns:BipedalWalker-MADS-Hard-Eval-v0,sps,target_agent_return
0,1784820023.9497306,,8.0,,8.0,,6.0,,6.0,,10.0,,10.0,,1.0,,1.0,,4.0,,4.0,,2.0,,2.0,,5.0,,5.0,,8.0,,8.0,,7.926117834635079,,5.6601329650729895,,9.681062199175358,,0.9056143502239138,,3.9226312967948616,,1.7532521630637348,,4.851932138204575,,7.75,-6.502915382385254,-0.0045286641689017415,2.1890071406960487,1.4212389588356018,32768,210,16,1,-113.0898,0.43354467395693064,-0.0033354281200445256,5.689038515090942,-129.74576,0.05694979596883058,-0.0026456732404767534,5.6804015129804615,,,0.95,0.9,both,0.3752032869587276,0.35308039384110457,4.384823678160602,0.0,-119.38357,2230.946117514809,-113.0898
1,1784820094.9657876,,8.0,,8.0,,6.0,,6.0,,10.0,,10.0,,1.0,,1.0,,4.0,,4.0,,2.0,,2.0,,5.0,,5.0,,8.0,,8.0,,8.200802529230714,,5.805959528544918,,9.476355792401591,,0.944627013290301,,4.116887873009546,,1.977398058399558,,4.87372121179942,,7.9375,-1.7864437103271484,-0.0020561920246109366,0.9636595044285059,1.4305506087839603,196608,958,96,6,-121.69713,0.08912619398906826,-0.0033644089693552815,5.71541243493557,-110.71159,0.08042827700264751,-0.0033395514547009952,5.633172145485878,,,0.95,0.9,both,0.3145233717134487,0.23946748059051853,3.1844370032110922,0.0,-121.559006,2307.08317070809,-121.69713
2,1784820169.2655528,,8.0,,8.0,,6.0,,6.0,,10.0,,10.0,,1.0,,1.0,,4.0,,4.0,,2.0,,2.0,,5.0,,5.0,,8.0,,8.0,,7.792024482274428,,6.065168414730579,,9.590101186651736,,1.030850611277856,,3.929600171279162,,1.9882971601909958,,4.8426308607449755,,7.75,-1.599658489227295,6.59385696053505e-05,0.6923466110602021,1.4292335845530033,360448,1386,176,11,-134.93001,0.01966009791358374,-0.005181626223929925,5.635728627443314,-111.67493,0.10363288619555533,-0.003803589692688547,5.59936685860157,,,0.95,0.9,both,0.2675701268569496,0.27529831625209006,2.663491656413418,0.0,-133.76697,2205.124217648776,-134.93001
3,1784820244.5311852,,8.0,,8.0,,6.0,,6.0,,10.0,,10.0,,1.0,,1.0,,4.0,,4.0,,2.0,,2.0,,5.0,,5.0,,8.0,,8.0,,8.235633446834981,,6.187744467519224,,9.86586219118908,,1.1566057906020433,,4.079195248428732,,2.104989879706409,,4.914532042035717,,8.0,-0.25553998351097107,-0.009233950695488602,0.03607232158537954,1.4378467351198196,524288,1865,256,16,-131.26872,0.009458945690130349,-0.005202019358694088,5.408843249082565,-120.02669,0.061214139009825884,-0.00485672022041399,5.4887256026268005,,,0.95,0.9,both,0.25484922557069495,0.2899665634136929,0.9120657735122177,0.0,-128.9523,2176.822436891665,-131.26872
4,1784820318.89238,,8.0,,8.0,,6.0,,6.0,,10.0,,10.0,,1.0,,1.0,,4.0,,4.0,,2.0,,2.0,,5.0,,5.0,,8.0,,8.0,,8.536186780547723,,6.510960631698254,,9.906302931718528,,1.0903795077174436,,4.2483498668298125,,2.1868838752852753,,4.896111238747835,,8.0625,-0.05140317231416702,-0.011207317627849989,0.08611588392523117,1.4367145225405693,688128,2063,336,21,-139.39012,0.012122048245510086,-0.0051605954678962005,5.222941502928734,-127.9719,0.016042507789097726,-0.005896502737596165,5.310545790195465,,,0.95,0.9,both,0.3217430634180631,0.29553254597991596,1.525108198689242,0.0,-118.705,2203.2992745906677,-139.39012
5,1784820393.0736575,,8.0,,8.0,,6.0,,6.0,,10.0,,10.0,,1.0,,1.0,,4.0,,4.0,,2.0,,2.0,,5.0,,5.0,,8.0,,8.0,,8.483790556434542,,6.679986197501421,,9.93934126291424,,1.3183728023432195,,4.323192083276808,,2.2547509861178696,,4.959567978978157,,8.375,-0.33024388551712036,-0.000506565353134647,0.1658218441880308,1.4372679330408573,851968,2254,416,26,-108.13479,0.006106303265551105,-0.003283712101983838,4.93592472076416,-123.80015,0.014613556978292763,-0.002701136446557939,5.0177219152450565,,,0.95,0.9,both,0.3776252065469864,0.36105578172398056,2.149802709837305,0.0,-115.5162,2208.643671573389,-108.13479
6,1784820466.5278945,,8.0,,8.0,,6.0,,6.0,,10.0,,10.0,,1.0,,1.0,,4.0,,4.0,,2.0,,2.0,,5.0,,5.0,,8.0,,8.0,,8.212771822232753,,5.943403911078349,,9.600153976120055,,1.0795943858101964,,4.021424527745694,,2.103869176004082,,4.876499128396972,,8.0,-0.34760841727256775,-0.0006222074152901769,0.009938354880432598,1.4321451485157013,1015808,2458,496,31,-106.24275,0.005490888640633784,-0.00272764467226807,4.681005489826203,-121.78723,0.012188035671715624,-0.0030512516692397184,4.73345385491848,,,0.95,0.9,both,0.4073872958735505,0.33939486106522904,0.597452811427494,0.0,-115.63501,2230.5042404523538,-106.24275
7,1784820538.9460313,,8.0,,8.0,,6.0,,6.0,,10.0,,10.0,,1.0,,1.0,,4.0,,4.0,,2.0,,2.0,,5.0,,5.0,,8.0,,8.0,,8.41001424845308,,6.328156856587157,,9.780775045976043,,1.156794859096408,,4.1471405401825905,,2.156311574857682,,4.866752911359072,,8.3125,-0.21185018122196198,-0.003420597524382174,0.04315855840104632,1.439806256443262,1179648,2642,576,36,-103.67452,0.011260996796772815,-0.0028230386938957962,4.370573171973229,-118.44613,0.013888207502895966,-0.0029523764562327413,4.450333160161972,,,0.95,0.9,both,0.35295483152878593,0.38794200210710017,1.1440426294118193,0.0,-108.52437,2262.415457794359,-103.67452
8,1784820610.9378574,,8.0,,8.0,,6.0,,6.0,,10.0,,10.0,,1.0,,1.0,,4.0,,4.0,,2.0,,2.0,,5.0,,5.0,,8.0,,8.0,,8.118181149417069,,6.369536886923015,,9.824335462413728,,1.0396552808015258,,4.026479559484869,,2.006742652854882,,4.8807368241250515,,8.0625,-0.223971426486969,-0.000436276663094759,0.009665416393545456,1.4453607313334942,1343488,2830,656,41,-103.88883,0.01440817365073599,-0.0018888546019297792,4.106815922260284,-110.784386,0.017327205085894092,-0.003163012191362213,4.162751373648644,,,0.95,0.9,both,0.44498404845353406,0.4150372038862173,0.4886407206979405,0.0,-101.11194,2275.8152345133494,-103.88883
9,1784820683.6298146,,8.0,,8.0,,6.0,,6.0,,10.0,,10.0,,1.0,,1.0,,4.0,,4.0,,2.0,,2.0,,5.0,,5.0,,8.0,,8.0,,8.203618812491186,,6.073247256688774,,9.954188384115696,,1.2535630309721455,,4.062584883417003,,2.1716343257576227,,4.949427327141166,,8.5625,-0.07724512368440628,-0.015402464778162539,0.03385896061081439,1.4502672776579857,1507328,3069,736,46,-104.91612,0.017171518708346413,-0.002191303663130384,3.9062983706593513,-104.81242,0.018658039369620384,-0.000975814052799251,3.9394261226058007,,,0.95,0.9,both,0.5118308957077401,0.5561950250890595,0.9593504171794119,0.0,-112.38731,2253.89513806524,-104.91612
10,1784820754.287047,,8.0,,8.0,,6.0,,6.0,,10.0,,10.0,,1.0,,1.0,,4.0,,4.0,,2.0,,2.0,,5.0,,5.0,,8.0,,8.0,,8.364942679181695,,6.280891431495547,,9.7241255864501,,0.9606770358514041,,3.9685981953516603,,2.0134568102657795,,4.811360060237348,,8.125,-0.2096487432718277,-0.00010898266918957233,0.028309904679190367,1.451125081628561,1671168,3314,816,51,-106.23146,0.015310387220233678,-0.0027262675881502218,3.730246302485466,-104.3467,0.02572272701654583,-0.0018023161253950093,3.7677468731999397,,,0.95,0.9,both,0.523622208033272,0.5177201060304913,0.8393840900813052,0.0,-97.91951,2318.798039007645,-106.23146
11,1784820825.406737,,8.0,,8.0,,6.0,,6.0,,10.0,,10.0,,1.0,,1.0,,4.0,,4.0,,2.0,,2.0,,5.0,,5.0,,8.0,,8.0,,7.788088059052825,,5.786443537566811,,9.660261867567897,,0.7659086713683791,,3.9115626343991607,,1.9120306219556369,,4.811007617041469,,7.8125,-0.07734567672014236,-0.00019484097720123827,0.23598860658239573,1.4513618648052216,1835008,3610,896,56,-121.014915,0.014565968106035143,-0.0025713608585647306,3.515786346793175,-104.15566,0.018072736053727567,-0.00203244384174468,3.5559010326862337,,,0.95,0.9,both,0.609907943468467,0.5708547317997962,2.077259159180883,0.0,-92.95629,2303.7234499865326,-121.014915
12,1784820896.8089828,,8.0,,8.0,,6.0,,6.0,,10.0,,10.0,,1.0,,1.0,,4.0,,4.0,,2.0,,2.0,,5.0,,5.0,,8.0,,8.0,,7.546666639856994,,5.526636469177902,,9.38752448093146,,0.7106824782676995,,3.7531359721906483,,1.7052474829833955,,4.753880293807015,,7.4375,-0.13742324709892273,-0.0003020918811671436,0.1237575119594112,1.4557563737034798,1998848,3874,976,61,-86.556595,0.012246889056405053,-0.0012567565310746432,3.3161669716238977,-100.502304,0.022480771836126224,-0.001635785468533868,3.3746821880340576,,,0.95,0.9,both,0.7051709436707982,0.6302633771588633,1.3288378599587394,0.0,-112.56405,2294.6055972744953,-86.556595
13,1784820966.0675766,,8.0,,8.0,,6.0,,6.0,,10.0,,10.0,,1.0,,1.0,,4.0,,4.0,,2.0,,2.0,,5.0,,5.0,,8.0,,8.0,,8.118408773094416,,6.631525460630655,,9.926767390221357,,1.2654521535150707,,4.313555268570781,,2.319802946643904,,4.994322927668691,,8.4375,-0.12708249688148499,-5.9815007261931896e-05,0.06446235143812373,1.45359618216753,2162688,4165,1056,66,-91.046906,0.01758204880170524,-0.0017335013835690916,3.1380903244018556,-99.39393,0.02769288863055408,-0.0021429412430734374,3.1837849482893943,,,0.95,0.9,both,0.7007402055652875,0.7027588364656914,1.0462226675985595,0.0,-88.97046,2365.6269780304633,-91.046906
14,1784821035.8996775,,8.0,,8.0,,6.0,,6.0,,10.0,,10.0,,1.0,,1.0,,4.0,,4.0,,2.0,,2.0,,5.0,,5.0,,8.0,,8.0,,8.467003199766623,,6.121667264029384,,9.879756523296237,,1.1217011248227209,,4.203773650806397,,2.2959146596549544,,4.991167266620323,,8.5625,-0.2917284369468689,0.00021284929243847728,0.03698379115667194,1.4590655639767647,2326528,4458,1136,71,-82.36717,0.016398928599664943,-0.001242228898627218,2.973060542345047,-92.69823,0.03608462301781401,-0.001656959389219992,3.013055558502674,,,0.95,0.9,both,0.8495015654004998,0.7094599335398137,0.7992178986913923,0.0,-106.21129,2346.197486902673,-82.36717
15,1784821105.310893,,8.0,,8.0,,6.0,,6.0,,10.0,,10.0,,1.0,,1.0,,4.0,,4.0,,2.0,,2.0,,5.0,,5.0,,8.0,,8.0,,8.166519671212882,,6.336822078563273,,9.857725786743686,,1.072373031405732,,4.320670521818101,,2.100943044424639,,4.935717252083123,,8.125,-0.4420689642429352,0.00031848112121224403,0.1079972677398473,1.4606954418122768,2490368,4766,1216,76,-89.36071,0.015576250932645053,-0.00012950241944054142,2.818143193423748,-93.28174,0.03285763409221545,-0.002393118249892723,2.883932663500309,,,0.95,0.9,both,0.8807248677590156,0.7120617517440576,1.3233258014384002,0.0,-107.957886,2360.4281295114724,-89.36071
16,1784821173.451525,,8.0,,8.0,,6.0,,6.0,,10.0,,10.0,,1.0,,1.0,,4.0,,4.0,,2.0,,2.0,,5.0,,5.0,,8.0,,8.0,,7.778955434449017,,5.636722624867616,,9.281789189204574,,0.8419122346676886,,3.784291206044145,,1.975293837604113,,4.771175070956815,,7.625,-0.4141780138015747,-0.004667650442570448,0.18061530753038824,1.4604313857853413,2654208,5055,1296,81,-110.05066,0.020982070453464986,-0.0018652606886462308,2.6540499523282053,-85.55757,0.029965157888364048,-0.0011848796013509855,2.7165883019566537,,,0.95,0.9,both,0.817494603345095,0.7839234387787453,1.7472728552743082,0.0,-96.59306,2404.43726581695,-110.05066
17,1784821239.5431113,,8.0,,8.0,,6.0,,6.0,,10.0,,10.0,,1.0,,1.0,,4.0,,4.0,,2.0,,2.0,,5.0,,5.0,,8.0,,8.0,,7.859198829159141,,5.716213343665004,,9.420954267960042,,0.8032243042543996,,3.7440775119466707,,1.7727919671451673,,4.740722115151584,,7.75,-0.30609142780303955,-0.0015660509234294295,0.06819273578003049,1.4538072794675827,2818048,5360,1376,86,-67.52987,0.010304871565313078,-0.0014058214001124725,2.4725337505340574,-91.37401,0.036403289984446016,-0.002077138399181422,2.557240051031113,,,0.95,0.9,both,0.9283378414733221,0.8083183003469443,0.8665430762954518,0.0,-94.95006,2478.9868402087513,-67.52987
18,1784821306.3514106,,8.0,,8.0,,6.0,,6.0,,10.0,,10.0,,1.0,,1.0,,4.0,,4.0,,2.0,,2.0,,5.0,,5.0,,8.0,,8.0,,7.862508846679702,,6.082128700218163,,9.584510299377143,,0.944502305239439,,4.088120980770327,,2.049569924129173,,4.9230328782578,,7.8125,-0.38536888360977173,-0.0014512729248963296,0.04282603529281914,1.4494845494627953,2981888,5621,1456,91,-83.38895,0.015440270077669993,-0.00023291923716897144,2.311495192348957,-95.080185,0.017063844855874775,-0.002132540773891378,2.379824049770832,,,0.95,0.9,both,0.9702938630784346,0.932187460217763,0.6860562784758311,0.0,-96.94124,2452.387309357172,-83.38895
19,1784821374.2408516,,8.0,,8.0,,6.0,,6.0,,10.0,,10.0,,1.0,,1.0,,4.0,,4.0,,2.0,,2.0,,5.0,,5.0,,8.0,,8.0,,7.531311848200858,,5.359908072583494,,9.462720255367458,,0.7124384811904747,,3.8109939717687666,,1.8296050801873207,,4.752471062820405,,7.625,-0.234635129570961,-0.0007188356830738485,0.1792952751275152,1.4550777599215508,3145728,5846,1536,96,-63.98803,0.010383688827278092,-0.0008598960957897361,2.143587976694107,-93.86934,0.021960922970902175,-0.0003333945809572469,2.183180721104145,,,0.95,0.9,both,1.0149937247136624,0.9095500869495918,1.363503132583628,0.0,-116.45067,2413.336250488964,-63.98803
20,1784821442.7283041,,8.0,,8.0,,6.0,,6.0,,10.0,,10.0,,1.0,,1.0,,4.0,,4.0,,2.0,,2.0,,5.0,,5.0,,8.0,,8.0,,8.72063222527504,,6.802127766190097,,9.962038391386159,,1.3903508242219687,,4.305351895862259,,2.3024410529760644,,4.975579200312495,,8.75,-0.2870805263519287,-0.002589174371678382,0.0847453911555931,1.469107124954462,3309568,6077,1616,101,-84.37039,0.016300526820123194,-0.0010638341249432416,1.9873304188251495,-93.351585,0.03833639386575669,-0.0012697556128841824,2.045490950345993,,,0.95,0.9,both,0.9427895862272269,0.8783076422559871,0.8293374032168899,0.0,-100.07992,2392.263076900836,-84.37039
21,1784821511.0193167,,8.0,,8.0,,6.0,,6.0,,10.0,,10.0,,1.0,,1.0,,4.0,,4.0,,2.0,,2.0,,5.0,,5.0,,8.0,,8.0,,7.8749458361417055,,6.014225913153496,,9.479204094037414,,0.9026649345178157,,3.9922980167903006,,1.790513335261494,,4.759363294579089,,7.625,-0.1653398871421814,-0.0018842869903892279,0.17509756120853126,1.4712533950805664,3473408,6319,1696,106,-67.01291,0.011001377887441776,-0.0005434025399154053,1.843462135642767,-109.59163,0.04640638708369806,-0.0020272324632969684,1.9086514703929425,,,0.95,0.9,both,1.1904334556682863,0.8405473239642003,0.8032874092127373,0.0,-82.2788,2399.1442548588307,-67.01291
22,1784821576.57603,,8.0,,8.0,,6.0,,6.0,,10.0,,10.0,,1.0,,1.0,,4.0,,4.0,,2.0,,2.0,,5.0,,5.0,,8.0,,8.0,,8.753033560176846,,6.718860877212137,,9.911474091000855,,1.3958063824102283,,4.333281715633348,,2.34336893633008,,4.968544195406139,,8.75,-0.26697269082069397,0.000306970439851284,0.12157664692495018,1.480340264737606,3637248,6568,1776,111,-73.92377,0.026612676691729575,-0.0008290698999189772,1.7358822271227836,-86.149376,0.03203219756251201,-0.00029555163055192677,1.8030037693679333,,,0.95,0.9,both,1.0249786317353262,0.8995522201690289,0.5584755724330938,0.0,-93.705086,2499.2085631967807,-73.92377
23,1784821645.349953,,8.0,,8.0,,6.0,,6.0,,10.0,,10.0,,1.0,,1.0,,4.0,,4.0,,2.0,,2.0,,5.0,,5.0,,8.0,,8.0,,7.68885066115763,,5.510715995915234,,9.276025664061308,,0.758593971375376,,3.8688835690845735,,1.6963645820505917,,4.767511094221845,,7.0625,-0.4584099054336548,-0.002989504369907081,0.2219812972471118,1.495278138667345,3801088,6821,1856,116,-74.60533,0.027732759818900377,-0.0005285981533234008,1.647538037598133,-87.96582,0.034774795663543044,0.00021035603931522927,1.704298671334982,,,0.95,0.9,both,1.084852681467502,1.0060660758453257,1.3541097992232678,0.0,-80.265015,2382.299557975238,-74.60533
24,1784821716.4032323,,8.0,,8.0,,6.0,,6.0,,10.0,,10.0,,1.0,,1.0,,4.0,,4.0,,2.0,,2.0,,5.0,,5.0,,8.0,,8.0,,8.079891297966242,,6.030027880216949,,9.67544475570321,,0.9405642561614513,,3.92474187805783,,2.14691458735615,,4.9049549526534975,,8.25,-0.23271863162517548,-0.007804522814694792,0.061535323853604496,1.494184222072363,3964928,7082,1936,121,-63.257587,0.01703890538192354,-0.00025944528315449136,1.5184775404632092,-83.4717,0.031766035326290874,-0.0008926122885895893,1.614154753088951,,,0.95,0.9,both,1.1948669317823157,0.9804118372884346,0.6467436305718608,0.0,-100.33553,2305.875220012593,-63.257587
25,1784821785.9744222,,8.0,,8.0,,6.0,,6.0,,10.0,,10.0,,1.0,,1.0,,4.0,,4.0,,2.0,,2.0,,5.0,,5.0,,8.0,,8.0,,8.097671293653548,,5.930211262777448,,9.768341939896345,,1.0206818401347846,,3.9062125828058925,,2.13743250517291,,4.8559310445562005,,8.0,-0.409553200006485,-0.007392941741272807,0.11447425163351,1.4969204664230347,4128768,7333,2016,126,-60.759026,0.021492038504220545,-0.0008841656759614125,1.4328734286129474,-92.15885,0.026482488890178502,-0.0013008362366235815,1.510983733087778,,,0.95,0.9,both,1.0730475281670901,1.1469846671389878,0.9412083661007595,0.0,-86.66695,2354.9985690625117,-60.759026
26,1784821854.4350183,,8.0,,8.0,,6.0,,6.0,,10.0,,10.0,,1.0,,1.0,,4.0,,4.0,,2.0,,2.0,,5.0,,5.0,,8.0,,8.0,,7.68109062325675,,5.593456422910094,,9.536955843446776,,0.8779870122671127,,3.8375449031591415,,1.7594149778597057,,4.729145110119134,,7.5625,-0.11412711441516876,-0.0020540367113426328,0.10924989613704383,1.498261108994484,4292608,7609,2096,131,-83.48212,0.030287324136588724,-0.0005340371310012415,1.3507800661027431,-66.84729,0.02088898972142488,-0.0005882630961423274,1.3951895609498024,,,0.95,0.9,both,1.168122999894311,1.1517204789353472,0.7111147547607908,0.0,-103.826965,2393.20261144305,-83.48212
27,1784821923.7276926,,8.0,,8.0,,6.0,,6.0,,10.0,,10.0,,1.0,,1.0,,4.0,,4.0,,2.0,,2.0,,5.0,,5.0,,8.0,,8.0,,7.928768008947372,,5.722140695899725,,9.611870259046555,,1.0010017616441473,,4.014186356158461,,2.0384099010261707,,4.877134627662599,,8.0625,-0.42438241839408875,-0.0015355803770944476,0.1452456444967538,1.4969763234257698,4456448,7844,2176,136,-60.35964,0.01958330361521803,0.00013773618193226866,1.2433408886194228,-77.35356,0.042390515247825535,-0.0004438371877768077,1.271656895428896,,,0.95,0.9,both,1.1789878549508352,1.053649431830355,1.1657328763865382,0.0,-77.41111,2364.4612874918216,-60.35964
28,1784821996.154897,,8.0,,8.0,,6.0,,6.0,,10.0,,10.0,,1.0,,1.0,,4.0,,4.0,,2.0,,2.0,,5.0,,5.0,,8.0,,8.0,,8.104253836441785,,6.1847241055220366,,9.891998199746013,,1.0365267135202885,,4.16669260058552,,2.1311809552134946,,4.857742550084367,,8.125,-0.543239414691925,0.0001587006263434887,0.15318003483116627,1.5115856304764748,4620288,8077,2256,141,-46.34109,0.015793432510690764,-0.0009595021983841434,1.1029961675405502,-93.399605,0.04053297664504498,0.00016950110002653674,1.1477703385055065,,,0.95,0.9,both,1.3065305571466825,1.1430740029950952,1.2331366805894772,0.0,-82.15798,2262.1346581180806,-46.34109
29,1784822065.5490656,,8.0,,8.0,,6.0,,6.0,,10.0,,10.0,,1.0,,1.0,,4.0,,4.0,,2.0,,2.0,,5.0,,5.0,,8.0,,8.0,,7.964475281070918,,6.066266446374357,,9.516835657414049,,0.8218721535085933,,3.7857740104664117,,1.821212817914784,,4.758844263385981,,7.625,-0.6085249781608582,-0.007499163155443966,0.09639355901163071,1.515453226864338,4784128,8302,2336,146,-44.726902,0.01716566425166093,0.0009297516808146611,0.9786951709538698,-87.648544,0.03764798961929046,-0.0012756023788824677,1.0504614613950252,,,0.95,0.9,both,1.2668693722150368,1.0261809671065207,0.5683632008430581,0.0,-86.72187,2361.0047961847704,-44.726902
30,1784822137.870334,,8.0,,8.0,,6.0,,6.0,,10.0,,10.0,,1.0,,1.0,,4.0,,4.0,,2.0,,2.0,,5.0,,5.0,,8.0,,8.0,,8.591874012956396,,6.5355886380421,,9.976279562339187,,1.276507746835705,,4.08481090690475,,2.299754301086068,,4.968663021689281,,8.75,-0.4780087471008301,-0.0014665478374809027,0.07563728198874742,1.5176834166049957,4947968,8525,2416,151,-67.86107,0.019301969686057418,0.0001840772936702706,0.8647416159510612,-77.8521,0.046192662289831786,-0.00011412155872676521,0.9066872537136078,,,0.95,0.9,both,1.3214526722599864,1.1687553425896846,0.5874892575134023,0.0,-66.78284,2265.446752651531,-67.86107
31,1784822209.1065738,,8.0,,8.0,,6.0,,6.0,,10.0,,10.0,,1.0,,1.0,,4.0,,4.0,,2.0,,2.0,,5.0,,5.0,,8.0,,8.0,,7.5911140982061625,,5.861415269086137,,9.621763616567478,,0.995604938827455,,3.9220640379935503,,1.8685513269156218,,4.814292351307813,,7.625,-0.34562480449676514,-0.008281798742245883,0.04310147924115881,1.523815207183361,5111808,8759,2496,156,-72.92206,0.03149749548174441,0.0007050542655633763,0.7750875938683748,-71.88115,0.027958349022082985,-0.00033623301205807363,0.8708705440163612,,,0.95,0.9,both,1.4315116952359406,1.1964941876145894,0.5148228621495229,0.0,-100.72571,2299.953145312108,-72.92206
32,1784822281.4783814,,8.0,,8.0,,6.0,,6.0,,10.0,,10.0,,1.0,,1.0,,4.0,,4.0,,2.0,,2.0,,5.0,,5.0,,8.0,,8.0,,7.731092086993158,,5.831572852563113,,9.419591231271625,,0.8328956337827549,,3.8455796806811122,,1.8760513318702579,,4.791514327051118,,7.5,-0.19625166058540344,2.757093170657754e-06,0.10986633016727865,1.5241748206317425,5275648,8994,2576,161,-49.46755,0.018067794293165206,0.0001498696699854918,0.6828302785754203,-68.12534,0.033874023030512034,-0.00033152083633467553,0.7441528450697661,,,0.95,0.9,both,1.4077069210630033,1.2706151443056808,0.5020419456320797,0.0,-74.400375,2263.8647826513898,-49.46755
33,1784822351.9639146,,8.0,,8.0,,6.0,,6.0,,10.0,,10.0,,1.0,,1.0,,4.0,,4.0,,2.0,,2.0,,5.0,,5.0,,8.0,,8.0,,7.661640107631683,,5.484149115160108,,9.37841758877039,,0.8561751488596201,,3.883867955155438,,1.6621622141101398,,4.716227509081364,,7.9375,-0.21180295944213867,0.0003925070050172508,0.10049544414505363,1.5233921967446804,5439488,9211,2656,166,-62.14437,0.023373387980973347,0.0005115803680382669,0.5923974562436343,-66.38894,0.02707178436394315,-0.0003173475182848051,0.6127470448613167,,,0.95,0.9,both,1.39527045623892,1.2152396868470692,0.5300827593246822,0.0,-85.18142,2324.4486680793607,-62.14437
34,1784822420.5035648,,8.0,,8.0,,6.0,,6.0,,10.0,,10.0,,1.0,,1.0,,4.0,,4.0,,2.0,,2.0,,5.0,,5.0,,8.0,,8.0,,8.333695636829361,,6.190588231926085,,9.851230823202059,,1.1124261216027662,,3.984841813798994,,2.2128850237932056,,4.909172480227426,,8.25,-0.5962603092193604,1.3233395293354988e-05,0.16677500447258353,1.529170174151659,5603328,9451,2736,171,-57.71747,0.02401824705302715,-0.001771453221590491,0.5249164313077926,-60.28298,0.029402675898745657,-0.000729475895059295,0.5292784184217453,,,0.95,0.9,both,1.3913551600408844,1.4051616411110028,0.8903848727013994,0.0,-89.50637,2390.44518910698,-57.71747
35,1784822488.526724,,8.0,,8.0,,6.0,,6.0,,10.0,,10.0,,1.0,,1.0,,4.0,,4.0,,2.0,,2.0,,5.0,,5.0,,8.0,,8.0,,8.427558362483978,,6.459219563752413,,9.820874743163586,,1.0991409739654046,,4.25054313079454,,2.199728836567374,,4.936555689884699,,8.5625,-0.378171443939209,-0.008906138886231929,0.160555049078539,1.5405186489224434,5767168,9672,2816,176,-43.639263,0.025791150197619572,0.0002505909389583394,0.4902924507856369,-71.42398,0.03660647332435474,0.0007080165887600742,0.4718357527628541,,,0.95,0.9,both,1.5064721111155872,1.4758963170468768,0.6029118048784675,0.0,-97.221954,2408.5902606627537,-43.639263
36,1784822557.135747,,8.0,,8.0,,6.0,,6.0,,10.0,,10.0,,1.0,,1.0,,4.0,,4.0,,2.0,,2.0,,5.0,,5.0,,8.0,,8.0,,7.065360549837351,,5.346613659989089,,9.33359955647029,,0.6869900105521083,,3.6866735252551734,,1.6587373339571059,,4.647036548703909,,7.3125,-0.031984031200408936,0.0007729089120402932,0.10691393888555467,1.5487453565001488,5931008,9898,2896,181,-51.809956,0.02138091010856442,0.0009816766905714758,0.3869884338229895,-82.00017,0.022950918244896458,0.00043914949928876014,0.4061041438952088,,,0.95,0.9,both,1.6199515658771575,1.34583426736627,0.9659761321079718,0.0,-70.16461,2388.021223574507,-51.809956
37,1784822627.2177753,,8.0,,8.0,,6.0,,6.0,,10.0,,10.0,,1.0,,1.0,,4.0,,4.0,,2.0,,2.0,,5.0,,5.0,,8.0,,8.0,,7.659775711596012,,5.440157698933035,,9.450463319662958,,0.9458315726369619,,3.824673400260508,,1.8619739172863774,,4.711392840370536,,7.8125,-0.4902668595314026,-0.010580788890365511,0.15493128751404583,1.5549408085644245,6094848,10129,2976,186,-46.196102,0.017258589249104263,0.0003522224455082323,0.2834350837394595,-70.76481,0.028838403744157404,-0.0003572098852600902,0.3380654904991388,,,0.95,0.9,both,1.546608294449936,1.3721474841085899,0.9130566677349496,0.0,-65.42436,2337.8317664402766,-46.196102
38,1784822698.6753962,,8.0,,8.0,,6.0,,6.0,,10.0,,10.0,,1.0,,1.0,,4.0,,4.0,,2.0,,2.0,,5.0,,5.0,,8.0,,8.0,,8.712564782239497,,6.58203474059701,,9.975518845196348,,1.3389075929298997,,4.405956286936998,,2.2956348718144,,4.952536460477859,,8.5625,-0.059568844735622406,-0.0008148226188495755,0.07959298091009259,1.54602687433362,6258688,10329,3056,191,-53.30877,0.02123095222050324,-0.0001688725606072694,0.1736344681121409,-72.79228,0.01829291445319541,-0.0005149797827471048,0.2239053406752646,,,0.95,0.9,both,1.455840029917919,1.4362645153885414,0.6951492345628101,0.0,-75.71499,2292.828578152353,-53.30877
39,1784822772.179544,,8.0,,8.0,,6.0,,6.0,,10.0,,10.0,,1.0,,1.0,,4.0,,4.0,,2.0,,2.0,,5.0,,5.0,,8.0,,8.0,,7.552149182185531,,5.8106357720680535,,9.581650181673467,,0.8916487926617265,,3.7798254053341225,,1.7991724461317062,,4.669675750657916,,7.9375,-0.26166635751724243,0.00013658549869433045,0.04794286680407822,1.5444099642336369,6422528,10570,3136,196,-52.052795,0.02558333460474387,-0.0002418799907900393,0.09977559596300126,-76.235405,0.01771731111803092,-0.0010583884810330345,0.13328601345419883,,,0.95,0.9,both,1.6336601638862067,1.315278322969391,0.6337082937367366,0.0,-69.03728,2228.989333890981,-52.052795
40,1784822841.5632594,,8.0,,8.0,,6.0,,6.0,,10.0,,10.0,,1.0,,1.0,,4.0,,4.0,,2.0,,2.0,,5.0,,5.0,,8.0,,8.0,,8.26130265154643,,6.220484034158289,,9.819112202734686,,1.1904737669974566,,4.1619419500930235,,2.362155085429549,,4.940308315679431,,8.5625,-0.11981917172670364,-0.0012656503822654486,0.08446756238117814,1.5552203990519047,6586368,10774,3216,201,-36.096596,0.01836064481176436,0.001290623920795042,0.03157183900475502,-59.64554,0.008984830204281025,7.141231253626756e-05,0.00324694886803627,,,0.95,0.9,both,1.7027167992980807,1.5769550472813898,0.9278092522448323,0.0,-58.075123,2361.35920921987,-36.096596
41,1784822911.120694,,8.0,,8.0,,6.0,,6.0,,10.0,,10.0,,1.0,,1.0,,4.0,,4.0,,2.0,,2.0,,5.0,,5.0,,8.0,,8.0,,7.771601641201414,,5.5876787467859685,,9.349396469071507,,0.952227815927472,,3.833173061721027,,1.8069429718889296,,4.6443538730964065,,7.5625,-0.30234295129776,-0.003987546137068421,0.11821337079163641,1.5603683292865753,6750208,11007,3296,206,-55.903526,0.02761816653655842,-0.00026674310793168844,-0.028283945471048354,-69.08665,0.02563128842157312,0.0008578082437452394,-0.02820157930254936,,,0.95,0.9,both,1.6237417085246648,1.4816269201449745,0.6763460800610541,0.0,-54.59789,2355.4648408908647,-55.903526
42,1784822981.14718,,8.0,,8.0,,6.0,,6.0,,10.0,,10.0,,1.0,,1.0,,4.0,,4.0,,2.0,,2.0,,5.0,,5.0,,8.0,,8.0,,8.130693814717233,,6.238366132136434,,9.812426121905446,,1.1001400952227414,,4.186713489238173,,2.1232035460416228,,4.939267149660736,,8.375,-0.3403673768043518,-0.013775138009805232,0.0776923035737127,1.5676988437771797,6914048,11242,3376,211,-10.186191,0.016407369164517148,0.0007715941144851967,-0.07270748242735862,-63.027325,0.018744188110576942,0.0008750074950512499,-0.09134610295295716,,,0.95,0.9,both,1.6585982070051295,1.6315231194998332,0.8240226055560904,0.0,-68.194786,2339.685939466057,-10.186191
43,1784823051.9355621,,8.0,,8.0,,6.0,,6.0,,10.0,,10.0,,1.0,,1.0,,4.0,,4.0,,2.0,,2.0,,5.0,,5.0,,8.0,,8.0,,7.882261086720973,,5.625861162319779,,9.431806495413184,,0.9524137802654877,,3.887642233108636,,1.911653870367445,,4.846468489384279,,7.5625,-0.2922087609767914,-0.003771314979530871,0.17003078619018197,1.5666983984410763,7077888,11443,3456,216,-34.52424,0.013861235478543676,0.001375148826627992,-0.12311573550105095,-76.03517,0.027669331879587845,0.0012878346838988363,-0.16842633243650199,,,0.95,0.9,both,1.7633680777188059,1.7584221747164066,0.8015710031757031,0.0,-37.575935,2314.504257057358,-34.52424
44,1784823121.5950177,,8.0,,8.0,,6.0,,6.0,,10.0,,10.0,,1.0,,1.0,,4.0,,4.0,,2.0,,2.0,,5.0,,5.0,,8.0,,8.0,,8.283403851790354,,6.501751681789756,,9.988729869946837,,1.1887384807923809,,4.365516082383692,,2.2472874132799916,,4.894041648134589,,8.5625,-0.08058196306228638,-0.011440641188528389,0.12086308933794498,1.5772830955684185,7241728,11623,3536,221,-40.948044,0.015362771120271646,0.0006972763105295599,-0.22383924536406993,-51.055374,0.010733578522922472,-0.00010672807329683564,-0.23600770775228738,,,0.95,0.9,both,1.6977546142183495,1.4577387568177111,0.6966434508680817,0.0,-44.518757,2352.0138839852043,-40.948044
45,1784823191.8844373,,8.0,,8.0,,6.0,,6.0,,10.0,,10.0,,1.0,,1.0,,4.0,,4.0,,2.0,,2.0,,5.0,,5.0,,8.0,,8.0,,7.329722661525011,,5.498655887320638,,9.205735029652715,,0.725738448323682,,3.731742194853723,,1.7456822749809362,,4.688491404987872,,7.4375,-0.07881607115268707,-0.0005228862864896655,0.050465943408198655,1.5824489071965218,7405568,11799,3616,226,-30.560266,0.011446787271415815,-1.97510322323069e-05,-0.3206217043101788,-54.2937,0.016728271933970973,0.001239635219826596,-0.3031264204531908,,,0.95,0.9,both,1.6698292740342506,1.5898065837756845,0.7119622771356868,0.0,-58.181835,2330.934230013644,-30.560266
46,1784823261.0869973,,8.0,,8.0,,6.0,,6.0,,10.0,,10.0,,1.0,,1.0,,4.0,,4.0,,2.0,,2.0,,5.0,,5.0,,8.0,,8.0,,8.007257129997015,,5.729266139212996,,9.472791298292577,,0.8596725090174004,,3.8874241896919557,,1.9708167579810834,,4.712401780998334,,7.8125,-0.1410188376903534,-0.0021146960207261145,0.07793637941358611,1.5900213904678822,7569408,11988,3696,231,-31.750275,0.01400272386672441,-8.50513475597836e-05,-0.37460456434637307,-55.06316,0.011563692605705,-0.001041227326641092,-0.3728260645642877,,,0.95,0.9,both,1.6109183741892081,1.6587324641115462,0.5368820083999715,0.0,-68.78874,2367.5421006038914,-31.750275
47,1784823330.944364,,8.0,,8.0,,6.0,,6.0,,10.0,,10.0,,1.0,,1.0,,4.0,,4.0,,2.0,,2.0,,5.0,,5.0,,8.0,,8.0,,7.592327244288754,,5.82736854813993,,9.742295457515866,,0.9637330239638686,,3.731121698045172,,1.831694242078811,,4.825130592100322,,7.625,-0.5161250233650208,0.0007791228126734495,0.07670722983311862,1.5891293287277222,7733248,12194,3776,236,-5.5869756,0.015511445072479545,0.0004482913456740789,-0.43354140426963567,-67.679054,0.019722049322444944,0.00148014631413389,-0.4138071108609438,,,0.95,0.9,both,1.6887184606081411,1.7926015916490297,0.9132863592872064,0.0,-59.19817,2345.353407897393,-5.5869756
48,1784823402.9117625,,8.0,,8.0,,6.0,,6.0,,10.0,,10.0,,1.0,,1.0,,4.0,,4.0,,2.0,,2.0,,5.0,,5.0,,8.0,,8.0,,8.175570644554682,,6.055143494158983,,9.736187765432987,,1.0402533737942576,,4.042466127779335,,2.076517866924405,,4.848094318062067,,8.125,-0.4766426384449005,-0.005893810710404068,0.07109617535024881,1.5919238477945328,7897088,12418,3856,241,-5.34686,0.006694644496019464,0.0014670204611320515,-0.5183865737169981,-50.015038,0.014647731184959411,0.00032859571438166314,-0.4765904903411865,,,0.95,0.9,both,1.904949241440575,1.419788580476835,0.777986042333248,0.0,-57.975872,2276.584140901835,-5.34686
49,1784823475.2722964,,8.0,,8.0,,6.0,,6.0,,10.0,,10.0,,1.0,,1.0,,4.0,,4.0,,2.0,,2.0,,5.0,,5.0,,8.0,,8.0,,8.484966433839872,,6.606708032777533,,9.930796519853175,,1.1985687194392085,,4.156278814189136,,2.3412190061062574,,4.957117103040218,,8.25,-0.6978967189788818,-0.004292796133086085,0.07569531677290797,1.596718244254589,8060928,12632,3936,246,-20.897179,0.010325252645998262,0.0013232154175057075,-0.602846185490489,-74.86052,0.023355478915618733,0.0008971967763500288,-0.5403887789696455,,,0.95,0.9,both,2.0623647946322654,1.6808660095775623,0.7651642430916294,0.0,-20.458218,2264.2172290627727,-20.897179
50,1784823545.9481456,,8.0,,8.0,,6.0,,6.0,,10.0,,10.0,,1.0,,1.0,,4.0,,4.0,,2.0,,2.0,,5.0,,5.0,,8.0,,8.0,,7.717713861726224,,5.917356594582088,,9.620917376829311,,0.9153180960565805,,3.884663397911936,,1.8501305365934968,,4.814100557938218,,7.9375,-0.7638489007949829,-0.0022999297361820936,0.16020520380698144,1.588634092360735,8224768,12816,4016,251,-15.0744705,0.008439235291734803,0.0005135115861776285,-0.670723720267415,-74.40313,0.02571870973915793,0.000567909752135165,-0.590198427811265,,,0.95,0.9,both,1.9298564502272932,1.7216650152101516,1.2374095389212507,0.0,-55.841026,2318.189275679499,-15.0744705
51,1784823616.8022327,,8.0,,8.0,,6.0,,6.0,,10.0,,10.0,,1.0,,1.0,,4.0,,4.0,,2.0,,2.0,,5.0,,5.0,,8.0,,8.0,,7.984042890369892,,6.046548855025321,,9.825687167176511,,0.9737405898049474,,3.983155847992748,,2.0936917513608932,,4.903045447077602,,8.0625,-0.332475483417511,-0.0014392861630767584,0.07648729311767966,1.589603267610073,8388608,12987,4096,256,-37.52767,0.011410582889220677,0.0011218045197892933,-0.7531605895608664,-43.22327,0.012883632411831058,0.0012087685412552674,-0.6844911232590676,,,0.95,0.9,both,1.8622392444720297,1.6688905223701578,0.786468681013575,0.0,-60.601784,2312.357617945142,-37.52767
52,1784823687.7129729,,8.0,,8.0,,6.0,,6.0,,10.0,,10.0,,1.0,,1.0,,4.0,,4.0,,2.0,,2.0,,5.0,,5.0,,8.0,,8.0,,8.771645989269018,,6.705489756714087,,9.905402843782213,,1.197373291477561,,4.389084866270423,,2.3345936009427533,,4.966619142331183,,8.5625,-0.48087647557258606,-0.005998836481012404,0.09924785769544542,1.5844478122889996,8552448,13187,4176,261,-20.859337,0.01054523178609088,0.0004937699603033252,-0.8220972009003162,-50.406822,0.025395994912832974,0.0005211273237364367,-0.7321268275380135,,,0.95,0.9,both,1.870363286146387,1.7480991065623328,0.9760844260455557,0.0,-85.39087,2310.5104320223386,-20.859337
53,1784823757.8804045,,8.0,,8.0,,6.0,,6.0,,10.0,,10.0,,1.0,,1.0,,4.0,,4.0,,2.0,,2.0,,5.0,,5.0,,8.0,,8.0,,7.410061916336417,,5.699735043337569,,9.37781985476613,,0.7897101166890934,,3.7559952652081847,,1.7216067886329256,,4.697454698383808,,7.6875,-0.1976969838142395,-0.012179001671029255,0.0389471945236437,1.5846584811806679,8716288,13373,4256,266,-54.98345,0.01535979392065201,0.0006125764324679039,-0.8213491883128882,-70.51177,0.015569673653226345,-0.00010627030133036897,-0.7881652295589447,,,0.95,0.9,both,2.026976137846714,1.7383420301314356,0.7398059737731542,0.0,-68.989334,2334.9866492667215,-54.98345
54,1784823827.5080194,,8.0,,8.0,,6.0,,6.0,,10.0,,10.0,,1.0,,1.0,,4.0,,4.0,,2.0,,2.0,,5.0,,5.0,,8.0,,8.0,,7.828101905994117,,6.180918004363775,,9.725730918813497,,1.0448343795724213,,3.964816592633724,,2.0353073889855295,,4.7673696503043175,,7.875,-0.5663740634918213,-0.0067986585781909525,0.1857623199466616,1.5799874067306519,8880128,13561,4336,271,-13.315641,0.009371007612207905,0.0005431278666947037,-0.8735137600451708,-72.70044,0.04106147617567331,0.0011038484721211717,-0.8744938001036644,,,0.95,0.9,both,1.9397248830680602,1.7777330259940904,0.5609511027550614,0.0,-68.54398,2353.0893236383704,-13.315641
55,1784823897.6255703,,8.0,,8.0,,6.0,,6.0,,10.0,,10.0,,1.0,,1.0,,4.0,,4.0,,2.0,,2.0,,5.0,,5.0,,8.0,,8.0,,7.637949425727129,,5.4834039214329096,,9.626565447077155,,1.0090140481479466,,3.905492460122332,,2.015471512451768,,4.851974189747125,,7.75,-0.4171948730945587,0.00043932697735726833,0.054146338952705264,1.5792139805853367,9043968,13767,4416,276,-8.901049,0.01056063042487949,0.0002813482795318123,-0.8974028524011374,-60.09375,0.02067216449067928,0.0005616250986349769,-0.8679541163146496,,,0.95,0.9,both,1.7704345548874052,1.8027561894089081,0.6917583723727818,0.0,-46.355095,2336.647579042507,-8.901049
56,1784823965.5845125,,8.0,,8.0,,6.0,,6.0,,10.0,,10.0,,1.0,,1.0,,4.0,,4.0,,2.0,,2.0,,5.0,,5.0,,8.0,,8.0,,8.714077823795378,,6.917778715491295,,10.0,,1.4510676823556423,,4.191306966473348,,2.383244226220995,,4.967446484602988,,8.8125,-0.3605911433696747,-0.00021090754307806492,0.07175218092743307,1.5850351341068745,9207808,13938,4496,281,-31.574152,0.01518230547371786,-0.00013999055881868115,-0.9583111297339201,-47.762005,0.005360230065707583,0.0006719113633153028,-0.9126304131001234,,,0.95,0.9,both,1.7525182595414606,1.9567562584795462,0.5742216097469574,0.0,-67.45155,2410.866593855875,-31.574152
57,1784824033.1808276,,8.0,,8.0,,6.0,,6.0,,10.0,,10.0,,1.0,,1.0,,4.0,,4.0,,2.0,,2.0,,5.0,,5.0,,8.0,,8.0,,8.602937974617817,,6.744673870503902,,9.985536228865385,,1.1074180752038956,,4.047832981799729,,2.2547753071412444,,4.9074646551162004,,8.375,-0.4432736933231354,0.0002508974866941571,0.07270079699810594,1.596470057964325,9371648,14136,4576,286,-23.330233,0.013279796260758304,0.00032914723997237163,-0.9903738144785166,-53.541695,0.023110308998730032,0.0009819242550292984,-0.9603405207395553,,,0.95,0.9,both,1.7457881833392803,1.9050923288070407,0.8194060974257772,0.0,-56.773865,2423.800874637246,-23.330233
58,1784824098.9053214,,8.0,,8.0,,6.0,,6.0,,10.0,,10.0,,1.0,,1.0,,4.0,,4.0,,2.0,,2.0,,5.0,,5.0,,8.0,,8.0,,7.920584514271468,,6.427834804635495,,9.693797113373876,,1.1019861468230374,,4.082537243841216,,2.0765541946166195,,4.818381863646209,,7.875,-0.27967217564582825,-0.0015001000720076263,0.05884366628015414,1.5922408737242222,9535488,14335,4656,291,-13.509277,0.01033502652135212,0.00142031651630532,-1.025601115077734,-52.87696,0.008693653695809189,0.00021080933074699715,-1.016548317670822,,,0.95,0.9,both,2.2468479053384773,1.8745159936390619,0.6528313866576982,0.0,-63.20995,2492.8306647294075,-13.509277
59,1784824169.867587,,8.0,,8.0,,6.0,,6.0,,10.0,,10.0,,1.0,,1.0,,4.0,,4.0,,2.0,,2.0,,5.0,,5.0,,8.0,,8.0,,7.801013048738241,,5.493939609266818,,9.490665776189417,,0.8663924287538975,,3.8358037687139586,,1.8434025736059994,,4.779110698029399,,7.75,-0.6825100779533386,-0.002962457307148725,0.2355141129810363,1.6013729870319366,9699328,14531,4736,296,-24.818684,0.01027832983818371,-0.00061558528104797,-1.088274348527193,-65.4632,0.027978918817825615,0.0016035216613090597,-1.0534641444683075,,,0.95,0.9,both,1.9882516471360234,1.9383925067908376,0.765610210453343,0.0,-33.808056,2308.83306721473,-24.818684
60,1784824241.030567,,8.0,,8.0,,6.0,,6.0,,10.0,,10.0,,1.0,,1.0,,4.0,,4.0,,2.0,,2.0,,5.0,,5.0,,8.0,,8.0,,7.5880907801911235,,5.507191473385319,,9.32408344745636,,0.888220462249592,,3.6401221309788525,,1.6882501216605306,,4.690793616231531,,7.375,-0.9682788252830505,0.0022115004248917103,0.3902607592754066,1.6099675707519054,9863168,14743,4816,301,-7.4971833,0.01237879463878926,0.0010402761588920839,-1.1089865565299988,-39.75924,0.03576463519129902,0.001042017374857096,-1.0832674771547317,,,0.95,0.9,both,2.094670222618486,1.9458051363114541,0.832111783496208,0.0,-43.08469,2302.3202716724354,-7.4971833
61,1784824306.720185,,8.0,,8.0,,6.0,,6.0,,10.0,,10.0,,1.0,,1.0,,4.0,,4.0,,2.0,,2.0,,5.0,,5.0,,8.0,,8.0,,8.528037219075486,,6.407596746925265,,9.932666439563036,,1.1841938439756632,,4.309557016613326,,2.188134799944237,,4.933294739807025,,8.5,-0.9472343921661377,-0.003703194495756179,0.37026670714840293,1.6279697120189667,10027008,14968,4896,306,-7.50001,0.014177698610001243,0.0015382759534986689,-1.1687806606292725,-66.82526,0.03980764623265713,0.001258418288489338,-1.1242990247905253,,,0.95,0.9,both,1.873487032798191,2.086989543850007,0.6084618171081368,0.0,-62.675568,2494.1538309137504,-7.50001
62,1784824374.1698582,,8.0,,8.0,,6.0,,6.0,,10.0,,10.0,,1.0,,1.0,,4.0,,4.0,,2.0,,2.0,,5.0,,5.0,,8.0,,8.0,,7.702005011611618,,5.666282284073532,,9.379103999584913,,0.9060261838021688,,3.7709596374916146,,1.7302248496562243,,4.742241813626606,,7.375,-0.6066046953201294,-0.003944539115764201,0.20272592548280954,1.6363753266632557,10190848,15196,4976,311,-3.3291416,0.008705549259320832,0.0007573033712105825,-1.2160499073565005,-67.69035,0.02433227050350979,-0.00012417815960361623,-1.1563665643334389,,,0.95,0.9,both,2.0724857387520137,1.9402636021120194,0.5986071435431531,0.0,-27.285416,2429.0701507771278,-3.3291416
63,1784824441.9677386,,8.0,,8.0,,6.0,,6.0,,10.0,,10.0,,1.0,,1.0,,4.0,,4.0,,2.0,,2.0,,5.0,,5.0,,8.0,,8.0,,8.154976149788126,,5.98321389965713,,9.618682293687016,,0.9062623609788716,,3.8120947640854865,,1.8968355334363878,,4.764777820557356,,7.625,-0.23325902223587036,-0.0005064502474851906,0.04467988444957882,1.6281012408435345,10354688,15407,5056,316,-23.784052,0.01437256507051643,0.0015649925931938923,-1.2166798107326031,-44.375725,0.010545529748196714,0.0008042282803216949,-1.1717486344277859,,,0.95,0.9,both,2.362249644004394,1.9051350551196158,0.5922335494017479,0.0,-43.943787,2416.595660933628,-23.784052
64,1784824510.2719188,,8.0,,8.0,,6.0,,6.0,,10.0,,10.0,,1.0,,1.0,,4.0,,4.0,,2.0,,2.0,,5.0,,5.0,,8.0,,8.0,,7.9781076037324965,,6.052853349130601,,9.652365244925022,,0.9905258292565122,,3.9855691661359742,,2.03001075447537,,4.812416214495897,,8.0,-0.4510069489479065,0.0008854307234287262,0.11959960678359494,1.6269891671836376,10518528,15648,5136,321,-16.17679,0.012773516422021203,0.0007570503737952094,-1.2369116753339768,-64.09657,0.01839992750901729,-0.00019803173490799962,-1.1750920094549655,,,0.95,0.9,both,2.2219111255181114,1.9140054759804486,0.5567531297768566,0.0,-40.315662,2398.6811359971216,-16.17679
65,1784824575.3570707,,8.0,,8.0,,6.0,,6.0,,10.0,,10.0,,1.0,,1.0,,4.0,,4.0,,2.0,,2.0,,5.0,,5.0,,8.0,,8.0,,8.033455221157055,,6.227205525152385,,9.783393453806639,,1.0434988010674715,,4.12709088640986,,2.1518868876155466,,4.869921343401074,,8.25,-0.5283023118972778,-0.008422402897849679,0.12175844889134169,1.631594032049179,10682368,15839,5216,326,0.49761105,0.007095322239911184,3.0466128737316468e-05,-1.265819823741913,-41.87986,0.012609831415466033,0.0008750790293561295,-1.255316835641861,,,0.95,0.9,both,2.116690822876368,2.2090390156820963,0.6659303802959862,0.0,-46.82147,2517.3175530425356,0.49761105
66,1784824642.7996728,,8.0,,8.0,,6.0,,6.0,,10.0,,10.0,,1.0,,1.0,,4.0,,4.0,,2.0,,2.0,,5.0,,5.0,,8.0,,8.0,,7.512959876912646,,5.2803722022799775,,9.49339336482808,,0.8383849946403643,,3.779141560662538,,1.9100732416845858,,4.645348217338324,,7.6875,-0.9177410006523132,-0.005899293930269778,0.27705179527401924,1.6263368278741837,10846208,16063,5296,331,-9.816172,0.012731631757924333,0.0002403699400019832,-1.2751003608107567,-78.74576,0.040821449237409976,0.0011067811108659952,-1.2699506081640721,,,0.95,0.9,both,2.142907575262515,2.0489104192771057,0.7290109914978096,0.0,-35.569305,2429.3253400696103,-9.816172
67,1784824709.6029696,,8.0,,8.0,,6.0,,6.0,,10.0,,10.0,,1.0,,1.0,,4.0,,4.0,,2.0,,2.0,,5.0,,5.0,,8.0,,8.0,,8.207882751245052,,5.557125476188958,,9.740896227769554,,1.1393283329089172,,3.9835063165519387,,1.9812975656241179,,4.758281219750643,,8.0,-0.45315903425216675,-0.00526894407812506,0.11421853769570589,1.6265676952898502,11010048,16326,5376,336,-15.876201,0.011574308382114396,0.0007522528707340825,-1.3043163530528545,-43.99604,0.01528290329151787,-0.00014194384348229506,-1.284944400936365,,,0.95,0.9,both,2.2465840596070548,2.1220481852636413,0.6635020051553278,0.0,-37.488556,2452.5736141974635,-15.876201
68,1784824775.8047378,,8.0,,8.0,,6.0,,6.0,,10.0,,10.0,,1.0,,1.0,,4.0,,4.0,,2.0,,2.0,,5.0,,5.0,,8.0,,8.0,,8.142566727299709,,5.999564891681075,,9.695889990776777,,0.9394816076382995,,4.030595636693761,,2.1287328030448407,,4.897528369445354,,8.0625,-1.087184190750122,0.0003358004614710808,0.5405927477404475,1.6280860863626003,11173888,16546,5456,341,-2.4140918,0.013091000632266514,0.0018294769964995795,-1.3139382399618627,-56.953747,0.05010938511695713,0.001301086207968183,-1.3017785161733628,,,0.95,0.9,both,2.221731767928481,2.1592127358632416,0.6387013318215725,0.0,-50.042355,2474.857959865297,-2.4140918
69,1784824843.4670007,,8.0,,8.0,,6.0,,6.0,,10.0,,10.0,,1.0,,1.0,,4.0,,4.0,,2.0,,2.0,,5.0,,5.0,,8.0,,8.0,,8.020476332632825,,6.061133238719776,,9.782269482500851,,1.152008083416149,,3.9467640705406666,,1.9589162362972274,,4.827108067926019,,8.25,-0.47397541999816895,-0.004817327891942114,0.0670418068766594,1.634542003273964,11337728,16770,5536,346,-4.4856615,0.014252199430484325,0.0014980595326051116,-1.3795877233147622,-44.053234,0.017644648544956,0.001914312030567089,-1.3389324761927128,,,0.95,0.9,both,2.345754377623664,2.1288772636710354,0.6143323940741052,0.0,-50.352776,2421.438422804631,-4.4856615
70,1784824911.7038603,,8.0,,8.0,,6.0,,6.0,,10.0,,10.0,,1.0,,1.0,,4.0,,4.0,,2.0,,2.0,,5.0,,5.0,,8.0,,8.0,,8.29478938691318,,6.200248364824802,,9.80419213604182,,1.1164018181734718,,4.109528145752847,,2.0494159314403078,,4.8686877130530775,,8.0,-0.5992537140846252,-0.009464086702791974,0.09235729824285954,1.6365621238946915,11501568,16978,5616,351,-14.435346,0.014235405292129143,0.0019855537510011347,-1.4102973245084285,-41.529823,0.016101335635175927,0.0007006146144703962,-1.35268591940403,,,0.95,0.9,both,2.270226393383914,1.838266468348054,0.7080721840158593,0.0,-21.829315,2401.048366371897,-14.435346
71,1784824979.0308688,,8.0,,8.0,,6.0,,6.0,,10.0,,10.0,,1.0,,1.0,,4.0,,4.0,,2.0,,2.0,,5.0,,5.0,,8.0,,8.0,,7.939395442896057,,5.819346708245575,,9.816277926322073,,1.0069521171826636,,4.015055696712807,,1.9175101217115298,,4.882384155411273,,8.1875,-0.5167564153671265,-0.0021633750875480473,0.21174223127309233,1.6404317133128643,11665408,17197,5696,356,-1.2541497,0.01345779729890637,0.001859029235492926,-1.4114992283284664,-63.542347,0.03152675286401063,0.001831357971241232,-1.4096360847353935,,,0.95,0.9,both,2.1122146655012632,2.1741663080059928,0.5613875346838737,0.0,-30.52587,2433.496518458393,-1.2541497
72,1784825044.4643228,,8.0,,8.0,,6.0,,6.0,,10.0,,10.0,,1.0,,1.0,,4.0,,4.0,,2.0,,2.0,,5.0,,5.0,,8.0,,8.0,,7.983253345824778,,6.177308083046228,,9.787817304953933,,1.1288766473298892,,4.032317396369763,,2.114491618704051,,4.886201937682927,,8.0,-0.6503963470458984,-0.0006484835757873952,0.2907996838912368,1.6374515891075134,11829248,17415,5776,361,-8.144961,0.013235698023345321,0.0010598625041893684,-1.4476600646972657,-51.5579,0.036520904756616804,0.0008627589868410723,-1.4478908769786358,,,0.95,0.9,both,2.1169589430390117,2.092022204077763,0.5627458130419113,0.0,-58.890038,2503.916660972174,-8.144961
73,1784825111.0882046,,8.0,,8.0,,6.0,,6.0,,10.0,,10.0,,1.0,,1.0,,4.0,,4.0,,2.0,,2.0,,5.0,,5.0,,8.0,,8.0,,7.8826657419558614,,5.480345638468862,,9.502930802758783,,0.9658795669674873,,3.7723611427936703,,1.8519202172756195,,4.759392152540386,,7.4375,-0.65538090467453,-0.0022862955229356885,0.16836378106381744,1.6361281834542751,11993088,17622,5856,366,-0.06526432,0.008940479293232783,0.0010960540013911669,-1.4819589309394359,-52.71707,0.03605225961655378,0.0012933317171700764,-1.475890003889799,,,0.95,0.9,both,2.209030299750659,2.404534881385247,0.6409535160517101,0.0,-36.210857,2459.179723973454,-0.06526432
74,1784825177.0108585,,8.0,,8.0,,6.0,,6.0,,10.0,,10.0,,1.0,,1.0,,4.0,,4.0,,2.0,,2.0,,5.0,,5.0,,8.0,,8.0,,7.872598354006186,,5.430152770131826,,9.444491504691541,,1.0229867256712168,,3.932377301622182,,1.9504613690078259,,4.83126780577004,,8.0,-0.5929264426231384,-0.012466504645999521,0.23977396171540022,1.6356792077422142,12156928,17837,5936,371,10.582506,0.008854957512812688,0.0006133836068329401,-1.5106278009712697,-49.106544,0.031987008464057,0.0018388710464932955,-1.5248446442186832,,,0.95,0.9,both,1.9053219804152675,2.413123469095131,0.5904446104418346,0.0,-48.479816,2485.3358631697574,10.582506
75,1784825242.8031166,,8.0,,8.0,,6.0,,6.0,,10.0,,10.0,,1.0,,1.0,,4.0,,4.0,,2.0,,2.0,,5.0,,5.0,,8.0,,8.0,,8.377850115270121,,6.224412864074111,,9.837565468624234,,1.194437232799828,,4.221077851951122,,2.1643302622251213,,4.806545734172687,,8.1875,-0.3642086386680603,8.035782957449555e-05,0.16601631697267294,1.6295728236436844,12320768,18042,6016,376,8.990858,0.014631929967436008,0.001748313193093054,-1.5485782481729984,-49.85381,0.025778959918534385,0.0024633293214719743,-1.5246831245720387,,,0.95,0.9,both,2.156548583610095,2.04289051518188,0.7357879969103357,0.0,-14.813016,2490.2626425459625,8.990858
76,1784825306.473436,,8.0,,8.0,,6.0,,6.0,,10.0,,10.0,,1.0,,1.0,,4.0,,4.0,,2.0,,2.0,,5.0,,5.0,,8.0,,8.0,,7.570564120076597,,5.490576647222042,,9.331130337202922,,0.8380457614548504,,3.700121694477275,,1.8657940750708804,,4.752310695126653,,7.75,-0.7423432469367981,-0.002152588393073529,0.1461221631616354,1.628298606723547,12484608,18229,6096,381,-5.8190536,0.009885626315372065,-0.00039488674810854717,-1.5835238583385944,-42.756657,0.025197229959303513,0.0019171374355209992,-1.5714808240532876,,,0.95,0.9,both,2.1586805505456454,2.1956666354825494,0.606934963403086,0.0,-45.5579,2573.2560066110327,-5.8190536
77,1784825372.724507,,8.0,,8.0,,6.0,,6.0,,10.0,,10.0,,1.0,,1.0,,4.0,,4.0,,2.0,,2.0,,5.0,,5.0,,8.0,,8.0,,7.181340863928199,,5.31947649596259,,9.129835603758693,,0.6730254392605275,,3.6129559862893075,,1.6237116430711467,,4.5949484603479505,,7.1875,-0.5322269201278687,-0.0007205677684396505,0.17221445590257645,1.6426071412861347,12648448,18441,6176,386,-1.2251402,0.013292406970867887,0.001654950887314044,-1.6187087707221508,-59.181915,0.030376241670455783,0.0004139935394050553,-1.6087279558181762,,,0.95,0.9,both,2.3162384359622736,2.302124981516264,0.5473714177820667,0.0,-26.022629,2473.017001010055,-1.2251402
78,1784825440.4305055,,8.0,,8.0,,6.0,,6.0,,10.0,,10.0,,1.0,,1.0,,4.0,,4.0,,2.0,,2.0,,5.0,,5.0,,8.0,,8.0,,8.177677742904052,,6.354264071211219,,9.625287133269012,,1.15052271890454,,4.081976459361613,,2.101167295128107,,4.885132304625586,,7.9375,-0.34603434801101685,-0.0005784606910310686,0.06448729190742597,1.6487194076180458,12812288,18625,6256,391,1.7626356,0.011161052863462828,0.0009299600518716033,-1.6764032632112502,-42.875587,0.01333256197103765,0.000490937117865542,-1.6846928603947162,,,0.95,0.9,both,2.2940644383432867,1.8459854007971281,0.5627671974469804,0.0,-19.470753,2419.8739876875115,1.7626356
79,1784825505.7403653,,8.0,,8.0,,6.0,,6.0,,10.0,,10.0,,1.0,,1.0,,4.0,,4.0,,2.0,,2.0,,5.0,,5.0,,8.0,,8.0,,8.134939905256033,,6.387248501087015,,9.847983219195157,,1.0602184186827799,,4.090396684128791,,2.1230951650068164,,4.882238541613333,,8.5625,-0.32848480343818665,-0.0048153341631405056,0.1077052520122379,1.6528093963861465,12976128,18843,6336,396,-39.685814,0.02344681430258788,0.0009931740583851933,-1.6949592426419258,-51.248726,0.021712710964493454,0.0008170710992999375,-1.716098041087389,,,0.95,0.9,both,2.39637471262677,2.187817738726806,0.5301772703994965,0.0,-26.797962,2508.6557785301666,-39.685814
80,1784825571.2338212,,8.0,,8.0,,6.0,,6.0,,10.0,,10.0,,1.0,,1.0,,4.0,,4.0,,2.0,,2.0,,5.0,,5.0,,8.0,,8.0,,8.859367745928466,,6.784325371263549,,10.0,,1.1990605099126697,,4.420166031923145,,2.3746090576751158,,4.914956252556294,,8.75,-0.45559775829315186,-0.00047546939458698034,0.08850689406972378,1.662261951714754,13139968,19075,6416,401,-34.99815,0.0230600249778945,0.0014792918227612972,-1.7348207965493203,-35.162804,0.012764308985788375,0.0008709966306923889,-1.7460818096995354,,,0.95,0.9,both,2.3130380925567335,2.2013982084780004,0.698715406231565,0.0,-38.171062,2501.6240532971715,-34.99815
81,1784825634.9939828,,8.0,,8.0,,6.0,,6.0,,10.0,,10.0,,1.0,,1.0,,4.0,,4.0,,2.0,,2.0,,5.0,,5.0,,8.0,,8.0,,7.527901434339583,,5.725685499142855,,9.412533122580498,,0.8338250103406608,,3.932979259174317,,1.7565373885445297,,4.778897096635774,,7.4375,-0.3990737497806549,0.0002881785621866584,0.25387737550772727,1.662166841328144,13303808,19331,6496,406,-28.147846,0.02316613385337405,0.0012478363038098904,-1.7434158392250538,-23.191328,0.03354984750039876,-8.046444854699075e-05,-1.7642090767621994,,,0.95,0.9,both,2.2015110967951097,2.313324403200572,0.9427508508725437,0.0,-54.35199,2569.628142820023,-28.147846
82,1784825700.0931678,,8.0,,8.0,,6.0,,6.0,,10.0,,10.0,,1.0,,1.0,,4.0,,4.0,,2.0,,2.0,,5.0,,5.0,,8.0,,8.0,,8.1507853474468,,5.733524184208363,,9.664055412635207,,0.9732061428949237,,3.953694273601286,,2.037776489625685,,4.892903551459312,,8.0625,-0.9353793263435364,-0.021721332450397313,0.3921921728178859,1.6636855117976665,13467648,19532,6576,411,-17.594507,0.01261442938412074,0.0008199951829737983,-1.7681745767593384,-73.91708,0.04049115392845124,0.0007181712819146924,-1.7828268364071846,,,0.95,0.9,both,2.239481544167855,2.275333702045187,0.8151175662437036,0.0,-23.663906,2516.776743679922,-17.594507
83,1784825765.0483203,,8.0,,8.0,,6.0,,6.0,,10.0,,10.0,,1.0,,1.0,,4.0,,4.0,,2.0,,2.0,,5.0,,5.0,,8.0,,8.0,,8.50640799710527,,6.613952080719173,,10.0,,1.2352230248507112,,4.414629990234971,,2.260404948377982,,4.936084326356649,,8.625,-0.2281980961561203,-0.004686764819780365,0.026430388737935573,1.6739792451262474,13631488,19729,6656,416,11.694534,0.009846075749373994,0.0009620266908314079,-1.7673449501395226,-29.614985,0.0076755490983487105,0.0018583624056191183,-1.8432499073445796,,,0.95,0.9,both,2.212786565641612,2.386614778233434,0.5295630207589731,0.0,-35.30357,2522.355464245557,11.694534
84,1784825831.382711,,8.0,,8.0,,6.0,,6.0,,10.0,,10.0,,1.0,,1.0,,4.0,,4.0,,2.0,,2.0,,5.0,,5.0,,8.0,,8.0,,7.248824346810579,,5.581438043154776,,9.39314784295857,,0.6391155943274498,,3.7925683055946138,,1.6274677640758455,,4.752587486058474,,7.625,-0.8680046200752258,-0.008495311602018774,0.47265913477167487,1.6725019179284573,13795328,19946,6736,421,-33.13309,0.01772579448588658,0.0011996162036666646,-1.8241960301995277,-49.682804,0.03138396266149357,0.001374147653405089,-1.825667465478182,,,0.95,0.9,both,2.1448585546167305,2.3262688515467445,0.5710275060319936,0.0,-35.337463,2469.9103745619395,-33.13309
85,1784825897.1658685,,8.0,,8.0,,6.0,,6.0,,10.0,,10.0,,1.0,,1.0,,4.0,,4.0,,2.0,,2.0,,5.0,,5.0,,8.0,,8.0,,7.949258679989725,,5.859959708992392,,9.841613430995494,,0.9857838250463828,,3.9489828697696794,,1.870206716004759,,4.766920477151871,,7.9375,-0.383317232131958,0.0005718079628422856,0.0851248677354306,1.684130359441042,13959168,20135,6816,426,-7.9679275,0.011202555987983942,0.001607565461017657,-1.861315030604601,-46.844765,0.012919463045545854,0.0015628946297510994,-1.8687366366386413,,,0.95,0.9,both,2.1777750385581007,2.2780766475852583,0.6284865441778423,0.0,-40.859573,2490.6076389626883,-7.9679275
86,1784825962.6944094,,8.0,,8.0,,6.0,,6.0,,10.0,,10.0,,1.0,,1.0,,4.0,,4.0,,2.0,,2.0,,5.0,,5.0,,8.0,,8.0,,7.843268988421187,,5.595047313719988,,9.729661811608821,,0.8771256553009152,,4.057020688953344,,2.0717423737514764,,4.872562348842621,,7.875,-0.7615693211555481,0.0001679207489360124,0.2535202135331929,1.6809884682297707,14123008,20327,6896,431,-12.131062,0.01308684769028332,0.0016867377547896468,-1.8815579421818256,-55.97341,0.02430386657360941,0.0011648571948171594,-1.8899286463856697,,,0.95,0.9,both,2.355814738943192,2.3836435518055974,1.0109987697743419,0.0,-30.829279,2500.28407707587,-12.131062
87,1784826027.795066,,8.0,,8.0,,6.0,,6.0,,10.0,,10.0,,1.0,,1.0,,4.0,,4.0,,2.0,,2.0,,5.0,,5.0,,8.0,,8.0,,7.465518389828503,,5.913593008182943,,9.537809736095369,,1.0352505160262808,,3.951256970874965,,1.7813852846156806,,4.799984456447419,,8.125,-0.3448033332824707,-0.009340595686808228,0.0807176074013114,1.6778929866850376,14286848,20508,6976,436,11.535974,0.007882019084354397,0.0002207985511631705,-1.898781695216894,-30.304464,0.01767653579299804,0.0014132719225017354,-1.9034417517483235,,,0.95,0.9,both,2.159800292985396,2.36535463841484,0.5597335127750401,0.0,-42.850266,2516.7178234828907,11.535974
88,1784826093.3582683,,8.0,,8.0,,6.0,,6.0,,10.0,,10.0,,1.0,,1.0,,4.0,,4.0,,2.0,,2.0,,5.0,,5.0,,8.0,,8.0,,8.043966277502477,,6.080085790134035,,9.540083337575197,,1.0102504137903452,,4.046044089423958,,1.9028705256059766,,4.9057135348411975,,8.0625,-0.3770660161972046,-0.005628714221529663,0.06576835562009364,1.6848213858902454,14450688,20742,7056,441,-31.01781,0.02216130408050958,0.0020607900019967928,-1.9087619677186012,-17.359297,0.004744134232169017,0.0006733302798238583,-1.9497727036476136,,,0.95,0.9,both,2.3642601640190692,2.435395087427692,0.6892592460643017,0.0,-37.21118,2498.9629526430667,-31.01781
89,1784826157.7636213,,8.0,,8.0,,6.0,,6.0,,10.0,,10.0,,1.0,,1.0,,4.0,,4.0,,2.0,,2.0,,5.0,,5.0,,8.0,,8.0,,8.206159935798496,,6.652121546445414,,9.76603232556954,,1.34336248843465,,4.311579180532135,,2.3156830770894885,,4.982066003372893,,8.75,-0.44290927052497864,-0.001071294624125585,0.05125245574163273,1.6799022257328033,14614528,20969,7136,446,-26.40268,0.02112207267782651,0.0011422289979236666,-1.9229113042354584,-64.853134,0.021888627391308545,0.002062692728941329,-1.9282107882201671,,,0.95,0.9,both,2.32755388320105,2.43523146570197,0.42825273480364046,0.0,-52.10732,2543.8877907384767,-26.40268
90,1784826224.3333902,,8.0,,8.0,,6.0,,6.0,,10.0,,10.0,,1.0,,1.0,,4.0,,4.0,,2.0,,2.0,,5.0,,5.0,,8.0,,8.0,,7.753657177090645,,5.9366050767712295,,9.627127011306584,,0.9914625659584999,,4.054237781907432,,1.9399758614599705,,4.819650704506785,,7.9375,-0.7304768562316895,-0.020001839759061113,0.18344780954066664,1.6906155347824097,14778368,21205,7216,451,-25.875692,0.019780033524148165,-0.0002723226367379539,-1.9431331850588323,-56.121693,0.020638721087016164,-0.00106349254201632,-1.9674203388392926,,,0.95,0.9,both,2.200264155581305,2.050802341428267,0.46379752601145663,0.0,-23.455761,2461.1772939022567,-25.875692
91,1784826291.588489,,8.0,,8.0,,6.0,,6.0,,10.0,,10.0,,1.0,,1.0,,4.0,,4.0,,2.0,,2.0,,5.0,,5.0,,8.0,,8.0,,7.527046664617956,,5.323244089726359,,9.491058923304081,,0.7750133159570396,,3.656801384873688,,1.742189639247954,,4.674826909555122,,7.4375,-0.659501314163208,-0.002809413825161755,0.14529365790076554,1.7014214769005775,14942208,21420,7296,456,-19.222744,0.013712058309465647,0.0007727832227828913,-2.0118943631649016,-54.00172,0.03846553039038554,0.0004781787589308806,-1.9861665099859238,,,0.95,0.9,both,2.3124071933274855,2.3336061369219623,0.6541368653848338,0.0,-18.063633,2436.0983367137537,-19.222744
92,1784826356.8112352,,8.0,,8.0,,6.0,,6.0,,10.0,,10.0,,1.0,,1.0,,4.0,,4.0,,2.0,,2.0,,5.0,,5.0,,8.0,,8.0,,8.597025321796536,,6.631705054081976,,9.930200163275003,,1.3163487617857754,,4.418835508869961,,2.2970194974914193,,4.928679952863604,,8.8125,-0.19019155204296112,-1.0480842320248485e-05,0.05148650362389162,1.7067996561527252,15106048,21607,7376,461,-19.236626,0.015053213716601021,0.002320008020615205,-2.0143475040793417,-36.043404,0.014345731688081287,0.000575296649185475,-2.0041186943650247,,,0.95,0.9,both,2.3897730061207954,2.3107437556379984,0.4970595257659644,0.0,-21.62688,2512.0064644980903,-19.236626
93,1784826423.3638387,,8.0,,8.0,,6.0,,6.0,,10.0,,10.0,,1.0,,1.0,,4.0,,4.0,,2.0,,2.0,,5.0,,5.0,,8.0,,8.0,,7.846553948242217,,5.837409034371376,,9.584986948641017,,1.1260089839342982,,3.922250290866941,,1.8690478445787448,,4.788651286624372,,8.125,-0.8249814510345459,-0.002180368988774717,0.3064532221760601,1.7122977674007416,15269888,21860,7456,466,-18.564533,0.011730619345325977,0.0006959130623727106,-2.0616802111268044,-20.115093,0.022430567385163157,0.0006492407963378354,-2.059316189587116,,,0.95,0.9,both,2.278768923643753,2.310833200023901,0.4671986816275963,0.0,-28.373337,2461.813001585497,-18.564533
94,1784826493.2944906,,8.0,,8.0,,6.0,,6.0,,10.0,,10.0,,1.0,,1.0,,4.0,,4.0,,2.0,,2.0,,5.0,,5.0,,8.0,,8.0,,8.092834481038153,,5.866248917765915,,9.581571105634794,,1.142915444856044,,4.089620295213535,,2.04153865063563,,4.8479726244695485,,8.0625,-0.5252722501754761,0.00016567281272727996,0.29850532428827137,1.7140888385474682,15433728,22120,7536,471,-18.82595,0.01227944306738209,0.0006823355637607164,-2.062619060277939,-47.243263,0.031784525513648985,0.0014451088034547865,-2.104303057491779,,,0.95,0.9,both,2.430925686517249,2.5108082983610776,0.5126998519142683,0.0,-45.884567,2342.892010124599,-18.82595
95,1784826560.471539,,8.0,,8.0,,6.0,,6.0,,10.0,,10.0,,1.0,,1.0,,4.0,,4.0,,2.0,,2.0,,5.0,,5.0,,8.0,,8.0,,7.934220546856523,,6.3362506022676826,,9.79894629213959,,1.0809250341262668,,4.122795494506136,,2.0774157410487533,,4.764558494091034,,7.9375,-0.22998875379562378,-0.007968898222316056,0.1175762441707775,1.7216710187494755,15597568,22343,7616,476,-2.7776856,0.021403554105199875,0.0004316969119827263,-2.128080001473427,-36.7183,0.027207038778578864,0.0023588366406329443,-2.111356942355633,,,0.95,0.9,both,2.2453897851708633,2.3639529508808033,0.4984717483573335,0.0,-37.6802,2438.927893122945,-2.7776856
96,1784826627.5305295,,8.0,,8.0,,6.0,,6.0,,10.0,,10.0,,1.0,,1.0,,4.0,,4.0,,2.0,,2.0,,5.0,,5.0,,8.0,,8.0,,8.196073152357712,,6.008549386635423,,9.586758133023977,,1.0989865800365806,,4.051670765737072,,2.1898787412792444,,4.883747725281864,,8.0625,-0.2863689363002777,-0.0004246009048074484,0.08589941042009741,1.718635380268097,15761408,22573,7696,481,-9.425524,0.014580829910119063,0.00012008996709482745,-2.1635959699749945,-33.261616,0.022906008776044474,0.0007577807002235204,-2.150592641532421,,,0.95,0.9,both,2.1957706239871806,2.5448007109235986,0.46058141004578335,0.0,-15.161487,2443.2220049474704,-9.425524
97,1784826694.2770412,,8.0,,8.0,,6.0,,6.0,,10.0,,10.0,,1.0,,1.0,,4.0,,4.0,,2.0,,2.0,,5.0,,5.0,,8.0,,8.0,,7.960660138051026,,5.776340142561821,,9.662469990318641,,1.031789606437087,,3.988930960185826,,1.9789925809018314,,4.77932495623827,,8.0625,-0.4233763813972473,-0.019203799165552482,0.06487591238692403,1.71585713326931,15925248,22768,7776,486,24.046457,0.01159509530698415,0.0011560501021449453,-2.182594431936741,-37.274963,0.018535805452847852,0.0019620766157459,-2.2233165383338926,,,0.95,0.9,both,2.4078530623117578,2.5048271271157154,0.5161129417146981,0.0,-35.19268,2454.660188339175,24.046457
98,1784826760.5276198,,8.0,,8.0,,6.0,,6.0,,10.0,,10.0,,1.0,,1.0,,4.0,,4.0,,2.0,,2.0,,5.0,,5.0,,8.0,,8.0,,7.851418741978705,,5.746696773450822,,9.793882139027119,,1.0262308535166085,,4.196747691370547,,2.017069817520678,,4.785607419908047,,8.125,-0.9380483031272888,-0.007525287044700235,0.4656195994466543,1.7162780277431011,16089088,23007,7856,491,-0.16400547,0.012589487779769115,0.001816365568083711,-2.204081524908543,-66.18476,0.03588370118523017,-0.00011414920809329487,-2.20389616638422,,,0.95,0.9,both,2.2851856348623754,2.2856221438922075,0.5708740498387067,0.0,-34.465096,2473.0348921696855,-0.16400547
99,1784826826.5719652,,8.0,,8.0,,6.0,,6.0,,10.0,,10.0,,1.0,,1.0,,4.0,,4.0,,2.0,,2.0,,5.0,,5.0,,8.0,,8.0,,8.607155535486527,,6.377342929772567,,9.885616967454553,,1.288483846001327,,4.021845554932952,,2.2194246277213097,,4.901796318590641,,8.5625,-0.40491724014282227,-0.0033396179787814617,0.11881636048201472,1.7133503034710884,16252928,23186,7936,496,15.166906,0.010649574588751421,-0.00011357139446772635,-2.234971758723259,-28.479223,0.012687620226643048,0.0009298194665461779,-2.2558014541864395,,,0.95,0.9,both,2.3612442336198747,2.374889098682303,0.8106476102869009,0.0,-28.129553,2480.7573267814705,15.166906
100,1784826895.6102893,,8.0,,8.0,,6.0,,6.0,,10.0,,10.0,,1.0,,1.0,,4.0,,4.0,,2.0,,2.0,,5.0,,5.0,,8.0,,8.0,,7.669195257709362,,6.218379369442118,,9.577849814668298,,0.9250639210222289,,3.8258515908382833,,1.8760215905494988,,4.864752191817388,,8.0625,-0.20606845617294312,-0.0022514755837619305,0.04235809197416529,1.7124739028513432,16416768,23389,8016,501,-17.331083,0.01624908002850134,0.0011277602738118731,-2.2753041312098503,-28.441143,0.01565917387488298,0.001429561770055443,-2.272186940908432,,,0.95,0.9,both,2.256909359046902,2.416157065843152,0.4781009938085778,0.0,-22.565144,2373.1748223698564,-17.331083
101,1784826963.8979964,,8.0,,8.0,,6.0,,6.0,,10.0,,10.0,,1.0,,1.0,,4.0,,4.0,,2.0,,2.0,,5.0,,5.0,,8.0,,8.0,,8.535052098333836,,6.63117353990674,,9.927602942101657,,1.320915783639066,,4.360771943931468,,2.2423563359770924,,4.967982590198517,,8.5,-0.7451292276382446,-0.0009385071462020278,0.20393144839908928,1.7085123844444752,16580608,23581,8096,506,24.52334,0.009086278594622854,0.0021555587227339856,-2.309941364824772,-44.073902,0.026605284569086507,-0.0006771146712708287,-2.2790034398436547,,,0.95,0.9,both,2.518300601264582,2.2499786920387117,0.6508412828365633,0.0,-37.59276,2399.263023602121,24.52334
102,1784827034.5043104,,8.0,,8.0,,6.0,,6.0,,10.0,,10.0,,1.0,,1.0,,4.0,,4.0,,2.0,,2.0,,5.0,,5.0,,8.0,,8.0,,8.18833556107711,,5.979219530709088,,9.824084615334868,,1.039870131877251,,4.064200477208942,,2.169251040090785,,4.889535906142555,,8.125,-0.9345495104789734,-0.0002963950391858816,0.2427215981297195,1.7103519476950169,16744448,23789,8176,511,20.794819,0.009268719573447015,0.0006410658039385453,-2.3052568197250367,-38.95055,0.01499577793001663,0.0003847536994726397,-2.282905898988247,,,0.95,0.9,both,2.420512115586831,2.334359859221485,0.7656246140524896,0.0,-7.12287,2320.4723295729355,20.794819
103,1784827105.5722153,,8.0,,8.0,,6.0,,6.0,,10.0,,10.0,,1.0,,1.0,,4.0,,4.0,,2.0,,2.0,,5.0,,5.0,,8.0,,8.0,,8.228182589431526,,6.1671168794855475,,9.803913533687592,,1.1379196060588583,,4.216794738313183,,1.9985148654668592,,4.863175625912845,,8.25,-0.7231011986732483,-0.0009756208164617419,0.12260701740160584,1.713191594928503,16908288,24028,8256,516,14.897051,0.00995295175089268,0.0012894920131657273,-2.3351641252636908,-58.431385,0.015518751018680632,0.00023111376503948122,-2.326844480633736,,,0.95,0.9,both,2.3812249702104866,2.3738231596221566,0.4856410025670738,0.0,-11.415591,2305.40166461596,14.897051
104,1784827173.5955582,,8.0,,8.0,,6.0,,6.0,,10.0,,10.0,,1.0,,1.0,,4.0,,4.0,,2.0,,2.0,,5.0,,5.0,,8.0,,8.0,,7.714201694354415,,5.749940828420222,,9.523420512676239,,0.9326490041567013,,3.9779508197680116,,1.97461160828243,,4.831051489571109,,7.875,-0.6822363138198853,-0.0010302267619408667,0.24112426140345633,1.7191872894763947,17072128,24238,8336,521,9.787671,0.014481814179453068,0.0019091163514531218,-2.3785013064742087,-19.525711,0.019402118190191685,0.0011584010790102184,-2.346587873995304,,,0.95,0.9,both,2.7098414475664905,2.4450625280379783,0.4041353146366624,0.0,-47.433914,2408.5814140560296,9.787671
105,1784827243.8930802,,8.0,,8.0,,6.0,,6.0,,10.0,,10.0,,1.0,,1.0,,4.0,,4.0,,2.0,,2.0,,5.0,,5.0,,8.0,,8.0,,8.31309880129993,,6.405218482832424,,9.932437867857516,,1.0571826653322205,,4.180694731418043,,2.038127385545522,,4.894851739984006,,8.375,-0.3054174482822418,-0.00331689823360648,0.07206723757553846,1.714180875569582,17235968,24436,8416,526,19.849789,0.007218203914817423,0.0011720842128852382,-2.4055521160364153,-21.313585,0.01043107182777021,0.0009882628277409823,-2.3697062388062475,,,0.95,0.9,both,2.670971719992513,2.464600815911556,0.5290970318869074,0.0,-16.242638,2330.6654655029292,19.849789
106,1784827310.9877324,,8.0,,8.0,,6.0,,6.0,,10.0,,10.0,,1.0,,1.0,,4.0,,4.0,,2.0,,2.0,,5.0,,5.0,,8.0,,8.0,,7.829017207492143,,5.552894773893058,,9.308873919770122,,0.7285714254248887,,3.914639401715249,,1.8583457117492799,,4.73893678560853,,7.75,-0.8309910297393799,-0.003948056546505541,0.26226381794549525,1.7243074662983418,17399808,24623,8496,531,4.567912,0.008073285638238304,0.0010972546529956161,-2.4084514513611794,-38.131824,0.02119025806314312,0.0009475385195401032,-2.417940950393677,,,0.95,0.9,both,2.5609573616104107,2.3506680613675757,0.7062155568625859,0.0,-30.463634,2441.923303500233,4.567912
107,1784827377.8706315,,8.0,,8.0,,6.0,,6.0,,10.0,,10.0,,1.0,,1.0,,4.0,,4.0,,2.0,,2.0,,5.0,,5.0,,8.0,,8.0,,7.907682236516848,,5.8169165989384055,,9.587729835882783,,0.876251736888662,,4.005962370662019,,1.907273268327117,,4.793224251829088,,7.75,-0.6221210956573486,-0.0043172999285161495,0.20397649984806776,1.7224013172090054,17563648,24811,8576,536,-0.06395092,0.0134400312876096,0.0012267264610272832,-2.395373609662056,-17.208233,0.025557349884184077,0.0017478946334449573,-2.4268214225769045,,,0.95,0.9,both,2.5066058228824177,2.6261793215332276,0.5144238277275544,0.0,-15.603525,2449.654693780529,-0.06395092
108,1784827446.302738,,8.0,,8.0,,6.0,,6.0,,10.0,,10.0,,1.0,,1.0,,4.0,,4.0,,2.0,,2.0,,5.0,,5.0,,8.0,,8.0,,8.24948405433679,,6.006709817098454,,9.786162459757179,,1.0095204117242247,,4.156442828476429,,2.0149032939225435,,4.8439708994701505,,7.75,-1.3607769012451172,-0.007133816718123853,0.4852289012633264,1.7244813963770866,17727488,25022,8656,541,4.5082426,0.010929700845736079,0.0015900880556728226,-2.438876123726368,-48.051476,0.04170007165521383,0.0005941998766502366,-2.431317348778248,,,0.95,0.9,both,2.3945710500221864,2.6169215201380647,0.5329898909153643,0.0,-26.159336,2394.1977065157957,4.5082426
109,1784827511.9021816,,8.0,,8.0,,6.0,,6.0,,10.0,,10.0,,1.0,,1.0,,4.0,,4.0,,2.0,,2.0,,5.0,,5.0,,8.0,,8.0,,8.055656879208982,,5.976748518180102,,9.636032928887289,,0.8959945194437751,,3.9467711305478588,,2.0565726729109883,,4.748437668196857,,8.0,-0.7002883553504944,-0.0014178017154335976,0.19074475768138655,1.7321602925658226,17891328,25232,8736,546,-9.025485,0.017699797678506,0.0010685522749554366,-2.4608963564038278,-24.811115,0.022829561249818654,0.0012647772571654059,-2.4228982031345367,,,0.95,0.9,both,2.555213201161686,2.3599261311920285,0.43391438185545994,0.0,-43.598137,2497.582059999571,-9.025485
110,1784827577.7074704,,8.0,,8.0,,6.0,,6.0,,10.0,,10.0,,1.0,,1.0,,4.0,,4.0,,2.0,,2.0,,5.0,,5.0,,8.0,,8.0,,7.900472735054791,,6.015671822242439,,9.656804682686925,,1.003648218116723,,3.810813137795776,,1.9082908876152942,,4.890510898010689,,7.6875,-0.505719780921936,-0.0023082418483681977,0.09223465051036328,1.7370302490890026,18055168,25463,8816,551,16.849388,0.010573007704806514,0.0005014766560634598,-2.4480822771787643,-14.891355,0.015631735158967784,0.00034353839000687,-2.457259491086006,,,0.95,0.9,both,2.536960532335945,2.463101422952647,0.414404405197251,0.0,-26.126099,2489.77006341424,16.849388
111,1784827642.5139003,,8.0,,8.0,,6.0,,6.0,,10.0,,10.0,,1.0,,1.0,,4.0,,4.0,,2.0,,2.0,,5.0,,5.0,,8.0,,8.0,,8.518351552076638,,6.34598973672837,,9.678513944149017,,1.172640391625464,,4.13562048735912,,2.1772230407223105,,4.874302401673049,,8.5625,-0.463583379983902,-0.0043708839220926166,0.06605146615765989,1.735698476433754,18219008,25657,8896,556,10.765871,0.009115901900804602,0.0013536180500523186,-2.4436267018318176,-16.92803,0.011924103630008176,0.0010300224006641657,-2.471548652648926,,,0.95,0.9,both,2.6295638012789753,2.5328084905816803,0.6751722643157599,0.0,-35.120003,2528.1434645191794,10.765871
112,1784827708.1023824,,8.0,,8.0,,6.0,,6.0,,10.0,,10.0,,1.0,,1.0,,4.0,,4.0,,2.0,,2.0,,5.0,,5.0,,8.0,,8.0,,8.15748881176114,,6.125889605842531,,9.588623563293368,,0.9584100134670734,,4.055396222509444,,1.9591559518594295,,4.862530757673085,,8.25,-0.4298642873764038,-0.0022705320734530687,0.058805714012123644,1.7426050677895546,18382848,25882,8976,561,-3.3727272,0.015307309772470034,0.0006952085677767172,-2.4564849764108656,-36.58756,0.00955363769608084,0.0005932314132223837,-2.4754862606525423,,,0.95,0.9,both,2.381513733683216,2.346298075032289,0.39463645031676287,0.0,-22.830875,2497.9996327990616,-3.3727272
113,1784827773.8040805,,8.0,,8.0,,6.0,,6.0,,10.0,,10.0,,1.0,,1.0,,4.0,,4.0,,2.0,,2.0,,5.0,,5.0,,8.0,,8.0,,7.665136618597899,,5.408696701750159,,9.375010112300515,,0.9015199590940028,,3.700080157141201,,1.852517791208811,,4.715010887244716,,7.5,-0.5795162916183472,0.0005286757368594408,0.08190362597815692,1.7415287271142006,18546688,26097,9056,566,-19.578009,0.02206655754125677,0.002136029071698431,-2.4426446169614793,-42.30086,0.015618284672382288,0.0008513179811416194,-2.480008202791214,,,0.95,0.9,both,2.5648515740110756,2.554273341708889,0.5835314337547253,0.0,-22.23947,2493.695218870398,-19.578009
114,1784827839.034558,,8.0,,8.0,,6.0,,6.0,,10.0,,10.0,,1.0,,1.0,,4.0,,4.0,,2.0,,2.0,,5.0,,5.0,,8.0,,8.0,,7.5095535579603165,,5.448094425722957,,9.374379260465503,,0.6861166339367628,,3.7074175267480314,,1.8172864672960714,,4.632102282848791,,7.5625,-0.6144682765007019,-0.001709815114736557,0.0855212741298601,1.7438804730772972,18710528,26312,9136,571,-16.325672,0.017944574262946843,0.0010034224200353493,-2.439647746086121,-44.586292,0.02918308642692864,0.0007942597774672322,-2.4615489155054093,,,0.95,0.9,both,2.3536514362607455,2.4950020313705994,0.4973250738197438,0.0,-25.67196,2511.709290153899,-16.325672
115,1784827903.1968668,,8.0,,8.0,,6.0,,6.0,,10.0,,10.0,,1.0,,1.0,,4.0,,4.0,,2.0,,2.0,,5.0,,5.0,,8.0,,8.0,,8.429063398391008,,6.4698735943529755,,9.765390345826745,,1.1950192283838987,,4.307793763466179,,2.2884427392855287,,4.989998433738947,,8.375,-0.5350226163864136,-0.002560391090810299,0.07034311105962843,1.744353599846363,18874368,26514,9216,576,-8.448546,0.02044328709016554,0.0009307937434641644,-2.445866434276104,-39.091194,0.034803146019112316,0.0002826664102030918,-2.4708068549633024,,,0.95,0.9,both,2.70866440395976,2.708680566916004,0.4568057454733278,0.0,-19.54556,2553.5233900613243,-8.448546
116,1784827968.2760086,,8.0,,8.0,,6.0,,6.0,,10.0,,10.0,,1.0,,1.0,,4.0,,4.0,,2.0,,2.0,,5.0,,5.0,,8.0,,8.0,,8.227173240855336,,6.15717117494205,,9.585438088397495,,0.990170672768727,,3.9638278437778354,,2.0052358522079885,,4.80782378744334,,7.6875,-0.5482224225997925,-0.006298399617662653,0.05348146543838084,1.7410018891096115,19038208,26770,9296,581,-48.962296,0.03303913563722745,0.0005502093752511427,-2.430665574967861,-32.049187,0.01563709392794408,0.0023970079681021163,-2.478806512057781,,,0.95,0.9,both,2.4944161812722303,2.6936607708865887,0.531914110699524,0.0,-31.26477,2517.5501097194133,-48.962296
117,1784828033.0581834,,8.0,,8.0,,6.0,,6.0,,10.0,,10.0,,1.0,,1.0,,4.0,,4.0,,2.0,,2.0,,5.0,,5.0,,8.0,,8.0,,8.088264806661755,,5.781896163709462,,9.564849224872887,,0.8849634474609047,,3.807498009002302,,1.954497206141241,,4.792896355967969,,7.4375,-0.5730470418930054,-0.012806920916773379,0.2951711188070476,1.736127506941557,19202048,27003,9376,586,-32.99877,0.02152799066971056,0.0004461842981982045,-2.4276190251111984,-17.531773,0.036687075428199024,0.0007944035554828588,-2.4540308892726896,,,0.95,0.9,both,2.4328785467591003,2.6851960276096123,0.4520816484709232,0.0,-52.429115,2529.0907934127226,-32.99877
118,1784828098.410755,,8.0,,8.0,,6.0,,6.0,,10.0,,10.0,,1.0,,1.0,,4.0,,4.0,,2.0,,2.0,,5.0,,5.0,,8.0,,8.0,,7.928100931050722,,5.698375882871915,,9.35900648869574,,1.0329649718478322,,3.7820345242507756,,2.1664962372451555,,4.8389833103865385,,7.9375,-0.452008455991745,-0.0045884681167081,0.09637275547720492,1.7338628321886063,19365888,27210,9456,591,-38.920826,0.026633825380122288,0.0007447965879691764,-2.4475109919905664,-23.8599,0.01575469809176866,0.0007241951214382425,-2.4621103197336196,,,0.95,0.9,both,2.7050356304941827,2.7045091861369968,0.40854660263893583,0.0,-6.024058,2507.017340879132,-38.920826
119,1784828165.426735,,8.0,,8.0,,6.0,,6.0,,10.0,,10.0,,1.0,,1.0,,4.0,,4.0,,2.0,,2.0,,5.0,,5.0,,8.0,,8.0,,7.95058479718864,,5.56193295866251,,9.422084706369787,,0.9698275132104754,,4.042585745221004,,2.1049611275084317,,4.882691194419749,,7.75,-1.4875627756118774,-0.009733171260450035,0.5649319803342223,1.7355429977178574,19529728,27481,9536,596,-0.11671867,0.013432846980867908,-0.0014910074904037173,-2.456743508577347,-60.878685,0.03960392251610756,0.0008222531840146984,-2.516843135654926,,,0.95,0.9,both,2.3375482494750393,2.72194079802449,0.6436331064056426,0.0,-13.425893,2444.7895574778827,-0.11671867
120,1784828231.8279424,,8.0,,8.0,,6.0,,6.0,,10.0,,10.0,,1.0,,1.0,,4.0,,4.0,,2.0,,2.0,,5.0,,5.0,,8.0,,8.0,,7.4214879657374695,,5.513142994605005,,9.550861675714259,,0.8923880183137953,,4.006112210452557,,1.8386628846637905,,4.741408226778731,,7.6875,-0.9253107309341431,-0.004810089827515185,0.25721246330067515,1.7287008874118328,19693568,27691,9616,601,-6.409775,0.015438325275317766,0.0018552649533376097,-2.473396374285221,-49.446175,0.028942145814653486,-0.0002712815752602182,-2.4937494337558745,,,0.95,0.9,both,2.5001826927876905,2.5213316844053284,0.7366415758686249,0.0,-11.800776,2467.4250414258213,-6.409775
121,1784828298.432027,,8.0,,8.0,,6.0,,6.0,,10.0,,10.0,,1.0,,1.0,,4.0,,4.0,,2.0,,2.0,,5.0,,5.0,,8.0,,8.0,,7.738441687542945,,5.695320793893188,,9.45077888527885,,1.0223859517136589,,3.8762913877144456,,1.962510516284965,,4.799589819274843,,8.125,-0.27159664034843445,-0.006688358844257891,0.07166664092801511,1.7333391346037388,19857408,27886,9696,606,-0.6870117,0.01325084951822646,0.0012640749730053358,-2.467209865152836,-31.351608,0.010854552639648319,0.0008022464055102319,-2.4779932141304015,,,0.95,0.9,both,2.525798309440053,2.6721673474565093,0.503519284567987,0.0,-33.01165,2459.909086316263,-0.6870117
122,1784828363.409252,,8.0,,8.0,,6.0,,6.0,,10.0,,10.0,,1.0,,1.0,,4.0,,4.0,,2.0,,2.0,,5.0,,5.0,,8.0,,8.0,,7.7299293195828795,,5.767006015405059,,9.519437465816736,,0.9068914986564778,,3.999927381053567,,1.9478739413898438,,4.741696703247726,,7.5625,-0.40248534083366394,-0.008775490568950772,0.04300908942241222,1.7285684011876583,20021248,28080,9776,611,-1.300699,0.01236782670894172,0.00024955000189947897,-2.50313331335783,-24.816515,0.010578003960836213,0.0006299109438259621,-2.497981184720993,,,0.95,0.9,both,2.4952263783318522,2.3990126727820402,0.523796403621229,0.0,-44.660984,2521.4989641703164,-1.300699
123,1784828428.6461926,,8.0,,8.0,,6.0,,6.0,,10.0,,10.0,,1.0,,1.0,,4.0,,4.0,,2.0,,2.0,,5.0,,5.0,,8.0,,8.0,,8.613902266602963,,6.775838700123131,,9.94608400017023,,1.3311710592824966,,4.195115392096341,,2.2023510448634624,,4.993650888092816,,8.625,-0.613020122051239,-0.00617314747069031,0.16772198677062988,1.7304510921239853,20185088,28294,9856,616,-9.730076,0.021514657721854746,0.0006278633052716031,-2.491959388554096,-19.343807,0.019950338228954933,0.0016238228214206173,-2.5184948191046717,,,0.95,0.9,both,2.356895245412689,2.5388367351883816,0.7747958778827153,0.0,-31.735027,2511.4606662674055,-9.730076
124,1784828496.1377604,,8.0,,8.0,,6.0,,6.0,,10.0,,10.0,,1.0,,1.0,,4.0,,4.0,,2.0,,2.0,,5.0,,5.0,,8.0,,8.0,,8.318862242624164,,6.674996362067759,,9.764767444925383,,1.2957044653594494,,4.0573347778990865,,2.0520769264549017,,4.873011094052345,,8.4375,-0.12295088171958923,-0.0034510228724684566,0.11745653231628239,1.7227066420018673,20348928,28489,9936,621,9.196875,0.015549459913745522,-0.0006111187147325836,-2.5218922019004824,-28.350266,0.02361517319804989,0.0013165951677365229,-2.537551648914814,,,0.95,0.9,both,2.5505515519159223,2.728483818697863,0.5417983011107776,0.0,-25.186733,2427.5623644805205,9.196875
125,1784828563.31562,,8.0,,8.0,,6.0,,6.0,,10.0,,10.0,,1.0,,1.0,,4.0,,4.0,,2.0,,2.0,,5.0,,5.0,,8.0,,8.0,,8.508457838092,,6.566471261903644,,9.817930661607534,,1.2415775764384307,,4.155126731027849,,2.1371627217158675,,4.913391701877117,,8.4375,-0.7665797472000122,-0.0022078617475926876,0.10584533296059817,1.7324223555624485,20512768,28681,10016,626,-23.064678,0.016146351376664824,0.001526105484663276,-2.5464672312140464,-31.32751,0.01368170923087746,-0.00015512637328356503,-2.5619903057813644,,,0.95,0.9,both,2.4600885120617084,2.409021782423708,0.5266275114048633,0.0,-7.703738,2438.898869063786,-23.064678
126,1784828629.319909,,8.0,,8.0,,6.0,,6.0,,10.0,,10.0,,1.0,,1.0,,4.0,,4.0,,2.0,,2.0,,5.0,,5.0,,8.0,,8.0,,7.8963839104399085,,5.780192608013749,,9.583409521728754,,0.8533348273485899,,3.8039329498715233,,1.928808057680726,,4.774012736976147,,7.875,-0.8598064184188843,-0.004153723653871566,0.16282639373093843,1.7286173477768898,20676608,28899,10096,631,2.6102393,0.016010065306909384,0.0006240694478037767,-2.596716730296612,-35.46986,0.023178298940183594,0.00033714054588926954,-2.5968698099255563,,,0.95,0.9,both,2.5516118698301065,2.5078855418258015,0.778483684951245,0.0,-26.044193,2482.262911356993,2.6102393
127,1784828692.9094923,,8.0,,8.0,,6.0,,6.0,,10.0,,10.0,,1.0,,1.0,,4.0,,4.0,,2.0,,2.0,,5.0,,5.0,,8.0,,8.0,,8.144433970795944,,6.147814389667474,,9.86792197264731,,1.1449770047329366,,3.9993241135962307,,2.0779810692183673,,4.970868460368365,,8.375,-0.5280780792236328,-0.018300502881174907,0.24409991735592484,1.7330181635916233,20840448,29142,10176,636,26.647928,0.013113606060505845,0.0003819504214334302,-2.5946844190359117,-50.17553,0.030288450676016508,0.0006949323156732135,-2.6099909111857413,,,0.95,0.9,both,2.2495622832953637,2.704618379268564,0.5804980146518185,0.0,-53.22265,2576.5233335109892,26.647928
128,1784828756.816177,,8.0,,8.0,,6.0,,6.0,,10.0,,10.0,,1.0,,1.0,,4.0,,4.0,,2.0,,2.0,,5.0,,5.0,,8.0,,8.0,,7.2414848655462265,,5.339168718550354,,9.092616552487016,,0.6155015388503671,,3.565408163703978,,1.6851000487804413,,4.5856272575911134,,7.125,-0.29240113496780396,0.0003026269841939211,0.16356975899543613,1.7304457686841488,21004288,29338,10256,641,-0.9940971,0.020140430325409398,0.0004141407582210377,-2.614365942776203,-49.856514,0.024897160253021865,0.0009443227187148296,-2.6327073559165,,,0.95,0.9,both,2.5834627482534565,2.7415817720156737,0.5342992270926188,0.0,-49.487293,2563.737232309167,-0.9940971
129,1784828823.3152747,,8.0,,8.0,,6.0,,6.0,,10.0,,10.0,,1.0,,1.0,,4.0,,4.0,,2.0,,2.0,,5.0,,5.0,,8.0,,8.0,,7.271753266453743,,5.445615303258819,,9.272247390821576,,0.6532784103183076,,3.6953301221947186,,1.585101896431297,,4.631966925691813,,7.25,-0.5509949922561646,0.0039274770533666015,0.15458055748604238,1.732196144759655,21168128,29523,10336,646,-18.18636,0.015574381168698892,0.002052358411310706,-2.578175339102745,-21.765324,0.013501780110527762,0.0021180124720558526,-2.637522038817406,,,0.95,0.9,both,2.6967055052422095,2.718392648037173,0.7385226277061758,0.0,-10.09675,2463.7930846980057,-18.18636
130,1784828888.5367088,,8.0,,8.0,,6.0,,6.0,,10.0,,10.0,,1.0,,1.0,,4.0,,4.0,,2.0,,2.0,,5.0,,5.0,,8.0,,8.0,,8.754370504058897,,6.434223968535662,,9.907815251499414,,1.3167396150529385,,4.337595538236201,,2.2941339993849397,,4.997109794989228,,8.5,-0.2811014950275421,-0.004461694974452257,0.27881762059405446,1.7367862947285175,21331968,29728,10416,651,14.67825,0.010978200097451919,0.0013436095017823392,-2.5876476019620895,-40.185432,0.03085018976125866,0.002446628815960139,-2.6203799858689307,,,0.95,0.9,both,2.4895507406172492,2.84872102793857,0.431774667808141,0.0,-19.512335,2512.0604807550917,14.67825
131,1784828954.7768652,,8.0,,8.0,,6.0,,6.0,,10.0,,10.0,,1.0,,1.0,,4.0,,4.0,,2.0,,2.0,,5.0,,5.0,,8.0,,8.0,,8.445122233126312,,6.475075180642307,,9.899274275172502,,1.2980045403819531,,4.177788540255278,,2.117079782532528,,4.920856553129852,,8.5625,-0.4462478756904602,-0.0005121368449181318,0.07499463495332748,1.740330383181572,21495808,29936,10496,656,-4.2984724,0.016476463482831605,-0.00024072036030702292,-2.6266247615218163,-40.3319,0.01326646639208775,0.0005323261575540528,-2.6540224716067313,,,0.95,0.9,both,2.3075611329832295,2.6642122218908653,0.3658865347654828,0.0,-16.946884,2473.4211065964632,-4.2984724
132,1784829019.3045158,,8.0,,8.0,,6.0,,6.0,,10.0,,10.0,,1.0,,1.0,,4.0,,4.0,,2.0,,2.0,,5.0,,5.0,,8.0,,8.0,,7.367149952799082,,5.277924700174481,,9.430127534549683,,0.610184021294117,,3.5881247920915484,,1.5869822166860104,,4.652953467331827,,7.25,-0.436239629983902,0.0004852829151786864,0.10001845145598054,1.7396176792681217,21659648,30114,10576,661,-5.373965,0.011526356500689871,0.002009152824757621,-2.63052436709404,-36.086075,0.016227580985287204,0.0008799811112112366,-2.6954378366470335,,,0.95,0.9,both,2.5000978107584997,2.615843972440446,0.5816805776929577,0.0,-40.15643,2539.0666296643158,-5.373965
133,1784829083.815668,,8.0,,8.0,,6.0,,6.0,,10.0,,10.0,,1.0,,1.0,,4.0,,4.0,,2.0,,2.0,,5.0,,5.0,,8.0,,8.0,,8.626839079894125,,6.46631480474025,,10.0,,1.1337659880518913,,4.133412907831371,,2.1442689303075895,,4.983012310694903,,8.125,-0.3103136718273163,-0.00021247781114652753,0.050748179492074996,1.740840993821621,21823488,30303,10656,666,10.010502,0.015390090513392352,0.0015892287963652052,-2.6837916672229767,-13.645978,0.005663665616884828,0.0005552388451178558,-2.704489581286907,,,0.95,0.9,both,2.7823925781755574,2.6308954750532263,0.4463616086804136,0.0,-25.987324,2539.715991126498,10.010502
134,1784829148.3959446,,8.0,,8.0,,6.0,,6.0,,10.0,,10.0,,1.0,,1.0,,4.0,,4.0,,2.0,,2.0,,5.0,,5.0,,8.0,,8.0,,8.1969174281694,,6.332600348629057,,9.818697025999427,,1.203624203806612,,4.158165952540003,,2.1174448337987997,,4.8284518057480454,,8.375,-0.4400416314601898,-0.009757316147442907,0.10120696225203574,1.7470855191349983,21987328,30513,10736,671,-16.848211,0.020340519305318595,0.0012994304725907567,-2.678332605957985,-14.271393,0.01724023051210679,0.000975965618272312,-2.6926738381385804,,,0.95,0.9,both,2.769602499876649,2.73995335300785,0.3740080507037607,0.0,-42.005627,2536.997212015664,-16.848211
135,1784829213.134021,,8.0,,8.0,,6.0,,6.0,,10.0,,10.0,,1.0,,1.0,,4.0,,4.0,,2.0,,2.0,,5.0,,5.0,,8.0,,8.0,,7.507515499833971,,5.936840384267271,,9.413186352699995,,0.8503417639294639,,3.8745457774493843,,1.8921460066339932,,4.80702649988234,,7.5,-0.1871827393770218,-0.004118320706766099,0.08026666950900108,1.749721322208643,22151168,30740,10816,676,-25.590223,0.023538894386729226,0.0003052537329494953,-2.7101878762245177,-32.66746,0.012909610648057424,-0.00020952744089299812,-2.701768559217453,,,0.95,0.9,both,2.769801788103372,2.5579938890172174,0.8827856950781033,0.0,-12.900981,2530.813575802464,-25.590223
136,1784829282.4483683,,8.0,,8.0,,6.0,,6.0,,10.0,,10.0,,1.0,,1.0,,4.0,,4.0,,2.0,,2.0,,5.0,,5.0,,8.0,,8.0,,7.221719304099679,,5.409295835765079,,9.395667420700192,,0.8798829325241968,,3.803476499626413,,1.6855551335029304,,4.681811383459717,,7.75,-0.19858606159687042,-0.0008103117870632559,0.09287855960428715,1.7493248954415321,22315008,30966,10896,681,-0.3196701,0.010747263362281956,0.0004290128301363438,-2.7413986399769783,-43.63936,0.015270460571628064,0.0010907021656748838,-2.7314359128475187,,,0.95,0.9,both,2.7348758878567567,2.71717750820813,0.9396401179886612,0.0,-19.678362,2363.7254521108753,-0.3196701
137,1784829350.4645634,,8.0,,8.0,,6.0,,6.0,,10.0,,10.0,,1.0,,1.0,,4.0,,4.0,,2.0,,2.0,,5.0,,5.0,,8.0,,8.0,,7.703889437951148,,5.556165941525251,,9.602362242469098,,0.8000181349925697,,3.81114349886775,,1.9077171273820568,,4.697797492030077,,7.5625,-0.4192831516265869,-0.0005136446561664343,0.18865025730337948,1.7621565647423267,22478848,31183,10976,686,25.180393,0.007797750596364494,0.0016237386022112331,-2.7550975725054743,-23.302002,0.026392984861740843,0.0018429576623020694,-2.759847302734852,,,0.95,0.9,both,2.5188880263037126,2.9891732150023675,0.4945423671986863,0.0,-23.579933,2408.8360844444655,25.180393
138,1784829414.85741,,8.0,,8.0,,6.0,,6.0,,10.0,,10.0,,1.0,,1.0,,4.0,,4.0,,2.0,,2.0,,5.0,,5.0,,8.0,,8.0,,8.30975859053433,,6.389119558618404,,9.728856783360243,,1.2644082508049905,,4.093641457613558,,2.1025153279770166,,4.928462762385607,,8.1875,-0.17330381274223328,-0.006622499553486705,0.04644967336207628,1.7636955864727497,22642688,31387,11056,691,-8.272754,0.012681789422640578,0.0008845734773785807,-2.7646235316991805,-16.604534,0.01605693606834393,0.0012219582713441923,-2.7694038569927217,,,0.95,0.9,both,2.6375014129501615,2.5260898764511657,0.5395933531336561,0.0,-50.350094,2544.381977857133,-8.272754
139,1784829480.9287846,,8.0,,8.0,,6.0,,6.0,,10.0,,10.0,,1.0,,1.0,,4.0,,4.0,,2.0,,2.0,,5.0,,5.0,,8.0,,8.0,,7.961009968305007,,6.110690278117545,,9.557124670711346,,1.0105946641415358,,3.9538301625289023,,1.9324180126714054,,4.826758852810599,,8.125,-0.5806550979614258,-0.007454934297129512,0.14262647973373532,1.7557054162025452,22806528,31600,11136,696,18.809391,0.013593091611983254,0.0005917806985962671,-2.76850443482399,-54.647545,0.0171026082476601,0.00038266326155280697,-2.7882760524749757,,,0.95,0.9,both,2.5562681629331085,2.638112239559406,0.43635410592221696,0.0,-33.146812,2479.7434324520614,18.809391
140,1784829546.8422155,,8.0,,8.0,,6.0,,6.0,,10.0,,10.0,,1.0,,1.0,,4.0,,4.0,,2.0,,2.0,,5.0,,5.0,,8.0,,8.0,,8.052468900626991,,5.5548992501571774,,9.53665555594489,,0.8095421041361988,,3.8014105081092566,,1.9067019270732999,,4.691595375548786,,7.75,-0.7646574974060059,-0.002670851768925786,0.2446240772260353,1.7577477842569351,22970368,31833,11216,701,4.5418983,0.010723712462640833,0.001798447078181198,-2.790064775943756,-1.7231735,0.02602966903359629,0.0019221888243919239,-2.775219662487507,,,0.95,0.9,both,2.751280193211722,2.7001995498498004,0.5322748294469348,0.0,-29.040676,2485.6845796057983,4.5418983
141,1784829614.6390374,,8.0,,8.0,,6.0,,6.0,,10.0,,10.0,,1.0,,1.0,,4.0,,4.0,,2.0,,2.0,,5.0,,5.0,,8.0,,8.0,,8.78201158111915,,6.746835477650166,,9.91748367343098,,1.3523061255691573,,4.3725348161533475,,2.2599340863525867,,5.0,,8.9375,-0.37034979462623596,0.0007923542289063334,0.12481786496937275,1.7480056509375572,23134208,32030,11296,706,5.8753366,0.011579354928107933,0.0008960283113992773,-2.7776051685214043,-56.50874,0.01816197989974171,0.0018397267871478108,-2.7891845792531966,,,0.95,0.9,both,2.538990647874061,2.839698174608384,0.7463658807612109,0.0,-12.170841,2416.6328757984347,5.8753366
142,1784829681.2264373,,8.0,,8.0,,6.0,,6.0,,10.0,,10.0,,1.0,,1.0,,4.0,,4.0,,2.0,,2.0,,5.0,,5.0,,8.0,,8.0,,8.245006741723046,,5.775898017454892,,9.71871799044311,,1.063913390680682,,3.937210300937295,,1.9689746876247227,,4.83427178254351,,7.8125,-0.040021006017923355,-0.00039915554225444794,0.08135921356733888,1.7484089471399784,23298048,32225,11376,711,-11.522549,0.013755553611554205,0.00120602400493226,-2.826005794107914,-36.247803,0.015592104496317916,0.000368474394781515,-2.8180611595511436,,,0.95,0.9,both,2.8422274547586843,2.7762059497200604,0.4169447005401927,0.0,-27.290167,2460.5252310739615,-11.522549
143,1784829749.408621,,8.0,,8.0,,6.0,,6.0,,10.0,,10.0,,1.0,,1.0,,4.0,,4.0,,2.0,,2.0,,5.0,,5.0,,8.0,,8.0,,7.40609635040164,,5.5136778387241066,,9.351200660690665,,0.8648393002804369,,3.678957720287144,,1.7349949851632118,,4.680063646752387,,7.1875,-0.23220093548297882,-0.002762646588962525,0.05243284261086956,1.7486069910228252,23461888,32410,11456,716,-5.7270236,0.014348401292227208,0.001328088633454172,-2.7994953960180284,-20.026978,0.015726050958619453,-0.0011761042755097152,-2.805447927117348,,,0.95,0.9,both,2.6437635099180445,2.600782710498966,0.4125684261467687,0.0,-22.958813,2402.9738150756098,-5.7270236
144,1784829816.6963205,,8.0,,8.0,,6.0,,6.0,,10.0,,10.0,,1.0,,1.0,,4.0,,4.0,,2.0,,2.0,,5.0,,5.0,,8.0,,8.0,,8.022023903671652,,5.89466647664085,,9.68472545593977,,1.0128934089443646,,3.8540262961760163,,1.9586134594283067,,4.789822750724852,,7.875,-0.6361938118934631,-0.002017792605329305,0.19711694889701903,1.7513276785612106,23625728,32623,11536,721,-5.597931,0.015008330653654412,0.00030347457068273797,-2.78616199940443,-44.140335,0.021951227978570388,0.0006455018170527183,-2.7887403920292853,,,0.95,0.9,both,2.4952609863182804,2.698154914829881,0.4296609847475754,0.0,-15.498543,2434.9175933127867,-5.597931
145,1784829883.5918112,,8.0,,8.0,,6.0,,6.0,,10.0,,10.0,,1.0,,1.0,,4.0,,4.0,,2.0,,2.0,,5.0,,5.0,,8.0,,8.0,,7.791791617870331,,5.503717364743352,,9.585539739578962,,0.7604861289146356,,3.704511416843161,,1.7130229385802522,,4.76599208638072,,7.625,-0.12383979558944702,-0.00023958980455063283,0.30947477533482015,1.751424878835678,23789568,32818,11616,726,26.062506,0.02114988205721602,0.0016916244552703575,-2.791918048262596,-40.24541,0.02075064675300382,0.0018009455314313527,-2.8221491515636443,,,0.95,0.9,both,2.66832020226376,3.0458553741078958,0.4816730055417243,0.0,-47.068356,2449.193687893736,26.062506
146,1784829952.253211,,8.0,,8.0,,6.0,,6.0,,10.0,,10.0,,1.0,,1.0,,4.0,,4.0,,2.0,,2.0,,5.0,,5.0,,8.0,,8.0,,7.657010983675718,,5.862578782252967,,9.491287525044754,,0.8772433581762016,,4.036340150050819,,1.8562024529092014,,4.756380808539689,,7.6875,-0.6286002993583679,-0.017007610062137246,0.07729000796098262,1.761219758540392,23953408,33024,11696,731,-3.9446092,0.01729312099632807,3.4611282171681526e-05,-2.8151372030377386,-38.348717,0.016275901126209646,-0.00013559828730649314,-2.8140972808003424,,,0.95,0.9,both,2.6253032872210404,2.6703010011951114,0.49275110886282636,0.0,-27.795984,2386.202346666643,-3.9446092
147,1784830022.4606345,,8.0,,8.0,,6.0,,6.0,,10.0,,10.0,,1.0,,1.0,,4.0,,4.0,,2.0,,2.0,,5.0,,5.0,,8.0,,8.0,,8.287540072575212,,5.884189559612423,,9.572926751337945,,1.1172589211491868,,4.017834333702922,,2.1096127128694206,,4.861608937033452,,8.125,-0.40380629897117615,-0.006424843391869217,0.1478006731485948,1.7619985528290272,24117248,33233,11776,736,-8.821804,0.017133284398005343,0.0020399686189193746,-2.795812115073204,-26.424292,0.024459936219500378,0.0004057955535245128,-2.7882085621356962,,,0.95,0.9,both,2.8614240953172816,2.848475852521768,0.38939358937489654,0.0,-50.38619,2333.6561102205405,-8.821804
148,1784830093.1757524,,8.0,,8.0,,6.0,,6.0,,10.0,,10.0,,1.0,,1.0,,4.0,,4.0,,2.0,,2.0,,5.0,,5.0,,8.0,,8.0,,7.945523736998439,,5.959034184459597,,9.78047783114016,,1.206707508303225,,4.060625555925071,,1.9120676997117698,,4.908314734231681,,7.9375,-0.4771277606487274,-0.002245669369585812,0.318294188240543,1.7663757465779781,24281088,33472,11856,741,2.5455103,0.012760112999239936,0.0014927041294868105,-2.789920935034752,-27.789728,0.026282558211823924,0.0012288803831324913,-2.7762678429484366,,,0.95,0.9,both,2.483881393248569,2.773269102249607,0.47100693717292713,0.0,-26.124716,2316.902028314297,2.5455103
149,1784830161.5298567,,8.0,,8.0,,6.0,,6.0,,10.0,,10.0,,1.0,,1.0,,4.0,,4.0,,2.0,,2.0,,5.0,,5.0,,8.0,,8.0,,8.560073440195993,,6.452189825475216,,9.86524904705584,,1.17094399407506,,4.089903055224568,,2.2212274582561804,,4.881770946085453,,8.5,-0.9208472967147827,-0.000703964033164084,0.38095553033053875,1.7597508914768696,24444928,33686,11936,746,5.5107203,0.011017521697795019,0.001962757326691644,-2.8017207488417624,-20.885586,0.038719769718591125,0.001051240463857539,-2.781194043159485,,,0.95,0.9,both,2.6465710411831997,2.908736924258411,0.5232637773638109,0.0,-26.404764,2396.9301317338513,5.5107203
150,1784830228.9517603,,8.0,,8.0,,6.0,,6.0,,10.0,,10.0,,1.0,,1.0,,4.0,,4.0,,2.0,,2.0,,5.0,,5.0,,8.0,,8.0,,8.607511822134256,,6.814450000820216,,10.0,,1.325921116862446,,4.395849195076153,,2.392711570020765,,4.981947468593717,,8.625,-0.3017342686653137,2.4101347662508488e-05,0.12462528550531715,1.7606490924954414,24608768,33874,12016,751,1.0965645,0.009542526182485744,0.0011390464642317966,-2.7888536125421526,-46.8951,0.025154792156536133,0.0016061618240200914,-2.8386710569262505,,,0.95,0.9,both,2.740713227963478,2.9072487679726953,0.441320708445215,0.0,-35.917896,2430.0705956190463,1.0965645
151,1784830295.148351,,8.0,,8.0,,6.0,,6.0,,10.0,,10.0,,1.0,,1.0,,4.0,,4.0,,2.0,,2.0,,5.0,,5.0,,8.0,,8.0,,8.17517979349941,,5.844027237500995,,9.617734483705135,,0.9231807717587799,,3.9106504978844896,,1.9791870289482176,,4.788418808951974,,8.25,-1.426747441291809,-0.010974940843880177,0.42826747614890337,1.7644241824746132,24772608,34113,12096,756,8.465929,0.013536613565520383,0.0005830664944369346,-2.7741160869598387,-30.467031,0.03959957560291514,0.0007594625029014423,-2.8075707107782364,,,0.95,0.9,both,2.639316443504797,2.659091187684934,0.6943622205937178,0.0,-35.070778,2475.0518981494674,8.465929
152,1784830363.8769028,,8.0,,8.0,,6.0,,6.0,,10.0,,10.0,,1.0,,1.0,,4.0,,4.0,,2.0,,2.0,,5.0,,5.0,,8.0,,8.0,,8.638706493351492,,6.557313654571772,,9.962377582443878,,1.1683468024712056,,4.163866268470883,,2.0835721901385114,,4.922149816993624,,8.5625,-1.3285636901855469,-0.0014445837587118149,0.6085169687867165,1.7514287009835243,24936448,34357,12176,761,-26.65189,0.01819014302454889,-0.000514582116738893,-2.7578799918293955,-70.72454,0.043634023913182315,0.0007486528818844817,-2.806614436209202,,,0.95,0.9,both,2.4585435273543483,2.7698477822063916,0.5293042000193832,0.0,-12.536428,2383.871131541043,-26.65189
153,1784830431.6069617,,8.0,,8.0,,6.0,,6.0,,10.0,,10.0,,1.0,,1.0,,4.0,,4.0,,2.0,,2.0,,5.0,,5.0,,8.0,,8.0,,7.516531856264919,,5.586633265018463,,9.429975630249828,,0.7752685761079192,,3.945758721791208,,1.655115780653432,,4.760366831207648,,7.625,-0.6192674040794373,-0.007570491055957973,0.17664260673336685,1.7541000545024872,25100288,34582,12256,766,-3.242868,0.010992306549451315,0.001552587054175092,-2.796994464099407,-28.617126,0.03266547258244827,0.00043303406564518807,-2.8251864716410635,,,0.95,0.9,both,2.8530767271408033,2.7063029088057498,0.5512212994329746,0.0,-31.129284,2419.0147756810566,-3.242868
154,1784830495.9969206,,8.0,,8.0,,6.0,,6.0,,10.0,,10.0,,1.0,,1.0,,4.0,,4.0,,2.0,,2.0,,5.0,,5.0,,8.0,,8.0,,7.396294178441167,,5.252548277378082,,9.42636742349714,,0.7191787192132324,,3.7164659509435296,,1.9183776220306754,,4.739059260347858,,7.3125,-0.8950923085212708,-0.0037067547673359513,0.3955699868965894,1.7527056857943535,25264128,34807,12336,771,3.3007302,0.015953705334686673,-0.00031855269917286934,-2.8283580005168916,-77.8352,0.024058566452004014,0.0014154414195218124,-2.8238645434379577,,,0.95,0.9,both,2.5359513376248803,2.902850041409286,0.43705660259251256,0.0,-60.845154,2544.494640363171,3.3007302
155,1784830562.053445,,8.0,,8.0,,6.0,,6.0,,10.0,,10.0,,1.0,,1.0,,4.0,,4.0,,2.0,,2.0,,5.0,,5.0,,8.0,,8.0,,7.854717806447297,,6.430478122085333,,9.753698538988829,,1.2073316128517035,,4.275823279487668,,2.174747214652598,,4.973774733953178,,8.25,-0.26988670229911804,-0.00047111324965953827,0.05487781792180613,1.750742632895708,25427968,34993,12416,776,-3.778473,0.014144840714288875,0.000488480954663828,-2.8157052859663962,-32.833427,0.010307560980436392,-0.00026185127717326395,-2.835648226737976,,,0.95,0.9,both,2.5971358615289324,2.372014626288921,0.3429303858839252,0.0,-4.2709064,2480.301000670257,-3.778473
156,1784830628.309407,,8.0,,8.0,,6.0,,6.0,,10.0,,10.0,,1.0,,1.0,,4.0,,4.0,,2.0,,2.0,,5.0,,5.0,,8.0,,8.0,,7.928956528892741,,6.489330197451636,,9.702088966034353,,1.1506421128287911,,3.941270111594349,,2.0570504046045244,,4.778975899331272,,8.0625,-0.0937342643737793,-0.0018485347973182797,0.05019951314898208,1.7456734776496887,25591808,35201,12496,781,24.143362,0.008186656795442105,0.00026919862648355775,-2.83160755187273,-10.336955,0.015378363555646502,0.0020079088244528975,-2.8274004235863686,,,0.95,0.9,both,2.721003706271792,2.987137663090695,0.5277486371390712,0.0,-8.337731,2472.8340664000402,24.143362
157,1784830693.7350836,,8.0,,8.0,,6.0,,6.0,,10.0,,10.0,,1.0,,1.0,,4.0,,4.0,,2.0,,2.0,,5.0,,5.0,,8.0,,8.0,,7.131091754883528,,5.3169792564585805,,9.212976179085672,,0.6866703673731536,,3.5818330300971866,,1.706189377233386,,4.676943340804428,,7.25,-0.0933937057852745,0.0003833662485703826,0.1350947916507721,1.7522393427789211,25755648,35423,12576,786,14.322606,0.012697477301117033,0.000293434300692752,-2.8630770236253738,-12.974675,0.015240906822145916,0.0014446666260482743,-2.827988748252392,,,0.95,0.9,both,2.5733526291490127,2.750515561989964,0.5642491725920034,0.0,-16.141644,2504.2156259539292,14.322606
158,1784830757.1896422,,8.0,,8.0,,6.0,,6.0,,10.0,,10.0,,1.0,,1.0,,4.0,,4.0,,2.0,,2.0,,5.0,,5.0,,8.0,,8.0,,7.903373546432704,,6.047595500480384,,9.674225803930312,,0.9564863935811445,,4.0745074669248424,,2.0725293019786477,,4.775800377130508,,7.875,-0.38294386863708496,-0.003634666441939771,0.11675822932738811,1.7586806304752827,25919488,35665,12656,791,9.881409,0.010840103251393885,-9.522053296677769e-05,-2.861663484573364,-46.962593,0.0347125111380592,4.896512400591746e-05,-2.8541342332959174,,,0.95,0.9,both,2.5260133570041936,2.8119592639071236,0.552617217461252,0.0,-55.550102,2582.004899616083,9.881409
159,1784830822.4676843,,8.0,,8.0,,6.0,,6.0,,10.0,,10.0,,1.0,,1.0,,4.0,,4.0,,2.0,,2.0,,5.0,,5.0,,8.0,,8.0,,8.663395867682993,,6.716719336807728,,9.960868827998638,,1.342872707551578,,4.419151781126857,,2.305760300718248,,4.9909684816375375,,8.8125,-0.25454938411712646,-0.000901195133337751,0.03134851198410615,1.7568169757723808,26083328,35847,12736,796,10.791629,0.008801836622296833,0.0022995315594016574,-2.8879404783248903,-14.810985,0.008954453037586064,0.001069274140172638,-2.8916425690054894,,,0.95,0.9,both,2.815505976652279,2.5549013210100155,0.4174454396700058,0.0,-18.53765,2509.8792675059663,10.791629
160,1784830890.0601661,,8.0,,8.0,,6.0,,6.0,,10.0,,10.0,,1.0,,1.0,,4.0,,4.0,,2.0,,2.0,,5.0,,5.0,,8.0,,8.0,,7.876089174649678,,5.996926506981254,,9.637350060977042,,1.0264538815245032,,4.064494297141209,,1.9756011832505465,,4.8392027616500854,,8.0625,-0.3657712936401367,-0.010248085629427806,0.03496999095659703,1.7683398947119713,26247168,36081,12816,801,29.060623,0.008718877057253849,-0.00017471976025262848,-2.9059086367487907,-24.258038,0.009425364069466013,-4.0487606747774406e-05,-2.9161284893751143,,,0.95,0.9,both,2.564696224300569,2.4625730749641983,0.4538628509115195,0.0,-9.390435,2423.9383922363545,29.060623
161,1784830953.571986,,8.0,,8.0,,6.0,,6.0,,10.0,,10.0,,1.0,,1.0,,4.0,,4.0,,2.0,,2.0,,5.0,,5.0,,8.0,,8.0,,8.672976031899452,,6.502265605668072,,9.879607392475009,,1.1877055340446532,,4.259000765159726,,2.1877363640232943,,4.932466198311886,,8.25,-0.5295498371124268,-0.002222824259661138,0.1353742807987146,1.7644736729562283,26411008,36308,12896,806,7.975293,0.014969090194790624,0.0008203952995245345,-2.897349113225937,-29.72868,0.015075645159231498,0.0010721504389948678,-2.8827904745936395,,,0.95,0.9,both,2.663726187368834,2.858255536595215,0.42547664801006324,0.0,-42.989647,2579.6770237568403,7.975293
162,1784831019.747896,,8.0,,8.0,,6.0,,6.0,,10.0,,10.0,,1.0,,1.0,,4.0,,4.0,,2.0,,2.0,,5.0,,5.0,,8.0,,8.0,,8.163764311291743,,5.962897259509191,,9.741667680907995,,1.0509367175400257,,4.035313698812388,,1.9705474495422095,,4.880866735242307,,7.875,-0.1682232767343521,-0.0010978340869769454,0.030532877543009818,1.775164157152176,26574848,36529,12976,811,-10.061166,0.019611170835560188,0.0006364581087836996,-2.879535196721554,-29.715607,0.02076031990000047,0.0008597983047366142,-2.8725332424044607,,,0.95,0.9,both,2.5157099200467057,2.6993591575573164,0.3725986021420931,0.0,-62.455902,2475.8247579241984,-10.061166
163,1784831086.4326599,,8.0,,8.0,,6.0,,6.0,,10.0,,10.0,,1.0,,1.0,,4.0,,4.0,,2.0,,2.0,,5.0,,5.0,,8.0,,8.0,,7.251268498599529,,5.363701443187892,,9.424809788353741,,0.7188664723653346,,3.6289602597244084,,1.6548418505153677,,4.669254744425416,,7.5,-0.7960081100463867,-0.00035510543966665864,0.30266717867925763,1.7707719206809998,26738688,36741,13056,816,6.443216,0.007772790333547164,0.001094123713846784,-2.8307157143950463,-33.42719,0.028173079137923197,-0.00023359905317192896,-2.8411718919873237,,,0.95,0.9,both,2.6119892757082446,2.6403386472772232,0.5008290351814826,0.0,-53.71577,2456.9337594147155,6.443216
164,1784831154.6647089,,8.0,,8.0,,6.0,,6.0,,10.0,,10.0,,1.0,,1.0,,4.0,,4.0,,2.0,,2.0,,5.0,,5.0,,8.0,,8.0,,8.281225685030222,,6.0462845913134515,,9.734391894191504,,1.266800006851554,,4.042014216072857,,2.1259931423701346,,4.875263379770331,,8.0625,-0.05822816118597984,-0.0018046079203486443,0.009317060525063425,1.7746694013476372,26902528,36916,13136,821,29.300705,0.007831845521286596,0.0013097473420202732,-2.845408722758293,-9.715978,0.007697873620782047,0.0015635369745723438,-2.850036783516407,,,0.95,0.9,both,2.895337679647428,2.375661854548378,0.3961847509905173,0.0,-22.363474,2401.21795776706,29.300705
165,1784831221.37238,,8.0,,8.0,,6.0,,6.0,,10.0,,10.0,,1.0,,1.0,,4.0,,4.0,,2.0,,2.0,,5.0,,5.0,,8.0,,8.0,,8.706056459341198,,6.472758410032839,,9.99751374637708,,1.1983036744059063,,4.065648658550344,,2.212073712347774,,4.811381274834275,,8.1875,-0.3001736104488373,0.0004314291290938854,0.03819548024330288,1.7867936082184315,27066368,37127,13216,826,30.015879,0.0075952102284645665,0.0009696392240584828,-2.876602439582348,-29.132446,0.009384472967940382,0.001130452963116113,-2.877410537004471,,,0.95,0.9,both,2.6117053356202145,2.4298067875114904,0.4419449430081286,0.0,-41.291546,2456.0882728784563,30.015879
166,1784831288.9353411,,8.0,,8.0,,6.0,,6.0,,10.0,,10.0,,1.0,,1.0,,4.0,,4.0,,2.0,,2.0,,5.0,,5.0,,8.0,,8.0,,7.511620528064668,,5.528947973623872,,9.05890467390418,,0.6238600946962833,,3.7999810131732374,,1.653682197444141,,4.612667374778539,,7.1875,-1.016901969909668,-0.00259745167568326,0.4765706844627857,1.7996281646192074,27230208,37347,13296,831,8.731866,0.009658723173197358,0.0015454384512850084,-2.91037874519825,-76.88826,0.03420740005094558,-0.0002944181629572995,-2.8649871692061426,,,0.95,0.9,both,2.7923881488167286,2.588458520397274,0.5945326448589789,0.0,-34.925793,2424.998389538853,8.731866
167,1784831355.1249993,,8.0,,8.0,,6.0,,6.0,,10.0,,10.0,,1.0,,1.0,,4.0,,4.0,,2.0,,2.0,,5.0,,5.0,,8.0,,8.0,,8.08621971309185,,5.740847269073129,,9.43359890114516,,0.9880655816523358,,3.9317861078307033,,1.7717621331103146,,4.721262742357794,,7.9375,-0.3894926905632019,-0.007912856235634536,0.15116491972003132,1.7961471378803253,27394048,37531,13376,836,23.939884,0.009315422960207797,0.0011058081639930607,-2.8787357434630394,-13.741652,0.020055179664632307,0.0012203181569930166,-2.8873579859733582,,,0.95,0.9,both,2.727232856313993,2.808743604234778,0.4127479347699441,0.0,-15.075296,2475.311125815287,23.939884
168,1784831419.1137626,,8.0,,8.0,,6.0,,6.0,,10.0,,10.0,,1.0,,1.0,,4.0,,4.0,,2.0,,2.0,,5.0,,5.0,,8.0,,8.0,,8.102454189458513,,6.368307623080909,,9.767395744100213,,1.1899767065769993,,4.222924911475275,,2.1523744298610836,,4.937791548902169,,8.5,-0.009470149874687195,0.00016940434579737484,0.13598332169931382,1.8115379884839058,27557888,37779,13456,841,20.017323,0.009956997938570567,0.0012994802367757075,-2.891287949681282,-22.476389,0.020283491670852527,0.0002910574301495217,-2.8683667153120043,,,0.95,0.9,both,2.7544359755646712,2.641490245407587,0.47358476992484244,0.0,-38.93648,2560.449278034199,20.017323
169,1784831483.8616855,,8.0,,8.0,,6.0,,6.0,,10.0,,10.0,,1.0,,1.0,,4.0,,4.0,,2.0,,2.0,,5.0,,5.0,,8.0,,8.0,,8.100842497777194,,6.352458154753549,,9.697267292998731,,1.01975876535289,,4.177688708994538,,2.186381188221276,,4.921315145737026,,8.5,-0.20167914032936096,-0.004783527925610542,0.059835784893948585,1.809994861483574,27721728,37991,13536,846,-21.264986,0.018190074065933003,0.00022837595315650105,-2.8850904211401938,-17.219746,0.011885730957146734,0.0005982382695947308,-2.8995702818036078,,,0.95,0.9,both,2.640051122603103,2.5227026867500784,0.26561074271014834,0.0,-20.236095,2530.4288928576934,-21.264986
170,1784831549.317172,,8.0,,8.0,,6.0,,6.0,,10.0,,10.0,,1.0,,1.0,,4.0,,4.0,,2.0,,2.0,,5.0,,5.0,,8.0,,8.0,,8.833323571830988,,6.777036869432777,,9.892389928922057,,1.3115494328085333,,4.378380052279681,,2.4217021223157644,,4.925117922946811,,8.875,-0.6992314457893372,0.00034551345743238926,0.13980267173610628,1.8093085996806622,27885568,38218,13616,851,22.785126,0.008122140895284246,0.0008541507762856781,-2.8798793509602545,-64.00491,0.04130401611328125,0.0009095087472815067,-2.9102917805314066,,,0.95,0.9,both,2.639972440478343,2.7599702701078788,0.7793826712765073,0.0,-31.157984,2503.0750664859825,22.785126
171,1784831613.9999714,,8.0,,8.0,,6.0,,6.0,,10.0,,10.0,,1.0,,1.0,,4.0,,4.0,,2.0,,2.0,,5.0,,5.0,,8.0,,8.0,,8.090995002072304,,6.1987597537226975,,9.576969729736447,,0.9904209382366389,,3.8672456797212362,,1.9602152246516198,,4.864260245114565,,7.75,-0.6291543245315552,-0.007323793572140858,0.41929738130420446,1.8193547613918781,28049408,38418,13696,856,29.81218,0.008098487502138596,0.0004457041824935004,-2.937514975667,-56.343884,0.028529202745994554,-0.0002478981026797555,-2.932125522196293,,,0.95,0.9,both,2.780859713419366,2.6483122534840797,0.4245274693633318,0.0,-5.858287,2532.976332929913,29.81218
172,1784831678.3623116,,8.0,,8.0,,6.0,,6.0,,10.0,,10.0,,1.0,,1.0,,4.0,,4.0,,2.0,,2.0,,5.0,,5.0,,8.0,,8.0,,8.96929643675685,,6.903441706672311,,10.0,,1.4848656207323074,,4.424524162430316,,2.382341814227402,,5.0,,8.9375,-0.37784984707832336,0.00041946780402213335,0.0692819154355675,1.8249307535588741,28213248,38594,13776,861,30.057022,0.00818643735110527,0.00025933617871487513,-2.9354716300964356,-49.89434,0.012471267383079975,0.00037209771253401416,-2.9317408069968223,,,0.95,0.9,both,2.594124805810126,2.4533291744218495,0.5389501718602357,0.0,-34.846188,2545.587941392796,30.057022
173,1784831743.0114386,,8.0,,8.0,,6.0,,6.0,,10.0,,10.0,,1.0,,1.0,,4.0,,4.0,,2.0,,2.0,,5.0,,5.0,,8.0,,8.0,,7.560134479776025,,5.7262129680020735,,9.671108794398606,,1.0560553286923096,,3.9359305119141936,,2.0110425904858857,,4.814142059534788,,7.625,-0.572269082069397,-0.0022289101616479456,0.14741987688466907,1.8264390416443348,28377088,38833,13856,866,18.576239,0.011242455779574811,0.0025488025523372924,-2.9296152770519255,-38.442257,0.02753452696488239,0.001251958894135896,-2.920441497862339,,,0.95,0.9,both,2.5780388815542055,2.898796867719356,0.3606370905805921,0.0,-39.111492,2534.2959496997883,18.576239
174,1784831807.0718126,,8.0,,8.0,,6.0,,6.0,,10.0,,10.0,,1.0,,1.0,,4.0,,4.0,,2.0,,2.0,,5.0,,5.0,,8.0,,8.0,,8.105606039869599,,6.135038638487458,,9.725577138364315,,1.112457193172304,,4.059551067883149,,2.1055073684547096,,4.932307444512844,,7.9375,-0.5345796942710876,-0.0013747469638474286,0.23013932746835053,1.8345419578254223,28540928,39037,13936,871,22.361208,0.008775565793621353,0.0007536567267379723,-2.9773066118359566,-68.85826,0.02588803227408789,0.0003242772800149396,-2.9661660566926003,,,0.95,0.9,both,2.5245940131882905,2.63769029862243,0.43124406555184985,0.0,-31.132671,2557.586979186149,22.361208
175,1784831871.4464223,,8.0,,8.0,,6.0,,6.0,,10.0,,10.0,,1.0,,1.0,,4.0,,4.0,,2.0,,2.0,,5.0,,5.0,,8.0,,8.0,,8.561895843595266,,6.140408980543725,,9.787557934381766,,1.2452596227667527,,4.122639056236949,,2.3084272667765617,,4.966585699934512,,8.25,-0.26632454991340637,-0.00011422531679272652,0.039918465074151754,1.8418974094092846,28704768,39244,14016,876,20.689777,0.009278263215674088,0.0015835014746699017,-2.95215605199337,-42.998817,0.011439674522262067,-7.952236192068085e-05,-2.962999676167965,,,0.95,0.9,both,2.793048871031507,2.6028077243919556,0.33407055897728016,0.0,-28.216034,2545.1028559503106,20.689777
176,1784831935.8370466,,8.0,,8.0,,6.0,,6.0,,10.0,,10.0,,1.0,,1.0,,4.0,,4.0,,2.0,,2.0,,5.0,,5.0,,8.0,,8.0,,8.342839176300913,,5.9556829854846,,9.805568023817614,,0.9789939569309354,,3.7574711138149723,,2.057825352268992,,4.847427988424897,,8.0,-0.19497168064117432,-0.0039591738022863865,0.03319982124958187,1.845130916684866,28868608,39448,14096,881,11.840948,0.012678603871609084,0.001737812831561314,-2.9482342004776,-9.658599,0.007537078618770465,0.0007695404812693596,-2.96368500739336,,,0.95,0.9,both,2.5246087273145053,2.8191602247974057,0.5304206825639752,0.0,-35.72875,2544.4697805084975,11.840948
177,1784832000.2194078,,8.0,,8.0,,6.0,,6.0,,10.0,,10.0,,1.0,,1.0,,4.0,,4.0,,2.0,,2.0,,5.0,,5.0,,8.0,,8.0,,8.390347579494119,,6.861502358689904,,9.866928089410067,,1.1350817447528243,,4.273569435812533,,2.400847064331174,,4.906496101990342,,8.5,-0.20488601922988892,-0.0021035673562437296,0.01937733279191889,1.8373376727104187,29032448,39625,14176,886,30.164835,0.007555830551427789,0.0033271427993895484,-2.9839049205183983,-3.1722705,0.006580320006469265,0.0007702800838160328,-3.0033648684620857,,,0.95,0.9,both,2.9485628320499098,2.494344480026033,0.4276904862114944,0.0,-25.228672,2544.796499328529,30.164835
178,1784832063.8597026,,8.0,,8.0,,6.0,,6.0,,10.0,,10.0,,1.0,,1.0,,4.0,,4.0,,2.0,,2.0,,5.0,,5.0,,8.0,,8.0,,7.8149279281497,,5.940669728151988,,9.683893608511426,,0.9247321067377925,,3.9281821958720684,,1.874052424915135,,4.782442114781588,,7.1875,-0.373077929019928,-0.0043507755326572806,0.046578236389905214,1.84359260648489,29196288,39820,14256,891,13.501068,0.012835059739882127,-0.00029023247479926796,-2.9933013290166857,-8.929186,0.0209039192966884,0.0006725938987074187,-3.0051527127623556,,,0.95,0.9,both,2.3823748807263394,2.6106077399448977,0.3818703542606697,0.0,-40.403774,2574.4694389009906,13.501068
179,1784832129.4325402,,8.0,,8.0,,6.0,,6.0,,10.0,,10.0,,1.0,,1.0,,4.0,,4.0,,2.0,,2.0,,5.0,,5.0,,8.0,,8.0,,8.91696985438466,,6.775138894096017,,9.899705428630114,,1.239739482756704,,4.208087602630258,,2.3110801964066923,,5.0,,8.6875,-0.1839613914489746,0.0002748868428170681,0.019120382115943357,1.8528740368783474,29360128,40045,14336,896,28.670135,0.007103226236358751,0.0007290527981240302,-3.0089926823973654,-36.677105,0.03118438833625987,0.0007794561621267349,-3.0096028074622154,,,0.95,0.9,both,2.7616382209765105,3.1059742246114643,0.4040674240892169,0.0,-13.408511,2498.5957684758087,28.670135
180,1784832196.1553555,,8.0,,8.0,,6.0,,6.0,,10.0,,10.0,,1.0,,1.0,,4.0,,4.0,,2.0,,2.0,,5.0,,5.0,,8.0,,8.0,,8.437771092168987,,5.9620030807564035,,9.712643463746645,,1.0070935911498964,,4.167316970531829,,2.2640807144343853,,4.969565812498331,,8.25,-0.23373952507972717,3.6454061046242714e-05,0.05066479492234066,1.8596057258546352,29523968,40245,14416,901,21.550413,0.00842401351837907,0.00039909962069941687,-3.0168505281209947,-56.274586,0.02306405355921015,0.0007280619487573858,-3.0197804510593413,,,0.95,0.9,both,2.72878584343463,2.853496070833459,0.27178262544749016,0.0,-11.952517,2455.531797465391,21.550413
181,1784832264.035154,,8.0,,8.0,,6.0,,6.0,,10.0,,10.0,,1.0,,1.0,,4.0,,4.0,,2.0,,2.0,,5.0,,5.0,,8.0,,8.0,,8.027276864042506,,5.851539395167492,,9.583062566816807,,1.0268044339027256,,3.836860870302189,,1.9645080242771655,,4.800421802327037,,7.875,-0.2604590952396393,6.957456935197115e-05,0.059921967214904726,1.872100155800581,29687808,40464,14496,906,9.644873,0.012740523958927951,-0.0003044393699383363,-3.0023903757333756,-29.287226,0.020704033592483028,-0.0011582858045585454,-3.0174869522452354,,,0.95,0.9,both,2.675713333893144,2.592543941906136,0.35046999903453613,0.0,-11.628603,2413.678371999264,9.644873
182,1784832331.6680677,,8.0,,8.0,,6.0,,6.0,,10.0,,10.0,,1.0,,1.0,,4.0,,4.0,,2.0,,2.0,,5.0,,5.0,,8.0,,8.0,,8.306496990844607,,6.4743841958697885,,9.92178272921592,,1.1965547250583768,,4.168154534418136,,2.173418597318232,,4.896651299670339,,8.25,-0.36468783020973206,-0.0025037163868546486,0.11722212855238467,1.8785011805593967,29851648,40655,14576,911,13.1197,0.010593942797277123,0.000897158270527143,-3.0288204520940782,-56.553467,0.02265489289420657,0.00021311808013706467,-3.056781183183193,,,0.95,0.9,both,2.8889225163328134,2.74229968414403,0.3612089608693334,0.0,-24.60883,2422.4890224651826,13.1197
183,1784832399.1482701,,8.0,,8.0,,6.0,,6.0,,10.0,,10.0,,1.0,,1.0,,4.0,,4.0,,2.0,,2.0,,5.0,,5.0,,8.0,,8.0,,8.182274603284895,,6.538251576013863,,9.944717515259981,,1.0608068038709462,,4.25941648799926,,2.2109927118290216,,4.913927834306378,,8.4375,-0.5088280439376831,-0.0075347815291024745,0.05072005686815828,1.8778482265770435,30015488,40851,14656,916,21.80653,0.008692681678803637,0.0004403254315548111,-3.006329759955406,-25.108976,0.008737641961488407,-0.00018303309188922868,-3.0596552073955534,,,0.95,0.9,both,2.790861524335039,2.5204463326149664,0.41613736202704465,0.0,-11.923035,2427.970443132208,21.80653
184,1784832468.0396116,,8.0,,8.0,,6.0,,6.0,,10.0,,10.0,,1.0,,1.0,,4.0,,4.0,,2.0,,2.0,,5.0,,5.0,,8.0,,8.0,,7.98090216726996,,5.846509766415693,,9.340987304225564,,0.8741824687458575,,3.9415671948809177,,1.8813713248819113,,4.778795125661418,,8.125,-1.0320976972579956,0.0001899210037663579,0.4373025610111654,1.876464121043682,30179328,41079,14736,921,21.20228,0.009273896923696156,0.0016593793181527872,-3.034658396244049,-51.310352,0.03287275736220181,0.0008659110579174012,-3.022019350528717,,,0.95,0.9,both,2.605986762971115,2.8512925248670706,0.5535482669342568,0.0,-6.0869074,2378.2388109803255,21.20228
185,1784832536.999864,,8.0,,8.0,,6.0,,6.0,,10.0,,10.0,,1.0,,1.0,,4.0,,4.0,,2.0,,2.0,,5.0,,5.0,,8.0,,8.0,,8.00476474640891,,5.918808387126774,,9.747055493295193,,1.1260727108456194,,3.9789049823302776,,2.1905913047958165,,4.8626097571104765,,7.9375,-0.4717528820037842,-0.011067304876632988,0.09550866938661784,1.876158893108368,30343168,41275,14816,926,11.125823,0.012031357825617307,0.0005701686073734891,-3.007389035820961,-18.730465,0.013154618415865117,5.3188486344879496e-05,-3.0313329219818117,,,0.95,0.9,both,2.6827186293275957,2.398579096226965,0.4342841639731399,0.0,-7.6380095,2375.86133345761,11.125823
186,1784832604.2267764,,8.0,,8.0,,6.0,,6.0,,10.0,,10.0,,1.0,,1.0,,4.0,,4.0,,2.0,,2.0,,5.0,,5.0,,8.0,,8.0,,7.961630565114319,,5.803271969780326,,9.630351234245609,,0.7251082584261894,,3.8405656879767776,,1.7182747931219637,,4.7742789562325925,,7.75,-0.5251072645187378,-0.013385870901402086,0.20978248585015535,1.875230610370636,30507008,41513,14896,931,3.299794,0.012237504639779217,0.0011542082502273843,-3.004599705338478,-31.47909,0.0457844432326965,-0.0011350076034432276,-3.029569771885872,,,0.95,0.9,both,2.701324441886042,2.8897616521415332,0.45779062183426095,0.0,-21.525179,2437.119312416374,3.299794
187,1784832670.9731157,,8.0,,8.0,,6.0,,6.0,,10.0,,10.0,,1.0,,1.0,,4.0,,4.0,,2.0,,2.0,,5.0,,5.0,,8.0,,8.0,,8.15888965909835,,6.629442563280463,,9.823126211762428,,1.2144999718293548,,4.189960418327246,,2.0338868591934443,,4.948385950410739,,8.1875,-0.1636933982372284,-0.002183155040256679,0.023132506175898015,1.8800555132329464,30670848,41719,14976,936,27.93842,0.0067659688866115175,0.0009187944378936663,-2.9912616163492203,-25.705585,0.012007473921403288,0.002208195984712802,-3.029607209563255,,,0.95,0.9,both,2.81022715499572,2.567963564390632,0.6343639331670254,0.0,-65.69712,2454.666414875498,27.93842
188,1784832739.193702,,8.0,,8.0,,6.0,,6.0,,10.0,,10.0,,1.0,,1.0,,4.0,,4.0,,2.0,,2.0,,5.0,,5.0,,8.0,,8.0,,8.319466589950025,,6.1049117609800305,,9.788277305429801,,1.2510288003832102,,4.065277341680485,,2.2125047324225307,,4.943995412439108,,8.25,-0.27147501707077026,-0.0005979836569167674,0.07488816021941602,1.881513997912407,30834688,41933,15056,941,16.709461,0.00773064661771059,-0.0004631307747331448,-3.017809088528156,-31.579779,0.037931278254836796,0.0005732986872317269,-3.0368433088064193,,,0.95,0.9,both,2.675140021682111,2.895372591606499,0.4135599521635438,0.0,-23.20365,2401.6232251472657,16.709461
189,1784832810.6961734,,8.0,,8.0,,6.0,,6.0,,10.0,,10.0,,1.0,,1.0,,4.0,,4.0,,2.0,,2.0,,5.0,,5.0,,8.0,,8.0,,7.325833162292838,,5.385347964242101,,9.412588359322399,,0.6054472362156957,,3.610481421696022,,1.760292373597622,,4.6684392399620265,,7.375,-0.26070937514305115,-0.00019491190323606133,0.09975893856608309,1.8823088742792606,30998528,42141,15136,946,-2.5645108,0.015319087138050237,-9.347688101115636e-05,-3.0408448398113253,-50.708546,0.01234241360798478,0.0016450633869681043,-3.043445387482643,,,0.95,0.9,both,2.4675246183385378,2.804109491475041,0.5192342767220481,0.0,-27.042652,2291.3865423571,-2.5645108
190,1784832880.3280883,,8.0,,8.0,,6.0,,6.0,,10.0,,10.0,,1.0,,1.0,,4.0,,4.0,,2.0,,2.0,,5.0,,5.0,,8.0,,8.0,,8.596638632006943,,6.45298213721253,,9.921195171773434,,1.238742832094431,,4.184694291558117,,2.3653768985532224,,4.898352976888418,,8.8125,-0.538026750087738,-0.002114746341248974,0.26777409412898123,1.8816330023109913,31162368,42370,15216,951,30.643744,0.0076887702365638685,0.0016755453383666464,-3.0572844788432123,-46.77781,0.03446536557748914,-0.0003438886895310134,-3.021593202650547,,,0.95,0.9,both,2.6797810004822056,2.866560826456675,0.34761968321370823,0.0,-6.8188257,2352.945032006763,30.643744
191,1784832946.8391757,,8.0,,8.0,,6.0,,6.0,,10.0,,10.0,,1.0,,1.0,,4.0,,4.0,,2.0,,2.0,,5.0,,5.0,,8.0,,8.0,,7.794935521669686,,6.144767988473177,,9.643600388255436,,0.9878967215772718,,4.006349251780193,,2.0253277824958786,,4.761745980009437,,8.125,-0.20456385612487793,-0.005529150832444429,0.026903236925136298,1.8829068429768085,31326208,42590,15296,956,16.830996,0.007951176328060684,8.93133255885914e-05,-3.0753983303904535,-8.553285,0.010624711724813097,0.0008507872582413257,-3.012401132285595,,,0.95,0.9,both,2.6154502194550107,2.7577008533613783,0.31291794191862066,0.0,-42.749916,2463.34861466696,16.830996
192,1784833015.1882415,,8.0,,8.0,,6.0,,6.0,,10.0,,10.0,,1.0,,1.0,,4.0,,4.0,,2.0,,2.0,,5.0,,5.0,,8.0,,8.0,,8.066477590240538,,5.596826633904129,,9.599622922251001,,0.9035198243800551,,3.7291590003296733,,1.961110626347363,,4.801695548929274,,7.5,-0.6138546466827393,-0.004622015985660255,0.1266498960321769,1.8828443847596645,31490048,42798,15376,961,6.863219,0.008469611834152601,0.0012307306227739901,-3.068171851336956,-55.3802,0.014038963368511759,-0.0005082758754724637,-3.030351421236992,,,0.95,0.9,both,2.8290664333204742,2.6563979610101036,0.4197604846874997,0.0,-20.949879,2397.1066308589607,6.863219
193,1784833084.304568,,8.0,,8.0,,6.0,,6.0,,10.0,,10.0,,1.0,,1.0,,4.0,,4.0,,2.0,,2.0,,5.0,,5.0,,8.0,,8.0,,7.711426064546686,,6.209218428004533,,9.650470292544924,,0.9558747835690156,,3.9991202000528574,,1.823729280848056,,4.798309060162865,,7.75,-0.5418704748153687,-0.012315461819525808,0.27487484319135547,1.8853710666298866,31653888,43016,15456,966,0.07657204,0.010978418876766228,-0.0003970976147684269,-3.0844287276268005,-62.105724,0.019386322679929437,-0.0005996167223202064,-3.0484379336237906,,,0.95,0.9,both,2.2922366688236933,2.572828543114721,0.3531330422440143,0.0,-5.0927396,2370.4963754222535,0.07657204
194,1784833152.1627781,,8.0,,8.0,,6.0,,6.0,,10.0,,10.0,,1.0,,1.0,,4.0,,4.0,,2.0,,2.0,,5.0,,5.0,,8.0,,8.0,,8.218981499318033,,6.5919868145138025,,9.662748478353024,,1.2292284253053367,,4.183813679032028,,2.2795102382078767,,4.979502286761999,,8.375,-0.16839918494224548,-0.002591001975815743,0.02481925388565287,1.8791915215551853,31817728,43195,15536,971,18.24146,0.008904473704751581,0.00010324455361114815,-3.0792632430791853,-17.955044,0.013517600882914848,0.00025181786331813784,-3.075642688572407,,,0.95,0.9,both,2.7931425258888334,2.52221867903268,0.3328649903750952,0.0,-20.918116,2414.446270355017,18.24146
195,1784833220.5326695,,8.0,,8.0,,6.0,,6.0,,10.0,,10.0,,1.0,,1.0,,4.0,,4.0,,2.0,,2.0,,5.0,,5.0,,8.0,,8.0,,7.379971899674274,,5.573953941697255,,9.260652758181095,,0.6445959988632239,,3.7603645431809127,,1.7440708093345165,,4.664681177062448,,7.3125,-0.5357072353363037,-8.412229362875223e-06,0.21523744519799948,1.8760722503066063,31981568,43386,15616,976,20.77618,0.007921767763036769,-0.0002837078856828157,-3.105213129520416,-51.379555,0.02357637467503082,0.0006053463701391592,-3.079364959895611,,,0.95,0.9,both,2.6533896273724977,2.621435038056235,0.510050323623686,0.0,-16.24176,2396.3764795403868,20.77618
196,1784833289.7675333,,8.0,,8.0,,6.0,,6.0,,10.0,,10.0,,1.0,,1.0,,4.0,,4.0,,2.0,,2.0,,5.0,,5.0,,8.0,,8.0,,8.716849306598306,,6.539137030020356,,9.939570359885693,,1.3308165110647678,,4.298977269325405,,2.4122729301452637,,5.0,,8.875,-0.2541294991970062,4.5010121539235115e-05,0.0455456858035177,1.880775310099125,32145408,43577,15696,981,24.211462,0.007675349395140074,0.00010117779311258346,-3.1395325541496275,-26.82465,0.010724026116076858,-0.0001856010261690244,-3.111907163262367,,,0.95,0.9,both,2.7384444136940496,2.640509138319781,0.5006821754586657,0.0,-10.717538,2366.4377549512383,24.211462
197,1784833357.427577,,8.0,,8.0,,6.0,,6.0,,10.0,,10.0,,1.0,,1.0,,4.0,,4.0,,2.0,,2.0,,5.0,,5.0,,8.0,,8.0,,7.579450060613453,,5.694799441378564,,9.685993924736977,,0.8439327976666391,,4.004471341148019,,1.772125099783807,,4.804197221528739,,7.6875,-0.3358733057975769,-0.012663448229432106,0.20155789016280323,1.8836454339325428,32309248,43768,15776,986,9.740988,0.013782247432391159,-0.0005126532130816485,-3.1298640236258506,-1.2246249,0.03251442352775484,-0.0009616906252631452,-3.1191113129258157,,,0.95,0.9,both,2.7284575838746363,2.7151601751139234,0.41647348112360694,0.0,-20.774343,2421.5184683503676,9.740988
198,1784833425.283358,,8.0,,8.0,,6.0,,6.0,,10.0,,10.0,,1.0,,1.0,,4.0,,4.0,,2.0,,2.0,,5.0,,5.0,,8.0,,8.0,,8.597759968135506,,6.745448305271566,,9.777622390538454,,1.2594359386712313,,4.217305353842676,,2.415304534137249,,4.916022357530892,,8.5,-0.41332125663757324,-0.0004893919685855508,0.09773172359564342,1.8844425864517689,32473088,44001,15856,991,0.62526953,0.013618717520148493,0.000855309097096324,-3.140572841465473,-50.690514,0.03818101980723441,0.0015192930128250736,-3.1430924117565153,,,0.95,0.9,both,2.752046457369339,3.095517507172157,0.348495615178008,0.0,-25.1435,2414.5328731033032,0.62526953
199,1784833491.8124306,,8.0,,8.0,,6.0,,6.0,,10.0,,10.0,,1.0,,1.0,,4.0,,4.0,,2.0,,2.0,,5.0,,5.0,,8.0,,8.0,,7.916487166658044,,6.312247008085251,,9.734416618943214,,1.1574733955785632,,4.144232518039644,,2.2493891115300357,,4.900435535702854,,8.0,-0.3435235619544983,4.1471212171018124e-05,0.03603339585242793,1.8940721862018108,32636928,44218,15936,996,27.637508,0.007365737066720612,0.001597250089980662,-3.1339131772518156,-42.678318,0.021348000888247044,-0.00042086556713911706,-3.161176513135433,,,0.95,0.9,both,2.85550962469974,2.6316160626896483,0.34089533172721176,0.0,-22.682718,2462.68191723789,27.637508
200,1784833559.8801854,,8.0,,8.0,,6.0,,6.0,,10.0,,10.0,,1.0,,1.0,,4.0,,4.0,,2.0,,2.0,,5.0,,5.0,,8.0,,8.0,,8.767429367639124,,6.876515854150057,,9.952883265912533,,1.420695278327912,,4.409442276693881,,2.412740812636912,,4.982183059444651,,8.875,-0.2644178867340088,-0.0002505396259948611,0.02304582216311246,1.895335927605629,32800768,44407,16016,1001,31.09018,0.008347818920447026,-0.00019551482982933522,-3.1499373063445093,-58.556866,0.015195894983480684,0.00041087670251727104,-3.1673176765441893,,,0.95,0.9,both,2.7563050628091785,3.0363967452448835,0.43336394493790076,0.0,-13.6178665,2407.0134144865815,31.09018
201,1784833627.4678807,,8.0,,8.0,,6.0,,6.0,,10.0,,10.0,,1.0,,1.0,,4.0,,4.0,,2.0,,2.0,,5.0,,5.0,,8.0,,8.0,,8.034775991691276,,5.835437279194593,,9.612005246803164,,0.8647398669272661,,4.106607944238931,,1.9866910837590694,,4.871915307594463,,8.0625,-0.6245934963226318,-0.0013254499062895775,0.2962186362419743,1.9081901758909225,32964608,44684,16096,1006,30.482773,0.007793595030670985,0.0011251899813942146,-3.1447483628988264,-78.089676,0.014563377731246874,0.001284041850885842,-3.150610026717186,,,0.95,0.9,both,2.686854872195517,2.9715121784085285,0.3343868812302311,0.0,-27.98823,2424.1098795138505,30.482773
202,1784833694.4383929,,8.0,,8.0,,6.0,,6.0,,10.0,,10.0,,1.0,,1.0,,4.0,,4.0,,2.0,,2.0,,5.0,,5.0,,8.0,,8.0,,8.288295932812616,,6.415009046439081,,9.845106363296509,,1.1038787388242781,,4.29459437308833,,1.991242789896205,,4.8647443521767855,,8.0625,-0.7013937830924988,-0.0035826845560222864,0.2568794860271737,1.9139159135520458,33128448,44895,16176,1011,10.351244,0.010574913295567968,-0.0005258941862848587,-3.131953586637974,-35.78409,0.023860921926097945,0.00013669655454577877,-3.1397402435541153,,,0.95,0.9,both,2.6272870609305627,2.756397911733276,0.5941282695705568,0.0,-38.67234,2446.449797970111,10.351244
203,1784833762.2743769,,8.0,,8.0,,6.0,,6.0,,10.0,,10.0,,1.0,,1.0,,4.0,,4.0,,2.0,,2.0,,5.0,,5.0,,8.0,,8.0,,7.2486823161598295,,5.295264149084687,,9.4792135899188,,0.6937571624293923,,3.5737617816776037,,1.6980159794911742,,4.6064359256997705,,7.5,-0.3522348403930664,-6.486690836027265e-05,0.041350237268488854,1.909093488007784,33292288,45092,16256,1016,14.16114,0.009673071387805977,0.0010595506988465785,-3.131295621395111,-32.246895,0.006960641946352553,-0.0003479240389424376,-3.129763390123844,,,0.95,0.9,both,2.929828589365802,2.618336368190305,0.2916341789343433,0.0,-10.578659,2415.2373202838544,14.16114
204,1784833827.9497728,,8.0,,8.0,,6.0,,6.0,,10.0,,10.0,,1.0,,1.0,,4.0,,4.0,,2.0,,2.0,,5.0,,5.0,,8.0,,8.0,,7.709236194379628,,5.592358730733395,,9.421159951481968,,0.8251313394866884,,3.777234250679612,,1.8399849200504832,,4.6613646539335605,,7.5,-0.6675528287887573,-0.00028275721706449986,0.27888813393656164,1.911444552242756,33456128,45298,16336,1021,-1.2194359,0.012664634559769183,0.0012732068586046807,-3.1551722079515456,-23.27962,0.023319530027220026,0.00027529599028639493,-3.1587057754397394,,,0.95,0.9,both,2.8592044554517324,2.856673864217237,0.5015024350371087,0.0,-13.9989805,2494.693739670351,-1.2194359
205,1784833893.387081,,8.0,,8.0,,6.0,,6.0,,10.0,,10.0,,1.0,,1.0,,4.0,,4.0,,2.0,,2.0,,5.0,,5.0,,8.0,,8.0,,7.681051502469927,,5.5489800199866295,,9.373864082619548,,0.850420028786175,,3.6308105266653,,1.83921311609447,,4.707657006569207,,7.75,-0.4996442198753357,-0.001243089558556676,0.28410005243495107,1.9126682989299297,33619968,45535,16416,1026,26.17742,0.008582582548842765,0.0014255589427193626,-3.1644580155611037,-27.233185,0.025772164430236444,-0.00014591470535378902,-3.1460780411958695,,,0.95,0.9,both,2.8700503724498247,2.888538862159833,0.5525567083806393,0.0,-23.248997,2503.7704613133164,26.17742
206,1784833959.6585474,,8.0,,8.0,,6.0,,6.0,,10.0,,10.0,,1.0,,1.0,,4.0,,4.0,,2.0,,2.0,,5.0,,5.0,,8.0,,8.0,,7.707801912911236,,5.402767347171903,,9.421281233429909,,0.7776658441871405,,3.6589415268972516,,1.9329949815291911,,4.655089143663645,,7.625,-0.3189051151275635,-0.0043323286809027195,0.223192329518497,1.924596343189478,33783808,45773,16496,1031,29.556458,0.006677794616553001,0.0006088386391638779,-3.1852654218673706,-48.022415,0.03539994122693315,0.000417464210477192,-3.138770119845867,,,0.95,0.9,both,2.866798588687063,2.9844742486808737,0.4871214065703376,0.0,-24.801426,2472.2556093010503,29.556458
207,1784834027.327799,,8.0,,8.0,,6.0,,6.0,,10.0,,10.0,,1.0,,1.0,,4.0,,4.0,,2.0,,2.0,,5.0,,5.0,,8.0,,8.0,,7.984850120730698,,6.178717370145023,,9.48804829083383,,0.991116352379322,,3.9207698247628286,,1.8224947187118232,,4.920929696789244,,7.9375,-0.19916905462741852,-0.004925406421534717,0.02457665657857433,1.9214562214910984,33947648,45969,16576,1036,22.43299,0.010485317031270824,0.0002982742073072586,-3.185860574245453,-22.908455,0.006231951076188125,0.0010175669347518123,-3.136172868311405,,,0.95,0.9,both,2.595621872713273,2.4482237428272304,0.3514759098905903,0.0,1.876817,2421.1882841268252,22.43299
208,1784834095.7251654,,8.0,,8.0,,6.0,,6.0,,10.0,,10.0,,1.0,,1.0,,4.0,,4.0,,2.0,,2.0,,5.0,,5.0,,8.0,,8.0,,7.415943154599518,,5.557838808745146,,9.351044443072169,,0.6661550109274685,,3.754777648486197,,1.5801216224208474,,4.568122438155115,,7.1875,-0.25627556443214417,-0.00022686787997372448,0.02861716563347727,1.9209055826067924,34111488,46163,16656,1041,-0.9138649,0.016046137930243277,0.0014668076284579002,-3.195920690894127,-24.495285,0.013012295687803998,0.0010561975665041245,-3.1647113770246507,,,0.95,0.9,both,2.7086554624518038,2.7442175907141872,0.31240099431215834,0.0,-4.346831,2395.414027460203,-0.9138649
209,1784834164.946422,,8.0,,8.0,,6.0,,6.0,,10.0,,10.0,,1.0,,1.0,,4.0,,4.0,,2.0,,2.0,,5.0,,5.0,,8.0,,8.0,,7.92101217340678,,5.597057330887765,,9.455850778147578,,0.8342251563444734,,3.833898048789706,,1.8710595536977053,,4.7694734476390295,,7.5,-0.7937048077583313,-0.007301393372472376,0.4894250174984336,1.9199452623724937,34275328,46387,16736,1046,-1.4759455,0.012928338829078711,0.00020953287166776137,-3.2220225885510443,-64.161575,0.04338819482363761,-0.00022916590969543905,-3.1688583225011824,,,0.95,0.9,both,2.7793990810805886,3.0568860356644456,0.37773905941700764,0.0,-16.053791,2366.9034899862213,-1.4759455
210,1784834235.207219,,8.0,,8.0,,6.0,,6.0,,10.0,,10.0,,1.0,,1.0,,4.0,,4.0,,2.0,,2.0,,5.0,,5.0,,8.0,,8.0,,7.604197828171891,,5.3201490780338645,,9.34069049404934,,0.6794505193829536,,3.635272841900587,,1.701310245320201,,4.660586867947131,,7.4375,-0.7263084053993225,0.0002841775421984494,0.33487016754224896,1.913996484130621,34439168,46615,16816,1051,18.571507,0.008453781928983517,0.0023423328078933992,-3.2399916991591455,-2.2321448,0.030718375218566508,0.0006883741087222006,-3.2434159725904466,,,0.95,0.9,both,3.0039394900373018,3.0327446305423935,0.43347928135252767,0.0,-24.675161,2331.88311500884,18.571507
211,1784834311.597214,,8.0,,8.0,,6.0,,6.0,,10.0,,10.0,,1.0,,1.0,,4.0,,4.0,,2.0,,2.0,,5.0,,5.0,,8.0,,8.0,,7.6502249063923955,,5.71340967155993,,9.322125046979636,,0.7092758057988249,,3.795646888902411,,1.7175661977380514,,4.631365407258272,,7.5,-0.6777428388595581,0.0001721043372526765,0.24381118587916717,1.9234892018139362,34603008,46828,16896,1056,3.3653035,0.009719725098693743,0.0010003003066231032,-3.2269798070192337,-77.79795,0.018268011166946964,0.00091986025654478,-3.208861804008484,,,0.95,0.9,both,2.697320191047485,2.8642664188662086,0.3296991818131467,0.0,2.163484,2144.78447633761,3.3653035
212,1784834385.2497392,,8.0,,8.0,,6.0,,6.0,,10.0,,10.0,,1.0,,1.0,,4.0,,4.0,,2.0,,2.0,,5.0,,5.0,,8.0,,8.0,,8.103102702647448,,5.947767115198076,,9.596361059695482,,0.8075827993452549,,3.985119271092117,,1.9457097561098635,,4.723011519759893,,8.3125,-1.1901400089263916,-0.010054504964500666,0.5159959681332111,1.9285431317985058,34766848,47078,16976,1061,20.793879,0.007167171986657195,-0.00019256691011833028,-3.243430104851723,-78.42337,0.03963263294426724,0.0004230622434988618,-3.2000099435448646,,,0.95,0.9,both,2.715430306461993,3.097987083581924,0.44303138113546336,0.0,-16.838564,2224.498598301511,20.793879
213,1784834461.873968,,8.0,,8.0,,6.0,,6.0,,10.0,,10.0,,1.0,,1.0,,4.0,,4.0,,2.0,,2.0,,5.0,,5.0,,8.0,,8.0,,8.620964200235903,,6.271036148769781,,9.940826553851366,,1.2460080143646337,,4.384192661615089,,2.1770570657681674,,4.941602872684598,,8.8125,-0.18010184168815613,0.0004078922502230853,0.07055572379613295,1.9198565110564232,34930688,47300,17056,1066,2.0105357,0.010283463215455414,0.0013762236725597178,-3.239208759367466,-26.279095,0.011351693869801237,0.0002927041241491679,-3.2101340308785438,,,0.95,0.9,both,2.7810430006753384,2.5671010348466563,0.46430012061331255,0.0,-5.1333885,2138.2271704221116,2.0105357
214,1784834536.5437288,,8.0,,8.0,,6.0,,6.0,,10.0,,10.0,,1.0,,1.0,,4.0,,4.0,,2.0,,2.0,,5.0,,5.0,,8.0,,8.0,,7.910369585733861,,5.501457518897951,,9.449896003119648,,0.9335389889311045,,3.7893879285547882,,1.919929648283869,,4.774420838803053,,7.8125,-0.49147745966911316,-0.003308379091322422,0.15803565096575767,1.9140912182629108,35094528,47518,17136,1071,17.837378,0.009022077028930653,0.001435096150089521,-3.230236579477787,-45.31783,0.021108630404341966,0.0006277621607296169,-3.1992443606257437,,,0.95,0.9,both,2.75430528914372,2.8859085965998905,0.41257988697905496,0.0,-34.04729,2194.194494950115,17.837378
215,1784834609.6549745,,8.0,,8.0,,6.0,,6.0,,10.0,,10.0,,1.0,,1.0,,4.0,,4.0,,2.0,,2.0,,5.0,,5.0,,8.0,,8.0,,7.255907528102398,,5.571439756080508,,9.50125335343182,,0.810201540007256,,3.772913539898582,,1.8850344277452677,,4.781100216321647,,7.3125,-0.49926790595054626,-0.002843645983375609,0.10666043439414352,1.905569352209568,35258368,47722,17216,1076,22.084848,0.007900887094729114,0.0009752625206601806,-3.2161136835813524,-32.933918,0.01350361134391278,-0.0003336401357955765,-3.2655729219317435,,,0.95,0.9,both,2.744327217790615,2.888956135165665,0.4481438463923757,0.0,-18.656567,2240.968501302937,22.084848
216,1784834680.9930205,,8.0,,8.0,,6.0,,6.0,,10.0,,10.0,,1.0,,1.0,,4.0,,4.0,,2.0,,2.0,,5.0,,5.0,,8.0,,8.0,,8.686057660728693,,6.328983181156218,,9.834798518568277,,1.319303996860981,,4.252374584320933,,2.3657103069126606,,4.986126446165144,,8.625,-0.3783527612686157,-0.001480048755183816,0.07519393949769437,1.9098514318466187,35422208,47960,17296,1081,9.028049,0.013080927007831634,-0.00119650765118422,-3.212689083814621,-50.984318,0.029176782938884573,0.001620319052017294,-3.2149045720696448,,,0.95,0.9,both,2.7790367344908473,3.186485218172243,0.48282256660828604,0.0,-36.55105,2296.670591153834,9.028049
217,1784834750.7772489,,8.0,,8.0,,6.0,,6.0,,10.0,,10.0,,1.0,,1.0,,4.0,,4.0,,2.0,,2.0,,5.0,,5.0,,8.0,,8.0,,7.742150298319757,,5.631272781640291,,9.487177358474582,,0.9104441299568862,,3.8199311164207757,,1.8998972717672586,,4.717415547376731,,7.9375,-0.6560741662979126,-0.007036347175016999,0.2544580769026652,1.917507078498602,35586048,48173,17376,1086,19.752674,0.010877147439168766,3.398114495212212e-05,-3.1719317004084586,-70.2903,0.018052062881179155,-0.0007674436317756772,-3.19662833660841,,,0.95,0.9,both,2.4196449013397694,2.725224793957956,0.3402445845706924,0.0,-39.39347,2347.8093398598007,19.752674
218,1784834820.5595841,,8.0,,8.0,,6.0,,6.0,,10.0,,10.0,,1.0,,1.0,,4.0,,4.0,,2.0,,2.0,,5.0,,5.0,,8.0,,8.0,,8.364469159394503,,6.617623615544289,,9.957491513341665,,1.1813814754132181,,4.269716803915799,,2.3008130269590765,,4.979658638592809,,8.4375,-0.3595496416091919,-0.002074178890325129,0.0833347705192864,1.9260046556591988,35749888,48415,17456,1091,-12.258676,0.013052131939912216,-0.0004041421852889471,-3.200771325826645,-10.988859,0.01219042159500532,-0.0006443805548769887,-3.164980761706829,,,0.95,0.9,both,2.7016193758002287,3.021009949570625,0.3134464700992934,0.0,-31.881634,2347.8711977298194,-12.258676
219,1784834888.1610608,,8.0,,8.0,,6.0,,6.0,,10.0,,10.0,,1.0,,1.0,,4.0,,4.0,,2.0,,2.0,,5.0,,5.0,,8.0,,8.0,,7.423688349896111,,5.756476759328507,,9.55116279097274,,0.8239709264598787,,3.9900022032670677,,1.850321197824087,,4.792778558563441,,7.6875,-0.6105154752731323,0.00016925943782553077,0.25854322896339,1.926490906625986,35913728,48672,17536,1096,31.102463,0.009537457377882674,0.0004954466501658316,-3.1656309485435488,-78.690445,0.027829128853045403,0.00024259495257865636,-3.1774193182587624,,,0.95,0.9,both,2.587998071830353,2.8963350041161893,0.3599495515882321,0.0,-1.123153,2423.6156547275114,31.102463
220,1784834955.0457368,,8.0,,8.0,,6.0,,6.0,,10.0,,10.0,,1.0,,1.0,,4.0,,4.0,,2.0,,2.0,,5.0,,5.0,,8.0,,8.0,,8.798329483252019,,6.322908299975097,,9.936916191130877,,1.2457338774111122,,4.325907528400421,,2.25950259657111,,4.966500031296164,,8.5,-0.4674051105976105,-0.0003642349620349705,0.1132843506638892,1.9302790872752666,36077568,48898,17616,1101,9.917684,0.010953250250895507,0.001300552469183458,-3.1322673887014387,-44.43807,0.022864548431243747,-0.0002637599696754478,-3.1698883935809135,,,0.95,0.9,both,2.8124964393524943,2.694096041156725,0.3273581469656358,0.0,-29.922436,2449.589601136241,9.917684
221,1784835019.860194,,8.0,,8.0,,6.0,,6.0,,10.0,,10.0,,1.0,,1.0,,4.0,,4.0,,2.0,,2.0,,5.0,,5.0,,8.0,,8.0,,7.894655491691083,,5.789085251279175,,9.520559847354889,,1.0248638107441366,,3.8793890769593418,,1.8763070395216346,,4.755017017014325,,7.8125,-1.2170754671096802,-0.010879476205445826,0.564651467371732,1.9387791864573956,36241408,49122,17696,1106,30.805714,0.009570526762399823,0.0016554184461710975,-3.135274849832058,-40.45742,0.045472442579921335,0.00036513648374238985,-3.168674522638321,,,0.95,0.9,both,2.6309886799325937,3.160890488172436,0.45782749744661994,0.0,-54.024017,2527.8299357768497,30.805714
222,1784835088.8599143,,8.0,,8.0,,6.0,,6.0,,10.0,,10.0,,1.0,,1.0,,4.0,,4.0,,2.0,,2.0,,5.0,,5.0,,8.0,,8.0,,8.489534074440598,,6.738864892162383,,9.852669866755605,,1.3243925895076245,,4.39689526008442,,2.3630557749420404,,4.942606083117425,,8.6875,-0.21296945214271545,-0.00270748432376422,0.030075726564973593,1.944221120327711,36405248,49328,17776,1111,21.563519,0.009420513719669543,0.0009859792444331106,-3.1292308285832404,-11.006594,0.003931688504962949,0.0009593048001988791,-3.1298798099160194,,,0.95,0.9,both,2.472886521153305,2.7057075176352794,0.338753434283789,0.0,-10.52737,2374.5032421825545,21.563519
223,1784835155.719367,,8.0,,8.0,,6.0,,6.0,,10.0,,10.0,,1.0,,1.0,,4.0,,4.0,,2.0,,2.0,,5.0,,5.0,,8.0,,8.0,,8.824834628263488,,6.446729156188667,,9.93061173800379,,1.2430645973654464,,4.30355344194686,,2.2043877015821636,,4.922248811926693,,8.6875,-0.12428563833236694,-0.002004283043788746,0.008954774413723499,1.942825648933649,36569088,49538,17856,1116,29.544622,0.010121025805710815,0.0019892219701432624,-3.1533621698617935,-6.692248,0.007142316093086265,0.0009943408003891818,-3.139902722835541,,,0.95,0.9,both,2.8234693540060123,2.566530000127664,0.4841055160382215,0.0,-27.562475,2450.5137106936963,29.544622
224,1784835224.977135,,8.0,,8.0,,6.0,,6.0,,10.0,,10.0,,1.0,,1.0,,4.0,,4.0,,2.0,,2.0,,5.0,,5.0,,8.0,,8.0,,7.5043184058740735,,5.987824217416346,,9.320704996585846,,0.8478671004995704,,3.7801801415043883,,2.014137170277536,,4.758582271635532,,7.875,-1.053977608680725,0.00022861006436869502,0.5660446588881314,1.937934022396803,36732928,49791,17936,1121,19.226704,0.008065084299596492,0.0002645532469614409,-3.153840847313404,-78.541374,0.03407730095786974,4.9552510608918966e-05,-3.1247631564736364,,,0.95,0.9,both,2.600853646586961,3.100875374013167,0.48654342058628924,0.0,-11.751004,2365.6552695325213,19.226704
225,1784835291.2216465,,8.0,,8.0,,6.0,,6.0,,10.0,,10.0,,1.0,,1.0,,4.0,,4.0,,2.0,,2.0,,5.0,,5.0,,8.0,,8.0,,8.020316211041063,,6.478922560927458,,9.988466179929674,,1.145284952435759,,4.012417563935742,,2.054676451254636,,4.8853745218366385,,8.125,-0.3171990215778351,-0.004847317904932424,0.053119842952582985,1.9398778080940247,36896768,50029,18016,1126,5.542222,0.015097981490544043,-0.0004312097473302856,-3.160441260039806,-16.57137,0.007733672286849469,-0.00042396822973387314,-3.1657086983323097,,,0.95,0.9,both,2.421804849032224,2.5845188698676735,0.36941572876172746,0.0,-54.885742,2473.2614669889213,5.542222
226,1784835359.5036185,,8.0,,8.0,,6.0,,6.0,,10.0,,10.0,,1.0,,1.0,,4.0,,4.0,,2.0,,2.0,,5.0,,5.0,,8.0,,8.0,,8.713604003190994,,6.747515445575118,,9.813519375398755,,1.3578050453215837,,4.236096709500998,,2.3490208880975842,,4.954179580323398,,8.75,-0.4101772606372833,-0.0002816392807289958,0.10399281355785206,1.932326216250658,37060608,50229,18096,1131,14.27196,0.013906557275913656,-0.001500780940114055,-3.1135809078812597,-19.367857,0.016244558247854,-0.00017210985242854804,-3.1668334692716598,,,0.95,0.9,both,2.4877750890706958,2.894349939961333,0.40983802178264994,0.0,-9.794734,2399.461987700562,14.27196
227,1784835426.5004575,,8.0,,8.0,,6.0,,6.0,,10.0,,10.0,,1.0,,1.0,,4.0,,4.0,,2.0,,2.0,,5.0,,5.0,,8.0,,8.0,,8.689119047485292,,6.59745798073709,,9.861639672890306,,1.2298028860241175,,4.173505114391446,,2.3440651861019433,,4.884949901141226,,8.5625,-0.0690278559923172,-0.0006089307134971023,0.1125224088318646,1.933516040444374,37224448,50488,18176,1136,26.848404,0.008112358866492286,0.00042054028454003857,-3.1584412097930907,-54.135857,0.029790509148733692,0.0012161651800852269,-3.131226497888565,,,0.95,0.9,both,2.9066899232147376,3.1092965535848784,0.36195210023390956,0.0,-22.544926,2445.4885641987407,26.848404
228,1784835493.9925122,,8.0,,8.0,,6.0,,6.0,,10.0,,10.0,,1.0,,1.0,,4.0,,4.0,,2.0,,2.0,,5.0,,5.0,,8.0,,8.0,,8.353112980723381,,6.196857013273984,,9.833575485274196,,1.0148221076233312,,3.928617772908183,,2.003320893738419,,4.744689490646124,,8.25,-0.26353245973587036,-0.0016183407860808074,0.12807905243244022,1.9295242056250572,37388288,50691,18256,1141,14.6666355,0.018445779621833934,0.0009597015116014518,-3.180739389359951,-12.109324,0.015369342465419322,9.49026842135936e-05,-3.1680138528347017,,,0.95,0.9,both,2.794105878923097,2.5693750208903743,0.3327520743552493,0.0,-24.368061,2427.5456976758937,14.6666355
229,1784835562.5801606,,8.0,,8.0,,6.0,,6.0,,10.0,,10.0,,1.0,,1.0,,4.0,,4.0,,2.0,,2.0,,5.0,,5.0,,8.0,,8.0,,8.074248759076,,5.457762027159333,,9.605198039207608,,0.8414538693614304,,3.932771900203079,,2.0129193641478196,,4.781112551689148,,8.0,-0.6537905931472778,-0.007582164078485221,0.2548886917065829,1.9383259564638138,37552128,50974,18336,1146,30.06684,0.008893901281408035,-1.9051364870392717e-05,-3.189524285495281,-21.650326,0.02180160573334433,-0.0006097112389397807,-3.196189820766449,,,0.95,0.9,both,2.8571267695860474,2.8514115457977183,0.46507017740663076,0.0,-8.198398,2388.7676352805947,30.06684
230,1784835631.6099713,,8.0,,8.0,,6.0,,6.0,,10.0,,10.0,,1.0,,1.0,,4.0,,4.0,,2.0,,2.0,,5.0,,5.0,,8.0,,8.0,,8.532102474826388,,6.547287466004491,,9.963629931153264,,1.3767546908929944,,4.25737604429014,,2.1428347718901932,,4.9680242913455,,8.5,0.10750420391559601,0.0001882639480754733,0.1320090420776978,1.9366815499961376,37715968,51191,18416,1151,21.130291,0.007446353859268129,-0.00012773001144523733,-3.220243439078331,-4.81405,0.022240403381874784,0.00015839191037230193,-3.2174380108714105,,,0.95,0.9,both,2.7808243570192452,2.7158554208776544,0.41862755042518307,0.0,-2.0231469,2373.467213285131,21.130291
231,1784835701.1971092,,8.0,,8.0,,6.0,,6.0,,10.0,,10.0,,1.0,,1.0,,4.0,,4.0,,2.0,,2.0,,5.0,,5.0,,8.0,,8.0,,8.683203740045428,,6.646921613253653,,9.945704631507397,,1.303765146061778,,4.301335976459086,,2.3177631814032793,,4.973083871416748,,8.75,-0.1794200986623764,0.0002668377128429711,0.03695808112388477,1.9342319630086422,37879808,51376,18496,1156,30.977234,0.008105616011016536,0.001880087112658657,-3.2248001635074615,-21.785412,0.01895672821556218,0.0005265665095066652,-3.2442858517169952,,,0.95,0.9,both,2.780768057923563,2.6642711192472417,0.5062669385346019,0.0,-7.4923754,2354.4581868953196,30.977234
232,1784835769.9771106,,8.0,,8.0,,6.0,,6.0,,10.0,,10.0,,1.0,,1.0,,4.0,,4.0,,2.0,,2.0,,5.0,,5.0,,8.0,,8.0,,8.09207771718502,,6.302029967308044,,9.836879279464483,,1.1208947068080306,,3.9614622434601188,,2.1317930271616206,,4.945410750806332,,8.125,-0.33283156156539917,-0.0018330799648538232,0.07369603228289634,1.9343254938721657,38043648,51573,18576,1161,10.348713,0.010360464836412574,0.0007975604079547338,-3.2461049884557722,-12.725533,0.022984745306894185,0.000383091285766568,-3.2576300993561746,,,0.95,0.9,both,2.5752469411466468,2.914613073534349,0.29901872053843587,0.0,-5.723261,2382.0877112521134,10.348713
233,1784835838.4685543,,8.0,,8.0,,6.0,,6.0,,10.0,,10.0,,1.0,,1.0,,4.0,,4.0,,2.0,,2.0,,5.0,,5.0,,8.0,,8.0,,8.614600073546171,,6.557984745646536,,9.848830407019705,,1.376045198936481,,4.391789420740679,,2.308318220078945,,5.0,,8.875,-0.413042277097702,-0.003000092809088528,0.05740589136257768,1.9362358450889587,38207488,51834,18656,1166,8.512572,0.009963947610231116,0.0019630525363027117,-3.219787585735321,-55.95925,0.031220688158646225,0.00027191841654712335,-3.242007628083229,,,0.95,0.9,both,3.0608814193046383,3.2332119974811313,0.37917860412617155,0.0,-11.003695,2392.1237298262126,8.512572
234,1784835906.933923,,8.0,,8.0,,6.0,,6.0,,10.0,,10.0,,1.0,,1.0,,4.0,,4.0,,2.0,,2.0,,5.0,,5.0,,8.0,,8.0,,8.259924423415214,,6.234284060075879,,9.545879719080403,,1.0819309996441007,,4.133957447018474,,1.9975042990408838,,4.8313068356364965,,8.4375,-0.5568737387657166,-0.0003023158060386777,0.20482851361157373,1.929892472922802,38371328,52054,18736,1171,14.449094,0.013853489118628205,0.0007187039591372013,-3.214433491230011,-18.030458,0.01881719278753735,-0.0008401613580645062,-3.2653431475162504,,,0.95,0.9,both,2.528828753587528,2.7673251632187545,0.42962834576373937,0.0,-1.6625926,2393.034515190884,14.449094
235,1784835974.50378,,8.0,,8.0,,6.0,,6.0,,10.0,,10.0,,1.0,,1.0,,4.0,,4.0,,2.0,,2.0,,5.0,,5.0,,8.0,,8.0,,8.094046605983749,,6.040750029496849,,9.610785492695868,,1.0592405669012805,,3.9963860362768173,,2.017872203839943,,4.864961406681687,,8.1875,-0.13881045579910278,-0.0012555462890304625,0.060107044177129865,1.927419736981392,38535168,52253,18816,1176,31.432339,0.00906800384982489,0.0016676052982802503,-3.2331462278962135,-9.698634,0.01973004292231053,0.0007284490202437155,-3.251638951897621,,,0.95,0.9,both,2.652438319299358,2.9316668989732824,0.41457585161721267,0.0,-26.581772,2424.749870781663,31.432339
236,1784836040.9475086,,8.0,,8.0,,6.0,,6.0,,10.0,,10.0,,1.0,,1.0,,4.0,,4.0,,2.0,,2.0,,5.0,,5.0,,8.0,,8.0,,7.818496020510793,,5.58468441828154,,9.399778787512332,,0.697774394415319,,3.9531550724059343,,1.8557991774287075,,4.8628465451765805,,7.75,-1.2898437976837158,-0.005844551953487098,0.6489204398239963,1.923228196799755,38699008,52476,18896,1181,7.445607,0.015396591785247438,-0.00028397963833413085,-3.183392733335495,-77.512405,0.04203325877897442,-0.0002558394247898832,-3.173628257215023,,,0.95,0.9,both,2.679546832232977,2.8882985811897703,0.35147568730302703,0.0,-30.109152,2465.845966131129,7.445607
237,1784836109.9845316,,8.0,,8.0,,6.0,,6.0,,10.0,,10.0,,1.0,,1.0,,4.0,,4.0,,2.0,,2.0,,5.0,,5.0,,8.0,,8.0,,8.414558426477015,,6.514985924703069,,9.936095087323338,,1.4014785547042266,,4.3007110664620996,,2.3186318119987845,,4.952387414872646,,8.3125,-0.43565285205841064,-0.00040532631101086736,0.21049302368192002,1.9339454658329487,38862848,52679,18976,1186,11.882504,0.010674433202075307,0.0003963932002079673,-3.177186432480812,-67.42562,0.028734563244506718,0.002059554448351264,-3.1957416728138925,,,0.95,0.9,both,2.725324434341176,2.8736786204260496,0.5216762246876184,0.0,-7.15294,2373.2193497793955,11.882504
238,1784836176.38389,,8.0,,8.0,,6.0,,6.0,,10.0,,10.0,,1.0,,1.0,,4.0,,4.0,,2.0,,2.0,,5.0,,5.0,,8.0,,8.0,,8.276915123686194,,5.810896722599864,,9.744619976729155,,1.1261179083958268,,3.9925906214048155,,2.0110634565353394,,4.853783669881523,,8.0625,-0.7062944173812866,0.0002346151159144938,0.3056091774487868,1.9277121312916279,39026688,52894,19056,1191,14.164484,0.010266091403900645,0.0015993539142073131,-3.1862090438604356,-34.690212,0.034034918679390104,0.00045556878321804104,-3.2159795314073563,,,0.95,0.9,both,2.796424939508056,3.0524732719677887,0.31744749237797765,0.0,-45.28328,2467.4927895568617,14.164484
239,1784836243.7066221,,8.0,,8.0,,6.0,,6.0,,10.0,,10.0,,1.0,,1.0,,4.0,,4.0,,2.0,,2.0,,5.0,,5.0,,8.0,,8.0,,8.494835713587236,,6.405062912032008,,9.869590328074992,,1.2654621982946992,,4.463275846093893,,2.3559788446873426,,4.931143897003494,,8.5,-0.881071150302887,-0.002895438752602786,0.35535659128800035,1.9331768304109573,39190528,53096,19136,1196,11.369446,0.012770374276442453,-0.0006543534072989132,-3.179066966474056,-48.28661,0.018323786440305412,0.0005647475845762528,-3.2104084894061087,,,0.95,0.9,both,2.645129360769462,3.0230158203557975,0.46808373489505284,0.0,0.7623665,2433.65207517432,11.369446
240,1784836311.870527,,8.0,,8.0,,6.0,,6.0,,10.0,,10.0,,1.0,,1.0,,4.0,,4.0,,2.0,,2.0,,5.0,,5.0,,8.0,,8.0,,8.052365954965353,,6.076124687213451,,9.719264353625476,,1.204956020694226,,4.101361054461449,,2.2987452868255787,,4.825119233690202,,8.4375,-1.0983115434646606,-0.0023654254619032145,0.4771708403714001,1.9262655191123486,39354368,53335,19216,1201,-0.7200249,0.021184295503189787,0.0007772007476887666,-3.1880649834871293,-77.99513,0.04626710489392281,-0.00032579877370153554,-3.192224907875061,,,0.95,0.9,both,2.761491474906149,3.087775154507677,0.377835659952951,0.0,-20.251535,2403.6176218464884,-0.7200249
241,1784836379.6682863,,8.0,,8.0,,6.0,,6.0,,10.0,,10.0,,1.0,,1.0,,4.0,,4.0,,2.0,,2.0,,5.0,,5.0,,8.0,,8.0,,8.643392722122371,,6.799100508913398,,9.94315729290247,,1.2004403537139297,,4.294377719052136,,2.374415596947074,,4.963242746889591,,8.3125,-0.2066318243741989,0.00019764102762565017,0.03455072667566128,1.9175030142068863,39518208,53540,19296,1206,4.224565,0.010509237137739547,-0.000323530902096536,-3.173874208331108,-19.482304,0.009490561844722833,-0.0003300616837805137,-3.2251712769269942,,,0.95,0.9,both,2.6364735333028846,2.502705992240555,0.35098720022978597,0.0,-22.96124,2416.5990002228677,4.224565
242,1784836447.5366902,,8.0,,8.0,,6.0,,6.0,,10.0,,10.0,,1.0,,1.0,,4.0,,4.0,,2.0,,2.0,,5.0,,5.0,,8.0,,8.0,,8.887147786095738,,6.972341816872358,,9.908455036580563,,1.360440653981641,,4.435000502504408,,2.4104847493581474,,4.931583339348435,,8.8125,-0.4346570372581482,-2.2841442842036486e-05,0.12362119305180386,1.925111036747694,39682048,53735,19376,1211,10.495848,0.010012739028024954,0.0006641157990088687,-3.2032138079404833,-67.765366,0.02117003673920408,-0.00019777182606048883,-3.232569344341755,,,0.95,0.9,both,2.896465789243757,2.799061250697914,0.5967094202710586,0.0,-35.836933,2414.0834934022782,10.495848
243,1784836516.372994,,8.0,,8.0,,6.0,,6.0,,10.0,,10.0,,1.0,,1.0,,4.0,,4.0,,2.0,,2.0,,5.0,,5.0,,8.0,,8.0,,7.445958372642053,,5.710444139782339,,9.140428157523274,,0.6977776028215885,,3.6896688379347324,,1.6427502545993775,,4.598080100957304,,7.25,-0.6730604767799377,-0.001684751594439149,0.2360316663980484,1.9246796928346157,39845888,53966,19456,1216,17.353176,0.00894369032321265,0.0010692111711250619,-3.215704347193241,-44.534077,0.0201308834773954,-1.0476625902811065e-05,-3.249130529165268,,,0.95,0.9,both,2.911268937912177,3.0589014708518967,0.42440237099614125,0.0,-13.558882,2380.139469940674,17.353176
244,1784836585.5347672,,8.0,,8.0,,6.0,,6.0,,10.0,,10.0,,1.0,,1.0,,4.0,,4.0,,2.0,,2.0,,5.0,,5.0,,8.0,,8.0,,8.336347112432122,,6.644745922647417,,9.830117084085941,,1.3211500067263842,,4.338429650757462,,2.2210231288336217,,4.904615330509841,,8.5625,-0.20296455919742584,-0.0031253108172677457,0.01561504986602813,1.9300328120589256,40009728,54207,19536,1221,24.480381,0.008516804801183752,0.002058564539765939,-3.2112041443586348,-11.441237,0.004549620824400335,0.0016941704219789245,-3.2363608509302138,,,0.95,0.9,both,2.8298108189414526,2.8876254000751223,0.40111500445642984,0.0,-23.955673,2368.938691442169,24.480381
245,1784836655.197714,,8.0,,8.0,,6.0,,6.0,,10.0,,10.0,,1.0,,1.0,,4.0,,4.0,,2.0,,2.0,,5.0,,5.0,,8.0,,8.0,,8.322059067475493,,6.6028850744478405,,9.899567306041718,,1.2333314011921175,,4.305526510812342,,2.285019856200961,,4.944669555174187,,8.625,-0.3146790862083435,0.0005077527021057904,0.08348223171196878,1.944547202438116,40173568,54387,19616,1226,29.60928,0.007961460751539562,0.001069401744462084,-3.235117156803608,-25.401419,0.016233308293158187,8.710163383511827e-05,-3.2706388577818872,,,0.95,0.9,both,2.8684305221395205,2.8616165795283535,0.3849037002722695,0.0,-31.387812,2351.896028928214,29.60928
246,1784836724.4688914,,8.0,,8.0,,6.0,,6.0,,10.0,,10.0,,1.0,,1.0,,4.0,,4.0,,2.0,,2.0,,5.0,,5.0,,8.0,,8.0,,8.648939076811075,,6.456653672270477,,9.972339843865484,,1.211349794990383,,4.235598022118211,,2.304213270545006,,4.93734910688363,,8.6875,-0.08168542385101318,-0.002635875076521188,0.07428160530980676,1.9411411918699741,40337408,54648,19696,1231,12.231562,0.010070739594812039,9.455378458369523e-05,-3.2502218052744865,-36.14364,0.024062373978085815,0.0007219358012662269,-3.2756673485040664,,,0.95,0.9,both,2.8328464675141003,3.2871234416257544,0.5491173678911933,0.0,-18.173584,2365.1971041937286,12.231562
247,1784836793.3451562,,8.0,,8.0,,6.0,,6.0,,10.0,,10.0,,1.0,,1.0,,4.0,,4.0,,2.0,,2.0,,5.0,,5.0,,8.0,,8.0,,8.764757376164198,,6.74007149040699,,9.979137325659394,,1.4023437171708792,,4.366425069049001,,2.326900618849322,,4.931705712340772,,8.6875,0.01190740242600441,-0.002775129396468401,0.05984829628141597,1.9383015632629395,40501248,54883,19776,1236,22.025253,0.007393134899029974,0.00036638020974351094,-3.261532884836197,-5.1660795,0.016309890046250074,0.00019762549927690998,-3.2697261080145834,,,0.95,0.9,both,2.7452058737213,3.0951577603858036,0.5972317801781293,0.0,-3.239278,2378.7585397013436,22.025253
248,1784836861.2117162,,8.0,,8.0,,6.0,,6.0,,10.0,,10.0,,1.0,,1.0,,4.0,,4.0,,2.0,,2.0,,5.0,,5.0,,8.0,,8.0,,8.757611640030518,,6.715648360550404,,9.936193594709039,,1.3460159651876893,,4.302786698332056,,2.418086566030979,,4.946913367137313,,8.9375,-0.089483343064785,0.00020070403115823865,0.02438868081662804,1.9401096552610397,40665088,55088,19856,1241,20.922873,0.009091979630466086,0.0018264167243614792,-3.261577624082565,-0.23893051,0.013713144720532,0.0008786706457613036,-3.289697577059269,,,0.95,0.9,both,2.8575835777493657,3.07310423571788,0.3371505197102038,0.0,-22.644268,2414.1494549065233,20.922873
249,1784836928.124984,,8.0,,8.0,,6.0,,6.0,,10.0,,10.0,,1.0,,1.0,,4.0,,4.0,,2.0,,2.0,,5.0,,5.0,,8.0,,8.0,,7.598016180098057,,5.987234450178221,,9.301186837023124,,0.7668678808258846,,3.908122312685009,,1.8538383968407288,,4.702204910106957,,7.375,-0.6284986138343811,0.00021461269352585077,0.07246047264197841,1.9439021684229374,40828928,55323,19936,1246,-11.98299,0.0173396965052234,0.0015637562886695378,-3.2663622468709947,-60.386333,0.01800193141098134,-0.0002608673690701835,-3.2841997697949408,,,0.95,0.9,both,2.7961125700942935,2.800971111520833,0.3563684016927935,0.0,-37.1542,2448.5415166081443,-11.98299
250,1784836993.8179622,,8.0,,8.0,,6.0,,6.0,,10.0,,10.0,,1.0,,1.0,,4.0,,4.0,,2.0,,2.0,,5.0,,5.0,,8.0,,8.0,,8.556697278749198,,6.6194970440119505,,9.87332806084305,,1.3920739041641355,,4.306792217772454,,2.3433564696460962,,4.961237978190184,,8.8125,-0.24279068410396576,-2.5458924937993288e-05,0.005807407505926676,1.9438101164996624,40992768,55511,20016,1251,14.528976,0.013817985751666128,-0.00042821220340556466,-3.277022238075733,-4.199885,0.0076743424302549105,0.0008876452106051147,-3.3050917580723764,,,0.95,0.9,both,2.6365647387260567,2.5979437968825665,0.35551288633961076,0.0,-45.35134,2494.0270753132513,14.528976
251,1784837059.2802386,,8.0,,8.0,,6.0,,6.0,,10.0,,10.0,,1.0,,1.0,,4.0,,4.0,,2.0,,2.0,,5.0,,5.0,,8.0,,8.0,,7.459317913046107,,5.4063745071180165,,9.26882316917181,,0.8233482674695551,,4.020435727899894,,1.6869531446136534,,4.685498997569084,,7.375,-0.5638020038604736,-0.0005661950563080609,0.11386206815950572,1.9414132237434387,41156608,55722,20096,1256,24.189493,0.008404423360479996,0.0018485989276086912,-3.3147336035966872,-48.293793,0.027616199350450187,-3.737892984645441e-05,-3.318337266147137,,,0.95,0.9,both,2.786852263230599,2.717374706449222,0.37784126187762335,0.0,-40.982933,2502.815290878344,24.189493
252,1784837126.6439135,,8.0,,8.0,,6.0,,6.0,,10.0,,10.0,,1.0,,1.0,,4.0,,4.0,,2.0,,2.0,,5.0,,5.0,,8.0,,8.0,,7.992623041849583,,5.763336428673938,,9.509893632493913,,0.8247761199891102,,3.7337526242190506,,1.7833088688203134,,4.727968991268426,,7.75,-0.7503258585929871,0.00023047288414090872,0.30388926836894825,1.9450483322143555,41320448,55918,20176,1261,17.124983,0.009266041370574385,-0.00019423479243414478,-3.315148748457432,-77.83319,0.021223796322010456,0.0006819969545176719,-3.3000334694981577,,,0.95,0.9,both,2.7058868138653827,2.860959570651741,0.427978053194998,0.0,-20.57484,2432.1715956100197,17.124983
253,1784837192.7259154,,8.0,,8.0,,6.0,,6.0,,10.0,,10.0,,1.0,,1.0,,4.0,,4.0,,2.0,,2.0,,5.0,,5.0,,8.0,,8.0,,7.936616820283234,,5.498541472363286,,9.653124995296821,,0.9290845571085811,,3.9935943707823753,,1.9895132784731686,,4.68799907527864,,7.9375,-0.5363010168075562,-0.0016708243638277054,0.28904479183256626,1.9514837563037872,41484288,56140,20256,1266,30.908772,0.009310920664574951,0.001713385820039548,-3.2985730856657027,-39.63393,0.014274177589686587,0.000912453436467331,-3.3197786644101144,,,0.95,0.9,both,2.748232335591373,3.184232648870968,0.3049069230429146,0.0,-32.221367,2479.3429028181276,30.908772
254,1784837260.5846856,,8.0,,8.0,,6.0,,6.0,,10.0,,10.0,,1.0,,1.0,,4.0,,4.0,,2.0,,2.0,,5.0,,5.0,,8.0,,8.0,,7.631747213425115,,5.681219298392534,,9.507443107664585,,0.9418445965275168,,3.76697719655931,,2.00446115154773,,4.666825570398942,,7.875,-0.2866870164871216,-0.005750378710217774,0.02227623073849827,1.9573266506195068,41648128,56329,20336,1271,14.360608,0.007181438546103891,0.0006001304165693,-3.283869893848896,-36.44628,0.016351965875946915,-0.0001738995546475053,-3.293403996527195,,,0.95,0.9,both,2.9612069486798758,2.7811963746786104,0.31277442618351575,0.0,-14.297327,2414.4274234474015,14.360608
255,1784837327.9989693,,8.0,,8.0,,6.0,,6.0,,10.0,,10.0,,1.0,,1.0,,4.0,,4.0,,2.0,,2.0,,5.0,,5.0,,8.0,,8.0,,8.60273294011131,,6.522864340397064,,9.809003558009863,,1.1199363942723721,,4.082334023056319,,2.17181073280517,,4.894503615796566,,8.4375,-0.2668428122997284,-0.006277318578213453,0.06221453123725951,1.9550980255007744,41811968,56542,20416,1276,32.40636,0.009272796504956205,0.0015923557606583928,-3.298399855196476,-28.376886,0.008180261639063246,-0.00038831558340461924,-3.324101780354977,,,0.95,0.9,both,3.024222083843167,2.8159962822538445,0.45044807129937126,0.0,-29.456635,2430.3451409991803,32.40636
256,1784837396.7442062,,8.0,,8.0,,6.0,,6.0,,10.0,,10.0,,1.0,,1.0,,4.0,,4.0,,2.0,,2.0,,5.0,,5.0,,8.0,,8.0,,8.152241152944043,,6.281866165343672,,9.73069609241793,,0.8876202336978167,,4.034718831535429,,2.1244995376328006,,4.795705494936556,,8.375,-0.29290732741355896,-0.00015507620992138982,0.022495197743410245,1.9518890082836151,41975808,56722,20496,1281,32.380623,0.006882622532430105,0.0013518256862880662,-3.294928140938282,-8.509497,0.007595073561242316,-0.00047595750511391087,-3.2743438512086867,,,0.95,0.9,both,2.8003650862137937,2.5636897110710075,0.30941745355151123,0.0,-12.235446,2383.2916172372666,32.380623
257,1784837462.2594757,,8.0,,8.0,,6.0,,6.0,,10.0,,10.0,,1.0,,1.0,,4.0,,4.0,,2.0,,2.0,,5.0,,5.0,,8.0,,8.0,,7.863485036883503,,6.284284018329345,,9.681015629321337,,0.96459227707237,,4.081035213777795,,2.030002372339368,,4.825868632120546,,8.0625,-0.21148934960365295,-0.0035181568237021565,0.04946734308032319,1.9559677504003048,42139648,56901,20576,1286,22.472782,0.008531836562906393,-0.0006212387852428947,-3.254616180062294,-17.365747,0.012674205374787561,0.00021241687645670026,-3.2704911559820173,,,0.95,0.9,both,2.7598032586544723,2.608579522710105,0.3207997151850565,0.0,-41.770332,2500.792459865221,22.472782
258,1784837529.506105,,8.0,,8.0,,6.0,,6.0,,10.0,,10.0,,1.0,,1.0,,4.0,,4.0,,2.0,,2.0,,5.0,,5.0,,8.0,,8.0,,7.810559593141079,,6.769991458393633,,9.740154460072517,,1.1808085283264518,,4.1073903907090425,,1.9415702654223423,,4.83825796097517,,8.4375,-0.4401409327983856,-0.0003821776481345296,0.11491674149874598,1.9556209668517113,42303488,57115,20656,1291,21.041355,0.010054746152309234,-0.000960672224755399,-3.2587196603417397,-31.928696,0.03377353409305215,0.00014979625630076043,-3.21966070830822,,,0.95,0.9,both,2.5244130355465186,3.0055815361312543,0.5032165517642591,0.0,-30.8224,2436.4041064751323,21.041355
259,1784837596.9728599,,8.0,,8.0,,6.0,,6.0,,10.0,,10.0,,1.0,,1.0,,4.0,,4.0,,2.0,,2.0,,5.0,,5.0,,8.0,,8.0,,8.042272140504792,,6.164995300350711,,9.42384429834783,,0.7830940786516294,,3.925334815401584,,1.9456337648443878,,4.788743071258068,,8.0,0.045611970126628876,-0.006422100646886975,0.06092994875507429,1.9566732831299305,42467328,57427,20736,1296,22.207073,0.009728411932883319,0.0018155680685595144,-3.2826836884021757,-46.171413,0.026771236857166515,0.0007572920869279188,-3.2187235742807387,,,0.95,0.9,both,2.761415029046548,3.074930955220519,0.3741552724816024,0.0,-23.23379,2428.455328373614,22.207073
260,1784837664.7319257,,8.0,,8.0,,6.0,,6.0,,10.0,,10.0,,1.0,,1.0,,4.0,,4.0,,2.0,,2.0,,5.0,,5.0,,8.0,,8.0,,8.102925788611174,,5.8854496432468295,,9.527479669079185,,0.9998184371506795,,3.9479031153023243,,1.8399507580325007,,4.9026361159048975,,7.9375,-1.1360419988632202,0.0001489145215600729,0.6232610009610653,1.9579657316207886,42631168,57680,20816,1301,22.683239,0.009845314393169246,0.0006557322587468662,-3.2529715597629547,-46.54966,0.05192813526373356,-0.0011444549847510644,-3.2541734099388124,,,0.95,0.9,both,2.612553549939759,3.054506554692945,0.42135270544013625,0.0,-25.294836,2417.979146211895,22.683239
261,1784837730.659146,,8.0,,8.0,,6.0,,6.0,,10.0,,10.0,,1.0,,1.0,,4.0,,4.0,,2.0,,2.0,,5.0,,5.0,,8.0,,8.0,,8.140283179993276,,6.295744789764285,,9.778455100953579,,1.2695929605979472,,4.078996442607604,,2.2757892087101936,,4.987633949145675,,8.25,-0.5335149168968201,-0.001082217087969184,0.1983084101229906,1.9581228382885456,42795008,57944,20896,1306,23.510086,0.0074685512241558175,0.0009832338299020193,-3.2776566252112387,-21.060347,0.018822051613824442,0.00046038381551625205,-3.280179312825203,,,0.95,0.9,both,2.8850813890254843,2.970312707674763,0.31145956598609903,0.0,-18.80569,2485.164534062593,23.510086
262,1784837796.6895542,,8.0,,8.0,,6.0,,6.0,,10.0,,10.0,,1.0,,1.0,,4.0,,4.0,,2.0,,2.0,,5.0,,5.0,,8.0,,8.0,,8.081687635742128,,6.162632204679539,,9.428112460300326,,0.9271472804248333,,3.8559591551311314,,1.9897789787501097,,4.78574482537806,,8.0625,-0.4732378423213959,-0.000272726989351213,0.21640336536802351,1.9614010900259018,42958848,58216,20976,1311,30.582897,0.007363011286361143,-0.00012576024018926547,-3.2893205285072327,-6.6716814,0.01888085585087538,0.000504977855598554,-3.2726748496294022,,,0.95,0.9,both,2.784404156529911,2.951697875008508,0.40277650359260087,0.0,-20.209349,2481.2812836606913,30.582897
263,1784837862.2288594,,8.0,,8.0,,6.0,,6.0,,10.0,,10.0,,1.0,,1.0,,4.0,,4.0,,2.0,,2.0,,5.0,,5.0,,8.0,,8.0,,8.409666318213567,,6.551880008075386,,9.953440926969051,,1.296282562194392,,4.166395073290914,,2.2383052462828346,,4.943634171038866,,8.1875,-0.09178873896598816,-0.0014272736152634025,0.023515920707723126,1.9689823016524315,43122688,58399,21056,1316,8.119088,0.012450497582904063,-0.0005462773377075791,-3.3311293914914133,-3.5097508,0.006349981049424969,-0.0003374670501216315,-3.3068139761686326,,,0.95,0.9,both,2.6358569245350774,2.7897385797515986,0.4063791008346542,0.0,-16.458796,2499.8728992232686,8.119088
264,1784837929.3201895,,8.0,,8.0,,6.0,,6.0,,10.0,,10.0,,1.0,,1.0,,4.0,,4.0,,2.0,,2.0,,5.0,,5.0,,8.0,,8.0,,7.943590753246099,,5.767454085871577,,9.637526095379144,,1.050609360303497,,4.044044121168554,,2.0731468996964395,,4.844070959836245,,7.625,-0.5220404863357544,-0.0006738551892340183,0.19142179534537718,1.9742240868508816,43286528,58618,21136,1321,13.330797,0.009824768807447981,0.000462841872649733,-3.3205845281481743,-69.89351,0.016772097977809607,-0.0005990026940708049,-3.333762787282467,,,0.95,0.9,both,2.823824016130143,2.992038286974812,0.31864770150753413,0.0,-43.212055,2442.045132498341,13.330797
265,1784837995.4296143,,8.0,,8.0,,6.0,,6.0,,10.0,,10.0,,1.0,,1.0,,4.0,,4.0,,2.0,,2.0,,5.0,,5.0,,8.0,,8.0,,7.5189177875290625,,5.749311059713364,,9.702475803904235,,0.8129052315780427,,3.8891980014159344,,1.8340640065725893,,4.755566434934735,,7.9375,-0.6850495338439941,-0.012477701180614531,0.24007488903589547,1.976640447974205,43450368,58848,21216,1326,8.004971,0.01252464100252837,0.0010105298977578058,-3.3500719159841537,-43.78549,0.01961815539980307,0.0006186346887261607,-3.3254294961690904,,,0.95,0.9,both,2.817544953064582,3.038293833551779,0.38195724137372605,0.0,-16.97393,2478.3152360167674,8.004971
266,1784838060.8318684,,8.0,,8.0,,6.0,,6.0,,10.0,,10.0,,1.0,,1.0,,4.0,,4.0,,2.0,,2.0,,5.0,,5.0,,8.0,,8.0,,8.14627213892527,,6.253096787258983,,9.790229186415672,,0.8653237449470907,,4.1513214241713285,,2.0794328250922263,,4.9271554737351835,,8.375,-0.3898952007293701,-0.005717260763049126,0.3131528734229505,1.9779938980937004,43614208,59113,21296,1331,24.13829,0.012283310742350294,0.0024444035421765874,-3.333804576098919,-62.180805,0.03980661389650777,0.0002589310526673216,-3.332761523127556,,,0.95,0.9,both,2.7691207227764147,3.047176884168647,0.44409618034579496,0.0,-21.643936,2505.1125134772665,24.13829
267,1784838125.9723878,,8.0,,8.0,,6.0,,6.0,,10.0,,10.0,,1.0,,1.0,,4.0,,4.0,,2.0,,2.0,,5.0,,5.0,,8.0,,8.0,,8.72223799303174,,6.638413442764431,,9.875970367342234,,1.338909788057208,,4.164673007559031,,2.243762309430167,,4.90783963073045,,8.75,-0.2722572982311249,-0.004707238724222407,0.03683297446696088,1.9724568873643875,43778048,59343,21376,1336,15.4786,0.011235893960110844,0.001520614907349227,-3.376346069574356,-14.017324,0.024601218837779014,0.00022694113140460105,-3.349964314699173,,,0.95,0.9,both,2.828888703725475,2.9890527970902214,0.45784544351489687,0.0,-19.518332,2515.1770129251754,15.4786
268,1784838190.6285443,,8.0,,8.0,,6.0,,6.0,,10.0,,10.0,,1.0,,1.0,,4.0,,4.0,,2.0,,2.0,,5.0,,5.0,,8.0,,8.0,,7.7285042414441705,,5.872247911756858,,9.701663727406412,,0.9200186682865024,,3.8510879538953304,,1.9413454150781035,,4.815373595105484,,7.4375,-0.49722597002983093,-0.015707957500126213,0.21440147887915373,1.9689904935657978,43941888,59539,21456,1341,31.856182,0.00836168362875469,0.00039113666862249373,-3.370434920489788,-35.398575,0.029450337775051592,0.001470483529556077,-3.378503842651844,,,0.95,0.9,both,2.7920565296182533,3.123711114687437,0.3500605573848906,0.0,-35.286694,2534.020001704289,31.856182
269,1784838255.7047887,,8.0,,8.0,,6.0,,6.0,,10.0,,10.0,,1.0,,1.0,,4.0,,4.0,,2.0,,2.0,,5.0,,5.0,,8.0,,8.0,,8.45311541610863,,6.134306825697422,,9.78608420304954,,1.054468003101647,,3.952307261613896,,2.106065161060542,,4.887190452776849,,7.9375,-0.422690749168396,-0.00044464782695285976,0.25390829204116017,1.9704872258007526,44105728,59789,21536,1346,23.035831,0.01070483020012034,-0.00032815955200931056,-3.356030374765396,-8.162882,0.03728119236184284,0.0011605683830566704,-3.35789128690958,,,0.95,0.9,both,2.5915965433278454,3.228485011927513,0.3801138383519067,0.0,-13.522351,2517.6628583620795,23.035831
270,1784838323.206254,,8.0,,8.0,,6.0,,6.0,,10.0,,10.0,,1.0,,1.0,,4.0,,4.0,,2.0,,2.0,,5.0,,5.0,,8.0,,8.0,,7.5735836159437895,,5.720825674477965,,9.489901332184672,,0.878294619731605,,3.8951570694334805,,1.788693455106113,,4.716365274041891,,7.8125,-0.5144349932670593,-0.00320974993519485,0.10665487061487511,1.9839037917554379,44269568,59994,21616,1351,16.114908,0.015857251395937057,0.0005026307771913707,-3.328692103922367,-35.601166,0.027923492481932044,0.00013209740427555516,-3.3606782093644143,,,0.95,0.9,both,2.6267152068170043,2.932858485183644,0.32652021612883697,0.0,-7.0930557,2427.206884845544,16.114908
271,1784838390.6576052,,8.0,,8.0,,6.0,,6.0,,10.0,,10.0,,1.0,,1.0,,4.0,,4.0,,2.0,,2.0,,5.0,,5.0,,8.0,,8.0,,8.144846259150654,,6.454980522859842,,9.81390115886461,,1.1238177783088759,,4.027738645469071,,2.0169594543112908,,4.7924202140420675,,8.375,-0.15872152149677277,-0.012713777367025614,0.041608097904827446,1.9867129102349281,44433408,60217,21696,1356,-0.055504225,0.013521880182088353,-4.349575101514347e-06,-3.3373567029833793,-23.14747,0.011635555425891652,-1.2293021427467465e-05,-3.345468692481518,,,0.95,0.9,both,2.7251282454478853,2.7331431777859096,0.3790444868812926,0.0,-17.845585,2429.0100357506894,-0.055504225
272,1784838459.0647476,,8.0,,8.0,,6.0,,6.0,,10.0,,10.0,,1.0,,1.0,,4.0,,4.0,,2.0,,2.0,,5.0,,5.0,,8.0,,8.0,,7.864536266773939,,5.721841147169471,,9.24991631694138,,0.9465875364840031,,3.923391505610198,,1.847862547263503,,4.701175753027201,,7.5,-0.6435982584953308,-0.012387463706545532,0.2819750928902067,1.987847939133644,44597248,60455,21776,1361,12.542414,0.010793637105962262,0.0003992525627836585,-3.3462129533290863,-60.721455,0.026602823805296792,-9.646816906752064e-05,-3.3122702524065972,,,0.95,0.9,both,2.598263106988766,2.7869303803664307,0.3207832530235214,0.0,6.169839,2395.071419553924,12.542414
273,1784838526.4013598,,8.0,,8.0,,6.0,,6.0,,10.0,,10.0,,1.0,,1.0,,4.0,,4.0,,2.0,,2.0,,5.0,,5.0,,8.0,,8.0,,8.027551001869142,,6.200513841584325,,9.854712959378958,,1.1257725385949016,,4.100025873631239,,2.138288418878801,,4.936073667369783,,8.5625,-0.29028719663619995,-0.0005857209907844663,0.16429560142569244,1.9967608787119389,44761088,60685,21856,1366,20.148533,0.007786415927694179,0.0014687129005324095,-3.3409551292657853,-37.537178,0.02044400662998669,0.0009103951233555563,-3.329576401412487,,,0.95,0.9,both,2.9178427308953565,2.8687658630973703,0.3441932197794998,0.0,1.5121994,2433.148561944611,20.148533
274,1784838592.3287516,,8.0,,8.0,,6.0,,6.0,,10.0,,10.0,,1.0,,1.0,,4.0,,4.0,,2.0,,2.0,,5.0,,5.0,,8.0,,8.0,,8.125982285477221,,5.87045955657959,,9.704971922561526,,0.9413046144181862,,4.026466165902093,,1.7972332634963095,,4.9146575761260465,,7.5625,-0.29262736439704895,-0.007063309836667031,0.03167542105074972,1.9983231984078884,44924928,60872,21936,1371,4.487188,0.01048160759091843,0.00043905720667680725,-3.345584270358086,-33.225018,0.01447163627599366,4.978720244253054e-06,-3.3411439046263696,,,0.95,0.9,both,2.883552289129414,2.7643082218587613,0.2810171747780365,0.0,-33.082928,2485.1584746268645,4.487188
275,1784838658.3559737,,8.0,,8.0,,6.0,,6.0,,10.0,,10.0,,1.0,,1.0,,4.0,,4.0,,2.0,,2.0,,5.0,,5.0,,8.0,,8.0,,8.475003132596612,,6.356689697946422,,9.564880294725299,,1.2711988150258549,,4.083910179324448,,2.2897803504019976,,4.915174715220928,,8.5625,-0.0373246856033802,-0.007484770263545215,0.024564088489569258,2.000846154987812,45088768,61097,22016,1376,31.949942,0.00849494766589487,0.0007637253671418876,-3.343682438135147,-21.0456,0.0075772877651616,-0.00016042711868067273,-3.330300383269787,,,0.95,0.9,both,2.986884221684162,2.8251743489173355,0.4445665064280963,0.0,-17.109756,2481.400586255096,31.949942
276,1784838724.013818,,8.0,,8.0,,6.0,,6.0,,10.0,,10.0,,1.0,,1.0,,4.0,,4.0,,2.0,,2.0,,5.0,,5.0,,8.0,,8.0,,7.6032405490987,,5.998740095645189,,9.525200169533491,,0.9535470441915095,,3.722844026866369,,1.927730661816895,,4.733937685377896,,7.5,-0.06736008822917938,-0.0012273114989511669,0.04822193188010715,2.0036073327064514,45252608,61377,22096,1381,32.168633,0.009642111249559094,0.0015447789133759215,-3.364784947037697,-12.561742,0.009089571007643826,-1.503689563833177e-05,-3.327806386351585,,,0.95,0.9,both,2.7176101859163992,2.779229522588249,0.3205592924027184,0.0,-23.512173,2495.360107631639,32.168633
277,1784838789.0584366,,8.0,,8.0,,6.0,,6.0,,10.0,,10.0,,1.0,,1.0,,4.0,,4.0,,2.0,,2.0,,5.0,,5.0,,8.0,,8.0,,7.466214424232021,,5.604531085118651,,9.36329954303801,,1.042946448433213,,3.839499758090824,,1.9337931401096284,,4.737278837710619,,7.6875,-1.1427098512649536,-0.006589492899365723,0.5580432685092092,1.999587144702673,45416448,61592,22176,1386,6.2743692,0.016090491865179503,0.001606366092164535,-3.3518464118242264,-41.927128,0.027502569509670137,0.0003296247246908024,-3.350566966831684,,,0.95,0.9,both,3.0178114472248825,3.202006168584402,0.43063262137400904,0.0,-26.553898,2518.88680366119,6.2743692
278,1784838855.0893984,,8.0,,8.0,,6.0,,6.0,,10.0,,10.0,,1.0,,1.0,,4.0,,4.0,,2.0,,2.0,,5.0,,5.0,,8.0,,8.0,,8.3298231724184,,6.356644191779196,,9.863014618866146,,1.1068358824122697,,4.316930489148945,,2.343740922980942,,4.974252269603312,,8.625,-0.6191502213478088,0.00018674368038773537,0.24607291433494538,1.9981086887419224,45580288,61849,22256,1391,13.387245,0.018655275978380813,1.4982759967097082e-05,-3.316901960968971,-34.41269,0.03781332252547145,-0.0001325848774285987,-3.333619660139084,,,0.95,0.9,both,2.7150554820829447,3.019103865445632,0.3532521643620623,0.0,-18.02396,2481.260644568002,13.387245
279,1784838920.2657456,,8.0,,8.0,,6.0,,6.0,,10.0,,10.0,,1.0,,1.0,,4.0,,4.0,,2.0,,2.0,,5.0,,5.0,,8.0,,8.0,,8.288425266742706,,6.154741209000349,,9.933553259819746,,1.1660514753311872,,4.186320302542299,,2.04121932387352,,4.835588373243809,,8.5,-0.23543229699134827,0.00024527963250875473,0.019360049860551953,1.9979890920221806,45744128,62081,22336,1396,22.183304,0.011373698958777823,0.00046687861686223187,-3.335043524205685,-33.56208,0.01101408947724849,-0.00014547413447871805,-3.364073619246483,,,0.95,0.9,both,2.759812983814885,2.95964486563607,0.33568292051041204,0.0,-25.514668,2513.794223404867,22.183304
280,1784838984.1796997,,8.0,,8.0,,6.0,,6.0,,10.0,,10.0,,1.0,,1.0,,4.0,,4.0,,2.0,,2.0,,5.0,,5.0,,8.0,,8.0,,7.949889499694109,,5.758259914815426,,9.608216630331299,,0.9074685452505946,,3.827701601665467,,1.9315414582379162,,4.757738063111901,,7.6875,-0.44504034519195557,-0.005846231710165739,0.1053215719293803,2.0028681606054306,45907968,62314,22416,1401,30.917898,0.012853496131720021,-0.00013456631568260492,-3.3148468881845474,-28.521526,0.03337961006909609,0.0005678901841747574,-3.36926481872797,,,0.95,0.9,both,2.7287175658292293,3.1546842668811808,0.3757698275269397,0.0,-46.969418,2563.4464520980864,30.917898
281,1784839049.346953,,8.0,,8.0,,6.0,,6.0,,10.0,,10.0,,1.0,,1.0,,4.0,,4.0,,2.0,,2.0,,5.0,,5.0,,8.0,,8.0,,8.071262689307332,,6.526556983590126,,9.732007632032037,,1.1227284971391782,,3.8927030672784895,,2.101147941313684,,4.855510512832552,,8.3125,-0.461687296628952,-0.007277087424881756,0.20764166984008625,2.0057964101433754,46071808,62536,22496,1406,23.037392,0.009280013831448742,-0.00040982171558425764,-3.3398882925510405,-8.298572,0.023646766057936475,0.00031612231832696126,-3.3672651290893554,,,0.95,0.9,both,2.5862940703730253,2.9823881405513957,0.3992085838407808,0.0,-12.142524,2514.1476894783805,23.037392
282,1784839115.3969045,,8.0,,8.0,,6.0,,6.0,,10.0,,10.0,,1.0,,1.0,,4.0,,4.0,,2.0,,2.0,,5.0,,5.0,,8.0,,8.0,,8.323280314914882,,6.598265862092376,,9.852883209474385,,1.0363889262080193,,4.284180762944743,,2.1500239400193095,,4.931197423953563,,8.5,-0.32848572731018066,-0.002927448775153607,0.05446167418267578,2.010920822620392,46235648,62756,22576,1411,22.583073,0.007678689538442996,0.0007918113085906952,-3.3642132014036177,-21.165472,0.021948841871926562,0.000882093160180375,-3.3707027077674865,,,0.95,0.9,both,2.7704788094988153,2.963242949468254,0.36302277994042764,0.0,-30.756252,2480.5464182724795,22.583073
283,1784839181.126976,,8.0,,8.0,,6.0,,6.0,,10.0,,10.0,,1.0,,1.0,,4.0,,4.0,,2.0,,2.0,,5.0,,5.0,,8.0,,8.0,,8.286077467957512,,6.074432549998164,,9.591535341925919,,1.028010223992169,,4.126958943437785,,2.146296330174664,,4.736257616430521,,8.5,-0.7322916984558105,-0.002248757518827915,0.4190022428520024,2.010859176516533,46399488,62984,22656,1416,5.890834,0.016280312195885927,0.0003123119429801591,-3.3774225607514383,-59.74534,0.04347828530007973,0.00015752364852232857,-3.400085727870464,,,0.95,0.9,both,2.8867969999768053,3.300705657087731,0.4102503576773595,0.0,-30.624475,2492.6177001989527,5.890834
284,1784839246.625473,,8.0,,8.0,,6.0,,6.0,,10.0,,10.0,,1.0,,1.0,,4.0,,4.0,,2.0,,2.0,,5.0,,5.0,,8.0,,8.0,,8.643502075923607,,6.419402877101675,,9.725720003247261,,1.0801039719954133,,4.290377827361226,,2.2414562574704178,,4.832194773480296,,8.0,-0.5414513945579529,-0.006887429510243237,0.07118387485388666,2.0058382377028465,46563328,63187,22736,1421,13.338495,0.013918748093419708,-1.445200468879193e-05,-3.355432839691639,-14.597974,0.015189709200058132,-0.0005652096180710942,-3.3976859360933305,,,0.95,0.9,both,2.7546064840340456,2.8622646136935557,0.38074659223567786,0.0,-14.140101,2501.432825920919,13.338495
285,1784839314.9205968,,8.0,,8.0,,6.0,,6.0,,10.0,,10.0,,1.0,,1.0,,4.0,,4.0,,2.0,,2.0,,5.0,,5.0,,8.0,,8.0,,8.501449741219403,,6.667742545250803,,9.905722740659257,,1.3513969636987895,,4.301866908092052,,2.1933233407326043,,4.905239743180573,,8.0,-0.06464367359876633,-0.005391043610870838,0.13116090511903167,2.0040803998708725,46727168,63439,22816,1426,23.527119,0.008743374070036225,0.0001604020653758198,-3.3967101976275442,-26.899685,0.02460197684704326,0.0005174429126782343,-3.407680530846119,,,0.95,0.9,both,3.02823012967776,2.8821096616422732,0.3221778242338265,0.0,-3.3383877,2398.999666852697,23.527119
286,1784839381.4148972,,8.0,,8.0,,6.0,,6.0,,10.0,,10.0,,1.0,,1.0,,4.0,,4.0,,2.0,,2.0,,5.0,,5.0,,8.0,,8.0,,8.056855639442801,,6.236239628866315,,9.827274662908167,,1.2483768648235127,,4.081445925869048,,2.2647517492587212,,4.919291473925114,,7.9375,-0.6282548904418945,-0.0013697962858714163,0.3325610216706991,2.0108070746064186,46891008,63759,22896,1431,25.88934,0.007779286360892002,0.0008721848687855526,-3.4145881816744805,-32.73251,0.05488681641872972,0.00040044062479864805,-3.4093814358115195,,,0.95,0.9,both,2.7937383434041707,3.0827091384111576,0.3715844707778003,0.0,-16.81031,2463.970439009543,25.88934
287,1784839446.9916165,,8.0,,8.0,,6.0,,6.0,,10.0,,10.0,,1.0,,1.0,,4.0,,4.0,,2.0,,2.0,,5.0,,5.0,,8.0,,8.0,,8.088565903017297,,5.995564988814294,,9.27238225704059,,0.9183001935016364,,3.910255400231108,,1.9020103514194489,,4.771641000523232,,8.0,-0.7170023918151855,-0.017090344801545143,0.30137818260118365,2.0150311291217804,47054848,64006,22976,1436,17.475618,0.012595442542806267,0.000801010638679145,-3.400515352189541,-58.23539,0.04409112203866243,-0.0005661257790052332,-3.3984710335731507,,,0.95,0.9,both,2.8836641544738484,3.077377101925106,0.406870864952047,0.0,-22.982182,2498.446622683584,17.475618
288,1784839512.4186962,,8.0,,8.0,,6.0,,6.0,,10.0,,10.0,,1.0,,1.0,,4.0,,4.0,,2.0,,2.0,,5.0,,5.0,,8.0,,8.0,,8.142475789878517,,6.446318760223221,,9.520456388127059,,0.970088608097285,,4.217691309284419,,2.173515042173676,,4.887595339678228,,8.375,-0.732880175113678,-0.0006849299534223974,0.29364994494244456,2.0138606801629066,47218688,64252,23056,1441,16.309923,0.011876036392641254,0.0004228543795761652,-3.3731239810585976,-63.114998,0.018299132178071886,-0.00040668187284609303,-3.36607466340065,,,0.95,0.9,both,2.6966796019433366,2.9564731552252494,0.3838406771600461,0.0,-8.173823,2504.1618728611165,16.309923
289,1784839577.9717555,,8.0,,8.0,,6.0,,6.0,,10.0,,10.0,,1.0,,1.0,,4.0,,4.0,,2.0,,2.0,,5.0,,5.0,,8.0,,8.0,,7.777899551205337,,5.990163664566353,,9.681053265929222,,0.8675463314866647,,3.9710259926505387,,2.1864456492767204,,4.827612589579076,,7.9375,-0.09975472092628479,-4.566798452287912e-06,0.05235900153638795,2.019613839685917,47382528,64490,23136,1446,15.56398,0.008621866074099671,-0.0005522326115169563,-3.3735673427581787,-23.0198,0.019002687989268453,-0.00046063795016380025,-3.363741561770439,,,0.95,0.9,both,2.848566979603822,2.8484463947929077,0.37605486579381686,0.0,-21.53753,2499.3504895670067,15.56398
290,1784839645.8935752,,8.0,,8.0,,6.0,,6.0,,10.0,,10.0,,1.0,,1.0,,4.0,,4.0,,2.0,,2.0,,5.0,,5.0,,8.0,,8.0,,8.466553889214993,,6.179061050526798,,9.740196127444506,,1.1129567069001496,,4.413684442639351,,2.211201425641775,,4.842114710249007,,8.3125,-0.3448549509048462,-0.0003903737524524331,0.04635793180204928,2.0241705253720284,47546368,64727,23216,1451,25.610178,0.008055095165036618,0.0011400264593248721,-3.380061550438404,-41.19048,0.016495709723676553,0.0007232395189930684,-3.3959586679935456,,,0.95,0.9,both,3.0096997471597304,2.8830251187234426,0.3533368035948625,0.0,-2.890347,2412.1847607286977,25.610178
291,1784839709.6922746,,8.0,,8.0,,6.0,,6.0,,10.0,,10.0,,1.0,,1.0,,4.0,,4.0,,2.0,,2.0,,5.0,,5.0,,8.0,,8.0,,7.9845514334738255,,5.819031841587275,,9.416120741516352,,0.801912559196353,,3.924946597078815,,1.7852854433003813,,4.833073860034347,,7.875,-0.3824836015701294,-0.00019092269940301776,0.08413439895957708,2.0254930704832077,47710208,64935,23296,1456,13.568492,0.00980818641692167,0.0010157231823541223,-3.3987481772899626,-17.275099,0.007487337950442452,-0.0014811595487117303,-3.3814680188894273,,,0.95,0.9,both,2.9354321880961294,2.7875953087901744,0.26927285137921764,0.0,-55.487244,2568.0777489200595,13.568492
292,1784839775.4208643,,8.0,,8.0,,6.0,,6.0,,10.0,,10.0,,1.0,,1.0,,4.0,,4.0,,2.0,,2.0,,5.0,,5.0,,8.0,,8.0,,8.083622158039361,,6.186069450341165,,9.81463744584471,,1.118055695667863,,3.861345946061192,,2.0284338798373938,,4.786486389115453,,7.9375,0.08693964779376984,-0.0032884287793422118,0.14681163581553847,2.0194818899035454,47874048,65163,23376,1461,16.328104,0.011541567838867195,0.00043753958016168326,-3.405007468163967,-10.726248,0.017852213146397844,0.0004194365901639685,-3.397097998857498,,,0.95,0.9,both,2.8072227763424813,2.899963486852502,0.5344812642129955,0.0,-31.491083,2492.674810924728,16.328104
293,1784839841.3281646,,8.0,,8.0,,6.0,,6.0,,10.0,,10.0,,1.0,,1.0,,4.0,,4.0,,2.0,,2.0,,5.0,,5.0,,8.0,,8.0,,8.575809840112925,,6.655798110179603,,9.916908184997737,,1.2225109015998896,,4.328067820402794,,2.1515748009551316,,4.944376891478896,,8.5625,-0.49047282338142395,-0.00030672247521579266,0.13651554007083178,2.017350435256958,48037888,65386,23456,1466,14.508482,0.011273814650485292,0.0012651639190153219,-3.405701483786106,-40.952404,0.03877827817341313,0.00028561033541336657,-3.4107114359736443,,,0.95,0.9,both,3.1296622194181567,3.2847357802222445,0.30326357374202634,0.0,-23.945646,2485.915941273494,14.508482
294,1784839907.1557286,,8.0,,8.0,,6.0,,6.0,,10.0,,10.0,,1.0,,1.0,,4.0,,4.0,,2.0,,2.0,,5.0,,5.0,,8.0,,8.0,,8.107788183260709,,6.613935439148918,,9.787588319275528,,1.1902042659930885,,4.091549510369077,,2.00948973512277,,4.814995549153537,,8.25,-0.6487774848937988,-0.0020129254553467035,0.07556176406797022,2.0170242935419083,48201728,65594,23536,1471,22.033936,0.010923763245227747,0.00048725347223808055,-3.410175758600235,-42.927376,0.024855774076422678,6.363808570313268e-05,-3.4249819800257684,,,0.95,0.9,both,2.849869510501283,2.9971748218522416,0.5085492949355543,0.0,-35.470757,2488.926869367005,22.033936
295,1784839972.2836041,,8.0,,8.0,,6.0,,6.0,,10.0,,10.0,,1.0,,1.0,,4.0,,4.0,,2.0,,2.0,,5.0,,5.0,,8.0,,8.0,,7.723890047403984,,6.091202716343105,,9.62594975112006,,1.0165823865681887,,4.000218798290007,,2.003369069425389,,4.748096893541515,,7.9375,-0.5759680271148682,-0.008268657722510397,0.275794111774303,2.017816424369812,48365568,65861,23616,1476,31.80949,0.00912729882838903,-0.0009721868031192571,-3.440153619647026,-22.004116,0.024038715672213586,0.0006288693810347467,-3.4339210763573647,,,0.95,0.9,both,2.57319905458167,2.9715726686810506,0.3242020846203032,0.0,-35.563465,2515.666279163694,31.80949
296,1784840035.7416759,,8.0,,8.0,,6.0,,6.0,,10.0,,10.0,,1.0,,1.0,,4.0,,4.0,,2.0,,2.0,,5.0,,5.0,,8.0,,8.0,,8.20669505558908,,6.025343312416226,,9.736564826220274,,1.1452462067827582,,4.093680173740722,,2.138721002964303,,4.888894252013415,,8.1875,-0.359191358089447,-0.00744399637915194,0.05070046248147264,2.019738458096981,48529408,66113,23696,1481,25.65289,0.008614793869492132,0.0004631109841284342,-3.4470013603568077,-46.662037,0.019783938128966838,0.0003478639686363749,-3.4413681074976923,,,0.95,0.9,both,2.8024745826589714,3.1283852856231684,0.3494324750489446,0.0,-43.497437,2581.861160109087,25.65289
297,1784840102.4321659,,8.0,,8.0,,6.0,,6.0,,10.0,,10.0,,1.0,,1.0,,4.0,,4.0,,2.0,,2.0,,5.0,,5.0,,8.0,,8.0,,7.5749070779420435,,6.0700763175264,,9.420847294852138,,1.0181297813542187,,3.8574732718989253,,1.7816672478802502,,4.812509060371667,,7.375,-0.13862983882427216,-0.0027798580122180283,0.0833108042133972,2.022903189063072,48693248,66338,23776,1486,15.5504,0.0111209666589275,0.0013825600963173201,-3.3929364159703255,-11.117265,0.019215299957431854,0.00020800774946110322,-3.3975662633776667,,,0.95,0.9,both,3.1030406651073017,2.7453057346033924,0.2905000604218278,0.0,-13.476105,2456.7229614251737,15.5504
298,1784840168.2085245,,8.0,,8.0,,6.0,,6.0,,10.0,,10.0,,1.0,,1.0,,4.0,,4.0,,2.0,,2.0,,5.0,,5.0,,8.0,,8.0,,8.456727526965551,,6.5236614931200165,,9.834757432341576,,1.2219266288448125,,4.2593660657294095,,2.1155614788876846,,4.908407492330298,,8.4375,-0.5885382294654846,-0.0058892384404316545,0.32720581791363657,2.024051196873188,48857088,66547,23856,1491,29.356573,0.0077194367244374,0.0011475760067696684,-3.3739966630935667,-57.048088,0.022892851813230662,0.00032288806687574834,-3.3976469576358794,,,0.95,0.9,both,2.933796761175874,3.324155970851726,0.3389010479880631,0.0,-25.989374,2490.864236722252,29.356573
299,1784840236.1297927,,8.0,,8.0,,6.0,,6.0,,10.0,,10.0,,1.0,,1.0,,4.0,,4.0,,2.0,,2.0,,5.0,,5.0,,8.0,,8.0,,7.786786157172173,,5.596234668511897,,9.45905040121579,,0.891291237436235,,3.8344306986546144,,1.9980061308015138,,4.827314391732216,,8.0,-1.5620739459991455,-0.00041111308382824063,0.7366472603753209,2.023801751434803,49020928,66837,23936,1496,22.295828,0.011600255538360216,0.00027739570796256883,-3.352907072007656,-67.173386,0.04991013837279752,0.0001654293984756805,-3.3918159395456313,,,0.95,0.9,both,2.6890733349428073,3.133742275436458,0.7219456585104124,0.0,-3.2070668,2412.2049715995163,22.295828
300,1784840301.7563004,,8.0,,8.0,,6.0,,6.0,,10.0,,10.0,,1.0,,1.0,,4.0,,4.0,,2.0,,2.0,,5.0,,5.0,,8.0,,8.0,,8.036720909178257,,5.8923805702943355,,9.733986137900501,,1.019752309191972,,3.911020662635565,,2.1126973834470846,,4.888156486675143,,8.125,-0.47942492365837097,7.444032235071063e-05,0.05747639457695186,2.0333333760499954,49184768,67083,24016,1501,-5.184118,0.014049253324628808,-0.00018058270070469006,-3.3579213842749596,-29.823826,0.020538396644406022,0.0002082577790133655,-3.383632230758667,,,0.95,0.9,both,2.7370085614390165,3.1267066817829514,0.29417898549274796,0.0,-5.9470854,2496.5512298994727,-5.184118
301,1784840367.8823113,,8.0,,8.0,,6.0,,6.0,,10.0,,10.0,,1.0,,1.0,,4.0,,4.0,,2.0,,2.0,,5.0,,5.0,,8.0,,8.0,,8.096998144406825,,6.049211450734219,,9.673265803256072,,1.1158802130958065,,4.01671155121403,,1.9131363293272443,,4.775807806757257,,7.8125,-0.355795681476593,-0.001443705172277987,0.22679925942793489,2.03827103972435,49348608,67327,24096,1506,12.599109,0.010427825152873993,-0.0003290714274044149,-3.358214421570301,-55.22715,0.033274638024158774,-0.0002889988521928899,-3.387841339409351,,,0.95,0.9,both,2.6556951738789643,3.096024071710833,0.2974084141859291,0.0,-20.83665,2477.695512411726,12.599109
302,1784840432.3205283,,8.0,,8.0,,6.0,,6.0,,10.0,,10.0,,1.0,,1.0,,4.0,,4.0,,2.0,,2.0,,5.0,,5.0,,8.0,,8.0,,8.37706692807842,,6.2248911913484335,,9.697325924877077,,1.1475570581387728,,4.093338438891806,,1.8323477217927575,,4.918634287081659,,8.375,-0.1074821949005127,-0.010829918348463252,0.1046821204945445,2.0394748747348785,49512448,67546,24176,1511,16.496462,0.013678318637539632,0.0017703555022308137,-3.3223908349871634,-10.617299,0.013909720990341157,0.0010311399142665322,-3.3368981301784517,,,0.95,0.9,both,2.6618346220972358,3.0215982276328717,0.35397298579177594,0.0,-38.779564,2542.589641346914,16.496462
303,1784840498.0617075,,8.0,,8.0,,6.0,,6.0,,10.0,,10.0,,1.0,,1.0,,4.0,,4.0,,2.0,,2.0,,5.0,,5.0,,8.0,,8.0,,8.10325931198895,,5.877580960514024,,9.807329441420734,,0.8927998277358711,,4.017037427984178,,1.968868488445878,,4.91403501003515,,8.25,-0.14338889718055725,-0.0015879269922152162,0.14374201907776296,2.030909985303879,49676288,67809,24256,1516,-14.751376,0.014326543000061065,-0.0007204096866189503,-3.345980408787727,-38.64251,0.045133353839628396,0.0005208003844018094,-3.307784992456436,,,0.95,0.9,both,2.895872268753421,3.304316050009078,0.32176373171238204,0.0,-26.070667,2492.1974749501487,-14.751376
304,1784840563.466148,,8.0,,8.0,,6.0,,6.0,,10.0,,10.0,,1.0,,1.0,,4.0,,4.0,,2.0,,2.0,,5.0,,5.0,,8.0,,8.0,,8.16296908725053,,6.611533120041713,,9.82351972698234,,1.2132456889376044,,4.165409430861473,,2.1126832854934037,,4.883695039898157,,8.375,-1.1411662101745605,0.0002693156711757183,0.5005246074870229,2.0359378159046173,49840128,68095,24336,1521,30.937246,0.007449614501092583,0.002368302536342526,-3.331142319738865,-36.56713,0.04808681601425633,-0.0015273349155904726,-3.3302731275558473,,,0.95,0.9,both,2.9254327002687788,3.168120090594641,0.5377374377322018,0.0,-33.621483,2505.028687608598,30.937246
305,1784840616.809381,,8.0,,8.0,,6.0,,6.0,,10.0,,10.0,,1.0,,1.0,,4.0,,4.0,,2.0,,2.0,,5.0,,5.0,,8.0,,8.0,,8.267851669341326,,5.852081270888448,,9.80068672215566,,1.1244818971026689,,4.127585447393358,,1.9354190765880048,,4.82249927893281,,8.25,-0.42479464411735535,6.816000677645206e-05,0.1194674395956099,2.037139043211937,49971200,68265,24400,1525,23.24939,0.010203766022459603,5.185799236642197e-05,-3.365070250630379,-59.758476,0.03758628115756437,8.738127071410418e-05,-3.3130143165588377,,,0.95,0.9,both,2.8806850689185812,3.2170806766577242,0.3366597559318384,0.0,-21.478825,3071.429889112484,23.24939
