# _tick,_time,plr_track_ground_roughness,track_ground_roughness,plr_track_student_ground_roughness,track_student_ground_roughness,plr_track_pit_gap_low,track_pit_gap_low,plr_track_student_pit_gap_low,track_student_pit_gap_low,plr_track_pit_gap_high,track_pit_gap_high,plr_track_student_pit_gap_high,track_student_pit_gap_high,plr_track_stump_height_low,track_stump_height_low,plr_track_student_stump_height_low,track_student_stump_height_low,plr_track_stump_height_high,track_stump_height_high,plr_track_student_stump_height_high,track_student_stump_height_high,plr_track_stair_height_low,track_stair_height_low,plr_track_student_stair_height_low,track_student_stair_height_low,plr_track_stair_height_high,track_stair_height_high,plr_track_student_stair_height_high,track_student_stair_height_high,plr_track_stair_steps,track_stair_steps,plr_track_student_stair_steps,track_student_stair_steps,plr_track_ued_ground_roughness,track_ued_ground_roughness,plr_track_ued_pit_gap_low,track_ued_pit_gap_low,plr_track_ued_pit_gap_high,track_ued_pit_gap_high,plr_track_ued_stump_height_low,track_ued_stump_height_low,plr_track_ued_stump_height_high,track_ued_stump_height_high,plr_track_ued_stair_height_low,track_ued_stair_height_low,plr_track_ued_stair_height_high,track_ued_stair_height_high,plr_track_ued_stair_steps,track_ued_stair_steps,mean_env_return,adversary_env_pg_loss,adversary_env_value_loss,adversary_env_dist_entropy,dces_l_pi,dces_l_delta,dces_l_tot,dces_q_delta,dces_q_delta_std,dces_w1,dces_w2,dces_buf,dces_c_std,dces_c_absmean,dces_reg_std,steps,total_episodes,total_seeds,total_student_grad_updates,mean_agent_return,agent_value_loss,agent_pg_loss,agent_dist_entropy,mean_adversary_agent_return,adversary_value_loss,adversary_pg_loss,adversary_dist_entropy,kl_loss_advagent_agent,kl_loss_agent_advagent,dps_lambda_skill,dps_lambda_target,dps_mode,agent_grad_norm,adversary_grad_norm,adversary_env_grad_norm,solved_rate:BipedalWalker-MADS-Hard-Eval-v0,test_returns:BipedalWalker-MADS-Hard-Eval-v0,sps,target_agent_return
0,1784841269.994606,,8.0,,8.0,,6.0,,6.0,,10.0,,10.0,,1.0,,1.0,,4.0,,4.0,,2.0,,2.0,,5.0,,5.0,,8.0,,8.0,,7.9746200365480036,,6.421919750981033,,9.711129132658243,,1.0359153812751174,,4.122896367007343,,2.0632986617274582,,4.937629680847749,,8.3125,0.0011865291744470596,-0.004021569853648543,0.04684271474252455,1.4169187061488628,0.9974324107170105,0.0,1.0002589225769043,0.17161265015602112,0.00316285016015172,0.7724917531013489,0.7134634256362915,16,0.4252376854419708,5.572488307952881,0.09537260234355927,32768,48,16,1,-125.50071,0.04234667191049084,-0.003958155955479015,5.656211578845978,-121.06856,0.07627055679913611,-0.004225908506487031,5.667454734444618,,,0.95,0.9,both,0.36656461358656955,0.3723913398679645,1.4483871306847234,0.0,-129.54314,1714.2932154847815,-125.50071
1,1784841347.4714007,,8.0,,8.0,,6.0,,6.0,,10.0,,10.0,,1.0,,1.0,,4.0,,4.0,,2.0,,2.0,,5.0,,5.0,,8.0,,8.0,,7.588028824538924,,5.383282838738523,,9.521268984302878,,0.7574832853861153,,3.7419866478303447,,1.779443869017996,,4.682411514222622,,7.4375,0.0005870054010301828,-0.002161821466870606,0.10294512857217342,1.4186116643249989,0.9167321920394897,0.9373984932899475,0.8862285017967224,0.03291601687669754,0.0016840043244883418,0.8407068252563477,0.7300928831100464,96,0.3844437599182129,5.111425876617432,0.05598042905330658,196608,319,96,6,-110.314804,0.052245659462641925,-0.001488759600033518,5.538604602217674,-117.68213,0.044367477827472614,-0.0033466364388004878,5.510421565175056,,,0.95,0.9,both,0.28632011939871144,0.24377621462496304,1.921775616286204,0.0,-122.83095,2114.696126309752,-110.314804
2,1784841423.963302,,8.0,,8.0,,6.0,,6.0,,10.0,,10.0,,1.0,,1.0,,4.0,,4.0,,2.0,,2.0,,5.0,,5.0,,8.0,,8.0,,7.789603963494301,,5.881618804298341,,9.672027084045112,,0.8656788566149771,,3.912316769361496,,1.930886842426844,,4.808728830277687,,7.75,0.002168931532651186,0.00021564948838204145,0.10979676869465038,1.4277387075126171,0.8733218312263489,0.9360906481742859,0.7835545539855957,0.0359351709485054,0.005450536496937275,0.9913797378540039,0.7058829069137573,176,0.44163182377815247,5.326357841491699,0.05816765874624252,360448,708,176,11,-118.78414,0.03430920121027157,-0.0029846200137399136,5.494935014843941,-123.68546,0.07674725416582077,-0.002228640983230434,5.484140744805336,,,0.95,0.9,both,0.2539702178248221,0.25492723554996116,1.8837504562680958,0.0,-129.89813,2141.925564823597,-118.78414
3,1784841499.1403081,,8.0,,8.0,,6.0,,6.0,,10.0,,10.0,,1.0,,1.0,,4.0,,4.0,,2.0,,2.0,,5.0,,5.0,,8.0,,8.0,,7.81881626608083,,5.706931437365711,,9.629096912918612,,0.8018929193494841,,3.8884065663442016,,1.749367922078818,,4.823480507766362,,7.875,0.0010840590111911297,-0.001636776956729591,0.043755522259743884,1.43581248447299,0.8786131143569946,0.9339543581008911,0.7344303131103516,-0.02330777794122696,0.002764645963907242,1.2156875133514404,0.6706522703170776,256,0.42889857292175293,5.286623954772949,0.017864352092146873,524288,992,256,16,-121.1403,0.020238842064281927,-0.003266098764288472,5.327510243654251,-127.04756,0.02087372054811567,-0.0030234685051254927,5.354495465755463,,,0.95,0.9,both,0.2853511106998551,0.25988687990033216,1.332582157372673,0.0,-125.31421,2179.3898227992277,-121.1403
4,1784841576.082413,,8.0,,8.0,,6.0,,6.0,,10.0,,10.0,,1.0,,1.0,,4.0,,4.0,,2.0,,2.0,,5.0,,5.0,,8.0,,8.0,,7.663750273641199,,5.509779554326087,,9.43984756898135,,0.8530689151957631,,3.769045364111662,,1.8928120743948966,,4.693934486247599,,7.375,0.0037609641440212727,-0.002933390671387315,0.009683979318651836,1.4481679908931255,0.7394656538963318,0.9305510520935059,0.46363526582717896,0.025049708783626556,0.009687228128314018,1.5738276243209839,0.6253642439842224,336,0.3668522536754608,5.149655342102051,0.020397409796714783,688128,1208,336,21,-117.83159,0.013401904026977718,-0.0031675853970227763,5.045140007138253,-130.21632,0.017009536176919936,-0.003022416440944653,5.103773912787437,,,0.95,0.9,both,0.3126197952826425,0.30010623890036503,0.8184873391094216,0.0,-116.26778,2129.39345071704,-117.83159
5,1784841652.8623745,,8.0,,8.0,,6.0,,6.0,,10.0,,10.0,,1.0,,1.0,,4.0,,4.0,,2.0,,2.0,,5.0,,5.0,,8.0,,8.0,,7.584834795910865,,5.681758527643979,,9.647699499852024,,0.8948409105651081,,3.8730315645225346,,1.6885681424755603,,4.808853042777628,,7.5,0.007081304676830769,-0.0020917932270094752,0.143470813811291,1.4501192346215248,0.6837371587753296,0.9262151122093201,0.34431877732276917,-0.059094738215208054,0.01811872236430645,1.7979271411895752,0.6039121150970459,416,0.4103134572505951,5.2099480628967285,0.03898369520902634,851968,1438,416,26,-113.57119,0.01709711764124222,-0.0033145237699500284,4.714175847172737,-114.84566,0.03025600763503462,-0.0020880443655187262,4.853599739074707,,,0.95,0.9,both,0.370910806645139,0.3280358389081515,2.094747122859789,0.0,-132.22366,2133.8896901665016,-113.57119
6,1784841726.8647265,,8.0,,8.0,,6.0,,6.0,,10.0,,10.0,,1.0,,1.0,,4.0,,4.0,,2.0,,2.0,,5.0,,5.0,,8.0,,8.0,,8.16658105980423,,6.176151949446648,,9.77727522328496,,1.0887345555238426,,4.070101249919389,,2.046444951556623,,4.840328857302666,,8.1875,0.009803426451981068,-0.006671030248980969,0.020820156700210646,1.4497260488569736,0.5539225339889526,0.9180400967597961,0.2080502212047577,0.020100941881537437,0.024111634120345116,1.813971757888794,0.6239415407180786,496,0.41789907217025757,5.544139385223389,0.022680163383483887,1015808,1695,496,31,-128.40822,0.0384219674859196,-0.0019518027518643066,4.530111873149872,-120.181046,0.024949150835163893,-0.0022667432262096555,4.632878136634827,,,0.95,0.9,both,0.4295475831219058,0.4093399583047768,1.0382635239109304,0.0,-123.122765,2213.983805604726,-128.40822
7,1784841801.7851133,,8.0,,8.0,,6.0,,6.0,,10.0,,10.0,,1.0,,1.0,,4.0,,4.0,,2.0,,2.0,,5.0,,5.0,,8.0,,8.0,,7.699494691565633,,5.904617685300764,,9.48980385158211,,0.8560189919080585,,3.958739495370537,,1.8135618579690345,,4.7988431067205966,,7.8125,0.018233798444271088,-0.0007550056325271726,0.005780088813480688,1.4618649557232857,0.5048990249633789,0.8961982727050781,0.24211740493774414,0.06968308985233307,0.040574509650468826,1.4783201217651367,0.6159407496452332,576,0.44208016991615295,5.2916975021362305,0.05269242078065872,1179648,2020,576,36,-134.07352,0.021750547911506147,-0.003341108129825443,4.301511976122856,-111.70608,0.031202520977240057,-0.002772912239743164,4.409459707140923,,,0.95,0.9,both,0.4624100560920298,0.5029038985979998,0.8497364996372678,0.0,-117.12109,2186.8546913972527,-134.07352
8,1784841876.5950305,,8.0,,8.0,,6.0,,6.0,,10.0,,10.0,,1.0,,1.0,,4.0,,4.0,,2.0,,2.0,,5.0,,5.0,,8.0,,8.0,,7.813013155129738,,5.891716314014047,,9.412122564390302,,0.7477656186092645,,3.963988926494494,,1.8071379155298928,,4.712065712548792,,7.875,0.01256438996642828,-0.0007017396856099367,0.0034609307476785034,1.4688185527920723,0.4312019646167755,0.9144952297210693,0.2065238654613495,0.005058695562183857,0.03201782703399658,1.3160649538040161,0.6455370783805847,656,0.4253443777561188,5.277851104736328,0.044296424835920334,1343488,2314,656,41,-112.62244,0.029979965393431486,-0.0019682163576362653,4.078503745794296,-100.316246,0.03601046741241589,-0.0020754891782416964,4.159580251574516,,,0.95,0.9,both,0.5368126462341751,0.48988565669778283,0.8978635389652296,0.0,-102.40572,2190.0839337118255,-112.62244
9,1784841951.4196925,,8.0,,8.0,,6.0,,6.0,,10.0,,10.0,,1.0,,1.0,,4.0,,4.0,,2.0,,2.0,,5.0,,5.0,,8.0,,8.0,,7.536924492364051,,5.459774171933532,,9.491255405766424,,0.7661375166499056,,3.782320455997251,,1.7636091691674665,,4.760090550407767,,7.625,0.024740003049373627,0.0012164649670012295,0.03971016441937536,1.4723298661410809,0.5361368656158447,0.9065935611724854,0.3656630218029022,-0.0608682744204998,0.06728444248437881,1.0956848859786987,0.6731863617897034,736,0.4044186770915985,5.148138523101807,0.029493950307369232,1507328,2641,736,46,-121.6295,0.0331261087092571,-0.0022741381209925747,3.857594235241413,-114.88042,0.039020547084510325,-0.003013761017064098,3.940615238249302,,,0.95,0.9,both,0.6260399210927292,0.5652476468545732,1.279927381301567,0.0,-110.54342,2189.6525624070255,-121.6295
10,1784842027.8025112,,8.0,,8.0,,6.0,,6.0,,10.0,,10.0,,1.0,,1.0,,4.0,,4.0,,2.0,,2.0,,5.0,,5.0,,8.0,,8.0,,7.491122080478817,,5.237449832260609,,9.288341304287314,,0.6382416081614792,,3.624062281101942,,1.6162348508369178,,4.6559296594932675,,7.3125,0.02126794308423996,0.002686477906536311,0.0005753682357862999,1.4860828034579754,0.2353825867176056,0.8409785032272339,0.13417062163352966,0.0215259101241827,0.060878936201334,0.966830313205719,0.6742809414863586,816,0.2858419716358185,4.982985019683838,0.043679751455783844,1671168,2983,816,51,-102.13699,0.021018500532954933,-0.003938446310348809,3.61450886875391,-105.009964,0.047343751438893376,-0.002012635933351703,3.708882161974907,,,0.95,0.9,both,0.6772351856721233,0.6633236881695168,0.9608329361049603,0.0,-95.976105,2144.9853597834312,-102.13699
11,1784842104.3496525,,8.0,,8.0,,6.0,,6.0,,10.0,,10.0,,1.0,,1.0,,4.0,,4.0,,2.0,,2.0,,5.0,,5.0,,8.0,,8.0,,7.398295585997403,,5.305959015386179,,9.32742602750659,,0.5923086390830576,,3.6754096867516637,,1.6846446513663977,,4.678502574563026,,7.125,0.014583658427000046,0.002371333015616983,0.00013315695809978934,1.4902975633740425,0.2962248921394348,0.83965003490448,0.21883153915405273,-0.08274710923433304,0.03642847388982773,0.6772607564926147,0.6749812960624695,896,0.2942918837070465,4.973443508148193,0.03684581443667412,1835008,3363,896,56,-128.85983,0.03162215251941234,-0.0025067441703868097,3.4726013973355294,-96.48691,0.03248720266856253,-0.0010459818120580166,3.5428811222314835,,,0.95,0.9,both,0.7307864959141959,0.7103632227299077,1.1594454551455624,0.0,-95.541824,2140.380007131301,-128.85983
12,1784842181.606899,,8.0,,8.0,,6.0,,6.0,,10.0,,10.0,,1.0,,1.0,,4.0,,4.0,,2.0,,2.0,,5.0,,5.0,,8.0,,8.0,,7.240241549909115,,5.200697422144003,,9.324340388178825,,0.6176881326828152,,3.7071453230455518,,1.6443383945152164,,4.664147994713858,,7.1875,0.0169193334877491,0.0006086440989747643,0.004760909381730016,1.4941186495125294,0.2579038143157959,0.8878798484802246,0.2017977386713028,-0.017159435898065567,0.05124985799193382,0.8246038556098938,0.6538683176040649,976,0.2707098424434662,4.948262691497803,0.08977226167917252,1998848,3842,976,61,-128.51321,0.05671338236425072,-0.0014261110380175523,3.3430134251713755,-91.85997,0.08046882613562048,-0.001872492268739734,3.4146365970373154,,,0.95,0.9,both,0.8115608145660692,0.6598653675059648,0.8700372851419522,0.0,-89.15962,2120.708531198905,-128.51321
13,1784842258.3207142,,8.0,,8.0,,6.0,,6.0,,10.0,,10.0,,1.0,,1.0,,4.0,,4.0,,2.0,,2.0,,5.0,,5.0,,8.0,,8.0,,7.185557663440704,,5.1165396543219686,,9.17840469814837,,0.637845475692302,,3.5604157344205305,,1.614781394135207,,4.55465146061033,,7.125,0.003638219553977251,0.0020933118648827076,0.0021898864979448263,1.4920212924480438,0.1933853030204773,0.8530550003051758,0.15328475832939148,-0.015245968475937843,0.01092367060482502,0.7348090410232544,0.6512073278427124,1056,0.2319466918706894,4.871649265289307,0.05986805632710457,2162688,4316,1056,66,-120.09802,0.041685087513178586,-0.0016245943304966203,3.223500034213066,-87.160774,0.051067855372093615,-0.0011979289942246397,3.2727950885891914,,,0.95,0.9,both,0.7917951317697617,0.7280597331018852,0.9708629444458036,0.0,-87.66575,2135.7287146289677,-120.09802
14,1784842335.1241055,,8.0,,8.0,,6.0,,6.0,,10.0,,10.0,,1.0,,1.0,,4.0,,4.0,,2.0,,2.0,,5.0,,5.0,,8.0,,8.0,,7.0485172010958195,,5.056788414716721,,9.11994918435812,,0.5452406741678715,,3.565635124105029,,1.539829296991229,,4.554666481679305,,7.0,0.003431664314121008,-0.00038509885780513287,4.582368200090059e-05,1.4901663549244404,0.3340168595314026,0.9220969080924988,0.2712787091732025,-0.08609089255332947,0.010937881655991077,0.819435715675354,0.6193093657493591,1136,0.09443837404251099,4.803828239440918,0.058769285678863525,2326528,4667,1136,71,-85.09926,0.008993449265835807,-0.002458685235615121,3.029914227128029,-90.70427,0.0418683152529411,-0.0011704280885169282,3.127746531367302,,,0.95,0.9,both,0.8917616284946224,0.7254810185942653,1.1686034417524427,0.0,-90.47852,2133.2393425022997,-85.09926
15,1784842410.9497762,,8.0,,8.0,,6.0,,6.0,,10.0,,10.0,,1.0,,1.0,,4.0,,4.0,,2.0,,2.0,,5.0,,5.0,,8.0,,8.0,,7.322510461322963,,5.137934502214193,,9.072629243135452,,0.6030195374041796,,3.5715393819846213,,1.556547743268311,,4.616806118574459,,7.1875,0.02468273416161537,0.004218871588818729,0.0005698235827367171,1.4976614080369473,0.1968114823102951,0.7977421283721924,0.17439007759094238,0.0311521515250206,0.06389231234788895,0.6898769736289978,0.6080964803695679,1216,0.2380024790763855,4.883561134338379,0.06335324048995972,2490368,5089,1216,76,-103.25913,0.02403946527047083,-0.0008752651134273038,2.836200553178787,-86.76335,0.04311554364394397,-0.0014571487743523903,2.973192702233791,,,0.95,0.9,both,0.8800204545729166,0.7812803408884886,1.5910869585017529,0.0,-89.6877,2160.745958658643,-103.25913
16,1784842488.2383964,,8.0,,8.0,,6.0,,6.0,,10.0,,10.0,,1.0,,1.0,,4.0,,4.0,,2.0,,2.0,,5.0,,5.0,,8.0,,8.0,,7.024672005325556,,5.2679678946733475,,9.061373021453619,,0.5127521622925997,,3.550177562981844,,1.5345715573057532,,4.515415472909808,,7.0,0.002432627370581031,0.0005580619035754353,3.608112240272021e-05,1.505870770663023,0.2093830406665802,0.902557373046875,0.19249969720840454,-0.007912098430097103,0.007276584394276142,0.656490683555603,0.5564558506011963,1296,0.08654087036848068,4.808366298675537,0.05750465393066406,2654208,5512,1296,81,-83.11704,0.014474727940978482,-0.0015468290090211666,2.6833123087882997,-85.45183,0.038601994630880654,-0.0005453989550005644,2.822672152519226,,,0.95,0.9,both,0.9040477527107772,0.8701518592866584,1.0961514273656703,0.0,-80.86162,2119.8458450582734,-83.11704
17,1784842565.799762,,8.0,,8.0,,6.0,,6.0,,10.0,,10.0,,1.0,,1.0,,4.0,,4.0,,2.0,,2.0,,5.0,,5.0,,8.0,,8.0,,7.033479534089565,,5.135090760770254,,9.092932559549809,,0.5358636435121298,,3.5517090754583482,,1.5846782932057977,,4.578551716171205,,7.1875,0.012715848162770271,0.0016448143869638443,0.0009367506122544,1.5074352249503136,0.24321182072162628,0.7958248853683472,0.20150090754032135,0.03260009363293648,0.03876517713069916,0.6838909387588501,0.5340027213096619,1376,0.1829693615436554,4.837475299835205,0.07573497295379639,2818048,5946,1376,86,-87.02365,0.01184722685138695,-0.0019601707193942276,2.481101576983929,-86.93587,0.04137619395041838,-0.0014448430054471828,2.629946194589138,,,0.95,0.9,both,1.059891440910271,0.910944525261862,1.4939790844671115,0.0,-87.63696,2112.391983385628,-87.02365
18,1784842643.197299,,8.0,,8.0,,6.0,,6.0,,10.0,,10.0,,1.0,,1.0,,4.0,,4.0,,2.0,,2.0,,5.0,,5.0,,8.0,,8.0,,7.064278420060873,,5.0320639088749886,,9.078472482971847,,0.5551476614491548,,3.5413330905139446,,1.5367412772029638,,4.540807738900185,,7.0625,0.003203456988558173,0.0010104386310558766,0.0001643942740656712,1.5231707245111465,0.14260049164295197,0.9070311188697815,0.15575404465198517,-0.049408089369535446,0.008974766358733177,0.7274860143661499,0.5350722670555115,1456,0.11932577192783356,4.801418304443359,0.07620301097631454,2981888,6400,1456,91,-77.320175,0.013408801288460382,-0.0008740035496884957,2.3233113273978234,-81.40396,0.03807868382427841,-0.0011307800275972113,2.4396182239055633,,,0.95,0.9,both,1.004347641665229,1.0803071556318649,1.4901379467346376,0.0,-84.84538,2116.8643316985303,-77.320175
19,1784842720.281606,,8.0,,8.0,,6.0,,6.0,,10.0,,10.0,,1.0,,1.0,,4.0,,4.0,,2.0,,2.0,,5.0,,5.0,,8.0,,8.0,,7.045654773712158,,5.015295457094908,,9.01948706433177,,0.5497849294915795,,3.508958635851741,,1.5459744301624596,,4.543725302442908,,7.0,0.00115113309584558,0.0011728189419955015,0.0002780266329409642,1.5316274762153625,0.30671146512031555,0.8331327438354492,0.26318421959877014,0.04215920716524124,0.0032790186814963818,0.7125920057296753,0.5302817225456238,1536,0.0650438517332077,4.7786102294921875,0.09243196994066238,3145728,6913,1536,96,-73.50057,0.006438567524310201,-0.0010718509918660856,2.096743121743202,-82.408585,0.061712117353454235,-0.0015337736593210138,2.2681812956929206,,,0.95,0.9,both,1.0923458404074016,1.0194225724754742,1.2172710807670062,0.0,-80.561386,2125.4640326239587,-73.50057
20,1784842796.436986,,8.0,,8.0,,6.0,,6.0,,10.0,,10.0,,1.0,,1.0,,4.0,,4.0,,2.0,,2.0,,5.0,,5.0,,8.0,,8.0,,7.1060885256156325,,5.110011974815279,,9.133052960038185,,0.574105778709054,,3.5869076997041702,,1.5468274913728237,,4.508767258375883,,7.0,0.00423011789098382,0.0005379533395171165,0.0011242352511544595,1.5346779376268387,0.13590514659881592,0.9210399389266968,0.11616701632738113,0.10129779577255249,0.013350855559110641,0.7556852102279663,0.4972114562988281,1616,0.15332715213298798,4.8207197189331055,0.1051456481218338,3309568,7384,1616,101,-62.902637,0.010072479050722904,-0.0009280791011406109,1.9142161838710308,-80.3965,0.04684999536257237,0.00034936998563352974,2.0796276330947876,,,0.95,0.9,both,1.0948551620928213,1.2241998138532018,1.7354713144528664,0.0,-87.60018,2151.3909063151727,-62.902637
21,1784842873.5792928,,8.0,,8.0,,6.0,,6.0,,10.0,,10.0,,1.0,,1.0,,4.0,,4.0,,2.0,,2.0,,5.0,,5.0,,8.0,,8.0,,7.224473263719119,,5.072320628911257,,9.11359790712595,,0.523442579433322,,3.5269853305071592,,1.5190356634557247,,4.519716313108802,,7.0625,0.006624540779739618,0.0005163438327144831,0.0012359035254121409,1.5414614863693714,0.14132779836654663,0.8609978556632996,0.1252334713935852,-0.0693831816315651,0.026116732507944107,0.683169960975647,0.5016964673995972,1696,0.1346534788608551,4.820258617401123,0.10815026611089706,3473408,7908,1696,106,-81.96099,0.00859020818315912,-0.00030096241243882105,1.7000698752701282,-82.43911,0.057897228212095794,-9.598739707143978e-05,1.9047941699624062,,,0.95,0.9,both,1.1900835215850385,1.1921777440353627,1.1162786568529257,0.0,-76.90395,2123.866916290269,-81.96099
22,1784842950.127131,,8.0,,8.0,,6.0,,6.0,,10.0,,10.0,,1.0,,1.0,,4.0,,4.0,,2.0,,2.0,,5.0,,5.0,,8.0,,8.0,,7.1632858123630285,,5.052759300917387,,9.066761068999767,,0.5175705309957266,,3.5248498152941465,,1.5432817041873932,,4.52647403255105,,7.1875,0.0035329838283360004,0.0007607655134052038,2.3417824365878914e-05,1.5435982793569565,0.2860395908355713,0.871383786201477,0.22787705063819885,0.0013766912743449211,0.009719385765492916,0.6494073271751404,0.5025642514228821,1776,0.14452922344207764,4.822810173034668,0.07693956792354584,3637248,8338,1776,111,-66.13196,0.0115712429251289,-0.0001489332498749718,1.5339606039226055,-86.31395,0.033213831984903665,0.001092784880893305,1.7076689831912517,,,0.95,0.9,both,1.2342703347380053,1.3462297894233946,1.4533017635571484,0.0,-97.56273,2140.3614388691035,-66.13196
23,1784843025.8116403,,8.0,,8.0,,6.0,,6.0,,10.0,,10.0,,1.0,,1.0,,4.0,,4.0,,2.0,,2.0,,5.0,,5.0,,8.0,,8.0,,7.055971574038267,,5.036732796579599,,9.031324464827776,,0.6037421338260174,,3.535517269745469,,1.5160384383052588,,4.5099711157381535,,7.0,0.002282120753079653,0.0013491322752088308,4.437477443275384e-05,1.5611109621822834,0.28037548065185547,0.8541955947875977,0.21375544369220734,0.06133168935775757,0.007650211453437805,0.717745840549469,0.4938701391220093,1856,0.08080950379371643,4.786162376403809,0.11828023195266724,3801088,8787,1856,116,-80.73317,0.009641636937158183,4.2245518125128e-05,1.3639535941183567,-77.80122,0.06330847090575845,-0.0005736273873480968,1.5680216498672963,,,0.95,0.9,both,1.2960930775650121,1.2732730210866243,1.260199500747945,0.0,-76.501045,2164.776210026165,-80.73317
24,1784843102.2874277,,8.0,,8.0,,6.0,,6.0,,10.0,,10.0,,1.0,,1.0,,4.0,,4.0,,2.0,,2.0,,5.0,,5.0,,8.0,,8.0,,7.084203272126615,,5.006614126265049,,9.02875417470932,,0.5088574532419443,,3.505463032051921,,1.525729674845934,,4.502941923215985,,7.0625,0.00178502406924963,0.0009362100099679083,0.00026452617680661206,1.572512935847044,0.31931155920028687,0.8424403667449951,0.2390129119157791,-0.032508932054042816,0.012416689656674862,0.6816220283508301,0.47483694553375244,1936,0.07283460348844528,4.778132915496826,0.08842557668685913,3964928,9312,1936,121,-62.39402,0.00703203710145317,-0.0007175829712650738,1.233548004180193,-70.33034,0.06631222344003618,0.00044864127194159663,1.3751466028392314,,,0.95,0.9,both,1.358062638587506,1.4669996373233478,1.6398849575137306,0.0,-68.83044,2142.3792414356003,-62.39402
25,1784843177.8706775,,8.0,,8.0,,6.0,,6.0,,10.0,,10.0,,1.0,,1.0,,4.0,,4.0,,2.0,,2.0,,5.0,,5.0,,8.0,,8.0,,7.070491686463356,,5.048355251550674,,9.01069638878107,,0.514751510694623,,3.5182474609464407,,1.5335376430302858,,4.503292458131909,,7.0,0.005635247100144625,0.0015169541002251208,0.00013115498529714387,1.5910518057644367,0.3780997693538666,0.8340727090835571,0.2645571231842041,-0.07341268658638,0.025513004511594772,0.7292287349700928,0.45925432443618774,2016,0.04173780977725983,4.774921894073486,0.11130411177873611,4128768,9757,2016,126,-66.1959,0.007497778034303337,0.0006417441014491488,1.08382875546813,-72.37276,0.04865534517448396,0.0006095427277614362,1.240703997015953,,,0.95,0.9,both,1.449436887627964,1.4084383176409445,1.5519357908919553,0.0,-79.49821,2167.673417588758,-66.1959
26,1784843251.6711342,,8.0,,8.0,,6.0,,6.0,,10.0,,10.0,,1.0,,1.0,,4.0,,4.0,,2.0,,2.0,,5.0,,5.0,,8.0,,8.0,,7.064929632470012,,5.009421166032553,,9.031270395964384,,0.5089143197983503,,3.5331074190326035,,1.5182080939412117,,4.512561593204737,,7.0625,0.002227550372481346,0.0010271789215039462,0.0002562693173331354,1.5927375741302967,0.23888647556304932,0.9668864607810974,0.19879350066184998,0.11096104979515076,0.010210053063929081,0.6990228891372681,0.4617692232131958,2096,0.0850135013461113,4.78011417388916,0.10806068032979965,4292608,10277,2096,131,-60.879265,0.013256102500599809,0.00012011039507342502,0.9528756510466337,-70.46655,0.06346053930465131,-9.792492346605286e-05,1.1111932203173638,,,0.95,0.9,both,1.348432177163836,1.3907227950163386,1.2197045192626437,0.0,-82.89339,2220.04224799113,-60.879265
27,1784843327.3824396,,8.0,,8.0,,6.0,,6.0,,10.0,,10.0,,1.0,,1.0,,4.0,,4.0,,2.0,,2.0,,5.0,,5.0,,8.0,,8.0,,7.057952161878347,,5.116260848706588,,9.068564407527447,,0.5132943503558636,,3.5042039398103952,,1.534110952168703,,4.511935634538531,,7.0,0.01409545075148344,0.001527128741145134,0.0006742912394201994,1.603400032967329,0.22073416411876678,0.8393687009811401,0.1892908364534378,-0.028681039810180664,0.05808302015066147,0.6503190994262695,0.45181840658187866,2176,0.09576482325792313,4.788290500640869,0.08683685213327408,4456448,10756,2176,136,-55.73078,0.006062434958585073,0.00014992846408858895,0.8476291965693236,-80.1978,0.05089485277421772,-0.0005298267948091962,0.9829368952661752,,,0.95,0.9,both,1.4995122436220127,1.4252743430058417,1.4187983132411457,0.0,-86.9478,2164.00797892125,-55.73078
28,1784843404.2457263,,8.0,,8.0,,6.0,,6.0,,10.0,,10.0,,1.0,,1.0,,4.0,,4.0,,2.0,,2.0,,5.0,,5.0,,8.0,,8.0,,7.014143250882626,,5.027267836034298,,9.049881475046277,,0.5106373224407434,,3.516587309539318,,1.5244781766086817,,4.5324662532657385,,7.0625,0.003764739725738764,0.0013016388984397054,0.00011844925518289529,1.6160635724663734,0.20502467453479767,0.8478018641471863,0.16476130485534668,-0.053704217076301575,0.018839772790670395,0.6862302422523499,0.4722440838813782,2256,0.08185359090566635,4.779745578765869,0.09578616172075272,4620288,11247,2256,141,-48.1513,0.006869522971101105,0.0006713413080433383,0.6597289144992828,-73.53533,0.038237753650173546,0.0008519844657712383,0.8072132788598537,,,0.95,0.9,both,1.546748304743666,1.5963254977149988,1.1277586412680365,0.0,-67.49384,2131.5782382458733,-48.1513
29,1784843479.5155153,,8.0,,8.0,,6.0,,6.0,,10.0,,10.0,,1.0,,1.0,,4.0,,4.0,,2.0,,2.0,,5.0,,5.0,,8.0,,8.0,,7.007868051528931,,5.050444725900888,,9.00450123846531,,0.514544028788805,,3.5155193265527487,,1.515866855159402,,4.505196150392294,,7.0,0.0017427330603823066,0.0013007335364818573,0.00010805132558289188,1.6249009743332863,0.39129120111465454,0.8291382193565369,0.27017679810523987,-0.0008110250346362591,0.005392438266426325,0.7313443422317505,0.4481414258480072,2336,0.027559490874409676,4.764242649078369,0.10266988724470139,4784128,11727,2336,146,-54.71531,0.008567507093539461,-0.001402780506759882,0.5114686466753483,-87.18356,0.059179079229943456,0.00034059109166264536,0.6885067783296108,,,0.95,0.9,both,1.581011547938837,1.5006038365139247,1.485562170056398,0.0,-74.32078,2176.7026828132152,-54.71531
30,1784843556.8931239,,8.0,,8.0,,6.0,,6.0,,10.0,,10.0,,1.0,,1.0,,4.0,,4.0,,2.0,,2.0,,5.0,,5.0,,8.0,,8.0,,7.008643798530102,,5.058066112920642,,9.049645014107227,,0.5301278382539749,,3.535203855484724,,1.5068879760801792,,4.511868732050061,,7.0625,0.010771290399134159,0.0007561728707514703,0.0008106302836949908,1.6309698149561882,0.23988819122314453,0.8763389587402344,0.2401750087738037,0.016191300004720688,0.059794966131448746,0.8342854976654053,0.44009873270988464,2416,0.10247418284416199,4.782868385314941,0.10839169472455978,4947968,12156,2416,151,-47.378403,0.006235720864788163,-0.0010362424873164855,0.35796837620437144,-73.4735,0.06626392526086419,-0.0002500417933333665,0.5455141063779593,,,0.95,0.9,both,1.673248300261487,1.6200479206028084,1.4793823870250413,0.0,-71.584206,2117.408664245293,-47.378403
31,1784843631.9483633,,8.0,,8.0,,6.0,,6.0,,10.0,,10.0,,1.0,,1.0,,4.0,,4.0,,2.0,,2.0,,5.0,,5.0,,8.0,,8.0,,7.009889397770166,,5.045528303831816,,9.010186769068241,,0.5051222443580627,,3.504278814420104,,1.5111987981945276,,4.502852477133274,,7.0,0.003943614661693573,0.0007876512827351689,8.896370366073825e-05,1.63405542075634,0.24102506041526794,0.8388968706130981,0.16253559291362762,-0.008491541258990765,0.016150813549757004,0.7134177684783936,0.4514862298965454,2496,0.020741967484354973,4.761132717132568,0.1007501557469368,5111808,12654,2496,156,-47.274914,0.005782246922899503,-0.0005117732405778952,0.19825705233961344,-79.50632,0.044470581714995204,-0.0005470923817483709,0.39816279262304305,,,0.95,0.9,both,1.6076704954282277,1.491471101371768,1.5693053016559224,0.0,-81.0161,2182.9250867058563,-47.274914
32,1784843706.6877384,,8.0,,8.0,,6.0,,6.0,,10.0,,10.0,,1.0,,1.0,,4.0,,4.0,,2.0,,2.0,,5.0,,5.0,,8.0,,8.0,,7.005364011973143,,5.003649592399597,,9.042789153754711,,0.5070070568472147,,3.5114795714616776,,1.503548650071025,,4.504278400912881,,7.0,0.0010251696221530437,0.0005979572888463736,0.0008453549460227805,1.641729924827814,0.2900969684123993,0.9348690509796143,0.2976438105106354,-0.08662355691194534,0.0034555932506918907,0.885372519493103,0.46666911244392395,2576,0.021909404546022415,4.759764671325684,0.09460479021072388,5275648,13101,2576,161,-34.211277,0.004994186601834372,2.637013385538012e-05,0.02056620642542839,-68.10002,0.06432253590319306,0.000482087628915906,0.27146083656698466,,,0.95,0.9,both,1.817185092496097,1.7301288591657074,1.5044644970450045,0.0,-81.23391,2192.151508192317,-34.211277
33,1784843784.2725186,,8.0,,8.0,,6.0,,6.0,,10.0,,10.0,,1.0,,1.0,,4.0,,4.0,,2.0,,2.0,,5.0,,5.0,,8.0,,8.0,,7.010109353810549,,5.034449283033609,,9.032513838261366,,0.502128854393959,,3.521187363192439,,1.5129167921841145,,4.516392156481743,,7.0,0.003175324760377407,0.0005586677580140531,0.00025495934642094653,1.6458732038736343,0.16265346109867096,0.8380923867225647,0.12865890562534332,0.07231613993644714,0.012591307051479816,0.759107768535614,0.4523769021034241,2656,0.039397742599248886,4.766211986541748,0.11016876995563507,5439488,13632,2656,166,-33.09425,0.004127308430906851,0.0008257730951299891,-0.11403755247592925,-78.66427,0.06112902699969709,-0.0006551758990099188,0.10941952094435692,,,0.95,0.9,both,1.9729789035343046,1.760368702121583,1.3464427665015828,0.0,-72.87018,2111.7540306212077,-33.09425
34,1784843861.5501616,,8.0,,8.0,,6.0,,6.0,,10.0,,10.0,,1.0,,1.0,,4.0,,4.0,,2.0,,2.0,,5.0,,5.0,,8.0,,8.0,,7.018033087253571,,5.016919676214457,,9.022914782166481,,0.5080936290323734,,3.516693279147148,,1.504626052454114,,4.5106928255409,,7.0,0.0008730397094041109,0.00038366171065717936,3.5094429392756865e-05,1.6507660672068596,0.1963651180267334,0.8030403256416321,0.13589760661125183,-0.0025615431368350983,0.0028197665233165026,0.7270824909210205,0.43568694591522217,2736,0.022758377715945244,4.762246608734131,0.07374917715787888,5603328,14095,2736,171,-32.01303,0.004506859560933663,-4.094262112630531e-05,-0.2761641230434179,-83.927895,0.04356484852032736,-9.36535929213278e-05,-0.058568967133760454,,,0.95,0.9,both,1.9806875843812741,1.8325971866616904,1.2458471623168206,0.0,-60.68438,2120.1471850005896,-32.01303
35,1784843935.975233,,8.0,,8.0,,6.0,,6.0,,10.0,,10.0,,1.0,,1.0,,4.0,,4.0,,2.0,,2.0,,5.0,,5.0,,8.0,,8.0,,7.005805619060993,,5.010109163820744,,9.02981635555625,,0.5128448065370321,,3.5172253269702196,,1.5047006849199533,,4.505655640736222,,7.0,0.0024237758480012417,0.0020721914479508996,1.7728635320679587e-05,1.6527641452848911,0.3100843131542206,0.9117178916931152,0.19286005198955536,-0.024098901078104973,0.006774462293833494,0.7540065050125122,0.40742117166519165,2816,0.02487376518547535,4.760769367218018,0.06597520411014557,5767168,14514,2816,176,-30.959026,0.005696186417480931,0.0018928203266113997,-0.44182163272053004,-73.199554,0.047673308860976246,0.0006499732262454927,-0.21066559925675393,,,0.95,0.9,both,1.9844368069000695,1.9338296723979567,2.144657202997935,0.0,-76.84253,2201.41026597194,-30.959026
36,1784844011.341172,,8.0,,8.0,,6.0,,6.0,,10.0,,10.0,,1.0,,1.0,,4.0,,4.0,,2.0,,2.0,,5.0,,5.0,,8.0,,8.0,,7.005286138504744,,5.010263543576002,,9.038814127445221,,0.5061295963823795,,3.5078538730740547,,1.5102951880544424,,4.501257576048374,,7.0,0.000837104395031929,0.00048121000872924924,1.6628995879841568e-05,1.6614839732646942,0.26363563537597656,0.9598908424377441,0.18256576359272003,-0.09215633571147919,0.0027875974774360657,0.7125465869903564,0.40468287467956543,2896,0.02302592433989048,4.759987831115723,0.08643564581871033,5931008,14885,2896,181,-26.787394,0.0043649360930430705,0.0012035469793772791,-0.5388213280588389,-70.31424,0.05367262298241258,0.0007258484678459354,-0.357129224576056,,,0.95,0.9,both,1.8980933627266885,1.8478539162207763,1.3805824507269235,0.0,-60.009815,2173.925169148694,-26.787394
37,1784844084.4583375,,8.0,,8.0,,6.0,,6.0,,10.0,,10.0,,1.0,,1.0,,4.0,,4.0,,2.0,,2.0,,5.0,,5.0,,8.0,,8.0,,7.00970271229744,,5.0314448438584805,,9.00653376802802,,0.5042688846588135,,3.53523036185652,,1.5391986786853522,,4.511658810079098,,7.0,0.0038637768011540174,0.0009916943963617086,0.0001639507854065414,1.66519745439291,0.15807878971099854,0.99904465675354,0.1030225083231926,0.005159522872418165,0.0181261096149683,0.7546488046646118,0.4057379961013794,2976,0.049905482679605484,4.767254829406738,0.11031696200370789,6094848,15377,2976,186,-31.765278,0.004997473831463139,0.0017442639982618857,-0.6783465839922428,-82.471664,0.04015534495702013,0.0009659992443630472,-0.5146271001547575,,,0.95,0.9,both,1.9971583274951201,2.101304884558437,1.5328821202109395,0.0,-62.631004,2240.7868202949016,-31.765278
38,1784844157.1246974,,8.0,,8.0,,6.0,,6.0,,10.0,,10.0,,1.0,,1.0,,4.0,,4.0,,2.0,,2.0,,5.0,,5.0,,8.0,,8.0,,7.024548079818487,,5.007233951240778,,9.009544171392918,,0.50431870482862,,3.5086739510297775,,1.5035576336085796,,4.502251343801618,,7.0625,0.005665480624884367,0.001876936701592058,0.00035104142989439424,1.6718980260193348,0.09763829410076141,0.7887741923332214,0.07800944149494171,-0.04463549330830574,0.03316830098628998,0.776557207107544,0.3908759355545044,3056,0.04542545601725578,4.765328407287598,0.06143483519554138,6258688,15719,3056,191,-26.82641,0.004203397870878689,0.0015943723046802916,-0.8150963172316551,-62.38335,0.03342120895395055,0.0013121974719979335,-0.6588989403098822,,,0.95,0.9,both,2.058622217119278,1.9810909463408684,1.4211901273106944,0.0,-74.99678,2254.6877968566123,-26.82641
39,1784844230.082695,,8.0,,8.0,,6.0,,6.0,,10.0,,10.0,,1.0,,1.0,,4.0,,4.0,,2.0,,2.0,,5.0,,5.0,,8.0,,8.0,,7.028731718659401,,5.000392690300941,,9.0022484511137,,0.5011391192674637,,3.5038821306079626,,1.5020456332713366,,4.527113392483443,,7.0,0.001120131928473711,0.0007663001306355,9.169126236940883e-06,1.6746735647320747,0.18379005789756775,0.8427416086196899,0.11733756959438324,-0.0716223269701004,0.006797392386943102,0.7851802110671997,0.4110199213027954,3136,0.024497898295521736,4.758194446563721,0.10132633149623871,6422528,16078,3136,196,-23.63708,0.005116038913547527,0.0016912162303924561,-0.9301014821976423,-81.04584,0.03936390660237521,0.0009949580693501049,-0.7692378550767899,,,0.95,0.9,both,2.1587246461326077,2.234687327400375,2.056730690672185,0.0,-64.74765,2245.675920326299,-23.63708
40,1784844302.9496896,,8.0,,8.0,,6.0,,6.0,,10.0,,10.0,,1.0,,1.0,,4.0,,4.0,,2.0,,2.0,,5.0,,5.0,,8.0,,8.0,,7.004050258547068,,5.0061108730733395,,9.004878878593445,,0.5085993856191635,,3.5024278424680233,,1.5084319468587637,,4.502947475761175,,7.0,0.0009867611806839705,0.0006495420238934457,7.418519999191631e-06,1.6804847940802574,0.1914193332195282,0.8415511846542358,0.15367582440376282,-0.027619782835245132,0.004322656895965338,0.7381979823112488,0.39630013704299927,3216,0.011559401638805866,4.754680633544922,0.09519530087709427,6586368,16431,3216,201,-27.664082,0.006134801362350117,0.0019592970988014714,-1.034557431191206,-79.57275,0.032664613146334884,0.0020031017338624224,-0.8602634407579899,,,0.95,0.9,both,2.2782457136496825,2.2713008946425455,1.2591033640569513,0.0,-55.664417,2248.4809593792875,-27.664082
41,1784844374.0526216,,8.0,,8.0,,6.0,,6.0,,10.0,,10.0,,1.0,,1.0,,4.0,,4.0,,2.0,,2.0,,5.0,,5.0,,8.0,,8.0,,7.009861219674349,,5.006255608052015,,9.000887922942638,,0.5019949916750193,,3.507956514135003,,1.5034796129912138,,4.501814562827349,,7.0,0.0004131494206376374,0.001137800281867385,4.531393196671729e-06,1.6822975687682629,0.1846567839384079,0.8662151098251343,0.12844312191009521,-0.004209754057228565,0.0013586917193606496,0.7306214570999146,0.3953714966773987,3296,0.010602754540741444,4.754031658172607,0.07790776342153549,6750208,16805,3296,206,-19.53669,0.004178850036987569,0.0027850725746247917,-1.171586486697197,-77.527596,0.05077785729663446,0.0011617010444751942,-0.9872524857521057,,,0.95,0.9,both,2.3483456123469812,2.026804456894763,2.5567079547784504,0.0,-79.40141,2304.2645860395355,-19.53669
42,1784844447.3609774,,8.0,,8.0,,6.0,,6.0,,10.0,,10.0,,1.0,,1.0,,4.0,,4.0,,2.0,,2.0,,5.0,,5.0,,8.0,,8.0,,7.001698017120361,,5.022896036505699,,9.003878984600306,,0.5014713946729898,,3.503589143976569,,1.526775700505823,,4.501204060390592,,7.0,0.0010218014940619469,0.0006013797246851027,3.2353593027778516e-05,1.682818952947855,0.16155701875686646,0.9709569811820984,0.10332148522138596,-0.05538322776556015,0.004245600197464228,0.796924352645874,0.39656031131744385,3376,0.02284732274711132,4.757688999176025,0.11249300837516785,6914048,17188,3376,211,-17.60931,0.004688757672556676,0.0034351743044680914,-1.2973498180508614,-82.60869,0.05254269321449101,0.001805300726846326,-1.0909665122628212,,,0.95,0.9,both,2.4372734973833685,2.4658467972327407,2.178370708405351,0.0,-60.15989,2234.9436938166014,-17.60931
43,1784844519.1998634,,8.0,,8.0,,6.0,,6.0,,10.0,,10.0,,1.0,,1.0,,4.0,,4.0,,2.0,,2.0,,5.0,,5.0,,8.0,,8.0,,7.007377527654171,,5.00290497764945,,9.002150934189558,,0.5121872611343861,,3.504586823284626,,1.5060680638998747,,4.5042802058160305,,7.0,0.0006862995214760303,0.00034436455462127924,1.2942498237578093e-06,1.6859786920249462,0.15547391772270203,0.9299207329750061,0.13380242884159088,-0.05706410855054855,0.0023634268436580896,0.9146877527236938,0.37028616666793823,3456,0.012829573825001717,4.754944324493408,0.04763838276267052,7077888,17509,3456,216,-40.507584,0.006819358057691715,0.001757469137373846,-1.3851782597601414,-68.47935,0.027441609546076506,0.0024500164116034286,-1.235103724896908,,,0.95,0.9,both,2.299315411618257,2.5385531622303774,1.740178896339005,0.0,-79.55312,2280.6604950346627,-40.507584
44,1784844592.8522155,,8.0,,8.0,,6.0,,6.0,,10.0,,10.0,,1.0,,1.0,,4.0,,4.0,,2.0,,2.0,,5.0,,5.0,,8.0,,8.0,,7.0036104172468185,,5.021488606929779,,9.003362201154232,,0.5019187740981579,,3.5043880101293325,,1.5019869208335876,,4.511857684701681,,7.0,0.0024272333830595016,0.0008185507031157613,5.850009394237077e-05,1.6899208910763264,0.2123321294784546,0.8807058930397034,0.14802899956703186,-0.132826566696167,0.006758854258805513,0.7337049245834351,0.3980231285095215,3536,0.012788505293428898,4.756076335906982,0.04031632840633392,7241728,17888,3536,221,-16.024477,0.00511788555450039,0.0029969671930302868,-1.5257449120283126,-59.215595,0.038947719091083854,0.0025977307494031267,-1.373405509442091,,,0.95,0.9,both,2.4724244396245583,2.4535087021501134,1.387681658719219,0.0,-61.97758,2224.502343641151,-16.024477
45,1784844665.834472,,8.0,,8.0,,6.0,,6.0,,10.0,,10.0,,1.0,,1.0,,4.0,,4.0,,2.0,,2.0,,5.0,,5.0,,8.0,,8.0,,7.0150406062603,,5.0451735854148865,,9.018321871757507,,0.5014857836067677,,3.505126092582941,,1.5061383806169033,,4.5031551737338305,,7.0,0.0024387461598962545,0.0026416505279485136,0.00014376712618968668,1.6917138881981373,0.23181946575641632,0.8584599494934082,0.153873473405838,-0.008286785334348679,0.015766873955726624,0.7243586778640747,0.3951117992401123,3616,0.03644465282559395,4.761805057525635,0.09556931257247925,7405568,18219,3616,226,-19.705776,0.005077401983726304,0.002150490225176327,-1.6098305679857732,-37.68,0.03331409614766016,0.0013104907906381414,-1.4797419011592865,,,0.95,0.9,both,2.4956838910384618,2.56769336763528,1.8481992906152498,0.0,-65.61018,2244.9298249079643,-19.705776
46,1784844738.050721,,8.0,,8.0,,6.0,,6.0,,10.0,,10.0,,1.0,,1.0,,4.0,,4.0,,2.0,,2.0,,5.0,,5.0,,8.0,,8.0,,7.003267612308264,,5.0237065106630325,,9.006144039332867,,0.5007758215069771,,3.5014256797730923,,1.5026608128100634,,4.500569937750697,,7.0,0.0005214647389948368,0.001241054618731141,5.933513386935374e-05,1.6909138783812523,0.11819575726985931,0.8728736042976379,0.12014573067426682,-0.021746672689914703,0.0027732786256819963,0.6855390667915344,0.4090452790260315,3696,0.013965676538646221,4.754818439483643,0.04620714858174324,7569408,18596,3696,231,-16.62679,0.00476954932382796,0.0027979998667433392,-1.6793773926794529,-63.947395,0.03189164940267801,0.0018280638309079223,-1.582115350663662,,,0.95,0.9,both,2.5320519131536465,2.713632549450529,2.1442190286810923,0.0,-56.904358,2268.7413896573557,-16.62679
47,1784844809.9693832,,8.0,,8.0,,6.0,,6.0,,10.0,,10.0,,1.0,,1.0,,4.0,,4.0,,2.0,,2.0,,5.0,,5.0,,8.0,,8.0,,7.001780956983566,,5.008479531854391,,9.002235002815723,,0.5008190516382456,,3.5006693806499243,,1.5005409941077232,,4.501516442745924,,7.0,0.001341615803539753,0.0007070084102451801,4.110330880280344e-05,1.690751027315855,0.3267699182033539,0.8817233443260193,0.29406270384788513,0.0699792429804802,0.009851337410509586,0.673147976398468,0.38524770736694336,3776,0.005575743969529867,4.752005100250244,0.049730170518159866,7733248,18917,3776,236,-13.751047,0.005231051013834076,0.004355730128008872,-1.747471495717764,-63.384777,0.01770233484567143,0.0027999202779028566,-1.6643652640283109,,,0.95,0.9,both,2.67712128656902,2.5673570574462907,2.2889003422637275,0.0,-57.55374,2278.12872691722,-13.751047
48,1784844883.1960785,,8.0,,8.0,,6.0,,6.0,,10.0,,10.0,,1.0,,1.0,,4.0,,4.0,,2.0,,2.0,,5.0,,5.0,,8.0,,8.0,,7.001932866871357,,5.003640696406364,,9.000622443854809,,0.5021058581769466,,3.501905046403408,,1.5003756452351809,,4.500268388539553,,7.0,0.0007136408239603043,0.000527992146089673,1.5192686333875827e-05,1.6913956888020039,0.22702878713607788,0.9041901230812073,0.1864546686410904,0.05150874704122543,0.003152808640152216,0.8614197969436646,0.36770695447921753,3856,0.0031582850497215986,4.751356601715088,0.042425889521837234,7897088,19203,3856,241,-18.490444,0.005368973438453395,0.0029694741329876705,-1.8293179601430893,-63.59516,0.03663242612965405,0.002681273760390468,-1.7001135766506195,,,0.95,0.9,both,2.677203162188946,2.746898390851954,1.442930287416763,0.0,-46.72651,2237.435899900962,-18.490444
49,1784844958.3009784,,8.0,,8.0,,6.0,,6.0,,10.0,,10.0,,1.0,,1.0,,4.0,,4.0,,2.0,,2.0,,5.0,,5.0,,8.0,,8.0,,7.012019880115986,,5.000709805637598,,9.000372026115656,,0.5021089389920235,,3.5014837365597486,,1.5009669680148363,,4.503447452560067,,7.0,0.0005003827391192317,0.0004780759336426854,5.169066321641935e-07,1.6919938698410988,0.1664823740720749,0.8214440941810608,0.13057458400726318,0.008468257263302803,0.0023063714616000652,0.609927773475647,0.3837754428386688,3936,0.007416136097162962,4.752638816833496,0.08883951604366302,8060928,19563,3936,246,-26.439306,0.006478250870713964,0.0026890261739026754,-1.92409061267972,-63.610188,0.04194803313584998,0.0029103169013978913,-1.7628991454839706,,,0.95,0.9,both,2.644608428603475,3.1149328689705675,2.3499760785023263,0.0,-66.155396,2181.4820402447003,-26.439306
50,1784845033.1696494,,8.0,,8.0,,6.0,,6.0,,10.0,,10.0,,1.0,,1.0,,4.0,,4.0,,2.0,,2.0,,5.0,,5.0,,8.0,,8.0,,7.001288250088692,,5.0004229582846165,,9.000301908701658,,0.5017220992594957,,3.500504970550537,,1.5025453213602304,,4.502386236563325,,7.0,0.00048032798804342747,0.0007276691612787545,3.918976196359836e-05,1.6910398453474045,0.15912877023220062,0.8817427754402161,0.20452775061130524,0.022527750581502914,0.001768311019986868,0.7738680839538574,0.3786103129386902,4016,0.0031996869947761297,4.75114631652832,0.034323666244745255,8224768,19832,4016,251,-22.447403,0.006775650691997726,0.0026593174392473885,-1.973426016420126,-55.988556,0.03527191932080313,0.0023931628034915774,-1.8322708778083325,,,0.95,0.9,both,2.773092896814476,2.9806741684830333,2.714816179553851,0.0,-50.360863,2188.36486723754,-22.447403
51,1784845110.5376043,,8.0,,8.0,,6.0,,6.0,,10.0,,10.0,,1.0,,1.0,,4.0,,4.0,,2.0,,2.0,,5.0,,5.0,,8.0,,8.0,,7.001806333661079,,5.000409260392189,,9.000568259507418,,0.5000560879707336,,3.5003316793590784,,1.5001409985125065,,4.500429240986705,,7.0,0.00010760035365819931,0.00032383541110903025,1.4652865857556208e-05,1.6909396313130856,0.14102138578891754,0.8238322734832764,0.09871617704629898,0.029158301651477814,0.0006294824997894466,0.6897688508033752,0.37672027945518494,4096,0.0013655810616910458,4.7504682540893555,0.08511389046907425,8388608,20157,4096,256,-18.405655,0.005158158910489874,0.0028423951545846647,-2.0437258541584016,-65.25578,0.046535806939937176,0.002732721449865494,-1.9499824181199075,,,0.95,0.9,both,2.748762047210066,2.9795536581294195,1.471467767209109,0.0,-43.906933,2117.6760675400155,-18.405655
52,1784845184.4146764,,8.0,,8.0,,6.0,,6.0,,10.0,,10.0,,1.0,,1.0,,4.0,,4.0,,2.0,,2.0,,5.0,,5.0,,8.0,,8.0,,7.0004724860191345,,5.001170355826616,,9.000336788594723,,0.5003855228424072,,3.500085299834609,,1.503182178363204,,4.500108782202005,,7.0,0.000234855804592371,0.0026441432419233024,2.6937383225345002e-05,1.6898201555013657,0.10710608214139938,0.8239123225212097,0.08873942494392395,0.022323839366436005,0.0012006238102912903,0.7086622714996338,0.3689563274383545,4176,0.0022712822537869215,4.750717639923096,0.06043913587927818,8552448,20459,4176,261,-15.451526,0.005133342706540134,0.0027649037059745752,-2.119136191904545,-57.7971,0.0329470026306808,0.003271766313991975,-1.9926690727472305,,,0.95,0.9,both,2.703410141179435,2.8292813786954483,3.111878007810229,0.0,-56.596558,2217.734679293208,-15.451526
53,1784845257.3495896,,8.0,,8.0,,6.0,,6.0,,10.0,,10.0,,1.0,,1.0,,4.0,,4.0,,2.0,,2.0,,5.0,,5.0,,8.0,,8.0,,7.000414721667767,,5.002189885824919,,9.001223541796207,,0.5031247530132532,,3.500115994364023,,1.5014714691787958,,4.500219821929932,,7.0,0.0004080620128661394,0.00034232286270707846,8.210979522971229e-06,1.6900682114064693,0.13605456054210663,0.7824382781982422,0.23449084162712097,0.040006477385759354,0.002434841124340892,0.8593102097511292,0.33599036931991577,4256,0.003798464545980096,4.751094818115234,0.08247790485620499,8716288,20735,4256,266,-20.744347,0.004162458516657352,0.002955739697063109,-2.186042982339859,-56.94162,0.026766780042089523,0.0033727086789440363,-2.0380481347441672,,,0.95,0.9,both,2.9356694116191804,2.9429792050269428,2.863024327822254,0.0,-66.38065,2246.3859946126067,-20.744347
54,1784845333.2497587,,8.0,,8.0,,6.0,,6.0,,10.0,,10.0,,1.0,,1.0,,4.0,,4.0,,2.0,,2.0,,5.0,,5.0,,8.0,,8.0,,7.000428635627031,,5.000448781996965,,9.000591665506363,,0.500083027407527,,3.500097317621112,,1.5008047074079514,,4.500166026875377,,7.0,5.707843229174614e-05,0.0009199034539051354,1.964949719734932e-05,1.6910720877349377,0.17269055545330048,0.9241026043891907,0.14941821992397308,-0.05069112032651901,0.00016554503235965967,0.7223494052886963,0.32651710510253906,4336,0.0005257343873381615,4.750328063964844,0.06768316775560379,8880128,21005,4336,271,-21.33672,0.005453569919336587,0.004179005387413781,-2.2258501306176184,-80.831436,0.032204512716270985,0.003015907855296973,-2.145335967838764,,,0.95,0.9,both,2.7975128335025827,2.871825121577777,2.0497684646321677,0.0,-65.28735,2158.626850498411,-21.33672
55,1784845410.1683068,,8.0,,8.0,,6.0,,6.0,,10.0,,10.0,,1.0,,1.0,,4.0,,4.0,,2.0,,2.0,,5.0,,5.0,,8.0,,8.0,,7.000779617577791,,5.000249996781349,,9.000094346702099,,0.5000960882753134,,3.5001343600451946,,1.5010164305567741,,4.500349495559931,,7.0,0.00011269073002040386,0.0013979222276248038,0.001040365076278249,1.6910572610795498,0.3312309980392456,0.850588858127594,0.3689334988594055,-0.05437157675623894,0.0005282744532451034,0.7727855443954468,0.3670734763145447,4416,0.0009434784878976643,4.750339508056641,0.09996706247329712,9043968,21343,4416,276,-13.107776,0.004824961087433621,0.004158956972969463,-2.30759582221508,-62.049904,0.05097647975198925,0.0028256650766707025,-2.1867074251174925,,,0.95,0.9,both,3.010757872740005,3.009619189028963,3.105464351917063,0.0,-62.989754,2130.0436780402024,-13.107776
56,1784845487.3296256,,8.0,,8.0,,6.0,,6.0,,10.0,,10.0,,1.0,,1.0,,4.0,,4.0,,2.0,,2.0,,5.0,,5.0,,8.0,,8.0,,7.000330105423927,,5.000071745365858,,9.00032626837492,,0.5000744350254536,,3.500094134360552,,1.5002353359013796,,4.500034349039197,,7.0,1.955125480890274e-05,0.0007813862466719002,8.517071446334512e-06,1.691356424242258,0.09732914716005325,0.9196531772613525,0.08762248605489731,-0.09543196111917496,8.506960148224607e-05,0.6995679140090942,0.3365551233291626,4496,0.0003747420269064605,4.750146389007568,0.03557597100734711,9207808,21644,4496,281,-12.462348,0.004541052118293009,0.00390788752847584,-2.360232764482498,-66.97301,0.02198384507209994,0.0025436730546061883,-2.254720036685467,,,0.95,0.9,both,3.0001750022785614,3.075806682099853,2.5293113701186933,0.0,-36.82522,2123.3440037396686,-12.462348
57,1784845564.5588088,,8.0,,8.0,,6.0,,6.0,,10.0,,10.0,,1.0,,1.0,,4.0,,4.0,,2.0,,2.0,,5.0,,5.0,,8.0,,8.0,,7.003188479691744,,5.000402260571718,,9.000051084905863,,0.500134265050292,,3.5004836842417717,,1.5000684950500727,,4.500096933916211,,7.0,5.0897710025310516e-05,0.0007944776443764567,1.5731267338447985e-05,1.6912698335945606,0.15220408141613007,0.9065332412719727,0.11790754646062851,-0.06492504477500916,0.00034213741309940815,0.7151859998703003,0.3215554356575012,4576,0.001859399490058422,4.750553131103516,0.0689927339553833,9371648,21949,4576,286,-12.844617,0.004580332282785093,0.002327308051462751,-2.436475749313831,-65.10606,0.037865622364915905,0.001684920240950305,-2.314261795580387,,,0.95,0.9,both,3.005629107510399,3.057371220485038,3.1530561711155465,0.0,-46.37489,2121.477978824913,-12.844617
58,1784845638.1495483,,8.0,,8.0,,6.0,,6.0,,10.0,,10.0,,1.0,,1.0,,4.0,,4.0,,2.0,,2.0,,5.0,,5.0,,8.0,,8.0,,7.000162500888109,,5.004113856703043,,9.000337611883879,,0.5002447664737701,,3.5003367960453033,,1.500114656984806,,4.500639146193862,,7.0,0.0006890119984745979,0.00042303994996473193,6.530960327211233e-06,1.6902970373630524,0.1447031944990158,0.9188702702522278,0.14488640427589417,0.15206967294216156,0.005379826296120882,0.6796169281005859,0.31494569778442383,4656,0.0026234446559101343,4.750743389129639,0.08636125177145004,9535488,22238,4656,291,-11.46498,0.004505867352418136,0.0033722998297889715,-2.5064508467912674,-70.47558,0.043653334677219394,0.002434270076628309,-2.4198838755488397,,,0.95,0.9,both,2.957720410078063,3.1794303925331833,2.3524012438470803,0.0,-50.811356,2226.367168878417,-11.46498
59,1784845709.9179287,,8.0,,8.0,,6.0,,6.0,,10.0,,10.0,,1.0,,1.0,,4.0,,4.0,,2.0,,2.0,,5.0,,5.0,,8.0,,8.0,,7.0001306757330894,,5.000841062515974,,9.000159800052643,,0.5001342333853245,,3.500057267025113,,1.500172371044755,,4.500217298045754,,7.0,5.08053635712713e-05,0.0012305252603255212,1.581514018411667e-05,1.6898445785045624,0.24518316984176636,0.7957854866981506,0.20008191466331482,-0.006082059349864721,0.0002084753941744566,0.66168612241745,0.3184150159358978,4736,0.0006814678199589252,4.750213623046875,0.03807955980300903,9699328,22533,4736,296,-8.859233,0.004618278947600629,0.0038748667677282354,-2.59634008705616,-66.5785,0.025755210086936133,0.0034045402586343697,-2.457318490743637,,,0.95,0.9,both,3.0786816639550745,3.013817466552419,3.2592257197922265,0.0,-77.49024,2282.8990716514027,-8.859233
60,1784845782.262941,,8.0,,8.0,,6.0,,6.0,,10.0,,10.0,,1.0,,1.0,,4.0,,4.0,,2.0,,2.0,,5.0,,5.0,,8.0,,8.0,,7.004384212195873,,5.000637207180262,,9.000090014189482,,0.5002526063472033,,3.500053023919463,,1.5000707134604454,,4.50043823197484,,7.0,0.00038019055500626564,0.0007733681704849005,1.2090415459908854e-06,1.6907796785235405,0.3341417610645294,0.8509671688079834,0.3999558091163635,-0.005791366100311279,0.0019197621149942279,0.8731111288070679,0.3181561827659607,4816,0.002724369755014777,4.750741004943848,0.13808579742908478,9863168,22840,4816,301,-11.07242,0.004561391948664095,0.003143928473582491,-2.6373564153909683,-64.338036,0.0628535894677043,0.002968854883511085,-2.520649428665638,,,0.95,0.9,both,3.0409130182436632,3.0303584508965677,2.8065250880774126,0.0,-84.46327,2264.706738304097,-11.07242
61,1784845856.6108308,,8.0,,8.0,,6.0,,6.0,,10.0,,10.0,,1.0,,1.0,,4.0,,4.0,,2.0,,2.0,,5.0,,5.0,,8.0,,8.0,,7.000062674283981,,5.000297795981169,,9.00011906772852,,0.5000637955963612,,3.500478295609355,,1.5000248793512583,,4.500148309394717,,7.0,4.1441526263952255e-05,0.0014587605255655944,0.00011718404370242297,1.6903282068669796,0.4741516709327698,0.9285271763801575,0.3850668668746948,0.10021647065877914,0.0001538553333375603,0.5542300939559937,0.2860369086265564,4896,0.00040698060183785856,4.750149250030518,0.07652027159929276,10027008,23131,4896,306,-9.110655,0.00533002481533913,0.002760979684535414,-2.689231003820896,-64.447586,0.012426233690348454,0.002489244219032116,-2.5833776548504828,,,0.95,0.9,both,2.927297322280467,2.9980407305353274,3.2364764339107905,0.0,-59.546844,2203.690898141832,-9.110655
62,1784845931.8449748,,8.0,,8.0,,6.0,,6.0,,10.0,,10.0,,1.0,,1.0,,4.0,,4.0,,2.0,,2.0,,5.0,,5.0,,8.0,,8.0,,7.001518316566944,,5.00007139146328,,9.000017322599888,,0.5000714119523764,,3.500025376677513,,1.5001218765974045,,4.500032061710954,,7.0,6.739667151123285e-05,0.002859025204088539,3.050073681620802e-06,1.6899922266602516,0.14263063669204712,0.8280370235443115,0.12099745869636536,-0.0053264070302248,0.0005176634294912219,0.6983095407485962,0.29618895053863525,4976,0.0008532500360161066,4.750232696533203,0.05396245792508125,10190848,23420,4976,311,-9.502802,0.004802168249443639,0.00491119792277459,-2.7447382763028143,-59.527855,0.030693969002459198,0.003350544192653615,-2.6452163621783256,,,0.95,0.9,both,3.2636807381522717,3.160796814155236,3.9889440765882,0.0,-46.435493,2177.736047603478,-9.502802
63,1784846005.7536309,,8.0,,8.0,,6.0,,6.0,,10.0,,10.0,,1.0,,1.0,,4.0,,4.0,,2.0,,2.0,,5.0,,5.0,,8.0,,8.0,,7.0000977367162704,,5.000142250210047,,9.000194363296032,,0.5001408793032169,,3.5001499373465776,,1.5000203233212233,,4.5000353287905455,,7.0,1.397053711116314e-05,0.0031894142739474773,6.142402546593928e-06,1.6924064941704273,0.17105358839035034,0.8386309742927551,0.11953447759151459,0.05266452208161354,3.8510592275997624e-05,0.5435701012611389,0.29695212841033936,5056,0.00023882478126324713,4.750097274780273,0.062012817710638046,10354688,23753,5056,316,-4.835917,0.0034615248747286386,0.002839895567740314,-2.8497018709778787,-69.526794,0.03353544881101698,0.0029186206302256323,-2.7118202596902847,,,0.95,0.9,both,3.0680992279968913,3.5394229236644947,5.336243213165308,0.0,-35.921577,2216.7883239924886,-4.835917
64,1784846079.0158007,,8.0,,8.0,,6.0,,6.0,,10.0,,10.0,,1.0,,1.0,,4.0,,4.0,,2.0,,2.0,,5.0,,5.0,,8.0,,8.0,,7.0001911744475365,,5.000074442476034,,9.000274185091257,,0.5001646336168051,,3.5000773575156927,,1.5002662185579538,,4.500078672543168,,7.0,1.759990118443966e-05,0.001624599623028189,0.0005435382485927676,1.6934917718172073,0.1597874015569687,0.8483917713165283,0.11279237270355225,-0.008032213896512985,6.006362309562974e-05,0.6683956384658813,0.28571224212646484,5136,0.00037203612737357616,4.75014066696167,0.04142289236187935,10518528,24060,5136,321,-10.802274,0.004181276502640685,0.005901466486102435,-2.9228785291314123,-57.48591,0.028571250080130995,0.0024511016170436052,-2.786970165371895,,,0.95,0.9,both,3.3459880227558214,2.9086625917991262,4.489405837277591,0.0,-78.01729,2236.3525402806317,-10.802274
65,1784846153.0227349,,8.0,,8.0,,6.0,,6.0,,10.0,,10.0,,1.0,,1.0,,4.0,,4.0,,2.0,,2.0,,5.0,,5.0,,8.0,,8.0,,7.000095177441835,,5.000024642795324,,9.000908229500055,,0.5000356379896402,,3.5000339094549417,,1.5000902079045773,,4.5000451896339655,,7.0,4.9906084313988686e-05,0.001110152283217758,2.127059665291142e-06,1.6927345544099808,0.14621412754058838,0.9456208944320679,0.1294824182987213,0.03894420340657234,0.0002593930985312909,0.7631559371948242,0.263671338558197,5216,0.0005170143558643758,4.7501540184021,0.045456964522600174,10682368,24345,5216,326,-7.376705,0.004595280843932415,0.003490872566908365,-2.9605430394411085,-60.19873,0.025764634960796683,0.003715047815057915,-2.8364853456616403,,,0.95,0.9,both,3.149828958737455,3.28026831021603,2.6517214133892923,0.0,-69.10648,2213.8465605672004,-7.376705
66,1784846226.6174564,,8.0,,8.0,,6.0,,6.0,,10.0,,10.0,,1.0,,1.0,,4.0,,4.0,,2.0,,2.0,,5.0,,5.0,,8.0,,8.0,,7.000085849314928,,5.000085201114416,,9.000362899154425,,0.5000815838575363,,3.500026362016797,,1.5000934936106205,,4.500102136284113,,7.0,2.4973880499601364e-05,0.0008613221871200949,5.586636570242831e-06,1.6937995664775372,0.13540978729724884,0.8610497713088989,0.13975439965724945,0.03331117331981659,9.075392881641164e-05,0.5519688129425049,0.26630324125289917,5296,0.00031213468173518777,4.750104904174805,0.04327085614204407,10846208,24671,5296,331,-17.405485,0.00497051053243922,0.003939929862099234,-2.9716798096895216,-67.03049,0.02700792794348672,0.0031355919600173365,-2.880716946721077,,,0.95,0.9,both,3.2267512134660166,3.448419014781556,3.035419692774499,0.0,-54.326283,2226.2464332313953,-17.405485
67,1784846297.3086495,,8.0,,8.0,,6.0,,6.0,,10.0,,10.0,,1.0,,1.0,,4.0,,4.0,,2.0,,2.0,,5.0,,5.0,,8.0,,8.0,,7.000511534512043,,5.000096008181572,,9.001043781638145,,0.5000280346721411,,3.500032216310501,,1.5002329275012016,,4.500013357028365,,7.0,5.1411974709481e-05,0.0009082404430955648,1.2534497724203675e-06,1.6920778341591358,0.13510416448116302,0.8294218182563782,0.11679709702730179,-0.006532329134643078,0.00024314441543538123,0.8105393648147583,0.26915857195854187,5376,0.0008434295887127519,4.750244140625,0.09250979870557785,11010048,24957,5376,336,-19.671429,0.005176669744105311,0.003674765140749514,-2.9965840116143228,-60.491383,0.0355863505625166,0.0046456371739623135,-2.9522548407316207,,,0.95,0.9,both,3.3733706322070125,3.3580914110672397,3.206816541206872,0.0,-69.41798,2317.685398544464,-19.671429
68,1784846369.200505,,8.0,,8.0,,6.0,,6.0,,10.0,,10.0,,1.0,,1.0,,4.0,,4.0,,2.0,,2.0,,5.0,,5.0,,8.0,,8.0,,7.0000059902668,,5.000037420541048,,9.001335933804512,,0.5000144690275192,,3.5000395346432924,,1.5000149086117744,,4.500008787959814,,7.0,4.335213452577591e-05,0.0011504722642712295,0.00019564357517154463,1.6909929029643536,0.16458739340305328,0.8796647787094116,0.10646657645702362,-0.06226234883069992,0.0002909296890720725,0.6551703810691833,0.27345573902130127,5456,0.000674211885780096,4.750182151794434,0.0849088653922081,11173888,25282,5456,341,-5.705552,0.004956728035904234,0.004921143059618771,-3.0437157690525054,-78.71958,0.03686111170100048,0.003032669107778929,-2.999035270512104,,,0.95,0.9,both,3.3062866473706705,3.406140157410552,3.1218390418192246,0.0,-59.240154,2278.9784486566537,-5.705552
69,1784846440.7649853,,8.0,,8.0,,6.0,,6.0,,10.0,,10.0,,1.0,,1.0,,4.0,,4.0,,2.0,,2.0,,5.0,,5.0,,8.0,,8.0,,7.000696197152138,,5.000310104340315,,9.000090539455414,,0.5000103637576103,,3.5000634230673313,,1.5000529624521732,,4.500387497246265,,7.0,4.880386404693127e-05,0.0008199537405744195,1.6106049189446026e-05,1.692108891904354,0.20632421970367432,0.8295984268188477,0.15694770216941833,-0.010118652135133743,0.00016398944717366248,0.6326126456260681,0.2572323679924011,5536,0.0005068719619885087,4.750201225280762,0.043225955218076706,11337728,25619,5536,346,-7.868865,0.005563562472525518,0.004683334680157714,-3.1334795489907266,-57.052845,0.029007895512040704,0.004721528537629638,-3.052112917602062,,,0.95,0.9,both,3.5531885886434416,3.7460856318797098,3.360414964872614,0.0,-62.862648,2289.4049977267186,-7.868865
70,1784846515.003958,,8.0,,8.0,,6.0,,6.0,,10.0,,10.0,,1.0,,1.0,,4.0,,4.0,,2.0,,2.0,,5.0,,5.0,,8.0,,8.0,,7.0001964792609215,,5.000132896006107,,9.000039890408516,,0.5000254604965448,,3.500107316300273,,1.5000147074460983,,4.500033274292946,,7.0,2.6303809136152267e-05,0.0016490960260853171,1.4141056222660708e-06,1.6942453235387802,0.16905026137828827,0.9818932414054871,0.1178935319185257,-0.07648677378892899,0.00013330935325939208,0.5792768597602844,0.2527875602245331,5616,0.00016841838078107685,4.7500691413879395,0.04065905138850212,11501568,25947,5616,351,-29.90842,0.005780645392951556,0.0034904081257991493,-3.201551668345928,-60.644264,0.02757473145611584,0.004022304272803012,-3.0888933166861534,,,0.95,0.9,both,3.5673712616793183,3.6171446813845227,5.280706662590118,0.0,-33.92156,2206.9277123305683,-29.90842
71,1784846585.8789682,,8.0,,8.0,,6.0,,6.0,,10.0,,10.0,,1.0,,1.0,,4.0,,4.0,,2.0,,2.0,,5.0,,5.0,,8.0,,8.0,,7.000079743564129,,5.000050004571676,,9.000267043709755,,0.5000881776213646,,3.5000294242054224,,1.5000377241522074,,4.5000134482979774,,7.0,1.6312813386321068e-05,0.0013909017434343696,2.9564322896469264e-06,1.69569730758667,0.14338217675685883,0.9162489771842957,0.10451428592205048,0.05999113246798515,6.214154564077035e-05,0.7188300490379333,0.2540575861930847,5696,0.00018825242295861244,4.750071048736572,0.08749907463788986,11665408,26272,5696,356,-7.606824,0.005958238852326758,0.004053813534846995,-3.2140895560383798,-66.515724,0.029770773637574167,0.002318993955850601,-3.119152195751667,,,0.95,0.9,both,3.5130385675143314,3.557022293537919,3.5096186412947104,0.0,-76.49538,2311.675139831386,-7.606824
72,1784846657.735735,,8.0,,8.0,,6.0,,6.0,,10.0,,10.0,,1.0,,1.0,,4.0,,4.0,,2.0,,2.0,,5.0,,5.0,,8.0,,8.0,,7.000105407088995,,5.000183563679457,,9.000048860907555,,0.5000982582569122,,3.5001144260168076,,1.5000143833458424,,4.500007372349501,,7.0,2.143275924026966e-05,0.0008816104964353144,1.3281730508740708e-06,1.6960473917424679,0.17818985879421234,0.8887251615524292,0.146683931350708,-0.010795678943395615,8.15688690636307e-05,0.7802826762199402,0.24332314729690552,5776,0.0001642602146603167,4.7500715255737305,0.1149454414844513,11829248,26549,5776,361,-7.558567,0.005257841298589483,0.0041435107188590335,-3.2573134317994117,-78.73575,0.0490108102792874,0.004590715456288308,-3.1875676795840264,,,0.95,0.9,both,3.497955557361094,3.585496666014792,3.8043475379112186,0.0,-54.078392,2280.0907659449335,-7.558567
73,1784846729.9898152,,8.0,,8.0,,6.0,,6.0,,10.0,,10.0,,1.0,,1.0,,4.0,,4.0,,2.0,,2.0,,5.0,,5.0,,8.0,,8.0,,7.00013829395175,,5.000143378973007,,9.00073766708374,,0.5000498052686453,,3.5001942813396454,,1.5000208802521229,,4.500189585611224,,7.0,5.6318240240216255e-05,0.0015704454272054136,7.00680927749886e-05,1.6982760280370712,0.22068090736865997,0.880196750164032,0.1422135829925537,-0.03959980979561806,0.00022755317331757396,0.753889799118042,0.25409436225891113,5856,0.0005626709316857159,4.750184059143066,0.04703927040100098,11993088,26842,5856,366,-18.29175,0.005344454853911884,0.0039415864477632566,-3.258117963373661,-57.76288,0.03667334319325164,0.004184767366677988,-3.1726547449827196,,,0.95,0.9,both,3.575885936929159,3.69446451055142,3.729285342732112,0.0,-54.318737,2267.5696785484083,-18.29175
74,1784846799.6947358,,8.0,,8.0,,6.0,,6.0,,10.0,,10.0,,1.0,,1.0,,4.0,,4.0,,2.0,,2.0,,5.0,,5.0,,8.0,,8.0,,7.0001208409667015,,5.000125423073769,,9.00027571618557,,0.5002166777849197,,3.50061896443367,,1.5001200921833515,,4.500045653432608,,7.0,2.666446380317211e-05,0.0008116903482005,3.500419814117528e-06,1.697333700954914,0.3028601408004761,0.9700428247451782,0.2622160315513611,0.0423954613506794,0.000100983030279167,0.7340149283409119,0.25100865960121155,5936,0.0005202502943575382,4.750190258026123,0.06006554886698723,12156928,27156,5936,371,-8.534102,0.005323614824737888,0.004619598161661997,-3.3141967967152595,-52.1941,0.02436045214999467,0.0022242435166845097,-3.2007626742124557,,,0.95,0.9,both,3.529587556735261,3.2942108297139256,3.5488020752579104,0.0,-71.6743,2350.461222191806,-8.534102
75,1784846871.0787406,,8.0,,8.0,,6.0,,6.0,,10.0,,10.0,,1.0,,1.0,,4.0,,4.0,,2.0,,2.0,,5.0,,5.0,,8.0,,8.0,,7.000015862286091,,5.000598635524511,,9.000062093138695,,0.5002178158611059,,3.500353766605258,,1.5001544076949358,,4.500015459954739,,7.0,1.5053665265440941e-05,0.0005949826445430517,9.452728083961248e-07,1.6986282654106617,0.24036990106105804,0.8135608434677124,0.19431255757808685,-0.02234753593802452,7.177576480899006e-05,0.6493615508079529,0.24074329435825348,6016,0.0004994354676455259,4.750177383422852,0.06247768551111221,12320768,27458,6016,376,-4.4502163,0.0047508147894404825,0.006064418068854138,-3.316653472185135,-43.379524,0.019634307420346886,0.0030248887967900375,-3.2226815193891527,,,0.95,0.9,both,3.6156798883943937,3.4294667846339166,3.1119441112906605,0.0,-51.73575,2295.193643367329,-4.4502163
76,1784846946.1209877,,8.0,,8.0,,6.0,,6.0,,10.0,,10.0,,1.0,,1.0,,4.0,,4.0,,2.0,,2.0,,5.0,,5.0,,8.0,,8.0,,7.000047769397497,,5.000103373080492,,9.0001997128129,,0.5002929177135229,,3.500075299292803,,1.5003074407577515,,4.500579737126827,,7.0,3.188569098711014e-05,0.0008847364806570113,2.564772952240446e-06,1.7003602609038353,0.22878310084342957,0.9448577165603638,0.1759721338748932,0.06262294948101044,0.0001104516995837912,0.6517607569694519,0.23819924890995026,6096,0.0006034810794517398,4.7502007484436035,0.0443723089993,12484608,27709,6096,381,-3.7384696,0.005682110682391795,0.0041673860730952585,-3.3595895916223526,-48.63655,0.018966019438812508,0.003842977047315799,-3.2413756251335144,,,0.95,0.9,both,3.2455043760271645,3.5030998209042736,2.4404421371328557,0.0,-41.22161,2183.3034295762795,-3.7384696
77,1784847021.213218,,8.0,,8.0,,6.0,,6.0,,10.0,,10.0,,1.0,,1.0,,4.0,,4.0,,2.0,,2.0,,5.0,,5.0,,8.0,,8.0,,7.001373890787363,,5.001438107341528,,9.000327493995428,,0.5000718776136637,,3.5000881794840097,,1.500409796833992,,4.5000164564698935,,7.0,0.0001351027749478817,0.001299811206990853,9.766176161107865e-07,1.7019501030445099,0.20151247084140778,0.9622818231582642,0.1803039014339447,-0.035779520869255066,0.0006889950600452721,0.5742292404174805,0.2260880172252655,6176,0.0015380739932879806,4.750465393066406,0.022728193551301956,12648448,27955,6176,386,-12.259821,0.00623049994756002,0.002896256538952002,-3.3295478373765945,-25.831852,0.010951918314094655,0.0036591258551197823,-3.2844181180000307,,,0.95,0.9,both,2.978556346742997,3.429927021421645,3.524754253683196,0.0,-43.861656,2181.8503789200304,-12.259821
78,1784847093.1672032,,8.0,,8.0,,6.0,,6.0,,10.0,,10.0,,1.0,,1.0,,4.0,,4.0,,2.0,,2.0,,5.0,,5.0,,8.0,,8.0,,7.000108912587166,,5.0000871270895,,9.000092666596174,,0.5000365637242794,,3.5003616735339165,,1.5001383312046528,,4.500231696292758,,7.0,2.156198024749756e-05,0.0005036697839386761,0.00016757086667240628,1.7027491927146912,0.20262956619262695,0.7879046201705933,0.14812558889389038,0.03295871615409851,8.293274004245177e-05,0.5081861019134521,0.23426079750061035,6256,0.0003170663258060813,4.750133037567139,0.04509850963950157,12812288,28195,6256,391,-6.4715853,0.005365020484896376,0.005282150623679626,-3.326000963151455,-67.384445,0.027272197540150957,0.0025078866325202397,-3.286482147872448,,,0.95,0.9,both,3.3817493230961473,3.3102286719259864,3.0288012586730977,0.0,-46.580082,2277.0109441015347,-6.4715853
79,1784847165.1935825,,8.0,,8.0,,6.0,,6.0,,10.0,,10.0,,1.0,,1.0,,4.0,,4.0,,2.0,,2.0,,5.0,,5.0,,8.0,,8.0,,7.00018972530961,,5.00019833445549,,9.000144183635712,,0.5000581070780754,,3.500027596950531,,1.500267494469881,,4.50002839230001,,7.0,3.694440238177776e-05,0.0006731283501721919,1.3858583556292103e-06,1.7034772261977196,0.1957474946975708,0.8959484100341797,0.13098376989364624,0.004005100578069687,0.0001804050843929872,0.7909677028656006,0.2281208336353302,6336,0.0002774785098154098,4.750113487243652,0.03705039992928505,12976128,28410,6336,396,-4.9126835,0.0052547555329510946,0.0037658555156667717,-3.40162079334259,-61.27427,0.015011609520297498,0.0018796827229380143,-3.302763044834137,,,0.95,0.9,both,3.6038145963618122,3.596051591210658,3.6868176288416334,0.0,-47.626366,2274.7253823957426,-4.9126835
80,1784847238.3057892,,8.0,,8.0,,6.0,,6.0,,10.0,,10.0,,1.0,,1.0,,4.0,,4.0,,2.0,,2.0,,5.0,,5.0,,8.0,,8.0,,7.000424109399319,,5.000327758491039,,9.000290349125862,,0.5001222025603056,,3.500098880380392,,1.5001368969678879,,4.500021090731025,,7.0,2.0656909327954054e-05,0.0005219858139753342,3.262718625829386e-08,1.7053200416266918,0.44814032316207886,0.8176084756851196,0.42713117599487305,-0.01067387592047453,0.00010848457895917818,0.4147624373435974,0.22428713738918304,6416,0.0005290408153086901,4.750177383422852,0.02492626942694187,13139968,28706,6416,401,-2.6445332,0.005303404018195579,0.005468476786336396,-3.396293270587921,-34.934265,0.010403484548442065,0.00488538972713286,-3.3424896135926248,,,0.95,0.9,both,3.38185031811241,3.4763726487404467,2.528250775237278,0.0,-54.990906,2240.936503813022,-2.6445332
81,1784847310.871267,,8.0,,8.0,,6.0,,6.0,,10.0,,10.0,,1.0,,1.0,,4.0,,4.0,,2.0,,2.0,,5.0,,5.0,,8.0,,8.0,,7.000229109078646,,5.000116087496281,,9.000367399305105,,0.5001179929822683,,3.500045457854867,,1.5006666295230389,,4.500060599297285,,7.0,1.3282522559165955e-05,0.0006116027943789959,4.3447278656738586e-08,1.7058912701904774,0.12853410840034485,0.9226466417312622,0.10632285475730896,-0.06615974754095078,3.683342583826743e-05,0.5900142788887024,0.26353520154953003,6496,0.00043757937964983284,4.750200271606445,0.0856323316693306,13303808,29022,6496,406,-8.016739,0.006488768306735437,0.0032336110059986824,-3.496960860490799,-60.075703,0.03563143776264042,0.005619240744999842,-3.3854141756892204,,,0.95,0.9,both,3.650339742685541,4.034247092923225,2.369978880878106,0.0,-57.469288,2257.823147720118,-8.016739
82,1784847382.89079,,8.0,,8.0,,6.0,,6.0,,10.0,,10.0,,1.0,,1.0,,4.0,,4.0,,2.0,,2.0,,5.0,,5.0,,8.0,,8.0,,7.000197220593691,,5.000136665999889,,9.000434018671513,,0.500071981921792,,3.500028695911169,,1.5000526048243046,,4.500033060088754,,7.0,1.5293830074369907e-05,0.0009877572883851826,6.055999350884633e-07,1.7059522978961468,0.4013591706752777,0.7983132004737854,0.3593387007713318,-0.025999361649155617,6.228990969248116e-05,0.5822113156318665,0.23939840495586395,6576,0.0003371010534465313,4.750119686126709,0.05569722503423691,13467648,29275,6576,411,-5.1847053,0.005469727695890469,0.005308486318972428,-3.4810679450631143,-33.551254,0.017497239125077613,0.003460586407163646,-3.4361701503396036,,,0.95,0.9,both,3.5600710073266186,3.1568983977077254,3.3540163481546568,0.0,-75.48723,2274.9363235440665,-5.1847053
83,1784847454.7872746,,8.0,,8.0,,6.0,,6.0,,10.0,,10.0,,1.0,,1.0,,4.0,,4.0,,2.0,,2.0,,5.0,,5.0,,8.0,,8.0,,7.0011615715920925,,5.000188339501619,,9.000061303377151,,0.5000463351607323,,3.5000312253832817,,1.5010130163282156,,4.500009728595614,,7.0,0.00015062082093209028,0.0005610831431113183,1.5057141724561518e-06,1.7057696245610714,0.15520913898944855,0.7938634753227234,0.10360876470804214,0.0258012767881155,0.0008360614301636815,0.6229488849639893,0.24377389252185822,6656,0.000912776158656925,4.750313758850098,0.038173794746398926,13631488,29551,6656,416,-3.7486873,0.0053620957973180335,0.005070989696832839,-3.5178552255034448,-67.92102,0.028759306902065872,0.00535287582242745,-3.4768820136785505,,,0.95,0.9,both,3.4808860390828995,4.1019514454948025,3.1632668963899397,0.0,-51.672386,2278.8362608777547,-3.7486873
84,1784847526.2157626,,8.0,,8.0,,6.0,,6.0,,10.0,,10.0,,1.0,,1.0,,4.0,,4.0,,2.0,,2.0,,5.0,,5.0,,8.0,,8.0,,7.000041089951992,,5.000071067363024,,9.000085566192865,,0.5000206977128983,,3.500223148614168,,1.5000435318797827,,4.500329194590449,,7.0,3.495713463053107e-05,0.0007282092119567096,5.688431190253862e-07,1.7048154212534428,0.16993273794651031,0.9127386212348938,0.09017398208379745,0.008006715215742588,0.00019587059796322137,0.5451686382293701,0.26035866141319275,6736,0.0002851231547538191,4.750101566314697,0.051006101071834564,13795328,29865,6736,421,-2.6895626,0.005108180909883231,0.004265308952017222,-3.5401833087205885,-56.505318,0.03171218865318224,0.0034770594611472916,-3.4941121146082876,,,0.95,0.9,both,3.313033610555671,3.8191110540097384,2.593608985442956,0.0,-54.11686,2293.7605863310596,-2.6895626
85,1784847598.9722145,,8.0,,8.0,,6.0,,6.0,,10.0,,10.0,,1.0,,1.0,,4.0,,4.0,,2.0,,2.0,,5.0,,5.0,,8.0,,8.0,,7.000052727758884,,5.000103730708361,,9.00029281154275,,0.5005144700407982,,3.500022841617465,,1.5000277739018202,,4.500113513320684,,7.0,1.5427765902131796e-05,0.0019321254803799093,6.148678558304255e-06,1.7036885246634483,0.21791043877601624,0.9471368789672852,0.19070066511631012,0.013320998288691044,6.738283263985068e-05,0.5401641130447388,0.23803898692131042,6816,0.00045130628859624267,4.750141620635986,0.038343194872140884,13959168,30113,6816,426,-1.9156764,0.004987011021876242,0.0035102620629913874,-3.5382053568959235,-52.64498,0.015084571350598708,0.004039609141182154,-3.510442595183849,,,0.95,0.9,both,3.352211097550119,3.7688742857921893,3.4896312884793415,0.0,-51.054924,2251.8953616986732,-1.9156764
86,1784847672.101251,,8.0,,8.0,,6.0,,6.0,,10.0,,10.0,,1.0,,1.0,,4.0,,4.0,,2.0,,2.0,,5.0,,5.0,,8.0,,8.0,,7.000020906329155,,5.000019162893295,,9.000146239995956,,0.5000739768147469,,3.5000110529363155,,1.5001695398241282,,4.5001003965735435,,7.0,6.9374218583106995e-06,0.0004555784398689866,3.760978393163583e-06,1.703699592500925,0.2125607430934906,1.021915316581726,0.21226656436920166,-0.03529956936836243,2.324238266737666e-05,0.5060170888900757,0.24165114760398865,6896,0.00014785125677008182,4.750067710876465,0.11157698184251785,14123008,30423,6896,431,-0.6271132,0.004718784190481528,0.004447876702761278,-3.575874190032482,-62.37252,0.03419993189163506,0.0038683000952005387,-3.516619013249874,,,0.95,0.9,both,3.1815687970228295,3.5763665638904767,2.762291385952812,0.0,-26.814274,2240.422023023519,-0.6271132
87,1784847743.9763002,,8.0,,8.0,,6.0,,6.0,,10.0,,10.0,,1.0,,1.0,,4.0,,4.0,,2.0,,2.0,,5.0,,5.0,,8.0,,8.0,,7.000031545758247,,5.000099364668131,,9.000061478465796,,0.500049876049161,,3.50012119859457,,1.5000648871064186,,4.500026226043701,,7.0,1.4404475223273039e-05,0.0010089435963891447,3.271598312437618e-05,1.703438799828291,0.18623626232147217,0.9192057251930237,0.24283571541309357,-0.014016392640769482,3.979222310590558e-05,0.552736222743988,0.2578924894332886,6976,0.0001226783642778173,4.750056743621826,0.046852242201566696,14286848,30757,6976,436,-1.6472218,0.005586152400064747,0.0040798559712129645,-3.6144808411598204,-64.88819,0.025060070294421165,0.005059959850041196,-3.5247623816132547,,,0.95,0.9,both,3.4563628687453325,4.247617073658776,4.445862193537452,0.0,-45.09023,2279.5144692890167,-1.6472218
88,1784847815.1367848,,8.0,,8.0,,6.0,,6.0,,10.0,,10.0,,1.0,,1.0,,4.0,,4.0,,2.0,,2.0,,5.0,,5.0,,8.0,,8.0,,7.000133637338877,,5.000332232564688,,9.00070370733738,,0.500091353431344,,3.5000171400606632,,1.5000206269323826,,4.500017927959561,,7.0,2.5779474526643753e-05,0.0003802587743848562,1.1669435739936063e-07,1.70477657020092,0.24521906673908234,0.9446457028388977,0.2293226718902588,0.06547295302152634,8.254153362940997e-05,0.5273325443267822,0.22979803383350372,7056,0.0004375296994112432,4.750164031982422,0.0342705212533474,14450688,31051,7056,441,0.4019289,0.004973845453787362,0.004309127968735993,-3.6517147570848465,-20.165325,0.016935790842399,0.0035810229193884878,-3.5542741879820823,,,0.95,0.9,both,3.508312808831647,3.770254107040254,3.357394093649785,0.0,-59.845245,2302.400332950629,0.4019289
89,1784847885.3427002,,8.0,,8.0,,6.0,,6.0,,10.0,,10.0,,1.0,,1.0,,4.0,,4.0,,2.0,,2.0,,5.0,,5.0,,8.0,,8.0,,7.000032190233469,,5.000121809542179,,9.000260759145021,,0.5000142343342304,,3.500028721988201,,1.5000150762498379,,4.50006047822535,,7.0,1.3667973689734936e-05,0.0009168974356725812,3.497673389141198e-06,1.7055120021104813,0.14072246849536896,0.8214384317398071,0.09110880643129349,-0.004184989258646965,4.8446832806803286e-05,0.5355145931243896,0.2315608561038971,7136,0.0001889269333332777,4.750067234039307,0.03811867907643318,14614528,31345,7136,446,-0.93632984,0.004995808479725384,0.005370045250310795,-3.6718200385570525,-68.933975,0.021246136323316022,0.004240619895426789,-3.6185249492526053,,,0.95,0.9,both,3.6492676411344362,3.688000141027267,5.95947985589898,0.0,-61.204998,2333.7064833619943,-0.93632984
90,1784847956.869701,,8.0,,8.0,,6.0,,6.0,,10.0,,10.0,,1.0,,1.0,,4.0,,4.0,,2.0,,2.0,,5.0,,5.0,,8.0,,8.0,,7.0000250190496445,,5.000240884721279,,9.00005842372775,,0.5000046510249376,,3.500018946826458,,1.5001201927661896,,4.500013038516045,,7.0,5.175475962460041e-06,0.0009377178503200412,5.6100053380525594e-08,1.7058379165828228,0.10992386937141418,1.002822756767273,0.08613839000463486,-0.017385760322213173,1.6323871022905223e-05,0.5591142773628235,0.23465204238891602,7216,0.00014809340063948184,4.750060081481934,0.03975067287683487,14778368,31665,7216,451,-0.5131779,0.004607809919980355,0.003954015760973562,-3.719386947154999,-58.7047,0.022663842962356285,0.002070381911471486,-3.641319291293621,,,0.95,0.9,both,3.550174939921109,3.8857464648342175,3.265780255265958,0.0,-77.05964,2290.602411511609,-0.5131779
91,1784848026.7232647,,8.0,,8.0,,6.0,,6.0,,10.0,,10.0,,1.0,,1.0,,4.0,,4.0,,2.0,,2.0,,5.0,,5.0,,8.0,,8.0,,7.002077724784613,,5.001066394150257,,9.000068061053753,,0.5000064503401518,,3.500011356547475,,1.500322172418237,,4.500043643638492,,7.0,8.907821029424667e-05,0.001637101493543014,2.0387208947703073e-06,1.7053097672760487,0.10003232210874557,0.858707845211029,0.07185794413089752,0.04633275419473648,0.000659321725834161,0.5533197522163391,0.23490384221076965,7296,0.001729900948703289,4.7504496574401855,0.0914989709854126,14942208,31958,7296,456,0.05569043,0.004585349069384392,0.00348478791420348,-3.7824789971113204,-67.29899,0.02643645792850293,0.003906258342613001,-3.6677004501223562,,,0.95,0.9,both,3.359689156202555,3.913572994707786,4.0675015168113475,0.0,-76.164,2345.4783981651485,0.05569043
92,1784848097.3056486,,8.0,,8.0,,6.0,,6.0,,10.0,,10.0,,1.0,,1.0,,4.0,,4.0,,2.0,,2.0,,5.0,,5.0,,8.0,,8.0,,7.000004805624485,,5.000078145414591,,9.000025674700737,,0.5000502597540617,,3.500049503520131,,1.500027421861887,,4.500026989728212,,7.0,2.258317545056343e-05,0.0007834558491595089,1.9286798449980047e-07,1.706567794084549,0.0683814212679863,0.8977593183517456,0.05264755338430405,-0.04777020961046219,8.516423258697614e-05,0.6426342129707336,0.24634340405464172,7376,7.562214159406722e-05,4.750032424926758,0.07491154968738556,15106048,32288,7376,461,1.5714185,0.004494834924116731,0.004110014544858131,-3.784051479399204,-53.011253,0.0245712531497702,0.004111524554900825,-3.6944549471139907,,,0.95,0.9,both,3.638051124981053,4.232768470001258,2.340075376862254,0.0,-51.40458,2321.257872596685,1.5714185
93,1784848168.2937024,,8.0,,8.0,,6.0,,6.0,,10.0,,10.0,,1.0,,1.0,,4.0,,4.0,,2.0,,2.0,,5.0,,5.0,,8.0,,8.0,,7.000003915280104,,5.000012218952179,,9.00001285225153,,0.5000363308936357,,3.5001144278794527,,1.5002754144370556,,4.500062981620431,,7.0,9.75094735622406e-06,0.0005290939006954432,6.233808496070026e-07,1.7043123953044415,0.20237001776695251,0.861736536026001,0.16962595283985138,0.08911806344985962,4.502283991314471e-05,0.6184712052345276,0.24395611882209778,7456,0.00022684707073494792,4.750064849853516,0.07633316516876221,15269888,32564,7456,466,-7.7481127,0.008401404367759824,0.004810403787269024,-3.8149301961064337,-71.96901,0.04068793331971392,0.004628582290024497,-3.707674951851368,,,0.95,0.9,both,4.039378550570075,4.208624828929933,2.9617035015401196,0.0,-55.072815,2307.9951123339324,-7.7481127
94,1784848239.6510987,,8.0,,8.0,,6.0,,6.0,,10.0,,10.0,,1.0,,1.0,,4.0,,4.0,,2.0,,2.0,,5.0,,5.0,,8.0,,8.0,,7.000037807971239,,5.000027783215046,,9.000016570091248,,0.5000143889337778,,3.5000039879232645,,1.5000317003577948,,4.500023135915399,,7.0,2.895016223192215e-06,0.0015476339613087475,2.6879843807670056e-05,1.704217355698347,0.12547694146633148,0.9607289433479309,0.10808065533638,-0.03121514618396759,1.162210446636891e-05,0.5273103713989258,0.2272021770477295,7536,4.927091140416451e-05,4.750019550323486,0.08439139276742935,15433728,32895,7536,471,1.0646783,0.00754561758658383,0.005579493945697322,-3.8397066414356233,-59.973675,0.036528688832186164,0.0034180593211203814,-3.730290639400482,,,0.95,0.9,both,4.082732853173208,3.8339189884296716,4.272500096706475,0.0,-56.089428,2296.047579393141,1.0646783
95,1784848310.9395351,,8.0,,8.0,,6.0,,6.0,,10.0,,10.0,,1.0,,1.0,,4.0,,4.0,,2.0,,2.0,,5.0,,5.0,,8.0,,8.0,,7.000073526054621,,5.000045463442802,,9.000015668570995,,0.5000170152634382,,3.5000167787075043,,1.500040229409933,,4.500008426606655,,7.0,4.209810867905617e-06,0.002739889663644135,3.5583461823751605e-06,1.7025555968284607,0.1751171052455902,0.8868131041526794,0.07821591198444366,-0.008662763983011246,2.1683732484234497e-05,0.6207411289215088,0.2489812672138214,7616,8.259338210336864e-05,4.750026702880859,0.04878605529665947,15597568,33239,7616,476,3.023109,0.005997144438151736,0.0047929361739079464,-3.864912649989128,-61.98507,0.03913901663618162,0.005014913906779839,-3.7433526679873466,,,0.95,0.9,both,3.8481748051265385,4.128646114293028,4.560518893021934,0.0,-55.414417,2298.269272023344,3.023109
96,1784848381.3673153,,8.0,,8.0,,6.0,,6.0,,10.0,,10.0,,1.0,,1.0,,4.0,,4.0,,2.0,,2.0,,5.0,,5.0,,8.0,,8.0,,7.000037144869566,,5.000014539808035,,9.000059559941292,,0.5000177174806595,,3.5000175293534994,,1.5000095572322607,,4.500013230368495,,7.0,2.2131716832518578e-06,0.00017107537132687867,1.0121378989785823e-07,1.7018019184470177,0.15078024566173553,0.9388958811759949,0.09836126863956451,0.01608208753168583,7.586971150885802e-06,0.6502128839492798,0.21480920910835266,7696,4.793098560185172e-05,4.750021457672119,0.04053258150815964,15761408,33511,7696,481,-15.27339,0.006701237490051426,0.0042510428305831734,-3.904175880551338,-60.282196,0.028412233013659714,0.005228149358299561,-3.78820103853941,,,0.95,0.9,both,3.6312236831624176,4.509019684549424,3.6449785775242813,0.0,-57.9203,2326.3548276261336,-15.27339
97,1784848453.9452596,,8.0,,8.0,,6.0,,6.0,,10.0,,10.0,,1.0,,1.0,,4.0,,4.0,,2.0,,2.0,,5.0,,5.0,,8.0,,8.0,,7.000053189694881,,5.000007748603821,,9.000030141323805,,0.5000098682940006,,3.5000023655593395,,1.50000930018723,,4.500006290152669,,7.0,2.8475187718868256e-06,0.0006512938998639584,1.8282236696753884e-07,1.7015653029084206,0.15126268565654755,0.7880334258079529,0.1173640713095665,-0.029054075479507446,1.529243127151858e-05,0.5310909748077393,0.2403881847858429,7776,4.3791042116936296e-05,4.7500152587890625,0.10027483850717545,15925248,33864,7776,486,1.7226706,0.00623386421793839,0.005655902539729141,-3.935307003557682,-54.309105,0.03746284928638488,0.004207168564607855,-3.814822569489479,,,0.95,0.9,both,3.983731575134276,4.205267545616644,3.463285857180923,0.0,-42.03733,2257.435109229158,1.7226706
98,1784848524.4348586,,8.0,,8.0,,6.0,,6.0,,10.0,,10.0,,1.0,,1.0,,4.0,,4.0,,2.0,,2.0,,5.0,,5.0,,8.0,,8.0,,7.000030338764191,,5.000017799437046,,9.000004176050425,,0.5000281147658825,,3.5000051129609346,,1.5000099781900644,,4.500008497387171,,7.0,3.747176378965378e-06,0.0009744382405187935,3.429166599705491e-07,1.7002276442945004,0.1511981189250946,0.9887519478797913,0.16055892407894135,0.06646830588579178,1.2820979463867843e-05,0.5112974643707275,0.21580670773983002,7856,3.117360029136762e-05,4.750012397766113,0.07931196689605713,16089088,34251,7856,491,3.6156583,0.005308956559747458,0.004525120573816821,-3.9506157279014587,-72.61956,0.024536695377901197,0.002731240191496909,-3.8600728496909142,,,0.95,0.9,both,3.7707808165472145,3.9413824077843436,3.7602906755488776,0.0,-75.74015,2324.3144316810117,3.6156583
99,1784848600.169638,,8.0,,8.0,,6.0,,6.0,,10.0,,10.0,,1.0,,1.0,,4.0,,4.0,,2.0,,2.0,,5.0,,5.0,,8.0,,8.0,,7.000036142766476,,5.000080373138189,,9.000136889517307,,0.5000049024820328,,3.500003756955266,,1.5000186022371054,,4.500004641711712,,7.0,1.4530087355524302e-06,0.0018304141121916473,8.808405314170153e-09,1.7006142921745777,0.1647578775882721,0.8720459938049316,0.12337640672922134,0.004048631992191076,4.520346465142211e-06,0.626788318157196,0.197369784116745,7936,0.00010048550757346675,4.750035285949707,0.07879900187253952,16252928,34540,7936,496,3.4663334,0.005343128395907115,0.005446033246698789,-3.98861176520586,-58.63965,0.03958607115782797,0.003944551624590531,-3.9270506486296655,,,0.95,0.9,both,4.080295221600958,4.267851930919527,3.983911334331669,0.0,-36.60176,2163.3404960397756,3.4663334
100,1784848674.5996015,,8.0,,8.0,,6.0,,6.0,,10.0,,10.0,,1.0,,1.0,,4.0,,4.0,,2.0,,2.0,,5.0,,5.0,,8.0,,8.0,,7.000051341950893,,5.0000153966248035,,9.000211361795664,,0.5000013615936041,,3.50001466833055,,1.500003619119525,,4.500012179836631,,7.0,2.982094883918762e-06,0.00021088641369715333,2.9292991657325906e-07,1.699577208608389,0.2283187061548233,1.0104637145996094,0.24429336190223694,-0.03853904455900192,1.4192730304785073e-05,0.7282707691192627,0.2307780385017395,8016,0.0001361313188681379,4.7500386238098145,0.07538557797670364,16416768,34871,8016,501,-6.05847,0.005848960793809965,0.005727385148202302,-4.0023907497525215,-55.94862,0.0475186116527766,0.005205147255765041,-3.953404413163662,,,0.95,0.9,both,3.825009967471466,4.586508320213797,3.803467708059575,0.0,-49.443886,2201.2623698966527,-6.05847
101,1784848751.6045847,,8.0,,8.0,,6.0,,6.0,,10.0,,10.0,,1.0,,1.0,,4.0,,4.0,,2.0,,2.0,,5.0,,5.0,,8.0,,8.0,,7.0000264570117,,5.000006441026926,,9.000007264316082,,0.5000060293823481,,3.500004354864359,,1.5000011269003153,,4.500024858862162,,7.0,3.934226697310805e-06,0.0010997726349160075,0.0021370485847000964,1.6997982189059258,0.15979260206222534,0.91753089427948,0.14467443525791168,0.0032056705094873905,9.683333701104857e-06,0.6159037351608276,0.23464885354042053,8096,1.7492777260486037e-05,4.750010013580322,0.06534219533205032,16580608,35191,8096,506,-19.13638,0.005612876695522573,0.00469122318609152,-4.030978181958199,-77.2042,0.05101202635560185,0.005217999173328281,-3.9724469661712645,,,0.95,0.9,both,3.8149092415892483,4.630745750578567,3.845331531443315,0.0,-49.61975,2127.654680725344,-19.13638
102,1784848823.7860935,,8.0,,8.0,,6.0,,6.0,,10.0,,10.0,,1.0,,1.0,,4.0,,4.0,,2.0,,2.0,,5.0,,5.0,,8.0,,8.0,,7.00001310929656,,5.000004332512617,,9.000009402632713,,0.5000025033950806,,3.500030066817999,,1.5000129658728838,,4.5000006183981895,,7.0,7.004709914326668e-07,0.0009752065234351903,3.873851084357227e-08,1.6990887559950352,0.43965715169906616,0.8796272277832031,0.2259509414434433,0.005254371091723442,2.8662548174906988e-06,0.5841520428657532,0.2281607985496521,8176,2.4523875254089944e-05,4.750009059906006,0.13682429492473602,16744448,35525,8176,511,-13.098978,0.009599938278552145,0.005775786400772631,-4.046500611305237,-58.153217,0.030258204881101848,0.005625901980965864,-3.9627537772059442,,,0.95,0.9,both,4.003628054894757,4.7419730889122595,4.348618716276462,0.0,-50.718433,2269.8332836223385,-13.098978
103,1784848898.2383506,,8.0,,8.0,,6.0,,6.0,,10.0,,10.0,,1.0,,1.0,,4.0,,4.0,,2.0,,2.0,,5.0,,5.0,,8.0,,8.0,,7.000011544674635,,5.000027019530535,,9.000010896474123,,0.5000032726675272,,3.500000450760126,,1.5000080093741417,,4.5000044740736485,,7.0,7.017515599727631e-07,0.0013828623632434756,1.2656549284312257e-08,1.6991553083062172,0.18527759611606598,0.9514683485031128,0.13155204057693481,0.008740164339542389,2.6271652586729033e-06,0.7094178199768066,0.20878362655639648,8192,2.7312817110214382e-05,4.7500081062316895,0.030138079077005386,16908288,35814,8256,516,3.6979518,0.007019446541380603,0.004090856682159938,-4.089691072702408,-43.191925,0.0220430921704974,0.0032372127228882165,-3.9843057483434676,,,0.95,0.9,both,3.853396674651826,3.659272707734864,3.899353880634272,0.0,-41.42933,2200.6052704836698,3.6979518
104,1784848970.3722248,,8.0,,8.0,,6.0,,6.0,,10.0,,10.0,,1.0,,1.0,,4.0,,4.0,,2.0,,2.0,,5.0,,5.0,,8.0,,8.0,,7.0000081695616245,,5.000040829181671,,9.000003449618816,,0.5000069793313742,,3.5000012759119272,,1.5000020507723093,,4.500000640749931,,7.0,1.626904122531414e-06,0.0010223451245110482,2.5668707534943352e-09,1.7011291310191154,0.1948484182357788,0.8419511318206787,0.19458456337451935,-0.012499680742621422,8.776190043136012e-06,0.7410506010055542,0.21405355632305145,8192,2.254888204333838e-05,4.750007629394531,0.041457027196884155,17072128,36130,8336,521,-10.06058,0.006795192376011982,0.004769672354450449,-4.120376566052437,-48.271126,0.029254463070537896,0.0035411637829383833,-3.99361984282732,,,0.95,0.9,both,4.169558657821834,3.5817034365765417,3.352554815197455,0.0,-48.83434,2271.3353875279813,-10.06058
105,1784849046.2235742,,8.0,,8.0,,6.0,,6.0,,10.0,,10.0,,1.0,,1.0,,4.0,,4.0,,2.0,,2.0,,5.0,,5.0,,8.0,,8.0,,7.000002823770046,,5.000027097761631,,9.00001310557127,,0.5000151041895151,,3.5000116750597954,,1.5000019948929548,,4.500006586313248,,7.0,2.334010787308216e-06,0.0010888523247558624,1.6671759306419176e-07,1.7018936984241009,0.13442140817642212,0.7784823775291443,0.09299996495246887,0.00844530574977398,1.1318397810100578e-05,0.6191112995147705,0.2364337295293808,8192,2.7702535589924082e-05,4.750010013580322,0.09207155555486679,17235968,36481,8416,526,-16.03371,0.006029324412520509,0.004791070040664635,-4.097046899795532,-73.15843,0.041954072564840315,0.005388260998006445,-3.9994794115424157,,,0.95,0.9,both,4.043854976203157,4.57736414504519,4.122100091385768,0.0,-44.594406,2160.0153805816594,-16.03371
106,1784849119.2741866,,8.0,,8.0,,6.0,,6.0,,10.0,,10.0,,1.0,,1.0,,4.0,,4.0,,2.0,,2.0,,5.0,,5.0,,8.0,,8.0,,7.000065051019192,,5.000010937452316,,9.000015169382095,,0.5000060014426708,,3.500001857057214,,1.5000045225024223,,4.500002384185791,,7.0,1.637730747461319e-06,0.0002637012512423098,2.7831014746265703e-08,1.7030447833240032,0.17107434570789337,0.8156349062919617,0.11366170644760132,-0.026480458676815033,9.888604836305603e-06,0.6749928593635559,0.21576938033103943,8192,3.21127226925455e-05,4.75001335144043,0.05903143808245659,17399808,36783,8496,531,5.0524035,0.006613911950262263,0.005044058427301934,-4.124508956074715,-64.42167,0.03738908531377092,0.0037785549851832912,-4.021399861574173,,,0.95,0.9,both,3.952832340279177,4.04882859722588,3.2589734610569834,0.0,-37.973938,2242.8244694953446,5.0524035
107,1784849191.8664196,,8.0,,8.0,,6.0,,6.0,,10.0,,10.0,,1.0,,1.0,,4.0,,4.0,,2.0,,2.0,,5.0,,5.0,,8.0,,8.0,,7.00001147761941,,5.000024572014809,,9.000005975365639,,0.5000019557774067,,3.500002473592758,,1.5001558288931847,,4.500001901760697,,7.0,1.523410901427269e-06,0.0005693511920981109,1.5453733032133599e-07,1.703260812908411,0.22462260723114014,0.8525858521461487,0.25924256443977356,-0.01355881616473198,9.20238653634442e-06,0.6230850219726562,0.19281849265098572,8192,8.700900070834905e-05,4.750025749206543,0.06786000728607178,17563648,37058,8576,536,-5.436909,0.006730299786431715,0.005268382544454653,-4.1620044112205505,-60.514076,0.04199554588412866,0.005422714700398501,-4.08273871243,,,0.95,0.9,both,4.340015871059345,4.525454383880368,4.1429384077144435,0.0,-44.821552,2256.9910364647853,-5.436909
108,1784849263.0161178,,8.0,,8.0,,6.0,,6.0,,10.0,,10.0,,1.0,,1.0,,4.0,,4.0,,2.0,,2.0,,5.0,,5.0,,8.0,,8.0,,7.000004731118679,,5.000005524605513,,9.000019177794456,,0.5000072363764048,,3.500000800937414,,1.5000017061829567,,4.500002074986696,,7.0,2.8079375624656677e-07,0.00027690164279192686,1.2152245922600943e-09,1.7028521336615086,0.13835002481937408,0.9610485434532166,0.06495717167854309,-0.018390394747257233,1.0147369948754204e-06,0.5971788167953491,0.20210948586463928,8192,1.244850045623025e-05,4.750004768371582,0.04380721226334572,17727488,37363,8656,541,2.84523,0.006034396016912069,0.00420702841001912,-4.186960643529892,-54.120705,0.02790230478858575,0.0050260101226740515,-4.132295998930931,,,0.95,0.9,both,4.090151998789461,4.1508498203583795,1.2073171050536673,0.0,-78.90032,2302.752635133457,2.84523
109,1784849334.584763,,8.0,,8.0,,6.0,,6.0,,10.0,,10.0,,1.0,,1.0,,4.0,,4.0,,2.0,,2.0,,5.0,,5.0,,8.0,,8.0,,7.000009968876839,,5.000003192573786,,9.00000549852848,,0.5000014118850231,,3.500003946945071,,1.5000056102871895,,4.500010026618838,,7.0,6.726477295160294e-07,0.002090667258016765,1.4359143440945132e-07,1.7046011798083782,0.21433863043785095,0.968599796295166,0.11777074635028839,0.040038302540779114,2.2713045382261043e-06,0.5743246078491211,0.20535895228385925,8192,1.0227071470580995e-05,4.750004768371582,0.07940257340669632,17891328,37739,8736,546,-27.073414,0.006413367355708033,0.005477371196320746,-4.241704159975052,-68.332954,0.05135140474885702,0.004426037076336797,-4.14968641102314,,,0.95,0.9,both,4.2170596140201395,4.188306110008218,7.035001656652329,0.0,-50.56316,2289.267579829514,-27.073414
110,1784849405.8082387,,8.0,,8.0,,6.0,,6.0,,10.0,,10.0,,1.0,,1.0,,4.0,,4.0,,2.0,,2.0,,5.0,,5.0,,8.0,,8.0,,7.00000998750329,,5.000005662441254,,9.000010631978512,,0.5000839605927467,,3.5000028908252716,,1.500001721084118,,4.5000056475400925,,7.0,1.3703247532248497e-06,0.0005123020382598042,5.3558910952100636e-09,1.7023345530033112,0.1909286081790924,0.9724990725517273,0.15832212567329407,-0.02035698853433132,8.362389053218067e-06,0.5971666574478149,0.20426341891288757,8192,4.289143544156104e-05,4.750014781951904,0.04385165125131607,18055168,38035,8816,551,-18.516443,0.006138911678863224,0.005989351059542969,-4.26835595369339,-66.40732,0.03669495384674519,0.004136162505892571,-4.166531139612198,,,0.95,0.9,both,4.432709012161146,4.454672125378545,5.382396454899524,0.0,-49.70488,2300.3642691690457,-18.516443
111,1784849477.369817,,8.0,,8.0,,6.0,,6.0,,10.0,,10.0,,1.0,,1.0,,4.0,,4.0,,2.0,,2.0,,5.0,,5.0,,8.0,,8.0,,7.000002332031727,,5.000012364238501,,9.00000373646617,,0.500003894791007,,3.5000024531036615,,1.500004505738616,,4.500006817281246,,7.0,4.540197551250458e-07,0.0010554580367170274,8.18856625728337e-07,1.7016644142568111,0.17222999036312103,0.9759523868560791,0.07067093998193741,0.034094855189323425,1.4136953723209444e-06,0.5100065469741821,0.2018207609653473,8192,9.460967703489587e-06,4.750004768371582,0.04394371435046196,18219008,38403,8896,556,2.2467473,0.006889539572875946,0.004049519456748385,-4.272471687197685,-63.764587,0.028221639257390053,0.0021687398315407337,-4.176790431141853,,,0.95,0.9,both,3.891997046854198,4.151992569926476,2.9772061196224318,0.0,-51.057774,2289.4974667874894,2.2467473
112,1784849549.4092875,,8.0,,8.0,,6.0,,6.0,,10.0,,10.0,,1.0,,1.0,,4.0,,4.0,,2.0,,2.0,,5.0,,5.0,,8.0,,8.0,,7.000010464340448,,5.0000043250620365,,9.000003661960363,,0.5000006034970284,,3.500005681067705,,1.5000110045075417,,4.500001167878509,,7.0,3.1455419957637787e-07,0.00047822052147239447,9.81250618536933e-07,1.7011378519237041,0.15780912339687347,0.9124957919120789,0.13788370788097382,0.03442681208252907,1.020056288325577e-06,0.6629260778427124,0.21188659965991974,8192,9.320053322880995e-06,4.750004291534424,0.10441192239522934,18382848,38724,8976,561,0.005284804,0.006909682218974922,0.004471658542752266,-4.282822030782699,-77.79323,0.0375132444081828,0.00479762449831469,-4.214382630586624,,,0.95,0.9,both,4.066067184561627,4.22014114737514,4.524480611861879,0.0,-46.859215,2274.3089553610457,0.005284804
113,1784849620.9539218,,8.0,,8.0,,6.0,,6.0,,10.0,,10.0,,1.0,,1.0,,4.0,,4.0,,2.0,,2.0,,5.0,,5.0,,8.0,,8.0,,7.000008709728718,,5.000001847743988,,9.000004917383194,,0.500060860067606,,3.5000093951821327,,1.5000266190618277,,4.500002671033144,,7.0,3.336113877594471e-06,0.001133272424340248,5.726060466337834e-07,1.700349684804678,0.18911942839622498,1.0230350494384766,0.12601594626903534,0.00924624316394329,2.1440762793645263e-05,0.4962477385997772,0.1971239149570465,8192,5.13824779773131e-05,4.750014305114746,0.031053870916366577,18546688,39050,9056,566,-2.8980534,0.007533496803080198,0.004833698205766268,-4.2782673090696335,-44.72657,0.02482935421867296,0.004737906875379849,-4.204766282439232,,,0.95,0.9,both,3.8410736401281285,4.399685722601908,3.8550737606465817,0.0,-46.634563,2290.037845185583,-2.8980534
114,1784849696.0237262,,8.0,,8.0,,6.0,,6.0,,10.0,,10.0,,1.0,,1.0,,4.0,,4.0,,2.0,,2.0,,5.0,,5.0,,8.0,,8.0,,7.000010963529348,,5.000021632760763,,9.00000524893403,,0.5000061877071857,,3.5000009890645742,,1.5000012386590242,,4.500005595386028,,7.0,2.0971056073904037e-06,0.0011083154822699726,6.053767520261544e-09,1.6999399587512016,0.17559832334518433,0.9127545356750488,0.10316120833158493,-0.052126411348581314,7.3655342021083925e-06,0.5197519063949585,0.19770090281963348,8192,1.4223557627701666e-05,4.750006675720215,0.08639554679393768,18710528,39345,9136,571,-14.960582,0.006572351774957496,0.004536060137616005,-4.342435464262962,-68.397835,0.03101550426799804,0.0032581139472313224,-4.2353582113981245,,,0.95,0.9,both,4.143265820837895,4.125008231590686,4.014109671051348,0.0,-42.570305,2182.503226828365,-14.960582
115,1784849769.7743483,,8.0,,8.0,,6.0,,6.0,,10.0,,10.0,,1.0,,1.0,,4.0,,4.0,,2.0,,2.0,,5.0,,5.0,,8.0,,8.0,,7.000042486935854,,5.000013239681721,,9.000000771135092,,0.5000106357038021,,3.50000137463212,,1.500000424683094,,4.500001721084118,,7.0,1.087668351829052e-06,0.0002863490371964872,1.741806235485907e-09,1.7010551877319813,0.20208069682121277,0.9501438140869141,0.19620826840400696,-0.02989005111157894,5.578771833825158e-06,0.47993746399879456,0.1935211718082428,8192,2.239501554868184e-05,4.750008583068848,0.07965563982725143,18874368,39662,9216,576,-13.13032,0.006332626039511524,0.005422832387557719,-4.323874524235725,-49.10771,0.02282253680168651,0.005266413418576121,-4.268438452482224,,,0.95,0.9,both,4.294021649700303,4.6184802699508065,2.1783868027286037,0.0,-53.773216,2221.5395518080195,-13.13032
116,1784849842.6039903,,8.0,,8.0,,6.0,,6.0,,10.0,,10.0,,1.0,,1.0,,4.0,,4.0,,2.0,,2.0,,5.0,,5.0,,8.0,,8.0,,7.000006955116987,,5.000006135553122,,9.000003192573786,,0.5000052880495787,,3.5000005811452866,,1.500001311302185,,4.500003229826689,,7.0,1.3886019587516785e-06,0.0007792135293129832,1.3157662901580602e-07,1.7006040401756763,0.18043296039104462,1.0069369077682495,0.15880008041858673,0.05903863161802292,4.561994956020499e-06,0.6693719029426575,0.19820746779441833,8192,7.743135938653722e-06,4.750003337860107,0.036230284720659256,19038208,39939,9296,581,6.841368,0.006269419949967414,0.006147405215597246,-4.352704155445099,-47.844048,0.042462842760141936,0.004570101805438753,-4.283492913842201,,,0.95,0.9,both,4.327350313665558,4.563589721542063,2.6672959274898145,0.0,-55.28797,2249.6344516919294,6.841368
117,1784849914.0832314,,8.0,,8.0,,6.0,,6.0,,10.0,,10.0,,1.0,,1.0,,4.0,,4.0,,2.0,,2.0,,5.0,,5.0,,8.0,,8.0,,7.000001911073923,,5.000001072883606,,9.000043999403715,,0.5000021122395992,,3.5000151209533215,,1.5000158865004778,,4.500006476417184,,7.0,8.133938536047935e-07,0.0005930630723014474,2.164052415737361e-08,1.7008585408329964,0.18979381024837494,0.911290168762207,0.12714236974716187,-0.005501968786120415,3.188960590705392e-06,0.3975566625595093,0.16290122270584106,8192,3.736488361028023e-05,4.750010967254639,0.059640321880578995,19202048,40218,9376,586,-8.436537,0.005787714649341069,0.004854556063946802,-4.34125791490078,-71.02516,0.020884981949348003,0.007105452529503964,-4.2959339827299114,,,0.95,0.9,both,4.471469332155829,4.5647367713087394,3.685387204555032,0.0,-59.011444,2292.1332678759095,-8.436537
118,1784849986.853486,,8.0,,8.0,,6.0,,6.0,,10.0,,10.0,,1.0,,1.0,,4.0,,4.0,,2.0,,2.0,,5.0,,5.0,,8.0,,8.0,,7.0000585578382015,,5.000001523643732,,9.000022668391466,,0.5000051762908697,,3.5000021886080503,,1.5000030752271416,,4.5000006929039955,,7.0,5.012843757867813e-07,0.0024311556480824947,3.2420038473257584e-08,1.699641577899456,0.4459705650806427,0.9485456943511963,0.3651704490184784,-0.0057351477444171906,2.32441720982024e-06,0.5010771155357361,0.17155241966247559,8192,4.119281584280543e-05,4.750011444091797,0.026722662150859833,19365888,40476,9456,591,6.448401,0.005518318839312997,0.005004845118310186,-4.384599602222442,-44.142597,0.008308618485170883,0.004070551694894675,-4.316998952627182,,,0.95,0.9,both,4.175690158046589,4.1800669468135965,6.5982582948952615,0.0,-44.58184,2251.4713724393573,6.448401
119,1784850061.7866356,,8.0,,8.0,,6.0,,6.0,,10.0,,10.0,,1.0,,1.0,,4.0,,4.0,,2.0,,2.0,,5.0,,5.0,,8.0,,8.0,,7.000005532056093,,5.0000013038516045,,9.000002700835466,,0.500015502795577,,3.5000006519258022,,1.5000023525208235,,4.500000549480319,,7.0,2.498272806406021e-07,0.000771778984926641,9.022804536851226e-06,1.6988499723374844,0.20551501214504242,0.8754743933677673,0.16664506494998932,0.04642419517040253,1.2809388181267423e-06,0.48220178484916687,0.19814875721931458,8192,1.0840718459803611e-05,4.750003337860107,0.04096628725528717,19529728,40801,9536,596,-11.117872,0.006890329853922595,0.006251455331221223,-4.410004875063896,-58.60802,0.021901710552629083,0.0032178131034015676,-4.327678945660591,,,0.95,0.9,both,4.431933165426512,3.9311979775603687,4.3060708955369975,0.0,-45.1353,2186.4814084178324,-11.117872
120,1784850133.946005,,8.0,,8.0,,6.0,,6.0,,10.0,,10.0,,1.0,,1.0,,4.0,,4.0,,2.0,,2.0,,5.0,,5.0,,8.0,,8.0,,7.000000815838575,,5.00000099465251,,9.000000663101673,,0.5000037513673306,,3.500000409781933,,1.5000003706663847,,4.500001089647412,,7.0,5.075708031654358e-08,0.00031800422584638,0.00010117628817241098,1.6986987702548504,0.43698519468307495,0.8262550830841064,0.380132794380188,0.049243658781051636,1.7334946278424468e-07,0.4715980589389801,0.17389044165611267,8192,2.9263437681947835e-06,4.750000476837158,0.031159313395619392,19693568,41072,9616,601,7.6978607,0.005656403175089508,0.004271715095092077,-4.4214448690414425,-43.924305,0.014350447308970615,0.003848500655294629,-4.335047307610512,,,0.95,0.9,both,3.988560654693721,3.685616438500653,3.744072712263152,0.0,-39.054955,2270.5283410081856,7.6978607
121,1784850205.337622,,8.0,,8.0,,6.0,,6.0,,10.0,,10.0,,1.0,,1.0,,4.0,,4.0,,2.0,,2.0,,5.0,,5.0,,8.0,,8.0,,7.000028550624847,,5.000009786337614,,9.000001933425665,,0.5000017881393433,,3.500000335276127,,1.500002305954695,,4.500000102445483,,7.0,3.241002559661865e-07,0.001244635321199894,7.206108437962655e-05,1.6978269219398499,0.24067242443561554,0.9005757570266724,0.15368832647800446,0.044353142380714417,1.3320226344148978e-06,0.4502682089805603,0.193068265914917,8192,1.4905526768416166e-05,4.75000524520874,0.04297247901558876,19857408,41346,9696,606,-33.57003,0.008929604255536105,0.0057649365524412135,-4.45113445520401,-45.176826,0.01773710151319392,0.004294451809255406,-4.363710081577301,,,0.95,0.9,both,4.404351908546083,4.399720294979524,5.369081354332558,0.0,-55.247272,2294.9488246027254,-33.57003
122,1784850277.5813107,,8.0,,8.0,,6.0,,6.0,,10.0,,10.0,,1.0,,1.0,,4.0,,4.0,,2.0,,2.0,,5.0,,5.0,,8.0,,8.0,,7.000011261552572,,5.000004556030035,,9.000001922249794,,0.5000090394169092,,3.5000024270266294,,1.500001933425665,,4.500000404193997,,7.0,3.5588163882493973e-07,0.002500819246051833,1.9355723954173065e-08,1.6985532008111477,0.24525773525238037,0.905941367149353,0.3099437355995178,-0.021215887740254402,1.363481374028197e-06,0.5388041734695435,0.21493850648403168,8192,1.1181547961314209e-05,4.750004291534424,0.08190026879310608,20021248,41606,9776,611,-9.154917,0.009149571682792157,0.0046644260713947,-4.479873496294021,-71.98867,0.05256827536504716,0.004499208980269032,-4.402366319298745,,,0.95,0.9,both,3.767944044818049,4.469605071956389,5.4997239112872025,0.0,-22.22079,2267.8791460267453,-9.154917
123,1784850350.0745914,,8.0,,8.0,,6.0,,6.0,,10.0,,10.0,,1.0,,1.0,,4.0,,4.0,,2.0,,2.0,,5.0,,5.0,,8.0,,8.0,,7.0000022910535336,,5.000008877366781,,9.000003393739462,,0.5000035781413317,,3.5000007525086403,,1.5000004563480616,,4.500002669170499,,7.0,4.833564162254333e-07,0.00034699143725447357,1.8283875597574495e-08,1.698340978473425,0.1992419809103012,1.1283079385757446,0.12271420657634735,0.07241792231798172,2.211551873188e-06,0.39510828256607056,0.19737356901168823,8192,8.163435268215835e-06,4.750002384185791,0.05916982144117355,20185088,41883,9856,616,7.5707617,0.00647938690817682,0.004339798397268169,-4.498587876558304,-58.0344,0.0341322552645579,0.004725589966983535,-4.452990308403969,,,0.95,0.9,both,3.989816207236275,4.32277603688099,2.6643087083805104,0.0,-33.047523,2260.071852357438,7.5707617
124,1784850423.6026573,,8.0,,8.0,,6.0,,6.0,,10.0,,10.0,,1.0,,1.0,,4.0,,4.0,,2.0,,2.0,,5.0,,5.0,,8.0,,8.0,,7.0000043250620365,,5.000004202127457,,9.00000298768282,,0.5000005345791578,,3.5000002589076757,,1.5000098962336779,,4.500003295019269,,7.0,3.627501428127289e-07,0.000611103605479002,6.378536268752955e-07,1.6988226026296616,0.37328338623046875,0.9109946489334106,0.23588138818740845,-0.040718406438827515,1.4551068261425826e-06,0.3282129764556885,0.17184200882911682,8192,1.047140085574938e-05,4.750002861022949,0.01773206703364849,20348928,42122,9936,621,-27.689434,0.007484163431217894,0.007026222182321362,-4.55354172885418,-33.34171,0.018888354970840737,0.0040885669804993086,-4.447414308786392,,,0.95,0.9,both,4.4672194305078605,4.138694363281106,4.947371414811169,0.0,-27.18301,2228.266807784296,-27.689434
125,1784850494.6081235,,8.0,,8.0,,6.0,,6.0,,10.0,,10.0,,1.0,,1.0,,4.0,,4.0,,2.0,,2.0,,5.0,,5.0,,8.0,,8.0,,7.00001285597682,,5.000003591179848,,9.00000136345625,,0.5000052135437727,,3.500000150874257,,1.5000042896717787,,4.500042121857405,,7.0,1.6941630747169256e-06,0.0004336406127549708,1.6476623360128784e-07,1.6978089064359665,0.33280596137046814,0.9045557975769043,0.20935729146003723,-0.00704222684726119,1.0176418072660454e-05,0.5069823265075684,0.18648958206176758,8192,3.070155798923224e-05,4.7500081062316895,0.07257348299026489,20512768,42374,10016,626,-21.182446,0.007374377547239419,0.0037036846450064333,-4.567036768794059,-63.11538,0.02447426739963703,0.003195418367977254,-4.485171237587929,,,0.95,0.9,both,4.498361990326236,4.271751312585313,4.731519200657625,0.0,-70.047195,2307.424672690345,-21.182446
126,1784850565.8007839,,8.0,,8.0,,6.0,,6.0,,10.0,,10.0,,1.0,,1.0,,4.0,,4.0,,2.0,,2.0,,5.0,,5.0,,8.0,,8.0,,7.000003963708878,,5.0000013299286366,,9.000001985579729,,0.5000004842877388,,3.500006601214409,,1.5000003669410944,,4.5000105407088995,,7.0,4.429020918905735e-07,0.0005487297312356532,6.250355502265825e-10,1.695271197706461,0.2385319471359253,0.8826378583908081,0.1708528697490692,-0.009797693230211735,2.132268036802998e-06,0.4977414011955261,0.1634209156036377,8192,1.056895598594565e-05,4.750003337860107,0.04682014510035515,20676608,42617,10096,631,-4.5117545,0.007558642611547839,0.0034844597976189107,-4.5790615528821945,-53.36361,0.029663127777166665,0.0028477601168560795,-4.515946188569069,,,0.95,0.9,both,4.331908687541675,4.049517534207173,3.063469108165558,0.0,-57.033886,2301.3618274076694,-4.5117545
127,1784850639.2806327,,8.0,,8.0,,6.0,,6.0,,10.0,,10.0,,1.0,,1.0,,4.0,,4.0,,2.0,,2.0,,5.0,,5.0,,8.0,,8.0,,7.0000003315508375,,5.000001717358828,,9.000007137656212,,0.500000212341547,,3.500000189989805,,1.5000007580965757,,4.50000080652535,,7.0,4.586763679981232e-08,0.0008814780740067363,1.215113729635675e-07,1.6933867149055004,0.21648335456848145,0.8960971832275391,0.1481342315673828,-0.01068488135933876,1.451111018013762e-07,0.6891910433769226,0.1930398941040039,8192,4.286741386749782e-06,4.750001430511475,0.036080945283174515,20840448,42867,10176,636,-16.710764,0.007076994395174552,0.004316162664690637,-4.590900605916977,-52.121845,0.023970795719651505,0.004578024616057519,-4.531411418318749,,,0.95,0.9,both,4.509993946219124,4.309510047492003,4.739332588413298,0.0,-26.094425,2229.7309997140355,-16.710764
128,1784850712.7329862,,8.0,,8.0,,6.0,,6.0,,10.0,,10.0,,1.0,,1.0,,4.0,,4.0,,2.0,,2.0,,5.0,,5.0,,8.0,,8.0,,7.000000122934581,,5.000000569969416,,9.000001233071089,,0.5000023227185011,,3.5000007208436728,,1.5000000707805157,,4.500000571832061,,7.0,3.504101186990738e-08,0.001225573185365647,7.489297382257121e-08,1.692112810909748,0.16097785532474518,0.8393312692642212,0.10770650953054428,-0.01888628490269184,1.5113847950942727e-07,0.4920971989631653,0.18041963875293732,8192,2.073818450298859e-06,4.750000476837158,0.050549015402793884,21004288,43103,10256,641,1.0037152,0.0064584310282953085,0.007099854147236328,-4.58898589015007,-54.615944,0.03373346145963296,0.005588056577835232,-4.5372789889574054,,,0.95,0.9,both,4.302081779531634,4.7539748776307755,5.965989395901525,0.0,-51.142372,2230.55780585147,1.0037152
129,1784850786.373163,,8.0,,8.0,,6.0,,6.0,,10.0,,10.0,,1.0,,1.0,,4.0,,4.0,,2.0,,2.0,,5.0,,5.0,,8.0,,8.0,,7.000000640749931,,5.0000014044344425,,9.000000186264515,,0.5000002309679985,,3.5000010821968317,,1.5000010412186384,,4.500000583007932,,7.0,2.1187588572502136e-07,0.0003368969482835382,3.526806912658442e-07,1.691158588975668,0.19726864993572235,0.8986503481864929,0.19652019441127777,0.03412929177284241,9.803394505070173e-07,0.6129156947135925,0.19010230898857117,8192,1.6986750779324211e-06,4.750000476837158,0.09031376987695694,21168128,43369,10336,646,-3.1971536,0.006188240197661799,0.006217633697087876,-4.579343047738075,-66.770584,0.03667990082176402,0.004733775656495709,-4.510024684667587,,,0.95,0.9,both,4.270409793924414,4.846453131951307,4.707208180184461,0.0,-50.752716,2224.871971712875,-3.1971536
130,1784850859.5206492,,8.0,,8.0,,6.0,,6.0,,10.0,,10.0,,1.0,,1.0,,4.0,,4.0,,2.0,,2.0,,5.0,,5.0,,8.0,,8.0,,7.000000152736902,,5.00000349059701,,9.00000013038516,,0.5000015739351511,,3.5000026393681765,,1.5000001583248377,,4.500000448897481,,7.0,1.5855766832828522e-07,0.001528656284790486,4.423145189072497e-07,1.691462203860283,0.18743520975112915,0.9592153429985046,0.12671905755996704,0.023439977318048477,7.190279802671284e-07,0.3554246425628662,0.1642875075340271,8192,3.0923304166208254e-06,4.750000953674316,0.05385610833764076,21331968,43658,10416,651,-7.864621,0.006684920619591139,0.004516074270941317,-4.593789476156235,-54.53827,0.03648329116404057,0.005239455099217594,-4.49781451523304,,,0.95,0.9,both,3.8551149984004907,4.338396788766913,4.476601425065853,0.0,-24.104061,2239.8578169623493,-7.864621
131,1784850932.4580953,,8.0,,8.0,,6.0,,6.0,,10.0,,10.0,,1.0,,1.0,,4.0,,4.0,,2.0,,2.0,,5.0,,5.0,,8.0,,8.0,,7.000000696629286,,5.000000461935997,,9.000000104308128,,0.5000004190951586,,3.500003609806299,,1.5000004712492228,,4.50000043399632,,7.0,4.936009645462036e-08,0.0018295576446689665,2.2397983945043887e-06,1.691457662731409,0.32068151235580444,0.9802541136741638,0.2249445766210556,0.017834413796663284,1.7854468126188294e-07,0.43380093574523926,0.15328729152679443,8192,2.7189614684175467e-06,4.750000476837158,0.08230017125606537,21495808,43892,10496,656,-6.577527,0.008042179216863588,0.005355428354232572,-4.615624418854713,-28.697699,0.03354896479286253,0.006310746025701519,-4.48989335000515,,,0.95,0.9,both,4.226948157752059,4.638627149156247,6.4691528198687305,0.0,-32.496243,2246.3092175751867,-6.577527
132,1784851003.0547862,,8.0,,8.0,,6.0,,6.0,,10.0,,10.0,,1.0,,1.0,,4.0,,4.0,,2.0,,2.0,,5.0,,5.0,,8.0,,8.0,,7.00000099465251,,5.000000327825546,,9.000000193715096,,0.5000001732259989,,3.5000002682209015,,1.500000050291419,,4.500000577419996,,7.0,1.2689270079135895e-08,0.0016455998411402106,7.786029081024992e-06,1.6921302899718285,0.19001200795173645,0.9441454410552979,0.10960815846920013,0.005462313070893288,4.130426844994872e-08,0.4032439887523651,0.14808663725852966,8192,5.997254675094155e-07,4.75,0.032345000654459,21659648,44140,10576,661,-16.133648,0.00617972574691521,0.0037303083736333065,-4.630890583992004,-58.734016,0.02091242147726007,0.00687314899332705,-4.532255756855011,,,0.95,0.9,both,4.364076053641644,4.81933287847654,8.067446045404342,0.0,-77.348114,2320.7885606996215,-16.133648
133,1784851078.242786,,8.0,,8.0,,6.0,,6.0,,10.0,,10.0,,1.0,,1.0,,4.0,,4.0,,2.0,,2.0,,5.0,,5.0,,8.0,,8.0,,7.000000283122063,,5.000001076608896,,9.000001337379217,,0.5000000577419996,,3.5000009946525097,,1.5000020246952772,,4.500000204890966,,7.0,3.247987478971481e-08,0.002822758397087455,2.410497618843266e-06,1.692330937832594,0.3931107819080353,1.015842318534851,0.25717270374298096,-0.02380119077861309,1.2355390310858638e-07,0.264939546585083,0.12476260960102081,8192,2.3244667772814864e-06,4.75,0.019021106883883476,21823488,44385,10656,666,7.936844,0.006162014657456893,0.005354449551668949,-4.651426938176155,-47.761337,0.013866931485245005,0.00499616952292854,-4.546098038554192,,,0.95,0.9,both,4.4060367337846955,4.230616685893645,8.95278466199056,0.0,-19.01464,2179.07197489651,7.936844
134,1784851149.2889817,,8.0,,8.0,,6.0,,6.0,,10.0,,10.0,,1.0,,1.0,,4.0,,4.0,,2.0,,2.0,,5.0,,5.0,,8.0,,8.0,,7.000003185123205,,5.0000014789402485,,9.000000186264515,,0.5000000894069672,,3.5000000782310963,,1.5000000447034836,,4.500000968575478,,7.0,6.484333425760269e-08,0.0007516284822486341,2.9796168213302998e-08,1.6907474286854267,0.2222413420677185,0.9066599011421204,0.1314844936132431,-0.024462135508656502,3.4648803648451576e-07,0.38982394337654114,0.1509568840265274,8192,2.61336663243128e-06,4.750000953674316,0.05405653268098831,21987328,44624,10736,671,-3.055964,0.006297395161527675,0.004753015792812221,-4.631343120336533,-45.453712,0.019829385296907275,0.004051629548484925,-4.551658451557159,,,0.95,0.9,both,4.1045638588061015,4.302971698404584,4.046696414129466,0.0,-54.53546,2306.1043382468924,-3.055964
135,1784851223.0439441,,8.0,,8.0,,6.0,,6.0,,10.0,,10.0,,1.0,,1.0,,4.0,,4.0,,2.0,,2.0,,5.0,,5.0,,8.0,,8.0,,7.000000607222319,,5.00000062584877,,9.000003106892109,,0.5000002663582563,,3.500000638887286,,1.5000000521540642,,4.500000327825546,,7.0,3.003515303134918e-08,0.0035427218535915017,1.3695023397819472e-06,1.6909874975681305,0.6166680455207825,0.9411762356758118,0.6183076500892639,0.03190191462635994,8.042371746341814e-08,0.32169482111930847,0.1341298222541809,8192,2.0691443296527723e-06,4.750000476837158,0.013524607755243778,22151168,44903,10816,676,-8.412694,0.0064050409011542795,0.004187068912142422,-4.625190532207489,-10.274497,0.004181581041484606,0.004713538654323201,-4.548210850358009,,,0.95,0.9,both,4.521278193751237,4.198991636906475,10.199869185721788,0.0,-21.548925,2221.4096149897287,-8.412694
136,1784851295.6069958,,8.0,,8.0,,6.0,,6.0,,10.0,,10.0,,1.0,,1.0,,4.0,,4.0,,2.0,,2.0,,5.0,,5.0,,8.0,,8.0,,7.000001300126314,,5.000000718981028,,9.00000062584877,,0.5000001415610313,,3.5000002961605787,,1.5000002104789019,,4.500000111758709,,7.0,7.380731403827667e-08,0.00041038228664547205,1.0062513748632096e-07,1.6917539313435555,0.16752605140209198,0.907551109790802,0.11203669756650925,0.0023622699081897736,2.777111660634546e-07,0.41529205441474915,0.14416825771331787,8192,1.07637004020944e-06,4.75,0.03273700922727585,22315008,45144,10896,681,-11.456472,0.00655800036911387,0.006869725709839259,-4.613650333881378,-49.84398,0.02265482730581425,0.003783126306370832,-4.517197525501251,,,0.95,0.9,both,4.196701601962749,4.005125749199744,5.940425856441414,0.0,-31.267773,2257.8990992002564,-11.456472
137,1784851364.9594574,,8.0,,8.0,,6.0,,6.0,,10.0,,10.0,,1.0,,1.0,,4.0,,4.0,,2.0,,2.0,,5.0,,5.0,,8.0,,8.0,,7.000000316649675,,5.000000827014446,,9.000001292675734,,0.5000005960464478,,3.5000008195638657,,1.500000275671482,,4.50000018812716,,7.0,2.8172507882118225e-08,0.004580557637382299,4.5008160417386867e-08,1.691918045282364,0.2387339472770691,0.8953579664230347,0.26248663663864136,-0.01973637565970421,8.102541926291451e-08,0.5382099151611328,0.17158490419387817,8192,1.46032130032836e-06,4.75,0.03287927433848381,22478848,45390,10976,686,-1.3642207,0.0064480553701287135,0.0051584926222858485,-4.626739057898521,-56.494984,0.027991746459156273,0.0043271079812257085,-4.517191746830941,,,0.95,0.9,both,4.085529389835514,4.751323991339946,7.24876831118311,0.0,-85.86898,2362.4247830076383,-1.3642207
138,1784851437.005858,,8.0,,8.0,,6.0,,6.0,,10.0,,10.0,,1.0,,1.0,,4.0,,4.0,,2.0,,2.0,,5.0,,5.0,,8.0,,8.0,,7.000000435858965,,5.000000212341547,,9.000000137835741,,0.5000003930181265,,3.5000005811452866,,1.500000113621354,,4.500000445172191,,7.0,1.4901161193847656e-08,0.001491679809987545,1.0605861838763886e-07,1.6919056698679924,0.11221647262573242,0.9824637174606323,0.07101860642433167,0.017760809510946274,4.9121123169015846e-08,0.5963227152824402,0.1503816694021225,8192,7.333565577027912e-07,4.75,0.03223250061273575,22642688,45621,11056,691,-13.231679,0.006911202849005349,0.004675296865752898,-4.549072510004043,-32.210716,0.02328074784600176,0.0035424034111201765,-4.502562817931175,,,0.95,0.9,both,4.044236749310665,4.028468155814851,9.282573914868324,0.0,-40.09946,2274.0904444549924,-13.231679
139,1784851507.8188844,,8.0,,8.0,,6.0,,6.0,,10.0,,10.0,,1.0,,1.0,,4.0,,4.0,,2.0,,2.0,,5.0,,5.0,,8.0,,8.0,,7.000000134110451,,5.000000607222319,,9.000000271946192,,0.5000002924352884,,3.5000002197921276,,1.5000044889748096,,4.500000825151801,,7.0,2.1653249859809875e-08,0.000665739644318819,1.0710628256527244e-07,1.6911738030612469,0.3515460193157196,1.0735570192337036,0.16567382216453552,-0.043759625405073166,8.697309539229536e-08,0.36455556750297546,0.13617655634880066,8192,2.26846805162495e-06,4.750000476837158,0.042335789650678635,22806528,45889,11136,696,2.318074,0.005761005637759808,0.006465317110269098,-4.586720135807991,-42.264843,0.015357511566253378,0.0031416627440194133,-4.526352563500405,,,0.95,0.9,both,3.983920696185204,4.305157016907486,5.070882400887111,0.0,-43.69867,2313.700983759164,2.318074
140,1784851578.1461837,,8.0,,8.0,,6.0,,6.0,,10.0,,10.0,,1.0,,1.0,,4.0,,4.0,,2.0,,2.0,,5.0,,5.0,,8.0,,8.0,,7.000000271946192,,5.0000011175870895,,9.000000182539225,,0.5000000335276127,,3.5000000651925802,,1.5000001974403858,,4.500000486150384,,7.0,1.3737007975578308e-07,0.0007833748240955174,4.0782938681704906e-07,1.6928842924535275,0.28869202733039856,0.8310644626617432,0.216409832239151,-0.02040202170610428,3.3106633168245025e-07,0.4080655574798584,0.15109466016292572,8192,5.522951482817007e-07,4.75,0.017385534942150116,22970368,46152,11216,701,7.946681,0.00673646292561898,0.005353452393319458,-4.610588738322258,-26.41004,0.017760181991616265,0.004879593502846546,-4.543001386523247,,,0.95,0.9,both,4.036227034392151,4.080592200816031,6.3256570817063125,0.0,-64.61346,2329.6760090643347,7.946681
141,1784851651.3943193,,8.0,,8.0,,6.0,,6.0,,10.0,,10.0,,1.0,,1.0,,4.0,,4.0,,2.0,,2.0,,5.0,,5.0,,8.0,,8.0,,7.000000596046449,,5.000002443790436,,9.000002466142178,,0.500000286847353,,3.5000001285225153,,1.5000003296881914,,4.500000158324838,,7.0,1.2712553143501282e-07,0.0010607891308609396,3.8156254902332876e-06,1.6945013590157032,0.14872974157333374,0.8951572179794312,0.13790105283260345,-0.08787722140550613,3.5304537959746085e-07,0.591962456703186,0.1771675944328308,8192,1.7302120340900728e-06,4.750000476837158,0.04679674655199051,23134208,46415,11296,706,-3.3093193,0.005570306512527168,0.0048321938200388105,-4.657355496287346,-56.7837,0.035134157491847874,0.004748406502767466,-4.567071357369423,,,0.95,0.9,both,4.190143251995611,4.435152107273195,8.79431682620219,0.0,-31.288876,2236.7804089044184,-3.3093193
142,1784851723.5597706,,8.0,,8.0,,6.0,,6.0,,10.0,,10.0,,1.0,,1.0,,4.0,,4.0,,2.0,,2.0,,5.0,,5.0,,8.0,,8.0,,7.0000000931322575,,5.000000387430191,,9.000000286847353,,0.5000002048909664,,3.5000004656612873,,1.5000002793967724,,4.5000001806765795,,7.0,5.587935447692871e-08,0.0002991166547872126,1.10544499389853e-05,1.6949913166463375,0.24183471500873566,1.0497801303863525,0.17460060119628906,0.07657073438167572,1.4518758462145342e-07,0.41970327496528625,0.16385340690612793,8192,6.243553798412904e-07,4.75,0.06679975241422653,23298048,46659,11376,711,9.02825,0.005944353986706119,0.006030979521165136,-4.601892364025116,-47.14292,0.03980750977061689,0.002415565504634287,-4.5712822645902635,,,0.95,0.9,both,3.942578234787083,3.847827469022371,6.312764369201934,0.0,-48.284054,2270.338592590398,9.02825
143,1784851794.6424217,,8.0,,8.0,,6.0,,6.0,,10.0,,10.0,,1.0,,1.0,,4.0,,4.0,,2.0,,2.0,,5.0,,5.0,,8.0,,8.0,,7.000000506639481,,5.000000219792128,,9.000000074505806,,0.5000004097819328,,3.500000111758709,,1.500000387430191,,4.50000024586916,,7.0,2.0838342607021332e-08,0.001385191222652793,4.9484711766467626e-05,1.6943779736757278,0.22086142003536224,0.8291423320770264,0.0968657061457634,-0.013363925740122795,4.8818836972941426e-08,0.32571059465408325,0.12421770393848419,8192,4.3993088638671907e-07,4.75,0.04756417125463486,23461888,46911,11456,716,-29.949673,0.007730793597875163,0.005009200390486512,-4.611956760287285,-35.23961,0.020508428738685323,0.003804371043224819,-4.566747525334359,,,0.95,0.9,both,4.3593395136655335,4.190216954500133,6.892876400169905,0.0,-49.772736,2304.924454778885,-29.949673
144,1784851868.7010148,,8.0,,8.0,,6.0,,6.0,,10.0,,10.0,,1.0,,1.0,,4.0,,4.0,,2.0,,2.0,,5.0,,5.0,,8.0,,8.0,,7.000002678483725,,5.000011902302504,,9.000000551342964,,0.5000001098960638,,3.5000003073364496,,1.5000000987201931,,4.500000063329935,,7.0,2.2584572434425354e-08,0.00031857413705438375,4.060797942795347e-06,1.6939149759709835,0.22939977049827576,0.8261613249778748,0.12061070650815964,-0.01187622919678688,2.636845977121993e-07,0.4246002435684204,0.17132601141929626,8192,7.178681698860601e-06,4.750001907348633,0.07147644460201263,23625728,47200,11536,721,8.525474,0.007039068617450539,0.004567796829360304,-4.597008293867111,-86.59806,0.050318038347177206,0.004843123325554188,-4.549149370193481,,,0.95,0.9,both,3.8237592478919327,4.873231148305676,3.9942631134742137,0.0,-21.546364,2212.300616334714,8.525474
145,1784851942.4541209,,8.0,,8.0,,6.0,,6.0,,10.0,,10.0,,1.0,,1.0,,4.0,,4.0,,2.0,,2.0,,5.0,,5.0,,8.0,,8.0,,7.000001840293407,,5.000000085681677,,9.00000036507845,,0.5000001434236765,,3.5000005774199963,,1.5000000670552254,,4.500000171363354,,7.0,1.4581019058823586e-08,0.0012044250615872443,0.0002183612058104245,1.6943402886390686,0.14948979020118713,0.9820281863212585,0.12583427131175995,-0.0022008181549608707,3.849566709845931e-08,0.5534849762916565,0.14548203349113464,8192,9.198054158332525e-07,4.75,0.03728017956018448,23789568,47438,11616,726,3.9106362,0.007257991821097676,0.0037440058891661464,-4.583509847521782,-51.952168,0.026705519243841992,0.005187085786019452,-4.5558208465576175,,,0.95,0.9,both,4.219502736163473,4.736237413032458,9.107369377496443,0.0,-25.184652,2221.4640234261383,3.9106362
146,1784852020.179273,,8.0,,8.0,,6.0,,6.0,,10.0,,10.0,,1.0,,1.0,,4.0,,4.0,,2.0,,2.0,,5.0,,5.0,,8.0,,8.0,,7.00000024586916,,5.000000823289156,,9.000000137835741,,0.5000004880130291,,3.5000000651925802,,1.5000005476176739,,4.500000087544322,,7.0,1.0099029168486595e-08,0.000546913332073018,1.1841636797862987e-07,1.6941273659467697,0.17635376751422882,1.0147016048431396,0.11525175720453262,-0.005672664847224951,2.6686359788641312e-08,0.4034292995929718,0.13465115427970886,8192,8.163422648976848e-07,4.75,0.03965674340724945,23953408,47682,11696,731,-5.232628,0.005874184951244388,0.0038729252315533812,-4.5903605848550795,-52.31626,0.02386310024885461,0.00488953695858072,-4.546010753512382,,,0.95,0.9,both,4.014843236418878,4.31753701390808,2.414718208634824,0.0,-18.206654,2107.941949913008,-5.232628
147,1784852092.990389,,8.0,,8.0,,6.0,,6.0,,10.0,,10.0,,1.0,,1.0,,4.0,,4.0,,2.0,,2.0,,5.0,,5.0,,8.0,,8.0,,7.000000517815352,,5.000000160187483,,9.000000081956387,,0.5000000707805157,,3.5000003073364496,,1.5000002086162567,,4.500000078231096,,7.0,1.4319084584712982e-08,0.0012492270325310528,1.255968829938503e-06,1.6931606717407703,0.1710067093372345,1.0014302730560303,0.11155552417039871,-0.008643458597362041,5.161017568866555e-08,0.3730480670928955,0.13068228960037231,8192,3.69482677342603e-07,4.75,0.04327230900526047,24117248,47921,11776,736,-15.599686,0.005443281824409496,0.0038171345717273653,-4.606085866689682,-47.68836,0.02784541395958513,0.004187113505031448,-4.565648290514946,,,0.95,0.9,both,3.9002449279717384,4.243695244768929,6.140668076705428,0.0,-47.678974,2250.205287338173,-15.599686
148,1784852170.677706,,8.0,,8.0,,6.0,,6.0,,10.0,,10.0,,1.0,,1.0,,4.0,,4.0,,2.0,,2.0,,5.0,,5.0,,8.0,,8.0,,7.000000149011612,,5.000001076608896,,9.000002138316631,,0.5000069849193096,,3.5000002048909664,,1.500000074505806,,4.500018034130335,,7.0,1.6158446669578552e-07,0.0008931104093790054,2.495501315813442e-06,1.6944232024252415,0.19691401720046997,0.8256773948669434,0.14506198465824127,0.026985596865415573,1.2824265240851673e-06,0.5175819993019104,0.15177679061889648,8192,1.3796954590361565e-05,4.750003814697266,0.03454109653830528,24281088,48201,11856,741,-13.113535,0.006563266368175391,0.004484298356692307,-4.6088072776794435,-57.07572,0.03922437691362575,0.0045024967970675785,-4.560655391216278,,,0.95,0.9,both,4.413000183084469,4.666970277606781,6.36068616453379,0.0,-29.192648,2108.968563250268,-13.113535
149,1784852246.0585566,,8.0,,8.0,,6.0,,6.0,,10.0,,10.0,,1.0,,1.0,,4.0,,4.0,,2.0,,2.0,,5.0,,5.0,,8.0,,8.0,,7.000002130866051,,5.000000301748514,,9.000000201165676,,0.5000000316649675,,3.5000004228204493,,1.5000002458691597,,4.500000162050128,,7.0,2.5960616767406464e-08,0.0012717085191980004,0.00015521886786018513,1.6933476850390434,0.14743657410144806,0.8429557085037231,0.08616254478693008,-0.007860524579882622,9.821398805343051e-08,0.3698432743549347,0.14162595570087433,8192,1.002340695777093e-06,4.75,0.028957542032003403,24444928,48450,11936,746,5.0026817,0.006326474239176605,0.004821321349299979,-4.617981633543968,-43.630886,0.01989310292992741,0.003489559872832615,-4.554623392224312,,,0.95,0.9,both,4.102462367626629,4.511360708600483,6.701910090113886,0.0,-15.146025,2173.4953799755313,5.0026817
150,1784852321.6389077,,8.0,,8.0,,6.0,,6.0,,10.0,,10.0,,1.0,,1.0,,4.0,,4.0,,2.0,,2.0,,5.0,,5.0,,8.0,,8.0,,7.000000108033419,,5.000000063329935,,9.000000033527613,,0.5000001545995474,,3.5000001937150955,,1.500000070780516,,4.50000012665987,,7.0,5.529727786779404e-09,0.0013205967261455953,1.789916841499206e-05,1.6917879544198513,0.23782074451446533,1.019944190979004,0.12761671841144562,0.010691848583519459,2.1356887813794856e-08,0.39673107862472534,0.13014957308769226,8192,2.116835418064511e-07,4.75,0.027971690520644188,24608768,48681,12016,751,-8.175573,0.006114544672891497,0.004379347094800323,-4.637226414680481,-31.154926,0.027085520641412585,0.0038323162312735803,-4.564406022429466,,,0.95,0.9,both,4.185954882219799,4.025922173353446,9.94273496528165,0.0,-50.46646,2167.7597798382208,-8.175573
151,1784852396.6629605,,8.0,,8.0,,6.0,,6.0,,10.0,,10.0,,1.0,,1.0,,4.0,,4.0,,2.0,,2.0,,5.0,,5.0,,8.0,,8.0,,7.000000219792128,,5.000000651925802,,9.000000264495611,,0.5000000894069672,,3.500000057742,,1.500000238418579,,4.500000389292836,,7.0,1.664739102125168e-08,0.0016268726903945208,5.398945924772747e-07,1.6918883360922337,0.1672479212284088,0.8265783786773682,0.16818268597126007,0.009932410903275013,6.517306161413217e-08,0.39220285415649414,0.1216687485575676,8192,5.504810474121768e-07,4.75,0.027708005160093307,24772608,48903,12096,756,8.941767,0.006076575213228352,0.0038700588091160172,-4.649255764484406,-33.85316,0.019733064604224637,0.003920576121890918,-4.554459324479103,,,0.95,0.9,both,3.888000227748935,3.841081809437779,8.737100129188866,0.0,-61.98012,2183.8321252787537,8.941767
152,1784852477.1545455,,8.0,,8.0,,6.0,,6.0,,10.0,,10.0,,1.0,,1.0,,4.0,,4.0,,2.0,,2.0,,5.0,,5.0,,8.0,,8.0,,7.000000167638063,,5.0000000558793545,,9.00000013411045,,0.5000000894069672,,3.500000048428774,,1.5000001899898052,,4.500000864267349,,7.0,5.587935447692871e-09,0.0008380809449590743,8.282018234412325e-09,1.692626815289259,0.2731606364250183,0.8541871309280396,0.4047778844833374,-0.0416439026594162,2.0267769684778614e-08,0.5691726803779602,0.190365731716156,8192,4.818128331862681e-07,4.75,0.04883614927530289,24936448,49161,12176,761,10.63948,0.0054928399316850115,0.005605632931110449,-4.660523509979248,-63.900227,0.0422666825237684,0.0022679070621961727,-4.560709425807,,,0.95,0.9,both,3.938570304531185,4.6051970619009355,4.624592541181824,0.0,-1.6691101,2035.497767356577,10.63948
153,1784852551.7193134,,8.0,,8.0,,6.0,,6.0,,10.0,,10.0,,1.0,,1.0,,4.0,,4.0,,2.0,,2.0,,5.0,,5.0,,8.0,,8.0,,7.000004407018423,,5.000000257045031,,9.000000387430191,,0.5000005085021257,,3.500000052154064,,1.5000000521540642,,4.5000003427267075,,7.0,4.6566128730773926e-08,0.0004667173488996923,1.1115358296981404e-07,1.6912459842860699,0.2301304042339325,0.9747607707977295,0.26626455783843994,-0.010850079357624054,1.958241711008668e-07,0.4769630432128906,0.15388621389865875,8192,2.5947858830477344e-06,4.750000476837158,0.06428476423025131,25100288,49401,12256,766,-0.44392186,0.00634546679793857,0.0038570697346585804,-4.670440620183944,-54.585827,0.047356188949197534,0.0030251704083639197,-4.595336785912513,,,0.95,0.9,both,4.1377189088053,4.417996499890835,5.540056723431969,0.0,-66.34038,2197.2781213918947,-0.44392186
154,1784852627.759628,,8.0,,8.0,,6.0,,6.0,,10.0,,10.0,,1.0,,1.0,,4.0,,4.0,,2.0,,2.0,,5.0,,5.0,,8.0,,8.0,,7.000000029802322,,5.000000603497028,,9.000001352280378,,0.5000007767230272,,3.500000013038516,,1.5000000838190317,,4.500000160187483,,7.0,1.0011717677116394e-08,0.0009834383381530643,5.8143945311228684e-08,1.6911535188555717,0.2926824390888214,0.8884538412094116,0.24625679850578308,0.00800487119704485,2.8646812921806486e-08,0.2604391276836395,0.1312856525182724,8192,1.0945782378257718e-06,4.75,0.027005041018128395,25264128,49629,12336,771,10.300746,0.005861375160748139,0.0037120821652933955,-4.674067813158035,-34.236217,0.014526426012162119,0.003639255287271226,-4.606094789505005,,,0.95,0.9,both,3.821278052962085,3.902531528440342,5.723886663190053,0.0,-59.93867,2154.646653238512,10.300746
155,1784852705.4501617,,8.0,,8.0,,6.0,,6.0,,10.0,,10.0,,1.0,,1.0,,4.0,,4.0,,2.0,,2.0,,5.0,,5.0,,8.0,,8.0,,7.000000186264515,,5.000000040978193,,9.000003766268492,,0.5000002030283213,,3.500000013038516,,1.5000000204890969,,4.5000006798654795,,7.0,2.6688212528824806e-08,0.00042165821650996804,5.888805481024662e-07,1.6895931996405125,0.4840390086174011,0.8534685373306274,0.3480483293533325,0.0035214885137975216,9.798646516401277e-08,0.24592381715774536,0.09977813065052032,8192,1.9549631815607427e-06,4.750000476837158,0.026156065985560417,25427968,49819,12416,776,9.043958,0.0055649125490162986,0.00453323002147954,-4.687940511107445,-36.442913,0.009320796914107633,0.002203100232873112,-4.639453125,,,0.95,0.9,both,4.0406266280310525,3.7583189707517333,5.986351514153996,0.0,-35.172638,2108.879522049945,9.043958
156,1784852784.7429614,,8.0,,8.0,,6.0,,6.0,,10.0,,10.0,,1.0,,1.0,,4.0,,4.0,,2.0,,2.0,,5.0,,5.0,,8.0,,8.0,,7.0000000931322575,,5.0000000931322575,,9.000000342726707,,0.5000001713633537,,3.5000000167638063,,1.5000000447034836,,4.500000113621354,,7.0,0.0,0.0007568733999505639,9.612852266797922e-09,1.6894147023558617,0.21279233694076538,0.979664146900177,0.24057795107364655,-0.00015840120613574982,1.7735930057938276e-08,0.3656211793422699,0.11950650066137314,8192,2.7638614596980915e-07,4.75,0.06082487851381302,25591808,50040,12496,781,1.6893787,0.006064529565628618,0.004823784565087408,-4.663363975286484,-28.217127,0.027318049990572035,0.004048561412491836,-4.626431015133858,,,0.95,0.9,both,4.138032598291085,4.568311225452614,5.4586224357426705,0.0,-20.126245,2066.267184293735,1.6893787
157,1784852863.432442,,8.0,,8.0,,6.0,,6.0,,10.0,,10.0,,1.0,,1.0,,4.0,,4.0,,2.0,,2.0,,5.0,,5.0,,8.0,,8.0,,7.000000048428774,,5.00000025331974,,9.000000178813934,,0.5000000763684511,,3.500000022351742,,1.5000000484287739,,4.500000797212124,,7.0,7.450580596923828e-09,0.0005499125691130757,2.947872403236129e-06,1.6895609498023987,0.39694494009017944,1.0308395624160767,0.35467082262039185,-0.05121557414531708,2.142176924735395e-08,0.2066202312707901,0.10564081370830536,8192,5.945029215581599e-07,4.75,0.018800819292664528,25755648,50273,12576,786,-8.960943,0.0060354127286700535,0.00444871359213721,-4.660650888085366,-39.01236,0.011707995901815593,0.0024317977338796483,-4.636999514698982,,,0.95,0.9,both,3.9243421379654193,3.792913571052405,6.942421053559471,0.0,-30.10474,2082.1079759673335,-8.960943
158,1784852943.6650429,,8.0,,8.0,,6.0,,6.0,,10.0,,10.0,,1.0,,1.0,,4.0,,4.0,,2.0,,2.0,,5.0,,5.0,,8.0,,8.0,,7.000000659376383,,5.000000204890966,,9.000000152736902,,0.5000001098960638,,3.5000001937150955,,1.5000000093132257,,4.500000022351742,,7.0,2.8405338525772095e-08,0.0010063597583211958,1.9573105086712062e-07,1.690273679792881,0.21553689241409302,0.8414274454116821,0.2642781138420105,0.01883527636528015,9.305772152856662e-08,0.4368691146373749,0.1364079713821411,8192,4.470920487165131e-07,4.75,0.04936734214425087,25919488,50490,12656,791,-23.94971,0.0055509967380203305,0.0044152707683679186,-4.677585181593895,-61.367622,0.023022372194100173,0.002753955624939408,-4.640598803758621,,,0.95,0.9,both,4.306652936662403,4.343509662117255,7.258832862526482,0.0,-14.669172,2042.0616094367065,-23.94971
159,1784853021.8176954,,8.0,,8.0,,6.0,,6.0,,10.0,,10.0,,1.0,,1.0,,4.0,,4.0,,2.0,,2.0,,5.0,,5.0,,8.0,,8.0,,7.0000003315508375,,5.00000099465251,,9.000000059604645,,0.5000001080334187,,3.5000004339963198,,1.500000309199095,,4.500000081956387,,7.0,2.561137080192566e-08,0.001252004294656217,6.257296554304514e-07,1.6901898719370365,0.5451555848121643,0.8494870662689209,0.3450276255607605,0.007954936474561691,1.1564811330799785e-07,0.26358920335769653,0.11019126325845718,8192,8.789010053078528e-07,4.75,0.023125728592276573,26083328,50695,12736,796,-0.070578955,0.005617479056672892,0.004327493866730947,-4.695658239722252,-31.275534,0.006437944079516455,0.0018270388325618114,-4.632262071967125,,,0.95,0.9,both,3.9269816516169853,3.8978864563135702,7.031328747265778,0.0,-34.13323,2096.410363833901,-0.070578955
160,1784853103.0860884,,8.0,,8.0,,6.0,,6.0,,10.0,,10.0,,1.0,,1.0,,4.0,,4.0,,2.0,,2.0,,5.0,,5.0,,8.0,,8.0,,7.000000845640899,,5.000000271946192,,9.000000156462193,,0.5000000931322575,,3.500000113621354,,1.5000000447034836,,4.500000109896064,,7.0,1.6530975699424744e-08,0.0010544200194999576,1.8051805378629937e-08,1.6905821561813354,0.8546457290649414,0.9695915579795837,1.0495201349258423,-0.014053923077881336,8.56006536764653e-08,0.3722079396247864,0.12864597141742706,8192,6.320054239949968e-07,4.75,0.11626838892698288,26247168,50907,12816,801,-13.024298,0.005359483711072244,0.0037574569185380826,-4.701862725615501,-55.886818,0.016909154306631535,0.003991450629837345,-4.6413408607244495,,,0.95,0.9,both,4.341155015811578,4.822936746996598,7.126420070559268,0.0,-10.256215,2016.0364068269546,-13.024298
161,1784853182.0426898,,8.0,,8.0,,6.0,,6.0,,10.0,,10.0,,1.0,,1.0,,4.0,,4.0,,2.0,,2.0,,5.0,,5.0,,8.0,,8.0,,7.000000312924385,,5.000000070780516,,9.00000012293458,,0.5000000689178705,,3.500004103407264,,1.5000000186264515,,4.500000050291419,,7.0,1.1059455573558807e-08,0.0023492155014537275,8.743879427175472e-07,1.688992839306593,0.2863427996635437,0.9084656238555908,0.13681560754776,0.017163118347525597,4.308042278466928e-08,0.2632027268409729,0.1010463684797287,8192,2.1796051896671997e-06,4.750000476837158,0.03009088896214962,26411008,51106,12896,806,7.2909164,0.005627497671230231,0.004570244437491056,-4.686600333452224,-37.92846,0.013996158688678406,0.0033765123967896215,-4.603183391690254,,,0.95,0.9,both,4.158405097606526,3.9401311460067916,7.371764063447965,0.0,-26.385891,2075.0631462503197,7.2909164
162,1784853259.6386366,,8.0,,8.0,,6.0,,6.0,,10.0,,10.0,,1.0,,1.0,,4.0,,4.0,,2.0,,2.0,,5.0,,5.0,,8.0,,8.0,,7.000000186264515,,5.000000044703484,,9.000000387430191,,0.5000026673078537,,3.5000000558793545,,1.5000001415610313,,4.500000301748514,,7.0,3.4924596548080444e-08,0.0008065876027103513,5.681758194573533e-09,1.6896944791078568,0.1604093462228775,1.0109941959381104,0.18975259363651276,-0.024875372648239136,1.7012793307458196e-07,0.20606550574302673,0.10415104031562805,8192,1.6487965694977902e-06,4.750000476837158,0.055662840604782104,26574848,51322,12976,811,-1.402024,0.005588954272388947,0.004895838804077357,-4.697448465228081,-32.451412,0.010197730743675493,0.0021762999742350074,-4.606896016001701,,,0.95,0.9,both,4.180675617333369,3.2663793115104705,4.880869356082653,0.0,-63.024567,2111.449328063816,-1.402024
163,1784853338.0487783,,8.0,,8.0,,6.0,,6.0,,10.0,,10.0,,1.0,,1.0,,4.0,,4.0,,2.0,,2.0,,5.0,,5.0,,8.0,,8.0,,7.000000081956387,,5.000000115483999,,9.000000193715096,,0.5000000037252903,,3.5000001527369027,,1.5000000577419996,,4.50000006146729,,7.0,9.778887033462524e-09,0.00048805525875650346,4.231166862211921e-06,1.6903699599206448,0.1232815533876419,0.9793212413787842,0.08844205737113953,0.015073571354150772,2.1933916016791954e-08,0.2960570156574249,0.12102461606264114,8192,2.4655130914652545e-07,4.75,0.049399543553590775,26738688,51583,13056,816,0.16218548,0.005468157600989798,0.004850826735491864,-4.676657447218895,-54.24975,0.021913239447167145,0.003437605580984382,-4.6039368391036986,,,0.95,0.9,both,4.167397198555148,4.428552306695101,6.728126557967462,0.0,-38.79722,2089.5270276881033,0.16218548
164,1784853415.6855009,,8.0,,8.0,,6.0,,6.0,,10.0,,10.0,,1.0,,1.0,,4.0,,4.0,,2.0,,2.0,,5.0,,5.0,,8.0,,8.0,,7.000000063329935,,5.000000216066837,,9.000000260770321,,0.500000013038516,,3.500000312924385,,1.5000001899898052,,4.500000013038516,,7.0,3.4924596548080444e-09,0.0006297890795394778,1.162847286309554e-06,1.689910877496004,0.1028473824262619,0.8491730690002441,0.06850536167621613,0.021959476172924042,9.761872199476329e-09,0.3513311743736267,0.13745741546154022,8192,3.4834380358006456e-07,4.75,0.023791559040546417,26902528,51830,13136,821,8.011366,0.0054748912472859955,0.00540875985097955,-4.694286784529686,-31.546646,0.017059018119471147,0.003596886641753372,-4.632818832993507,,,0.95,0.9,both,4.112980119087614,3.9108459623126706,3.906201324285639,0.0,-35.095055,2110.342159974024,8.011366
165,1784853493.1078696,,8.0,,8.0,,6.0,,6.0,,10.0,,10.0,,1.0,,1.0,,4.0,,4.0,,2.0,,2.0,,5.0,,5.0,,8.0,,8.0,,7.000000141561032,,5.0000019408762455,,9.000000145286322,,0.5000000596046448,,3.5000000707805157,,1.5000000316649675,,4.500000076368451,,7.0,1.3271346688270569e-08,0.0009492529788985848,4.7070933050008534e-05,1.6903305388987064,0.7860693335533142,0.975979208946228,0.6742373704910278,-0.02040930651128292,3.940129289503602e-08,0.5719178318977356,0.20821020007133484,8192,7.263105885613186e-07,4.75,0.053795356303453445,27066368,52095,13216,826,7.173291,0.005709436447068584,0.004266568666207604,-4.744309827685356,-35.384132,0.03493274208158255,0.004593263848801143,-4.656904637813568,,,0.95,0.9,both,4.101240929357102,4.535020926197287,6.498259498674326,0.0,-23.624214,2116.181922597487,7.173291
166,1784853571.2145343,,8.0,,8.0,,6.0,,6.0,,10.0,,10.0,,1.0,,1.0,,4.0,,4.0,,2.0,,2.0,,5.0,,5.0,,8.0,,8.0,,7.000000219792128,,5.000000111758709,,9.000000033527613,,0.5000000093132257,,3.5000001285225153,,1.5000007208436728,,4.500000016763806,,7.0,9.19681042432785e-09,0.0008997195982374251,5.402569312362715e-06,1.689345832914114,0.26747819781303406,0.974157452583313,0.20141306519508362,-0.008614755235612392,2.6777211559192438e-08,0.32020318508148193,0.12019965052604675,8192,4.5059965714244754e-07,4.75,0.020503992214798927,27230208,52308,13296,831,-6.548274,0.0050273813874810004,0.004607853156630881,-4.773019045591354,-44.34497,0.014009391583385877,0.002041357647976838,-4.670959043502807,,,0.95,0.9,both,4.308868495461833,3.7419493062611813,5.45450391578275,0.0,-31.11945,2097.6472853609516,-6.548274
167,1784853646.4947083,,8.0,,8.0,,6.0,,6.0,,10.0,,10.0,,1.0,,1.0,,4.0,,4.0,,2.0,,2.0,,5.0,,5.0,,8.0,,8.0,,7.0000001937150955,,5.000000149011612,,9.000000055879354,,0.5000001341104507,,3.500000037252903,,1.500000013038516,,4.500000057742,,7.0,6.28642737865448e-09,0.0019513475708663464,1.5351859392609413e-06,1.687805075198412,0.20388896763324738,0.9036116600036621,0.20183977484703064,0.035432953387498856,1.8995327977222587e-08,0.38781312108039856,0.1150733083486557,8192,1.8037954419014568e-07,4.75,0.03688342869281769,27394048,52503,13376,836,-15.563322,0.006273910775780678,0.005054590427607764,-4.7752991884946825,-66.82134,0.0193433859734796,0.003352122583601158,-4.674127557873726,,,0.95,0.9,both,4.335648037884174,4.362334289264854,8.693758904108908,0.0,-42.52135,2176.4001376552633,-15.563322
168,1784853724.3475456,,8.0,,8.0,,6.0,,6.0,,10.0,,10.0,,1.0,,1.0,,4.0,,4.0,,2.0,,2.0,,5.0,,5.0,,8.0,,8.0,,7.000000040978193,,5.000000033527613,,9.000000406056643,,0.5000000335276127,,3.5000002272427087,,1.5000000335276127,,4.500000081956387,,7.0,5.471520125865936e-09,0.001857868512161076,1.718246934491463e-09,1.687423162162304,0.2411671280860901,0.8816329836845398,0.2936968505382538,-0.014255950227379799,1.5147477938626253e-08,0.17153531312942505,0.09980122745037079,8192,3.27132283928222e-07,4.75,0.00907205045223236,27557888,52741,13456,841,3.098266,0.006759363695164211,0.003932541272661183,-4.781513273715973,-28.271814,0.007532943728438113,0.002835963100369554,-4.684221243858337,,,0.95,0.9,both,3.9127263103883094,4.146514502535554,6.832957183763289,0.0,-27.323383,2104.4853235807946,3.098266
169,1784853802.2306292,,8.0,,8.0,,6.0,,6.0,,10.0,,10.0,,1.0,,1.0,,4.0,,4.0,,2.0,,2.0,,5.0,,5.0,,8.0,,8.0,,7.000000029802323,,5.000000059604645,,9.000000055879354,,0.5000000651925802,,3.5000000819563866,,1.500000333413482,,4.500000117346644,,7.0,2.3283064365386963e-09,0.0017977828247239813,6.591836437452869e-05,1.6878526359796524,0.11793027818202972,1.0669103860855103,0.07236134260892868,-0.011857539415359497,9.424321767426136e-09,0.3151434063911438,0.12821745872497559,8192,3.198299509676872e-07,4.75,0.027450092136859894,27721728,52967,13536,846,2.818451,0.006274306816339959,0.0046682768574100916,-4.779290878772736,-25.748205,0.01872751415357925,0.005125460632552858,-4.673741713166237,,,0.95,0.9,both,4.150564596759486,4.403620856146959,6.707023539956851,0.0,-23.643826,2103.665333141806,2.818451
170,1784853881.2033288,,8.0,,8.0,,6.0,,6.0,,10.0,,10.0,,1.0,,1.0,,4.0,,4.0,,2.0,,2.0,,5.0,,5.0,,8.0,,8.0,,7.000000048428774,,5.000000022351742,,9.000000067055225,,0.5000000093132257,,3.5000003669410944,,1.5000003445893526,,4.500000109896064,,7.0,7.683411240577698e-09,0.0013788686483167112,6.410240349918883e-07,1.6873940490186214,0.6042134165763855,0.8106566667556763,0.540622353553772,0.02786216512322426,2.1139175743201122e-08,0.2433258444070816,0.11385183036327362,8192,3.932674985662743e-07,4.75,0.017688633874058723,27885568,53167,13616,851,11.501086,0.005636280748876743,0.005557422310812399,-4.759737506508827,-14.240189,0.007537447291542776,0.006212922957638511,-4.694736978411674,,,0.95,0.9,both,4.139956824898693,3.9814318548773193,6.756768260924124,0.0,-15.115646,2074.642518087336,11.501086
171,1784853959.9871862,,8.0,,8.0,,6.0,,6.0,,10.0,,10.0,,1.0,,1.0,,4.0,,4.0,,2.0,,2.0,,5.0,,5.0,,8.0,,8.0,,7.000000160187483,,5.000000007450581,,9.000000022351742,,0.5000000074505806,,3.5000000093132257,,1.5000000204890966,,4.500000132247806,,7.0,1.0477378964424133e-09,0.0009109764941968024,1.8386244610563152e-06,1.6872223503887653,0.15956568717956543,0.8809563517570496,0.08116290718317032,0.00561235286295414,7.931748591261112e-09,0.33994707465171814,0.16280734539031982,8192,1.0703208630502559e-07,4.75,0.03817427158355713,28049408,53426,13696,856,-1.2727875,0.0060390215869119855,0.004492130372091197,-4.756615561246872,-54.495502,0.027709338627755643,0.0029218828291050158,-4.675486499071122,,,0.95,0.9,both,4.16637961395921,4.243196779424825,5.553064186644798,0.0,-31.916904,2079.613791598076,-1.2727875
172,1784854039.4270306,,8.0,,8.0,,6.0,,6.0,,10.0,,10.0,,1.0,,1.0,,4.0,,4.0,,2.0,,2.0,,5.0,,5.0,,8.0,,8.0,,7.000000033527613,,5.000000059604645,,9.000000052154064,,0.5000000074505806,,3.5000000894069676,,1.5000000037252905,,4.500000014901161,,7.0,0.0,0.000540273089427501,5.881978924759945e-08,1.6871702782809734,0.15752652287483215,0.963720977306366,0.09207658469676971,0.0225287526845932,2.1933916016791954e-08,0.4023319482803345,0.1550000011920929,8192,4.73020982383332e-08,4.75,0.04929617792367935,28213248,53652,13776,861,5.0626364,0.006108381117519457,0.005812055504065938,-4.7495931595563885,-48.564865,0.012594501918647439,0.003215600935072871,-4.672616100311279,,,0.95,0.9,both,4.269661784810369,4.3464921066613575,5.467867384051553,0.0,-44.79873,2062.44003105365,5.0626364
173,1784854118.198105,,8.0,,8.0,,6.0,,6.0,,10.0,,10.0,,1.0,,1.0,,4.0,,4.0,,2.0,,2.0,,5.0,,5.0,,8.0,,8.0,,7.000000081956387,,5.000000052154064,,9.000000268220901,,0.5000000763684511,,3.5000000558793545,,1.5000000037252903,,4.500000210478902,,7.0,7.450580596923828e-09,0.0023453517351299524,4.638365522224852e-08,1.686488926410675,0.1188088208436966,1.003334879875183,0.0905262902379036,-0.018599577248096466,1.7735930057938276e-08,0.2771192193031311,0.11557497084140778,8192,2.9928298772574635e-07,4.75,0.012127750553190708,28377088,53856,13856,866,-6.700162,0.006376729955081828,0.005611276587296743,-4.773507902026177,-55.05258,0.014177794568240643,0.004080164116749075,-4.689676079154014,,,0.95,0.9,both,4.348740774854358,3.7662168305872243,9.896000471434265,0.0,-38.722694,2079.952474938473,-6.700162
174,1784854191.922198,,8.0,,8.0,,6.0,,6.0,,10.0,,10.0,,1.0,,1.0,,4.0,,4.0,,2.0,,2.0,,5.0,,5.0,,8.0,,8.0,,7.000000052154064,,5.000000216066837,,9.000000111758709,,0.500000074505806,,3.5000000447034836,,1.500000072643161,,4.500000024214387,,7.0,3.026798367500305e-09,0.0007602098630741239,9.053824120974774e-08,1.6869582049548626,0.41061756014823914,0.7807590961456299,0.3369136154651642,0.01615944691002369,8.047546629086355e-09,0.3539321720600128,0.13415822386741638,8192,1.8712306371071463e-07,4.75,0.01316708605736494,28540928,54056,13936,871,-0.5924057,0.00582673161115963,0.004480835681897588,-4.78614296913147,-19.229218,0.00555931993003469,0.0021278215644997545,-4.732147616147995,,,0.95,0.9,both,4.109708693517186,3.5650875086350005,5.813070238192907,0.0,-77.37026,2222.33720631926,-0.5924057
175,1784854267.1625953,,8.0,,8.0,,6.0,,6.0,,10.0,,10.0,,1.0,,1.0,,4.0,,4.0,,2.0,,2.0,,5.0,,5.0,,8.0,,8.0,,7.000000074505806,,5.000000029802322,,9.000000074505806,,0.5000000596046448,,3.500000014901161,,1.5000000651925802,,4.500000037252903,,7.0,0.0,0.00034141080686822534,2.106869487900065e-08,1.6880678832530975,0.2970918118953705,1.1471259593963623,0.2809006869792938,0.006703938823193312,6.0643330357379455e-09,0.4151230454444885,0.16473419964313507,8192,1.0661093341468586e-07,4.75,0.04146094247698784,28704768,54282,14016,876,-20.127237,0.007030542024585884,0.0036236301668395752,-4.7625555992126465,-46.05842,0.029265503853093833,0.003747457030112855,-4.694824835658073,,,0.95,0.9,both,4.244754431486429,4.354409518743008,7.637408353884886,0.0,-51.068844,2177.553142024061,-20.127237
176,1784854343.396254,,8.0,,8.0,,6.0,,6.0,,10.0,,10.0,,1.0,,1.0,,4.0,,4.0,,2.0,,2.0,,5.0,,5.0,,8.0,,8.0,,7.000000115483999,,5.000000074505806,,9.000000175088644,,0.5000000298023224,,3.500000024214387,,1.5000000018626454,,4.500000011175871,,7.0,1.57160684466362e-09,0.0009561566694173962,1.358620930602683e-05,1.6884798668324947,0.3965010643005371,1.025353193283081,0.1470789909362793,-0.002107379026710987,1.0133884842389307e-08,0.32514041662216187,0.12558932602405548,8192,1.5193137414826197e-07,4.75,0.030821647495031357,28868608,54483,14096,881,-7.4402757,0.006325528267188929,0.003654745442327112,-4.743955898284912,-35.826668,0.011347420595120639,0.0015823588764760643,-4.713516986370086,,,0.95,0.9,both,3.9497389448066813,3.9426172899547227,8.34753975755575,0.0,-28.44273,2149.181837708636,-7.4402757
177,1784854420.429194,,8.0,,8.0,,6.0,,6.0,,10.0,,10.0,,1.0,,1.0,,4.0,,4.0,,2.0,,2.0,,5.0,,5.0,,8.0,,8.0,,7.000000007450581,,5.000000067055225,,9.000000398606062,,0.5000002104789019,,3.500000007450581,,1.5000000186264515,,4.5000000316649675,,7.0,1.9208528101444244e-09,9.399035479873419e-05,3.144017677133475e-08,1.6884067505598068,0.13941366970539093,0.977143406867981,0.10175449401140213,-0.005095332395285368,9.606627493496944e-09,0.3788036108016968,0.16527009010314941,8192,2.893390842473309e-07,4.75,0.028986437246203423,29032448,54692,14176,886,1.146585,0.008301822379871737,0.0032687275393982417,-4.783473423123359,-32.109524,0.023358038906008006,0.004052776593016461,-4.720753952860832,,,0.95,0.9,both,3.3525148988305196,4.156439457709046,1.1606334536655005,0.0,-61.475586,2126.884004567591,1.146585
178,1784854498.596032,,8.0,,8.0,,6.0,,6.0,,10.0,,10.0,,1.0,,1.0,,4.0,,4.0,,2.0,,2.0,,5.0,,5.0,,8.0,,8.0,,7.000000029802322,,5.000000037252903,,9.000000104308128,,0.5000001229345798,,3.5000000577419996,,1.5000000130385163,,4.500000014901161,,7.0,1.5133991837501526e-09,0.0008113183721434325,1.343632376804571e-06,1.688015777617693,0.27072009444236755,0.9185699820518494,0.11732866615056992,-0.006827244535088539,4.301594636046957e-09,0.33908674120903015,0.1843421757221222,8192,1.2511547708982107e-07,4.75,0.07445632666349411,29196288,54942,14256,891,-0.20472488,0.007563469513843302,0.004119592362258118,-4.7814309984445575,-39.964832,0.029325083002913744,0.003978644768358209,-4.727370503544807,,,0.95,0.9,both,4.066100930577406,4.204485505579905,8.919590237378284,0.0,-32.63332,2096.029854674089,-0.20472488
179,1784854574.6088383,,8.0,,8.0,,6.0,,6.0,,10.0,,10.0,,1.0,,1.0,,4.0,,4.0,,2.0,,2.0,,5.0,,5.0,,8.0,,8.0,,7.000000011175871,,5.000000070780516,,9.000000011175871,,0.5000000577419996,,3.5000000279396777,,1.5000000186264517,,4.500000225380063,,7.0,3.958120942115784e-09,0.0010883328795898706,1.8516424601933146e-08,1.6880225017666817,0.3074045777320862,0.7644925117492676,0.17611941695213318,-0.019722681492567062,2.1248309778343355e-08,0.22586685419082642,0.1287258416414261,8192,1.5807462716566079e-07,4.75,0.04495007172226906,29360128,55182,14336,896,-0.9406412,0.005694829756976105,0.0054484489723108705,-4.801075762510299,-32.497242,0.018357089784694837,0.002392731636064127,-4.758307772874832,,,0.95,0.9,both,4.020147560492651,3.9308543463865293,6.304752041878933,0.0,-43.125134,2155.4252648973616,-0.9406412
180,1784854651.0467548,,8.0,,8.0,,6.0,,6.0,,10.0,,10.0,,1.0,,1.0,,4.0,,4.0,,2.0,,2.0,,5.0,,5.0,,8.0,,8.0,,7.000000115484,,5.000000789761543,,9.000000037252903,,0.5000000260770321,,3.50000006146729,,1.500000072643161,,4.500000020489097,,7.0,1.4551915228366852e-09,0.0018046333570964634,3.822451388468817e-06,1.6882718242704868,0.14490322768688202,1.045926570892334,0.10595090687274933,-0.015618844889104366,2.4008139476450197e-08,0.37844935059547424,0.18969108164310455,8192,4.0667336520527897e-07,4.75,0.04421894624829292,29523968,55457,14416,901,-12.471056,0.005713676601590123,0.004444256839633454,-4.804231825470924,-59.8953,0.040229641203768554,0.005013695199158974,-4.715909823775291,,,0.95,0.9,both,3.76225873928907,4.378554826253881,9.087588682896897,0.0,-68.612785,2143.43844053819,-12.471056
181,1784854729.8176403,,8.0,,8.0,,6.0,,6.0,,10.0,,10.0,,1.0,,1.0,,4.0,,4.0,,2.0,,2.0,,5.0,,5.0,,8.0,,8.0,,7.000000186264516,,5.000000171363354,,9.000000063329935,,0.5000000204890966,,3.5000000465661287,,1.5000000912696123,,4.5000001937150955,,7.0,0.0,0.0003521339313010685,2.545572882692304e-09,1.6888759769499302,0.1591101437807083,0.9571484327316284,0.09071893990039825,0.0005581039004027843,8.147519992007801e-09,0.35742804408073425,0.16968898475170135,8192,2.5198971798090497e-07,4.75,0.05777944251894951,29687808,55694,14496,906,-18.753506,0.007214125971950125,0.003531307872617617,-4.8289460003376,-72.37523,0.026775516686029732,0.003718784634838812,-4.739785316586494,,,0.95,0.9,both,4.160779522292352,4.625527637816847,4.96869293201739,0.0,-30.463419,2079.9588318664055,-18.753506
182,1784854808.7813668,,8.0,,8.0,,6.0,,6.0,,10.0,,10.0,,1.0,,1.0,,4.0,,4.0,,2.0,,2.0,,5.0,,5.0,,8.0,,8.0,,7.000000011175871,,5.000000048428774,,9.000000100582838,,0.5000000465661287,,3.500000011175871,,1.5000000074505808,,4.5000000316649675,,7.0,-9.313225746154785e-10,0.0006445845356211066,8.248964473989151e-07,1.6878353990614414,0.11975142359733582,0.9711758494377136,0.07725784182548523,-0.018038172274827957,5.441134653949575e-09,0.28347545862197876,0.15060961246490479,8192,7.076715036191672e-08,4.75,0.029253466054797173,29851648,55956,14576,911,0.24981575,0.00814963831071509,0.005812362580036279,-4.78783266544342,-47.134327,0.024007981806062163,0.0029810964850184975,-4.7522501081228254,,,0.95,0.9,both,4.029985241932865,4.340442584588672,5.274646363925983,0.0,-25.754925,2074.87445449348,0.24981575
183,1784854884.4657772,,8.0,,8.0,,6.0,,6.0,,10.0,,10.0,,1.0,,1.0,,4.0,,4.0,,2.0,,2.0,,5.0,,5.0,,8.0,,8.0,,7.000000070780516,,5.000000007450581,,9.00000000745058,,0.5000000484287739,,3.5000000055879354,,1.5000000298023224,,4.500000009313226,,7.0,0.0,0.0009869400528259575,1.0662441396469546e-07,1.687575288116932,0.17697475850582123,0.9419960975646973,0.10590198636054993,-0.005277886986732483,0.0,0.31526774168014526,0.13139569759368896,8192,5.408747583146578e-08,4.75,0.029241545125842094,30015488,56180,14656,916,1.795963,0.008816409399150871,0.004523588897427544,-4.810481938719749,-61.297752,0.017399804294109346,0.0017294179291639012,-4.786765086650848,,,0.95,0.9,both,4.279094976343714,3.9697513060543854,8.427923486126613,0.0,-70.20006,2164.777737179525,1.795963
184,1784854962.6678798,,8.0,,8.0,,6.0,,6.0,,10.0,,10.0,,1.0,,1.0,,4.0,,4.0,,2.0,,2.0,,5.0,,5.0,,8.0,,8.0,,7.00000000372529,,5.00000012293458,,9.000000175088644,,0.5000001080334187,,3.5000000037252903,,1.5000001117587092,,4.500000074505806,,7.0,2.7939677238464355e-09,0.0018726621055975556,3.324442604757394e-06,1.6865051351487637,0.11763911694288254,1.0590720176696777,0.09098431468009949,-0.03097463771700859,7.197944906778275e-09,0.45192819833755493,0.17614856362342834,8192,2.5109847001658636e-07,4.75,0.05531357228755951,30179328,56399,14736,921,7.6074347,0.0069022338750073685,0.005989675599266775,-4.818562975525856,-50.606266,0.021472497889772058,0.0038834984035929663,-4.763331770896912,,,0.95,0.9,both,4.38340295474177,4.266245567365175,10.236600044504712,0.0,-34.668407,2095.0852604051693,7.6074347
185,1784855039.0375197,,8.0,,8.0,,6.0,,6.0,,10.0,,10.0,,1.0,,1.0,,4.0,,4.0,,2.0,,2.0,,5.0,,5.0,,8.0,,8.0,,7.000000052154064,,5.000000007450581,,9.000000022351742,,0.5000000055879354,,3.5000000149011616,,1.5000000018626451,,4.500000054016709,,7.0,1.6298145055770874e-09,0.0006448911153711379,8.645038015231421e-06,1.6851404011249542,0.17032651603221893,0.8321459889411926,0.1195361390709877,-0.010613473132252693,5.089715315875765e-09,0.45907822251319885,0.1955156773328781,8192,3.725290298461914e-08,4.75,0.03549933433532715,30343168,56666,14816,926,-8.98921,0.006339262610708829,0.00250695402501151,-4.795570370554924,-46.396797,0.04035128700779751,0.002072537140338682,-4.789067041873932,,,0.95,0.9,both,3.6795137998663896,4.3152073152566475,4.804898836610184,0.0,-51.07785,2145.356689690461,-8.98921
186,1784855116.2933273,,8.0,,8.0,,6.0,,6.0,,10.0,,10.0,,1.0,,1.0,,4.0,,4.0,,2.0,,2.0,,5.0,,5.0,,8.0,,8.0,,7.000000063329936,,5.000000286847353,,9.00000000745058,,0.5000000111758709,,3.500000026077032,,1.5000001341104507,,4.5,,7.0,1.5133991837501526e-09,0.008778873656410724,4.91039401306903e-07,1.684789203107357,0.1971426159143448,1.0435481071472168,0.11118301004171371,0.0048295240849256516,4.301594636046957e-09,0.3125928044319153,0.1444895714521408,8192,2.3375842772566102e-07,4.75,0.07746072113513947,30507008,56879,14896,931,8.152275,0.006386479554930702,0.005410421232954832,-4.793905168771744,-33.18943,0.01105914927320555,0.0029085951682645828,-4.782172897458077,,,0.95,0.9,both,4.225808042140576,3.8852589201371366,14.601008415318102,0.0,-53.512653,2120.745844530643,8.152275
187,1784855194.7365403,,8.0,,8.0,,6.0,,6.0,,10.0,,10.0,,1.0,,1.0,,4.0,,4.0,,2.0,,2.0,,5.0,,5.0,,8.0,,8.0,,7.000000040978194,,5.00000000372529,,9.000000096857548,,0.5000000093132257,,3.500000048428774,,1.5000000223517418,,4.500000011175871,,7.0,1.2223608791828156e-09,0.0014695784775540233,0.00021039646503595577,1.6845042333006859,0.23346827924251556,0.99676913022995,0.2280142456293106,0.00135884340852499,3.725290298461914e-09,0.47226208448410034,0.20284505188465118,8192,9.493131614135564e-08,4.75,0.04569026827812195,30670848,57140,14976,936,-3.2152145,0.0064910964880255054,0.003922753808728885,-4.8038368940353395,-45.36076,0.03859628486679867,0.0032593939860817043,-4.777684357762337,,,0.95,0.9,both,3.912083448485268,4.503310816545467,7.8315969546116975,0.0,-36.149353,2088.6440807884724,-3.2152145
188,1784855274.6501074,,8.0,,8.0,,6.0,,6.0,,10.0,,10.0,,1.0,,1.0,,4.0,,4.0,,2.0,,2.0,,5.0,,5.0,,8.0,,8.0,,7.000000026077032,,5.000000026077032,,9.000000037252903,,0.5000000093132257,,3.5000000130385165,,1.5000001043081286,,4.5000000055879354,,7.0,9.604264050722122e-10,0.004213099193293601,8.382273581353239e-07,1.6853765435516834,0.11743275076150894,0.954644501209259,0.08131616562604904,-0.006949722301214933,5.0669424211946534e-09,0.37249863147735596,0.16402435302734375,8192,6.211813285972312e-08,4.75,0.023282134905457497,30834688,57376,15056,941,1.6001568,0.006569434501579962,0.0038263334790826775,-4.829571750760079,-55.841576,0.019747960736276583,0.00467978944798233,-4.790102007985115,,,0.95,0.9,both,3.96167690049185,4.3606798632460055,11.22267270553483,0.0,-29.876928,2050.2163660030637,1.6001568
189,1784855354.3371348,,8.0,,8.0,,6.0,,6.0,,10.0,,10.0,,1.0,,1.0,,4.0,,4.0,,2.0,,2.0,,5.0,,5.0,,8.0,,8.0,,7.000000029802322,,5.000000007450581,,9.00000000745058,,0.5000000055879354,,3.5000000037252907,,1.5000000353902578,,4.50000000372529,,7.0,0.0,0.0014408703427761793,3.872558985706931e-07,1.685517955571413,0.3712761700153351,0.8933138847351074,0.22334341704845428,0.004707359243184328,1.862645149230957e-09,0.19815367460250854,0.10555621981620789,8192,3.3527612686157227e-08,4.75,0.014793487265706062,30998528,57613,15136,946,-8.225094,0.006808189574803692,0.0035103992820950227,-4.837235522270203,-43.82178,0.007831046958744991,0.002478232464636676,-4.803406092524528,,,0.95,0.9,both,4.159448866851308,3.728049749008368,8.098172901267112,0.0,-34.268066,2056.0424198986334,-8.225094
190,1784855432.6187208,,8.0,,8.0,,6.0,,6.0,,10.0,,10.0,,1.0,,1.0,,4.0,,4.0,,2.0,,2.0,,5.0,,5.0,,8.0,,8.0,,7.000000834465028,,5.000000137835741,,9.000000070780516,,0.5000000074505806,,3.500000005587936,,1.5000000037252903,,4.500000020489097,,7.0,0.0,0.000678336014971137,7.29723956538475e-08,1.6851198375225067,0.24863547086715698,0.9588354229927063,0.25969240069389343,0.015837932005524635,4.301594636046957e-09,0.42950868606567383,0.17750537395477295,8192,5.103647708892822e-07,4.75,0.05418271943926811,31162368,57865,15216,951,2.3842168,0.007770882900513243,0.0036471054059802554,-4.8248468965291975,-64.05294,0.04438957046950236,0.0044726368112606,-4.7829468041658405,,,0.95,0.9,both,3.9494819246248527,4.516847916369442,8.555153788535849,0.0,-27.144445,2092.9592299485284,2.3842168
191,1784855510.2304323,,8.0,,8.0,,6.0,,6.0,,10.0,,10.0,,1.0,,1.0,,4.0,,4.0,,2.0,,2.0,,5.0,,5.0,,8.0,,8.0,,7.000000011175871,,5.000000316649675,,9.000000327825546,,0.5000000242143869,,3.500000007450581,,1.5000001266598701,,4.500000044703484,,7.0,4.3655745685100555e-10,0.0013149632723070681,1.0122972176063172e-06,1.6860374175012112,0.15620237588882446,1.0005358457565308,0.10425689071416855,0.004778086673468351,1.862645149230957e-09,0.2829808294773102,0.14898918569087982,8192,3.2585947451480024e-07,4.75,0.0334828682243824,31326208,58125,15296,956,9.838951,0.005984786634508054,0.004782613040151773,-4.850907951593399,-31.670227,0.024716418649768458,0.003735661345126573,-4.7912564218044285,,,0.95,0.9,both,4.209803843174586,4.370343108624008,9.022840666124257,0.0,-43.017303,2111.020220596882,9.838951
192,1784855586.2538419,,8.0,,8.0,,6.0,,6.0,,10.0,,10.0,,1.0,,1.0,,4.0,,4.0,,2.0,,2.0,,5.0,,5.0,,8.0,,8.0,,7.000000063329936,,5.000000011175871,,9.000000033527613,,0.5000000223517418,,3.500000011175871,,1.5000000018626454,,4.500000001862645,,7.0,6.05359673500061e-09,0.002206232602475211,3.960857469786916e-08,1.6864459291100502,0.34260034561157227,0.8998423218727112,0.18562331795692444,-0.02089264988899231,1.1380949516137662e-08,0.208918035030365,0.1243048831820488,8192,2.7809441860426887e-08,4.75,0.014353146776556969,31490048,58334,15376,961,6.6143637,0.00607089512195671,0.003586813620859175,-4.862529838085175,-31.064917,0.0064749468743684705,0.003556394833140075,-4.771067661046982,,,0.95,0.9,both,3.7635747173652034,3.940045400439763,9.877675587682228,0.0,-47.306953,2155.1248743755914,6.6143637
193,1784855661.5062804,,8.0,,8.0,,6.0,,6.0,,10.0,,10.0,,1.0,,1.0,,4.0,,4.0,,2.0,,2.0,,5.0,,5.0,,8.0,,8.0,,7.000000167638063,,5.000000085681677,,9.000000033527613,,0.5000000335276127,,3.5000000204890966,,1.5000000391155484,,4.500000001862645,,7.0,0.0,0.00140118517447263,3.4146045687147297e-09,1.684872169047594,0.20321150124073029,0.9392213821411133,0.1248050406575203,0.011924691498279572,0.0,0.37050750851631165,0.16304165124893188,8192,1.420513058292272e-07,4.75,0.01353962067514658,31653888,58542,15456,966,-5.1898527,0.00616221394011518,0.00461211159999948,-4.882223001122474,-30.808994,0.018250496190739797,0.0032379964730353096,-4.811019453406334,,,0.95,0.9,both,4.18627550391666,3.999004796398085,9.207822485652091,0.0,-82.69461,2177.2039169072127,-5.1898527
194,1784855736.894913,,8.0,,8.0,,6.0,,6.0,,10.0,,10.0,,1.0,,1.0,,4.0,,4.0,,2.0,,2.0,,5.0,,5.0,,8.0,,8.0,,7.0000000186264515,,5.000000137835741,,9.000000011175871,,0.5000000577419996,,3.5000000000000004,,1.500000083819032,,4.50000000372529,,7.0,2.7939677238464355e-09,0.001488401903770864,3.721959453750756e-06,1.68442327901721,0.24196869134902954,0.9193203449249268,0.2913280725479126,-0.00796184316277504,7.197944906778275e-09,0.48940515518188477,0.20611578226089478,8192,9.15555276037594e-08,4.75,0.037979111075401306,31817728,58785,15536,971,8.8937,0.006260295663378201,0.006621667542640352,-4.917230030894279,-38.357185,0.02951596244238317,0.002726687063113786,-4.840168461203575,,,0.95,0.9,both,4.182683807409299,4.190443347307477,9.833541538198073,0.0,-48.011753,2173.2732901618624,8.8937
195,1784855816.376529,,8.0,,8.0,,6.0,,6.0,,10.0,,10.0,,1.0,,1.0,,4.0,,4.0,,2.0,,2.0,,5.0,,5.0,,8.0,,8.0,,7.000000014901161,,5.000000081956387,,9.00000012665987,,0.5,,3.5000000968575478,,1.5000000186264517,,4.5000000055879354,,7.0,3.026798367500305e-09,0.0010546253179199994,8.634548256658547e-05,1.6840186342597008,0.483424574136734,1.0609618425369263,0.4841555953025818,-0.011926878243684769,8.603189272093914e-09,0.1965404450893402,0.13722802698612213,8192,1.3712269719690084e-07,4.75,0.02322835475206375,31981568,58994,15616,976,7.751338,0.006579042435623706,0.005950758735707495,-4.9303875923156735,-25.768524,0.011147346218058374,0.003373975290742237,-4.878877654671669,,,0.95,0.9,both,4.152845505160639,3.5049673538194477,8.600094919856963,0.0,-34.158913,2061.357819856012,7.751338
196,1784855895.6193776,,8.0,,8.0,,6.0,,6.0,,10.0,,10.0,,1.0,,1.0,,4.0,,4.0,,2.0,,2.0,,5.0,,5.0,,8.0,,8.0,,7.000000029802322,,5.000000022351742,,9.00000000745058,,0.5000000111758709,,3.5000000055879354,,1.5000000018626454,,4.5000000055879354,,7.0,0.0,0.0007736352272331715,0.00045031375998405565,1.6835254281759262,0.2633340358734131,0.8542740345001221,0.18394963443279266,-0.01936197280883789,1.9237316184472775e-09,0.2809825539588928,0.14751526713371277,8192,1.8953574709712484e-08,4.75,0.022292856127023697,32145408,59203,15696,981,-15.238035,0.0066495311635662805,0.002762699312734185,-4.968755835294724,-34.298744,0.007905657893570606,0.001281291967461584,-4.897452720999718,,,0.95,0.9,both,4.22974996022811,3.6258368323065326,7.4916648754422175,0.0,-13.675276,2067.5692741373537,-15.238035
197,1784855974.6230981,,8.0,,8.0,,6.0,,6.0,,10.0,,10.0,,1.0,,1.0,,4.0,,4.0,,2.0,,2.0,,5.0,,5.0,,8.0,,8.0,,7.0000000186264515,,5.000000007450581,,9.0,,0.5,,3.5000000037252907,,1.5000000111758711,,4.500000007450581,,7.0,0.0,0.0006999470642767847,9.206261319082143e-08,1.6842004880309105,0.20805944502353668,0.733745276927948,0.3125923275947571,-0.007695481181144714,0.0,0.4587937593460083,0.17736878991127014,8192,3.725290298461914e-09,4.75,0.044465161859989166,32309248,59428,15776,986,-21.140636,0.006432157613744494,0.0033674632461043073,-4.942427039146423,-46.906048,0.01915822456940077,0.003702779950981494,-4.8937483608722685,,,0.95,0.9,both,4.143846585287478,4.554689347168551,6.431931446849287,0.0,-40.72573,2073.8247424375977,-21.140636
198,1784856053.6453328,,8.0,,8.0,,6.0,,6.0,,10.0,,10.0,,1.0,,1.0,,4.0,,4.0,,2.0,,2.0,,5.0,,5.0,,8.0,,8.0,,7.0000000186264515,,5.00000000372529,,9.000000059604645,,0.5000000242143869,,3.500000009313226,,1.5000000111758711,,4.500000001862645,,7.0,9.313225746154785e-10,0.0005405814736150205,2.701322707743259e-07,1.6841347329318523,0.22633790969848633,0.8024471402168274,0.15895602107048035,0.005454204976558685,4.712160883713068e-09,0.26092028617858887,0.1379917711019516,8192,5.21540641784668e-08,4.75,0.017094124108552933,32473088,59649,15856,991,-27.633312,0.0064440968024428,0.0034060200545354747,-4.938629218935967,-23.55979,0.01807709037675522,0.00406329738907516,-4.89085239470005,,,0.95,0.9,both,4.339541627872768,3.9576241879084875,8.198750596936527,0.0,-19.2345,2073.340929926525,-27.633312
199,1784856129.411453,,8.0,,8.0,,6.0,,6.0,,10.0,,10.0,,1.0,,1.0,,4.0,,4.0,,2.0,,2.0,,5.0,,5.0,,8.0,,8.0,,7.000000014901161,,5.0,,9.00000000372529,,0.5000000074505806,,3.5000004470348363,,1.5000000018626454,,4.50000000372529,,7.0,0.0,0.001312901673372835,1.041979554372574e-05,1.6832429133355618,0.14271456003189087,0.8186948895454407,0.09602395445108414,-0.01126509066671133,2.5448576579378823e-09,0.17818449437618256,0.1179686039686203,8192,1.91227456980414e-07,4.75,0.05713434889912605,32636928,59900,15936,996,-31.064331,0.006358448584796861,0.003853685005742591,-4.9608881145715715,-59.147606,0.020512983304797672,0.003001977015810553,-4.871098518371582,,,0.95,0.9,both,4.290490344386774,4.124800037315242,7.943117292634712,0.0,-79.32849,2162.442291698591,-31.064331
200,1784856206.47122,,8.0,,8.0,,6.0,,6.0,,10.0,,10.0,,1.0,,1.0,,4.0,,4.0,,2.0,,2.0,,5.0,,5.0,,8.0,,8.0,,7.000000000000001,,5.000000022351742,,9.00000000745058,,0.5000000055879354,,3.5000000037252903,,1.5000000074505806,,4.5000000055879354,,7.0,0.0,0.0011253103148192167,2.0300467074019224e-07,1.6837077252566814,0.15731264650821686,0.8019105195999146,0.11823416501283646,-0.00010718964040279388,7.450580596923828e-09,0.3040180206298828,0.16745957732200623,8192,1.4901161193847656e-08,4.75,0.07006817311048508,32800768,60151,16016,1001,9.043108,0.006367724980373168,0.005490798140817788,-4.937877866625786,-48.636993,0.032513665489386764,0.0038048407033784313,-4.887600812315941,,,0.95,0.9,both,4.193623623323921,4.570399632783131,8.782011911362535,0.0,-49.527084,2126.143347978402,9.043108
201,1784856283.5412903,,8.0,,8.0,,6.0,,6.0,,10.0,,10.0,,1.0,,1.0,,4.0,,4.0,,2.0,,2.0,,5.0,,5.0,,8.0,,8.0,,7.000000022351742,,5.000000033527613,,9.000000201165676,,0.5000000465661287,,3.5000000000000004,,1.5000000111758711,,4.500000011175871,,7.0,9.313225746154785e-10,0.0022340158466249704,3.5532163566998065e-07,1.684801984578371,0.25723063945770264,0.8922924399375916,0.1658584326505661,-0.0017028450965881348,5.441134653949575e-09,0.22785142064094543,0.13697876036167145,8192,1.0255148907845069e-07,4.75,0.02470003440976143,32964608,60409,16096,1006,-7.5259576,0.006326336246274877,0.003842986391100567,-4.948406219482422,-45.809975,0.009874284255784006,0.002396439181029564,-4.883428394794464,,,0.95,0.9,both,4.235699965916582,4.0770900234665195,9.044270853742411,0.0,-52.29978,2125.8582272923168,-7.5259576
202,1784856361.4056304,,8.0,,8.0,,6.0,,6.0,,10.0,,10.0,,1.0,,1.0,,4.0,,4.0,,2.0,,2.0,,5.0,,5.0,,8.0,,8.0,,7.000000029802322,,5.00000000372529,,9.000000070780516,,0.5000000018626451,,3.5000000037252903,,1.5000000055879357,,4.500000007450581,,7.0,-1.862645149230957e-09,0.0019616252393461764,2.757479152688813e-07,1.6838093809783459,0.12278760224580765,1.099389910697937,0.10756494849920273,-0.04491240158677101,7.69492647378911e-09,0.33992356061935425,0.16667523980140686,8192,2.9802322387695312e-08,4.75,0.039367832243442535,33128448,60661,16176,1011,-16.846718,0.007201311354583595,0.004529735991673079,-4.9532427221536635,-68.27071,0.02806209505070001,0.003335745983349625,-4.927530455589294,,,0.95,0.9,both,4.28215309596785,4.551692057074684,10.598667001127295,0.0,-11.43144,2104.1705673815054,-16.846718
203,1784856437.5397692,,8.0,,8.0,,6.0,,6.0,,10.0,,10.0,,1.0,,1.0,,4.0,,4.0,,2.0,,2.0,,5.0,,5.0,,8.0,,8.0,,7.000000044703484,,5.000000029802322,,9.000000037252903,,0.5000000055879354,,3.5000000167638063,,1.5000000055879357,,4.500000013038516,,7.0,0.0,0.0038510162848979235,7.651822230003713e-08,1.6840160451829433,0.19484686851501465,0.9494497776031494,0.2693682909011841,0.004822831135243177,7.679882507716229e-09,0.3154529929161072,0.1618613451719284,8192,6.891787052154541e-08,4.75,0.11198345571756363,33292288,60903,16256,1016,-8.588494,0.006545831922267098,0.0029928234725957736,-4.906063404679299,-37.45095,0.029050313157495112,0.0024294420691148844,-4.894756790995598,,,0.95,0.9,both,3.931121708832061,4.483827736217848,10.754767238209809,0.0,-49.619698,2151.9913034383626,-8.588494
204,1784856516.106054,,8.0,,8.0,,6.0,,6.0,,10.0,,10.0,,1.0,,1.0,,4.0,,4.0,,2.0,,2.0,,5.0,,5.0,,8.0,,8.0,,7.000000014901162,,5.000000134110451,,9.000000022351742,,0.5000000391155481,,3.5000000186264515,,1.5000000037252903,,4.500000024214387,,7.0,0.0,0.002485790799255483,1.0158422027561897e-05,1.6838213242590427,0.17594729363918304,0.8983948230743408,0.113840252161026,0.00032837316393852234,8.161702425013573e-09,0.3092348873615265,0.1434776782989502,8192,1.0204891509602021e-07,4.75,0.04386503994464874,33456128,61127,16336,1021,0.91573524,0.005786018622166012,0.0028187618423544335,-4.93495814204216,-69.10118,0.027533188549568877,0.0018653989565791563,-4.8927109956741335,,,0.95,0.9,both,3.8387822200318737,4.123650646593563,10.89919876863992,0.0,-39.51658,2085.3728128667412,0.91573524
205,1784856594.9629338,,8.0,,8.0,,6.0,,6.0,,10.0,,10.0,,1.0,,1.0,,4.0,,4.0,,2.0,,2.0,,5.0,,5.0,,8.0,,8.0,,7.000000003725291,,5.000000026077032,,9.0,,0.5000000037252903,,3.5000000055879354,,1.500000035390258,,4.5000000186264515,,7.0,8.731149137020111e-10,0.0017561143031343818,1.4964958945651308e-08,1.68349489569664,0.2715727686882019,0.8848177194595337,0.2082962542772293,0.00950936134904623,3.725290298461914e-09,0.2976423501968384,0.1499979943037033,8192,1.5116908613777014e-08,4.75,0.02252976782619953,33619968,61348,16416,1026,5.229269,0.005402913402940612,0.004426489813340595,-4.956258800625801,-45.732903,0.012749909158446825,0.003354202436457854,-4.870639133453369,,,0.95,0.9,both,4.388025477264462,3.964663079680217,6.7003714190283254,0.0,-31.626911,2077.6893878042383,5.229269
206,1784856673.9149966,,8.0,,8.0,,6.0,,6.0,,10.0,,10.0,,1.0,,1.0,,4.0,,4.0,,2.0,,2.0,,5.0,,5.0,,8.0,,8.0,,7.000000014901161,,5.000000026077032,,9.00000000372529,,0.5000000149011612,,3.500000022351742,,1.5000000502914193,,4.500000014901161,,7.0,0.0,0.0006813088548369706,2.826238536535186e-07,1.6843816004693508,0.15067726373672485,1.075910210609436,0.10455165803432465,0.01615624874830246,0.0,0.3146634101867676,0.16657640039920807,8192,3.495404143905034e-08,4.75,0.03960559517145157,33783808,61595,16496,1031,-4.3011436,0.006014230652363039,0.0021156955845071934,-4.927572199702263,-32.345306,0.01843315419391729,0.0030403178388951346,-4.819157153367996,,,0.95,0.9,both,3.896934469148346,4.188326030188896,5.971230025766345,0.0,-22.542799,2075.18225617282,-4.3011436
207,1784856752.599095,,8.0,,8.0,,6.0,,6.0,,10.0,,10.0,,1.0,,1.0,,4.0,,4.0,,2.0,,2.0,,5.0,,5.0,,8.0,,8.0,,7.000000007450581,,5.000000007450581,,9.000000033527613,,0.5000000093132257,,3.500000001862645,,1.5000000055879357,,4.500000037252903,,7.0,4.656612873077393e-10,0.000882477848790586,2.524474155052303e-06,1.6846016347408295,0.27581357955932617,0.9330970048904419,0.1473454236984253,0.011591166257858276,1.9237316184472775e-09,0.302614688873291,0.16959336400032043,8192,4.842877388000488e-08,4.75,0.029163770377635956,33947648,61827,16576,1036,4.437377,0.0065202506273635665,0.0048563411182840355,-4.89685332775116,-37.610077,0.019860738277202472,0.0024288476182846353,-4.84199478328228,,,0.95,0.9,both,3.980544404649284,3.9239461746240507,6.225567049124441,0.0,-31.673193,2082.2506934259327,4.437377
208,1784856829.4627488,,8.0,,8.0,,6.0,,6.0,,10.0,,10.0,,1.0,,1.0,,4.0,,4.0,,2.0,,2.0,,5.0,,5.0,,8.0,,8.0,,7.000000000000001,,5.0,,9.000000014901161,,0.500000087544322,,3.5000000037252907,,1.5000000093132257,,4.500000013038516,,7.0,0.0,0.0015510161174461246,0.00011969146657975216,1.6848210468888283,0.1798633337020874,0.9359581470489502,0.129342183470726,0.0076543837785720825,0.0,0.2678932547569275,0.1496618539094925,8192,4.842877388000488e-08,4.75,0.016031071543693542,34111488,62070,16656,1041,6.1516724,0.0058408813289133835,0.0045966685938765295,-4.9018515855073925,-49.578712,0.01207513591798488,0.0017512984573841094,-4.828458061814308,,,0.95,0.9,both,3.945771833035951,3.9789023447705203,10.19408308314554,0.0,-45.96506,2131.5664070806906,6.1516724
209,1784856905.8526413,,8.0,,8.0,,6.0,,6.0,,10.0,,10.0,,1.0,,1.0,,4.0,,4.0,,2.0,,2.0,,5.0,,5.0,,8.0,,8.0,,7.000000000000001,,5.000000007450581,,9.000000115484,,0.5000000018626451,,3.500000007450581,,1.5000000186264515,,4.5000000055879354,,7.0,0.0,0.0038535341736860573,3.7834541344317074e-07,1.6837278604507446,0.18518422544002533,0.9426208734512329,0.16601787507534027,0.0005383500829339027,3.725290298461914e-09,0.36151421070098877,0.17191827297210693,8192,7.450580596923828e-08,4.75,0.04691290855407715,34275328,62305,16736,1046,-1.8880723,0.009072064541396686,0.0033940888879442355,-4.8698831558227536,-51.253674,0.025191384204663336,0.0034960445256729143,-4.838747057318687,,,0.95,0.9,both,3.4011875367901765,4.471584299948985,10.945096001971233,0.0,-64.32695,2144.7879074099565,-1.8880723
210,1784856984.5309432,,8.0,,8.0,,6.0,,6.0,,10.0,,10.0,,1.0,,1.0,,4.0,,4.0,,2.0,,2.0,,5.0,,5.0,,8.0,,8.0,,7.000000063329936,,5.000000007450581,,9.000000018626451,,0.5000000037252903,,3.500000005587936,,1.5000000037252905,,4.500000011175871,,7.0,2.1827872842550278e-09,0.0012515599373728037,6.579866324019079e-07,1.683907013386488,0.1554512232542038,0.8495277762413025,0.09661553800106049,-0.0054370635189116,9.313225746154785e-09,0.2608623504638672,0.13202154636383057,8192,2.9802322387695312e-08,4.75,0.021146675571799278,34439168,62518,16816,1051,1.0669799,0.005891503462044057,0.005226192653208272,-4.851882040500641,-20.808659,0.013775268074823543,0.002638479828601703,-4.823602509498596,,,0.95,0.9,both,4.225844575197553,4.2276531392973125,5.937549124109841,0.0,-18.36743,2082.4023163524207,1.0669799
211,1784857061.3531811,,8.0,,8.0,,6.0,,6.0,,10.0,,10.0,,1.0,,1.0,,4.0,,4.0,,2.0,,2.0,,5.0,,5.0,,8.0,,8.0,,7.0000000186264515,,5.000000029802322,,9.0,,0.5000000074505806,,3.5000000000000004,,1.5000000819563868,,4.50000000372529,,7.0,-1.280568540096283e-09,0.0009711814345791936,1.1995310423770777e-08,1.6833171732723713,0.3738032877445221,0.9803915023803711,0.25223928689956665,-0.020118823274970055,3.33200089741581e-09,0.28808557987213135,0.15335245430469513,8192,5.46989227245831e-08,4.75,0.0163088571280241,34603008,62732,16896,1056,-3.3163419,0.0056486827015760355,0.0026930221152724697,-4.86736024916172,-16.851658,0.008566435558896046,0.0022745728711015545,-4.782926493883133,,,0.95,0.9,both,3.8102074585188546,3.6846229693052424,8.847073049209774,0.0,-53.131817,2132.715637930259,-3.3163419
212,1784857142.0736377,,8.0,,8.0,,6.0,,6.0,,10.0,,10.0,,1.0,,1.0,,4.0,,4.0,,2.0,,2.0,,5.0,,5.0,,8.0,,8.0,,7.000000029802322,,5.000000044703484,,9.00000000745058,,0.5,,3.5000000149011616,,1.5000000018626454,,4.50000000372529,,7.0,-4.656612873077393e-10,0.0009241529041901231,3.4713251769596942e-09,1.682243824005127,0.23078081011772156,0.9769198894500732,0.1391185075044632,-0.017598962411284447,4.080851212506786e-09,0.3230333924293518,0.16433344781398773,8192,3.725290298461914e-08,4.75,0.04551719129085541,34766848,62966,16976,1061,-11.718537,0.006949383488972671,0.004339810915553244,-4.908724254369735,-46.380814,0.012799822783563286,0.0028997518551477698,-4.807730969786644,,,0.95,0.9,both,4.014449244810088,3.9605165556892006,7.0817520853313,0.0,-7.9260406,2029.7210867712417,-11.718537
213,1784857218.2998087,,8.0,,8.0,,6.0,,6.0,,10.0,,10.0,,1.0,,1.0,,4.0,,4.0,,2.0,,2.0,,5.0,,5.0,,8.0,,8.0,,7.000000000000001,,5.00000000372529,,9.000000044703484,,0.5000000055879354,,3.5000000167638063,,1.5000000000000002,,4.50000000372529,,7.0,0.0,0.0004032686701975763,1.1961841074950574e-08,1.6812102049589157,0.16783517599105835,0.8785528540611267,0.0887274369597435,0.01967688649892807,0.0,0.3201355040073395,0.1513562649488449,8192,1.1175870895385742e-08,4.75,0.02663278579711914,34930688,63175,17056,1066,1.242804,0.007046282936062198,0.0028614766590180805,-4.902481186389923,-32.499897,0.01515942768601235,0.004227213787089568,-4.869733765721321,,,0.95,0.9,both,4.074289503457599,4.342365669465697,6.201652227827538,0.0,-46.70992,2149.392907456878,1.242804
214,1784857295.7797768,,8.0,,8.0,,6.0,,6.0,,10.0,,10.0,,1.0,,1.0,,4.0,,4.0,,2.0,,2.0,,5.0,,5.0,,8.0,,8.0,,7.000000000000001,,5.000000014901161,,9.0,,0.5000000074505806,,3.500000005587936,,1.5000000018626451,,4.5000000186264515,,7.0,0.0,0.007061120995786041,4.904908204594882e-08,1.6828424893319607,0.15948939323425293,1.0980346202850342,0.10921324789524078,0.009160945191979408,7.450580596923828e-09,0.3130418658256531,0.17389151453971863,8192,1.6763806343078613e-08,4.75,0.03555836156010628,35094528,63431,17136,1071,5.966541,0.0063690024690004066,0.005157523117668461,-4.900722044706344,-54.31006,0.031651540542952716,0.003984884315286763,-4.860280382633209,,,0.95,0.9,both,4.118753787390321,4.375253742378156,17.360509222200044,0.0,-31.582027,2114.6110555012365,5.966541
215,1784857373.7865639,,8.0,,8.0,,6.0,,6.0,,10.0,,10.0,,1.0,,1.0,,4.0,,4.0,,2.0,,2.0,,5.0,,5.0,,8.0,,8.0,,7.000000011175871,,5.000000059604645,,9.00000000372529,,0.5000000018626451,,3.5000000037252903,,1.5000000000000002,,4.5,,7.0,0.0,0.000938405682973098,9.294503211521032e-08,1.6820292584598064,0.14731913805007935,1.0097417831420898,0.10955023020505905,0.004166446626186371,0.0,0.24844735860824585,0.15329277515411377,8192,2.9802322387695312e-08,4.75,0.05134535953402519,35258368,63705,17216,1076,5.0493326,0.007604156232264359,0.0031959686282789336,-4.949831402301788,-59.056793,0.029643690073862673,0.003416254739568103,-4.884549617767334,,,0.95,0.9,both,4.031012732196892,4.4112194736718,7.0292745587254775,0.0,-21.000145,2100.330315298908,5.0493326
216,1784857449.5769472,,8.0,,8.0,,6.0,,6.0,,10.0,,10.0,,1.0,,1.0,,4.0,,4.0,,2.0,,2.0,,5.0,,5.0,,8.0,,8.0,,7.000000011175871,,5.000000011175871,,9.0,,0.5,,3.500000001862645,,1.5000000316649678,,4.5000000055879354,,7.0,0.0,0.0009442748851142824,3.371292811582549e-08,1.681168831884861,0.10522520542144775,0.9682385921478271,0.06879079341888428,0.010211348533630371,0.0,0.3248554468154907,0.17090706527233124,8192,1.1819604850415999e-08,4.75,0.06963510811328888,35422208,63950,17296,1081,5.7807264,0.005958282528445125,0.0032493155216798187,-4.970897528529167,-65.58437,0.017057134333299473,0.003944168859743513,-4.914139398932457,,,0.95,0.9,both,3.9101846231389223,4.2816638708177654,9.481809941289853,0.0,-54.842796,2161.7517263410064,5.7807264
217,1784857527.7522004,,8.0,,8.0,,6.0,,6.0,,10.0,,10.0,,1.0,,1.0,,4.0,,4.0,,2.0,,2.0,,5.0,,5.0,,8.0,,8.0,,7.0000000074505815,,5.000000007450581,,9.0,,0.5000000055879354,,3.500000013038516,,1.5000000018626454,,4.500000001862645,,7.0,0.0,0.001205580192618072,8.32585616422632e-09,1.6808687448501587,0.10795716941356659,0.9133123755455017,0.08356446027755737,0.0011969804763793945,0.0,0.33091264963150024,0.1634177565574646,8192,9.313225746154785e-09,4.75,0.057438742369413376,35586048,64205,17376,1086,8.705761,0.006712857210368383,0.003860756492213113,-4.954098135232925,-51.84608,0.02365677150664851,0.003790331234631594,-4.888863024115563,,,0.95,0.9,both,3.9602222411231125,4.601092953041425,6.4835246571131755,0.0,-28.001019,2095.8038879712026,8.705761
218,1784857604.220049,,8.0,,8.0,,6.0,,6.0,,10.0,,10.0,,1.0,,1.0,,4.0,,4.0,,2.0,,2.0,,5.0,,5.0,,8.0,,8.0,,7.000000000000001,,5.000000007450581,,9.000000011175871,,0.5000000093132257,,3.5000000000000004,,1.5000000000000002,,4.5,,7.0,0.0,0.0021280954824760556,3.442491865388031e-07,1.6798333749175072,0.1640789657831192,1.0056713819503784,0.1389196813106537,0.012739434838294983,0.0,0.20536865293979645,0.12892577052116394,8192,3.725290298461914e-09,4.75,0.029612164944410324,35749888,64451,17456,1091,4.5389147,0.006268377425294602,0.00505070668150438,-4.974177920818329,-69.36314,0.018392362014856188,0.003143016919057118,-4.900235408544541,,,0.95,0.9,both,4.32544670093033,4.000593541350415,11.171825082177616,0.0,-35.707233,2142.5998541243816,4.5389147
219,1784857682.4509556,,8.0,,8.0,,6.0,,6.0,,10.0,,10.0,,1.0,,1.0,,4.0,,4.0,,2.0,,2.0,,5.0,,5.0,,8.0,,8.0,,7.00000000372529,,5.000000007450581,,9.0,,0.5000000093132257,,3.5000000260770325,,1.5000000018626454,,4.5,,7.0,0.0,0.007676535635255277,1.0499391406293412e-07,1.6807550974190235,0.24385826289653778,0.9376059174537659,0.2143145501613617,-0.004228636622428894,0.0,0.2540658116340637,0.15244518220424652,8192,1.7446019739963958e-08,4.75,0.03684837743639946,35913728,64695,17536,1096,-12.302255,0.006244938516465482,0.003496392510714941,-4.996096539497375,-11.356413,0.013185666498611682,0.0035118400905048476,-4.91458090543747,,,0.95,0.9,both,4.438902731332744,4.301131194599029,18.19603788050348,0.0,-20.843277,2094.3139782262097,-12.302255
220,1784857757.4900541,,8.0,,8.0,,6.0,,6.0,,10.0,,10.0,,1.0,,1.0,,4.0,,4.0,,2.0,,2.0,,5.0,,5.0,,8.0,,8.0,,7.000000026077032,,5.000000014901161,,9.0,,0.5000000018626451,,3.500000001862645,,1.5000000000000002,,4.500000067055225,,7.0,0.0,0.0016285930760204792,4.6621498897558844e-08,1.6797335259616375,0.14583294093608856,1.0199687480926514,0.1276361048221588,-0.0007430464029312134,0.0,0.26959332823753357,0.1513471156358719,8192,4.470348358154297e-08,4.75,0.02695806883275509,36077568,64935,17616,1101,6.101686,0.005867194276652299,0.004068538872525096,-5.0173038870096205,-45.560028,0.02279754639021121,0.0018198244608356618,-4.939238673448562,,,0.95,0.9,both,4.130071169123973,4.165179247787579,8.024502360199492,0.0,-44.972157,2183.3964488460483,6.101686
221,1784857834.5433657,,8.0,,8.0,,6.0,,6.0,,10.0,,10.0,,1.0,,1.0,,4.0,,4.0,,2.0,,2.0,,5.0,,5.0,,8.0,,8.0,,7.000000003725291,,5.0,,9.0,,0.5,,3.500000001862645,,1.5000000000000002,,4.500000057742,,7.0,0.0,0.0009792400524020195,3.8798890999308666e-08,1.6805427968502045,0.14313291013240814,0.9719125628471375,0.1044427901506424,0.0012858062982559204,0.0,0.3123340606689453,0.16709843277931213,8192,2.9802322387695312e-08,4.75,0.017504293471574783,36241408,65161,17696,1106,6.2329645,0.0061046060582157224,0.006277336776838638,-5.011143887043,-36.147297,0.01924924003542401,0.002368491503148107,-4.946883350610733,,,0.95,0.9,both,4.008216325998899,4.254208342595379,6.505009393008658,0.0,-22.902767,2126.317819402805,6.2329645
222,1784857912.369185,,8.0,,8.0,,6.0,,6.0,,10.0,,10.0,,1.0,,1.0,,4.0,,4.0,,2.0,,2.0,,5.0,,5.0,,8.0,,8.0,,7.000000000000001,,5.000000007450581,,9.0,,0.5000000055879354,,3.5000000000000004,,1.5000000000000002,,4.5,,7.0,0.0,0.001632611092645675,4.326919678665497e-06,1.6797675378620625,0.11413908004760742,0.9093297719955444,0.13429144024848938,0.003434024751186371,0.0,0.4680019021034241,0.19246597588062286,8192,1.862645149230957e-09,4.75,0.06622486561536789,36405248,65384,17776,1111,-12.282642,0.0067340324065298775,0.005059037861065008,-5.008142897486687,-37.571537,0.014807584253139794,0.0021806036136695186,-4.9170279741287235,,,0.95,0.9,both,4.163160771638202,4.3188343275722065,9.213016265988617,0.0,-30.066671,2105.2137097184345,-12.282642
223,1784857989.7304156,,8.0,,8.0,,6.0,,6.0,,10.0,,10.0,,1.0,,1.0,,4.0,,4.0,,2.0,,2.0,,5.0,,5.0,,8.0,,8.0,,7.000000018626452,,5.0,,9.0,,0.5000000018626451,,3.5000000000000004,,1.5000000000000002,,4.500000026077032,,7.0,0.0,0.0012503627222031355,5.870465822965798e-05,1.6795415915548801,0.14901535212993622,0.8857186436653137,0.11323117464780807,0.014224201440811157,0.0,0.31754565238952637,0.16264879703521729,8192,1.4901161193847656e-08,4.75,0.03873034939169884,36569088,65619,17856,1116,-2.3093467,0.005683167953975499,0.0033565699923201464,-5.009853854775429,-67.14528,0.029434546316042542,0.003102300883620046,-4.9316764861345295,,,0.95,0.9,both,3.833907332686747,4.063980575986451,8.132358533045043,0.0,-21.115513,2117.8572423768937,-2.3093467
224,1784858064.5787163,,8.0,,8.0,,6.0,,6.0,,10.0,,10.0,,1.0,,1.0,,4.0,,4.0,,2.0,,2.0,,5.0,,5.0,,8.0,,8.0,,7.000000000000001,,5.0,,9.00000000372529,,0.5000000037252903,,3.5000000000000004,,1.500000011175871,,4.500000001862645,,7.0,0.0,0.0023402843507938087,1.3803368192899512e-07,1.6789785139262676,0.16113141179084778,0.9163678884506226,0.17711330950260162,-0.007675372064113617,0.0,0.3622012138366699,0.156545490026474,8192,1.862645149230957e-09,4.75,0.05664200708270073,36732928,65836,17936,1121,4.040869,0.006005201682273764,0.0038096602620498743,-4.97046280503273,-52.43511,0.029799483180977405,0.0015664393809856846,-4.901127511262894,,,0.95,0.9,both,3.8975891671708167,4.176675023203394,9.855927077598007,0.0,-51.781322,2188.960448694503,4.040869
225,1784858142.03179,,8.0,,8.0,,6.0,,6.0,,10.0,,10.0,,1.0,,1.0,,4.0,,4.0,,2.0,,2.0,,5.0,,5.0,,8.0,,8.0,,7.0000000074505815,,5.000000007450581,,9.00000000745058,,0.5,,3.5000000000000004,,1.5000000074505808,,4.500000007450581,,7.0,0.0,0.0009235263569280505,1.9959172162242744e-07,1.6784127727150917,0.137766495347023,0.877850353717804,0.08327554166316986,0.015029437839984894,0.0,0.28210973739624023,0.1329652965068817,8192,3.725290298461914e-09,4.75,0.03697708249092102,36896768,66049,18016,1126,7.244002,0.00535753061703872,0.004658341361573548,-4.989433318376541,-73.29182,0.014584597072098405,0.0019498919777106495,-4.95272267460823,,,0.95,0.9,both,4.361668726322494,4.226343786928855,9.722322818309996,0.0,-18.260202,2115.345151569704,7.244002
226,1784858220.7862976,,8.0,,8.0,,6.0,,6.0,,10.0,,10.0,,1.0,,1.0,,4.0,,4.0,,2.0,,2.0,,5.0,,5.0,,8.0,,8.0,,7.000000074505807,,5.000000007450581,,9.00000000372529,,0.5000000074505806,,3.5000000018626456,,1.5000000000000002,,4.500000001862645,,7.0,0.0,0.0012818624381907284,4.017891806762375e-08,1.6781894154846668,0.18201017379760742,1.1173620223999023,0.1873774528503418,0.012658894062042236,0.0,0.37734687328338623,0.17863747477531433,8192,4.842877388000488e-08,4.75,0.047292888164520264,37060608,66274,18096,1131,-17.81268,0.007107551279477775,0.00505228441033978,-5.0248841643333435,-34.050453,0.029260960954707115,0.004363472961995285,-4.965297928452491,,,0.95,0.9,both,4.043692500924299,4.750554244912377,11.449730490149197,0.0,-16.1127,2080.3890785039903,-17.81268
227,1784858296.308896,,8.0,,8.0,,6.0,,6.0,,10.0,,10.0,,1.0,,1.0,,4.0,,4.0,,2.0,,2.0,,5.0,,5.0,,8.0,,8.0,,7.0000000186264515,,5.00000000372529,,9.0,,0.5,,3.5000000037252907,,1.5000000018626451,,4.5,,7.0,0.0,0.0008460960816591978,7.535368959366018e-08,1.6785766445100307,0.2351289689540863,0.8357570767402649,0.21251648664474487,0.002619348466396332,0.0,0.3712730407714844,0.20204612612724304,8192,0.0,4.75,0.06758739799261093,37224448,66523,18176,1136,7.103757,0.005733279936248436,0.0045801929736626334,-5.0108686774969105,-69.215034,0.042861518310382964,0.0019916922559787054,-4.952275654673576,,,0.95,0.9,both,3.9811434965994463,4.1848499251344675,7.378359166986752,0.0,-50.138836,2169.416761898835,7.103757
228,1784858372.7098954,,8.0,,8.0,,6.0,,6.0,,10.0,,10.0,,1.0,,1.0,,4.0,,4.0,,2.0,,2.0,,5.0,,5.0,,8.0,,8.0,,7.00000000372529,,5.00000000372529,,9.0,,0.5000000018626451,,3.5000000037252907,,1.5000000000000002,,4.5,,7.0,0.0,0.002319161081686616,1.0902901736997705e-07,1.6775517165660858,0.18118329346179962,0.9089004397392273,0.14273899793624878,0.010979995131492615,0.0,0.27247679233551025,0.16254684329032898,8192,0.0,4.75,0.03458423167467117,37388288,66742,18256,1141,-2.3236516,0.006996828342380468,0.003217363236763049,-5.004635512828827,-53.7843,0.023356348753441124,0.0021206115445238536,-4.915936625003814,,,0.95,0.9,both,4.071599909136998,4.121206599457599,11.590747348885877,0.0,-57.11452,2144.4743271600714,-2.3236516
229,1784858448.96391,,8.0,,8.0,,6.0,,6.0,,10.0,,10.0,,1.0,,1.0,,4.0,,4.0,,2.0,,2.0,,5.0,,5.0,,8.0,,8.0,,7.00000000372529,,5.000000044703484,,9.00000000372529,,0.5000000018626451,,3.5000000037252903,,1.5000000055879354,,4.500000001862645,,7.0,0.0,0.0007752418168820441,2.6100757066771507e-07,1.6775397434830666,0.2670627534389496,1.0457855463027954,0.21660380065441132,-0.002955593168735504,0.0,0.29087138175964355,0.15879151225090027,8192,1.4901161193847656e-08,4.75,0.02523045986890793,37552128,66953,18336,1146,6.143279,0.0057438681491476015,0.004476731868635397,-5.0261915773153305,-14.798863,0.014238885074155406,0.004515237861778587,-4.9333170533180235,,,0.95,0.9,both,4.063714155182903,4.2448103111495845,10.64806264620226,0.0,-50.678642,2148.6081721937053,6.143279
230,1784858526.5924044,,8.0,,8.0,,6.0,,6.0,,10.0,,10.0,,1.0,,1.0,,4.0,,4.0,,2.0,,2.0,,5.0,,5.0,,8.0,,8.0,,7.000000000000001,,5.0,,9.0,,0.5,,3.5000000000000004,,1.500000013038516,,4.5000000055879354,,7.0,0.0,0.0014435595367103815,4.318486953591716e-07,1.678049087524414,0.21537251770496368,0.9018178582191467,0.17510540783405304,0.005072601139545441,0.0,0.3201482892036438,0.17202860116958618,8192,3.725290298461914e-09,4.75,0.03272927179932594,37715968,67190,18416,1151,-6.639125,0.00716876850638073,0.005530719991656952,-5.047512090206146,-15.264593,0.012455931375734508,0.003242620246601291,-4.9737103343009945,,,0.95,0.9,both,4.153513527407091,4.2942700068177295,9.372228647725986,0.0,-40.584667,2110.565557530424,-6.639125
231,1784858602.5826488,,8.0,,8.0,,6.0,,6.0,,10.0,,10.0,,1.0,,1.0,,4.0,,4.0,,2.0,,2.0,,5.0,,5.0,,8.0,,8.0,,7.000000011175872,,5.0,,9.0,,0.5000000111758709,,3.5000000037252907,,1.5000000018626454,,4.5000000055879354,,7.0,0.0,0.0009194072335958481,6.628981822909275e-07,1.6772221326828003,0.37579965591430664,1.0788111686706543,0.37318241596221924,0.0048471614718437195,0.0,0.5031023025512695,0.22776591777801514,8192,3.725290298461914e-09,4.75,0.0468025878071785,37879808,67442,18496,1156,-1.6980972,0.005769382722792216,0.0046935086153098386,-5.014483550190926,-54.179268,0.04025317073101178,0.0031404420544276944,-4.980796074867248,,,0.95,0.9,both,4.139537050616317,4.5310689912181505,9.201957440685636,0.0,-47.766045,2156.0660571005283,-1.6980972
232,1784858680.2337146,,8.0,,8.0,,6.0,,6.0,,10.0,,10.0,,1.0,,1.0,,4.0,,4.0,,2.0,,2.0,,5.0,,5.0,,8.0,,8.0,,7.000000003725291,,5.000000007450581,,9.00000000745058,,0.5,,3.500000001862645,,1.5000000000000002,,4.50000000372529,,7.0,0.0,0.001159483363153413,3.096605172281386e-07,1.6773269027471542,0.11397065967321396,1.0055115222930908,0.08397502452135086,-0.0049099400639534,0.0,0.28654882311820984,0.1440611481666565,8192,0.0,4.75,0.04506334662437439,38043648,67686,18576,1161,2.452235,0.0060659827751806,0.004216202390671242,-4.997248554229737,-70.7824,0.02146484736003913,0.0025826178709394297,-4.940105596184731,,,0.95,0.9,both,4.1787522142318085,4.304273437333977,11.416000559648515,0.0,-35.842186,2109.951608394889,2.452235
233,1784858757.3543265,,8.0,,8.0,,6.0,,6.0,,10.0,,10.0,,1.0,,1.0,,4.0,,4.0,,2.0,,2.0,,5.0,,5.0,,8.0,,8.0,,7.000000000000001,,5.0,,9.0,,0.5,,3.5000000000000004,,1.5000000018626451,,4.500000013038516,,7.0,0.0,0.0036913048243150115,1.9077130121490996e-08,1.6767730712890625,0.19969530403614044,0.9333640336990356,0.12468297779560089,-0.00017188489437103271,0.0,0.2913365364074707,0.15052972733974457,8192,0.0,4.75,0.04045407846570015,38207488,67907,18656,1166,0.8437926,0.00795297997101443,0.0033794638788094745,-4.9725701957941055,-49.04078,0.019939854624681175,0.002446602180134505,-4.90359761416912,,,0.95,0.9,both,4.007325962111705,4.124121368294498,7.708644460185965,0.0,-47.499924,2124.4647646064022,0.8437926
234,1784858834.9991612,,8.0,,8.0,,6.0,,6.0,,10.0,,10.0,,1.0,,1.0,,4.0,,4.0,,2.0,,2.0,,5.0,,5.0,,8.0,,8.0,,7.000000003725291,,5.0,,9.0,,0.5,,3.5000000000000004,,1.5000000000000002,,4.5,,7.0,0.0,0.0015546650101896375,2.228792744807251e-07,1.6768312193453312,0.22935038805007935,1.1023162603378296,0.19255231320858002,0.006528340280056,0.0,0.36971354484558105,0.1757112741470337,8192,0.0,4.75,0.0375123992562294,38371328,68142,18736,1171,8.135646,0.006084520007425454,0.0012956161779584363,-4.960423538088799,-7.8672867,0.01113957713241689,0.002898670321155805,-4.887585434317589,,,0.95,0.9,both,3.703948402041571,4.301761038494973,8.735407752933966,0.0,-22.226976,2110.122242512355,8.135646
235,1784858912.4976175,,8.0,,8.0,,6.0,,6.0,,10.0,,10.0,,1.0,,1.0,,4.0,,4.0,,2.0,,2.0,,5.0,,5.0,,8.0,,8.0,,7.000000000000001,,5.0,,9.000000011175871,,0.5,,3.5000000000000004,,1.5000000018626454,,4.5,,7.0,0.0,0.001408332260325551,7.213474518819041e-07,1.6768243424594402,0.3426320552825928,0.8911258578300476,0.1762486696243286,-0.0006728321313858032,0.0,0.31635257601737976,0.14531762897968292,8192,0.0,4.75,0.028240712359547615,38535168,68347,18816,1176,-2.5002673,0.005755939010123256,0.0020964615847333334,-4.994441950321198,-49.41302,0.012575242322054692,0.0013886926608392969,-4.903852385282517,,,0.95,0.9,both,4.152816641452048,3.2740056871810204,9.127837445816962,0.0,-6.3736963,2114.105059944963,-2.5002673
236,1784858988.0845644,,8.0,,8.0,,6.0,,6.0,,10.0,,10.0,,1.0,,1.0,,4.0,,4.0,,2.0,,2.0,,5.0,,5.0,,8.0,,8.0,,7.0000000074505815,,5.0,,9.000000011175871,,0.5,,3.5000000000000004,,1.5000000000000002,,4.50000000372529,,7.0,0.0,0.0023102631676010787,8.359331392371327e-08,1.6762064695358276,0.2451809197664261,0.9909645318984985,0.3384300172328949,-0.00614580512046814,0.0,0.46679025888442993,0.17477141320705414,8192,0.0,4.75,0.090114064514637,38699008,68558,18896,1181,-2.1336696,0.006219905000762083,0.0015435516339493915,-5.013266915082932,-23.020258,0.034880734176840636,0.00222752132176538,-4.887468838691712,,,0.95,0.9,both,4.16887049379473,4.268675502243727,14.387451785527633,0.0,-19.070173,2167.57013778168,-2.1336696
237,1784859064.7447574,,8.0,,8.0,,6.0,,6.0,,10.0,,10.0,,1.0,,1.0,,4.0,,4.0,,2.0,,2.0,,5.0,,5.0,,8.0,,8.0,,7.000000003725291,,5.00000000372529,,9.0,,0.5,,3.5000000037252907,,1.5000000000000002,,4.500000001862645,,7.0,0.0,0.0007684025331400335,6.815981774366264e-05,1.6775166019797325,0.1860290914773941,0.8685442209243774,0.20393767952919006,-0.0016085803508758545,0.0,0.5266897082328796,0.20327994227409363,8192,0.0,4.75,0.06446991860866547,38862848,68775,18976,1186,-0.7924439,0.0063570284881279806,0.002934448946325574,-5.004816505312919,-56.71822,0.02786767150973901,0.001736737642204389,-4.891005030274391,,,0.95,0.9,both,3.440218715196503,4.194518388394477,9.400784414852005,0.0,-22.528284,2137.224867927304,-0.7924439
238,1784859140.6160135,,8.0,,8.0,,6.0,,6.0,,10.0,,10.0,,1.0,,1.0,,4.0,,4.0,,2.0,,2.0,,5.0,,5.0,,8.0,,8.0,,7.000000000000001,,5.00000000372529,,9.000000048428774,,0.5000000074505806,,3.5000000000000004,,1.5000000018626454,,4.5,,7.0,0.0,0.001231417030794546,2.3328628225276898e-07,1.6773907244205475,0.2530639171600342,0.8293246030807495,0.18144948780536652,-0.001560598611831665,0.0,0.31002599000930786,0.17165827751159668,8192,3.3527612686157227e-08,4.75,0.017996257171034813,39026688,68979,19056,1191,8.520496,0.005343385287415003,0.0059230079539702276,-5.0031734019517895,-26.528492,0.023540993855567648,0.0025963376858271657,-4.907235315442085,,,0.95,0.9,both,4.2077783840893535,3.637403892907905,7.790435894121983,0.0,-25.050634,2159.446449448541,8.520496
239,1784859214.579114,,8.0,,8.0,,6.0,,6.0,,10.0,,10.0,,1.0,,1.0,,4.0,,4.0,,2.0,,2.0,,5.0,,5.0,,8.0,,8.0,,7.000000022351743,,5.000000022351742,,9.0,,0.5000000018626451,,3.5000000000000004,,1.5000000000000002,,4.5,,7.0,0.0,0.0015589877148158848,9.037048945614856e-06,1.6770222447812557,0.2316776067018509,0.9930068254470825,0.17515403032302856,-0.011100418865680695,0.0,0.4256518483161926,0.19808697700500488,8192,2.9802322387695312e-08,4.75,0.030069351196289062,39190528,69166,19136,1196,7.2670655,0.005484906748461071,0.0046216262999223545,-5.029066285490989,-22.590904,0.019010278169298546,0.005030716383771505,-4.917985218763351,,,0.95,0.9,both,4.0441387728589975,4.175221793320026,8.479721711443421,0.0,-54.617744,2215.1587014626,7.2670655
240,1784859289.9383607,,8.0,,8.0,,6.0,,6.0,,10.0,,10.0,,1.0,,1.0,,4.0,,4.0,,2.0,,2.0,,5.0,,5.0,,8.0,,8.0,,7.000000000000001,,5.00000000372529,,9.0,,0.5,,3.500000001862645,,1.5000000000000002,,4.500000001862645,,7.0,0.0,0.0008382969535887241,0.0008094885380991457,1.6766555942595005,0.2641296982765198,1.083823800086975,0.1903122067451477,0.012983351945877075,0.0,0.2753853499889374,0.13655079901218414,8192,0.0,4.75,0.01388227567076683,39354368,69358,19216,1201,0.37008008,0.0060157137995702215,0.0045945558478706515,-5.022206389904023,-19.422024,0.009662233034032398,0.001599308773438679,-4.927315688133239,,,0.95,0.9,both,4.032727313710813,3.7269911070571515,12.451431221298204,0.0,-31.111267,2174.1192637377885,0.37008008
241,1784859364.4811563,,8.0,,8.0,,6.0,,6.0,,10.0,,10.0,,1.0,,1.0,,4.0,,4.0,,2.0,,2.0,,5.0,,5.0,,8.0,,8.0,,7.000000000000001,,5.000000014901161,,9.0,,0.5,,3.5000000037252903,,1.5000000000000002,,4.5,,7.0,0.0,0.0011549750342965126,2.616044222136793e-06,1.6762909479439259,0.2037900686264038,1.10950767993927,0.17908994853496552,-0.002074629068374634,0.0,0.35443729162216187,0.19053664803504944,8192,0.0,4.75,0.039079777896404266,39518208,69572,19296,1206,-1.2029431,0.006233232085651253,0.004387918840075144,-4.991364574432373,-22.8734,0.01758888760814443,0.003425360935216304,-4.911209833621979,,,0.95,0.9,both,4.066837816534795,4.168357627826038,12.660272332578566,0.0,-22.2583,2197.9320854009757,-1.2029431
242,1784859439.1738088,,8.0,,8.0,,6.0,,6.0,,10.0,,10.0,,1.0,,1.0,,4.0,,4.0,,2.0,,2.0,,5.0,,5.0,,8.0,,8.0,,7.000000000000001,,5.0,,9.00000000372529,,0.5,,3.5000000000000004,,1.5000000000000002,,4.5,,7.0,0.0,0.004385451786220074,8.983350009983404e-07,1.6765178442001343,0.2352536916732788,1.0323771238327026,0.14597439765930176,-0.0042913928627967834,0.0,0.328950971364975,0.176081582903862,8192,0.0,4.75,0.04386713355779648,39682048,69822,19376,1211,8.654199,0.005239921333850361,0.00411639683006797,-4.938492202758789,-49.89424,0.02838176623918116,0.003455558702989947,-4.903817865252495,,,0.95,0.9,both,3.877056104377027,4.306884702851143,12.001846958461876,0.0,-26.971813,2193.522360357102,8.654199
243,1784859515.5296538,,8.0,,8.0,,6.0,,6.0,,10.0,,10.0,,1.0,,1.0,,4.0,,4.0,,2.0,,2.0,,5.0,,5.0,,8.0,,8.0,,7.000000000000001,,5.0,,9.0,,0.5000000018626451,,3.5000000000000004,,1.5000000000000002,,4.5,,7.0,0.0,0.0020550735061988235,6.370930803094657e-09,1.676291313022375,0.24868102371692657,1.0184109210968018,0.17288005352020264,0.0019266605377197266,0.0,0.25777316093444824,0.1415843963623047,8192,0.0,4.75,0.016563566401600838,39845888,70028,19456,1216,4.29177,0.006485489258193411,0.0035908440069761125,-4.979571816325188,-33.46944,0.010070058738347144,0.002729826634458732,-4.91450757086277,,,0.95,0.9,both,4.0729580420750295,3.9577453037272683,7.215360437172803,0.0,-31.881063,2145.742773990912,4.29177
244,1784859592.0329092,,8.0,,8.0,,6.0,,6.0,,10.0,,10.0,,1.0,,1.0,,4.0,,4.0,,2.0,,2.0,,5.0,,5.0,,8.0,,8.0,,7.00000000372529,,5.0,,9.0,,0.5000000260770321,,3.5000000000000004,,1.5000000000000002,,4.5,,7.0,0.0,4.213966894894838e-05,2.2051816076645858e-07,1.6766836494207382,0.2572503387928009,0.9635990262031555,0.18116246163845062,0.00039839744567871094,0.0,0.35983771085739136,0.14654946327209473,8192,1.1175870895385742e-08,4.75,0.025165192782878876,40009728,70218,19536,1221,4.684472,0.006058544770348817,0.0036779446323635056,-4.99522245824337,-26.422775,0.014259511942509562,0.0034601992258103563,-4.902638387680054,,,0.95,0.9,both,4.195702706525528,4.265082663371792,10.469272604890046,0.0,-5.8045015,2141.6081342508533,4.684472
245,1784859666.8966017,,8.0,,8.0,,6.0,,6.0,,10.0,,10.0,,1.0,,1.0,,4.0,,4.0,,2.0,,2.0,,5.0,,5.0,,8.0,,8.0,,7.000000011175872,,5.0,,9.0,,0.5,,3.5000000000000004,,1.5000000000000002,,4.500000001862645,,7.0,0.0,0.002389626926742494,8.00071388473711e-07,1.67634754255414,0.22425417602062225,0.9621272087097168,0.15972962975502014,-0.017087452113628387,0.0,0.25347524881362915,0.11687082797288895,8192,0.0,4.75,0.01714310795068741,40173568,70411,19616,1226,-5.4083695,0.006477466141222976,0.004283174907322973,-5.005040121078491,-37.45281,0.016258871954050846,0.0007030156586552039,-4.914948093891144,,,0.95,0.9,both,4.126441481762884,3.3854298096056197,9.270077347812027,0.0,-21.720158,2188.5108401131915,-5.4083695
246,1784859740.7385113,,8.0,,8.0,,6.0,,6.0,,10.0,,10.0,,1.0,,1.0,,4.0,,4.0,,2.0,,2.0,,5.0,,5.0,,8.0,,8.0,,7.000000000000001,,5.000000011175871,,9.0,,0.5,,3.5000000018626456,,1.5000000000000002,,4.5,,7.0,0.0,0.001994277074118145,1.3976317073181692e-08,1.6752495914697647,0.11072513461112976,0.9497988820075989,0.10033725947141647,-0.00340329110622406,0.0,0.35080116987228394,0.16214802861213684,8192,0.0,4.75,0.08667647838592529,40337408,70612,19696,1231,7.8742967,0.0059595348109724,0.004262718175596092,-5.014292621612549,-48.377502,0.012910999247105792,0.0038970376073848454,-4.924727749824524,,,0.95,0.9,both,4.159104829993959,4.23651496968727,5.929804151568229,0.0,-48.277996,2218.7943585220146,7.8742967
247,1784859817.8495295,,8.0,,8.0,,6.0,,6.0,,10.0,,10.0,,1.0,,1.0,,4.0,,4.0,,2.0,,2.0,,5.0,,5.0,,8.0,,8.0,,7.000000000000001,,5.000000007450581,,9.0,,0.5,,3.500000001862645,,1.5000000000000002,,4.5,,7.0,0.0,0.0016559590585529804,1.7240330864309872e-09,1.6751307025551796,0.23534777760505676,1.016286849975586,0.1950155645608902,0.00826825201511383,0.0,0.32820990681648254,0.13831238448619843,8192,0.0,4.75,0.02756238356232643,40501248,70809,19776,1236,4.2476053,0.005381709484208841,0.004704642848810181,-5.028679740428925,-41.003376,0.02966388358036056,0.004333391738327919,-4.9278121292591095,,,0.95,0.9,both,4.167922677466144,4.218913332962745,9.502647928400958,0.0,-15.883589,2124.728839590404,4.2476053
248,1784859892.1886225,,8.0,,8.0,,6.0,,6.0,,10.0,,10.0,,1.0,,1.0,,4.0,,4.0,,2.0,,2.0,,5.0,,5.0,,8.0,,8.0,,7.000000000000001,,5.0,,9.000000033527613,,0.5,,3.5000000000000004,,1.5000000000000002,,4.5,,7.0,0.0,0.0007444345392286777,9.303420370893045e-09,1.6743613854050636,0.3282134532928467,0.8108247518539429,0.2608790397644043,-0.0067677125334739685,0.0,0.1927393525838852,0.09888431429862976,8192,2.9802322387695312e-08,4.75,0.009416117332875729,40665088,71010,19856,1241,6.576886,0.0056387972523225475,0.004394154208421241,-5.0136533170938495,-15.3877535,0.005076337849459378,0.001582713337847963,-4.967171397805214,,,0.95,0.9,both,3.8379927204161293,3.7435422164174526,5.985365277861792,0.0,-65.17981,2203.9546685321243,6.576886
249,1784859970.3493552,,8.0,,8.0,,6.0,,6.0,,10.0,,10.0,,1.0,,1.0,,4.0,,4.0,,2.0,,2.0,,5.0,,5.0,,8.0,,8.0,,7.000000000000001,,5.0,,9.0,,0.5,,3.5000000018626456,,1.5000000000000002,,4.5,,7.0,0.0,0.0018582509947009385,3.4284127881090143e-07,1.6739801280200481,0.14665919542312622,0.9109516143798828,0.13230964541435242,-0.0006050765514373779,0.0,0.30749547481536865,0.1369190216064453,8192,0.0,4.75,0.05194779485464096,40828928,71205,19936,1246,8.774524,0.005530073589761741,0.00464871476215194,-5.030248656868935,-49.92165,0.015839578647864984,0.0034259406907949596,-4.9829915285110475,,,0.95,0.9,both,4.052345696106292,4.1302474977167645,10.93971142422323,0.0,-32.41087,2096.193306252997,8.774524
250,1784860049.4326804,,8.0,,8.0,,6.0,,6.0,,10.0,,10.0,,1.0,,1.0,,4.0,,4.0,,2.0,,2.0,,5.0,,5.0,,8.0,,8.0,,7.000000000000001,,5.0,,9.00000000372529,,0.5,,3.5000000000000004,,1.5000000018626451,,4.5,,7.0,0.0,0.0016879176255315542,6.3533791525571814e-06,1.6737339533865452,0.28332966566085815,0.9695063829421997,0.23128004372119904,-0.0025252103805541992,0.0,0.2825705409049988,0.15362486243247986,8192,0.0,4.75,0.03342938423156738,40992768,71394,20016,1251,6.979436,0.005726682201202493,0.0040592047167592685,-5.0288907289505005,-57.693806,0.016998895345022903,0.0005833214236190543,-4.983329516649246,,,0.95,0.9,both,4.006755173646518,3.3905399792243465,12.886564956343019,0.0,-17.779497,2071.7390259012245,6.979436
251,1784860124.7360117,,8.0,,8.0,,6.0,,6.0,,10.0,,10.0,,1.0,,1.0,,4.0,,4.0,,2.0,,2.0,,5.0,,5.0,,8.0,,8.0,,7.000000007450581,,5.00000000372529,,9.00000000745058,,0.5,,3.5000000000000004,,1.5000000000000002,,4.500000001862645,,7.0,0.0,0.0044323456240817904,4.77849986744161e-05,1.673201970756054,0.3083079755306244,1.061305284500122,0.21246033906936646,-0.004047363996505737,0.0,0.1829628199338913,0.09699779748916626,8192,0.0,4.75,0.024391058832406998,41156608,71576,20096,1256,6.220845,0.005505646571691614,0.0056056419620290395,-5.039157131314278,-14.8071575,0.007881754111440386,0.0032472031627548857,-5.002887505292892,,,0.95,0.9,both,4.140766747359981,3.934510953801613,19.27938313520954,0.0,-48.2302,2175.7342445666013,6.220845
252,1784860201.2047052,,8.0,,8.0,,6.0,,6.0,,10.0,,10.0,,1.0,,1.0,,4.0,,4.0,,2.0,,2.0,,5.0,,5.0,,8.0,,8.0,,7.000000000000001,,5.0,,9.0,,0.5000000018626451,,3.5000000000000004,,1.5000000000000002,,4.500000001862645,,7.0,0.0,0.0012150471447966993,5.884440366088484e-06,1.6728657744824886,0.20762711763381958,0.8392605185508728,0.1188141405582428,-0.0008990764617919922,0.0,0.3004324436187744,0.1307123750448227,8192,0.0,4.75,0.023975498974323273,41320448,71774,20176,1261,-0.12877731,0.0068510172728565525,0.001727467734599486,-5.034596863389015,-16.741177,0.0091327742789872,0.0025811783081735483,-4.995857936143875,,,0.95,0.9,both,3.7852891503670962,3.6478610272273655,9.982571088278732,0.0,-38.01751,2142.5753921567716,-0.12877731
253,1784860275.6747105,,8.0,,8.0,,6.0,,6.0,,10.0,,10.0,,1.0,,1.0,,4.0,,4.0,,2.0,,2.0,,5.0,,5.0,,8.0,,8.0,,7.000000000000001,,5.0,,9.0,,0.5,,3.5000000000000004,,1.5000000000000002,,4.5,,7.0,0.0,0.0037011654349043965,9.52035812129548e-08,1.6713056527078152,0.1729775071144104,0.7914467453956604,0.13634781539440155,0.007529512047767639,0.0,0.38415461778640747,0.16665449738502502,8192,0.0,4.75,0.02668851800262928,41484288,71985,20256,1266,7.286027,0.0052350560756167395,0.00376034756336594,-5.05178073644638,-39.99666,0.017426607361994684,0.0030139954717014915,-4.977627968788147,,,0.95,0.9,both,3.877723067013713,4.09464290158868,15.753484137928798,0.0,-26.64732,2200.08047207117,7.286027
254,1784860347.7439399,,8.0,,8.0,,6.0,,6.0,,10.0,,10.0,,1.0,,1.0,,4.0,,4.0,,2.0,,2.0,,5.0,,5.0,,8.0,,8.0,,7.000000000000001,,5.0,,9.0,,0.5,,3.5000000000000004,,1.500000009313226,,4.5,,7.0,0.0,0.0010614183265715837,2.035149084811394e-07,1.671499215066433,0.1828961819410324,0.9824613928794861,0.15485729277133942,-0.013958737254142761,0.0,0.3032464385032654,0.14346173405647278,8192,3.725290298461914e-09,4.75,0.01217339001595974,41648128,72196,20336,1271,9.913027,0.005478814922389575,0.0021962088998407126,-5.0584174484014515,-33.28315,0.011474756692769006,0.002925691578275291,-4.985491281747818,,,0.95,0.9,both,3.859374306297135,3.889749500780647,11.038695542194247,0.0,-67.52631,2273.3696273965315,9.913027
255,1784860425.1706798,,8.0,,8.0,,6.0,,6.0,,10.0,,10.0,,1.0,,1.0,,4.0,,4.0,,2.0,,2.0,,5.0,,5.0,,8.0,,8.0,,7.000000000000001,,5.0,,9.0,,0.5,,3.500000001862645,,1.5000000018626454,,4.500000001862645,,7.0,0.0,0.0019547156989574432,5.7296644428994625e-08,1.6730336211621761,0.11036296933889389,0.9170656204223633,0.08268312364816666,-0.004832156002521515,0.0,0.3054530620574951,0.14738936722278595,8192,0.0,4.75,0.028991911560297012,41811968,72405,20416,1276,8.058217,0.005890653711685445,0.003554479805461597,-5.074022087454796,-21.261911,0.011340577877126634,0.00259640130752814,-4.97386431992054,,,0.95,0.9,both,4.093918937786069,4.176150086342621,14.90353077844373,0.0,-53.269135,2116.064866650665,8.058217
256,1784860499.1019185,,8.0,,8.0,,6.0,,6.0,,10.0,,10.0,,1.0,,1.0,,4.0,,4.0,,2.0,,2.0,,5.0,,5.0,,8.0,,8.0,,7.000000000000001,,5.0,,9.00000000745058,,0.5,,3.500000001862645,,1.5000000000000002,,4.5,,7.0,0.0,0.0015512658283114433,2.4375374461926835e-09,1.6730422861874104,0.35249942541122437,0.8615216612815857,0.30558449029922485,-0.004584126174449921,0.0,0.27356457710266113,0.1439778357744217,8192,0.0,4.75,0.009319243021309376,41975808,72633,20496,1281,4.2342167,0.006140104371297639,0.0031015959546493834,-5.110205391049385,-22.525497,0.012991142889950425,0.0028369386665872296,-5.029781690239906,,,0.95,0.9,both,3.947711254641905,4.010046623360227,12.41057816198636,0.0,-38.068428,2216.1131705804005,4.2342167
257,1784860575.9712648,,8.0,,8.0,,6.0,,6.0,,10.0,,10.0,,1.0,,1.0,,4.0,,4.0,,2.0,,2.0,,5.0,,5.0,,8.0,,8.0,,7.000000000000001,,5.0,,9.0,,0.5,,3.5000000000000004,,1.5000000000000002,,4.5,,7.0,0.0,0.000611728144576773,6.641821187827746e-08,1.6731387674808502,0.2998305857181549,0.9308604598045349,0.23381724953651428,-0.007117405533790588,0.0,0.33694398403167725,0.160526841878891,8192,0.0,4.75,0.023513345047831535,42139648,72834,20576,1286,-6.674039,0.006860609620343894,0.0037379153378424234,-5.126082125306129,-20.464725,0.010307184932753444,0.0024977106855658348,-5.032631233334541,,,0.95,0.9,both,4.506420600733811,4.01896768420241,7.33662245615849,0.0,-6.8794584,2131.408773923069,-6.674039
258,1784860650.6267254,,8.0,,8.0,,6.0,,6.0,,10.0,,10.0,,1.0,,1.0,,4.0,,4.0,,2.0,,2.0,,5.0,,5.0,,8.0,,8.0,,7.000000000000001,,5.0,,9.0,,0.5,,3.5000000000000004,,1.5000000018626454,,4.5,,7.0,0.0,0.0008963890140876174,1.7832286129948471e-06,1.67209904640913,0.16951359808444977,0.9014266133308411,0.11355138570070267,0.005625307559967041,0.0,0.2978440225124359,0.14733195304870605,8192,0.0,4.75,0.022715654224157333,42303488,73044,20656,1291,-1.4401581,0.006043075596971903,0.003668872195703443,-5.103611430525779,-38.505787,0.018837229005293922,0.002057740948657738,-5.057983735203743,,,0.95,0.9,both,4.156475581858627,4.067439860585371,14.778936741543493,0.0,-36.198856,2194.6151078197126,-1.4401581
259,1784860723.1999815,,8.0,,8.0,,6.0,,6.0,,10.0,,10.0,,1.0,,1.0,,4.0,,4.0,,2.0,,2.0,,5.0,,5.0,,8.0,,8.0,,7.000000000000001,,5.0,,9.00000000372529,,0.5,,3.5000000018626456,,1.5000000000000002,,4.5,,7.0,0.0,0.004110302601475269,7.132600317927285e-05,1.6717598251998425,0.17578867077827454,1.0970176458358765,0.15282732248306274,-0.007130429148674011,0.0,0.48021554946899414,0.20634636282920837,8192,0.0,4.75,0.06670982390642166,42467328,73258,20736,1296,7.494507,0.006042472449189517,0.003376896605914226,-5.134143453836441,-17.3552,0.019194174685981124,0.002378252876223996,-5.065076145529747,,,0.95,0.9,both,4.040076813687852,4.4169859577667605,14.581552943519728,0.0,-45.758392,2257.581052384617,7.494507
260,1784860796.8284972,,8.0,,8.0,,6.0,,6.0,,10.0,,10.0,,1.0,,1.0,,4.0,,4.0,,2.0,,2.0,,5.0,,5.0,,8.0,,8.0,,7.000000000000001,,5.0,,9.0,,0.5,,3.5000000000000004,,1.5000000000000002,,4.5,,7.0,0.0,0.0013347463100217283,3.429689651723855e-08,1.6726367101073265,0.320182740688324,1.0298161506652832,0.26667433977127075,0.008114270865917206,0.0,0.39831167459487915,0.19407927989959717,8192,0.0,4.75,0.0761541873216629,42631168,73472,20816,1301,6.075752,0.005960720457369462,0.003481013023701962,-5.098655346035957,-57.569355,0.02485784930177033,0.0019873202181770466,-5.03948692381382,,,0.95,0.9,both,3.9382095352315902,4.387152088560642,7.972198647134994,0.0,-20.641735,2225.2262431226513,6.075752
261,1784860868.6495876,,8.0,,8.0,,6.0,,6.0,,10.0,,10.0,,1.0,,1.0,,4.0,,4.0,,2.0,,2.0,,5.0,,5.0,,8.0,,8.0,,7.000000000000001,,5.0,,9.0,,0.5000000055879354,,3.5000000000000004,,1.5000000000000002,,4.5,,7.0,0.0,0.0004335333942435682,1.324282898340634e-07,1.672940444201231,0.29136523604393005,0.8158230781555176,0.2864161729812622,0.01436692476272583,0.0,0.45140284299850464,0.23709869384765625,8192,1.862645149230957e-09,4.75,0.03884067013859749,42795008,73717,20896,1306,7.3837714,0.006453958366182633,0.003221207789465552,-5.066794735193253,-23.941107,0.043811263854149726,0.002767961844074307,-5.034803372621536,,,0.95,0.9,both,3.7547374439430854,4.331737209985434,13.33332583575745,0.0,-38.732643,2281.222513393851,7.3837714
262,1784860939.6365297,,8.0,,8.0,,6.0,,6.0,,10.0,,10.0,,1.0,,1.0,,4.0,,4.0,,2.0,,2.0,,5.0,,5.0,,8.0,,8.0,,7.000000000000001,,5.0,,9.0,,0.5,,3.5000000000000004,,1.5000000000000002,,4.5,,7.0,0.0,0.0017289153183810413,1.4524978437790992e-06,1.6711203418672085,0.38624250888824463,1.051567792892456,0.33101779222488403,-0.0019554421305656433,0.0,0.3297327160835266,0.15997451543807983,8192,0.0,4.75,0.017742427065968513,42958848,73915,20976,1311,10.145205,0.006112616008613259,0.004662202266626991,-5.058006128668785,-11.675035,0.005525186235172441,0.0021215796761680393,-5.027409023046493,,,0.95,0.9,both,4.017685727379758,3.8190741953307885,11.06023528631075,0.0,-45.788944,2308.030119485864,10.145205
263,1784861012.371093,,8.0,,8.0,,6.0,,6.0,,10.0,,10.0,,1.0,,1.0,,4.0,,4.0,,2.0,,2.0,,5.0,,5.0,,8.0,,8.0,,7.000000000000001,,5.0,,9.0,,0.5,,3.5000000000000004,,1.5000000000000002,,4.5,,7.0,0.0,0.0006102648912928998,2.9859843916901774e-08,1.6709944680333138,0.18556666374206543,0.9267617464065552,0.14616693556308746,0.014895416796207428,0.0,0.21373331546783447,0.13942170143127441,8192,0.0,4.75,0.009949769824743271,43122688,74143,21056,1316,0.5984738,0.0059759622614365075,0.004245074879145249,-5.068944671750069,-22.35348,0.015401610184926539,0.004195952256122837,-5.028756311535835,,,0.95,0.9,both,4.049751570980231,4.158245310012784,9.044704708908824,0.0,-21.724451,2252.57421162724,0.5984738
264,1784861085.547329,,8.0,,8.0,,6.0,,6.0,,10.0,,10.0,,1.0,,1.0,,4.0,,4.0,,2.0,,2.0,,5.0,,5.0,,8.0,,8.0,,7.000000000000001,,5.0,,9.0,,0.5,,3.5000000000000004,,1.5000000018626454,,4.5,,7.0,0.0,0.002509084006305784,1.2090458394869996e-08,1.6708936505019665,0.1701989322900772,0.872879147529602,0.13243506848812103,0.004424206912517548,0.0,0.2423686683177948,0.16612611711025238,8192,0.0,4.75,0.022597629576921463,43286528,74350,21136,1321,5.478584,0.0057411333313211795,0.0017084914390579798,-5.062765997648239,-48.277252,0.016046065429691225,0.001544737985386746,-5.014087605476379,,,0.95,0.9,both,3.9048871948150725,3.660411796772985,10.708256370454894,0.0,-27.325344,2238.978558491237,5.478584
265,1784861158.7314436,,8.0,,8.0,,6.0,,6.0,,10.0,,10.0,,1.0,,1.0,,4.0,,4.0,,2.0,,2.0,,5.0,,5.0,,8.0,,8.0,,7.000000000000001,,5.0,,9.0,,0.5,,3.500000001862645,,1.5000000018626454,,4.5,,7.0,0.0,0.0009703063406050205,1.0606812064772875e-07,1.6703936643898487,0.1344582736492157,0.8958613276481628,0.08655599504709244,-0.006998203694820404,0.0,0.3245868682861328,0.17295216023921967,8192,0.0,4.75,0.03064955212175846,43450368,74554,21216,1326,-11.04649,0.006510741704551038,0.004550864944758359,-5.097285303473472,-38.927834,0.01623670613626018,0.004026271159818862,-5.032759004831314,,,0.95,0.9,both,4.403746111307138,4.227879264494513,13.436847003097032,0.0,-54.21039,2238.7368220704357,-11.04649
266,1784861233.6166437,,8.0,,8.0,,6.0,,6.0,,10.0,,10.0,,1.0,,1.0,,4.0,,4.0,,2.0,,2.0,,5.0,,5.0,,8.0,,8.0,,7.000000000000001,,5.0,,9.0,,0.5000000018626451,,3.5000000000000004,,1.5000000000000002,,4.5,,7.0,0.0,0.0006931725656613708,3.187771107082682e-07,1.672188863158226,0.21062405407428741,0.9203925132751465,0.1398012638092041,0.01756664365530014,0.0,0.3514968156814575,0.2017989456653595,8192,0.0,4.75,0.03259453922510147,43614208,74793,21296,1331,-11.951681,0.006324842449976132,0.0025260669834096918,-5.128509271144867,-44.964386,0.03188940268591978,0.004665102624130668,-5.044009792804718,,,0.95,0.9,both,4.559857596606712,4.534755748204526,12.508605518323218,0.0,-1.3117856,2187.8841839126244,-11.951681
267,1784861308.9306984,,8.0,,8.0,,6.0,,6.0,,10.0,,10.0,,1.0,,1.0,,4.0,,4.0,,2.0,,2.0,,5.0,,5.0,,8.0,,8.0,,7.000000000000001,,5.0,,9.0,,0.5,,3.5000000000000004,,1.5000000000000002,,4.5,,7.0,0.0,0.002346419612877071,0.0009473652988560843,1.6709643602371216,0.314017653465271,0.9843355417251587,0.22157467901706696,0.0007337853312492371,0.0,0.36240795254707336,0.17474311590194702,8192,0.0,4.75,0.030569585040211678,43778048,74992,21376,1336,1.1262199,0.0075813577830558644,0.002929468327056384,-5.139697182178497,-34.88236,0.013867784407921135,0.0037342316616559403,-5.054216462373733,,,0.95,0.9,both,3.961473011438906,4.136986856722518,18.22207298600348,0.0,-31.62497,2175.422588726346,1.1262199
268,1784861383.2872918,,8.0,,8.0,,6.0,,6.0,,10.0,,10.0,,1.0,,1.0,,4.0,,4.0,,2.0,,2.0,,5.0,,5.0,,8.0,,8.0,,7.000000000000001,,5.0,,9.00000000372529,,0.5,,3.5000000018626456,,1.5000000000000002,,4.5,,7.0,0.0,0.0024684288073331118,1.8031971220355825e-07,1.6699258647859097,0.12317593395709991,1.0689492225646973,0.09441806375980377,-0.004782654345035553,0.0,0.3149016201496124,0.16729895770549774,8192,0.0,4.75,0.039401788264513016,43941888,75217,21456,1341,-3.6379979,0.006276730741956271,0.0041753165452973915,-5.146996736526489,-47.271008,0.01955308707256336,0.0035474172356771303,-5.030165982246399,,,0.95,0.9,both,4.3852541617965,4.046841196506191,12.897718404368545,0.0,-21.7671,2203.4354940249937,-3.6379979
269,1784861455.155144,,8.0,,8.0,,6.0,,6.0,,10.0,,10.0,,1.0,,1.0,,4.0,,4.0,,2.0,,2.0,,5.0,,5.0,,8.0,,8.0,,7.000000000000001,,5.0,,9.0,,0.5000000018626451,,3.5000000372529034,,1.5000000000000002,,4.5,,7.0,0.0,0.001499069738201797,1.1643805727934442e-07,1.6690208092331886,0.232533261179924,1.0367988348007202,0.20525014400482178,-0.008612670004367828,0.0,0.3274898827075958,0.18883144855499268,8192,2.2351741790771484e-08,4.75,0.017625225707888603,44105728,75446,21536,1346,-14.155584,0.008075508382171392,0.0020423089212272317,-5.118242481350899,-33.369286,0.021876453765435143,0.003060980478767306,-5.007356044650078,,,0.95,0.9,both,3.987626321122458,4.180650836123265,12.77716963966569,0.0,-52.631416,2279.740244880797,-14.155584
270,1784861529.2576957,,8.0,,8.0,,6.0,,6.0,,10.0,,10.0,,1.0,,1.0,,4.0,,4.0,,2.0,,2.0,,5.0,,5.0,,8.0,,8.0,,7.000000000000001,,5.0,,9.0,,0.5,,3.5000000000000004,,1.5000000037252905,,4.5,,7.0,0.0,0.003756727441214025,0.0008757331473496777,1.6684293076395988,0.14823803305625916,1.0900477170944214,0.11621527373790741,-0.008058533072471619,0.0,0.27970489859580994,0.17967110872268677,8192,0.0,4.75,0.044133998453617096,44269568,75673,21616,1351,8.066506,0.00616767961619189,0.00207165214815177,-5.121989586949349,-37.412342,0.021432304882910102,0.0050385049195028845,-5.002525180578232,,,0.95,0.9,both,4.0360713505158845,4.578878564106029,16.989411044894155,0.0,-34.61336,2210.9895324193117,8.066506
271,1784861601.5694795,,8.0,,8.0,,6.0,,6.0,,10.0,,10.0,,1.0,,1.0,,4.0,,4.0,,2.0,,2.0,,5.0,,5.0,,8.0,,8.0,,7.000000000000001,,5.0,,9.0,,0.5,,3.5000000000000004,,1.5000000000000002,,4.500000001862645,,7.0,0.0,0.00355516467243433,3.0919437575605e-05,1.6688470356166363,0.45240458846092224,0.9613317847251892,0.4036179184913635,-0.008600316941738129,0.0,0.1971033662557602,0.13629373908042908,8192,0.0,4.75,0.007597378455102444,44433408,75868,21696,1356,-10.884763,0.00885077845014166,0.0032586127817921806,-5.096675428748131,-11.074606,0.0076776754431193694,0.0020391982558066956,-5.015244022011757,,,0.95,0.9,both,4.639994741455576,3.4416958199653322,16.372088494917442,0.0,-55.076874,2265.744777734208,-10.884763
272,1784861676.5000386,,8.0,,8.0,,6.0,,6.0,,10.0,,10.0,,1.0,,1.0,,4.0,,4.0,,2.0,,2.0,,5.0,,5.0,,8.0,,8.0,,7.000000000000001,,5.0,,9.0,,0.5000000018626451,,3.5000000000000004,,1.5000000000000002,,4.5,,7.0,0.0,0.0024987708893604577,1.6320949841608368e-07,1.6673981919884682,0.32584747672080994,1.060776710510254,0.2750430405139923,0.005092650651931763,0.0,0.2746519148349762,0.15876388549804688,8192,0.0,4.75,0.020864836871623993,44597248,76067,21776,1361,-3.5935009,0.00634764780261321,0.003681464013789082,-5.103454205393791,-6.9812927,0.011473941311123781,0.0017627601060667074,-5.019907888770104,,,0.95,0.9,both,4.561923265648041,3.6553428381404203,14.57496308230225,0.0,-30.490509,2186.5572061060884,-3.5935009
273,1784861750.732034,,8.0,,8.0,,6.0,,6.0,,10.0,,10.0,,1.0,,1.0,,4.0,,4.0,,2.0,,2.0,,5.0,,5.0,,8.0,,8.0,,7.000000000000001,,5.0,,9.0,,0.5,,3.500000005587936,,1.5000000000000002,,4.5,,7.0,0.0,0.0016561733791604638,1.0535395281174864e-07,1.6671325415372849,0.4112617075443268,1.040365219116211,0.5092740654945374,-0.015761278569698334,0.0,0.44791269302368164,0.2257804125547409,8192,0.0,4.75,0.049572914838790894,44761088,76281,21856,1366,8.674448,0.0064410999417305,0.0035581572403316384,-5.102752926945686,-34.878548,0.03640593288000673,0.0040191587046138014,-5.008725014328957,,,0.95,0.9,both,4.167132834426218,4.436042682939814,12.418672255060311,0.0,-28.134283,2207.1346488418435,8.674448
274,1784861826.7925324,,8.0,,8.0,,6.0,,6.0,,10.0,,10.0,,1.0,,1.0,,4.0,,4.0,,2.0,,2.0,,5.0,,5.0,,8.0,,8.0,,7.000000000000001,,5.0,,9.0,,0.5,,3.5000000000000004,,1.5000000000000002,,4.500000001862645,,7.0,0.0,0.003603207675041631,2.5084710228440166e-07,1.667647372931242,0.1976342648267746,0.8232245445251465,0.15973809361457825,0.0016577839851379395,0.0,0.3402860462665558,0.1761852502822876,8192,0.0,4.75,0.01709769293665886,44924928,76483,21936,1371,-26.35101,0.007501195212535094,0.0023786909601767547,-5.106983768939972,-41.65014,0.021387320809299126,0.0029110867049894295,-5.007102191448212,,,0.95,0.9,both,4.301664198520465,4.154333226051954,19.26361966266783,0.0,-39.38226,2154.0747897061456,-26.35101
275,1784861902.66084,,8.0,,8.0,,6.0,,6.0,,10.0,,10.0,,1.0,,1.0,,4.0,,4.0,,2.0,,2.0,,5.0,,5.0,,8.0,,8.0,,7.000000000000001,,5.0,,9.0,,0.5,,3.5000000000000004,,1.5000000000000002,,4.5,,7.0,0.0,0.005363953794585541,2.6795733176765424e-07,1.6671676225960255,0.15510672330856323,1.0270580053329468,0.12578275799751282,-0.012627847492694855,0.0,0.2713218927383423,0.1834474503993988,8192,0.0,4.75,0.028663408011198044,45088768,76729,22016,1376,6.8612356,0.006118648414121708,0.0036331093084299936,-5.091807383298874,-32.461678,0.019587739527923986,0.004898856919317041,-5.022371044754982,,,0.95,0.9,both,4.117723270871387,4.444446345744801,17.60181984663771,0.0,-17.511051,2159.531691656808,6.8612356
276,1784861979.4667122,,8.0,,8.0,,6.0,,6.0,,10.0,,10.0,,1.0,,1.0,,4.0,,4.0,,2.0,,2.0,,5.0,,5.0,,8.0,,8.0,,7.000000000000001,,5.0,,9.0,,0.5,,3.5000000000000004,,1.5000000000000002,,4.5,,7.0,0.0,0.009911769884638488,1.9858701783004307e-07,1.6668997332453728,0.17580322921276093,0.9724838137626648,0.158924400806427,0.01096750795841217,0.0,0.38571980595588684,0.19701530039310455,8192,0.0,4.75,0.0476699024438858,45252608,76933,22096,1381,4.0944657,0.005985828576376662,0.004143684617883991,-5.1149071007966995,-35.416542,0.024661733477842063,0.0033744457250577398,-5.046331363916397,,,0.95,0.9,both,3.9146201828801837,4.3228072805847075,21.132262376677044,0.0,-41.7974,2133.1699944792126,4.0944657
277,1784862053.4581957,,8.0,,8.0,,6.0,,6.0,,10.0,,10.0,,1.0,,1.0,,4.0,,4.0,,2.0,,2.0,,5.0,,5.0,,8.0,,8.0,,7.000000000000001,,5.0,,9.0,,0.5,,3.500000001862645,,1.5000000000000002,,4.5,,7.0,0.0,0.005301050085108727,1.2851634968030767e-07,1.667801856994629,0.2468528151512146,0.9841651916503906,0.1770513951778412,-0.006905168294906616,0.0,0.32806527614593506,0.16442497074604034,8192,0.0,4.75,0.03702458366751671,45416448,77127,22176,1386,-1.0209897,0.00618810870219022,0.002571143567911349,-5.131752049922943,-22.858873,0.009213759693375323,0.001436361376545392,-5.053305071592331,,,0.95,0.9,both,4.184785582319262,3.6093763474810885,15.828534732842856,0.0,-41.270634,2214.309200195506,-1.0209897
278,1784862128.844339,,8.0,,8.0,,6.0,,6.0,,10.0,,10.0,,1.0,,1.0,,4.0,,4.0,,2.0,,2.0,,5.0,,5.0,,8.0,,8.0,,7.000000000000001,,5.0,,9.0,,0.5,,3.5000000000000004,,1.5000000000000002,,4.5,,7.0,0.0,0.0016728141636122018,4.185020352725881e-10,1.6678603552281857,0.34769338369369507,0.8747663497924805,0.3103288412094116,0.000295788049697876,0.0,0.2974100708961487,0.1673593819141388,8192,0.0,4.75,0.032980531454086304,45580288,77342,22256,1391,2.7722898,0.0062825542278005745,0.005516080374945886,-5.170042186975479,-16.872911,0.010843265274888835,-0.0016301662064506673,-5.072036185860634,,,0.95,0.9,both,4.354321643276462,3.7451420471476013,6.4835729086806335,0.0,-17.685894,2173.3433252230157,2.7722898
279,1784862203.9602108,,8.0,,8.0,,6.0,,6.0,,10.0,,10.0,,1.0,,1.0,,4.0,,4.0,,2.0,,2.0,,5.0,,5.0,,8.0,,8.0,,7.000000000000001,,5.0,,9.0,,0.5,,3.5000000000000004,,1.5000000000000002,,4.5,,7.0,0.0,0.008646985079394653,4.9713635554837765e-06,1.6684952676296234,0.12139788269996643,0.8581156134605408,0.08829984813928604,0.006546586751937866,0.0,0.27805817127227783,0.16909687221050262,8192,0.0,4.75,0.02805831842124462,45744128,77558,22336,1396,2.194828,0.0061068731607520025,0.003502619353821501,-5.163861781358719,-19.449177,0.020688526512822138,0.0014616648571973202,-5.122554472088813,,,0.95,0.9,both,4.244032124234251,4.071665065289528,15.672395596897193,0.0,-31.042492,2181.1636142591387,2.194828
280,1784862280.802675,,8.0,,8.0,,6.0,,6.0,,10.0,,10.0,,1.0,,1.0,,4.0,,4.0,,2.0,,2.0,,5.0,,5.0,,8.0,,8.0,,7.000000000000001,,5.0,,9.0,,0.5,,3.5000000000000004,,1.5000000000000002,,4.5,,7.0,0.0,0.002048603171715513,7.840099051747984e-06,1.6690374463796616,0.1761874556541443,0.9467586278915405,0.1460079401731491,-0.0014741569757461548,0.0,0.37480032444000244,0.21018782258033752,8192,0.0,4.75,0.08438198268413544,45907968,77771,22416,1401,3.2172997,0.006019775418099016,0.0026251458937622376,-5.158795168995857,-55.17832,0.030651720648165792,0.002807241516711656,-5.132379096746445,,,0.95,0.9,both,4.107887316128051,4.431493668129653,10.425567869321513,0.0,-41.88932,2132.155316715546,3.2172997
281,1784862356.8986647,,8.0,,8.0,,6.0,,6.0,,10.0,,10.0,,1.0,,1.0,,4.0,,4.0,,2.0,,2.0,,5.0,,5.0,,8.0,,8.0,,7.000000000000001,,5.0,,9.0,,0.5,,3.5000000000000004,,1.5000000000000002,,4.5,,7.0,0.0,0.0017029120936058462,6.657989927438823e-08,1.6692958660423756,0.1279127597808838,0.8376126289367676,0.09470327198505402,-0.006907500326633453,0.0,0.2831284701824188,0.15769991278648376,8192,0.0,4.75,0.041168250143527985,46071808,77972,22496,1406,4.5539436,0.005947592547454405,0.002520454900513869,-5.161257910728454,-15.704535,0.013820411832421086,0.0028665888487012124,-5.097255882620812,,,0.95,0.9,both,3.8718059654426256,4.335249684281907,9.849003177424729,0.0,-31.581238,2153.069201915193,4.5539436
282,1784862431.847735,,8.0,,8.0,,6.0,,6.0,,10.0,,10.0,,1.0,,1.0,,4.0,,4.0,,2.0,,2.0,,5.0,,5.0,,8.0,,8.0,,7.000000000000001,,5.00000000372529,,9.0,,0.5,,3.5000000000000004,,1.5000000000000002,,4.5,,7.0,0.0,0.00440312031423673,8.654400414087604e-07,1.669177245348692,0.20595434308052063,0.9662466049194336,0.17513108253479004,-0.005665384232997894,0.0,0.33739787340164185,0.15549293160438538,8192,0.0,4.75,0.01868467591702938,46235648,78167,22576,1411,7.447093,0.006019772158470005,0.006118856844113907,-5.196755632758141,-23.734882,0.015489841924863867,0.00362456482325797,-5.100074735283852,,,0.95,0.9,both,4.351167690406832,3.8248267779418144,14.001127221818244,0.0,-4.925045,2186.0176965353367,7.447093
283,1784862508.2746491,,8.0,,8.0,,6.0,,6.0,,10.0,,10.0,,1.0,,1.0,,4.0,,4.0,,2.0,,2.0,,5.0,,5.0,,8.0,,8.0,,7.000000000000001,,5.0,,9.0,,0.5,,3.5000000000000004,,1.5000000000000002,,4.5,,7.0,0.0,0.005912654509302229,3.6630507672663626e-06,1.6681688763201237,0.25757554173469543,1.0551502704620361,0.3438913822174072,-0.0040337443351745605,0.0,0.47031331062316895,0.1956791877746582,8192,0.0,4.75,0.03043333813548088,46399488,78360,22656,1416,6.016491,0.00620694721583277,0.0034435221677995287,-5.14163473546505,-50.13734,0.02520970397745259,0.0018355575259192847,-5.091511246562004,,,0.95,0.9,both,3.8685786274839473,4.3101494682656405,17.185851571695167,0.0,1.4173431,2143.7474802817515,6.016491
284,1784862582.2111015,,8.0,,8.0,,6.0,,6.0,,10.0,,10.0,,1.0,,1.0,,4.0,,4.0,,2.0,,2.0,,5.0,,5.0,,8.0,,8.0,,7.000000000000001,,5.0,,9.0,,0.5,,3.5000000000000004,,1.5000000000000002,,4.5,,7.0,0.0,0.00118827517144382,3.359255596535604e-05,1.668558094650507,0.260057657957077,1.039860486984253,0.243186354637146,-0.012453809380531311,0.0,0.31143802404403687,0.17050489783287048,8192,0.0,4.75,0.020197516307234764,46563328,78563,22736,1421,9.253076,0.006386149561149068,0.002999438425467815,-5.143318998813629,-2.5146923,0.011792236592737027,0.0013103908422635868,-5.077268186211586,,,0.95,0.9,both,4.1020893601109,3.6237369809165387,14.404292761171975,0.0,-51.223408,2215.957259430947,9.253076
285,1784862659.462886,,8.0,,8.0,,6.0,,6.0,,10.0,,10.0,,1.0,,1.0,,4.0,,4.0,,2.0,,2.0,,5.0,,5.0,,8.0,,8.0,,7.000000000000001,,5.0,,9.0,,0.5,,3.5000000000000004,,1.5000000000000002,,4.5,,7.0,0.0,0.0017508291057310998,3.6702284653689077e-06,1.6677583046257496,0.2564496397972107,0.9690749645233154,0.2068595588207245,0.01967480033636093,0.0,0.3487159311771393,0.18516534566879272,8192,0.0,4.75,0.03814277425408363,46727168,78784,22816,1426,-3.37585,0.006096644945500884,0.0043958998459856955,-5.176359751820565,-50.783524,0.027827149600489064,0.002265079315111507,-5.104821416735649,,,0.95,0.9,both,4.150764494585166,4.351613356908249,16.62930798211756,0.0,-8.392214,2120.8568841207834,-3.37585
286,1784862733.8936722,,8.0,,8.0,,6.0,,6.0,,10.0,,10.0,,1.0,,1.0,,4.0,,4.0,,2.0,,2.0,,5.0,,5.0,,8.0,,8.0,,7.000000000000001,,5.0,,9.0,,0.5,,3.5000000000000004,,1.5000000000000002,,4.5,,7.0,0.0,0.0033070023637264967,1.026707319509712e-08,1.6679928228259087,0.1927087903022766,0.9801272749900818,0.16961662471294403,0.00622403621673584,0.0,0.22408829629421234,0.1551511436700821,8192,0.0,4.75,0.04121921584010124,46891008,79026,22896,1431,-15.623945,0.006552289205137641,0.0030136235043755734,-5.185158631205558,-22.711176,0.023660638189176096,0.0036818545733694917,-5.088485473394394,,,0.95,0.9,both,4.56639712923698,4.402021783063469,17.30194629127499,0.0,-32.626366,2201.2407461651833,-15.623945
287,1784862808.2450886,,8.0,,8.0,,6.0,,6.0,,10.0,,10.0,,1.0,,1.0,,4.0,,4.0,,2.0,,2.0,,5.0,,5.0,,8.0,,8.0,,7.000000000000001,,5.0,,9.0,,0.5,,3.5000000000000004,,1.5000000000000002,,4.5,,7.0,0.0,0.0025515671295579523,5.892501198090372e-08,1.6679676957428455,0.18946309387683868,1.027183175086975,0.1642395406961441,-0.00033486634492874146,0.0,0.43439286947250366,0.23794859647750854,8192,0.0,4.75,0.06994608044624329,47054848,79259,22976,1436,-29.72821,0.006861230547656305,0.0027652169970679096,-5.227028274536133,-59.968403,0.02995665038470179,0.0021075731739983892,-5.093755429983139,,,0.95,0.9,both,4.62377610645323,4.342270385656451,14.59910884347948,0.0,-21.797428,2203.5884311543705,-29.72821
288,1784862880.9251528,,8.0,,8.0,,6.0,,6.0,,10.0,,10.0,,1.0,,1.0,,4.0,,4.0,,2.0,,2.0,,5.0,,5.0,,8.0,,8.0,,7.000000000000001,,5.0,,9.0,,0.5000000018626451,,3.5000000000000004,,1.5000000000000002,,4.500000001862645,,7.0,0.0,0.0005967968609184027,9.110647989502008e-09,1.6681363210082054,0.12229599803686142,0.9960826635360718,0.1082070916891098,0.008667811751365662,0.0,0.3024623394012451,0.17743556201457977,8192,0.0,4.75,0.06561816483736038,47218688,79487,23056,1441,-17.910942,0.0066563856409629805,0.0032447005083668045,-5.220858690142632,-59.54702,0.02388532831100747,0.0003879490053805057,-5.137669613957405,,,0.95,0.9,both,4.243409708537496,4.097095889014005,8.986759332220348,0.0,-66.58227,2254.263408751569,-17.910942
289,1784862956.779658,,8.0,,8.0,,6.0,,6.0,,10.0,,10.0,,1.0,,1.0,,4.0,,4.0,,2.0,,2.0,,5.0,,5.0,,8.0,,8.0,,7.000000000000001,,5.0,,9.0,,0.5,,3.5000000000000004,,1.5000000000000002,,4.5,,7.0,0.0,0.001385978190228343,1.752591601567044e-07,1.667365051805973,0.15607275068759918,0.8542628288269043,0.11409658193588257,-0.010682210326194763,0.0,0.3104895055294037,0.19114439189434052,8192,0.0,4.75,0.04419964551925659,47382528,79731,23136,1446,-15.308325,0.006321047754317988,0.003444411560485605,-5.21078579723835,-40.569664,0.032388217386323956,0.004121066630614223,-5.128996497392654,,,0.95,0.9,both,4.56451037368668,4.640413021398238,12.387728302658358,0.0,-23.42632,2159.9242943475656,-15.308325
290,1784863029.0241058,,8.0,,8.0,,6.0,,6.0,,10.0,,10.0,,1.0,,1.0,,4.0,,4.0,,2.0,,2.0,,5.0,,5.0,,8.0,,8.0,,7.000000000000001,,5.0,,9.0,,0.5,,3.5000000018626456,,1.5000000000000002,,4.5,,7.0,0.0,0.0012973935808986425,1.175862654745341e-06,1.6680038124322891,0.08665838837623596,0.9002999067306519,0.08759322762489319,-0.002467699348926544,0.0,0.3774605691432953,0.19479519128799438,8192,0.0,4.75,0.05318397283554077,47546368,79954,23216,1451,1.0558418,0.006350349422427825,0.005002357333432883,-5.246603471040726,-65.03363,0.017343682737555356,0.0022596529190195723,-5.154476195573807,,,0.95,0.9,both,4.914103012950191,4.241340804468092,17.837533893178456,0.0,-21.914068,2267.8559228547624,1.0558418
291,1784863099.5628948,,8.0,,8.0,,6.0,,6.0,,10.0,,10.0,,1.0,,1.0,,4.0,,4.0,,2.0,,2.0,,5.0,,5.0,,8.0,,8.0,,7.000000000000001,,5.0,,9.0,,0.5,,3.5000000000000004,,1.5000000000000002,,4.5,,7.0,0.0,0.0012691800948232412,1.6712445510824736e-07,1.6692451126873493,0.2793182134628296,0.8762301206588745,0.4233814477920532,-0.00569993257522583,0.0,0.5850343704223633,0.25053009390830994,8192,0.0,4.75,0.0628565177321434,47710208,80171,23296,1456,-16.791338,0.006677414862497244,0.002347890862438362,-5.287787064909935,-32.860355,0.0420030077919364,0.0037819979901541957,-5.168094652891159,,,0.95,0.9,both,4.662292976202455,4.709867144095713,14.810113805742523,0.0,-38.00402,2322.6937520826923,-16.791338
292,1784863172.556414,,8.0,,8.0,,6.0,,6.0,,10.0,,10.0,,1.0,,1.0,,4.0,,4.0,,2.0,,2.0,,5.0,,5.0,,8.0,,8.0,,7.000000000000001,,5.0,,9.0,,0.5,,3.5000000000000004,,1.5000000000000002,,4.5,,7.0,0.0,0.0014278198359534144,2.206201826782106e-08,1.6682076677680016,0.18796232342720032,0.8690454363822937,0.16136492788791656,-0.005191124975681305,0.0,0.2576392889022827,0.16417695581912994,8192,0.0,4.75,0.011708298698067665,47874048,80411,23376,1461,-10.058561,0.006995832317625172,0.0026014461443992333,-5.315053400397301,-19.48012,0.012883375911042095,0.0022009813532349654,-5.204765197634697,,,0.95,0.9,both,4.107193593218907,4.306470582284907,12.281246782902027,0.0,-42.46806,2244.5827922880753,-10.058561
293,1784863244.5160065,,8.0,,8.0,,6.0,,6.0,,10.0,,10.0,,1.0,,1.0,,4.0,,4.0,,2.0,,2.0,,5.0,,5.0,,8.0,,8.0,,7.000000000000001,,5.0,,9.0,,0.5,,3.5000000000000004,,1.5000000000000002,,4.5,,7.0,0.0,0.00240906496765092,1.3548655525275066e-07,1.6680246144533157,0.1921306848526001,0.890265703201294,0.12997446954250336,-0.003270164132118225,0.0,0.25346946716308594,0.15733113884925842,8192,0.0,4.75,0.02291914075613022,48037888,80621,23456,1466,-10.527412,0.008850406271812971,0.003455091844080016,-5.3059270769357685,-18.86073,0.02158857323229313,0.003055840222077677,-5.20060211122036,,,0.95,0.9,both,4.251998305712061,4.298009871960571,13.001124900718658,0.0,-49.512733,2276.833544849085,-10.527412
294,1784863314.61617,,8.0,,8.0,,6.0,,6.0,,10.0,,10.0,,1.0,,1.0,,4.0,,4.0,,2.0,,2.0,,5.0,,5.0,,8.0,,8.0,,7.000000000000001,,5.0,,9.0,,0.5,,3.5000000000000004,,1.5000000000000002,,4.5,,7.0,0.0,0.00047799129970371723,1.2854691373853644e-09,1.667390413582325,0.396147757768631,0.9439915418624878,0.36050331592559814,0.00301486998796463,0.0,0.2109728306531906,0.13858014345169067,8192,0.0,4.75,0.011501557193696499,48201728,80836,23536,1471,-31.47874,0.009239138365956023,0.0023775505222147332,-5.272931903600693,-13.007886,0.004991370463540079,0.0018629236161359585,-5.21016740500927,,,0.95,0.9,both,4.524660820229338,4.125406223893977,7.609069947220906,0.0,-50.095562,2337.2270705230194,-31.47874
295,1784863385.5737805,,8.0,,8.0,,6.0,,6.0,,10.0,,10.0,,1.0,,1.0,,4.0,,4.0,,2.0,,2.0,,5.0,,5.0,,8.0,,8.0,,7.000000000000001,,5.0,,9.0,,0.5,,3.5000000000000004,,1.5000000018626451,,4.5,,7.0,0.0,0.002548479911638424,1.2599905880664175e-06,1.6674934588372707,0.10301125049591064,1.0572831630706787,0.08812602609395981,-0.00436006486415863,0.0,0.3285897374153137,0.18300761282444,8192,0.0,4.75,0.032699257135391235,48365568,81050,23616,1476,-46.032173,0.00860622445034096,0.003803928398701828,-5.284185695648193,-44.698494,0.018225023761624472,0.0014027526471181774,-5.20030865073204,,,0.95,0.9,both,4.70916772078801,4.276325847528161,18.991163487270533,0.0,-33.164135,2308.98414608691,-46.032173
296,1784863456.7786531,,8.0,,8.0,,6.0,,6.0,,10.0,,10.0,,1.0,,1.0,,4.0,,4.0,,2.0,,2.0,,5.0,,5.0,,8.0,,8.0,,7.000000000000001,,5.0,,9.0,,0.5,,3.5000000000000004,,1.5000000000000002,,4.5,,7.0,0.0,0.0020874047186225653,8.152791861060216e-08,1.6678876504302025,0.12296999990940094,0.974711537361145,0.0957234650850296,0.002925001084804535,0.0,0.27424097061157227,0.16341039538383484,8192,0.0,4.75,0.019559118896722794,48529408,81263,23696,1481,-39.385284,0.008423697312537115,0.0019834432940115223,-5.264968943595886,-20.082806,0.013834811741253361,0.004065627983072773,-5.211144465208053,,,0.95,0.9,both,4.715372836716532,4.09273981919045,19.357805546676964,0.0,-31.950937,2300.9659112164995,-39.385284
297,1784863526.696349,,8.0,,8.0,,6.0,,6.0,,10.0,,10.0,,1.0,,1.0,,4.0,,4.0,,2.0,,2.0,,5.0,,5.0,,8.0,,8.0,,7.000000037252904,,5.0,,9.0,,0.5,,3.5000000000000004,,1.5000000000000002,,4.5,,7.0,0.0,0.004751465021399781,8.937253978547055e-09,1.6675584763288498,0.18883159756660461,0.968142032623291,0.16307884454727173,-0.006814144551753998,0.0,0.40556854009628296,0.1796288937330246,8192,1.4901161193847656e-08,4.75,0.028570832684636116,48693248,81448,23776,1486,-8.277769,0.006363423785660416,0.005361758919025306,-5.2730933964252475,-23.300097,0.011618264621938578,0.002983300697087543,-5.197443774342537,,,0.95,0.9,both,4.899973753648168,4.126216411481799,17.92224961873194,0.0,-35.85766,2343.3266652988086,-8.277769
298,1784863596.9476001,,8.0,,8.0,,6.0,,6.0,,10.0,,10.0,,1.0,,1.0,,4.0,,4.0,,2.0,,2.0,,5.0,,5.0,,8.0,,8.0,,7.000000000000001,,5.0,,9.0,,0.5,,3.5000000000000004,,1.5000000000000002,,4.5,,7.0,0.0,0.0032745563657954335,5.907478490801976e-06,1.6670594215393066,0.19059304893016815,0.8069123029708862,0.1565820723772049,0.008017010986804962,0.0,0.2264760583639145,0.1402127891778946,8192,0.0,4.75,0.024854669347405434,48857088,81683,23856,1491,-1.0583035,0.00784911474911496,0.0036977129391743803,-5.288228094577789,-47.70919,0.011784020176855847,0.0016414249606896193,-5.2039709210395815,,,0.95,0.9,both,4.436474607984103,3.993074547507051,18.958037885061707,0.0,-4.2086782,2332.2004550808892,-1.0583035
299,1784863668.2454052,,8.0,,8.0,,6.0,,6.0,,10.0,,10.0,,1.0,,1.0,,4.0,,4.0,,2.0,,2.0,,5.0,,5.0,,8.0,,8.0,,7.000000000000001,,5.0,,9.0,,0.5,,3.5000000000000004,,1.5000000000000002,,4.5,,7.0,0.0,0.004316675185691565,2.5339729525342136e-05,1.6665104106068611,0.2877044677734375,1.1662524938583374,0.26208433508872986,-0.012724891304969788,0.0,0.3478042781352997,0.18273723125457764,8192,0.0,4.75,0.029817260801792145,49020928,81883,23936,1496,-5.6145554,0.00689010844725999,0.004032153862499399,-5.296174383163452,-35.140015,0.027107485878514127,0.001993801794742467,-5.2120557725429535,,,0.95,0.9,both,3.9342636593886082,4.310096121698917,20.377698279708184,0.0,-4.849828,2297.9669664587236,-5.6145554
300,1784863737.9580774,,8.0,,8.0,,6.0,,6.0,,10.0,,10.0,,1.0,,1.0,,4.0,,4.0,,2.0,,2.0,,5.0,,5.0,,8.0,,8.0,,7.000000000000001,,5.0,,9.0,,0.5,,3.5000000000000004,,1.5000000000000002,,4.5,,7.0,0.0,0.0022989512362983078,1.4503673245042092e-09,1.6667396426200867,0.12581591308116913,1.0679800510406494,0.1080603152513504,-0.0016951113939285278,0.0,0.24269434809684753,0.13144856691360474,8192,0.0,4.75,0.02112511172890663,49184768,82083,24016,1501,7.1448836,0.006523681001999649,0.0017211955055245198,-5.28301814198494,-52.166634,0.015849629713920878,0.0018252557849336882,-5.213176521658897,,,0.95,0.9,both,4.327186892106189,4.106891618141219,10.401835749517309,0.0,-39.540657,2350.218618243517,7.1448836
301,1784863808.5678556,,8.0,,8.0,,6.0,,6.0,,10.0,,10.0,,1.0,,1.0,,4.0,,4.0,,2.0,,2.0,,5.0,,5.0,,8.0,,8.0,,7.000000000000001,,5.0,,9.0,,0.5,,3.5000000000000004,,1.5000000000000002,,4.5,,7.0,-1.4901161193847656e-08,0.0026119619433302432,1.0528119506192368e-06,1.666907362639904,0.20187754929065704,0.9016659259796143,0.14786119759082794,0.15468262135982513,1.538985294757822e-08,0.35020315647125244,0.17739731073379517,8192,0.0,4.75,0.007527763489633799,49348608,82273,24096,1506,6.3700666,0.0067488781365682374,0.004365338353090919,-5.3036969602108,-8.546033,0.004748574092809576,0.003729247003502678,-5.242413318157196,,,0.95,0.9,both,4.6551787455933775,4.267272147766759,17.302856982241074,0.0,-33.517723,2320.3582355705616,6.3700666
302,1784863880.438585,,8.0,,8.0,,6.0,,6.0,,10.0,,10.0,,1.0,,1.0,,4.0,,4.0,,2.0,,2.0,,5.0,,5.0,,8.0,,8.0,,7.000000000000001,,5.0,,9.0,,0.5,,3.5000000000000004,,1.5000000000000002,,4.5,,7.0,0.0,0.003256063093431294,2.0093317741609606e-07,1.665949147194624,0.26869019865989685,0.9366780519485474,0.20247063040733337,0.010089576244354248,0.0,0.25423184037208557,0.12457294762134552,8192,0.0,4.75,0.023600494489073753,49512448,82457,24176,1511,8.8402195,0.006154174808762037,0.004561204467609059,-5.299316146969796,-40.381233,0.008938093356846366,0.0018051434715744108,-5.25095226764679,,,0.95,0.9,both,4.291038867496413,3.6020967328303164,18.18225144483083,0.0,-17.863749,2279.6484799397995,8.8402195
303,1784863953.31585,,8.0,,8.0,,6.0,,6.0,,10.0,,10.0,,1.0,,1.0,,4.0,,4.0,,2.0,,2.0,,5.0,,5.0,,8.0,,8.0,,7.000000000000001,,5.0,,9.0,,0.5,,3.5000000000000004,,1.5000000000000002,,4.500000001862645,,7.0,0.0,0.004689127032179385,4.161724189710725e-07,1.667051289230585,0.20088136196136475,0.7381430864334106,0.14763452112674713,-0.004588879644870758,0.0,0.24836349487304688,0.13694456219673157,8192,0.0,4.75,0.026237094774842262,49676288,82669,24256,1516,-2.9451036,0.005416876146045979,0.005050334517727606,-5.300830942392349,-31.395773,0.019780536158941688,0.0031590623897500337,-5.243094938993454,,,0.95,0.9,both,4.446220945364628,4.352864815046301,18.10485140891035,0.0,-11.584058,2248.163371866243,-2.9451036
304,1784864023.6102848,,8.0,,8.0,,6.0,,6.0,,10.0,,10.0,,1.0,,1.0,,4.0,,4.0,,2.0,,2.0,,5.0,,5.0,,8.0,,8.0,,7.000000000000001,,5.0,,9.0,,0.5,,3.5000000000000004,,1.5000000000000002,,4.5,,7.0,0.0,0.0005804761312901974,2.216578587235611e-09,1.6660909056663513,0.13929212093353271,0.8899057507514954,0.10367684066295624,-0.00467904657125473,0.0,0.3216286301612854,0.1637330949306488,8192,0.0,4.75,0.02593218721449375,49840128,82855,24336,1521,8.0045185,0.005560151327517815,0.0050416730678989555,-5.2580835908651355,-24.419191,0.01642222803493496,0.0025005450384924187,-5.234716346859932,,,0.95,0.9,both,4.338111914267226,4.054207044418319,7.664382116428065,0.0,-50.17399,2330.7678162460843,8.0045185
305,1784864080.2099156,,8.0,,8.0,,6.0,,6.0,,10.0,,10.0,,1.0,,1.0,,4.0,,4.0,,2.0,,2.0,,5.0,,5.0,,8.0,,8.0,,7.000000000000001,,5.00000000372529,,9.0,,0.5,,3.5000000000000004,,1.5000000018626451,,4.5,,7.0,0.0,0.0010569273144938052,1.6186695180400723e-08,1.6657427102327347,0.1934523582458496,0.9977807998657227,0.17621184885501862,0.016472764313220978,0.0,0.25803342461586,0.14883440732955933,8192,0.0,4.75,0.017377037554979324,49971200,83045,24400,1525,-11.31351,0.008573791147500742,0.002675064124923665,-5.234352073073387,-35.243507,0.018798506638268007,0.0023225398501381276,-5.217658737301827,,,0.95,0.9,both,4.550940895917168,4.209891739196696,10.360827060191841,0.0,-35.075253,2894.718496375562,-11.31351
