# _tick,_time,plr_track_ground_roughness,track_ground_roughness,plr_track_pit_gap_low,track_pit_gap_low,plr_track_pit_gap_high,track_pit_gap_high,plr_track_stump_height_low,track_stump_height_low,plr_track_stump_height_high,track_stump_height_high,mean_env_return,adversary_env_pg_loss,adversary_env_value_loss,adversary_env_dist_entropy,steps,total_episodes,total_seeds,total_student_grad_updates,mean_agent_return,agent_value_loss,agent_pg_loss,agent_dist_entropy,mean_adversary_agent_return,adversary_value_loss,adversary_pg_loss,adversary_dist_entropy,kl_loss_advagent_agent,kl_loss_agent_advagent,agent_grad_norm,adversary_grad_norm,adversary_env_grad_norm,solved_rate:BipedalWalker-MADS-POET-Rose-2a-Eval-v0,test_returns:BipedalWalker-MADS-POET-Rose-2a-Eval-v0,target_agent_return,target_solved_rate,sps
0,1784900014.5454464,,4.688899386674166,,2.786752917454578,,6.084502376616001,,1.6728060394962085,,3.614765489473939,0.0,0.0,0.0,0.0,32768,40,16,1,-103.877884,0.14297836017794907,-0.004026347218314186,5.680109107494355,0,0.0,0.0,0.0,,,0.3547025652566429,0,0,0.0,-107.372696,-107.37269592285156,0.0,4107.643014507651
1,1784900051.9519882,,5.997557013761252,,3.4581667196471244,,6.589389210566878,,1.8851154844742268,,3.408504845574498,0.0,0.0,0.0,0.0,196608,247,96,6,-106.86635,0.10796557581052184,-0.002655347081599757,5.633873012661934,0,0.0,0.0,0.0,,,0.35826020718116497,0,0,0.0,-105.69331,-105.69331359863281,0.0,4379.984171062502
2,1784900094.040599,,6.392325983615592,,3.7653523217886686,,7.869725786149502,,1.0053344597690739,,3.0820265458896756,0.0,0.0,0.0,0.0,360448,450,176,11,-103.637344,0.0966767302248627,-0.0021927845737081952,5.581889814138412,0,0.0,0.0,0.0,,,0.3698605875428305,0,0,0.0,-143.52948,-143.52947998046875,0.0,3892.7414557866555
3,1784900135.6883056,,4.938538325950503,,2.701980776619166,,6.949831391684711,,1.3304409498232417,,2.8559409372974187,0.0,0.0,0.0,0.0,524288,601,256,16,-113.61412,0.041498353483621034,-0.002333977079251781,5.47116228044033,0,0.0,0.0,0.0,,,0.38763195657734434,0,0,0.0,-129.3481,-129.3480987548828,0.0,3933.9503720338953
4,1784900174.6926527,,3.3231770100974245,,3.013006066903472,,7.117269206792116,,1.3969426561379805,,3.238611207343638,0.0,0.0,0.0,0.0,688128,673,336,21,-112.79673,0.019620861153816803,-0.0027246936617302707,5.3380757689476015,0,0.0,0.0,0.0,,,0.41286581498499775,0,0,0.0,-131.31833,-131.31832885742188,0.0,4200.553238836611
5,1784900213.473501,,4.917654595919885,,4.082045275717974,,8.188537284731865,,1.837351157591911,,3.365242414001841,0.0,0.0,0.0,0.0,851968,704,416,26,-114.75264,0.016889095611986704,-0.003240776954771718,5.162439355254174,0,0.0,0.0,0.0,,,0.42612589192253714,0,0,0.0,-123.416405,-123.4164047241211,0.0,4224.769771498966
6,1784900251.9680166,,5.55883320979774,,4.148441409924999,,7.373840007930994,,1.9013030920177698,,3.270123447291553,0.0,0.0,0.0,0.0,1015808,734,496,31,-114.455444,0.018655973684508352,-0.0022777116013458,4.958094120025635,0,0.0,0.0,0.0,,,0.4833970150153942,0,0,0.0,-120.09474,-120.09474182128906,0.0,4256.189673172891
7,1784900292.2712142,,5.67345580086112,,3.8074882957153022,,6.341222254559398,,1.4095947332680225,,2.8499226132407784,0.0,0.0,0.0,0.0,1179648,771,576,36,-110.90126,0.03795330077409744,-0.0015888013942458202,4.82550932765007,0,0.0,0.0,0.0,,,0.4895324993525234,0,0,0.0,-122.817566,-122.81756591796875,0.0,4065.186697363382
8,1784900329.8356926,,6.0657649487257,,2.991320099681616,,5.791461854241788,,1.280096280388534,,2.654678295366466,0.0,0.0,0.0,0.0,1343488,805,656,41,-104.28487,0.018278254411416128,-0.0018934706415166147,4.661231568455696,0,0.0,0.0,0.0,,,0.5310024395993641,0,0,0.0,-107.69731,-107.69731140136719,0.0,4361.56746026755
9,1784900368.0196462,,6.217932631261647,,3.5230966936796904,,6.449647415429354,,1.5901083033531904,,3.220906797796488,0.0,0.0,0.0,0.0,1507328,845,736,46,-103.33147,0.020740180608117952,-0.002254242528579198,4.440929019451142,0,0.0,0.0,0.0,,,0.5915960957742877,0,0,0.0,-111.1165,-111.11650085449219,0.0,4290.808484261396
10,1784900406.6950037,,4.320966596715152,,3.7064937385730445,,7.33044371008873,,1.3638281003841257,,2.419780178606743,0.0,0.0,0.0,0.0,1671168,884,816,51,-100.381035,0.03042336959624663,-0.001446216442855075,4.240357592701912,0,0.0,0.0,0.0,,,0.6277043509106879,0,0,0.0,-107.29061,-107.29061126708984,0.0,4236.287541664909
11,1784900445.4918628,,7.232910264283419,,2.939675245434046,,5.256852526217699,,1.461076349223731,,2.808489727322012,0.0,0.0,0.0,0.0,1835008,926,896,56,-95.64399,0.034912472881842405,-0.001492914304981241,4.085030660033226,0,0.0,0.0,0.0,,,0.671302251083583,0,0,0.0,-107.028854,-107.02885437011719,0.0,4223.022909000025
12,1784900484.7518566,,6.872476069256663,,2.553859050385654,,6.204124577343464,,1.8893208116060123,,3.369020549580455,0.0,0.0,0.0,0.0,1998848,970,976,61,-97.72119,0.03362105762353167,-0.0007838621721020899,3.9259149923920633,0,0.0,0.0,0.0,,,0.7254118385215786,0,0,0.0,-107.11851,-107.1185073852539,0.0,4173.204797784195
13,1784900526.7432377,,5.778235175530426,,1.717909238577704,,5.492064245045185,,2.1699558658292517,,3.6733035324141383,0.0,0.0,0.0,0.0,2162688,1016,1056,66,-93.5435,0.026922728400677443,-0.0019358655816176906,3.770346362888813,0,0.0,0.0,0.0,,,0.7724836897543872,0,0,0.0,-112.979225,-112.9792251586914,0.0,3901.758373588784
14,1784900565.201574,,5.940713465679437,,2.176340374862775,,5.669185947626829,,1.459753797389567,,3.744595153257251,0.0,0.0,0.0,0.0,2326528,1060,1136,71,-96.34582,0.04146462394855917,-0.0013791243720334024,3.5867866411805154,0,0.0,0.0,0.0,,,0.8099450920786495,0,0,0.0,-106.14949,-106.14949035644531,0.0,4260.188568350276
15,1784900603.832637,,6.758399664831813,,1.8461448000743985,,6.760531570762396,,2.0104246929986402,,3.680022321641445,0.0,0.0,0.0,0.0,2490368,1105,1216,76,-93.112656,0.03779596670065075,-0.00041921528172679247,3.440257413685322,0,0.0,0.0,0.0,,,0.9257826743931121,0,0,0.0,-101.06697,-101.06697082519531,0.0,4241.142902091071
16,1784900644.0422103,,7.005535908974707,,2.8989089489914477,,5.33981186337769,,1.362461867465754,,3.3729427121579647,0.0,0.0,0.0,0.0,2654208,1151,1296,81,-92.8017,0.04554282511817291,0.0001834225346101448,3.2855060890316965,0,0.0,0.0,0.0,,,0.928095084769242,0,0,0.0,-102.83004,-102.83003997802734,0.0,4074.6538878936717
17,1784900681.6529732,,7.909064469859004,,2.7957364276517183,,6.37213971465826,,1.9211636879481375,,3.097376301884651,0.0,0.0,0.0,0.0,2818048,1200,1376,86,-91.93335,0.03954931852640584,-0.000738420058041811,3.150618426501751,0,0.0,0.0,0.0,,,0.9504898326529698,0,0,0.0,-95.5763,-95.57630157470703,0.0,4356.19698385279
18,1784900720.8592906,,6.531414724886417,,2.4359270016429946,,5.622071418911219,,1.8099564235308208,,3.6233506607823074,0.0,0.0,0.0,0.0,2981888,1253,1456,91,-91.03885,0.054102660878561436,-0.0005390762118622661,3.0332557410001755,0,0.0,0.0,0.0,,,0.9307956159983146,0,0,0.0,-94.78594,-94.78594207763672,0.0,4178.922309311647
19,1784900759.8206136,,6.631156373769045,,2.762351459823549,,5.622638985514641,,2.487491350620985,,3.729244526475668,0.0,0.0,0.0,0.0,3145728,1304,1536,96,-91.81563,0.04842527203727513,-0.00015295146877178923,2.9152852654457093,0,0.0,0.0,0.0,,,1.0235462332748992,0,0,0.0,-116.287476,-116.2874755859375,0.0,4205.1966737109915
20,1784900797.7147236,,7.308376075234264,,1.919416137970984,,5.054756426252425,,2.048617269610986,,3.4962522285059094,0.0,0.0,0.0,0.0,3309568,1356,1616,101,-91.483925,0.048733477352652696,-9.7817784990184e-06,2.7710312083363533,0,0.0,0.0,0.0,,,1.0904984113776344,0,0,0.0,-105.90999,-105.90998840332031,0.0,4323.624387414435
21,1784900837.2225351,,6.588095277547836,,1.583802431996446,,4.791404670104384,,2.464063303777948,,4.074158538132906,0.0,0.0,0.0,0.0,3473408,1410,1696,106,-91.008705,0.056331709027290344,0.00023063446569722147,2.6307410821318626,0,0.0,0.0,0.0,,,1.0162791367027808,0,0,0.0,-104.44685,-104.44685363769531,0.0,4147.038903003154
22,1784900874.837643,,7.1580687537789345,,1.2425365239323583,,5.543132135644555,,2.363136224448681,,3.724994631484151,0.0,0.0,0.0,0.0,3637248,1463,1776,111,-90.506714,0.04197877888800576,-0.0009470867546042428,2.515723815560341,0,0.0,0.0,0.0,,,1.10828553445298,0,0,0.0,-94.30281,-94.30281066894531,0.0,4355.688965506507
23,1784900913.3973062,,5.949917273246683,,2.873996034031734,,6.020932402461767,,1.8062003189697862,,3.340594156179577,0.0,0.0,0.0,0.0,3801088,1514,1856,116,-90.66478,0.04762153591727838,-0.00011735981679521501,2.4256576731801034,0,0.0,0.0,0.0,,,1.142299063770949,0,0,0.0,-101.868965,-101.86896514892578,0.0,4248.997457821403
24,1784900953.3712883,,6.830247230827808,,2.916420237161219,,6.63574269041419,,2.272552349313628,,3.8298453483730555,0.0,0.0,0.0,0.0,3964928,1571,1936,121,-93.46118,0.04702053425135091,-0.0009239096922101453,2.321980822086334,0,0.0,0.0,0.0,,,1.11930752284441,0,0,0.0,-107.703354,-107.70335388183594,0.0,4098.665403920938
25,1784900993.429351,,6.825032164342701,,2.4974407118861564,,4.788659889018163,,2.194278803654015,,3.513957066461444,0.0,0.0,0.0,0.0,4128768,1630,2016,126,-92.329704,0.05355449665803462,0.0005550354471779428,2.2727481827139853,0,0.0,0.0,0.0,,,1.224371464154008,0,0,0.0,-90.01235,-90.0123519897461,0.0,4090.0623429970324
26,1784901033.1735935,,6.547277178615332,,1.45934923668392,,5.95439204480499,,1.9632915104739368,,3.5656847013160586,0.0,0.0,0.0,0.0,4292608,1685,2096,131,-91.122574,0.04862240378279239,-0.0002474712280672975,2.193923592567444,0,0.0,0.0,0.0,,,1.1689785703992197,0,0,0.0,-105.31145,-105.31144714355469,0.0,4122.358030032367
27,1784901072.2236598,,5.277167893946171,,2.373252280485758,,6.201767139136791,,2.49276704780641,,3.677622522227466,0.0,0.0,0.0,0.0,4456448,1742,2176,136,-91.90161,0.045090500125661494,0.0003700027984450571,2.126330727338791,0,0.0,0.0,0.0,,,1.2672703222947628,0,0,0.0,-103.382935,-103.3829345703125,0.0,4195.641462980174
28,1784901111.0722353,,5.797476252046181,,1.8305356776545523,,5.393457445316017,,2.3352706083096564,,3.5697868186980486,0.0,0.0,0.0,0.0,4620288,1799,2256,141,-89.655106,0.043571770959533754,-0.0003501710154523607,2.029645782709122,0,0.0,0.0,0.0,,,1.2479727794672915,0,0,0.0,-100.027954,-100.0279541015625,0.0,4217.398618754779
29,1784901150.8015795,,5.7788525661453605,,2.600766713730991,,5.884548453614116,,2.0614931581076235,,3.3491293247789145,0.0,0.0,0.0,0.0,4784128,1855,2336,146,-89.58893,0.0417554910061881,-0.00027228401158936323,1.9557899489998818,0,0.0,0.0,0.0,,,1.3428472416222768,0,0,0.0,-90.164276,-90.16427612304688,0.0,4123.903210088643
30,1784901191.5822024,,5.7809252687729895,,2.134097460657358,,5.078760534524918,,1.9873708329396322,,3.5651895543560386,0.0,0.0,0.0,0.0,4947968,1911,2416,151,-90.86118,0.04717034782515839,-0.0003952939448936377,1.8466896899044514,0,0.0,0.0,0.0,,,1.28797226014077,0,0,0.0,-87.45518,-87.4551773071289,0.0,4017.595787567966
31,1784901231.9377904,,6.105828741565347,,3.2247032539453357,,6.318599991500378,,1.6541415502433665,,3.610959304496646,0.0,0.0,0.0,0.0,5111808,1973,2496,156,-90.26906,0.052126651990693065,-0.00028617060888791457,1.7329722210764884,0,0.0,0.0,0.0,,,1.2149062691718115,0,0,0.0,-107.65202,-107.65202331542969,0.0,4059.9090551991762
32,1784901271.7244394,,5.584505558945239,,2.058082916191779,,5.037252297624946,,2.0525928877759725,,3.5192103032022715,0.0,0.0,0.0,0.0,5275648,2033,2576,161,-88.929306,0.056233785557560624,0.00015820913395145909,1.6711558178067207,0,0.0,0.0,0.0,,,1.2736348621396474,0,0,0.0,-114.48616,-114.48616027832031,0.0,4117.963728441302
33,1784901311.3400683,,6.1384229408577085,,2.293395303422585,,6.4474692195653915,,2.372126121772453,,3.6864274530671537,0.0,0.0,0.0,0.0,5439488,2092,2656,166,-92.69875,0.04165446565020829,-0.0010046309631434268,1.5849070020020009,0,0.0,0.0,0.0,,,1.350532618831349,0,0,0.0,-110.40074,-110.40074157714844,0.0,4135.738308015557
34,1784901354.2946248,,6.322489315643907,,2.6484161929693073,,6.142698861658573,,1.8816159167363367,,3.429205580614507,0.0,0.0,0.0,0.0,5603328,2155,2736,171,-89.70531,0.050862379278987645,0.0009925927421136293,1.4934480309486389,0,0.0,0.0,0.0,,,1.4047301457644124,0,0,0.0,-90.6512,-90.65119934082031,0.0,3814.2665540321964
35,1784901392.6813214,,6.373674534261227,,1.6638557182159275,,5.448652654886246,,2.4465810041874647,,3.9102344308048487,0.0,0.0,0.0,0.0,5767168,2217,2816,176,-90.92534,0.05046106658410281,0.00024914351088227703,1.4201120503246785,0,0.0,0.0,0.0,,,1.5365056783047284,0,0,0.0,-93.46729,-93.46729278564453,0.0,4268.147303084838
36,1784901432.237841,,5.915422597900033,,2.8710420691641048,,6.031237114220858,,2.2431218591009383,,3.652396397665143,0.0,0.0,0.0,0.0,5931008,2282,2896,181,-91.712494,0.05197980439988896,0.0009073997629457153,1.30408109202981,0,0.0,0.0,0.0,,,1.5558966826346448,0,0,0.0,-113.77146,-113.7714614868164,0.0,4141.920724660568
37,1784901471.9487846,,6.217011399567127,,1.927975001744926,,5.469290195032954,,2.475846773304511,,3.990279263816774,0.0,0.0,0.0,0.0,6094848,2344,2976,186,-95.78493,0.04900947419228032,-0.00030322882739710624,1.2397112548351288,0,0.0,0.0,0.0,,,1.4878181880511714,0,0,0.0,-86.13315,-86.13314819335938,0.0,4125.815547983909
38,1784901514.6858788,,7.225025382358581,,1.8994894131901674,,6.440444663167,,2.227698061033152,,3.9356440445408225,0.0,0.0,0.0,0.0,6258688,2409,3056,191,-91.81372,0.07176283749286086,-0.00044388590613380073,1.114803107827902,0,0.0,0.0,0.0,,,1.5389163193942776,0,0,0.0,-101.22548,-101.22547912597656,0.0,3833.672309737364
39,1784901555.0194933,,7.5123941991478205,,3.013289160444401,,5.827494617551565,,1.858249497890938,,3.173690070398152,0.0,0.0,0.0,0.0,6422528,2473,3136,196,-93.481674,0.06441729518119246,-1.768837100826204e-05,1.015414509922266,0,0.0,0.0,0.0,,,1.6769264130281862,0,0,0.0,-128.75644,-128.75643920898438,0.0,4062.12074653451
40,1784901593.5208974,,5.102274351520464,,1.5082222549244761,,4.086639042943716,,2.264985981892096,,4.057855241699144,0.0,0.0,0.0,0.0,6586368,2540,3216,201,-90.65596,0.06081657556351274,0.0006786548474337906,0.9337285596877336,0,0.0,0.0,0.0,,,1.6522498816701354,0,0,0.0,-98.170135,-98.17013549804688,0.0,4255.423359084543
41,1784901635.1968393,,6.239969459711574,,1.688662435990409,,6.085434202104807,,1.7344112793216482,,3.418645318597555,0.0,0.0,0.0,0.0,6750208,2608,3296,206,-92.1333,0.07103291088715195,-0.0006730445893481374,0.8560391448438167,0,0.0,0.0,0.0,,,1.5408308610977635,0,0,0.0,-93.33486,-93.3348617553711,0.0,3931.2866136987045
42,1784901672.4923146,,7.144382623955607,,2.112728974316269,,6.147533915936947,,1.9371063157450408,,2.937384946271777,0.0,0.0,0.0,0.0,6914048,2678,3376,211,-92.88399,0.06489687159191818,0.0009926296217599884,0.7613196708261967,0,0.0,0.0,0.0,,,1.7676085780440656,0,0,0.0,-88.08584,-88.0858383178711,0.0,4393.0237298812335
43,1784901710.971675,,5.285388492047787,,2.8897328703897074,,5.414767572656274,,2.5877536083498853,,3.856007745489478,0.0,0.0,0.0,0.0,7077888,2741,3456,216,-87.30863,0.07681293559726328,0.0019677154035889544,0.6711953520774842,0,0.0,0.0,0.0,,,1.961170547074144,0,0,0.0,-106.638016,-106.63801574707031,0.0,4257.867699570224
44,1784901753.2501118,,5.210810889257118,,2.551696056034416,,5.957410759292543,,2.3701179935596883,,3.978989168535918,0.0,0.0,0.0,0.0,7241728,2806,3536,221,-88.5133,0.05755102531984448,0.0011658171308226884,0.5974527966231108,0,0.0,0.0,0.0,,,1.8287307273404736,0,0,0.0,-90.45026,-90.45025634765625,0.0,3875.261106133922
45,1784901791.8501694,,5.649372671032324,,1.978974956437014,,5.361144952476025,,1.6055134136695415,,2.6999154733493924,0.0,0.0,0.0,0.0,7405568,2879,3616,226,-96.59174,0.062049905955791476,-0.000582396617392078,0.5193731557577849,0,0.0,0.0,0.0,,,1.8099170251082572,0,0,0.0,-96.425415,-96.4254150390625,0.0,4244.552805092836
46,1784901833.023986,,7.260689993854612,,1.9924672271008603,,5.535988193005323,,1.9876909465529025,,3.86788172647357,0.0,0.0,0.0,0.0,7569408,2950,3696,231,-90.82949,0.08283729320392012,0.000291574391303584,0.46763740107417107,0,0.0,0.0,0.0,,,1.8915028132745566,0,0,0.0,-88.59906,-88.59906005859375,0.0,3979.2279652611232
47,1784901872.087254,,6.667735315859318,,2.5599232385866344,,6.374865807592869,,1.9745890930789756,,3.554935639258474,0.0,0.0,0.0,0.0,7733248,3024,3776,236,-94.508255,0.08642584374174475,0.0004337439953815192,0.4370566939935088,0,0.0,0.0,0.0,,,1.9775587122383826,0,0,0.0,-93.899704,-93.89970397949219,0.0,4194.2215119441735
48,1784901910.382301,,5.60787639580667,,3.110249826859217,,5.964433224871755,,2.5971684511750937,,3.9991027861833572,0.0,0.0,0.0,0.0,7897088,3094,3856,241,-86.87929,0.07127625369466842,0.001534342925879173,0.3799186496064067,0,0.0,0.0,0.0,,,1.9704592036380355,0,0,0.0,-92.79194,-92.79193878173828,0.0,4278.363227629281
49,1784901953.005776,,6.684382408857346,,1.9463187834480777,,5.19518849439919,,2.327736099541653,,3.450077073648572,0.0,0.0,0.0,0.0,8060928,3170,3936,246,-90.67262,0.06976623726077377,6.116576550994069e-05,0.360272479057312,0,0.0,0.0,0.0,,,2.0489849020185344,0,0,0.0,-90.108185,-90.10818481445312,0.0,3843.8889860914387
50,1784901992.3685539,,5.366837824694812,,2.407657864387147,,6.3315794337540865,,1.9560748524963856,,3.633376737125218,0.0,0.0,0.0,0.0,8224768,3243,4016,251,-91.78462,0.08677671125624328,0.0008593298465711996,0.3286978514865041,0,0.0,0.0,0.0,,,2.028727850786181,0,0,0.0,-90.302895,-90.30289459228516,0.0,4162.307551478657
51,1784902034.9930804,,5.954726533964276,,2.094654868124053,,5.475697983056307,,2.073866947175702,,4.149925345554948,0.0,0.0,0.0,0.0,8388608,3316,4096,256,-90.89383,0.09217586293816567,0.0009228968701791018,0.28679960537701843,0,0.0,0.0,0.0,,,2.025443317943857,0,0,0.0,-90.61351,-90.61351013183594,0.0,3843.7995830663936
52,1784902073.7337747,,5.643856067908928,,3.271473820786923,,6.099819811061025,,1.9826588954310864,,3.5972032230347395,0.0,0.0,0.0,0.0,8552448,3389,4176,261,-85.90083,0.07184437601827084,0.001642352833005134,0.22364092348143458,0,0.0,0.0,0.0,,,2.0629328263376143,0,0,0.0,-93.14829,-93.1482925415039,0.0,4229.143249130186
53,1784902116.039479,,5.5740816751495,,3.111011772416532,,6.313026803545654,,1.9309997667733114,,3.3425829093903303,0.0,0.0,0.0,0.0,8716288,3468,4256,266,-90.339676,0.0818808316020295,0.0003481591193121858,0.17547918278723956,0,0.0,0.0,0.0,,,2.1335975441789743,0,0,0.0,-91.72682,-91.72682189941406,0.0,3872.7646319517735
54,1784902154.4136374,,5.969683085568249,,1.987000295193866,,4.940774366259575,,2.299452673360065,,3.7270611454732716,0.0,0.0,0.0,0.0,8880128,3543,4336,271,-87.59984,0.07212371490895748,0.002501705216127448,0.13214463368058205,0,0.0,0.0,0.0,,,2.367575666397636,0,0,0.0,-95.38411,-95.38410949707031,0.0,4269.536603696348
55,1784902196.7721205,,5.744956865673885,,2.161496141925454,,5.105280773714185,,1.8418505898443982,,3.8284488953649998,0.0,0.0,0.0,0.0,9043968,3615,4416,276,-87.23527,0.07204653518274426,0.0020243862687493674,0.07373847290873528,0,0.0,0.0,0.0,,,2.191634443750317,0,0,0.0,-88.17485,-88.17485046386719,0.0,3867.9380952271904
56,1784902235.9314568,,4.496202217414975,,2.9032263200497255,,6.043012952432036,,2.1800105550937587,,3.5602725902572274,0.0,0.0,0.0,0.0,9207808,3689,4496,281,-86.15786,0.0761124026728794,0.003056155765079893,0.014892463386058808,0,0.0,0.0,0.0,,,2.5475997978741924,0,0,0.0,-78.6992,-78.69920349121094,0.0,4183.935457850043
57,1784902279.104613,,6.092968555894913,,2.0925757457735017,,6.1666991747915745,,1.4246682700468227,,3.407931854017079,0.0,0.0,0.0,0.0,9371648,3762,4576,286,-87.04395,0.06749605585355312,0.0019853329431498423,-0.03974684402346611,0,0.0,0.0,0.0,,,2.3555737355320168,0,0,0.0,-84.819534,-84.81953430175781,0.0,3794.9510007341405
58,1784902319.213405,,6.6146558709442616,,2.3077622102573514,,6.036878507584333,,1.5302982027060352,,3.028764850459993,0.0,0.0,0.0,0.0,9535488,3838,4656,291,-87.20012,0.07404292400460691,0.0010973221418680624,-0.08963298723101616,0,0.0,0.0,0.0,,,2.3203331381191568,0,0,0.0,-93.60541,-93.60540771484375,0.0,4084.8896298123614
59,1784902363.8338459,,6.252744479570538,,1.3727296266006306,,5.8475852478295565,,2.300968371273484,,3.7388697266578674,0.0,0.0,0.0,0.0,9699328,3910,4736,296,-86.44462,0.08153073997236789,0.0011204233858734369,-0.17159243477508426,0,0.0,0.0,0.0,,,2.1988195343827894,0,0,0.0,-84.3405,-84.34049987792969,0.0,3671.859274720542
60,1784902403.4025605,,6.11475333571434,,2.0661898027174175,,5.844163177534938,,1.900707414606586,,3.332196860574186,0.0,0.0,0.0,0.0,9863168,3983,4816,301,-86.48329,0.06893286500126124,0.0007400471527944319,-0.22433890867978334,0,0.0,0.0,0.0,,,2.312371607913751,0,0,0.0,-83.88609,-83.88609313964844,0.0,4140.645793311174
61,1784902448.6483567,,5.544739831238985,,1.9750662766455207,,6.412798990495503,,1.7664176932885312,,3.2376046618446708,0.0,0.0,0.0,0.0,10027008,4058,4896,306,-86.7331,0.06479051448404789,0.0009220857478794642,-0.2614398987963796,0,0.0,0.0,0.0,,,2.3207100719620426,0,0,0.0,-75.42151,-75.4215087890625,0.0,3621.1093361935773
62,1784902490.7471728,,3.645317282862379,,2.4271233289618976,,5.4600561782717705,,1.8220599088817835,,3.922181762754917,0.0,0.0,0.0,0.0,10190848,4130,4976,311,-88.2275,0.07845476511865854,0.001545764056209009,-0.30098032746464015,0,0.0,0.0,0.0,,,2.2099314260323606,0,0,0.0,-79.941956,-79.94195556640625,0.0,3891.7964306782633
63,1784902538.1612523,,6.203327920520678,,2.013332647329662,,5.994203286245465,,1.782342785190849,,3.473078440874815,0.0,0.0,0.0,0.0,10354688,4200,5056,316,-86.13567,0.0689153395127505,0.0015776860520418268,-0.3743023930117488,0,0.0,0.0,0.0,,,2.428385235065334,0,0,0.0,-79.534584,-79.53458404541016,0.0,3455.513460015188
64,1784902579.0580323,,7.011345899663866,,2.0615571536473,,5.576758403331041,,1.7631065158639103,,3.5898691788315773,0.0,0.0,0.0,0.0,10518528,4269,5136,321,-86.583046,0.06777305179275572,0.001485658180899918,-0.44492854960262773,0,0.0,0.0,0.0,,,2.310029255219629,0,0,0.0,-90.93747,-90.93746948242188,0.0,4006.183371502261
65,1784902617.7675893,,5.8070207899436355,,2.5093776916037314,,6.7545366287231445,,2.0581963378936052,,3.826915053650737,0.0,0.0,0.0,0.0,10682368,4339,5216,326,-87.68551,0.07110646122600883,0.0013215041224611923,-0.4857396258041263,0,0.0,0.0,0.0,,,2.5249131651647514,0,0,0.0,-86.0703,-86.07029724121094,0.0,4232.543540874392
66,1784902662.97573,,5.487199454801157,,2.348734667757526,,4.6320385206490755,,1.8975273286923766,,3.5486935498192906,0.0,0.0,0.0,0.0,10846208,4415,5296,331,-88.021225,0.07033435385674239,0.0025161522935377434,-0.5136831562966109,0,0.0,0.0,0.0,,,2.642015159560081,0,0,0.0,-78.63823,-78.63822937011719,0.0,3624.1288663169903
67,1784902703.4120758,,5.5442555458284914,,3.4143542405217886,,6.052673133090138,,1.3663110247580335,,3.12957473564893,0.0,0.0,0.0,0.0,11010048,4491,5376,336,-86.607796,0.09324850616976618,0.0022299751610262318,-0.5634432725608349,0,0.0,0.0,0.0,,,2.5241084088551475,0,0,0.0,-92.941154,-92.94115447998047,0.0,4051.8015698499003
68,1784902751.4629703,,5.625885446788743,,2.7374840572156245,,4.940403611399233,,2.3340318689588457,,3.6995604913681746,0.0,0.0,0.0,0.0,11173888,4568,5456,341,-90.36867,0.08318882323801517,0.001573989019379951,-0.6074702516198158,0,0.0,0.0,0.0,,,2.582339422650862,0,0,0.0,-72.30514,-72.30513763427734,0.0,3409.7163955450937
69,1784902793.119064,,3.926695028785616,,2.643886699806899,,5.550769837573171,,2.256606486043893,,3.629251359961927,0.0,0.0,0.0,0.0,11337728,4641,5536,346,-87.06956,0.074310297309421,0.0025808009726461024,-0.6861902251839638,0,0.0,0.0,0.0,,,2.5531062198851253,0,0,0.0,-69.71807,-69.71807098388672,0.0,3933.15837375894
70,1784902838.249938,,6.341639716538339,,2.4988236965145916,,5.6458913162350655,,1.6567034379295364,,3.389318212866783,0.0,0.0,0.0,0.0,11501568,4719,5616,351,-86.81537,0.061575427954085174,0.0024133927065122405,-0.7161516297608614,0,0.0,0.0,0.0,,,2.8267697233726468,0,0,0.0,-100.54784,-100.54783630371094,0.0,3630.33142493998
71,1784902878.405422,,5.813405892113224,,1.8408723338507116,,4.90947375074029,,1.6197369954898022,,3.1598552875220776,0.0,0.0,0.0,0.0,11665408,4793,5696,356,-87.25624,0.07451050297822803,0.0018201050072093495,-0.7592886440455914,0,0.0,0.0,0.0,,,2.607668254705529,0,0,0.0,-84.38285,-84.38285064697266,0.0,4080.138478595572
72,1784902925.5732563,,5.959158847108483,,2.4057409664965235,,5.55629774928093,,2.214900163235143,,3.8814416900277138,0.0,0.0,0.0,0.0,11829248,4864,5776,361,-86.678955,0.07193718866910785,0.00108015891892137,-0.8238684978336096,0,0.0,0.0,0.0,,,2.6017583859630937,0,0,0.0,-82.63088,-82.6308822631836,0.0,3473.5535831825746
73,1784902964.4418743,,5.441123674972914,,2.554169736104086,,6.752230487763882,,1.7173971445299685,,3.4705905336886644,0.0,0.0,0.0,0.0,11993088,4939,5856,366,-88.45311,0.08318876547273249,0.0027847814322740304,-0.8713800422847271,0,0.0,0.0,0.0,,,2.8464978004762282,0,0,0.0,-85.67012,-85.67012023925781,0.0,4215.223053005988
74,1784903014.206414,,6.2070432235486805,,2.788378798868507,,5.296333469450474,,2.1001393045298755,,3.4726165886968374,0.0,0.0,0.0,0.0,12156928,5012,5936,371,-86.7692,0.08508228035643697,0.0026961771538481115,-0.9053916908800602,0,0.0,0.0,0.0,,,2.9586778123255706,0,0,0.0,-65.64027,-65.64026641845703,0.0,3292.30592571846
75,1784903054.9124405,,6.439320272766054,,3.4081663750112057,,7.387609593570232,,1.3372902998526115,,3.265385611448437,0.0,0.0,0.0,0.0,12320768,5082,6016,376,-86.67144,0.0613449101569131,0.0029550861749157776,-0.9478742029517889,0,0.0,0.0,0.0,,,2.9747121295451886,0,0,0.0,-89.711044,-89.71104431152344,0.0,4024.9541445775394
76,1784903101.360293,,4.721281649544835,,2.0128110196674243,,6.283362004905939,,2.2852375148795545,,4.038532841950655,0.0,0.0,0.0,0.0,12484608,5157,6096,381,-87.89298,0.06875785544980317,0.0022256077740166803,-0.9852024253457785,0,0.0,0.0,0.0,,,2.8696229216189826,0,0,0.0,-76.411194,-76.41119384765625,0.0,3527.3994964363565
77,1784903143.6973338,,4.825720500048192,,1.7220238441950642,,5.37508892826736,,1.8415964777523186,,3.622338892892003,0.0,0.0,0.0,0.0,12648448,5235,6176,386,-89.89409,0.07693333928473294,0.0018116121835191734,-0.9839738488197327,0,0.0,0.0,0.0,,,2.528118205897679,0,0,0.0,-76.4326,-76.43260192871094,0.0,3869.8978340476565
78,1784903191.3121986,,5.789757575839758,,2.149241578299552,,6.448548920452595,,1.702993247890845,,3.986088214442134,0.0,0.0,0.0,0.0,12812288,5311,6256,391,-88.63435,0.08788962576072663,0.002768779893813189,-0.9906595725566149,0,0.0,0.0,0.0,,,2.8764479529755156,0,0,0.0,-87.77976,-87.7797622680664,0.0,3440.944032202081
79,1784903232.218792,,5.11418798007071,,1.935414131730795,,5.52235028706491,,2.319384537404403,,3.9063211996108294,0.0,0.0,0.0,0.0,12976128,5396,6336,396,-87.12159,0.0704729878809303,0.0015432030835654587,-1.0080640338361264,0,0.0,0.0,0.0,,,2.5258096179438865,0,0,0.0,-77.835266,-77.83526611328125,0.0,4005.2157036580375
80,1784903281.350189,,5.112768181134015,,1.4790534409985412,,4.639797946438193,,2.077327216975391,,3.5748029686510563,0.0,0.0,0.0,0.0,13139968,5472,6416,401,-89.937874,0.05364363540429622,0.0024210174145991915,-1.0561875320971013,0,0.0,0.0,0.0,,,2.8726930578666243,0,0,0.0,-69.76713,-69.76712799072266,0.0,3334.7332266202434
81,1784903322.4177887,,4.489129408029839,,2.2789761591229762,,6.4064606465399265,,1.954084696189966,,3.6751815350726247,0.0,0.0,0.0,0.0,13303808,5549,6496,406,-85.68352,0.07051578524988145,0.0008086593486950732,-1.0999757111072541,0,0.0,0.0,0.0,,,2.8474019182091466,0,0,0.0,-93.27984,-93.27983856201172,0.0,3989.51715436694
82,1784903371.4531415,,4.423834816552699,,2.1637319601722993,,5.101619763299823,,1.5626477566547692,,3.4419951029121876,0.0,0.0,0.0,0.0,13467648,5624,6576,411,-86.71737,0.08030093470588326,0.0021525708027184008,-1.1289899207651615,0,0.0,0.0,0.0,,,2.8356709893643193,0,0,0.0,-88.7656,-88.7656021118164,0.0,3341.264950802535
83,1784903420.1360378,,6.2258205795660615,,3.2370348228141665,,6.552852289751172,,1.594303059973754,,3.2385895121842623,0.0,0.0,0.0,0.0,13631488,5701,6656,416,-85.8298,0.06984033521730452,0.0017897976635140368,-1.1666480407118798,0,0.0,0.0,0.0,,,2.7798277642624347,0,0,0.0,-75.21706,-75.21705627441406,0.0,3365.4525849983456
84,1784903461.7866929,,4.001730347517878,,2.1834750985726714,,5.775181595236063,,1.7168678816233296,,3.743334434693679,0.0,0.0,0.0,0.0,13795328,5779,6736,421,-86.74959,0.06339005103800446,0.000950939126778394,-1.2077003434300422,0,0.0,0.0,0.0,,,2.6812041269856692,0,0,0.0,-80.02497,-80.02497100830078,0.0,3933.671778479875
85,1784903510.1887739,,4.843362756073475,,2.6949122734367847,,6.21425193734467,,1.6818724959739484,,3.8396086310967803,0.0,0.0,0.0,0.0,13959168,5852,6816,426,-86.57047,0.07682193629443645,0.0018587477170513012,-1.2321671709418296,0,0.0,0.0,0.0,,,2.9353334450888275,0,0,0.0,-73.46416,-73.46415710449219,0.0,3384.976348544127
86,1784903552.4151974,,3.248475582804531,,2.020370392128825,,5.259431470185518,,1.345726559520699,,3.081535422243178,0.0,0.0,0.0,0.0,14123008,5924,6896,431,-86.74398,0.07807701982092112,0.002456747315591201,-1.2902799732983112,0,0.0,0.0,0.0,,,2.895042057805804,0,0,0.0,-81.911964,-81.9119644165039,0.0,3880.0383536972586
87,1784903593.4428039,,5.287927086465061,,2.831386774778366,,5.072953756898642,,1.8996158539084718,,3.756278669461608,0.0,0.0,0.0,0.0,14286848,5991,6976,436,-86.780136,0.07513253083452583,0.00327417333755875,-1.3185813315212727,0,0.0,0.0,0.0,,,3.1725546723532596,0,0,0.0,-94.4305,-94.43049621582031,0.0,3993.4066190221542
88,1784903641.6452825,,5.8156937547028065,,2.4624513363232836,,4.790061246603727,,2.2454164249938913,,3.873731968924403,0.0,0.0,0.0,0.0,14450688,6064,7056,441,-86.51729,0.07939738400746137,0.0032863751315744595,-1.3152098886668682,0,0.0,0.0,0.0,,,2.946463114594107,0,0,0.0,-104.46647,-104.46646881103516,0.0,3398.9952827720963
89,1784903685.6154895,,5.728460122300021,,2.6124695991165936,,6.025576367974281,,1.9963821361307055,,3.7134983530268073,0.0,0.0,0.0,0.0,14614528,6136,7136,446,-88.21093,0.06298819275107234,0.0017982831064728088,-1.3371093325316905,0,0.0,0.0,0.0,,,2.9526148985551584,0,0,0.0,-88.46533,-88.46533203125,0.0,3726.160132203473
90,1784903736.5347478,,5.371425411431119,,2.6154097670223564,,5.832835165783763,,2.3505892537650652,,3.658516746945679,0.0,0.0,0.0,0.0,14778368,6204,7216,451,-86.56172,0.06781476591713727,0.002805694741255138,-1.3806121483445168,0,0.0,0.0,0.0,,,3.2345647677097773,0,0,0.0,-91.62803,-91.6280288696289,0.0,3217.6426683937857
91,1784903777.8345077,,6.0123179061338305,,2.713164882734418,,5.745294624939561,,1.5458697659050813,,3.3578862342983484,0.0,0.0,0.0,0.0,14942208,6270,7296,456,-90.00805,0.05104243733221665,0.0009646268648793921,-1.4260727740824222,0,0.0,0.0,0.0,,,3.1745356152609623,0,0,0.0,-84.656586,-84.65658569335938,0.0,3967.0924585136463
92,1784903818.7935889,,4.396994831040502,,1.5220460819546133,,4.387116888538003,,2.500848814379424,,3.7569017335772514,0.0,0.0,0.0,0.0,15106048,6343,7376,461,-86.58827,0.07287370497360826,0.0021188603044720367,-1.46955471560359,0,0.0,0.0,0.0,,,2.9511229815065514,0,0,0.0,-78.37593,-78.37593078613281,0.0,4000.088596103449
93,1784903866.9086282,,4.717306454258505,,3.2131179730640724,,5.877114338800311,,1.6143095896404702,,3.4865788160823286,0.0,0.0,0.0,0.0,15269888,6416,7456,466,-88.036545,0.0840098184067756,0.0030098351286142132,-1.5004910595715046,0,0.0,0.0,0.0,,,3.217589775317223,0,0,0.0,-82.368454,-82.36845397949219,0.0,3405.1724154687095
94,1784903906.0724993,,4.95897326618433,,1.8847519776318222,,4.854124030098319,,1.8485199380666018,,3.1918411422520876,0.0,0.0,0.0,0.0,15433728,6493,7536,471,-88.400536,0.07754607961978763,0.0029386421010713093,-1.5301943577826023,0,0.0,0.0,0.0,,,3.087584871012433,0,0,0.0,-91.641655,-91.64165496826172,0.0,4183.447743784327
95,1784903955.6229908,,6.407945496030152,,2.3719992605037987,,5.511206770315766,,1.513614803807286,,2.9751093359664083,0.0,0.0,0.0,0.0,15597568,6571,7616,476,-86.43763,0.07294838996604085,0.0006803413416491821,-1.55968823954463,0,0.0,0.0,0.0,,,2.8939526296733944,0,0,0.0,-74.20766,-74.20765686035156,0.0,3306.5274106692086
96,1784903997.7665431,,5.1937152980826795,,1.7982164025306702,,5.724561121314764,,2.4789215705823153,,3.882050607353449,0.0,0.0,0.0,0.0,15761408,6649,7696,481,-88.93207,0.06610562382265925,0.0019293524805107155,-1.595648954063654,0,0.0,0.0,0.0,,,2.95731569662869,0,0,0.0,-69.08841,-69.08840942382812,0.0,3887.664324944882
97,1784904046.2631721,,4.449601586675271,,2.45862765586935,,6.2339588440954685,,2.739707855503184,,4.160998966544867,0.0,0.0,0.0,0.0,15925248,6727,7776,486,-87.12185,0.08326495597139001,0.001993142296851147,-1.617829719185829,0,0.0,0.0,0.0,,,2.970338890470922,0,0,0.0,-73.422516,-73.42251586914062,0.0,3378.3787298931165
98,1784904095.399303,,6.188092045485973,,2.1298365632537752,,5.391727890819311,,1.9537475834658835,,3.406890956684947,0.0,0.0,0.0,0.0,16089088,6803,7856,491,-86.81406,0.060413460712879896,0.0021440433061798102,-1.6131138384342194,0,0.0,0.0,0.0,,,3.231119140506567,0,0,0.0,-79.153435,-79.15343475341797,0.0,3334.4091573962905
99,1784904136.5637062,,5.864488882943988,,2.550894774030894,,6.932792756706476,,1.7599199633696117,,3.1287060771137476,0.0,0.0,0.0,0.0,16252928,6877,7936,496,-85.589485,0.0685076866298914,0.0022863380239869003,-1.6260473519563674,0,0.0,0.0,0.0,,,3.1519202275594416,0,0,0.0,-65.1442,-65.14420318603516,0.0,3980.139348261781
100,1784904186.8392167,,4.896792941726744,,2.0666507026180625,,4.97077064588666,,1.350039443859714,,3.2321452163159847,0.0,0.0,0.0,0.0,16416768,6953,8016,501,-88.10165,0.07452874470036477,0.001533230752829695,-1.6462974362075329,0,0.0,0.0,0.0,,,3.0167890257737007,0,0,0.0,-64.752235,-64.75223541259766,0.0,3258.842027887015
101,1784904226.2496955,,5.3297019097954035,,2.423839308321476,,6.3545422069728374,,1.700534268966294,,3.24339612852782,0.0,0.0,0.0,0.0,16580608,7033,8096,506,-85.6343,0.07928522003348917,0.0016552267508814112,-1.653638242185116,0,0.0,0.0,0.0,,,3.1483634797821765,0,0,0.0,-86.46739,-86.46739196777344,0.0,4157.271741594047
102,1784904277.1374323,,4.541138535132632,,2.327342643402517,,4.703433597460389,,2.1728719733073376,,3.702722005546093,0.0,0.0,0.0,0.0,16744448,7111,8176,511,-86.02543,0.0665327742928639,0.002745921435416676,-1.661102719604969,0,0.0,0.0,0.0,,,3.2534748304024377,0,0,0.0,-59.68348,-59.68347930908203,0.0,3219.6362490157244
103,1784904320.1987698,,3.334010777180083,,1.798992261174135,,5.439583091065288,,1.5616249112645164,,3.552585942670703,0.0,0.0,0.0,0.0,16908288,7189,8256,516,-86.26748,0.07675748916808516,0.000531855586450547,-1.6943213753402233,0,0.0,0.0,0.0,,,3.049227108299342,0,0,0.0,-70.54567,-70.54566955566406,0.0,3804.8049058991564
104,1784904369.280996,,6.238094922155142,,2.933577559888363,,6.391444858163595,,1.864440393546829,,3.5627767583355308,0.0,0.0,0.0,0.0,17072128,7269,8336,521,-87.95341,0.06994570782408119,0.0027555556676816194,-1.729918497055769,0,0.0,0.0,0.0,,,3.1683422634916716,0,0,0.0,-86.72835,-86.72834777832031,0.0,3338.0709140438357
105,1784904411.2802224,,5.363510898314416,,3.0823862366378307,,6.3641460705548525,,1.8798960460117087,,3.6956001818180084,0.0,0.0,0.0,0.0,17235968,7348,8416,526,-87.15936,0.06167548764497042,0.002118792285909876,-1.7437632702291013,0,0.0,0.0,0.0,,,3.0294623184651184,0,0,0.0,-72.05638,-72.05638122558594,0.0,3901.0243872684946
106,1784904460.9625137,,3.95079942594748,,2.0838330581318587,,4.6593578066676855,,2.328065384645015,,3.981701470911503,0.0,0.0,0.0,0.0,17399808,7428,8496,531,-86.12887,0.07329977268818766,0.0021133883215952664,-1.7607806660234928,0,0.0,0.0,0.0,,,2.9346251290032845,0,0,0.0,-91.4657,-91.4656982421875,0.0,3297.7552794311737
107,1784904511.0450263,,5.356266302987933,,2.4008103052619845,,5.019381949678063,,1.7686196412250865,,3.70602167211473,0.0,0.0,0.0,0.0,17563648,7509,8576,536,-85.83047,0.09661319840233773,0.002390468361954845,-1.7545923493802547,0,0.0,0.0,0.0,,,3.1568340006637357,0,0,0.0,-87.67892,-87.67891693115234,0.0,3271.4005878754683
108,1784904552.8613477,,4.9698375968728215,,2.5611461931839585,,5.914811482653022,,1.331802046915982,,3.190231160260737,0.0,0.0,0.0,0.0,17727488,7591,8656,541,-84.674416,0.07976850818376988,0.002569324761861935,-1.7809969618916512,0,0.0,0.0,0.0,,,3.161966398291569,0,0,0.0,-79.262985,-79.26298522949219,0.0,3918.0883799517915
109,1784904604.723909,,5.032773177372292,,2.0669338980223984,,5.1599830482155085,,1.7037266306579113,,3.113241270184517,0.0,0.0,0.0,0.0,17891328,7670,8736,546,-85.6698,0.08111667700577527,0.0030305257481813897,-1.7866492733359336,0,0.0,0.0,0.0,,,3.120769572285758,0,0,0.0,-71.541695,-71.54169464111328,0.0,3159.118232697969
110,1784904647.009089,,5.101714183110744,,2.4142993823625147,,5.276122111827135,,1.452340898104012,,3.5772623820230365,0.0,0.0,0.0,0.0,18055168,7747,8816,551,-84.672066,0.0719120963709429,0.0033007425401592625,-1.7812199160456657,0,0.0,0.0,0.0,,,3.02345394070042,0,0,0.0,-63.709698,-63.70969772338867,0.0,3874.645355826244
111,1784904700.2613933,,5.465535218827426,,2.5585942080761015,,6.702538942918181,,2.2519953647861257,,3.7878030678257346,0.0,0.0,0.0,0.0,18219008,7827,8896,556,-85.93623,0.09474257500842213,0.0030853135303914314,-1.8112675167620182,0,0.0,0.0,0.0,,,3.1862172030431344,0,0,0.0,-58.401375,-58.40137481689453,0.0,3076.6736980391875
112,1784904752.1384509,,6.3463587872684,,1.302853977540508,,5.506087122485042,,1.7791749723255634,,3.46214069519192,0.0,0.0,0.0,0.0,18382848,7905,8976,561,-85.6872,0.07083491005469114,0.002326309109048452,-1.82070944160223,0,0.0,0.0,0.0,,,3.130680214811318,0,0,0.0,-68.97902,-68.97901916503906,0.0,3158.2366856627846
113,1784904794.2452943,,4.934193769004196,,1.8798967800103128,,5.710819289088249,,1.624500238976907,,3.442284967750311,0.0,0.0,0.0,0.0,18546688,7985,9056,566,-84.984024,0.0753500163787976,0.0018549985950812697,-1.8341099888086319,0,0.0,0.0,0.0,,,3.1986022896930972,0,0,0.0,-66.64994,-66.64994049072266,0.0,3891.052743348133
114,1784904846.2608466,,4.726893949555233,,2.886411852668971,,4.875942347571254,,1.6894622673862614,,3.016394372098148,0.0,0.0,0.0,0.0,18710528,8061,9136,571,-85.09432,0.06904012139420956,0.0024977063032565637,-1.826875638961792,0,0.0,0.0,0.0,,,3.174344950596496,0,0,0.0,-68.88539,-68.88539123535156,0.0,3149.8270193777353
115,1784904887.981723,,4.702871167100966,,1.7756337160244584,,5.501893595792353,,0.8579347643535584,,3.0848736653570086,0.0,0.0,0.0,0.0,18874368,8144,9216,576,-85.0249,0.08798617692664265,0.0026567865279503167,-1.8273875199258327,0,0.0,0.0,0.0,,,3.0722090133847573,0,0,0.0,-67.353165,-67.35316467285156,0.0,3927.052284316664
116,1784904941.4910998,,3.9044262701645494,,2.579799859668128,,7.042364552617073,,1.5992768824798986,,3.3024829998612404,0.0,0.0,0.0,0.0,19038208,8225,9296,581,-84.81128,0.09002194113563747,0.002971511965733953,-1.8530181176960467,0,0.0,0.0,0.0,,,2.935359665265529,0,0,0.0,-54.592964,-54.59296417236328,0.0,3061.89298002821
117,1784904993.0729501,,5.901080589974299,,2.8889803239144385,,6.2121479492634535,,2.5155540416017175,,4.161483608186245,0.0,0.0,0.0,0.0,19202048,8301,9376,586,-85.29411,0.07474435169715435,0.0027827577490825207,-1.8651876226067543,0,0.0,0.0,0.0,,,3.138605583612706,0,0,0.0,-90.76289,-90.76289367675781,0.0,3176.310385736985
118,1784905035.6529145,,6.361703817963189,,1.6905382834374905,,6.220885086804628,,2.370823982055299,,4.049034686759114,0.0,0.0,0.0,0.0,19365888,8375,9456,591,-84.22261,0.07964484100230038,0.0018775606687995606,-1.8843137606978417,0,0.0,0.0,0.0,,,3.2096138363318945,0,0,0.0,-66.20611,-66.20610809326172,0.0,3847.819907172001
119,1784905077.144654,,4.6262734034098685,,1.9612636446254328,,5.51833095960319,,2.3445159243419766,,3.7379764765501022,0.0,0.0,0.0,0.0,19529728,8449,9536,596,-84.479164,0.09228356294333935,0.0019457146641798317,-1.8769858621060849,0,0.0,0.0,0.0,,,3.057533898747323,0,0,0.0,-89.45432,-89.4543228149414,0.0,3948.74004301521
120,1784905129.408001,,6.8112980760633945,,1.550397602522935,,5.832302616909146,,1.99148615996819,,4.001995585858822,0.0,0.0,0.0,0.0,19693568,8523,9616,601,-85.51449,0.0703466533916071,0.00150708402870805,-1.916437491029501,0,0.0,0.0,0.0,,,3.004726905540654,0,0,0.0,-79.31528,-79.31527709960938,0.0,3134.8910251485595
121,1784905172.8817794,,6.280356320203282,,1.7984019656432793,,5.875875763595104,,1.675522676523542,,3.3665901131462306,0.0,0.0,0.0,0.0,19857408,8597,9696,606,-86.40209,0.08690721511375159,0.0013281790917972103,-1.9503997467458247,0,0.0,0.0,0.0,,,2.9526145882543062,0,0,0.0,-75.70345,-75.70345306396484,0.0,3768.7102247774615
122,1784905225.3035555,,4.635964245535433,,3.171919861342758,,6.4156439527869225,,1.4995887569966726,,3.6967173125594854,0.0,0.0,0.0,0.0,20021248,8667,9776,611,-85.00631,0.07866799742914736,0.0015525279668509029,-1.9761201068758965,0,0.0,0.0,0.0,,,3.1004244225556103,0,0,0.0,-65.22168,-65.2216796875,0.0,3125.418162323881
123,1784905267.2750137,,5.367334289476275,,4.185311949113384,,7.099286913871765,,1.5326324012130499,,3.4533719159662724,0.0,0.0,0.0,0.0,20185088,8737,9856,616,-85.33667,0.07178990971297025,0.0015658544332836754,-1.9793150439858436,0,0.0,0.0,0.0,,,2.966568577585444,0,0,0.0,-65.80056,-65.8005599975586,0.0,3903.605587317593
124,1784905319.4999406,,5.403418890200555,,2.703876602463424,,5.781195247545838,,1.7089921284787124,,3.2684597256593406,0.0,0.0,0.0,0.0,20348928,8808,9936,621,-85.02803,0.06707281845156103,0.0036752317526406843,-1.979776880145073,0,0.0,0.0,0.0,,,3.358539130810647,0,0,0.0,-65.61275,-65.61274719238281,0.0,3137.199140084153
125,1784905360.9223077,,4.3007430707803,,3.777886494062841,,6.684499345719814,,1.3047269944217987,,2.9684694949537516,0.0,0.0,0.0,0.0,20512768,8883,10016,626,-85.49205,0.08583338810130954,0.004245797659677919,-2.013625906407833,0,0.0,0.0,0.0,,,3.2310946026963228,0,0,0.0,-75.92236,-75.92236328125,0.0,3955.3495434186984
126,1784905414.955567,,6.256811982020736,,2.550154095515609,,5.809477809816599,,1.9278763112379238,,3.492150097154081,0.0,0.0,0.0,0.0,20676608,8957,10096,631,-84.199196,0.09057337988633662,0.0021100022859172896,-2.0180276736617087,0,0.0,0.0,0.0,,,3.1344618827624853,0,0,0.0,-56.031166,-56.031166076660156,0.0,3032.2069357142864
127,1784905454.8056972,,5.453289288925589,,2.127156358328648,,4.901050832122564,,1.522461540880613,,3.6250590113922954,0.0,0.0,0.0,0.0,20840448,9029,10176,636,-85.34655,0.08128951792605221,0.0020731770870042964,-2.0538251221179964,0,0.0,0.0,0.0,,,3.064674435114217,0,0,0.0,-85.95905,-85.95905303955078,0.0,4111.403610753655
128,1784905508.9353614,,4.772357804467902,,2.534976425813511,,5.558450780808926,,1.7943090677727014,,3.452315889298916,0.0,0.0,0.0,0.0,21004288,9106,10256,641,-86.95867,0.08176337264012545,0.001947903291147668,-2.0681850895285607,0,0.0,0.0,0.0,,,3.1114321212766347,0,0,0.0,-61.107056,-61.1070556640625,0.0,3026.8069207956364
129,1784905550.4621706,,4.104077003430575,,2.16254805913195,,5.694027440622449,,2.204725940246135,,3.5989402513951063,0.0,0.0,0.0,0.0,21168128,9180,10336,646,-85.27507,0.07812788258306683,0.0016919957575737498,-2.127190037071705,0,0.0,0.0,0.0,,,3.3022407818082855,0,0,0.0,-66.02382,-66.02381896972656,0.0,3945.402574533323
130,1784905604.701117,,6.076293219812214,,2.177715755533427,,5.560275800526142,,1.6296694841003045,,3.240705789066851,0.0,0.0,0.0,0.0,21331968,9255,10416,651,-85.60514,0.07566406871192158,0.0031862689269473777,-2.2026588335633277,0,0.0,0.0,0.0,,,3.2324395677054922,0,0,0.0,-77.843185,-77.84318542480469,0.0,3020.7079328950067
131,1784905647.7273288,,4.958196920342743,,2.147210191760678,,4.473682935349643,,2.3616400302853435,,3.7975627230480313,0.0,0.0,0.0,0.0,21495808,9329,10496,656,-86.82725,0.08686024050693959,0.003536954816081561,-2.2435656234622003,0,0.0,0.0,0.0,,,3.614106039558547,0,0,0.0,-70.00411,-70.00411224365234,0.0,3807.9100965925404
132,1784905702.9902575,,3.4564911061897874,,2.628596749273129,,4.7155253030359745,,1.372692344011739,,3.544265755917877,0.0,0.0,0.0,0.0,21659648,9403,10576,661,-87.16341,0.08953360444866121,0.0023212661646539344,-2.280530220270157,0,0.0,0.0,0.0,,,3.629192856267693,0,0,0.0,-45.954094,-45.95409393310547,0.0,2964.7363947552844
133,1784905746.3147523,,3.643154416931793,,2.0459061628207564,,5.660297051072121,,1.8864004767965525,,3.4583452669903636,0.0,0.0,0.0,0.0,21823488,9476,10656,666,-85.7422,0.06632169485092163,0.003020423669659067,-2.2850155517458917,0,0.0,0.0,0.0,,,3.7256760840103893,0,0,0.0,-68.087845,-68.08784484863281,0.0,3781.6948991214535
134,1784905802.710654,,4.512972383527085,,3.014621954644099,,6.3312917202711105,,1.3941148769663414,,3.1078935391269624,0.0,0.0,0.0,0.0,21987328,9554,10736,671,-85.79045,0.08415285043884069,0.0032159869821043684,-2.261974312365055,0,0.0,0.0,0.0,,,3.579626043424504,0,0,0.0,-55.367348,-55.367347717285156,0.0,2905.1753014406254
135,1784905846.2172694,,5.927729950053617,,2.766352394828573,,7.046124301850796,,1.0645729477982968,,3.132999415975064,0.0,0.0,0.0,0.0,22151168,9631,10816,676,-84.72319,0.07326225712895393,0.002404923248104751,-2.290298806130886,0,0.0,0.0,0.0,,,3.3737056850722977,0,0,0.0,-65.85149,-65.85148620605469,0.0,3765.8656186566327
136,1784905901.973227,,5.748569113202393,,2.7363704261370003,,5.8027624525129795,,1.9684909633360803,,3.91802410595119,0.0,0.0,0.0,0.0,22315008,9708,10896,681,-86.08077,0.0832074462203309,0.0027441371741588226,-2.3316680058836936,0,0.0,0.0,0.0,,,3.519413213718548,0,0,0.0,-67.04198,-67.04197692871094,0.0,2938.5191212245372
137,1784905943.7019196,,2.8359465158428065,,2.5240999809466302,,5.590839106589556,,1.8533530351123773,,3.4410719759762287,0.0,0.0,0.0,0.0,22478848,9786,10976,686,-86.03269,0.08365451518911868,0.0025705822758027353,-2.3607891008257864,0,0.0,0.0,0.0,,,3.6440160215464834,0,0,0.0,-91.61113,-91.61112976074219,0.0,3926.3154246902795
138,1784905998.3024824,,5.322543083457276,,2.2156398778315634,,6.07396898791194,,1.2992874678457156,,3.769902354106307,0.0,0.0,0.0,0.0,22642688,9863,11056,691,-85.20383,0.06636948839295656,0.002725655573885888,-2.356189285218716,0,0.0,0.0,0.0,,,3.61764566301103,0,0,0.0,-65.994705,-65.99470520019531,0.0,3000.7028435422294
139,1784906041.391804,,5.894105946645141,,2.6923402678221464,,6.270671859383583,,1.4680528285680339,,3.322792729595676,0.0,0.0,0.0,0.0,22806528,9939,11136,696,-86.90083,0.08237507652956992,0.0010814427369041368,-2.3566009774804115,0,0.0,0.0,0.0,,,3.350140784102552,0,0,0.0,-65.27557,-65.27557373046875,0.0,3802.3326652873893
140,1784906096.9270804,,5.5932601215317845,,3.36723099113442,,6.931728953495622,,1.4609295030822977,,3.1261984072625637,0.0,0.0,0.0,0.0,22970368,10015,11216,701,-85.4231,0.06782487235032023,0.0016040472852182574,-2.388088847696781,0,0.0,0.0,0.0,,,3.5611151341357363,0,0,0.0,-66.56475,-66.56475067138672,0.0,2950.197084096504
141,1784906140.291104,,4.5158948842436075,,3.3007926054415293,,6.275597615167499,,1.7255343266879208,,4.008899591863155,0.0,0.0,0.0,0.0,23134208,10085,11296,706,-85.863144,0.07450489192269742,0.002849882534792414,-2.4375385656952857,0,0.0,0.0,0.0,,,3.5308491043909798,0,0,0.0,-85.64003,-85.64002990722656,0.0,3778.2472537725143
142,1784906195.961771,,5.178638964425772,,1.940555113251321,,5.744385682046413,,1.9353301986120641,,3.8316316436976194,0.0,0.0,0.0,0.0,23298048,10155,11376,711,-85.37178,0.05471908508334309,0.0016638085784506985,-2.460138337314129,0,0.0,0.0,0.0,,,3.3910936048016156,0,0,0.0,-95.76347,-95.76347351074219,0.0,2943.0219565662096
143,1784906240.9340386,,6.068290094844997,,2.460815714439377,,6.632783953100443,,1.4959117090620566,,3.487259780522436,0.0,0.0,0.0,0.0,23461888,10224,11456,716,-86.0713,0.06140284929424524,0.002922064303129446,-2.477493943274021,0,0.0,0.0,0.0,,,3.500586297194694,0,0,0.0,-45.2888,-45.28879928588867,0.0,3643.133880603272
144,1784906285.2435503,,2.7393070953985443,,3.4641756137716584,,6.623067241162062,,1.1747154273325577,,2.3824067623354495,0.0,0.0,0.0,0.0,23625728,10298,11536,721,-85.94292,0.08388320971280336,0.003693607004242949,-2.4910928070545197,0,0.0,0.0,0.0,,,3.6833368540815554,0,0,0.0,-65.73537,-65.73536682128906,0.0,3697.6250352673464
145,1784906344.1343787,,4.348880664911121,,3.1163725175429136,,5.80950622446835,,0.9735267312498763,,2.764692410128191,0.0,0.0,0.0,0.0,23789568,10372,11616,726,-85.88373,0.06913259555585682,0.0020914472581353037,-2.5193722411990165,0,0.0,0.0,0.0,,,3.5102496161040895,0,0,0.0,-47.35305,-47.353050231933594,0.0,2782.097576178956
146,1784906389.2128613,,5.2290576754603535,,3.645185998175293,,5.976395700126886,,0.9466653578238038,,3.500915545737371,0.0,0.0,0.0,0.0,23953408,10442,11696,731,-85.36106,0.0768364283023402,0.002563020013622008,-2.5541547283530237,0,0.0,0.0,0.0,,,3.519339718553681,0,0,0.0,-65.748856,-65.74885559082031,0.0,3634.54923664952
147,1784906447.4289372,,4.482480452861637,,2.1334413799922913,,6.533654145896435,,2.4356893310323358,,3.669767454266548,0.0,0.0,0.0,0.0,24117248,10519,11776,736,-86.82304,0.07176586692221462,0.0026639379233529326,-2.5533517852425573,0,0.0,0.0,0.0,,,3.354695983299693,0,0,0.0,-59.659126,-59.65912628173828,0.0,2814.343504259716
148,1784906492.3553767,,4.662824036204256,,2.308862996287644,,5.952976420521736,,1.8737974372925237,,3.7822522409260273,0.0,0.0,0.0,0.0,24281088,10589,11856,741,-85.89205,0.05862214928492904,0.0009921731078065931,-2.567548097670078,0,0.0,0.0,0.0,,,3.4930969716030305,0,0,0.0,-67.02901,-67.02900695800781,0.0,3646.8491611452255
149,1784906552.5311627,,5.443885768763721,,2.961032678576885,,5.76542142778635,,2.0502530613157433,,3.595951064489782,0.0,0.0,0.0,0.0,24444928,10661,11936,746,-86.116936,0.07994502508081495,0.0026448556149262004,-2.5769787400960924,0,0.0,0.0,0.0,,,3.657059481365544,0,0,0.0,-41.284145,-41.28414535522461,0.0,2722.690559782914
150,1784906597.30853,,5.183530839858577,,2.4128418014151976,,5.055747460573912,,1.4432596479309723,,3.6149504547938704,0.0,0.0,0.0,0.0,24608768,10732,12016,751,-85.60954,0.06804968495853245,0.002089291182346642,-2.5684589400887488,0,0.0,0.0,0.0,,,3.3680419407689586,0,0,0.0,-76.953835,-76.9538345336914,0.0,3658.992537002179
151,1784906656.5298355,,4.546912805526517,,2.5022125185932964,,5.00471793115139,,1.6636757145170122,,3.516588610364124,0.0,0.0,0.0,0.0,24772608,10801,12096,756,-85.4634,0.06205401464831084,0.004515540826832876,-2.596681831777096,0,0.0,0.0,0.0,,,4.079819551202627,0,0,0.0,-57.69198,-57.691978454589844,0.0,2766.571193494542
152,1784906702.5282736,,7.357148211449385,,1.809890933218412,,6.027163099497557,,1.3664110600802815,,3.219283679500222,0.0,0.0,0.0,0.0,24936448,10870,12176,761,-85.416145,0.06053757466142997,0.0028057332849130033,-2.6179179519414904,0,0.0,0.0,0.0,,,3.780508499923497,0,0,0.0,-67.31592,-67.31591796875,0.0,3561.859906290587
153,1784906748.5822692,,2.8019414842128754,,2.5670699166948907,,6.149802906438708,,1.7103143816348165,,3.3202641759999096,0.0,0.0,0.0,0.0,25100288,10941,12256,766,-85.86903,0.0634198335930705,0.0019540228066034617,-2.685803417861462,0,0.0,0.0,0.0,,,3.587236155409397,0,0,0.0,-71.41996,-71.41996002197266,0.0,3557.5622772298784
154,1784906809.0251756,,5.598101442446932,,3.018932507839054,,6.353872809559107,,1.7642628774046898,,3.9950959756970406,0.0,0.0,0.0,0.0,25264128,11009,12336,771,-85.950035,0.0677354422165081,0.0026903128993581047,-2.733830340206623,0,0.0,0.0,0.0,,,3.6856941253743436,0,0,0.0,-51.158363,-51.158363342285156,0.0,2710.657817501467
155,1784906855.970229,,5.057762193027884,,3.128283694095444,,5.969902873039246,,1.7607609508559108,,3.792940452694893,0.0,0.0,0.0,0.0,25427968,11082,12416,776,-85.809296,0.06500036236830056,0.004302502261998598,-2.7605964660644533,0,0.0,0.0,0.0,,,4.237109393326384,0,0,0.0,-65.374245,-65.3742446899414,0.0,3490.0375706500195
156,1784906915.5357947,,4.189087492413819,,2.452795499993954,,6.333332747453824,,1.105091023144098,,3.235357152298093,0.0,0.0,0.0,0.0,25591808,11154,12496,781,-89.468155,0.081178067647852,0.0021739190502557903,-2.7841063022613524,0,0.0,0.0,0.0,,,3.882278382142163,0,0,0.0,-68.801285,-68.80128479003906,0.0,2750.5826362023263
157,1784906960.7644918,,5.0226386927533895,,2.369253854267299,,5.590349044650793,,1.7055668598550255,,3.5846972884610295,0.0,0.0,0.0,0.0,25755648,11221,12576,786,-85.871506,0.06293164372909814,0.0032851373311132193,-2.80417947769165,0,0.0,0.0,0.0,,,4.12248327358027,0,0,0.0,-87.17821,-87.17820739746094,0.0,3622.4782559158994
158,1784907006.4095278,,3.583207150063572,,3.003425751812756,,5.6135311629623175,,1.7917150852736086,,3.8207198958843946,0.0,0.0,0.0,0.0,25919488,11288,12656,791,-87.43994,0.08516006974969059,0.0017729094943206292,-2.8072389632463457,0,0.0,0.0,0.0,,,3.7148503277365577,0,0,0.0,-78.222206,-78.22220611572266,0.0,3589.4377334327187
159,1784907066.9708357,,5.846473556011915,,2.476603315444663,,6.334589533507824,,2.0500477994937683,,3.7021996174007654,0.0,0.0,0.0,0.0,26083328,11362,12736,796,-86.37411,0.06918987506069244,0.0036469246100750753,-2.8214389249682426,0,0.0,0.0,0.0,,,3.8069144908774675,0,0,0.0,-54.19062,-54.19062042236328,0.0,2705.357539986449
160,1784907113.5257666,,4.887417526915669,,2.933165139002085,,6.499172709882259,,1.186712620256003,,3.88564120978117,0.0,0.0,0.0,0.0,26247168,11435,12816,801,-87.9815,0.08004705321509391,0.0022436798171838745,-2.831865298748016,0,0.0,0.0,0.0,,,3.5282790197085325,0,0,0.0,-71.440674,-71.440673828125,0.0,3519.2838208622884
161,1784907171.0272377,,4.783241185359657,,2.7990920474985614,,6.197038944810629,,1.4561702683568,,3.1206046883016825,0.0,0.0,0.0,0.0,26411008,11509,12896,806,-87.538734,0.07643284923397005,0.003027765110891778,-2.864689718186855,0,0.0,0.0,0.0,,,3.703541588661966,0,0,0.0,-86.77577,-86.77577209472656,0.0,2849.31811532598
162,1784907215.8248825,,5.3631452468107454,,1.8981606094166636,,5.793980425223708,,1.662584284786135,,3.641496477648616,0.0,0.0,0.0,0.0,26574848,11590,12976,811,-87.8261,0.06786951627582312,0.0024259584501123755,-2.84695750772953,0,0.0,0.0,0.0,,,3.8174679745238507,0,0,0.0,-68.45725,-68.4572525024414,0.0,3657.3351861963
163,1784907277.260442,,4.544795288238674,,3.2436500303447247,,6.382693741470575,,0.9980778606927743,,3.4671370778232813,0.0,0.0,0.0,0.0,26738688,11665,13056,816,-86.12996,0.06483574598096312,0.0024675719017977827,-2.894206716120243,0,0.0,0.0,0.0,,,3.9498454727438657,0,0,0.0,-62.119164,-62.119163513183594,0.0,2666.8596329288343
164,1784907322.7914455,,5.669802940683439,,2.2753564719459973,,5.855515114963055,,1.4236916528898291,,3.509727029595524,0.0,0.0,0.0,0.0,26902528,11747,13136,821,-87.049545,0.08201085729524493,0.001506018610962201,-2.8466482639312742,0,0.0,0.0,0.0,,,3.683528129913185,0,0,0.0,-69.707825,-69.70782470703125,0.0,3598.4272883155327
165,1784907383.414673,,4.595604771748185,,2.680433765053749,,6.63073692470789,,2.0608665992040187,,3.492201471235603,0.0,0.0,0.0,0.0,27066368,11824,13216,826,-85.723724,0.0844055273104459,0.002273413332295604,-2.797801074385643,0,0.0,0.0,0.0,,,3.4872864254160545,0,0,0.0,-70.28104,-70.28103637695312,0.0,2702.595036742076
166,1784907429.1318953,,4.639488412067294,,3.0893994634971023,,5.373661648482084,,1.5245720697566867,,3.909754492342472,0.0,0.0,0.0,0.0,27230208,11899,13296,831,-86.54097,0.05896013866877183,0.0024943037598859517,-2.796342082321644,0,0.0,0.0,0.0,,,3.8996280764471765,0,0,0.0,-70.93965,-70.93965148925781,0.0,3583.7682853787624
167,1784907489.3894513,,4.509496570099145,,2.862277719541453,,5.976082505658269,,1.6667503761709668,,3.3553450228646398,0.0,0.0,0.0,0.0,27394048,11974,13376,836,-84.7181,0.07846673573367298,0.0012673710196395404,-2.8173182636499403,0,0.0,0.0,0.0,,,3.5292919986235995,0,0,0.0,-78.86992,-78.86991882324219,0.0,2718.994598556475
168,1784907551.6676826,,5.227797712432221,,1.9513396004913375,,5.188547372817993,,1.9096141285263002,,3.926335424184799,0.0,0.0,0.0,0.0,27557888,12050,13456,841,-84.20915,0.07221025803592056,0.004381462164019467,-2.833428406715393,0,0.0,0.0,0.0,,,3.8991840509511277,0,0,0.0,-54.35247,-54.35247039794922,0.0,2630.775484859372
169,1784907598.479414,,3.791561524849385,,2.6701019683969207,,6.3152761571109295,,1.5687779916333966,,3.351768641732633,0.0,0.0,0.0,0.0,27721728,12123,13536,846,-84.41477,0.08514984620269388,0.0016716217745852192,-2.8515448227524756,0,0.0,0.0,0.0,,,3.663697772144544,0,0,0.0,-70.5173,-70.51730346679688,0.0,3499.976454006163
170,1784907645.1575124,,4.05506890732795,,3.5008600080618635,,6.295468853786588,,1.597746594925411,,3.0975711066275835,0.0,0.0,0.0,0.0,27885568,12193,13616,851,-85.24771,0.06572161486838013,0.001587996314628981,-2.8594663709402086,0,0.0,0.0,0.0,,,3.63960412672814,0,0,0.0,-71.23949,-71.23948669433594,0.0,3509.996977959927
171,1784907705.8887157,,4.157354668714106,,3.4623547620140016,,6.871444033458829,,1.5886513574514538,,3.4712566854432225,0.0,0.0,0.0,0.0,28049408,12267,13696,856,-87.19515,0.07781624244526028,0.0020808738889172675,-2.8628484100103377,0,0.0,0.0,0.0,,,3.3654418979833465,0,0,0.0,-84.56981,-84.56980895996094,0.0,2697.7894654736206
172,1784907755.3494437,,4.385440497426316,,2.8660905407741666,,6.799023058265448,,1.1996086561703123,,3.2994578778743744,0.0,0.0,0.0,0.0,28213248,12341,13776,861,-87.617874,0.0927018946968019,0.002509524903143756,-2.857074220478535,0,0.0,0.0,0.0,,,3.7310106535333496,0,0,0.0,-57.468304,-57.46830368041992,0.0,3312.5296860747453
173,1784907818.7667801,,4.67093786886835,,2.479426395148039,,5.439540017396212,,2.1581027153297327,,3.618739750236273,0.0,0.0,0.0,0.0,28377088,12418,13856,866,-86.410355,0.06701781353913247,0.002205390210292535,-2.849048447608948,0,0.0,0.0,0.0,,,3.5813047892960226,0,0,0.0,-72.84686,-72.84686279296875,0.0,2583.519062882472
174,1784907867.6340153,,5.412037214264274,,2.288447736434591,,5.886357435956597,,1.7943475395441055,,3.7454311177134514,0.0,0.0,0.0,0.0,28540928,12496,13936,871,-85.37946,0.05913222876843065,0.002085398361668922,-2.8362480759620667,0,0.0,0.0,0.0,,,3.6704201887210743,0,0,0.0,-79.23203,-79.2320327758789,0.0,3352.76030950034
175,1784907930.6728413,,5.361456858954625,,2.889971894910559,,5.867578526958823,,1.25399709737394,,3.284856961108744,0.0,0.0,0.0,0.0,28704768,12568,14016,876,-87.99164,0.07690601744689048,0.0023150036140577868,-2.859111048281193,0,0.0,0.0,0.0,,,3.660838294792763,0,0,0.0,-70.020096,-70.02009582519531,0.0,2599.031758761314
176,1784907977.9888422,,3.85990680399118,,1.613941304385662,,5.9228491596877575,,1.7029253357031848,,3.427029987797141,0.0,0.0,0.0,0.0,28868608,12639,14096,881,-89.59651,0.07584493160247803,0.0020562525605782866,-2.873956334590912,0,0.0,0.0,0.0,,,3.802712457366681,0,0,0.0,-67.34166,-67.34165954589844,0.0,3462.676962149926
177,1784908041.0165133,,4.3584130486124195,,1.6822972311638296,,6.159728085622191,,1.469200673745945,,3.7423727475106716,0.0,0.0,0.0,0.0,29032448,12713,14176,886,-85.528114,0.07111917336005717,0.0015894856471277308,-2.9019002094864845,0,0.0,0.0,0.0,,,3.659034216642543,0,0,0.0,-60.732117,-60.73211669921875,0.0,2599.4934340907403
178,1784908086.4871023,,3.8677922473289073,,3.8114590290933847,,6.799424700438976,,1.5741629689000547,,3.315103896893561,0.0,0.0,0.0,0.0,29196288,12781,14256,891,-86.38164,0.06852675664704293,0.0029133046700735576,-2.937484148144722,0,0.0,0.0,0.0,,,3.820602953176447,0,0,0.0,-84.39422,-84.39421844482422,0.0,3603.20691426339
179,1784908150.3016458,,5.962969129905105,,1.8771194067085162,,5.504672583192587,,1.5671928750816733,,3.308690097182989,0.0,0.0,0.0,0.0,29360128,12854,14336,896,-85.70442,0.07885008174926042,0.002611839913879521,-3.0136289089918136,0,0.0,0.0,0.0,,,3.8517655223284413,0,0,0.0,-63.140076,-63.14007568359375,0.0,2567.4405676862334
180,1784908195.3327842,,3.8123913367599016,,2.8894512983970344,,5.25730054709129,,1.4524244191125035,,3.2722190115600824,0.0,0.0,0.0,0.0,29523968,12932,14416,901,-84.79409,0.07330332200508564,0.002972972733550705,-3.0302025243639945,0,0.0,0.0,0.0,,,4.011948556132726,0,0,0.0,-95.03314,-95.03314208984375,0.0,3638.3706047441674
181,1784908258.391559,,4.988308731553843,,2.2351992031326517,,4.971537170931697,,1.490247680048924,,3.6090166633948684,0.0,0.0,0.0,0.0,29687808,13003,14496,906,-85.24516,0.07193527014460414,0.0032136395522684323,-3.035748116672039,0,0.0,0.0,0.0,,,3.570780780693089,0,0,0.0,-55.06759,-55.067588806152344,0.0,2598.2105116831035
182,1784908304.6419888,,5.695071457885206,,3.1860776687972248,,6.732047703117132,,1.835972222033888,,3.6907865665853024,0.0,0.0,0.0,0.0,29851648,13075,14576,911,-86.565285,0.08306063027121127,0.0014214912298484705,-3.0711127877235413,0,0.0,0.0,0.0,,,3.7577956672826374,0,0,0.0,-72.701,-72.70099639892578,0.0,3542.4535632677835
183,1784908349.8851914,,5.473035488103051,,2.7470884076319635,,6.8300846964120865,,1.1868131149094552,,3.2702126493677497,0.0,0.0,0.0,0.0,30015488,13146,14656,916,-84.9213,0.07104795104824006,0.001355175056232838,-3.085575707256794,0,0.0,0.0,0.0,,,3.6668481265165864,0,0,0.0,-87.11255,-87.112548828125,0.0,3621.318864247852
184,1784908413.4641702,,5.672177257947624,,2.422759057080839,,6.897848341614008,,1.408579075941816,,3.642612169496715,0.0,0.0,0.0,0.0,30179328,13221,14736,921,-85.142815,0.07974291290156543,0.0042926288522721736,-3.1204715415835382,0,0.0,0.0,0.0,,,4.069485072016525,0,0,0.0,-70.17571,-70.17571258544922,0.0,2576.952687113286
185,1784908462.1116908,,4.580604743678123,,2.4392739811446518,,6.888135243207216,,1.2910325994016603,,3.2391149224713445,0.0,0.0,0.0,0.0,30343168,13298,14816,926,-87.9209,0.0737280644942075,0.002634493834921159,-3.154446741938591,0,0.0,0.0,0.0,,,4.0649897227053735,0,0,0.0,-55.072865,-55.0728645324707,0.0,3367.8997864278904
186,1784908526.6346586,,4.239588977652602,,2.96781521756202,,6.6681658290326595,,1.716425153426826,,3.2110458938404918,0.0,0.0,0.0,0.0,30507008,13376,14896,931,-85.6684,0.07683297938201576,0.002617337826814037,-3.179765048623085,0,0.0,0.0,0.0,,,4.064117085249803,0,0,0.0,-59.22822,-59.22822189331055,0.0,2539.2507457055945
187,1784908590.0158708,,6.001524641178548,,2.7188114446471445,,6.521651968359947,,1.8277565721655264,,3.9823308121412992,0.0,0.0,0.0,0.0,30670848,13455,14976,936,-85.57121,0.08168437001295388,0.0030161246948409827,-3.183406409621239,0,0.0,0.0,0.0,,,4.330348920671545,0,0,0.0,-67.982,-67.98200225830078,0.0,2584.992543183132
188,1784908635.971919,,4.59995745215565,,2.9793919529765844,,6.611024606972933,,1.9794513675151393,,3.6152758449316025,0.0,0.0,0.0,0.0,30834688,13530,15056,941,-85.85184,0.07445204118266702,0.0024492111660947558,-3.2040508314967155,0,0.0,0.0,0.0,,,3.888797282563078,0,0,0.0,-87.55033,-87.55033111572266,0.0,3565.145535772817
189,1784908700.0535524,,4.610697448370047,,2.4345975439064205,,6.355286054313183,,1.4131429028930143,,3.9220220129936934,0.0,0.0,0.0,0.0,30998528,13601,15136,946,-84.64432,0.07345456837210804,0.004418198683924857,-3.218807691335678,0,0.0,0.0,0.0,,,4.079496305289957,0,0,0.0,-75.73035,-75.7303466796875,0.0,2556.739046333131
190,1784908748.5803952,,4.841493500862271,,3.2098815904464573,,7.15865932404995,,0.9846535162068903,,3.3561532758176327,0.0,0.0,0.0,0.0,31162368,13680,15216,951,-85.106735,0.07993065484333783,0.0032795369013911115,-3.2301399767398835,0,0.0,0.0,0.0,,,4.26579508682876,0,0,0.0,-66.472336,-66.47233581542969,0.0,3376.2760240508833
191,1784908814.3595479,,3.9151407362805912,,2.8886576904915273,,5.952362143434584,,1.7638231137607363,,3.517958843149245,0.0,0.0,0.0,0.0,31326208,13753,15296,956,-85.36268,0.08349647587165236,0.004670134490879718,-3.26918271034956,0,0.0,0.0,0.0,,,4.450784927261507,0,0,0.0,-51.84546,-51.845458984375,0.0,2490.759132354965
192,1784908865.077224,,3.857161604682915,,2.1662640580325387,,6.05749330483377,,1.3321071089012548,,3.3232332044281065,0.0,0.0,0.0,0.0,31490048,13825,15376,961,-85.11542,0.06997304128017276,0.003869224355003098,-3.328591999411583,0,0.0,0.0,0.0,,,4.12747821856683,0,0,0.0,-59.407738,-59.407737731933594,0.0,3230.4315013753953
193,1784908913.9817703,,4.727021069265902,,2.340577265713364,,7.2725362330675125,,1.052822571073193,,3.849484510719776,0.0,0.0,0.0,0.0,31653888,13894,15456,966,-84.32399,0.07449190074112266,0.004423157122801058,-3.345990514755249,0,0.0,0.0,0.0,,,4.3092329565550305,0,0,0.0,-65.00077,-65.00077056884766,0.0,3350.199540834823
194,1784908981.6637318,,5.0150257046334445,,3.363544438034296,,6.897187735885382,,1.3933806208660826,,3.164198324084282,0.0,0.0,0.0,0.0,31817728,13966,15536,971,-84.49088,0.07510040721390396,0.0016301357332849874,-3.3752069994807243,0,0.0,0.0,0.0,,,3.9111562171164196,0,0,0.0,-57.05943,-57.05942916870117,0.0,2420.7336857055693
195,1784909030.9087105,,5.300839403644204,,2.4688366753980517,,5.220685084350407,,1.4224005826235953,,3.517993097193539,0.0,0.0,0.0,0.0,31981568,14035,15616,976,-85.975266,0.07027954144869,0.0031994211276469287,-3.4017156824469565,0,0.0,0.0,0.0,,,4.5948817951354375,0,0,0.0,-66.96347,-66.96347045898438,0.0,3327.0388536174096
196,1784909097.3797805,,6.293123825453222,,2.375080325291492,,6.921466365456581,,1.1404282735202287,,3.1712264474481344,0.0,0.0,0.0,0.0,32145408,14107,15696,981,-86.068375,0.07142420087475329,0.001822533620725153,-3.3950102642178535,0,0.0,0.0,0.0,,,4.145574990220844,0,0,0.0,-73.365204,-73.36520385742188,0.0,2464.832176634331
197,1784909146.2918575,,5.656768218614161,,3.9811203302815557,,7.211184445768595,,1.3182867046270985,,3.7140994612127542,0.0,0.0,0.0,0.0,32309248,14178,15776,986,-84.65933,0.05985054913908243,0.0037715620346716605,-3.3871267572045327,0,0.0,0.0,0.0,,,4.389444191848004,0,0,0.0,-86.79538,-86.79537963867188,0.0,3349.683266363426
198,1784909199.4585054,,3.043114268220961,,3.137885818723589,,6.537065207958221,,1.3948752432042966,,3.3770304336212575,0.0,0.0,0.0,0.0,32473088,14247,15856,991,-85.15002,0.07314670456107705,0.0028265443615964614,-3.4187909364700317,0,0.0,0.0,0.0,,,4.405378032948749,0,0,0.0,-53.829994,-53.829994201660156,0.0,3081.633396685284
199,1784909266.857682,,3.9149085234384984,,2.6632786681875587,,5.743627082556486,,1.6308629873674363,,3.421257548034191,0.0,0.0,0.0,0.0,32636928,14318,15936,996,-84.82053,0.05752015074249357,0.002517909024027176,-3.4332337588071824,0,0.0,0.0,0.0,,,4.325368128083609,0,0,0.0,-67.2199,-67.21990203857422,0.0,2430.889389575066
200,1784909315.9188838,,4.781316191074438,,2.6835650904104114,,6.003876561298966,,1.9682963326340541,,3.7979550659656525,0.0,0.0,0.0,0.0,32800768,14385,16016,1001,-85.168785,0.06847807897720486,0.002911673600465292,-3.488053546845913,0,0.0,0.0,0.0,,,4.547498855682557,0,0,0.0,-88.554855,-88.55485534667969,0.0,3339.5012180141293
201,1784909385.9271688,,4.779707553097978,,2.9748023068532348,,7.074822168797255,,1.521285716444254,,4.106515357270837,0.0,0.0,0.0,0.0,32964608,14450,16096,1006,-84.26508,0.06201752712950111,0.0036115052047534847,-3.5341545686125757,0,0.0,0.0,0.0,,,4.610180612419373,0,0,0.0,-49.033123,-49.03312301635742,0.0,2340.295048652774
202,1784909436.7832608,,4.186007211683318,,3.2172439922578633,,6.329321740195155,,0.8845630128053017,,2.9100503027439117,0.0,0.0,0.0,0.0,33128448,14512,16176,1011,-85.37996,0.05937297604978085,0.0037662284899852238,-3.5347089409828185,0,0.0,0.0,0.0,,,4.512538482413469,0,0,0.0,-68.0757,-68.07569885253906,0.0,3221.639806618202
203,1784909489.0732844,,3.538353879703209,,3.0035730940289795,,6.414836486801505,,1.1030820707674138,,3.4668449917808175,0.0,0.0,0.0,0.0,33292288,14578,16256,1016,-85.64665,0.06496168076992034,0.002394180374540156,-3.5889422997832297,0,0.0,0.0,0.0,,,4.36715072674832,0,0,0.0,-63.33308,-63.33308029174805,0.0,3133.294128335473
204,1784909540.636604,,4.30655695789028,,2.9682063148356974,,6.4801225066185,,0.8818078372860327,,2.907435861416161,0.0,0.0,0.0,0.0,33456128,14640,16336,1021,-85.76073,0.055517862015403804,0.002642619182006456,-3.606368388235569,0,0.0,0.0,0.0,,,4.451064530655285,0,0,0.0,-58.257393,-58.25739288330078,0.0,3177.451551860971
205,1784909592.553125,,5.148957994533703,,2.8431097557768226,,6.43238584510982,,1.7756903989356942,,3.9624110143631697,0.0,0.0,0.0,0.0,33619968,14699,16416,1026,-85.257645,0.05117414458654821,0.0014763510727789253,-3.6220885798335076,0,0.0,0.0,0.0,,,4.130227919431368,0,0,0.0,-52.633972,-52.63397216796875,0.0,3155.835505432031
206,1784909659.3997772,,4.105076274954627,,2.099613102618605,,6.780660133808851,,1.9227352808229625,,3.3840767946094275,0.0,0.0,0.0,0.0,33783808,14762,16496,1031,-86.09465,0.057821371033787726,0.0018333528067159932,-3.621985138952732,0,0.0,0.0,0.0,,,4.455090024691293,0,0,0.0,-84.41814,-84.41813659667969,0.0,2450.9828290336804
207,1784909710.5312002,,5.786779043264687,,2.774425308452919,,6.458652019500732,,1.155555950535927,,3.3552177250385284,0.0,0.0,0.0,0.0,33947648,14829,16576,1036,-84.619,0.07343323456589132,0.0028830614348407833,-3.6229903042316436,0,0.0,0.0,0.0,,,4.4855474199659415,0,0,0.0,-55.211933,-55.21193313598633,0.0,3204.291776523548
208,1784909762.5282035,,4.513698464725167,,2.9054924671072513,,6.379373488016427,,1.8758223322220147,,3.3277562353760004,0.0,0.0,0.0,0.0,34111488,14899,16656,1041,-84.689476,0.07306685538496822,0.004269000493513886,-3.6387068420648574,0,0.0,0.0,0.0,,,4.449365945157982,0,0,0.0,-55.80468,-55.80467987060547,0.0,3150.952329761642
209,1784909833.309855,,3.906005162425572,,2.9384741382091306,,6.111048329621553,,1.6921828797785565,,3.578492943197489,0.0,0.0,0.0,0.0,34275328,14966,16736,1046,-84.832375,0.06430649943649769,0.004019568228977732,-3.6370793998241426,0,0.0,0.0,0.0,,,4.7616632890999195,0,0,0.0,-44.413235,-44.41323471069336,0.0,2314.723599852849
210,1784909886.6489441,,5.454064958030358,,2.5352023233426735,,6.727307196706533,,1.9578390539390966,,3.370846682228148,0.0,0.0,0.0,0.0,34439168,15029,16816,1051,-85.415115,0.055397310527041554,0.0030798701380263084,-3.655426488816738,0,0.0,0.0,0.0,,,4.722097256188886,0,0,0.0,-48.98476,-48.98476028442383,0.0,3071.668291232616
211,1784909941.243631,,4.888500625966117,,3.4604963651509024,,6.702091861516237,,1.6846956862718798,,4.103442840278149,0.0,0.0,0.0,0.0,34603008,15094,16896,1056,-84.91921,0.058245390723459425,0.0016705196976545267,-3.6875357672572138,0,0.0,0.0,0.0,,,4.595567405102291,0,0,0.0,-59.207897,-59.2078971862793,0.0,3001.024669138114
212,1784910013.2772286,,5.13100587297231,,2.3611276620067656,,6.3154043443501,,1.2021374801406637,,3.2285463716834784,0.0,0.0,0.0,0.0,34766848,15156,16976,1061,-83.37213,0.04667251852806657,0.0031902917675324717,-3.7153297111392023,0,0.0,0.0,0.0,,,4.924473099447682,0,0,0.0,-49.62705,-49.62704849243164,0.0,2274.4944351926088
213,1784910066.7683284,,4.791046790778637,,4.33730149641633,,7.5974151864647865,,0.7263133380911313,,3.2271965756081045,0.0,0.0,0.0,0.0,34930688,15217,17056,1066,-85.829666,0.06751602592412383,0.0024582291036495006,-3.7578124329447746,0,0.0,0.0,0.0,,,4.621440031176034,0,0,0.0,-56.02549,-56.025489807128906,0.0,3062.939291322739
214,1784910121.6285481,,5.095012420788407,,2.171449427260086,,5.930137634277344,,1.4259012386901304,,3.8538629189133644,0.0,0.0,0.0,0.0,35094528,15278,17136,1071,-85.3457,0.06007239893078804,0.0027752758251153864,-3.791204406321049,0,0.0,0.0,0.0,,,4.463185992362827,0,0,0.0,-36.027016,-36.027015686035156,0.0,2986.4993366405924
215,1784910176.2628365,,3.768454804085195,,2.7945170225575566,,6.083531081676483,,1.2746632301423233,,3.7044019857421517,0.0,0.0,0.0,0.0,35258368,15340,17216,1076,-84.752,0.06823221633676439,0.004204963229130954,-3.816031959652901,0,0.0,0.0,0.0,,,4.983846359384445,0,0,0.0,-35.839928,-35.839927673339844,0.0,2998.8488711223504
216,1784910246.4715233,,5.051414386834949,,3.358033348340541,,6.757518677040935,,1.0176488046636223,,3.172645140439272,0.0,0.0,0.0,0.0,35422208,15408,17296,1081,-84.90481,0.06808104743249714,0.0032628851186018437,-3.8207849994301797,0,0.0,0.0,0.0,,,5.079574805416877,0,0,0.0,-64.00368,-64.00367736816406,0.0,2333.6144711113507
217,1784910299.3084488,,4.6180779475253075,,2.8687320882454515,,6.47020747885108,,2.196609796374105,,3.9891663379967213,0.0,0.0,0.0,0.0,35586048,15478,17376,1086,-85.53873,0.08195596074219794,0.0048651492892531675,-3.7971167400479318,0,0.0,0.0,0.0,,,4.935687875206662,0,0,0.0,-69.75442,-69.7544174194336,0.0,3100.861894446102
218,1784910372.406854,,5.569304512464441,,2.4803583160974085,,7.158279586583376,,1.6452620108611882,,3.7845338881015778,0.0,0.0,0.0,0.0,35749888,15550,17456,1091,-85.07672,0.04369400596478954,0.0028909777363878677,-3.793316113948822,0,0.0,0.0,0.0,,,4.879191171816021,0,0,0.0,-35.708763,-35.708763122558594,0.0,2241.3619225003868
219,1784910425.2165651,,5.505800618557259,,2.9781438809004612,,6.525707375258207,,1.330172221059911,,2.686007402371615,0.0,0.0,0.0,0.0,35913728,15617,17536,1096,-84.99953,0.06117134159430861,0.0026447954020113683,-3.8168249532580374,0,0.0,0.0,0.0,,,5.032983224428868,0,0,0.0,-67.98779,-67.98779296875,0.0,3102.4588672425784
220,1784910479.1712184,,4.537366321310401,,3.7933147154399194,,6.854436355642974,,1.204334104550071,,3.8547182083129883,0.0,0.0,0.0,0.0,36077568,15685,17616,1101,-85.36669,0.07761062958743423,0.0037783556676004083,-3.8567448541522027,0,0.0,0.0,0.0,,,4.886526603262004,0,0,0.0,-63.64953,-63.64952850341797,0.0,3036.6252389856713
221,1784910552.7187839,,4.072844075126341,,2.891556491376832,,6.542995683848858,,1.5426399605348706,,3.1764096044935286,0.0,0.0,0.0,0.0,36241408,15754,17696,1106,-84.27739,0.06447604596614838,0.00301105161634041,-3.834092317521572,0,0.0,0.0,0.0,,,4.627747204770715,0,0,0.0,-44.94918,-44.949180603027344,0.0,2227.6738984391964
222,1784910607.6098757,,5.998671646229923,,3.572720960364677,,6.562624480575323,,2.094729743548669,,4.039527508430183,0.0,0.0,0.0,0.0,36405248,15826,17776,1111,-85.58386,0.055352660431526604,0.003768973356636707,-3.847031146287918,0,0.0,0.0,0.0,,,4.9661181912076895,0,0,0.0,-46.503334,-46.503334045410156,0.0,2984.81967157822
223,1784910661.5937726,,3.3837797679007053,,3.1860463466728106,,7.1108222752809525,,1.0748481933114817,,3.168640893418342,0.0,0.0,0.0,0.0,36569088,15894,17856,1116,-85.33828,0.0569221846293658,0.003975588781759143,-3.8365314051508905,0,0.0,0.0,0.0,,,4.9604073453906565,0,0,0.0,-65.70802,-65.70802307128906,0.0,3034.9817774926137
224,1784910735.6968803,,5.22421961883083,,3.6789787013549358,,6.630646772682667,,1.6642224264796823,,3.332786839455366,0.0,0.0,0.0,0.0,36732928,15963,17936,1121,-85.42931,0.05324397720396519,0.002658928521850612,-3.864949329197407,0,0.0,0.0,0.0,,,4.916450825360785,0,0,0.0,-73.41507,-73.41506958007812,0.0,2210.9716562135823
225,1784910791.5111055,,5.139877542387694,,2.366676868405193,,7.607130836695433,,1.4667164906859398,,3.0312575912103057,0.0,0.0,0.0,0.0,36896768,16024,18016,1126,-84.856735,0.05991671672090888,0.0027874604202224873,-3.8813585489988327,0,0.0,0.0,0.0,,,4.927926921804079,0,0,0.0,-36.83796,-36.83795928955078,0.0,2935.4528897065165
226,1784910846.0189605,,2.474364926747512,,2.5613588775740936,,6.655678860843182,,1.3115158700929896,,3.6124561075121164,0.0,0.0,0.0,0.0,37060608,16091,18096,1131,-84.71067,0.06324819051660598,0.004842846102837939,-3.947289249300957,0,0.0,0.0,0.0,,,5.437283171653235,0,0,0.0,-88.402145,-88.40214538574219,0.0,3005.8054025007273
227,1784910920.2920687,,4.624640273978002,,3.3496806141920388,,5.936796087771654,,1.396250884863548,,3.7781517393887043,0.0,0.0,0.0,0.0,37224448,16159,18176,1136,-83.40202,0.05987993986345828,0.0034548195159004535,-3.9438557237386704,0,0.0,0.0,0.0,,,5.0228604322346495,0,0,0.0,-47.351147,-47.35114669799805,0.0,2205.912959411456
228,1784910976.9298828,,5.493815448498935,,3.03743163443869,,7.19638641923666,,1.342550577246584,,3.941332008689642,0.0,0.0,0.0,0.0,37388288,16221,18256,1141,-84.62779,0.08598232781514525,0.003006739739794284,-3.9847727909684183,0,0.0,0.0,0.0,,,4.859320985625733,0,0,0.0,-38.052177,-38.05217742919922,0.0,2892.766839725185
229,1784911031.611032,,3.2550778606673703,,3.3328390889801085,,7.058352045714855,,0.9444072972837603,,3.1128794699907303,0.0,0.0,0.0,0.0,37552128,16298,18336,1146,-84.88429,0.0843872882425785,0.0030511712277075274,-3.9665604144334794,0,0.0,0.0,0.0,,,4.899366878141343,0,0,0.0,-70.67209,-70.67208862304688,0.0,2996.279658754454
230,1784911105.5973344,,5.854663852951489,,2.467324447352439,,6.555933021008968,,1.9474507309496403,,3.873781356960535,0.0,0.0,0.0,0.0,37715968,16369,18416,1151,-83.916374,0.05117299550911412,0.004174569508904824,-3.9714997589588164,0,0.0,0.0,0.0,,,4.9518415920336825,0,0,0.0,-64.20329,-64.20329284667969,0.0,2214.4639299909854
231,1784911159.9776201,,3.9951990894041955,,3.1412611482664943,,6.905020885169506,,1.1831421466195025,,3.322074608877301,0.0,0.0,0.0,0.0,37879808,16437,18496,1156,-85.35093,0.05718259075656533,0.002202215270517627,-3.988662041723728,0,0.0,0.0,0.0,,,5.007597978248156,0,0,0.0,-54.37046,-54.370460510253906,0.0,3012.8550566870726
232,1784911233.8554912,,5.461696160491556,,2.681101419730112,,6.905097961425781,,1.4354372175876051,,3.4181212773546576,0.0,0.0,0.0,0.0,38043648,16501,18576,1161,-85.02205,0.058592377812601626,0.0032278450315061493,-4.031727927923202,0,0.0,0.0,0.0,,,5.282498221561835,0,0,0.0,-55.516266,-55.516265869140625,0.0,2217.7150753334504
233,1784911289.0486574,,5.4900774790439755,,2.3141748044872656,,6.465085409581661,,0.7401488538016565,,3.0395191465504467,0.0,0.0,0.0,0.0,38207488,16564,18656,1166,-85.81773,0.05765656502917409,0.0027471335997688584,-4.05047567486763,0,0.0,0.0,0.0,,,5.07718210323921,0,0,0.0,-51.28673,-51.2867317199707,0.0,2968.482568985442
234,1784911343.0070913,,3.7389335315674543,,2.9133290657773614,,6.782491263002157,,1.4132741442881525,,4.108758047223091,0.0,0.0,0.0,0.0,38371328,16632,18736,1171,-85.392136,0.0872937444364652,0.003924861004634295,-4.06629524230957,0,0.0,0.0,0.0,,,5.336832720674595,0,0,0.0,-54.020977,-54.02097702026367,0.0,3036.411253739561
235,1784911417.717523,,3.9465890696737915,,2.278195678954944,,7.067884244024754,,2.045943895354867,,3.5312328953295946,0.0,0.0,0.0,0.0,38535168,16703,18816,1176,-84.02494,0.06145677804015577,0.0035096579333185217,-4.0815836697816845,0,0.0,0.0,0.0,,,5.35202669203053,0,0,0.0,-52.173943,-52.17394256591797,0.0,2193.000758122471
236,1784911472.2485704,,5.6372873991495,,3.719913107343018,,7.253036256879568,,1.1820459191221744,,3.542791879735887,0.0,0.0,0.0,0.0,38699008,16768,18896,1181,-83.89211,0.05559952091425657,0.002481218514731154,-4.088078597187996,0,0.0,0.0,0.0,,,5.051955668535429,0,0,0.0,-65.48203,-65.4820327758789,0.0,3004.5272365861206
237,1784911528.6372466,,3.941909079439938,,3.2267115313152317,,5.808465387672186,,1.3053602153013344,,3.836377263069153,0.0,0.0,0.0,0.0,38862848,16837,18976,1186,-85.92076,0.06666664874646813,0.003222633304540068,-4.081124159693718,0,0.0,0.0,0.0,,,5.1349047689457095,0,0,0.0,-41.120285,-41.12028503417969,0.0,2905.5463535418958
238,1784911607.2973707,,5.956080770120025,,2.5690879370085895,,6.869381917640567,,1.9506957829253224,,3.6362034268677235,0.0,0.0,0.0,0.0,39026688,16909,19056,1191,-83.89235,0.07723279015626758,0.003935839788755402,-4.058004450798035,0,0.0,0.0,0.0,,,4.978060945887753,0,0,0.0,-31.83199,-31.831989288330078,0.0,2082.8858343568563
239,1784911663.6792185,,5.190919511951506,,2.5503803556784987,,7.014431748539209,,1.448922930576373,,3.5673822835087776,0.0,0.0,0.0,0.0,39190528,16980,19136,1196,-83.37115,0.07323078426998109,0.005281798899522983,-4.060066962242127,0,0.0,0.0,0.0,,,5.418845396592156,0,0,0.0,-48.20658,-48.206581115722656,0.0,2905.898340628672
240,1784911741.1308894,,3.2412765955086797,,3.10750454897061,,5.890761807095259,,1.3455159799195826,,3.249345850199461,0.0,0.0,0.0,0.0,39354368,17050,19216,1201,-85.00957,0.0724887604592368,0.00354705211793771,-4.060084429383278,0,0.0,0.0,0.0,,,4.977998322156763,0,0,0.0,-34.29168,-34.29167938232422,0.0,2115.3840553354753
241,1784911795.974054,,4.810904656769708,,2.9584250308107585,,6.050000265240669,,1.5202839704579674,,3.3168268855661154,0.0,0.0,0.0,0.0,39518208,17119,19296,1206,-84.3773,0.07889969975221903,0.0037688519980292766,-4.086156198382378,0,0.0,0.0,0.0,,,5.17307660274845,0,0,0.0,-49.71918,-49.719181060791016,0.0,2987.4269133535972
242,1784911852.6032872,,4.225240270607173,,3.2062933943234384,,5.7817191909998655,,1.1775676211254904,,4.359874511137605,0.0,0.0,0.0,0.0,39682048,17189,19376,1211,-84.55928,0.07658209900837391,0.0027179099546629005,-4.082948338985443,0,0.0,0.0,0.0,,,5.124592380127467,0,0,0.0,-33.516136,-33.516136169433594,0.0,2893.2063914149685
243,1784911929.6312149,,3.8822204794269055,,3.100980796152726,,6.689203325659037,,1.9323063310002908,,3.900124980136752,0.0,0.0,0.0,0.0,39845888,17265,19456,1216,-84.60722,0.07942413706332445,0.004999141822918318,-4.059528258442879,0,0.0,0.0,0.0,,,5.2198027009011145,0,0,0.0,-52.42293,-52.42293167114258,0.0,2127.0206728657395
244,1784911985.7222283,,4.045873644063249,,2.3866520589217544,,6.815995201468468,,1.5239410172216594,,3.7293928302824497,0.0,0.0,0.0,0.0,40009728,17340,19536,1221,-84.56425,0.06661225887946784,0.0038987992767943068,-4.081558623909951,0,0.0,0.0,0.0,,,4.98216303413489,0,0,0.0,-52.93952,-52.93952178955078,0.0,2920.966581786899
245,1784912063.3050485,,3.919032486155629,,2.98456329270266,,5.689299870282412,,0.6908792927424656,,2.9611489037051797,0.0,0.0,0.0,0.0,40173568,17417,19616,1226,-85.651886,0.07228052623104304,0.005022458064195235,-4.071847993135452,0,0.0,0.0,0.0,,,5.2375967385768565,0,0,0.0,-43.977467,-43.97746658325195,0.0,2111.8082255878226
246,1784912118.428426,,5.225919242948294,,3.0771429202286527,,6.4216613955795765,,0.8125687400752213,,3.6592968460172415,0.0,0.0,0.0,0.0,40337408,17491,19696,1231,-84.85008,0.08472741856239736,0.003542563455266645,-4.016524842381477,0,0.0,0.0,0.0,,,4.7574986097119805,0,0,0.0,-65.52269,-65.52268981933594,0.0,2972.2404425002815
247,1784912195.3789449,,4.0549122577067465,,4.229517232161015,,7.236707676202059,,0.8382995944702998,,3.022317406721413,0.0,0.0,0.0,0.0,40501248,17564,19776,1236,-84.687614,0.09003272305708379,0.0027807133170426822,-4.036719810962677,0,0.0,0.0,0.0,,,4.905190968137075,0,0,0.0,-63.5776,-63.577598571777344,0.0,2129.160900219842
248,1784912250.1625712,,5.956725974101573,,3.420768538489938,,6.76002761349082,,1.4780924312071875,,3.261617620009929,0.0,0.0,0.0,0.0,40665088,17637,19856,1241,-85.01283,0.06659318339079619,0.0036456650210311635,-4.039361521601677,0,0.0,0.0,0.0,,,4.971051417486033,0,0,0.0,-65.21994,-65.21994018554688,0.0,2990.6746280004613
249,1784912327.4300807,,7.112443288788199,,2.849460020661354,,5.860362839885056,,1.666004678409081,,3.9386996254324913,0.0,0.0,0.0,0.0,40828928,17706,19936,1246,-84.53487,0.06193033892195672,0.0032463479205034674,-4.039887064695359,0,0.0,0.0,0.0,,,5.0268724160197396,0,0,0.0,-45.608013,-45.60801315307617,0.0,2120.425115593773
250,1784912383.3871863,,4.847028078511357,,3.4522797144018114,,6.279070675373077,,1.0991866815311369,,2.9274486377835274,0.0,0.0,0.0,0.0,40992768,17777,20016,1251,-85.054955,0.06914144086185843,0.0027965361878159456,-4.0475797891616825,0,0.0,0.0,0.0,,,5.056598881233464,0,0,0.0,-58.638134,-58.63813400268555,0.0,2927.956673985575
251,1784912460.8021824,,5.324964942410588,,2.3268451320473105,,6.317514330148697,,1.136083049550507,,3.3527039736509323,0.0,0.0,0.0,0.0,41156608,17850,20096,1256,-85.08656,0.07755255601368845,0.003478525262471521,-4.087876936793327,0,0.0,0.0,0.0,,,5.010806722382357,0,0,0.0,-37.92269,-37.922691345214844,0.0,2116.3863787744654
252,1784912515.5340567,,5.465139563311823,,3.015937195159495,,7.0946151204407215,,1.2942186032887548,,3.491329220123589,0.0,0.0,0.0,0.0,41320448,17923,20176,1261,-85.16959,0.06595818507485092,0.0030849709815811365,-4.148396310210228,0,0.0,0.0,0.0,,,5.372115850640219,0,0,0.0,-52.29896,-52.2989616394043,0.0,2993.5013405571212
253,1784912570.8955865,,4.206734442850575,,2.972934729186818,,6.991892922669649,,1.0042716302996268,,2.6908229454420507,0.0,0.0,0.0,0.0,41484288,17995,20256,1266,-85.3531,0.06771491726394743,0.002547164750285447,-4.129547703266144,0,0.0,0.0,0.0,,,4.685986711925392,0,0,0.0,-53.541798,-53.54179763793945,0.0,2959.456142411721
254,1784912649.0024273,,5.385051309131086,,3.8661566143855453,,6.3089087046682835,,1.0885041338042356,,3.8909552805125713,0.0,0.0,0.0,0.0,41648128,18068,20336,1271,-86.19413,0.07414941606111825,0.0018487376830307767,-4.114881131052971,0,0.0,0.0,0.0,,,4.51440126313746,0,0,0.0,-56.47776,-56.477760314941406,0.0,2097.639611249485
255,1784912705.889016,,4.291975207743235,,3.9531885145697743,,6.57354611903429,,0.8256520166469272,,3.5923848021775484,0.0,0.0,0.0,0.0,41811968,18137,20416,1276,-85.6634,0.07908070120029151,0.0033202233404153957,-4.142309314012527,0,0.0,0.0,0.0,,,4.951009427377864,0,0,0.0,-50.338795,-50.33879470825195,0.0,2880.117575383437
256,1784912763.3287048,,4.491307134740055,,3.3158626523800194,,6.611088067293167,,1.8748483966919594,,3.681228766217828,0.0,0.0,0.0,0.0,41975808,18198,20496,1281,-84.17771,0.07388768792152405,0.004293954260356258,-4.168616738915444,0,0.0,0.0,0.0,,,5.268874325067559,0,0,0.0,-47.26815,-47.268150329589844,0.0,2852.3819522662143
257,1784912842.9981303,,5.747933154925704,,2.8934131446294487,,5.799968964420259,,0.8654361209482886,,3.674507043324411,0.0,0.0,0.0,0.0,42139648,18261,20576,1286,-83.847595,0.06402126757893711,0.0032375000402680596,-4.184935224056244,0,0.0,0.0,0.0,,,5.3418592936216545,0,0,0.0,-53.73308,-53.73308181762695,0.0,2056.497764899693
258,1784912900.6687057,,4.853135431185365,,3.24514499749057,,6.667636800557375,,1.8368782999459654,,3.7930990662425756,0.0,0.0,0.0,0.0,42303488,18329,20656,1291,-86.942024,0.07296037953346968,0.0028756229927239473,-4.20934896171093,0,0.0,0.0,0.0,,,5.233403668454818,0,0,0.0,-58.69692,-58.69691848754883,0.0,2840.964268148296
259,1784912958.2147777,,3.6072542384499684,,3.349186468985863,,6.18858085712418,,0.8277051441837102,,3.361424708273262,0.0,0.0,0.0,0.0,42467328,18392,20736,1296,-84.087425,0.051186511549167334,0.0035318255453603343,-4.220998990535736,0,0.0,0.0,0.0,,,5.667060469561948,0,0,0.0,-53.16178,-53.161781311035156,0.0,2847.1104949734995
260,1784913039.408039,,4.5321604603668675,,2.8193682082928717,,5.826976564712822,,1.6755971155362204,,3.6536936461925507,0.0,0.0,0.0,0.0,42631168,18454,20816,1301,-85.323135,0.062031086231581864,0.0031373851277749056,-4.231216436624527,0,0.0,0.0,0.0,,,5.672595762338203,0,0,0.0,-32.230732,-32.23073196411133,0.0,2017.901203406854
261,1784913098.0414467,,4.322808238212019,,3.0594749748706818,,6.6053009033203125,,1.084206055966206,,3.3199151838198304,0.0,0.0,0.0,0.0,42795008,18521,20896,1306,-83.28874,0.07222634989302605,0.0045534330245573075,-4.257465705275536,0,0.0,0.0,0.0,,,5.187830749363492,0,0,0.0,-32.99228,-32.992279052734375,0.0,2794.31150225191
262,1784913154.647045,,5.963533696194645,,4.194313623011112,,7.2642848221585155,,1.3080069790885318,,3.3482143166475,0.0,0.0,0.0,0.0,42958848,18585,20976,1311,-85.1316,0.05885359924286604,0.0028405140546965413,-4.261626741290092,0,0.0,0.0,0.0,,,5.554903546034735,0,0,0.0,-59.59652,-59.596519470214844,0.0,2894.412303247179
263,1784913211.7052882,,3.826437466777861,,3.130312388384482,,6.447246798779815,,1.1283427284797654,,4.076872784644365,0.0,0.0,0.0,0.0,43122688,18649,21056,1316,-84.245316,0.05841508824378252,0.003613094807951711,-4.262142509222031,0,0.0,0.0,0.0,,,5.857660151925533,0,0,0.0,-33.063408,-33.06340789794922,0.0,2871.453750746567
264,1784913290.9350815,,4.081159354536794,,2.2594193345867097,,6.59193997271359,,1.0997179193873308,,3.4363022027537227,0.0,0.0,0.0,0.0,43286528,18718,21136,1321,-85.82598,0.07090256158262491,0.0025165190192637963,-4.275260454416275,0,0.0,0.0,0.0,,,5.403756570971034,0,0,0.0,-52.849815,-52.849815368652344,0.0,2067.908500094326
265,1784913347.2796178,,5.517701600037981,,2.3840933165047318,,6.86819851398468,,1.4752914553537266,,3.877332650590688,0.0,0.0,0.0,0.0,43450368,18784,21216,1326,-84.3636,0.05540906358510256,0.002346193281118758,-4.27402566075325,0,0.0,0.0,0.0,,,5.3489239397679516,0,0,0.0,-54.961723,-54.96172332763672,0.0,2907.8238214532203
266,1784913403.170194,,4.257920498494059,,3.3744649356231093,,6.845944942906499,,0.9901065691519761,,3.368706116452813,0.0,0.0,0.0,0.0,43614208,18848,21296,1331,-86.6359,0.07834851793013513,0.003035040880786255,-4.278873419761657,0,0.0,0.0,0.0,,,5.102968895891794,0,0,0.0,-68.78603,-68.7860336303711,0.0,2931.4415981649595
267,1784913481.3475125,,4.9830404203385115,,1.866064314963296,,5.029196487739682,,1.707169353030622,,3.45591401681304,0.0,0.0,0.0,0.0,43778048,18910,21376,1336,-85.58647,0.07067441223189234,0.003852582068066113,-4.297041991353035,0,0.0,0.0,0.0,,,5.2218730354080325,0,0,0.0,-77.32438,-77.32437896728516,0.0,2095.7491293274193
268,1784913535.3765237,,5.036726847756654,,2.785575819434598,,6.078176181763411,,1.5517755145265255,,3.130990241188556,0.0,0.0,0.0,0.0,43941888,18978,21456,1341,-85.051895,0.07129692824091763,0.002866473382891854,-4.282548552751541,0,0.0,0.0,0.0,,,5.390596959180226,0,0,0.0,-63.511253,-63.511253356933594,0.0,3032.443674611741
269,1784913589.779925,,4.238023508805782,,3.393062191316858,,6.25894945114851,,1.3027748483000323,,3.395244659623131,0.0,0.0,0.0,0.0,44105728,19042,21536,1346,-87.086334,0.07334824004210531,0.0033001007068378385,-4.286549216508865,0,0.0,0.0,0.0,,,5.380751952651285,0,0,0.0,-68.778,-68.77799987792969,0.0,3011.5769793419367
270,1784913668.9848568,,4.274019362637773,,2.8212430234998465,,4.993285434320569,,1.2096914963331074,,3.051437990507111,0.0,0.0,0.0,0.0,44269568,19110,21616,1351,-85.40977,0.0818803081754595,0.005576016010309104,-4.258464029431343,0,0.0,0.0,0.0,,,5.63221146823298,0,0,0.0,-45.778465,-45.778465270996094,0.0,2068.5580744366807
271,1784913724.5923612,,4.630089489219245,,3.287695254839491,,7.040670942515135,,1.6584222769597545,,3.2800649345153943,0.0,0.0,0.0,0.0,44433408,19178,21696,1356,-87.13082,0.0722486007027328,0.0055443973047658805,-4.255644211173058,0,0.0,0.0,0.0,,,5.916802608903588,0,0,0.0,-68.8279,-68.8279037475586,0.0,2946.365068313078
272,1784913780.774288,,5.047123618423939,,3.9654884292394854,,7.0699716825038195,,1.3180575578007847,,4.03735691215843,0.0,0.0,0.0,0.0,44597248,19245,21776,1361,-85.488945,0.06141700802836567,0.0039060312476067336,-4.282196608185768,0,0.0,0.0,0.0,,,5.40043096097295,0,0,0.0,-55.372692,-55.3726921081543,0.0,2916.239554009791
273,1784913861.8802154,,4.932410073233768,,3.322412804409396,,7.278005536645651,,1.5223163168411702,,3.437108772341162,0.0,0.0,0.0,0.0,44761088,19305,21856,1366,-84.90233,0.022922429128084332,0.004321121150860563,-4.284310105443001,0,0.0,0.0,0.0,,,5.668795238552971,0,0,0.0,-36.488415,-36.4884147644043,0.0,2020.0747591635477
274,1784913920.0708091,,6.52390643954277,,3.0541577260009944,,6.451225820928812,,1.1752991675166413,,3.5490660136565566,0.0,0.0,0.0,0.0,44924928,19371,21936,1371,-84.95049,0.06549191768281162,0.0032208279910264535,-4.2874228954315186,0,0.0,0.0,0.0,,,5.39999557947137,0,0,0.0,-34.368484,-34.36848449707031,0.0,2815.575300522345
275,1784913978.5342708,,3.88239968335256,,3.8787460164166987,,7.074066745117307,,1.3229362497804686,,3.8322059949859977,0.0,0.0,0.0,0.0,45088768,19433,22016,1376,-84.06207,0.04220972337061539,0.004261951481748838,-4.287571489810944,0,0.0,0.0,0.0,,,5.363650319423072,0,0,0.0,-42.252686,-42.252685546875,0.0,2802.4342447544923
276,1784914035.5538862,,3.9427765901200473,,2.94401079590898,,6.787201019469649,,0.7974323246162385,,3.7612428655847907,0.0,0.0,0.0,0.0,45252608,19493,22096,1381,-84.25488,0.05826789545826614,0.0019272719364380464,-4.301134949922561,0,0.0,0.0,0.0,,,5.1029573426471755,0,0,0.0,-50.03199,-50.03199005126953,0.0,2873.3965332994835
277,1784914117.4641645,,4.068801961839199,,4.087012447416782,,7.2758180648088455,,1.3685210014227778,,3.214884176850319,0.0,0.0,0.0,0.0,45416448,19557,22176,1386,-86.518875,0.07674816341605037,0.002488081455521751,-4.292930993437767,0,0.0,0.0,0.0,,,5.219841169664383,0,0,0.0,-52.146843,-52.14684295654297,0.0,2000.2373742391624
278,1784914174.6426518,,3.818338622804731,,3.9375203680538107,,7.257313504815102,,1.0787859142874368,,2.974299982888624,0.0,0.0,0.0,0.0,45580288,19619,22256,1391,-84.940315,0.07185694733634591,0.0027430944741354325,-4.290849208831787,0,0.0,0.0,0.0,,,5.202223211568975,0,0,0.0,-56.358448,-56.35844802856445,0.0,2865.4129665352048
279,1784914232.3332734,,5.577474707679357,,2.9903883871156722,,6.056186258792877,,1.1048889507947024,,3.1131881661713123,0.0,0.0,0.0,0.0,45744128,19686,22336,1396,-84.26144,0.06661467412486673,0.004592187424714211,-4.312333366274833,0,0.0,0.0,0.0,,,5.438107912554997,0,0,0.0,-60.40443,-60.4044303894043,0.0,2839.9771475221382
280,1784914290.9829054,,5.544742411002517,,4.0586879989132285,,7.449185103178024,,0.9265333827352151,,2.7807252341881394,0.0,0.0,0.0,0.0,45907968,19737,22416,1401,-85.32428,0.0652923836838454,0.002649081213894533,-4.33540498316288,0,0.0,0.0,0.0,,,5.321887144688969,0,0,0.0,-36.918995,-36.91899490356445,0.0,2793.5376399360325
281,1784914373.0954337,,4.438386631663889,,3.787128193071112,,6.998006822541356,,1.3876066374359652,,2.7915622340515256,0.0,0.0,0.0,0.0,46071808,19802,22496,1406,-85.85643,0.0757033514091745,0.0037386062715086153,-4.354574126005173,0,0.0,0.0,0.0,,,5.30113875146328,0,0,0.0,-45.864433,-45.86443328857422,0.0,1995.3110202467321
282,1784914431.1938035,,4.225157608452719,,1.8863384588621557,,5.736711602658033,,1.387060023698723,,2.953557815635577,0.0,0.0,0.0,0.0,46235648,19864,22576,1411,-86.49017,0.07125098113901913,0.003492991336679552,-4.328820595145226,0,0.0,0.0,0.0,,,5.633173530981361,0,0,0.0,-59.488808,-59.488807678222656,0.0,2820.0443954251914
283,1784914487.963765,,5.021017077378929,,2.843368459434714,,6.219741702079773,,1.7743630218319595,,3.2937569497153163,0.0,0.0,0.0,0.0,46399488,19932,22656,1416,-84.49463,0.06703051219228655,0.0026086691781529226,-4.325889536738396,0,0.0,0.0,0.0,,,5.563188548589784,0,0,0.0,-65.04649,-65.04649353027344,0.0,2886.0327824058404
284,1784914545.0323632,,5.632868851535022,,3.3226061041932553,,6.504903342574835,,1.2555415427777916,,2.9058761056512594,0.0,0.0,0.0,0.0,46563328,19996,22736,1421,-86.27241,0.07529791491106153,0.0032019945138017647,-4.3384950965642926,0,0.0,0.0,0.0,,,5.460338885007873,0,0,0.0,-45.816505,-45.816505432128906,0.0,2870.930846981679
285,1784914625.3550336,,5.029968139715493,,3.0174132785759866,,6.692860871553421,,1.7958406964316964,,3.9465346559882164,0.0,0.0,0.0,0.0,46727168,20069,22816,1426,-87.02296,0.08867335601244122,0.004662166722118855,-4.316063168644905,0,0.0,0.0,0.0,,,5.4015491229574195,0,0,0.0,-67.98117,-67.98117065429688,0.0,2039.7729303983554
286,1784914681.7651274,,3.5695652826689184,,2.8890851559117436,,7.0506334491074085,,1.5071124816313386,,3.63081022631377,0.0,0.0,0.0,0.0,46891008,20138,22896,1431,-84.538864,0.07250164735596627,0.0028269846108742057,-4.317981797456741,0,0.0,0.0,0.0,,,5.206949315724036,0,0,0.0,-78.02349,-78.02349090576172,0.0,2904.444533231105
287,1784914764.372527,,5.743391686119139,,3.419659082428552,,6.406722981482744,,1.5094802936073393,,3.5625809198245406,0.0,0.0,0.0,0.0,47054848,20210,22976,1436,-88.191345,0.09005177957005799,0.004964661129633896,-4.308679476380348,0,0.0,0.0,0.0,,,5.3801605479207515,0,0,0.0,-44.488613,-44.48861312866211,0.0,1983.3574515881226
288,1784914821.777408,,3.1738609354943037,,2.9816755978390574,,6.788115445524454,,1.504683182865847,,3.3078849921002984,0.0,0.0,0.0,0.0,47218688,20277,23056,1441,-84.72476,0.06992597419302911,0.005665818224224494,-4.262788408994675,0,0.0,0.0,0.0,,,5.913607386429599,0,0,0.0,-46.3107,-46.310699462890625,0.0,2854.1126715905316
289,1784914876.8766932,,4.815951791824773,,2.823166233720258,,7.704102843999863,,0.9533186112821568,,3.3325309865176678,0.0,0.0,0.0,0.0,47382528,20344,23136,1446,-86.85426,0.07347561116330326,0.00480365851908573,-4.258893215656281,0,0.0,0.0,0.0,,,5.434485322340061,0,0,0.0,-63.45752,-63.45751953125,0.0,2973.5415148975158
290,1784914959.292765,,4.169735875912011,,3.157279139268212,,6.171448049135506,,0.9343069756869227,,3.676159046590328,0.0,0.0,0.0,0.0,47546368,20405,23216,1451,-84.8465,0.05806957981549203,0.0033095979306381196,-4.22881678044796,0,0.0,0.0,0.0,,,5.03525177635778,0,0,0.0,-44.557434,-44.55743408203125,0.0,1987.9617720286
291,1784915015.5537872,,5.324846496805549,,3.2157569471746683,,7.122031170874834,,1.5412394853774458,,3.2965584006160498,0.0,0.0,0.0,0.0,47710208,20467,23296,1456,-84.73111,0.05859935590997338,0.002658046389115043,-4.272537246346474,0,0.0,0.0,0.0,,,5.636284248646403,0,0,0.0,-53.344597,-53.34459686279297,0.0,2912.1403221328146
292,1784915072.5824525,,4.56592122442089,,2.808920880779624,,5.712126651778817,,1.2589628429850563,,3.793364674784243,0.0,0.0,0.0,0.0,47874048,20529,23376,1461,-87.42107,0.06383237377740443,0.00381651649804553,-4.284215074777603,0,0.0,0.0,0.0,,,5.471930089989841,0,0,0.0,-45.158516,-45.15851593017578,0.0,2872.9413053690914
293,1784915130.291386,,6.361202334519476,,2.5268326175864786,,6.829366674646735,,1.66518461832311,,3.6122211441397667,0.0,0.0,0.0,0.0,48037888,20590,23456,1466,-82.797676,0.04411759345093742,0.0034119661955628543,-4.262956833839416,0,0.0,0.0,0.0,,,5.575646070040273,0,0,0.0,-40.952217,-40.95221710205078,0.0,2839.0749709572665
294,1784915212.370933,,5.814136607805267,,3.569813966169022,,6.913222912698984,,1.7351017144028447,,3.5186799336224794,0.0,0.0,0.0,0.0,48201728,20655,23536,1471,-84.620895,0.08688386469148099,0.0029620851739309726,-4.257318156957626,0,0.0,0.0,0.0,,,5.192074450854596,0,0,0.0,-53.242157,-53.242156982421875,0.0,1996.112459994696
295,1784915269.0160954,,4.282483356073499,,2.7258753031492233,,6.681692004203796,,1.3407801784342155,,2.943846161942929,0.0,0.0,0.0,0.0,48365568,20719,23616,1476,-83.665596,0.0744981347816065,0.0027238121670961845,-4.260384428501129,0,0.0,0.0,0.0,,,5.254240208374492,0,0,0.0,-62.638878,-62.638877868652344,0.0,2892.392642638873
296,1784915326.0617955,,4.173987724934705,,2.8201549881487153,,7.052818033844233,,1.8764132843352854,,3.3525872882455587,0.0,0.0,0.0,0.0,48529408,20781,23696,1481,-85.12838,0.058530164300464094,0.001917305961251259,-4.330687043070793,0,0.0,0.0,0.0,,,5.2609079703598285,0,0,0.0,-52.24574,-52.2457389831543,0.0,2872.0828431911473
297,1784915384.410033,,5.348279114696197,,4.130714853235986,,7.45829701423645,,1.408353344304487,,3.2514770631678402,0.0,0.0,0.0,0.0,48693248,20841,23776,1486,-83.83598,0.059117075870744884,0.0034558741499495227,-4.342801475524903,0,0.0,0.0,0.0,,,5.525579358483879,0,0,0.0,-34.12479,-34.12479019165039,0.0,2807.9676927668766
298,1784915468.3038876,,4.784064923878759,,4.161965185776353,,6.711743269115686,,1.023323701665504,,2.895260229706764,0.0,0.0,0.0,0.0,48857088,20902,23856,1491,-84.64318,0.0577035257127136,0.003988457297964487,-4.379732400178909,0,0.0,0.0,0.0,,,5.898864574562222,0,0,0.0,-24.381763,-24.381763458251953,0.0,1952.9441170058199
299,1784915524.5230021,,4.671027517179027,,3.5680296388454735,,6.06549471616745,,1.256252238235902,,3.3161782938987017,0.0,0.0,0.0,0.0,49020928,20963,23936,1496,-85.67286,0.0506987561006099,0.003531320886395406,-4.361437350511551,0,0.0,0.0,0.0,,,5.38582129068506,0,0,0.0,-67.27879,-67.27879333496094,0.0,2914.3110201439463
300,1784915580.5546968,,5.049359991535312,,2.9207888495875522,,7.653209809213877,,1.5447571431286633,,3.782107001170516,0.0,0.0,0.0,0.0,49184768,21026,24016,1501,-85.5563,0.06672763181850314,0.0037396017316496,-4.373828172683716,0,0.0,0.0,0.0,,,5.153128278400251,0,0,0.0,-39.12478,-39.124778747558594,0.0,2924.0597328829467
301,1784915638.695915,,5.391069913748652,,3.670904105529189,,6.5183616522699594,,1.2466925961052766,,2.676674936665222,0.0,0.0,0.0,0.0,49348608,21095,24096,1506,-87.470505,0.0740823151776567,0.003334388634539209,-4.3907627165317535,0,0.0,0.0,0.0,,,5.469636617515356,0,0,0.0,-41.77871,-41.778709411621094,0.0,2817.9660400444204
302,1784915721.8937957,,5.813227370381355,,3.786068928311579,,7.102539520710707,,1.6906177252531052,,4.00485472753644,0.0,0.0,0.0,0.0,49512448,21157,24176,1511,-86.028145,0.04420724365627393,0.00325856059207581,-4.370548382401466,0,0.0,0.0,0.0,,,6.292412422745155,0,0,0.0,-57.91149,-57.91149139404297,0.0,1969.2813088469363
303,1784915777.8999982,,4.3070194195752265,,3.669743905775249,,7.292603310197592,,1.001221415353939,,3.027284450363368,0.0,0.0,0.0,0.0,49676288,21231,24256,1516,-86.365005,0.06262314305640757,0.0029580048401840033,-4.363806185126305,0,0.0,0.0,0.0,,,5.5037455062511045,0,0,0.0,-63.601746,-63.60174560546875,0.0,2925.390210203387
304,1784915835.6147947,,4.752403752354439,,3.4622863144613802,,7.018596213310957,,1.4236648729274748,,3.470389762078412,0.0,0.0,0.0,0.0,49840128,21298,24336,1521,-86.09968,0.07584161330014468,0.0030853024174575692,-4.368630105257035,0,0.0,0.0,0.0,,,5.25192496279675,0,0,0.0,-40.43574,-40.43574142456055,0.0,2838.786768683871
305,1784915914.2009356,,5.211970761884004,,3.13987331581302,,6.448941100388765,,2.0472951023839414,,3.3952173916622996,0.0,0.0,0.0,0.0,49971200,21359,24400,1525,-86.48206,0.08137575543951243,0.0028595964759006165,-4.387480911612511,0,0.0,0.0,0.0,,,5.243423580216714,0,0,0.0,-45.286095,-45.286094665527344,0.0,2084.8460942680144
