# _tick,_time,plr_track_ground_roughness,track_ground_roughness,plr_track_student_ground_roughness,track_student_ground_roughness,plr_track_pit_gap_low,track_pit_gap_low,plr_track_student_pit_gap_low,track_student_pit_gap_low,plr_track_pit_gap_high,track_pit_gap_high,plr_track_student_pit_gap_high,track_student_pit_gap_high,plr_track_stump_height_low,track_stump_height_low,plr_track_student_stump_height_low,track_student_stump_height_low,plr_track_stump_height_high,track_stump_height_high,plr_track_student_stump_height_high,track_student_stump_height_high,plr_track_ued_ground_roughness,track_ued_ground_roughness,plr_track_ued_pit_gap_low,track_ued_pit_gap_low,plr_track_ued_pit_gap_high,track_ued_pit_gap_high,plr_track_ued_stump_height_low,track_ued_stump_height_low,plr_track_ued_stump_height_high,track_ued_stump_height_high,mean_env_return,adversary_env_pg_loss,adversary_env_value_loss,adversary_env_dist_entropy,dces_l_pi,dces_l_delta,dces_l_tot,dces_q_delta,dces_q_delta_std,dces_w1,dces_w2,dces_buf,dces_c_std,dces_c_absmean,dces_reg_std,steps,total_episodes,total_seeds,total_student_grad_updates,mean_agent_return,agent_value_loss,agent_pg_loss,agent_dist_entropy,mean_adversary_agent_return,adversary_value_loss,adversary_pg_loss,adversary_dist_entropy,kl_loss_advagent_agent,kl_loss_agent_advagent,dps_lambda_skill,dps_lambda_target,dps_mode,agent_grad_norm,adversary_grad_norm,adversary_env_grad_norm,solved_rate:BipedalWalker-MADS-POET-Rose-3a-Eval-v0,test_returns:BipedalWalker-MADS-POET-Rose-3a-Eval-v0,sps,target_agent_return
0,1784863794.2485344,,5.28,,5.28,,4.799999999999999,,4.799999999999999,,7.200000000000002,,7.200000000000002,,1.9800000000000002,,1.9800000000000002,,2.759999999999999,,2.759999999999999,,4.989800055511296,,4.615908063016832,,6.626984384842217,,1.8278161631897092,,2.5411643653642386,0.0006533809937536716,-0.0028328696498647332,0.1216382340353448,1.4217468202114105,1.0480202436447144,0.0,1.0428980588912964,-0.0647890642285347,0.0016286637401208282,0.7212693691253662,0.638468861579895,16,0.48009052872657776,4.120334625244141,0.06339018791913986,32768,85,16,1,-128.10207,0.12367408536374569,-0.0025099803591729143,5.694101241230965,-118.06047,0.06409328681183979,-0.0036683570018794854,5.677366524934769,,,0.95,0.9,n2c,0.3293694058290302,0.3396587260683,1.8147511429723524,0.0,-115.50972,1922.2053680681502,-128.10207
1,1784863871.8433845,,5.28,,5.28,,4.799999999999999,,4.799999999999999,,7.200000000000002,,7.200000000000002,,1.9800000000000002,,1.9800000000000002,,2.759999999999999,,2.759999999999999,,5.007857874967158,,4.35340901883319,,6.883747245185077,,1.9772501052357256,,2.6507254870957695,0.0011149430647492409,-0.0074106433894485235,0.13053062389371917,1.4223559834063053,1.0000569820404053,0.9344919323921204,0.9839081764221191,0.001528402790427208,0.0029175158124417067,0.7029585242271423,0.6335088610649109,96,0.4943409860134125,4.174598217010498,0.08727775514125824,196608,562,96,6,-135.49417,0.05037081537302583,-0.0041284734419605226,5.707713517546654,-117.47717,0.07656499366275966,-0.002864038039842853,5.60123792886734,,,0.95,0.9,n2c,0.3614595252549244,0.23304538231473612,2.0583217362408854,0.0,-148.68015,2111.480154573396,-135.49417
2,1784863952.785414,,5.28,,5.28,,4.799999999999999,,4.799999999999999,,7.200000000000002,,7.200000000000002,,1.9800000000000002,,1.9800000000000002,,2.759999999999999,,2.759999999999999,,5.167896669823676,,4.984274578280747,,7.477371444925666,,2.070024945627665,,2.8311006020521745,0.005109000019729137,-0.0036655482836067677,0.00031957344970123813,1.4351263269782066,0.920717179775238,0.9310462474822998,0.880946695804596,-0.021730080246925354,0.013014158234000206,0.7319693565368652,0.6202253103256226,176,0.4834832549095154,4.506133079528809,0.0769289880990982,360448,910,176,11,-145.04984,0.015054147026967257,-0.0037627944730047602,5.573979941010475,-114.88722,0.04323102661874145,-0.0024933387190685607,5.515894988179207,,,0.95,0.9,n2c,0.3746876314573063,0.2616384861917483,0.7794740470130749,0.0,-154.92674,2024.1654840397637,-145.04984
3,1784864032.3557918,,5.28,,5.28,,4.799999999999999,,4.799999999999999,,7.200000000000002,,7.200000000000002,,1.9800000000000002,,1.9800000000000002,,2.759999999999999,,2.759999999999999,,4.620846344158053,,4.27216184779536,,6.529148669913411,,1.5905912183225155,,2.348243398591876,0.0070553552359342575,-0.005680531554389745,0.06158731461619027,1.4332929886877537,0.8832985758781433,0.9257399439811707,0.7949379086494446,-0.05008378624916077,0.021522609516978264,0.8572125434875488,0.6035531759262085,256,0.3448947072029114,3.8721985816955566,0.04256516695022583,524288,1150,256,16,-136.3716,0.0075350934828748,-0.004926572773547378,5.359447106719017,-140.17398,0.017184070107759908,-0.002931286478997208,5.366836982965469,,,0.95,0.9,n2c,0.40068572226507604,0.3213522116334526,1.3209038097364876,0.0,-134.79526,2059.057434127706,-136.3716
4,1784864111.0215926,,5.28,,5.28,,4.799999999999999,,4.799999999999999,,7.200000000000002,,7.200000000000002,,1.9800000000000002,,1.9800000000000002,,2.759999999999999,,2.759999999999999,,5.883257161825895,,5.267721652984619,,7.914407881908119,,2.2891035582870245,,3.086974671576172,0.005894412286579609,0.001278977986657992,0.02106932122114813,1.4293321557343006,0.7107291221618652,0.9177872538566589,0.46234747767448425,0.007710009813308716,0.014502255246043205,1.22847318649292,0.5856994390487671,336,0.3774011731147766,4.888293266296387,0.05860116332769394,688128,1346,336,21,-137.41171,0.021030833362601697,-0.003958609962137416,5.234220978617668,-140.75354,0.01233598284306936,-0.0030144510994432492,5.159565651416779,,,0.95,0.9,n2c,0.41756185442411964,0.3715041075351244,1.3048117305018638,0.0,-121.559006,2082.7343534811025,-137.41171
5,1784864190.977717,,5.28,,5.28,,4.799999999999999,,4.799999999999999,,7.200000000000002,,7.200000000000002,,1.9800000000000002,,1.9800000000000002,,2.759999999999999,,2.759999999999999,,4.866462868172675,,4.330616062972695,,7.134266572073102,,1.7943570204079151,,2.6098674130626023,0.016572989523410797,-0.00038749154191464186,0.011793205583671806,1.4346490241587162,0.5715221762657166,0.9067484736442566,0.46742478013038635,0.03618869185447693,0.0472114197909832,1.670566439628601,0.5512405037879944,416,0.46762341260910034,4.147114276885986,0.05485162138938904,851968,1542,416,26,-129.56361,0.013902118624537252,-0.0023214601300423966,5.047048392891884,-127.4634,0.013096684397896751,-0.002701868220901815,4.9621527582407,,,0.95,0.9,n2c,0.4036503979138188,0.42193221372796075,0.9289883890946931,0.0,-134.44565,2049.123877440416,-129.56361
6,1784864268.9737408,,5.28,,5.28,,4.799999999999999,,4.799999999999999,,7.200000000000002,,7.200000000000002,,1.9800000000000002,,1.9800000000000002,,2.759999999999999,,2.759999999999999,,5.75472646811977,,4.842637186869979,,7.712359147146344,,2.130577146075666,,2.9108915434917435,0.025349905714392662,-0.00226862306590192,0.01624589439597912,1.4427589364349842,0.6221328377723694,0.8953024744987488,0.4588930606842041,-0.02684357389807701,0.06649785488843918,1.3375892639160156,0.5320492386817932,496,0.41223010420799255,4.670238494873047,0.040719106793403625,1015808,1708,496,31,-120.11206,0.014936694307834841,-0.002132127785444027,4.818149688839912,-121.422195,0.010526864437269978,-0.0029968213028041648,4.734716165065765,,,0.95,0.9,n2c,0.4792802406501405,0.43558973151246266,1.1025810818542205,0.0,-120.70653,2100.6201569512605,-120.11206
7,1784864348.6309097,,5.28,,5.28,,4.799999999999999,,4.799999999999999,,7.200000000000002,,7.200000000000002,,1.9800000000000002,,1.9800000000000002,,2.759999999999999,,2.759999999999999,,5.4617150984704494,,5.306321941781789,,7.700286405161023,,2.1604024904663675,,2.9491723573300987,0.05629841238260269,-0.0017324110158369876,0.005102649171021767,1.446119625121355,0.5884736180305481,0.8902831673622131,0.45492303371429443,0.04736272990703583,0.14492428302764893,1.1885939836502075,0.5094461441040039,576,0.44509801268577576,4.715579509735107,0.03384196758270264,1179648,1872,576,36,-116.33059,0.007517022888350766,-0.0022178784405696207,4.595823508501053,-117.644554,0.007347305680741556,-0.002732164124608971,4.5166818588972095,,,0.95,0.9,n2c,0.5394880723428341,0.5189193044886924,0.8240631339270432,0.0,-119.542114,2056.815719913709,-116.33059
8,1784864428.0750976,,5.28,,5.28,,4.799999999999999,,4.799999999999999,,7.200000000000002,,7.200000000000002,,1.9800000000000002,,1.9800000000000002,,2.759999999999999,,2.759999999999999,,5.934124145656824,,5.560825973749161,,7.828581447713077,,2.0942229721695185,,3.075105039868504,0.030656680464744568,0.0016579913208261132,0.001161253263035178,1.4500274136662483,0.6827801465988159,0.8523671627044678,0.5357279181480408,-0.042798642069101334,0.10676988214254379,0.9924701452255249,0.5047060251235962,656,0.3920397162437439,4.898571968078613,0.03918490931391716,1343488,2045,656,41,-100.063644,0.011005459842272103,-0.0016679559310432523,4.295561850070953,-120.83537,0.010039649446844124,-0.002373208994686138,4.301102775335312,,,0.95,0.9,n2c,0.5538478452955922,0.5748899030240808,0.7454481431162403,0.0,-115.340065,2062.3286052047806,-100.063644
9,1784864507.9003546,,5.28,,5.28,,4.799999999999999,,4.799999999999999,,7.200000000000002,,7.200000000000002,,1.9800000000000002,,1.9800000000000002,,2.759999999999999,,2.759999999999999,,5.565332145430148,,5.171314420411363,,7.42164552398026,,2.1978074545040727,,2.910442494787276,0.00530496658757329,-0.015503340191571624,0.00010064004464993559,1.4567800275981426,0.5032733678817749,0.8608351945877075,0.3484610915184021,0.08161146938800812,0.013980844989418983,1.0323206186294556,0.45721685886383057,736,0.5279870629310608,4.653307914733887,0.0388929583132267,1507328,2212,736,46,-99.30428,0.014581841544713824,-0.001124236335454043,4.073863226175308,-108.84048,0.008480425452580676,-0.0017114422575104983,4.036943650245666,,,0.95,0.9,n2c,0.579352427141602,0.6397066047082894,0.5884275816602392,0.0,-109.85576,2052.483698950634,-99.30428
10,1784864585.17363,,5.28,,5.28,,4.799999999999999,,4.799999999999999,,7.200000000000002,,7.200000000000002,,1.9800000000000002,,1.9800000000000002,,2.759999999999999,,2.759999999999999,,5.062780837062746,,4.787748322822154,,7.193958328804001,,1.8981305558700114,,2.7501713732490316,0.05939609929919243,-0.006015187042066827,0.008879286571755074,1.456316240131855,0.668675422668457,0.8592761754989624,0.54215008020401,-0.016804374754428864,0.14546839892864227,1.035374402999878,0.4336376190185547,816,0.46544185280799866,4.338557720184326,0.040916815400123596,1671168,2395,816,51,-99.741165,0.015845285230898298,-0.0020721698288980405,3.840896911919117,-110.91792,0.011961259314557538,-0.0029529222418204883,3.822408828139305,,,0.95,0.9,n2c,0.5673383946654548,0.6385291897445576,0.7795376809955521,0.0,-116.27525,2120.264540459111,-99.741165
11,1784864661.9861183,,5.28,,5.28,,4.799999999999999,,4.799999999999999,,7.200000000000002,,7.200000000000002,,1.9800000000000002,,1.9800000000000002,,2.759999999999999,,2.759999999999999,,5.710539664956741,,5.46954231755808,,7.593861130182631,,2.282082962570712,,2.956236613506917,0.018879108130931854,0.0007047538238111883,0.017462298234022455,1.4578356184065342,0.5591565370559692,0.8734564185142517,0.4491438865661621,0.19937476515769958,0.0591079406440258,1.0190037488937378,0.41637513041496277,896,0.37381336092948914,4.802452564239502,0.02999298833310604,1835008,2565,896,56,-110.48753,0.027814425993710756,-0.002080610300617991,3.5955154195427896,-102.58811,0.011241550359409302,-0.001489694632618921,3.569887451827526,,,0.95,0.9,n2c,0.6449983135298668,0.6372860169055204,1.098942677476263,0.0,-108.4623,2132.987807555498,-110.48753
12,1784864741.6531656,,5.28,,5.28,,4.799999999999999,,4.799999999999999,,7.200000000000002,,7.200000000000002,,1.9800000000000002,,1.9800000000000002,,2.759999999999999,,2.759999999999999,,5.792300083907321,,5.289652733015828,,7.649163175141439,,2.2882747566327453,,3.193708125501871,0.0078063663095235825,-0.010308241500752047,0.0030558807502529817,1.461870826780796,0.5975870490074158,0.859926700592041,0.4179859459400177,0.1038099080324173,0.018615005537867546,0.8948427438735962,0.3055773973464966,976,0.3888712227344513,4.842619895935059,0.026415817439556122,1998848,2755,976,61,-91.58944,0.02033206318737939,-0.000637798987008864,3.4495004594326018,-108.711136,0.010011149532510899,-0.001432452111475868,3.3834257796406746,,,0.95,0.9,n2c,0.6775073698626677,0.7068793056845772,0.8678109807569301,0.0,-106.48035,2056.558158318072,-91.58944
13,1784864818.6879542,,5.28,,5.28,,4.799999999999999,,4.799999999999999,,7.200000000000002,,7.200000000000002,,1.9800000000000002,,1.9800000000000002,,2.759999999999999,,2.759999999999999,,5.193694856367074,,4.106218982487917,,6.673690079129301,,1.708495385479182,,2.5766030804952607,0.03673229739069939,-0.0018946528871310875,0.04737598141946364,1.4645499922335148,0.6775896549224854,0.8625659346580505,0.6139760613441467,-0.2667616307735443,0.09321960061788559,1.033419132232666,0.2663820683956146,1056,0.3789184093475342,4.0517401695251465,0.06450951844453812,2162688,2948,1056,66,-93.41493,0.012539560973527842,-0.0032391805470979307,3.2947437480092048,-107.77385,0.03387153095100075,-0.0021365471373428592,3.242578589916229,,,0.95,0.9,n2c,0.6350083862479582,0.7663440242973228,1.4676682384514428,0.0,-103.78892,2126.831436605203,-93.41493
14,1784864896.5961583,,5.28,,5.28,,4.799999999999999,,4.799999999999999,,7.200000000000002,,7.200000000000002,,1.9800000000000002,,1.9800000000000002,,2.759999999999999,,2.759999999999999,,4.832778465002775,,4.5684590372256935,,6.551793921738863,,1.950135491322726,,2.5398796098306775,0.043845612555742264,-0.0008807638005237095,0.03416687667777296,1.4771725125610828,0.7212692499160767,0.8383198976516724,0.5391924977302551,-0.004484521225094795,0.10702621936798096,0.8216204643249512,0.2260948121547699,1136,0.4400536119937897,4.088609218597412,0.05022314190864563,2326528,3130,1136,71,-84.40709,0.008087216166313738,-0.0018711953533056657,3.038051448762417,-121.69127,0.017601946339709684,-0.0020647260622354223,3.069497177004814,,,0.95,0.9,n2c,0.7853431923263081,0.8201129194026479,1.0655569795057238,0.0,-95.6133,2102.9876407683237,-84.40709
15,1784864974.7976027,,5.28,,5.28,,4.799999999999999,,4.799999999999999,,7.200000000000002,,7.200000000000002,,1.9800000000000002,,1.9800000000000002,,2.759999999999999,,2.759999999999999,,6.054775321856141,,5.569471814669669,,7.873714965302497,,2.3002773434855044,,3.1098081804811954,0.04338565468788147,-0.004503246032982133,0.0027667535814543953,1.477731317281723,0.6733141541481018,0.8813363313674927,0.50141841173172,-0.2543269693851471,0.1080055683851242,0.7190259695053101,0.2037736177444458,1216,0.29118674993515015,4.981609344482422,0.023103905841708183,2490368,3310,1216,76,-88.575966,0.013024883333127946,-0.0010003649069403764,2.7805864557623865,-107.93788,0.013998521130997688,-0.0021331578289391475,2.8747744649648665,,,0.95,0.9,n2c,0.7363107843872132,0.7544513936598121,1.3062949366666952,0.0,-98.014595,2095.102160841917,-88.575966
16,1784865054.7129679,,5.28,,5.28,,4.799999999999999,,4.799999999999999,,7.200000000000002,,7.200000000000002,,1.9800000000000002,,1.9800000000000002,,2.759999999999999,,2.759999999999999,,5.596217058598995,,5.006451081018895,,7.243641194421798,,2.157823223620653,,3.030479156295769,0.0878826379776001,-0.010785818347358145,0.007204994893982075,1.4950242415070534,0.7190629839897156,0.9357924461364746,0.6044054627418518,0.03699345514178276,0.22983303666114807,0.8336687684059143,0.18273377418518066,1296,0.5577213168144226,4.606922149658203,0.037699420005083084,2654208,3482,1296,81,-77.75664,0.009330882620997728,-0.0011598225275520236,2.5168771490454676,-89.171234,0.011581378025584853,-0.001964604764361866,2.6373446837067602,,,0.95,0.9,n2c,0.8817388257249407,0.8829520479828371,0.9183931186595091,0.0,-90.61248,2050.168960850378,-77.75664
17,1784865134.1160388,,5.28,,5.28,,4.799999999999999,,4.799999999999999,,7.200000000000002,,7.200000000000002,,1.9800000000000002,,1.9800000000000002,,2.759999999999999,,2.759999999999999,,5.540928156115115,,5.056165618821979,,7.6248387766536325,,2.147326730657369,,2.7841973833274096,0.06767953932285309,-0.011213585174118634,0.005221509629336651,1.511210784316063,0.6037542223930359,0.9000516533851624,0.41130971908569336,-0.002285407856106758,0.18118897080421448,0.7086799144744873,0.16698981821537018,1376,0.48131561279296875,4.630691051483154,0.03261379525065422,2818048,3657,1376,86,-82.451645,0.01511587756103836,-0.00012323277187533676,2.3144952952861786,-91.95002,0.011328782685450279,-0.0019061804443481379,2.4164022162556646,,,0.95,0.9,n2c,0.9022098259629022,0.8937455917508235,0.7462257255593361,0.0,-113.545334,2063.396162446138,-82.451645
18,1784865212.1031904,,5.28,,5.28,,4.799999999999999,,4.799999999999999,,7.200000000000002,,7.200000000000002,,1.9800000000000002,,1.9800000000000002,,2.759999999999999,,2.759999999999999,,5.255722877569497,,5.340715905302204,,7.468036898644641,,2.283377748914063,,3.037310390267521,0.04544927924871445,-0.005486471869517118,0.003304012683656765,1.5204505734145641,0.615293562412262,0.8141595721244812,0.43574899435043335,0.2191544771194458,0.1235341876745224,0.6814903020858765,0.1565840095281601,1456,0.4366800785064697,4.677032947540283,0.025830525904893875,2981888,3838,1456,91,-66.603516,0.006697470400831662,-0.0006726078419887927,2.1091027081012728,-83.36458,0.011032899719430134,-0.001845356913690921,2.1957459852099417,,,0.95,0.9,n2c,0.9857421150072797,0.9295004114786408,0.5507846933469409,0.0,-75.76341,2100.8594086086728,-66.603516
19,1784865292.737206,,5.28,,5.28,,4.799999999999999,,4.799999999999999,,7.200000000000002,,7.200000000000002,,1.9800000000000002,,1.9800000000000002,,2.759999999999999,,2.759999999999999,,5.133732093498111,,4.639112705721345,,6.798421413870528,,1.9011721710849088,,2.4886740930378437,0.10608642548322678,-0.0023554533945571166,0.007784625158819836,1.525218352675438,0.7206863760948181,0.9227054715156555,0.6471102833747864,-0.13122281432151794,0.2597769498825073,0.8404866456985474,0.1455388069152832,1536,0.4558318555355072,4.192222595214844,0.05946986377239227,3145728,4034,1536,96,-65.26811,0.007771240404690616,-0.0004875382292084396,1.8784568645060062,-92.985176,0.02724695532815531,-0.0008327504314365797,2.0307439759373667,,,0.95,0.9,n2c,0.9281001484846335,1.0045783373394397,0.7106959115451401,0.0,-72.00547,2031.8962082773198,-65.26811
20,1784865372.6408026,,5.28,,5.28,,4.799999999999999,,4.799999999999999,,7.200000000000002,,7.200000000000002,,1.9800000000000002,,1.9800000000000002,,2.759999999999999,,2.759999999999999,,5.171820156741887,,5.115977498702705,,7.245367429393809,,2.115617846371606,,2.993591315113008,0.05130569264292717,-0.012440382346539991,0.05949714513553772,1.5380502119660378,0.6373184323310852,0.931071937084198,0.5237808227539062,0.14252489805221558,0.12608367204666138,0.7523442506790161,0.12759505212306976,1616,0.48177099227905273,4.5284743309021,0.04521665349602699,3309568,4208,1616,101,-65.651566,0.006420130857441109,-0.0006192152002768125,1.6522148430347443,-85.46877,0.02270019346033223,-0.001321742946311133,1.7847016640007496,,,0.95,0.9,n2c,1.1142834991084143,1.0999787542602524,1.209299266311475,0.0,-90.94914,2050.4710150337733,-65.651566
21,1784865452.875123,,5.28,,5.28,,4.799999999999999,,4.799999999999999,,7.200000000000002,,7.200000000000002,,1.9800000000000002,,1.9800000000000002,,2.759999999999999,,2.759999999999999,,5.028716698172502,,4.34168889792636,,7.044514724519104,,1.8070421437732875,,2.5159822097048163,0.026346370577812195,0.0004777274589287117,0.003934025538910646,1.5431086234748363,0.5990087389945984,0.8442966938018799,0.4382036328315735,-0.023353559896349907,0.08307534456253052,0.8020071983337402,0.13165625929832458,1696,0.4922617971897125,4.147589206695557,0.04779950901865959,3473408,4381,1696,106,-61.02299,0.004919247013458516,-0.0007928388877189718,1.3813201129436492,-96.18471,0.015093609393807128,-0.00278066945829778,1.5392671406269074,,,0.95,0.9,n2c,1.1727056290144824,1.2322143924607178,0.8119112463896002,0.0,-77.24761,2042.018753244683,-61.02299
22,1784865530.855297,,5.28,,5.28,,4.799999999999999,,4.799999999999999,,7.200000000000002,,7.200000000000002,,1.9800000000000002,,1.9800000000000002,,2.759999999999999,,2.759999999999999,,6.007909878157079,,5.598762474954128,,7.765617378754541,,2.399956309236586,,3.088047265075147,0.04474879801273346,-0.00020211937953718007,0.011099181057943497,1.5527198947966099,0.5888881683349609,0.7966353297233582,0.453701913356781,0.18796533346176147,0.17506472766399384,0.5373570919036865,0.125356525182724,1776,0.3449780344963074,4.972058296203613,0.024274511262774467,3637248,4546,1776,111,-46.86908,0.002793799585197121,-0.0015261658336385153,1.1511384576559067,-85.0109,0.004757370344304945,-0.0025158419186482204,1.3161893717944622,,,0.95,0.9,n2c,1.2819366998107666,1.3364541037028,0.7015461107542231,0.0,-59.72003,2101.04692000047,-46.86908
23,1784865603.3843126,,5.28,,5.28,,4.799999999999999,,4.799999999999999,,7.200000000000002,,7.200000000000002,,1.9800000000000002,,1.9800000000000002,,2.759999999999999,,2.759999999999999,,4.9765819339081645,,4.816556703473907,,7.071954429149628,,1.9902146509848535,,2.708196666557342,0.043704431504011154,0.001136238337494433,0.0020949629633832956,1.5638581104576588,0.583903431892395,0.8787311911582947,0.4379127621650696,0.08607584983110428,0.11542963981628418,0.5375335216522217,0.13438376784324646,1856,0.515515923500061,4.312701225280762,0.037329573184251785,3801088,4708,1856,116,-43.73617,0.0056748164868622554,6.784950746805408e-05,0.9189007665961981,-75.97502,0.0068715304863872,-0.0021089681846206076,1.0680891081690789,,,0.95,0.9,n2c,1.2094411131872937,1.3241451997698104,0.6098498588898513,0.0,-78.220505,2258.9580941960053,-43.73617
24,1784865677.1688335,,5.28,,5.28,,4.799999999999999,,4.799999999999999,,7.200000000000002,,7.200000000000002,,1.9800000000000002,,1.9800000000000002,,2.759999999999999,,2.759999999999999,,5.374324754811823,,4.512357710162178,,7.034287021961063,,1.9284601802937686,,2.7385137423407286,0.10198991745710373,-0.003724928683368489,0.015266697999322787,1.5794036909937859,0.520138144493103,0.8852763175964355,0.34911465644836426,-0.1429567188024521,0.29270511865615845,0.6341948509216309,0.13397327065467834,1936,0.5209603905677795,4.317588806152344,0.03983769193291664,3964928,4872,1936,121,-52.72212,0.006413342355517671,-0.0005463545414386318,0.7101419098675251,-63.79212,0.006932028586743399,-0.0025525476652546787,0.801870959252119,,,0.95,0.9,n2c,1.4298590462158294,1.5055539813554222,0.6965616441750166,0.0,-70.92484,2220.5199651653384,-52.72212
25,1784865752.617689,,5.28,,5.28,,4.799999999999999,,4.799999999999999,,7.200000000000002,,7.200000000000002,,1.9800000000000002,,1.9800000000000002,,2.759999999999999,,2.759999999999999,,5.219458997307811,,5.309667580993846,,7.341765958699398,,2.0848976821871474,,2.9207994174212217,0.042056530714035034,-0.006001090107019991,0.002473692884450429,1.585851177573204,0.5905507802963257,0.8498598337173462,0.40486863255500793,0.3749276399612427,0.11202792823314667,0.5172305107116699,0.1262480765581131,2016,0.4791852533817291,4.575317859649658,0.0440167598426342,4128768,5037,2016,126,-35.152596,0.0023289820645004513,7.19641575415153e-05,0.418572212010622,-71.34352,0.008670408319449052,-0.0004208533922792412,0.5768296550959349,,,0.95,0.9,n2c,1.6414261191959973,1.433298374004718,0.6689203861620721,0.0,-71.07212,2171.537220336989,-35.152596
26,1784865825.4722862,,5.28,,5.28,,4.799999999999999,,4.799999999999999,,7.200000000000002,,7.200000000000002,,1.9800000000000002,,1.9800000000000002,,2.759999999999999,,2.759999999999999,,5.2487474153749645,,4.632156425737776,,6.975836002471624,,1.9971470851451159,,2.730552306806203,0.10155317187309265,-0.003206575333024375,0.015187108627287671,1.595196932554245,0.679822564125061,0.8580927848815918,0.5224153995513916,0.23995141685009003,0.26377105712890625,0.5524046421051025,0.11550092697143555,2096,0.5701471567153931,4.316887855529785,0.04874015599489212,4292608,5217,2096,131,-42.449753,0.005286613732459955,9.970966930268332e-05,0.16928504258394242,-75.98832,0.01827802459592931,-0.0003377015440491959,0.37262497637420894,,,0.95,0.9,n2c,1.5443288097053238,1.4911396446651894,0.713667506618819,0.0,-87.1604,2248.8647890523534,-42.449753
27,1784865898.2464297,,5.28,,5.28,,4.799999999999999,,4.799999999999999,,7.200000000000002,,7.200000000000002,,1.9800000000000002,,1.9800000000000002,,2.759999999999999,,2.759999999999999,,5.73470666713547,,4.954037871968467,,7.202475069789216,,1.9833309731911868,,2.9304777575889602,0.0738888680934906,-0.01862832478218479,0.02597826388955582,1.6066989079117775,0.4788534641265869,0.8644985556602478,0.37095120549201965,-0.10612901300191879,0.2767886817455292,0.47518491744995117,0.10189579427242279,2176,0.5410626530647278,4.561005592346191,0.03575951233506203,4456448,5395,2176,136,-32.077946,0.0029132319185009694,0.0012330797719187104,0.007303616404533387,-48.040127,0.005826717043237295,0.00015352941118180753,0.18358415700495243,,,0.95,0.9,n2c,1.7443801144514026,1.567999306963058,0.7241532864198632,0.0,-68.88958,2251.3473965965677,-32.077946
28,1784865972.7028027,,5.28,,5.28,,4.799999999999999,,4.799999999999999,,7.200000000000002,,7.200000000000002,,1.9800000000000002,,1.9800000000000002,,2.759999999999999,,2.759999999999999,,4.784283285494894,,4.463618909008801,,6.77051804959774,,1.77943062025588,,2.447951093316078,0.10119277983903885,-0.003605675789003726,0.018919431931863073,1.611940823495388,0.6299197673797607,0.8461368083953857,0.46741247177124023,-0.2144494652748108,0.2829510271549225,0.5836793184280396,0.09925790876150131,2256,0.44553011655807495,4.049160480499268,0.04777459427714348,4620288,5565,2256,141,-29.06232,0.002804795881093014,0.0013337844255147501,-0.17921295939013362,-60.926228,0.011286256968742237,-0.001124957342108246,-0.026783794909715653,,,0.95,0.9,n2c,1.8430587989482263,1.748946447344555,0.7143064402954936,0.0,-81.57931,2200.483164432153,-29.06232
29,1784866044.7968688,,5.28,,5.28,,4.799999999999999,,4.799999999999999,,7.200000000000002,,7.200000000000002,,1.9800000000000002,,1.9800000000000002,,2.759999999999999,,2.759999999999999,,5.761553033255041,,4.890917334007099,,7.314113525673747,,2.0055238956119865,,2.9905992401763797,0.0718325823545456,-0.008011917115254619,0.008640078358439496,1.6217147409915924,0.5857396721839905,0.848453164100647,0.40483787655830383,-0.35477733612060547,0.22537869215011597,0.7561935782432556,0.08016769587993622,2336,0.49331846833229065,4.592541694641113,0.03027956746518612,4784128,5732,2336,146,-28.269018,0.0025767812643607614,0.0010565232019871472,-0.36134373024106026,-55.02888,0.005711626567062922,-0.0007254944153828547,-0.24006801089271904,,,0.95,0.9,n2c,1.9300108136778171,1.6724051850460484,0.4252266117257579,0.0,-92.727036,2272.586181068315,-28.269018
30,1784866118.9281855,,5.28,,5.28,,4.799999999999999,,4.799999999999999,,7.200000000000002,,7.200000000000002,,1.9800000000000002,,1.9800000000000002,,2.759999999999999,,2.759999999999999,,5.723470079479739,,5.03785954695195,,7.730153068900108,,2.2441095144022256,,3.00811449252069,0.08998176455497742,-0.0026370310988568235,0.05623316325363703,1.6307490766048431,0.4793388843536377,0.8635724782943726,0.29517126083374023,-0.22152942419052124,0.24133118987083435,0.4049885869026184,0.08065492659807205,2416,0.4582746922969818,4.748741626739502,0.028061192482709885,4947968,5897,2416,151,-24.881916,0.002578214224195108,-0.0004454243098734878,-0.5576582223176956,-47.57548,0.002438567231365596,-0.0008041545748710633,-0.42809431105852125,,,0.95,0.9,n2c,1.8864566807943064,2.064482094081332,1.224541901068366,0.0,-63.710033,2210.1322172931928,-24.881916
31,1784866191.3361723,,5.28,,5.28,,4.799999999999999,,4.799999999999999,,7.200000000000002,,7.200000000000002,,1.9800000000000002,,1.9800000000000002,,2.759999999999999,,2.759999999999999,,4.961106501054019,,4.4152636881917715,,6.642265433445573,,1.81164325599093,,2.6214663041755557,0.05647081881761551,-0.0028576457043527626,0.005256526503217174,1.6388490498065948,0.4126833975315094,0.84971022605896,0.17568495869636536,0.020720630884170532,0.14862298965454102,0.5250450968742371,0.07465249300003052,2496,0.4920271933078766,4.090348720550537,0.03065088577568531,5111808,6063,2496,156,-35.53119,0.0037768436210171784,0.0017228299977432471,-0.7777367096394301,-43.308075,0.0028914221744344103,0.0002962160826427862,-0.6766401298344136,,,0.95,0.9,n2c,1.9298051295071779,2.3799270379680095,0.5878307036547705,0.0,-49.814426,2262.733763402927,-35.53119
32,1784866264.8849576,,5.28,,5.28,,4.799999999999999,,4.799999999999999,,7.200000000000002,,7.200000000000002,,1.9800000000000002,,1.9800000000000002,,2.759999999999999,,2.759999999999999,,5.073707966599613,,4.913728220388293,,6.970982414786704,,1.9763223653426394,,2.6131976706674322,0.05273740738630295,-0.012377030594507232,0.015790913996170275,1.6481408178806305,0.4796577990055084,0.9206861257553101,0.29659244418144226,0.08989842236042023,0.1357661485671997,0.3918730914592743,0.07291239500045776,2576,0.5449190139770508,4.3095879554748535,0.028630724176764488,5275648,6229,2576,161,-21.006115,0.004315503714315128,0.0006357045022014063,-0.9812873411923647,-40.968407,0.0049183151684701444,0.0013540476466005202,-0.8781339578330517,,,0.95,0.9,n2c,1.719371931537627,2.1450487264526656,0.90052733641084,0.0,-34.14254,2227.637154265537,-21.006115
33,1784866339.3883433,,5.28,,5.28,,4.799999999999999,,4.799999999999999,,7.200000000000002,,7.200000000000002,,1.9800000000000002,,1.9800000000000002,,2.759999999999999,,2.759999999999999,,4.87385195645038,,4.389113858342171,,6.8379075564444065,,1.7176827841904014,,2.5532055016374215,0.08103737235069275,-0.0016237916133832186,0.011142369177832734,1.6518129482865334,0.40091150999069214,0.80974942445755,0.28064990043640137,-0.11764688789844513,0.20594459772109985,0.534166157245636,0.07832184433937073,2656,0.5197411775588989,4.074352264404297,0.037724610418081284,5439488,6393,2656,166,-34.41729,0.004418443534814287,0.0005777621016022749,-1.1269908219575882,-43.12577,0.003394037499674596,0.0008407400440773926,-1.0524631224572658,,,0.95,0.9,n2c,1.9074362292390865,2.504718690998523,0.8576326335653569,0.0,-39.778744,2199.094808409485,-34.41729
34,1784866414.315841,,5.28,,5.28,,4.799999999999999,,4.799999999999999,,7.200000000000002,,7.200000000000002,,1.9800000000000002,,1.9800000000000002,,2.759999999999999,,2.759999999999999,,5.059985141269863,,4.473491840879433,,6.803439009003341,,1.7948410553508438,,2.723271995782852,0.09148547053337097,-0.0017848819552455097,0.02329260850092396,1.653435729444027,0.4996826946735382,0.8883008360862732,0.2531825304031372,-0.08234760165214539,0.21602019667625427,0.4441453516483307,0.0728321447968483,2736,0.49377745389938354,4.171006202697754,0.028597204014658928,5603328,6562,2736,171,-17.33226,0.0031809855565370524,0.0019597695652919358,-1.2660941511392594,-44.777138,0.005264542284567142,0.0008137039476423524,-1.211400419473648,,,0.95,0.9,n2c,2.3059433877259914,2.1476737043344576,0.721924996024246,0.0,-59.154243,2186.6469009497805,-17.33226
35,1784866486.3529484,,5.28,,5.28,,4.799999999999999,,4.799999999999999,,7.200000000000002,,7.200000000000002,,1.9800000000000002,,1.9800000000000002,,2.759999999999999,,2.759999999999999,,4.964122760342434,,4.343633468262851,,6.837760405614972,,1.7496622533071786,,2.6498797107487917,0.10806173831224442,-0.00402628630399704,0.022605519407079555,1.6680540964007378,0.4345759153366089,0.7900727987289429,0.27373576164245605,0.028536556288599968,0.3264809548854828,0.33602577447891235,0.07115666568279266,2816,0.5175195932388306,4.109011650085449,0.02721763774752617,5767168,6726,2816,176,-22.326853,0.005300029556383379,0.00244560887440457,-1.3861188679933547,-45.52253,0.002386924734310014,0.0009199467313010246,-1.3554385378956795,,,0.95,0.9,n2c,2.2678689266853063,2.8356849309051664,0.5884046500563811,0.0,-66.497986,2274.383325912088,-22.326853
36,1784866562.0740004,,5.28,,5.28,,4.799999999999999,,4.799999999999999,,7.200000000000002,,7.200000000000002,,1.9800000000000002,,1.9800000000000002,,2.759999999999999,,2.759999999999999,,4.905544703826308,,4.865597357973456,,6.960453391075134,,1.919490046799183,,2.5238309307023883,0.03322439640760422,0.001000780684989877,0.003337242451380007,1.6796063333749771,0.4552801251411438,0.8378655910491943,0.128932386636734,-0.10490600764751434,0.10916924476623535,0.4911438524723053,0.06837624311447144,2896,0.5576193332672119,4.234982967376709,0.023906679823994637,5931008,6890,2896,181,-15.83225,0.002458567255962407,0.002676303045882378,-1.5450102731585502,-39.456768,0.0021850363453268075,0.0010925252296146936,-1.4817863054573537,,,0.95,0.9,n2c,2.5402317194559396,2.9809581849232356,0.7561751583981238,0.0,-31.571482,2163.731244773706,-15.83225
37,1784866635.2500808,,5.28,,5.28,,4.799999999999999,,4.799999999999999,,7.200000000000002,,7.200000000000002,,1.9800000000000002,,1.9800000000000002,,2.759999999999999,,2.759999999999999,,4.6246675699949265,,4.167548501864076,,6.365262795239687,,1.6313716855365783,,2.4440934751182795,0.044085368514060974,-0.0008373392101930222,0.010524266464926768,1.692037008702755,0.42850470542907715,0.8329901695251465,0.19948437809944153,0.24137675762176514,0.161858931183815,0.40901947021484375,0.06924564391374588,2976,0.37759238481521606,3.846588611602783,0.025171082466840744,6094848,7052,2976,186,-13.450417,0.0028888682165415956,0.0029218729701824485,-1.6250465124845506,-35.23844,0.002312944875302492,-0.0005413249993580394,-1.629661650210619,,,0.95,0.9,n2c,2.380044007780614,2.794494593272508,0.5839376395095964,0.0,-59.3589,2238.982915615334,-13.450417
38,1784866707.2912228,,5.28,,5.28,,4.799999999999999,,4.799999999999999,,7.200000000000002,,7.200000000000002,,1.9800000000000002,,1.9800000000000002,,2.759999999999999,,2.759999999999999,,5.652061687782407,,4.85519318212755,,7.389384159585461,,2.103048508404754,,2.697907688561827,0.1633893847465515,-0.010677625483367592,0.02690992424322758,1.7096426486968994,0.4534253478050232,0.7477713227272034,0.19243477284908295,0.38041067123413086,0.4265322983264923,0.5627332925796509,0.05588090047240257,3056,0.5354558825492859,4.5395188331604,0.019894752651453018,6258688,7215,3056,191,-13.373706,0.0027228689745243174,0.0019347386783920228,-1.7611769512295723,-48.65119,0.004534900481667136,0.001135721387254307,-1.7125490218400956,,,0.95,0.9,n2c,2.708482465010744,2.338673945320283,0.7506523375005265,0.0,-45.37307,2274.256767788525,-13.373706
39,1784866783.0850437,,5.28,,5.28,,4.799999999999999,,4.799999999999999,,7.200000000000002,,7.200000000000002,,1.9800000000000002,,1.9800000000000002,,2.759999999999999,,2.759999999999999,,4.977205017406959,,4.487218473688699,,6.7089745340636,,1.7068999353796244,,2.5751298340037465,0.07228655368089676,0.0023006498013273813,0.0028686232544714585,1.7227990850806236,0.39329859614372253,0.8593186736106873,0.1774560660123825,-0.24376657605171204,0.19165436923503876,0.6441866755485535,0.048961538821458817,3136,0.4809947907924652,4.091085433959961,0.02313588187098503,6422528,7377,3136,196,-12.014296,0.002358650456517353,0.0028787767339963468,-1.9329723224043847,-38.01245,0.0024991819875140207,0.0002631799477967434,-1.8328259870409966,,,0.95,0.9,n2c,2.6059291392287935,2.8615273418198774,0.6202775968342145,0.0,-36.806458,2161.6538307899104,-12.014296
40,1784866857.967522,,5.28,,5.28,,4.799999999999999,,4.799999999999999,,7.200000000000002,,7.200000000000002,,1.9800000000000002,,1.9800000000000002,,2.759999999999999,,2.759999999999999,,5.038711352040991,,4.608062626095489,,7.2289154306054115,,2.020220876671374,,2.801456153159961,0.07341605424880981,0.0002084693987853825,0.01115517146536149,1.7366972416639328,0.3713958263397217,0.834003210067749,0.16497275233268738,-0.09221126139163971,0.18448284268379211,0.5237569212913513,0.05144708231091499,3216,0.5780130624771118,4.339472770690918,0.026593586429953575,6586368,7540,3216,201,-26.679193,0.0032725807308452205,0.0038516839194926433,-2.0528463572263718,-49.073677,0.0069740133163577415,0.0024281446159875484,-1.988234855979681,,,0.95,0.9,n2c,2.8002458791796423,2.5751851753291444,0.6164681772831151,0.0,-47.10256,2187.961483342381,-26.679193
41,1784866926.4206793,,5.28,,5.28,,4.799999999999999,,4.799999999999999,,7.200000000000002,,7.200000000000002,,1.9800000000000002,,1.9800000000000002,,2.759999999999999,,2.759999999999999,,4.570156208705157,,4.308886048384011,,6.386948337778449,,1.6224595864769071,,2.429704732261598,0.08807013928890228,2.805550320772454e-05,0.03277650102972984,1.7383693680167198,0.23411774635314941,0.8832042217254639,0.10078155994415283,-0.17650584876537323,0.3641817271709442,0.38962841033935547,0.050143443048000336,3296,0.37849971652030945,3.863631010055542,0.024200476706027985,6750208,7701,3296,206,-28.154312,0.005804901920782868,0.0021864632522920146,-2.1438876196742056,-29.004139,0.0024851441987266297,0.0008979665391962044,-2.1236000314354895,,,0.95,0.9,n2c,2.35893322653841,3.2082491843154655,0.4829832812005993,0.0,-100.12444,2393.4596820336706,-28.154312
42,1784866999.1897006,,5.28,,5.28,,4.799999999999999,,4.799999999999999,,7.200000000000002,,7.200000000000002,,1.9800000000000002,,1.9800000000000002,,2.759999999999999,,2.759999999999999,,4.428065158776008,,4.007624371908605,,6.82256827596575,,1.6362768260296434,,2.4902536044828594,0.059109609574079514,-0.0005764515371993184,0.069846204816713,1.7430505901575089,0.2070918083190918,0.8198538422584534,0.08896514773368835,0.17158816754817963,0.16064587235450745,0.4179413914680481,0.0527321882545948,3376,0.40492767095565796,3.876957654953003,0.023867076262831688,6914048,7867,3376,211,-18.662622,0.005786898798396578,0.0016676711704349146,-2.1683562502264975,-19.913687,0.0026036179340735545,0.0025644090404966847,-2.1821180284023285,,,0.95,0.9,n2c,2.2757965443744537,3.3622138992092223,1.4471858144971699,0.0,-53.96046,2251.5087698806183,-18.662622
43,1784867069.6348243,,5.28,,5.28,,4.799999999999999,,4.799999999999999,,7.200000000000002,,7.200000000000002,,1.9800000000000002,,1.9800000000000002,,2.759999999999999,,2.759999999999999,,4.802747780457139,,4.515634577721357,,6.762253445689566,,1.7703561196103692,,2.5760529346589465,0.04985810071229935,-0.008883615126251243,0.001693920161415008,1.742945596575737,0.4074520170688629,0.8045901656150818,0.3404742479324341,0.331750750541687,0.13260647654533386,0.37102749943733215,0.05738912522792816,3456,0.5385317802429199,4.085409164428711,0.02420298010110855,7077888,8032,3456,216,-17.567188,0.003504719483316876,0.003271594861871563,-2.26459601521492,-45.71558,0.005917899166524876,0.0031627880860469306,-2.2767786562442778,,,0.95,0.9,n2c,2.8998648056242304,2.816669652032884,0.6625362005673596,0.0,-67.48611,2325.781961987733,-17.567188
44,1784867140.7551157,,5.28,,5.28,,4.799999999999999,,4.799999999999999,,7.200000000000002,,7.200000000000002,,1.9800000000000002,,1.9800000000000002,,2.759999999999999,,2.759999999999999,,5.1820370545610785,,4.702341478317976,,7.134173193946481,,1.9268707201990765,,2.79928268911317,0.0783151239156723,-0.009280070837121457,0.006343065004330128,1.7504427209496498,0.3545439541339874,0.8779793381690979,0.19839419424533844,0.0803488940000534,0.20925268530845642,0.27622777223587036,0.055546075105667114,3536,0.543830156326294,4.348940849304199,0.020452290773391724,7241728,8197,3536,221,-11.010295,0.0025806177654885687,0.0045766611539875155,-2.3290345788002016,-59.351997,0.008036803144204897,0.0032941349869361146,-2.307060481607914,,,0.95,0.9,n2c,3.1788086558505464,3.04335158871595,0.4872774346175193,0.0,-36.31681,2303.701378299482,-11.010295
45,1784867213.033909,,5.28,,5.28,,4.799999999999999,,4.799999999999999,,7.200000000000002,,7.200000000000002,,1.9800000000000002,,1.9800000000000002,,2.759999999999999,,2.759999999999999,,5.158219022676349,,4.1582133043557405,,6.811984939966351,,1.890335412841523,,2.539741999062244,0.18022531270980835,-0.0027392544434405863,0.023942633386468515,1.75524540245533,0.4115937352180481,0.806965708732605,0.34215638041496277,0.6565855741500854,0.430056095123291,0.23771263659000397,0.05537040904164314,3616,0.5111075639724731,4.111699104309082,0.020784730091691017,7405568,8368,3616,226,-8.784725,0.0037083220049680676,0.0032243072302662766,-2.4179336920380594,-43.031624,0.006382980059424881,0.00135648155992385,-2.412223146855831,,,0.95,0.9,n2c,3.1746251934501792,2.7008859031173706,0.6683552607878489,0.0,-48.378212,2266.779663057587,-8.784725
46,1784867287.8514907,,5.28,,5.28,,4.799999999999999,,4.799999999999999,,7.200000000000002,,7.200000000000002,,1.9800000000000002,,1.9800000000000002,,2.759999999999999,,2.759999999999999,,6.026238603517413,,5.426630941685289,,7.822945625055581,,2.3774874340742826,,3.0969201237894595,0.054950907826423645,-1.0716845281422138e-05,0.009477267380134435,1.760817252099514,0.3763510584831238,0.9429300427436829,0.17247650027275085,-0.22347845137119293,0.20503903925418854,0.42449307441711426,0.06314326077699661,3696,0.3813195526599884,4.950044631958008,0.026665261015295982,7569408,8535,3696,231,-15.971773,0.004141814167815028,0.0016376288229366764,-2.4898616522550583,-54.169415,0.006424118797440315,0.001836879002803471,-2.4451643720269205,,,0.95,0.9,n2c,2.9043007894931208,2.5333947884538,0.5278359852425769,0.0,-26.187983,2189.8620334995762,-15.971773
47,1784867360.399364,,5.28,,5.28,,4.799999999999999,,4.799999999999999,,7.200000000000002,,7.200000000000002,,1.9800000000000002,,1.9800000000000002,,2.759999999999999,,2.759999999999999,,5.390736725101306,,4.457556365523487,,7.186893374659121,,1.8403160003945231,,2.724133620969951,0.07082796096801758,-0.009982475748984143,0.010826606121554505,1.771575689315796,0.21275043487548828,0.8163586258888245,0.12547199428081512,0.01390080526471138,0.18825438618659973,0.3250758647918701,0.05424296855926514,3776,0.6012454628944397,4.319926738739014,0.020964767783880234,7733248,8695,3776,236,-8.207047,0.003051406041049631,0.002645871226559393,-2.602167184650898,-41.29533,0.00195831745659234,0.0014731919713085518,-2.5619435504078867,,,0.95,0.9,n2c,2.858499791766653,3.721094966423294,0.5970570917207366,0.0,-33.872776,2258.368077367729,-8.207047
48,1784867433.1907783,,5.28,,5.28,,4.799999999999999,,4.799999999999999,,7.200000000000002,,7.200000000000002,,1.9800000000000002,,1.9800000000000002,,2.759999999999999,,2.759999999999999,,5.0523368418216705,,4.454327701125294,,7.144533950049663,,1.6845847344957292,,2.763922735117376,0.11470501124858856,-0.002091382979415357,0.04930730069463607,1.7718196362257004,0.2973991930484772,0.7562322020530701,0.143003448843956,0.06541723012924194,0.259691059589386,0.4029477834701538,0.051233746111392975,3856,0.5496557950973511,4.219941139221191,0.027913963422179222,7897088,8856,3856,241,-13.88085,0.004767447535414249,0.003912444753950695,-2.621877855062485,-48.637123,0.003044367118855007,0.0030479524648399092,-2.64203627705574,,,0.95,0.9,n2c,2.9218925580083317,4.06376379073095,1.0449571451385873,0.0,-25.539433,2250.8157350365136,-13.88085
49,1784867505.568363,,5.28,,5.28,,4.799999999999999,,4.799999999999999,,7.200000000000002,,7.200000000000002,,1.9800000000000002,,1.9800000000000002,,2.759999999999999,,2.759999999999999,,5.267195859923959,,4.8493998878402635,,7.440036173909903,,2.0271087689325213,,2.816777333850041,0.08671669661998749,-0.00911603041458875,0.03188919463718776,1.782327700406313,0.290982186794281,0.8374539613723755,0.12515993416309357,-0.429686963558197,0.20482796430587769,0.4154352843761444,0.04968801513314247,3936,0.6138685941696167,4.480103492736816,0.02431236207485199,8060928,9016,3936,246,-22.53745,0.00406254189365427,0.003873942907375749,-2.6947936698794366,-40.64424,0.00318989721199614,0.0012790099033736623,-2.726464591920376,,,0.95,0.9,n2c,3.098528551534304,3.390859957728425,0.9502660724230536,0.0,-35.22973,2263.682261428904,-22.53745
50,1784867577.1721284,,5.28,,5.28,,4.799999999999999,,4.799999999999999,,7.200000000000002,,7.200000000000002,,1.9800000000000002,,1.9800000000000002,,2.759999999999999,,2.759999999999999,,5.397336032707244,,5.472367497626692,,7.816801538225263,,2.2088524596765637,,2.9378316977526993,0.06039918586611748,-0.004724585101939738,0.00881119079713244,1.7826369665563107,0.3396450877189636,0.7729314565658569,0.22846433520317078,0.038130179047584534,0.1578330248594284,0.4430084824562073,0.04439651966094971,4016,0.4589517116546631,4.766638278961182,0.020260628312826157,8224768,9177,4016,251,-8.08654,0.0022864748629217503,0.0048193184396950525,-2.802164928615093,-28.699682,0.0026674431421270127,0.003976831834006589,-2.8055348858237266,,,0.95,0.9,n2c,3.4394315461008524,4.152468580819513,0.6507415555577247,0.0,-33.21532,2288.14902669382,-8.08654
51,1784867649.9734735,,5.28,,5.28,,4.799999999999999,,4.799999999999999,,7.200000000000002,,7.200000000000002,,1.9800000000000002,,1.9800000000000002,,2.759999999999999,,2.759999999999999,,5.914200124330819,,5.402171389549039,,7.8720236998051405,,2.3008571630343795,,3.19212581764441,0.041750431060791016,-0.003613147714531806,0.0024859899040166056,1.7900299578905106,0.09777134656906128,0.7918318510055542,0.06883689761161804,0.2851620614528656,0.11052978038787842,0.30713599920272827,0.045204032212495804,4096,0.3793898820877075,4.936275959014893,0.016679910942912102,8388608,9337,4096,256,-14.822756,0.003065824670193251,0.003069882426643744,-2.894260874390602,-45.354733,0.0014985263427661267,-0.0024350434250663966,-2.9039347171783447,,,0.95,0.9,n2c,3.100941597612876,4.470273434978459,0.43601198424899623,0.0,-33.10477,2250.5084460076705,-14.822756
52,1784867720.759306,,5.28,,5.28,,4.799999999999999,,4.799999999999999,,7.200000000000002,,7.200000000000002,,1.9800000000000002,,1.9800000000000002,,2.759999999999999,,2.759999999999999,,5.272492958465591,,4.569240564480424,,6.836579344235361,,1.9619605508632958,,2.7511374335736036,0.055275898426771164,-0.0024865797604434192,0.018118979278369807,1.806000791490078,0.09832306951284409,0.8516284227371216,0.06184377893805504,-0.010942704975605011,0.1513291746377945,0.3257630467414856,0.045594170689582825,4176,0.5538206696510315,4.278282165527344,0.01939144730567932,8552448,9497,4176,261,-7.983655,0.0031701359490398317,0.0036060232843738048,-3.0047654822468757,-27.944382,0.0018250222667120398,0.0008865162708389107,-2.9811801284551622,,,0.95,0.9,n2c,3.3731041395368093,4.226638972004285,0.7159897621055961,0.0,-39.651493,2314.5856001759953,-7.983655
53,1784867790.6822093,,5.28,,5.28,,4.799999999999999,,4.799999999999999,,7.200000000000002,,7.200000000000002,,1.9800000000000002,,1.9800000000000002,,2.759999999999999,,2.759999999999999,,4.9063448627712205,,4.64262518286705,,7.158504973165691,,1.6722649660659954,,2.671571765327826,0.04249001666903496,-0.0016832736873766407,0.010744041654106695,1.8145050704479218,0.10150405019521713,0.8286478519439697,0.07364258170127869,-0.18054671585559845,0.11251439899206161,0.3376999497413635,0.04561733081936836,4256,0.5268427729606628,4.210262298583984,0.019825104624032974,8716288,9657,4256,266,-5.618535,0.002187459529886837,0.003768280268559465,-3.103275878727436,-35.5841,0.0019766760218772107,0.003572165519290138,-3.066996118426323,,,0.95,0.9,n2c,3.3036146890548417,4.500435662346818,0.6471093106912317,0.0,-34.433002,2343.1529017807943,-5.618535
54,1784867860.872333,,5.28,,5.28,,4.799999999999999,,4.799999999999999,,7.200000000000002,,7.200000000000002,,1.9800000000000002,,1.9800000000000002,,2.759999999999999,,2.759999999999999,,4.619859737693332,,4.347222644370049,,6.795013949275017,,1.862263408023864,,2.606862369691953,0.09899038076400757,-0.014067616004467709,0.014487671665847301,1.8238802962005138,0.20839127898216248,0.8255878686904907,0.1484990119934082,-0.3375234603881836,0.27929919958114624,0.35421276092529297,0.042762912809848785,4336,0.5084182024002075,4.0462446212768555,0.018726198002696037,8880128,9817,4336,271,-5.7199545,0.0026051745619042775,0.006547291217430029,-3.1747283771634103,-31.066431,0.0024057499460468533,0.0013787928350211588,-3.16575140953064,,,0.95,0.9,n2c,3.7793161435766436,3.907079949926355,0.5312040787752048,0.0,-24.24107,2334.2307795365045,-5.7199545
55,1784867927.8681312,,5.28,,5.28,,4.799999999999999,,4.799999999999999,,7.200000000000002,,7.200000000000002,,1.9800000000000002,,1.9800000000000002,,2.759999999999999,,2.759999999999999,,5.670138225425035,,5.1379313776269555,,7.64827211224474,,2.1772381458431482,,3.1156660174019635,0.06784383952617645,-0.002359883626922965,0.008757974697800819,1.8429076671600342,0.07740174233913422,0.8491868376731873,0.055537234991788864,-0.14858955144882202,0.1773173213005066,0.3658124804496765,0.038279712200164795,4416,0.5127542018890381,4.749849319458008,0.01939474791288376,9043968,9977,4416,276,-6.022126,0.002443894160023774,0.004104817468396504,-3.2634721472859383,-31.319279,0.0021809469781146618,0.00306526688291342,-3.2326490238308905,,,0.95,0.9,n2c,3.5170697473739567,4.138247967341434,0.484632527567028,0.0,-23.818289,2445.526362833921,-6.022126
56,1784867995.4092746,,5.28,,5.28,,4.799999999999999,,4.799999999999999,,7.200000000000002,,7.200000000000002,,1.9800000000000002,,1.9800000000000002,,2.759999999999999,,2.759999999999999,,4.705516095738858,,4.214791145175695,,6.905725106596947,,1.7491425801999867,,2.4423091917997226,0.1423177421092987,-0.004677716198784765,0.014316388609586284,1.8489800244569778,0.07257068157196045,0.7853900194168091,0.04718173295259476,-0.10272224992513657,0.3666978180408478,0.35218074917793274,0.04423121362924576,4496,0.4584807753562927,4.003497123718262,0.020099429413676262,9207808,10137,4496,281,-4.6853666,0.0022954853240662485,0.004352972513879649,-3.3799498111009596,-39.843372,0.0017268998708459549,0.001451230945531279,-3.358226825296879,,,0.95,0.9,n2c,3.6428911951984757,4.535412240714146,0.5432643775882056,0.0,-32.94791,2425.780840855475,-4.6853666
57,1784868062.2616804,,5.28,,5.28,,4.799999999999999,,4.799999999999999,,7.200000000000002,,7.200000000000002,,1.9800000000000002,,1.9800000000000002,,2.759999999999999,,2.759999999999999,,5.050316045060754,,4.664190620183945,,7.045470266137272,,2.0469563947990537,,2.6080274330452085,0.15292902290821075,-0.007758268853649497,0.026588783104671165,1.860722541809082,0.1656823456287384,0.8538157939910889,0.11906684190034866,-0.0166935957968235,0.3648269772529602,0.3418930768966675,0.040108341723680496,4576,0.5451982617378235,4.282992362976074,0.019362377002835274,9371648,10297,4576,286,-4.3260384,0.002958618982665939,0.0061868019671237565,-3.429091326892376,-32.58623,0.0027540872943063732,0.0006006105351843872,-3.454196360707283,,,0.95,0.9,n2c,3.5443107152567364,3.6925757774097905,0.7544926509842826,0.0,-41.889977,2450.771867359005,-4.3260384
58,1784868128.8442345,,5.28,,5.28,,4.799999999999999,,4.799999999999999,,7.200000000000002,,7.200000000000002,,1.9800000000000002,,1.9800000000000002,,2.759999999999999,,2.759999999999999,,4.832196833565831,,4.964616481680423,,6.722733381669968,,1.9554304336197674,,2.640281965606846,0.039015624672174454,-3.9967591874301434e-05,0.0040004143957048655,1.8670262545347214,0.11351000517606735,0.811819851398468,0.08448926359415054,0.008182126097381115,0.11020154505968094,0.3647047281265259,0.04041949287056923,4656,0.5366608500480652,4.223052024841309,0.019482897594571114,9535488,10457,4656,291,-3.9496644,0.0027207834311411714,0.005043091374682262,-3.536255480349064,-22.13084,0.0021540444136917357,0.004571260044758674,-3.5220642387866974,,,0.95,0.9,n2c,3.9349421091211654,4.810332813231928,0.3706583093402783,0.0,-24.21134,2460.70449636234,-3.9496644
59,1784868196.4185534,,5.28,,5.28,,4.799999999999999,,4.799999999999999,,7.200000000000002,,7.200000000000002,,1.9800000000000002,,1.9800000000000002,,2.759999999999999,,2.759999999999999,,5.323136519626132,,5.059048668947071,,7.396792053710669,,2.115340949734673,,3.0684370325761847,0.07094702124595642,-0.0053154751876718365,0.0046395995013881475,1.8653566539287567,0.12365994602441788,0.8432617783546448,0.10179653763771057,0.15136170387268066,0.19245046377182007,0.34208232164382935,0.03782333433628082,4736,0.5909734964370728,4.592551231384277,0.022130342200398445,9699328,10618,4736,296,-12.143728,0.0035833298075885977,0.0038131542372866535,-3.578134040534496,-27.031864,0.002204749215161428,0.002457559514732566,-3.5865423530340195,,,0.95,0.9,n2c,3.706166060357262,4.642959397867876,0.3700635602425918,0.0,-42.800034,2424.5904860739383,-12.143728
60,1784868263.6931279,,5.28,,5.28,,4.799999999999999,,4.799999999999999,,7.200000000000002,,7.200000000000002,,1.9800000000000002,,1.9800000000000002,,2.759999999999999,,2.759999999999999,,5.682892979122698,,4.959831046871841,,7.673332396894693,,2.1828530260827392,,2.916745560709387,0.03932853415608406,0.00045793771278113127,0.004411528363561956,1.8733928799629211,0.15305137634277344,0.8261570930480957,0.12780947983264923,-0.3609056770801544,0.1255698949098587,0.43532395362854004,0.0386674739420414,4816,0.5641155242919922,4.683131217956543,0.013943197205662727,9863168,10778,4816,301,-12.693446,0.0038203909316507634,0.003803421746852109,-3.6697234734892845,-21.03864,0.005107842047436861,0.003827990677746129,-3.655446870625019,,,0.95,0.9,n2c,4.80744593043085,3.515214675338709,0.47823156560935154,0.0,-33.57605,2435.392823837646,-12.693446
61,1784868331.2067647,,5.28,,5.28,,4.799999999999999,,4.799999999999999,,7.200000000000002,,7.200000000000002,,1.9800000000000002,,1.9800000000000002,,2.759999999999999,,2.759999999999999,,5.458274507895112,,5.248574048746377,,7.400646785274148,,2.106871538795531,,2.8606213682796806,0.06875640153884888,-0.012327572359936312,0.003523346778820269,1.8766944706439972,0.13238346576690674,0.8277044296264648,0.12507200241088867,-0.19076034426689148,0.17314201593399048,0.3290785551071167,0.03784938156604767,4896,0.5684627294540405,4.614997863769531,0.018924999982118607,10027008,10939,4896,306,-18.484652,0.005487143555365037,0.004948284968850203,-3.692976547777653,-36.69489,0.002263838247017702,0.0011801170534454287,-3.708120360970497,,,0.95,0.9,n2c,3.7908366511728717,4.814647778875843,0.42427993123366803,0.0,-12.124418,2426.7680322628216,-18.484652
62,1784868398.3264468,,5.28,,5.28,,4.799999999999999,,4.799999999999999,,7.200000000000002,,7.200000000000002,,1.9800000000000002,,1.9800000000000002,,2.759999999999999,,2.759999999999999,,5.780418978072703,,5.277542202726181,,7.595857421867549,,2.342954205814749,,3.098529601469636,0.1192442923784256,-0.0025567507254891098,0.03394732291053515,1.8716227188706398,0.19448208808898926,0.8092493414878845,0.14686447381973267,-0.31655246019363403,0.3157939910888672,0.3224934935569763,0.03771698474884033,4976,0.4804857671260834,4.819060325622559,0.016345981508493423,10190848,11100,4976,311,-26.492031,0.009726194375252817,0.004743537424656097,-3.698703779280186,-33.813427,0.0030508299067150803,0.0024692101564141923,-3.7364459738135336,,,0.95,0.9,n2c,3.7119517764597783,4.246946349700241,0.8693657302790879,0.0,-32.534355,2441.012721897887,-26.492031
63,1784868465.132879,,5.28,,5.28,,4.799999999999999,,4.799999999999999,,7.200000000000002,,7.200000000000002,,1.9800000000000002,,1.9800000000000002,,2.759999999999999,,2.759999999999999,,5.081586439628154,,4.342771790688857,,6.903561032377183,,1.6563574061729014,,2.5320455050095916,0.11976892501115799,-0.0009319813834736124,0.02776664009434171,1.8730937205255032,0.2700328826904297,0.8775752186775208,0.185129314661026,0.13077221810817719,0.3062863051891327,0.3570937514305115,0.03958619385957718,5056,0.558728039264679,4.103264331817627,0.01636136882007122,10354688,11263,5056,316,-17.862217,0.007044033998681698,0.004979308066685917,-3.689349055290222,-46.14228,0.006113480541534955,0.0022702332302287687,-3.730414992570877,,,0.95,0.9,n2c,3.3240875842390842,3.5800245207192196,0.6886694024196198,0.0,-46.476555,2452.458454522299,-17.862217
64,1784868530.6086473,,5.28,,5.28,,4.799999999999999,,4.799999999999999,,7.200000000000002,,7.200000000000002,,1.9800000000000002,,1.9800000000000002,,2.759999999999999,,2.759999999999999,,5.124162185005844,,5.276773456018418,,6.996917667798698,,2.0696112201549113,,2.508873935599695,0.08304168283939362,-0.010865689953789115,0.007526529880124144,1.8753123581409454,0.16340318322181702,0.8250816464424133,0.11118335276842117,-0.18256936967372894,0.2104128897190094,0.3778929114341736,0.03806249052286148,5136,0.5254155397415161,4.395267963409424,0.024981485679745674,10518528,11425,5136,321,-7.106064,0.00431657255612663,0.005957340861641569,-3.7123234391212465,-33.359413,0.0057232782230130395,0.0012891353690065444,-3.7493991330266,,,0.95,0.9,n2c,4.112549281425144,3.491323174513293,0.3997218252350561,0.0,-40.74875,2502.300394809923,-7.106064
65,1784868595.6300478,,5.28,,5.28,,4.799999999999999,,4.799999999999999,,7.200000000000002,,7.200000000000002,,1.9800000000000002,,1.9800000000000002,,2.759999999999999,,2.759999999999999,,5.316909849992953,,4.628450309857726,,7.235999499447644,,1.7757789371535182,,2.9128025241661817,0.11682109534740448,-0.009387097250510124,0.014302824652986601,1.8786348029971123,0.09932918846607208,0.8413116335868835,0.11184471100568771,0.4068976044654846,0.31174027919769287,0.4186227321624756,0.03736896067857742,5216,0.5662517547607422,4.373988151550293,0.03288136422634125,10682368,11586,5216,326,-2.199514,0.0036173336473439123,0.007236746010312345,-3.7022488325834275,-24.078648,0.003991468998719938,0.00383777563838521,-3.757217343151569,,,0.95,0.9,n2c,3.9011004617606178,4.54902866120578,0.4712213667505265,0.0,-30.99438,2519.78577713012,-2.199514
66,1784868660.8694384,,5.28,,5.28,,4.799999999999999,,4.799999999999999,,7.200000000000002,,7.200000000000002,,1.9800000000000002,,1.9800000000000002,,2.759999999999999,,2.759999999999999,,4.726605352014303,,4.618960891850293,,6.8869801461696625,,1.8275005984178279,,2.5594100705347955,0.07524867355823517,-0.007052296779875178,0.01865966791228857,1.8823712542653084,0.11771517992019653,0.7803953886032104,0.0862552747130394,-0.0062798913568258286,0.2098604291677475,0.3682737648487091,0.03408423811197281,5296,0.545951247215271,4.123891353607178,0.021677039563655853,10846208,11748,5296,331,-10.276407,0.004103361257148208,0.003121090827335138,-3.6870578318834304,-16.700962,0.003346030290413182,0.006626473138021538,-3.754427945613861,,,0.95,0.9,n2c,3.4596771231323844,4.785829356119474,0.6653879742827677,0.0,-53.26892,2511.3655885229814,-10.276407
67,1784868727.933224,,5.28,,5.28,,4.799999999999999,,4.799999999999999,,7.200000000000002,,7.200000000000002,,1.9800000000000002,,1.9800000000000002,,2.759999999999999,,2.759999999999999,,5.357853250578046,,5.002813558880007,,7.410663059912622,,1.999881561147049,,2.7898320393869653,0.1254613697528839,-0.0015238540363498032,0.028149491176009178,1.8875319100916386,0.30590352416038513,0.8393523097038269,0.26549312472343445,0.15512599050998688,0.33331727981567383,0.2662108242511749,0.03684501722455025,5376,0.5802925229072571,4.512208938598633,0.015915824100375175,11010048,11910,5376,336,-11.497586,0.003615087870275602,0.0038689604843966663,-3.7136689901351927,-51.048058,0.002092019213887397,0.0014227219900931232,-3.729529568552971,,,0.95,0.9,n2c,4.254724668263584,4.548730169976759,0.5743243088033532,0.0,-36.643185,2443.047286437622,-11.497586
68,1784868792.611254,,5.28,,5.28,,4.799999999999999,,4.799999999999999,,7.200000000000002,,7.200000000000002,,1.9800000000000002,,1.9800000000000002,,2.759999999999999,,2.759999999999999,,4.943962280638516,,4.856740640476346,,7.18812016909942,,1.7847678486723453,,2.586810224922374,0.056170620024204254,-0.0022765863104723394,0.0022814473704784177,1.888635240495205,0.21383073925971985,0.8036457300186157,0.17181117832660675,0.3349267244338989,0.14363710582256317,0.3365120589733124,0.036603473126888275,5456,0.5825835466384888,4.272080421447754,0.01601414568722248,11173888,12071,5456,341,-2.984338,0.00462387302541174,0.005028496294107754,-3.7592543721199037,-52.469574,0.0026370776489784476,0.0032105723970744294,-3.739579586684704,,,0.95,0.9,n2c,3.7245725079187273,4.688497021478045,0.45772277172419473,0.0,-29.648556,2533.1633774101083,-2.984338
69,1784868857.9311726,,5.28,,5.28,,4.799999999999999,,4.799999999999999,,7.200000000000002,,7.200000000000002,,1.9800000000000002,,1.9800000000000002,,2.759999999999999,,2.759999999999999,,4.890733554493636,,4.382926400794531,,7.24602008209331,,1.9662373679457232,,2.7185096181055997,0.1041795164346695,-0.0021108076616656035,0.014984452558564954,1.8928397111594677,0.32381829619407654,0.7851372957229614,0.21740096807479858,-0.20428842306137085,0.30714571475982666,0.467896968126297,0.03474806994199753,5536,0.5827521681785583,4.2408857345581055,0.02815692313015461,11337728,12231,5536,346,-17.69236,0.004593792040395783,0.0034980081152752975,-3.78609384894371,-42.83132,0.004395530465990305,0.003390017355559394,-3.7589176520705223,,,0.95,0.9,n2c,3.5462225397244773,4.518617823441844,0.42069582237304837,0.0,-30.216333,2508.270099801679,-17.69236
70,1784868924.704489,,5.28,,5.28,,4.799999999999999,,4.799999999999999,,7.200000000000002,,7.200000000000002,,1.9800000000000002,,1.9800000000000002,,2.759999999999999,,2.759999999999999,,5.040104042738676,,4.7543282844126225,,7.017918839119375,,1.8776708476361819,,2.731031332630664,0.10607971996068954,-0.006222769989108201,0.02278862168896012,1.894064474850893,0.15909327566623688,0.8309885263442993,0.08160402625799179,-0.45364776253700256,0.33552098274230957,0.30188804864883423,0.03054666891694069,5616,0.6466410160064697,4.284210681915283,0.01699603535234928,11501568,12392,5616,351,-1.2269595,0.0031117200371227225,0.006573514485353371,-3.831988571584225,-41.57338,0.004119728830119129,0.002768192527582869,-3.8040753304958344,,,0.95,0.9,n2c,4.03284659664447,3.800964044177275,0.4512323244066308,0.0,-34.286877,2453.6759188654805,-1.2269595
71,1784868991.8343291,,5.28,,5.28,,4.799999999999999,,4.799999999999999,,7.200000000000002,,7.200000000000002,,1.9800000000000002,,1.9800000000000002,,2.759999999999999,,2.759999999999999,,4.8178718239068985,,4.851784469094127,,6.7957375925034285,,1.9230024613352725,,2.9102964056655765,0.0986638069152832,-0.00012264412362128496,0.01748920754471328,1.9052488207817078,0.2347733974456787,0.7814671397209167,0.16408060491085052,-0.6671116948127747,0.2811572551727295,0.34593281149864197,0.029973749071359634,5696,0.5938591957092285,4.259737968444824,0.018908854573965073,11665408,12552,5696,356,-0.8521762,0.0038150616332131904,0.0045261573715833945,-3.922576957941055,-35.683105,0.0026572207068966238,0.0036172758187603903,-3.8872402518987657,,,0.95,0.9,n2c,3.831845850472085,4.789069502684909,0.48293712084929724,0.0,-34.88678,2440.6458523311135,-0.8521762
72,1784869059.0732522,,5.28,,5.28,,4.799999999999999,,4.799999999999999,,7.200000000000002,,7.200000000000002,,1.9800000000000002,,1.9800000000000002,,2.759999999999999,,2.759999999999999,,4.371379525400698,,4.207139712758362,,6.6006664372980595,,1.6262540485477075,,2.568222458474338,0.06479603797197342,0.0002727434039115906,0.0033181415165017825,1.9086368195712566,0.0938856452703476,0.8490543365478516,0.08366271108388901,-0.30596616864204407,0.17049363255500793,0.2940584719181061,0.03234054893255234,5776,0.42023295164108276,3.8747329711914062,0.02389092557132244,11829248,12712,5776,361,-8.03391,0.0053089664259459825,0.003966415608010721,-4.0307127922773365,-36.315914,0.004089989384374349,0.0019281652057543397,-3.9707278296351434,,,0.95,0.9,n2c,3.8080736635944468,3.62772095104053,0.6538423846627347,0.0,-11.882752,2436.6810380245024,-8.03391
73,1784869125.6605957,,5.28,,5.28,,4.799999999999999,,4.799999999999999,,7.200000000000002,,7.200000000000002,,1.9800000000000002,,1.9800000000000002,,2.759999999999999,,2.759999999999999,,4.596059011295438,,4.362206252291799,,6.914095459505916,,1.654168743552873,,2.6052910834550858,0.04483695328235626,-0.00019974385941168293,0.007624374173246906,1.9146180003881454,0.11158057302236557,0.866549551486969,0.12121850252151489,-0.0073602041229605675,0.11067656427621841,0.2697375416755676,0.03368489444255829,5856,0.4825124740600586,4.026364326477051,0.026436511427164078,11993088,12872,5856,366,-0.7345494,0.003176648738372023,0.008257248069276102,-4.043256524205208,-44.28549,0.004209426305169473,0.003246150669292547,-4.007315291464328,,,0.95,0.9,n2c,4.427514436996006,4.2304786066593865,0.5833976443992281,0.0,-50.073708,2460.52680603496,-0.7345494
74,1784869192.9626641,,5.28,,5.28,,4.799999999999999,,4.799999999999999,,7.200000000000002,,7.200000000000002,,1.9800000000000002,,1.9800000000000002,,2.759999999999999,,2.759999999999999,,5.280636098701507,,4.8956649106694385,,7.401617426148732,,2.170564468833618,,2.761435230495408,0.13375838100910187,-0.000828562508104369,0.03186596109298989,1.924602285027504,0.07322779297828674,0.8401487469673157,0.05405557155609131,-0.12184396386146545,0.4035273790359497,0.2946532964706421,0.03317629173398018,5936,0.554673969745636,4.501983642578125,0.027040988206863403,12156928,13033,5936,371,-1.2252567,0.003466502315859543,0.006469746717993985,-4.075987559556961,-27.233997,0.002154958061873913,0.001565179140015971,-4.051593267917633,,,0.95,0.9,n2c,4.231021225637965,4.970495451216588,0.49815803868585556,0.0,-36.58056,2434.3976998238686,-1.2252567
75,1784869257.913835,,5.28,,5.28,,4.799999999999999,,4.799999999999999,,7.200000000000002,,7.200000000000002,,1.9800000000000002,,1.9800000000000002,,2.759999999999999,,2.759999999999999,,4.466592931188643,,4.3392682652920485,,6.5567169561982155,,1.7791977863234933,,2.652235467452556,0.08293969929218292,-0.0034696160291787237,0.007658530306798639,1.9206678569316864,0.23780295252799988,0.804134726524353,0.07158402353525162,0.19605594873428345,0.20629845559597015,0.32754281163215637,0.03194274753332138,6016,0.4249699115753174,3.9588024616241455,0.029164906591176987,12320768,13194,6016,376,-9.0013685,0.004494229872943833,0.002113653696142137,-4.089952623844146,-28.807348,0.00320026146582677,0.006346481810032856,-4.076771441102028,,,0.95,0.9,n2c,3.0411065231777363,5.510418879063709,0.4988338226439625,0.0,-29.129894,2522.510091347182,-9.0013685
76,1784869324.6820455,,5.28,,5.28,,4.799999999999999,,4.799999999999999,,7.200000000000002,,7.200000000000002,,1.9800000000000002,,1.9800000000000002,,2.759999999999999,,2.759999999999999,,5.581349200612749,,4.992855133488774,,7.577344334684312,,2.136513072066009,,2.9611805197782815,0.05972577631473541,0.00039080315036699176,0.002996600142068928,1.9225313067436218,0.12418244034051895,0.8193256258964539,0.12014859914779663,-0.04432777687907219,0.14648084342479706,0.31732773780822754,0.028025003150105476,6096,0.5883609652519226,4.649847984313965,0.028599049896001816,12484608,13354,6096,381,-0.60037476,0.002772138546424685,0.005843646091670962,-4.057197147607804,-21.743351,0.0035331054063135526,0.003940626356052235,-4.108763718605042,,,0.95,0.9,n2c,4.002162599068209,4.420890865085585,0.4184787115185936,0.0,-13.361293,2453.8626556846193,-0.60037476
77,1784869391.5756106,,5.28,,5.28,,4.799999999999999,,4.799999999999999,,7.200000000000002,,7.200000000000002,,1.9800000000000002,,1.9800000000000002,,2.759999999999999,,2.759999999999999,,4.621446478879079,,4.130453965859488,,6.522183498367667,,1.8515859369654208,,2.5385082764551044,0.09126318246126175,-0.00401243515079841,0.00960941800440196,1.927239317446947,0.2508419156074524,0.8571609854698181,0.14364658296108246,-0.1697053611278534,0.2639755606651306,0.3124314844608307,0.028633195906877518,6176,0.4502986967563629,3.932835340499878,0.02688540332019329,12648448,13514,6176,386,-8.480247,0.0037869239728024694,0.006505070618004538,-4.086032149195671,-34.26322,0.004679042768839281,0.002595575003215345,-4.101971432566643,,,0.95,0.9,n2c,4.0384905379042575,4.350727268420609,0.3497142317464809,0.0,-23.15743,2449.2644149385874,-8.480247
78,1784869456.4310815,,5.28,,5.28,,4.799999999999999,,4.799999999999999,,7.200000000000002,,7.200000000000002,,1.9800000000000002,,1.9800000000000002,,2.759999999999999,,2.759999999999999,,5.519801862537861,,4.769277388229966,,7.0670162765309215,,2.1022680504247546,,2.6778845622902736,0.08559931069612503,-0.0006897148214193294,0.006072353477065917,1.9353051744401455,0.2544676959514618,0.8261007070541382,0.12932586669921875,0.06510088592767715,0.2288164496421814,0.42737725377082825,0.030003074556589127,6256,0.6247435212135315,4.427249908447266,0.025212127715349197,12812288,13674,6256,391,-0.5119314,0.0034174018197518307,0.006505350918450859,-4.0842361629009245,-43.26223,0.004073666610929649,0.0025925492765964007,-4.079022768139839,,,0.95,0.9,n2c,4.511520130911296,4.704983376308017,0.35149358937774877,0.0,-49.12917,2526.2319939844406,-0.5119314
79,1784869523.1923122,,5.28,,5.28,,4.799999999999999,,4.799999999999999,,7.200000000000002,,7.200000000000002,,1.9800000000000002,,1.9800000000000002,,2.759999999999999,,2.759999999999999,,5.814645064296201,,5.3970855278894305,,7.746415260247886,,2.1890424778684974,,3.1279504613485187,0.061186760663986206,-0.0001736024860292673,0.006222969979717163,1.9368625655770302,0.20107942819595337,0.782142162322998,0.1391313672065735,0.046130113303661346,0.18731412291526794,0.3507101535797119,0.02783377654850483,6336,0.48990240693092346,4.855027675628662,0.02827352285385132,12976128,13837,6336,396,-16.704147,0.007483353649149649,0.004023353978118394,-4.1109530419111255,-24.059586,0.004602819505817024,0.004299324072781019,-4.092705956101417,,,0.95,0.9,n2c,3.5771888468898267,5.081729922619248,0.4680961341333412,0.0,-46.74189,2454.1187520183425,-16.704147
80,1784869590.0931225,,5.28,,5.28,,4.799999999999999,,4.799999999999999,,7.200000000000002,,7.200000000000002,,1.9800000000000002,,1.9800000000000002,,2.759999999999999,,2.759999999999999,,5.068488115444779,,4.607380799832754,,6.933381632901728,,1.9449913469143212,,2.777848576050019,0.055123455822467804,-0.0041970062266045716,0.0052663573223981075,1.9390513710677624,0.1768147349357605,0.8229522705078125,0.15544897317886353,0.021012263372540474,0.17541685700416565,0.19899791479110718,0.022996220737695694,6416,0.5852482914924622,4.26641845703125,0.023593926802277565,13139968,14001,6416,401,0.48055965,0.0049427935082348995,0.006114976781100267,-4.095334759354591,-32.12162,0.004799550280586118,0.0011549696209840477,-4.092665085196495,,,0.95,0.9,n2c,3.7264057790006135,3.72304936789435,0.3022400807831997,0.0,-37.75732,2448.9989078418967,0.48055965
81,1784869658.2736492,,5.28,,5.28,,4.799999999999999,,4.799999999999999,,7.200000000000002,,7.200000000000002,,1.9800000000000002,,1.9800000000000002,,2.759999999999999,,2.759999999999999,,5.673392813419923,,5.062077009002678,,7.616389841306955,,2.2756087090820074,,3.013022751081735,0.09999411553144455,-0.009923012170474976,0.046240377210779116,1.9381387569010258,0.1765909045934677,0.7355055809020996,0.0649532750248909,0.2727057933807373,0.3077944815158844,0.24448424577713013,0.023963049054145813,6496,0.5292768478393555,4.728098392486572,0.02345956489443779,13303808,14162,6496,406,0.44345647,0.0035804454892058857,0.004054983951209579,-4.0963159739971164,-22.141172,0.0034477647175663153,0.0011074703870690428,-4.097743710875511,,,0.95,0.9,n2c,4.318592485465869,4.355540354455114,0.8266282781945731,0.0,-37.87018,2403.032019737394,0.44345647
82,1784869725.5178986,,5.28,,5.28,,4.799999999999999,,4.799999999999999,,7.200000000000002,,7.200000000000002,,1.9800000000000002,,1.9800000000000002,,2.759999999999999,,2.759999999999999,,5.471967230550945,,5.123908467590809,,7.4123327396810055,,2.025446191197261,,2.7825308494793717,0.17723029851913452,-0.015263543953096814,0.02536907431203872,1.9377341866493225,0.22596082091331482,0.7918254733085632,0.24244989454746246,-0.027081798762083054,0.453715443611145,0.3191113770008087,0.029048651456832886,6576,0.6054521203041077,4.563237190246582,0.05448285490274429,13467648,14323,6576,411,-9.514334,0.007408163168292958,0.002495308906509308,-4.166979682445526,-16.330181,0.01014127116650343,0.0034827533418138046,-4.11190202832222,,,0.95,0.9,n2c,3.279983834578471,4.199983520544357,0.5572066540720372,0.0,-21.899387,2436.49116934782,-9.514334
83,1784869792.3950546,,5.28,,5.28,,4.799999999999999,,4.799999999999999,,7.200000000000002,,7.200000000000002,,1.9800000000000002,,1.9800000000000002,,2.759999999999999,,2.759999999999999,,5.164835512638092,,4.72417171113193,,6.708584079053253,,2.031787300016731,,2.873474917607382,0.044323477894067764,0.00017915024363901466,0.007217604677862255,1.9467779584228992,0.14840951561927795,0.8062722682952881,0.14693762362003326,-0.7605748176574707,0.11749674379825592,0.22105944156646729,0.028479501605033875,6656,0.5512536764144897,4.300570487976074,0.020119696855545044,13631488,14485,6656,416,-1.5834367,0.003733902946987655,0.006317633426806424,-4.170506203174591,-38.479607,0.002293472526798723,0.0018486924251192248,-4.151677346229553,,,0.95,0.9,n2c,4.489240937746075,5.37690912593678,0.5065476167464934,0.0,-23.234928,2449.8647244315266,-1.5834367
84,1784869858.389664,,5.28,,5.28,,4.799999999999999,,4.799999999999999,,7.200000000000002,,7.200000000000002,,1.9800000000000002,,1.9800000000000002,,2.759999999999999,,2.759999999999999,,5.4351936806342565,,4.727295964490622,,6.611239310353994,,1.8273331173695624,,2.6001344304531813,0.18200331926345825,-0.00012437997429515235,0.010273153020534664,1.9543131738901138,0.6618441939353943,0.7924395799636841,0.8610233068466187,-0.028335090726614,0.4580187201499939,0.4070141315460205,0.03285219892859459,6736,0.5844442844390869,4.240239143371582,0.05355345457792282,13795328,14647,6736,421,-3.9324183,0.003400111436349107,0.00467074107582448,-4.156643781065941,-63.972008,0.019429791299626232,0.005291612257860834,-4.1933933943510056,,,0.95,0.9,n2c,4.316206016213668,4.437019088460887,0.33552635511179363,0.0,-49.52818,2482.626955272294,-3.9324183
85,1784869925.1595871,,5.28,,5.28,,4.799999999999999,,4.799999999999999,,7.200000000000002,,7.200000000000002,,1.9800000000000002,,1.9800000000000002,,2.759999999999999,,2.759999999999999,,4.775429752655327,,4.377185449004173,,6.762639250140637,,1.8832171391695738,,2.576831724640215,0.042511146515607834,-0.0036853592901024967,0.001220600790475146,1.9550205431878567,0.16550397872924805,0.7798927426338196,0.1302051693201065,0.12657910585403442,0.10516249388456345,0.2796124815940857,0.03275774419307709,6816,0.557607889175415,4.075060844421387,0.02172226645052433,13959168,14809,6816,426,-17.123943,0.005946543053141795,0.003989626214024611,-4.157255488634109,-42.29313,0.0023612883247551507,0.0011523261724505573,-4.1577330261468886,,,0.95,0.9,n2c,3.5000184517526813,4.842121455055768,0.3648210232287893,0.0,-34.43333,2453.7996273893623,-17.123943
86,1784869990.1551244,,5.28,,5.28,,4.799999999999999,,4.799999999999999,,7.200000000000002,,7.200000000000002,,1.9800000000000002,,1.9800000000000002,,2.759999999999999,,2.759999999999999,,5.002876966260374,,4.522543840110302,,6.785244207829237,,2.1271385227155406,,2.6720208982005715,0.17374631762504578,-0.014760007252334617,0.023920108258607797,1.9650763757526875,0.125290185213089,0.7990890741348267,0.0953637883067131,0.2785751223564148,0.4098382890224457,0.2818105220794678,0.025253724306821823,6896,0.6035306453704834,4.2219648361206055,0.019235830754041672,14123008,14969,6896,431,-2.6736252,0.0033092770747316534,0.004620730099850335,-4.156665945053101,-6.777028,0.0027350174521416195,0.0033178183090058154,-4.192563655972481,,,0.95,0.9,n2c,4.473325276415868,4.633151779583657,0.5863785289586819,0.0,-27.097515,2520.788208148291,-2.6736252
87,1784870055.254994,,5.28,,5.28,,4.799999999999999,,4.799999999999999,,7.200000000000002,,7.200000000000002,,1.9800000000000002,,1.9800000000000002,,2.759999999999999,,2.759999999999999,,5.081594682298601,,4.777524823322892,,6.82205853657797,,1.697836650069803,,2.5909558420535177,0.043387122452259064,-0.0022220648388611153,0.004792118968907744,1.9655960462987423,0.18242613971233368,0.7532321214675903,0.1677594631910324,0.2199837565422058,0.11613309383392334,0.25182825326919556,0.02749871090054512,6976,0.5754212737083435,4.193994045257568,0.03275752812623978,14286848,15130,6976,436,-18.49734,0.006268672522855923,0.00331505597641808,-4.207481497526169,-27.295105,0.0042561257672787175,0.0020620051334844904,-4.232450538873673,,,0.95,0.9,n2c,4.572461274610121,4.6470174273293114,0.4473571162788178,0.0,-27.106762,2516.7485263038407,-18.49734
88,1784870122.1516206,,5.28,,5.28,,4.799999999999999,,4.799999999999999,,7.200000000000002,,7.200000000000002,,1.9800000000000002,,1.9800000000000002,,2.759999999999999,,2.759999999999999,,4.720780865289271,,4.196994546800852,,6.4766374276950955,,1.5727868103422225,,2.545104949036613,0.10109604150056839,-0.0011858280777232721,0.007217888538434636,1.9666949212551117,0.2795661389827728,0.777255117893219,0.21045196056365967,0.05596416816115379,0.2739057242870331,0.31183475255966187,0.028746401891112328,7056,0.4440472722053528,3.902461290359497,0.01993458904325962,14450688,15294,7056,441,-8.10919,0.006731876706180628,0.003423751116497442,-4.216426193714142,-28.97137,0.007173080115171615,0.005952286493266001,-4.256599843502045,,,0.95,0.9,n2c,4.231070181339841,4.33545166791019,0.6009476979390265,0.0,-46.208164,2449.1520605184214,-8.10919
89,1784870186.962265,,5.28,,5.28,,4.799999999999999,,4.799999999999999,,7.200000000000002,,7.200000000000002,,1.9800000000000002,,1.9800000000000002,,2.759999999999999,,2.759999999999999,,5.7425486841239035,,4.872564249206334,,7.503995088860393,,2.1206767638213933,,3.0268536002840847,0.08950492739677429,0.0002076449163723737,0.01788493942876812,1.9746460430324078,0.046345945447683334,0.7724667191505432,0.045388758182525635,-0.05651308596134186,0.29410120844841003,0.251848429441452,0.026614954695105553,7136,0.5608528852462769,4.653326988220215,0.026226559653878212,14614528,15456,7136,446,-8.407624,0.010828237851092127,0.004156018690264318,-4.2404198288917545,-37.033836,0.002234278137621004,0.002081807303329697,-4.251577797532081,,,0.95,0.9,n2c,4.294425272375737,5.022308221740383,0.3539923868170427,0.0,-52.658,2527.9796450361614,-8.407624
90,1784870251.813969,,5.28,,5.28,,4.799999999999999,,4.799999999999999,,7.200000000000002,,7.200000000000002,,1.9800000000000002,,1.9800000000000002,,2.759999999999999,,2.759999999999999,,5.312868868932128,,4.750922653824091,,7.23152213729918,,1.838148908689618,,2.835201229667291,0.1155182272195816,-0.006555224710609764,0.009331631656095851,1.9836523048579693,0.32776984572410583,0.8236149549484253,0.25497350096702576,0.009312852285802364,0.28646987676620483,0.2533498704433441,0.02273048833012581,7216,0.6140242218971252,4.393733024597168,0.020127879455685616,14778368,15620,7216,451,-4.78243,0.00964578738930868,0.005807375659060199,-4.207987612485885,-22.951874,0.004257111222250387,0.004178538542328169,-4.262658548355103,,,0.95,0.9,n2c,4.096660009821836,4.838048859497209,0.42503351965586655,0.0,-64.42058,2526.379783546031,-4.78243
91,1784870319.037153,,5.28,,5.28,,4.799999999999999,,4.799999999999999,,7.200000000000002,,7.200000000000002,,1.9800000000000002,,1.9800000000000002,,2.759999999999999,,2.759999999999999,,4.732881092466414,,4.694959386251867,,7.2180510656908154,,1.893707124516368,,2.7671953251119703,0.07827535271644592,-0.003858086565742269,0.008924978792492766,1.9910507313907146,0.4850742518901825,0.8149242997169495,0.4976867735385895,0.29361942410469055,0.22602145373821259,0.3133416175842285,0.026986096054315567,7296,0.5920061469078064,4.261358737945557,0.019674770534038544,14942208,15785,7296,456,-34.06962,0.013671363487083,0.002079531687195413,-4.217630222439766,-62.98664,0.00983209788100794,0.0017935882744495757,-4.241696873307228,,,0.95,0.9,n2c,3.958999190274059,3.574853567449638,0.494210300113541,0.0,-48.251995,2437.2545313725313,-34.06962
92,1784870385.4672942,,5.28,,5.28,,4.799999999999999,,4.799999999999999,,7.200000000000002,,7.200000000000002,,1.9800000000000002,,1.9800000000000002,,2.759999999999999,,2.759999999999999,,5.507385693024844,,5.309365905821323,,7.03065290232189,,1.7916357712820172,,2.6752065226901323,0.12376618385314941,-0.022215340330149047,0.010109244467457756,2.001529186964035,0.19388197362422943,0.8730601072311401,0.10340061038732529,-0.11842338740825653,0.29402297735214233,0.22398249804973602,0.02599383518099785,7376,0.5607383251190186,4.4628496170043945,0.012261303141713142,15106048,15948,7376,461,-1.0377787,0.009673678906983696,0.004980424912355374,-4.216661986708641,-33.389793,0.003610605401627254,0.004204028189997188,-4.236153039336204,,,0.95,0.9,n2c,4.140205735212741,4.550484504903712,0.42399554986685295,0.0,-24.441462,2466.3496120424834,-1.0377787
93,1784870451.8967652,,5.28,,5.28,,4.799999999999999,,4.799999999999999,,7.200000000000002,,7.200000000000002,,1.9800000000000002,,1.9800000000000002,,2.759999999999999,,2.759999999999999,,5.514776785625145,,4.947986031416804,,7.431803843937814,,2.131406443193555,,2.8144112178124487,0.06433933973312378,-0.0009180945198750123,0.001796235370420618,1.9922499619424343,0.1369163990020752,0.7838919162750244,0.12528972327709198,-0.07819147408008575,0.15588633716106415,0.2450464516878128,0.025436559692025185,7456,0.5919404029846191,4.5680766105651855,0.008887193165719509,15269888,16108,7456,466,-4.764453,0.005040190116415033,0.004483218990208116,-4.176058307290077,-36.58947,0.004332426410110201,0.0033442152649513445,-4.2200896590948105,,,0.95,0.9,n2c,4.012246834502184,4.506332586660518,0.32756494157393884,0.0,-24.029148,2466.3752339924918,-4.764453
94,1784870517.646474,,5.28,,5.28,,4.799999999999999,,4.799999999999999,,7.200000000000002,,7.200000000000002,,1.9800000000000002,,1.9800000000000002,,2.759999999999999,,2.759999999999999,,5.361576624214649,,4.94123613377451,,7.461361680179834,,1.9857255732640624,,2.9003478796221316,0.12707553803920746,-0.0071488475950900465,0.02062469706288539,1.996144562959671,0.20205846428871155,0.8048923015594482,0.14434577524662018,-0.5747937560081482,0.33572837710380554,0.245194673538208,0.026835152879357338,7536,0.6076456308364868,4.5300493240356445,0.007741284091025591,15433728,16268,7536,471,0.14565961,0.004941293539013713,0.0027822600313811563,-4.184714850783348,-39.27114,0.006892711556429276,0.004011983063537628,-4.224935793876648,,,0.95,0.9,n2c,3.5309686294787737,4.0669575384311685,0.4393525661257317,0.0,-36.978905,2491.8750330131916,0.14565961
95,1784870582.7013905,,5.28,,5.28,,4.799999999999999,,4.799999999999999,,7.200000000000002,,7.200000000000002,,1.9800000000000002,,1.9800000000000002,,2.759999999999999,,2.759999999999999,,4.824870497453958,,4.520402207970619,,6.732962593436241,,1.7212854761164635,,2.4228180018253624,0.06968636810779572,-0.00037469237577170134,0.005792024938273244,2.007794752717018,0.10732142627239227,0.8292378783226013,0.07678575813770294,-0.41549474000930786,0.16982397437095642,0.2765111029148102,0.025472324341535568,7616,0.4924771189689636,4.044467926025391,0.011964512057602406,15597568,16428,7616,476,0.18957718,0.003857402955327416,0.006721671058039646,-4.2409358471632,-45.3701,0.003445343540079193,0.008903063873003703,-4.23242073059082,,,0.95,0.9,n2c,4.287560050825333,4.482463229929981,0.560943707368317,0.0,-45.568,2518.486690231623,0.18957718
96,1784870648.5347207,,5.28,,5.28,,4.799999999999999,,4.799999999999999,,7.200000000000002,,7.200000000000002,,1.9800000000000002,,1.9800000000000002,,2.759999999999999,,2.759999999999999,,4.961948879994452,,4.717991227749735,,7.337063482962549,,1.9417936515528709,,2.7960446083452553,0.17267918586730957,-0.012254789457074367,0.030388161569135264,2.011422336101532,0.29690468311309814,0.7914352416992188,0.20906606316566467,0.11879635602235794,0.434267520904541,0.38998010754585266,0.03475843369960785,7696,0.6102997660636902,4.350968360900879,0.014278191141784191,15761408,16589,7696,481,-10.150911,0.007139882708725054,0.004658084327820689,-4.27486700117588,-32.21791,0.010400106554152444,0.003558547447028104,-4.229950380325318,,,0.95,0.9,n2c,4.62832092907728,4.39155914508693,0.5161834804253951,0.0,-35.574577,2488.7089558850034,-10.150911
97,1784870715.0185416,,5.28,,5.28,,4.799999999999999,,4.799999999999999,,7.200000000000002,,7.200000000000002,,1.9800000000000002,,1.9800000000000002,,2.759999999999999,,2.759999999999999,,4.568357872776687,,4.305830722674727,,6.333002985687926,,1.8304179995320737,,2.5020909211598337,0.12532801926136017,-0.0012812200047847,0.006836730666691437,2.006304033100605,0.13004657626152039,0.7969068884849548,0.1093427985906601,0.14659784734249115,0.32349029183387756,0.25739407539367676,0.026950286701321602,7776,0.42469993233680725,3.907939910888672,0.011277246288955212,15925248,16749,7776,486,-0.08293234,0.003431948107754579,0.004808826225053053,-4.320101508498192,-49.568462,0.002802686822542455,0.0005626968268188648,-4.28276946246624,,,0.95,0.9,n2c,4.387386075108397,4.895131454481906,0.5088608004851891,0.0,-38.256767,2464.35898459722,-0.08293234
98,1784870779.4020417,,5.28,,5.28,,4.799999999999999,,4.799999999999999,,7.200000000000002,,7.200000000000002,,1.9800000000000002,,1.9800000000000002,,2.759999999999999,,2.759999999999999,,5.249016549438238,,4.827942794901901,,6.9471399585017934,,1.8548772716894746,,2.5778586416272447,0.10101025551557541,0.0001859995536506176,0.019393874288653024,2.00078334659338,0.12852133810520172,0.7630780935287476,0.09947223961353302,0.24544835090637207,0.2578040659427643,0.2930760383605957,0.028596550226211548,7856,0.6099656820297241,4.291367053985596,0.013090306892991066,16089088,16909,7856,491,-0.097355485,0.0034503870003391056,0.00634759829408722,-4.3100633949041365,-40.247196,0.006862630894465838,0.0022612959292018786,-4.330201742053032,,,0.95,0.9,n2c,4.523676313918731,3.646232520040159,0.6126858569573435,0.0,-48.55146,2544.751352673984,-0.097355485
99,1784870845.5149007,,5.28,,5.28,,4.799999999999999,,4.799999999999999,,7.200000000000002,,7.200000000000002,,1.9800000000000002,,1.9800000000000002,,2.759999999999999,,2.759999999999999,,5.592782756313682,,4.97024300461635,,7.002802680479363,,1.9474456878378987,,2.7914302553981543,0.1386341154575348,-0.013051811678451486,0.012023133196635172,2.007501795887947,0.12566304206848145,0.8189292550086975,0.06766657531261444,0.23892486095428467,0.3825666606426239,0.2729838490486145,0.023544225841760635,7936,0.6151407957077026,4.460940361022949,0.014526266604661942,16252928,17069,7936,496,-0.30843592,0.002207444877058151,0.005283293749380391,-4.379132694005966,-16.935246,0.0034796576830558477,0.0032445912358525673,-4.355018231272697,,,0.95,0.9,n2c,4.442691956188595,4.598929240723993,0.37737077593972446,0.0,-23.514318,2478.187741880019,-0.30843592
100,1784870911.6809564,,5.28,,5.28,,4.799999999999999,,4.799999999999999,,7.200000000000002,,7.200000000000002,,1.9800000000000002,,1.9800000000000002,,2.759999999999999,,2.759999999999999,,5.771232463419437,,5.434382314328104,,7.862127004191279,,2.2680536301922984,,2.907972945831716,0.038341689854860306,-0.004318789986427873,0.0011576480683288537,2.022633947432041,0.14799124002456665,0.8816922307014465,0.11773624271154404,-0.3886913061141968,0.09505870193243027,0.2703286409378052,0.02416461706161499,8016,0.48356619477272034,4.848753929138184,0.015951992943882942,16416768,17229,8016,501,-0.81800956,0.002624681729139411,0.0056141488254070285,-4.44444522857666,-27.574392,0.0029604543815366924,0.001563523518416332,-4.382372373342514,,,0.95,0.9,n2c,4.3987995799981805,4.656097176709917,0.42535602798186006,0.0,-38.9141,2476.1930478891077,-0.81800956
101,1784870978.157876,,5.28,,5.28,,4.799999999999999,,4.799999999999999,,7.200000000000002,,7.200000000000002,,1.9800000000000002,,1.9800000000000002,,2.759999999999999,,2.759999999999999,,5.1456509390845895,,4.674437099136412,,7.143371685524471,,1.8542201849631965,,2.63708739541471,0.04314384236931801,-0.002612245429190807,0.002473164206094225,2.0225054174661636,0.03960380703210831,0.8195900321006775,0.02946586348116398,0.04557107761502266,0.10721041262149811,0.23932600021362305,0.021764736622571945,8096,0.6643874049186707,4.290953636169434,0.017323177307844162,16580608,17389,8096,506,-1.3748221,0.002171209828884457,0.0037269118256517686,-4.523992371559143,-26.894424,0.0021992963476805015,0.0035128545030602256,-4.47570464015007,,,0.95,0.9,n2c,4.663121951832748,5.4832618697688185,0.40098398484644127,0.0,0.5581937,2464.614789423454,-1.3748221
102,1784871044.573418,,5.28,,5.28,,4.799999999999999,,4.799999999999999,,7.200000000000002,,7.200000000000002,,1.9800000000000002,,1.9800000000000002,,2.759999999999999,,2.759999999999999,,5.481145456433296,,4.558483484201133,,7.184334074147046,,1.939788722898811,,2.633353980258107,0.07624733448028564,-0.013368194602662697,0.01414829064742662,2.0273756459355354,0.1318594068288803,0.9338678121566772,0.11952468007802963,0.16542990505695343,0.21318066120147705,0.2724453806877136,0.01818433217704296,8176,0.6262216567993164,4.359421253204346,0.016112392768263817,16744448,17549,8176,511,-1.0111811,0.0017415064958186122,0.0064455182495294135,-4.570535650849342,-22.369627,0.002465595380635932,0.0023915761179523543,-4.543346184492111,,,0.95,0.9,n2c,5.235325455717228,5.294010034953193,0.6011147376117894,0.0,-51.114853,2466.8924493212626,-1.0111811
103,1784871110.989019,,5.28,,5.28,,4.799999999999999,,4.799999999999999,,7.200000000000002,,7.200000000000002,,1.9800000000000002,,1.9800000000000002,,2.759999999999999,,2.759999999999999,,5.5394815816544,,5.079862341284752,,7.518837714509573,,2.158914674713742,,2.9326514827553183,0.12010075151920319,-0.00554091228696052,0.010002302969951415,2.0343369618058205,0.03531657159328461,0.8060619235038757,0.028034253045916557,-0.32861512899398804,0.2891392409801483,0.26966211199760437,0.0216326005756855,8192,0.5731146335601807,4.645949363708496,0.017798641696572304,16908288,17709,8256,516,-0.2895712,0.0028222629385709296,0.004608697122603189,-4.633786460757255,-23.558184,0.002247480679943692,0.001906248875457095,-4.623913976550102,,,0.95,0.9,n2c,4.728529536574013,5.490355945275229,0.3383560918194882,0.0,-62.28959,2466.890323983686,-0.2895712
104,1784871180.6645927,,5.28,,5.28,,4.799999999999999,,4.799999999999999,,7.200000000000002,,7.200000000000002,,1.9800000000000002,,1.9800000000000002,,2.759999999999999,,2.759999999999999,,5.5513785015791655,,5.155840400606394,,7.495970756746829,,2.12279020389542,,2.896152770408662,0.14903777837753296,-0.007485190359147964,0.010819520815857686,2.042673759162426,0.07709626853466034,0.9167702794075012,0.06538704037666321,-0.263187438249588,0.34590452909469604,0.2766050100326538,0.02146867848932743,8192,0.6040866374969482,4.644426345825195,0.017109962180256844,17072128,17869,8336,521,-1.0678611,0.002494566763198236,0.004206608593813143,-4.66754789352417,-41.55564,0.0016416236816439778,0.0032354116381611677,-4.668218711018563,,,0.95,0.9,n2c,4.774784484428878,6.069720004826311,0.38052371733645785,0.0,-38.885586,2351.470742164315,-1.0678611
105,1784871248.6643033,,5.28,,5.28,,4.799999999999999,,4.799999999999999,,7.200000000000002,,7.200000000000002,,1.9800000000000002,,1.9800000000000002,,2.759999999999999,,2.759999999999999,,5.029404396656901,,4.977286198409274,,7.2687782403081656,,1.9113116413354874,,2.6094783611479215,0.04266568273305893,0.00015998678281903267,0.005019135294787702,2.043289892375469,0.03607206791639328,0.8011208772659302,0.04458995163440704,-0.11639206856489182,0.1146855503320694,0.2829374372959137,0.018526986241340637,8192,0.5775848627090454,4.359251499176025,0.015631796792149544,17235968,18030,8416,526,-8.939138,0.004375637338671368,0.004909342504106462,-4.704518878459931,-21.476812,0.002202209959796164,0.0031941587549226824,-4.684705826640129,,,0.95,0.9,n2c,4.744501742495109,5.3112579059795015,0.38732133600765023,0.0,-36.066208,2409.421084877901,-8.939138
106,1784871317.496591,,5.28,,5.28,,4.799999999999999,,4.799999999999999,,7.200000000000002,,7.200000000000002,,1.9800000000000002,,1.9800000000000002,,2.759999999999999,,2.759999999999999,,5.260833707638085,,4.931866734230425,,7.0232914129737765,,1.8653826601803303,,2.5060840995865874,0.17409631609916687,-0.009632256638724357,0.014968452975153923,2.0558102503418922,0.06810881197452545,0.7660699486732483,0.05723888799548149,0.40925174951553345,0.40513813495635986,0.2856733202934265,0.018959421664476395,8192,0.6429045796394348,4.3174920082092285,0.017683738842606544,17399808,18190,8496,531,-0.17281401,0.0026684377760830104,0.004717322734359186,-4.743859323859215,-41.853294,0.001983001463668188,0.004676172662584577,-4.727903056144714,,,0.95,0.9,n2c,4.422916422187969,6.573352140208158,0.43728070656083773,0.0,-52.663563,2380.2780643387227,-0.17281401
107,1784871387.4578493,,5.28,,5.28,,4.799999999999999,,4.799999999999999,,7.200000000000002,,7.200000000000002,,1.9800000000000002,,1.9800000000000002,,2.759999999999999,,2.759999999999999,,5.626342524890788,,4.804206419736147,,7.092364465817809,,2.1020033533568494,,2.704139531124383,0.1106823980808258,-0.00017131466302089393,0.009420232323464006,2.0493413731455803,0.15277114510536194,0.7864596843719482,0.07502653449773788,0.38897478580474854,0.26425594091415405,0.3409372866153717,0.02132047340273857,8192,0.6032899618148804,4.465811252593994,0.018258025869727135,17563648,18350,8576,536,-1.0164374,0.0022504941814986525,0.005794302200956736,-4.7567073732614515,-35.571007,0.0025819074377068318,0.004227745164826047,-4.735478156805039,,,0.95,0.9,n2c,5.443673914338822,5.42681904731654,0.4067299443133908,0.0,-22.71011,2341.8675869426966,-1.0164374
108,1784871456.3631961,,5.28,,5.28,,4.799999999999999,,4.799999999999999,,7.200000000000002,,7.200000000000002,,1.9800000000000002,,1.9800000000000002,,2.759999999999999,,2.759999999999999,,4.867499268322717,,4.640739161404781,,6.779703018022701,,1.8089189808815718,,2.461916008964181,0.07474831491708755,-0.011405147553887218,0.004929601811454631,2.0505844354629517,0.04316719248890877,0.8031756281852722,0.03487097844481468,-0.2093772292137146,0.18960143625736237,0.28298765420913696,0.020943965762853622,8192,0.5428251028060913,4.11175537109375,0.014429677277803421,17727488,18510,8656,541,-2.276581,0.0022916682664799737,0.004045231899362988,-4.7678160041570665,-29.566187,0.0022479722490970746,0.0033380055130692197,-4.761596265435219,,,0.95,0.9,n2c,4.917473450460895,5.6486490836291186,0.3726278308377643,0.0,-28.7107,2377.7544727813624,-2.276581
109,1784871525.2815518,,5.28,,5.28,,4.799999999999999,,4.799999999999999,,7.200000000000002,,7.200000000000002,,1.9800000000000002,,1.9800000000000002,,2.759999999999999,,2.759999999999999,,5.574912833049893,,5.3502092231065035,,7.624469180009328,,2.0186401242390275,,2.973078680690378,0.06183065474033356,-0.009597932395990938,0.004277480227756314,2.0439631268382072,0.0392584502696991,0.8241201043128967,0.04025236517190933,-0.27421942353248596,0.17568202316761017,0.2628667950630188,0.017925944179296494,8192,0.589526355266571,4.708261489868164,0.018269836902618408,17891328,18670,8736,546,0.9437326,0.0027061580112786032,0.004661160871182801,-4.809821859002113,-22.252197,0.0025210526921000563,0.004777826453209855,-4.810985046625137,,,0.95,0.9,n2c,4.920174683479556,6.090185072857445,0.3859506522134931,0.0,-60.144398,2377.3057009385125,0.9437326
110,1784871593.6595862,,5.28,,5.28,,4.799999999999999,,4.799999999999999,,7.200000000000002,,7.200000000000002,,1.9800000000000002,,1.9800000000000002,,2.759999999999999,,2.759999999999999,,4.822831718251109,,4.327869244851172,,6.846323772333562,,1.782305208966136,,2.746627334272489,0.04794153571128845,-0.0027576555003179237,0.0061269677644304466,2.0416798815131187,0.12718938291072845,0.7670466899871826,0.09257637709379196,-0.1671278029680252,0.14674900472164154,0.2681291997432709,0.019469361752271652,8192,0.5820968747138977,4.105191230773926,0.01962990313768387,18055168,18830,8816,551,-0.036749266,0.0036382551523274744,0.007089822954731062,-4.799011427164078,-26.693369,0.0028159821427834685,0.0034341765218414365,-4.845928984880447,,,0.95,0.9,n2c,5.858108231638753,5.852742533509283,0.4578898397095916,0.0,-13.756534,2396.091135614277,-0.036749266
111,1784871661.987709,,5.28,,5.28,,4.799999999999999,,4.799999999999999,,7.200000000000002,,7.200000000000002,,1.9800000000000002,,1.9800000000000002,,2.759999999999999,,2.759999999999999,,5.629468090832233,,5.230465714819729,,7.657102692639455,,2.2191870138049126,,2.8817637526080944,0.16248761117458344,-0.00031690389732830226,0.027789822808699682,2.050704337656498,0.10209529101848602,0.8366327285766602,0.09280294924974442,0.14429938793182373,0.41778966784477234,0.3998934030532837,0.022291084751486778,8192,0.5701115727424622,4.723597049713135,0.0173241775482893,18219008,18994,8896,556,-52.12691,0.01951853007194586,0.0045732784317806365,-4.802198258042336,-26.025635,0.0029920997534645722,0.006572459798189811,-4.835629007220268,,,0.95,0.9,n2c,5.5655275069350365,6.184549288868842,0.5933349071894716,0.0,-21.20107,2397.84138956034,-52.12691
112,1784871730.4570477,,5.28,,5.28,,4.799999999999999,,4.799999999999999,,7.200000000000002,,7.200000000000002,,1.9800000000000002,,1.9800000000000002,,2.759999999999999,,2.759999999999999,,4.861034280271269,,4.15813298150897,,6.5451761333533796,,1.7864704858511686,,2.4073169725597836,0.15599960088729858,-0.0005809017347928602,0.018006941667408682,2.0514369755983353,0.19953931868076324,0.8974757790565491,0.265194296836853,-0.1926865130662918,0.4127793610095978,0.3608933687210083,0.02752574160695076,8192,0.44826778769493103,3.9516263008117676,0.045954152941703796,18382848,19156,8976,561,-3.9608536,0.005445362230238971,0.006681224942440167,-4.819083049893379,-32.86152,0.011609349714126438,0.007806261120276758,-4.8011993080377575,,,0.95,0.9,n2c,6.138911498484353,5.4956530074967045,0.3912484160385333,0.0,-1.3561344,2392.8962787812916,-3.9608536
113,1784871798.3314111,,5.28,,5.28,,4.799999999999999,,4.799999999999999,,7.200000000000002,,7.200000000000002,,1.9800000000000002,,1.9800000000000002,,2.759999999999999,,2.759999999999999,,4.931193065829575,,4.28256122302264,,6.855218184180558,,1.80553497094661,,2.513968581100926,0.06306090950965881,-0.0018546218852861784,0.007107072429789696,2.0513091161847115,0.3505499064922333,0.8324072360992432,0.24725684523582458,0.058696240186691284,0.1601434350013733,0.292847216129303,0.022353969514369965,8192,0.558368980884552,4.077694892883301,0.02212737873196602,18546688,19317,9056,566,-17.528456,0.006922718563873787,0.0055599238301510924,-4.837982732057571,-33.749546,0.007165000803070143,0.0056900775940448515,-4.796133330464363,,,0.95,0.9,n2c,4.715320126233189,5.208805963677031,0.40874668804545533,0.0,-43.080837,2413.8712081309486,-17.528456
114,1784871866.7721314,,5.28,,5.28,,4.799999999999999,,4.799999999999999,,7.200000000000002,,7.200000000000002,,1.9800000000000002,,1.9800000000000002,,2.759999999999999,,2.759999999999999,,4.966202512383461,,4.327607752755284,,6.677549862768501,,1.8395979669876397,,2.6014965003123507,0.10648898780345917,-0.0005389931538957171,0.026121188944671303,2.0598141476511955,0.24902215600013733,0.817524254322052,0.2046300321817398,-0.15919414162635803,0.2873539626598358,0.3701328933238983,0.030545882880687714,8192,0.5676323771476746,4.08249044418335,0.03782007470726967,18710528,19479,9136,571,-13.126442,0.006294555742351804,0.005237815039799898,-4.855223125219345,-45.246025,0.00937544311163947,0.004699574776168447,-4.79982579946518,,,0.95,0.9,n2c,5.435541487848825,5.296992585625728,0.5741872854436292,0.0,-41.606213,2393.896558015629,-13.126442
115,1784871936.0877004,,5.28,,5.28,,4.799999999999999,,4.799999999999999,,7.200000000000002,,7.200000000000002,,1.9800000000000002,,1.9800000000000002,,2.759999999999999,,2.759999999999999,,5.3774601221084595,,5.0391218066215515,,7.242731365375221,,2.0110216315370053,,2.709919630084187,0.13124310970306396,-0.006332443066639826,0.020806211046874523,2.071029894053936,0.047510430216789246,0.818695604801178,0.04434111341834068,0.2930096685886383,0.3727514445781708,0.3064720630645752,0.02446083165705204,8192,0.6693379878997803,4.476050853729248,0.01059187576174736,18874368,19640,9216,576,-23.279713,0.009072244238632265,0.004459539595700335,-4.85402338206768,-24.20047,0.002688644643785665,0.004837740253424272,-4.821829199790955,,,0.95,0.9,n2c,4.3764393609018715,5.71480276521876,0.3843844118930089,0.0,-42.79367,2363.6825510932704,-23.279713
116,1784872004.9408348,,5.28,,5.28,,4.799999999999999,,4.799999999999999,,7.200000000000002,,7.200000000000002,,1.9800000000000002,,1.9800000000000002,,2.759999999999999,,2.759999999999999,,5.012081348337233,,4.216345548571553,,6.861187404021621,,1.7399772624485195,,2.658134651661385,0.09173344820737839,-0.00041957804933190346,0.0042630452662706375,2.0735925808548927,0.12471262365579605,0.7427578568458557,0.11867228150367737,0.16542424261569977,0.21775655448436737,0.3082451820373535,0.022293314337730408,8192,0.5809322595596313,4.097545146942139,0.01873002201318741,19038208,19803,9296,581,-14.831731,0.008715172430675011,0.0045657259412109855,-4.8555022269487385,-49.36035,0.0073433378827758135,0.004459880257491023,-4.834427723288536,,,0.95,0.9,n2c,4.582368490423571,4.616394968970835,0.4835002359495075,0.0,-31.866476,2379.558870738197,-14.831731
117,1784872073.3672152,,5.28,,5.28,,4.799999999999999,,4.799999999999999,,7.200000000000002,,7.200000000000002,,1.9800000000000002,,1.9800000000000002,,2.759999999999999,,2.759999999999999,,5.314976902678609,,4.612307868897915,,7.464120822027326,,1.9818731867853785,,2.7402837640838698,0.08375995606184006,-0.00031138020858634263,0.0034958847536472604,2.0859606340527534,0.10727947950363159,0.8612701892852783,0.07189581543207169,0.02784803695976734,0.20144876837730408,0.3612743616104126,0.020975401625037193,8192,0.6665632724761963,4.422712802886963,0.011221742257475853,19202048,19965,9376,586,-5.552415,0.007576764468103648,0.004682657367084175,-4.880772316455841,-23.715801,0.0045294059920706784,0.0033246836792386603,-4.8453642398118975,,,0.95,0.9,n2c,4.592018742751906,5.1120155007924,0.3234589960614562,0.0,-41.282547,2394.3968393490272,-5.552415
118,1784872140.6354446,,5.28,,5.28,,4.799999999999999,,4.799999999999999,,7.200000000000002,,7.200000000000002,,1.9800000000000002,,1.9800000000000002,,2.759999999999999,,2.759999999999999,,5.729996418114752,,4.9416236584074795,,7.326168004365172,,2.2193633941933513,,2.9952724350150675,0.08271729201078415,-0.0026896012805082137,0.009414015978109092,2.0927818790078163,0.14186418056488037,0.9046100378036499,0.12860211730003357,-0.15813715755939484,0.23187658190727234,0.3182823956012726,0.020627077668905258,8192,0.6005600690841675,4.642484188079834,0.01695028692483902,19365888,20129,9456,591,2.1503885,0.007136147451819852,0.006409200227790279,-4.826094442605973,-31.103897,0.0037108038828591815,0.0048881384398555385,-4.83619327545166,,,0.95,0.9,n2c,5.192040923600099,5.572358929217087,0.3007090150621301,0.0,-34.56355,2435.622254555113,2.1503885
119,1784872206.906954,,5.28,,5.28,,4.799999999999999,,4.799999999999999,,7.200000000000002,,7.200000000000002,,1.9800000000000002,,1.9800000000000002,,2.759999999999999,,2.759999999999999,,5.825950142927468,,4.8124796020565554,,7.736586689250544,,2.173709937836975,,2.7900230674713384,0.06486602127552032,-0.00039755784382577986,0.00665055903391476,2.098522774875164,0.37760257720947266,0.7949562668800354,0.2605157792568207,-0.2651605010032654,0.1709328442811966,0.38718152046203613,0.023557722568511963,8192,0.5713304877281189,4.667749881744385,0.0831766128540039,19529728,20293,9536,596,-24.905443,0.013493314816150815,0.004059050299110823,-4.81920972764492,-41.071434,0.00814543624437647,0.008090109792829026,-4.832965680956841,,,0.95,0.9,n2c,4.63009747976444,6.383255120025939,0.4352513772538016,0.0,-51.93349,2472.2539998535876,-24.905443
120,1784872276.3645518,,5.28,,5.28,,4.799999999999999,,4.799999999999999,,7.200000000000002,,7.200000000000002,,1.9800000000000002,,1.9800000000000002,,2.759999999999999,,2.759999999999999,,5.293870777823031,,4.77933381870389,,7.286895276978612,,2.0384620362892747,,2.8802685723640025,0.06978538632392883,-0.0008890923563740216,0.006915083169587888,2.1071807891130447,0.13666009902954102,0.8258848190307617,0.1353740394115448,0.027818765491247177,0.19720607995986938,0.25050950050354004,0.017217831686139107,8192,0.619037389755249,4.455766201019287,0.01103255059570074,19693568,20462,9616,601,-30.037296,0.0159646120184334,0.004273795857443474,-4.756232804059982,-36.01661,0.0031952666220604444,0.0038599292583967326,-4.830703943967819,,,0.95,0.9,n2c,5.117107140211836,5.4271768620007945,0.3650508362776349,0.0,-18.566631,2358.849448392345,-30.037296
121,1784872346.5941162,,5.28,,5.28,,4.799999999999999,,4.799999999999999,,7.200000000000002,,7.200000000000002,,1.9800000000000002,,1.9800000000000002,,2.759999999999999,,2.759999999999999,,5.3419438768178225,,4.85574868042022,,7.181593673594762,,1.9777725930398447,,2.8345478950068355,0.09806236624717712,-0.0064187521929852664,0.009786893966520438,2.112230122089386,0.273090124130249,0.8720243573188782,0.16952931880950928,-0.3810901343822479,0.25420433282852173,0.27908387780189514,0.020395059138536453,8192,0.6583484411239624,4.438321113586426,0.03534548357129097,19857408,20643,9696,606,-15.413707,0.007473284617299214,0.004066791602963349,-4.713063225150108,-77.900085,0.01567993895150721,0.006855578991235234,-4.798998388648033,,,0.95,0.9,n2c,4.190064534470411,5.4026889798023845,0.4138965385591287,0.0,-34.145348,2332.9207726032832,-15.413707
122,1784872413.0598674,,5.28,,5.28,,4.799999999999999,,4.799999999999999,,7.200000000000002,,7.200000000000002,,1.9800000000000002,,1.9800000000000002,,2.759999999999999,,2.759999999999999,,5.069703682442196,,4.790722055709921,,6.949730085209012,,1.948203538544476,,2.7321709411917254,0.13631874322891235,-0.011587797052925453,0.018419189138512593,2.1288125291466713,0.08705459535121918,0.8069546222686768,0.05043881759047508,-0.1926758587360382,0.37527576088905334,0.2740582227706909,0.026481669396162033,8192,0.6181390881538391,4.298105716705322,0.07306722551584244,20021248,20837,9776,611,-60.51286,0.025726309383753688,0.007996884443855379,-4.7079794973135,-39.807877,0.009107500524260103,0.0052369926066603515,-4.775946402549744,,,0.95,0.9,n2c,6.071585307788358,6.204537879206944,0.49645823186855853,0.0,-82.12589,2465.028492949807,-60.51286
123,1784872478.594966,,5.28,,5.28,,4.799999999999999,,4.799999999999999,,7.200000000000002,,7.200000000000002,,1.9800000000000002,,1.9800000000000002,,2.759999999999999,,2.759999999999999,,5.067083937115967,,4.602454686315468,,6.922247859532945,,1.8532092478126287,,2.843799189577112,0.16550566256046295,-0.005243423809588421,0.022395424748538062,2.133856251835823,0.2013576626777649,0.8067673444747925,0.1811666637659073,0.14170335233211517,0.40362319350242615,0.3211359977722168,0.029562417417764664,8192,0.6126408576965332,4.257758617401123,0.052187416702508926,20185088,21078,9856,616,-80.171616,0.023968521162169056,0.001920177998545114,-4.668385872244835,-82.757355,0.02493857376393862,0.003967586832004599,-4.75581838786602,,,0.95,0.9,n2c,5.0986309830953465,5.42163456721377,0.4067425735888138,0.0,-97.47583,2500.034398895471,-80.171616
124,1784872546.3395898,,5.28,,5.28,,4.799999999999999,,4.799999999999999,,7.200000000000002,,7.200000000000002,,1.9800000000000002,,1.9800000000000002,,2.759999999999999,,2.759999999999999,,5.3572723641991615,,4.851962405940867,,7.023893551086076,,1.9183476459002122,,2.6449206676334143,0.15522494912147522,-0.0008992905022751074,0.018623021533130668,2.1406627744436264,0.2700141668319702,0.847142219543457,0.19343408942222595,0.14675158262252808,0.4094220995903015,0.3824008107185364,0.03516407310962677,8192,0.6474091410636902,4.359279632568359,0.05398871749639511,20348928,21305,9936,621,-29.150005,0.014386723152711056,0.0035140691543347202,-4.64274492263794,-81.23296,0.05581998475827277,0.004635637244791724,-4.705884283781051,,,0.95,0.9,n2c,4.88548775696327,6.043141551707471,0.27254929449365994,0.0,-81.658806,2418.494577440124,-29.150005
125,1784872616.4227307,,5.28,,5.28,,4.799999999999999,,4.799999999999999,,7.200000000000002,,7.200000000000002,,1.9800000000000002,,1.9800000000000002,,2.759999999999999,,2.759999999999999,,4.850765340961516,,4.3993617771193385,,6.8343703504651785,,1.880292703048326,,2.62208961462602,0.13300371170043945,-0.010067784009152092,0.007549603338702582,2.1440767869353294,0.531437337398529,0.920464277267456,0.35733693838119507,0.15928170084953308,0.40091580152511597,0.45210951566696167,0.046363234519958496,8192,0.600052535533905,4.11737585067749,0.08673061430454254,20512768,21531,10016,626,-18.850231,0.008945607134955935,0.007374827010789886,-4.634884971380234,-99.803024,0.05876251151785254,0.006692214957001852,-4.6357703626155855,,,0.95,0.9,n2c,5.150390427430575,6.985889136601844,0.39812311839863845,0.0,-90.297066,2337.794957444669,-18.850231
126,1784872687.1651525,,5.28,,5.28,,4.799999999999999,,4.799999999999999,,7.200000000000002,,7.200000000000002,,1.9800000000000002,,1.9800000000000002,,2.759999999999999,,2.759999999999999,,5.773168162559159,,4.984838559059426,,7.45804160553962,,2.2597830034792423,,2.9128919029026292,0.1764397919178009,-0.005228864902164787,0.013575576216680929,2.158753953874111,0.1252421736717224,0.7898155450820923,0.11538346111774445,0.4005570709705353,0.4005763530731201,0.34008631110191345,0.0321018323302269,8192,0.6156325340270996,4.6777448654174805,0.09276606887578964,20676608,21724,10096,631,-20.539865,0.005874684233276639,0.004892817900690715,-4.656482514739037,-92.35942,0.016060435876715927,0.002471739218890434,-4.634982424974441,,,0.95,0.9,n2c,4.762843596074606,5.48083680339217,0.386587913535416,0.0,-53.797443,2316.0075906867055,-20.539865
127,1784872757.5883048,,5.28,,5.28,,4.799999999999999,,4.799999999999999,,7.200000000000002,,7.200000000000002,,1.9800000000000002,,1.9800000000000002,,2.759999999999999,,2.759999999999999,,5.111759809777141,,4.1901591331698,,6.913875691127032,,1.7170420601032674,,2.6954396932851523,0.0738215371966362,-8.028775937418686e-05,0.005645116230880376,2.1501825526356697,0.41823863983154297,0.8647308349609375,0.3150280714035034,0.10895798355340958,0.20114879310131073,0.44592392444610596,0.04213878884911537,8192,0.5660898089408875,4.125655174255371,0.07275308668613434,20840448,21941,10176,636,-5.8154497,0.0052153810182062445,0.00394623180036433,-4.626031824946404,-94.80098,0.06290147218387573,0.004208487778669223,-4.659947231411934,,,0.95,0.9,n2c,4.895107055642221,6.0267603696004866,0.29003027077696675,0.0,-55.001385,2326.5075875062716,-5.8154497
128,1784872827.3995366,,5.28,,5.28,,4.799999999999999,,4.799999999999999,,7.200000000000002,,7.200000000000002,,1.9800000000000002,,1.9800000000000002,,2.759999999999999,,2.759999999999999,,5.165733945788816,,4.88503019977361,,6.828154091723263,,1.8696529953740537,,2.6422783208545297,0.10082940012216568,-0.002588700852356851,0.004937119192618411,2.1462970227003098,0.1535792201757431,0.8961979746818542,0.1269271969795227,0.22425256669521332,0.22814570367336273,0.3566721975803375,0.033548783510923386,8192,0.6655207872390747,4.278169631958008,0.05811644718050957,21004288,22146,10256,641,-24.71841,0.011098276198026724,0.00401437943946803,-4.615551069378853,-98.09593,0.03786756038898602,0.005739680743135978,-4.652099487185478,,,0.95,0.9,n2c,4.51237886958552,5.9583969773163,0.27291711912526706,0.0,-40.31119,2346.9002331941615,-24.71841
129,1784872894.654773,,5.28,,5.28,,4.799999999999999,,4.799999999999999,,7.200000000000002,,7.200000000000002,,1.9800000000000002,,1.9800000000000002,,2.759999999999999,,2.759999999999999,,4.724784528836608,,3.996841387823224,,6.803942387457937,,1.538199711823836,,2.4583846600726247,0.0640745460987091,-0.004481727373786271,0.0035355342406546697,2.1516858711838722,0.37332427501678467,0.7751559019088745,0.31491783261299133,0.4642854332923889,0.1640673279762268,0.4567142426967621,0.045912474393844604,8192,0.4618608057498932,3.904430389404297,0.09088455140590668,21168128,22335,10336,646,-21.988049,0.009547930052212905,0.006761257079779171,-4.57687491774559,-65.728294,0.03784731451887637,0.005212206076248549,-4.629565560817719,,,0.95,0.9,n2c,4.760717627321286,6.374861305725753,0.4119121529382816,0.0,-53.310143,2436.092867600058,-21.988049
130,1784872962.9717622,,5.28,,5.28,,4.799999999999999,,4.799999999999999,,7.200000000000002,,7.200000000000002,,1.9800000000000002,,1.9800000000000002,,2.759999999999999,,2.759999999999999,,4.703839265741408,,4.215905291493982,,6.955659259110689,,1.7090915711596608,,2.505942254792899,0.12428998947143555,9.181145287584513e-05,0.019958832213887945,2.1476233154535294,0.1887439638376236,0.8127321004867554,0.14857733249664307,-0.3173566460609436,0.35342076420783997,0.4207947254180908,0.04219040274620056,8192,0.5617523193359375,4.018087387084961,0.08816651254892349,21331968,22512,10416,651,-13.256198,0.006263213852071204,0.004634703352348879,-4.5558797180652615,-68.2715,0.03356556575745344,0.0031903491064440457,-4.61636993587017,,,0.95,0.9,n2c,4.1755604589037905,5.708848375448694,0.21080218253200986,0.0,-42.036232,2398.23216265881,-13.256198
131,1784873031.7884166,,5.28,,5.28,,4.799999999999999,,4.799999999999999,,7.200000000000002,,7.200000000000002,,1.9800000000000002,,1.9800000000000002,,2.759999999999999,,2.759999999999999,,4.629619573242962,,4.006941489409655,,6.51625950075686,,1.796797479270026,,2.5793520119041204,0.15427669882774353,-0.00014444300904870033,0.028232706186827272,2.1496738716959953,0.27066048979759216,0.8262602686882019,0.21464335918426514,-0.6235944032669067,0.4319399297237396,0.3698592782020569,0.024330995976924896,8192,0.49778637290000916,3.9057936668395996,0.06085479259490967,21495808,22680,10496,656,-30.450241,0.010681475579622202,0.0031384464804432356,-4.535151118040085,-65.15779,0.017091429146239533,0.006283727333357092,-4.576850241422653,,,0.95,0.9,n2c,4.107723113763123,5.335088130752846,0.46278131400397804,0.0,-24.810757,2380.819045045629,-30.450241
132,1784873098.004587,,5.28,,5.28,,4.799999999999999,,4.799999999999999,,7.200000000000002,,7.200000000000002,,1.9800000000000002,,1.9800000000000002,,2.759999999999999,,2.759999999999999,,4.94304721429944,,5.165749920532107,,7.186400868929923,,1.8872379686217755,,2.6790563575923443,0.07290180027484894,-0.0033643143615336157,0.0029874557367293164,2.1538619697093964,0.24993309378623962,0.7543643116950989,0.17704901099205017,-0.024036338552832603,0.181426540017128,0.3600499629974365,0.015660360455513,8192,0.64557945728302,4.372298240661621,0.01042311079800129,21659648,22844,10576,661,-7.9470053,0.00572943695296999,0.004930089588742703,-4.536868366599083,-45.467594,0.005354738413006999,0.0028230566866113806,-4.560446810722351,,,0.95,0.9,n2c,5.075296911512584,4.530972302104147,0.3404061074933026,0.0,-59.744495,2474.3200313570983,-7.9470053
133,1784873163.3062396,,5.28,,5.28,,4.799999999999999,,4.799999999999999,,7.200000000000002,,7.200000000000002,,1.9800000000000002,,1.9800000000000002,,2.759999999999999,,2.759999999999999,,5.483939327299595,,5.600403368473053,,8.00426428602077,,2.2898158403113484,,2.9249065592885017,0.060884665697813034,-0.0006808357429690659,0.0051339142737560906,2.1673087552189827,0.17698976397514343,0.7885492444038391,0.11866586655378342,-0.5526680946350098,0.17417919635772705,0.37874987721443176,0.015280883759260178,8192,0.46971097588539124,4.860665798187256,0.008022081106901169,21823488,23023,10656,666,-42.74962,0.01314217537874356,0.004948156124737579,-4.48124693930149,-40.509125,0.006965761144238058,0.003359465587709565,-4.520763182640076,,,0.95,0.9,n2c,4.550917080249159,4.842397251477413,0.4206323881300186,0.0,-72.553375,2508.971735154649,-42.74962
134,1784873228.3269105,,5.28,,5.28,,4.799999999999999,,4.799999999999999,,7.200000000000002,,7.200000000000002,,1.9800000000000002,,1.9800000000000002,,2.759999999999999,,2.759999999999999,,5.083215853199363,,4.696665311232209,,7.081890637986362,,1.8771472130902112,,2.639128127368167,0.11869753152132034,0.00020075804059160873,0.011068975320085883,2.169104903936386,0.22961929440498352,0.8785661458969116,0.2298755645751953,-0.1796754002571106,0.3099646270275116,0.5558435916900635,0.03375929594039917,8192,0.6368803977966309,4.275609493255615,0.07422633469104767,21987328,23214,10736,671,-65.03769,0.021770085889147594,0.0022160202832310462,-4.465594774484634,-70.08062,0.04604237087769434,0.004299396697024349,-4.503695231676102,,,0.95,0.9,n2c,4.557270293324062,5.3761653335681086,0.3930267406188969,0.0,-68.95399,2519.814092533819,-65.03769
135,1784873291.6821942,,5.28,,5.28,,4.799999999999999,,4.799999999999999,,7.200000000000002,,7.200000000000002,,1.9800000000000002,,1.9800000000000002,,2.759999999999999,,2.759999999999999,,5.114119941368699,,4.027914853300899,,6.996621264144778,,1.638650300214067,,2.4987282305955887,0.053724102675914764,-0.009310377316069207,0.001901312884001527,2.1698599606752396,0.30887454748153687,0.7478340864181519,0.23907949030399323,0.694546103477478,0.16304117441177368,0.46100902557373047,0.03505026549100876,8192,0.544957160949707,4.055207252502441,0.0943055972456932,22151168,23490,10816,676,-64.83456,0.026697628817055376,0.003941961411328521,-4.446925795078277,-105.473595,0.07969104645308107,0.004260301098838681,-4.469894075393677,,,0.95,0.9,n2c,4.923122821543103,5.501728130512309,0.29630080356755684,0.0,-98.17269,2586.0512667997573,-64.83456
136,1784873356.4174821,,5.28,,5.28,,4.799999999999999,,4.799999999999999,,7.200000000000002,,7.200000000000002,,1.9800000000000002,,1.9800000000000002,,2.759999999999999,,2.759999999999999,,5.888009116053581,,5.269742218661122,,7.637568678939715,,2.2018411541357636,,2.975266145542264,0.07484409213066101,-0.007532117306254804,0.0065337828382325824,2.173163428902626,0.29364535212516785,0.8425191044807434,0.27584362030029297,-0.33498865365982056,0.2026388943195343,0.34253695607185364,0.020778276026248932,8192,0.5639833807945251,4.794485569000244,0.028615642338991165,22315008,23743,10896,681,-43.904423,0.016813850228209047,0.0026656802590878216,-4.387354308366776,-74.22943,0.022201251197839156,0.0009146621334366501,-4.409586429595947,,,0.95,0.9,n2c,4.675902328398761,4.619414868895503,0.3223065288246864,0.0,-86.51156,2530.9223729279856,-43.904423
137,1784873422.5156286,,5.28,,5.28,,4.799999999999999,,4.799999999999999,,7.200000000000002,,7.200000000000002,,1.9800000000000002,,1.9800000000000002,,2.759999999999999,,2.759999999999999,,4.878423530608416,,4.435652221553028,,6.853446074062958,,1.6408590022474525,,2.629566709510982,0.10498510301113129,-0.007154263905249536,0.004194182678475045,2.1822339594364166,0.5556157827377319,0.759873628616333,0.39046603441238403,0.2316024899482727,0.28863316774368286,0.48459652066230774,0.04413151741027832,8192,0.6055344343185425,4.087589263916016,0.155027836561203,22478848,24025,10976,686,-60.965027,0.02721250133472495,0.004496401741926092,-4.375095728039741,-109.50356,0.06180879429448396,0.0036352095397887752,-4.39563547372818,,,0.95,0.9,n2c,5.296761939018357,5.717954278264719,0.3781941249390982,0.0,-85.88924,2478.7381017543885,-60.965027
138,1784873487.7760613,,5.28,,5.28,,4.799999999999999,,4.799999999999999,,7.200000000000002,,7.200000000000002,,1.9800000000000002,,1.9800000000000002,,2.759999999999999,,2.759999999999999,,5.3850738648325205,,4.994526031892747,,7.561861272901297,,2.143477251753211,,2.944591204635799,0.07373496890068054,-0.00637270027800696,0.00695759296650067,2.182985447347164,0.14328567683696747,0.8221120238304138,0.12016713619232178,0.3993191719055176,0.21981115639209747,0.45591479539871216,0.03157776966691017,8192,0.6518512964248657,4.6059064865112305,0.06124211475253105,22642688,24282,11056,691,-61.77415,0.022967177513055503,0.0033162849125801586,-4.441567948460579,-64.824234,0.04937290730886161,0.003264490563014988,-4.390526142716408,,,0.95,0.9,n2c,6.067189134770855,5.324050692166994,0.37721358448533476,0.0,-98.05357,2510.5565386149706,-61.77415
139,1784873554.3549173,,5.28,,5.28,,4.799999999999999,,4.799999999999999,,7.200000000000002,,7.200000000000002,,1.9800000000000002,,1.9800000000000002,,2.759999999999999,,2.759999999999999,,5.808549164794385,,5.05457279458642,,7.233770493417978,,2.213875661836937,,2.915735335962381,0.06440083682537079,-0.005728596614062553,0.0037526998239627574,2.1884696409106255,0.2472456991672516,0.8100671768188477,0.24244627356529236,0.1330835521221161,0.15797048807144165,0.39316585659980774,0.030471960082650185,8192,0.622882604598999,4.64530086517334,0.023459192365407944,22806528,24583,11136,696,-37.114815,0.01586789849679917,0.0046694936521816995,-4.435966458916664,-90.744644,0.033124858664814384,0.0034690789609157944,-4.3889395236969,,,0.95,0.9,n2c,5.353202859120854,5.132503137595917,0.3429414008290179,0.0,-99.92285,2460.841267791823,-37.114815
140,1784873620.5340014,,5.28,,5.28,,4.799999999999999,,4.799999999999999,,7.200000000000002,,7.200000000000002,,1.9800000000000002,,1.9800000000000002,,2.759999999999999,,2.759999999999999,,5.500185853801668,,4.827550005400553,,7.326192401815206,,2.000598200596869,,2.8644520302768797,0.16383641958236694,0.0003189290582668036,0.015041629289044067,2.1819340735673904,0.1961735635995865,0.7508354187011719,0.14640112221240997,0.17077574133872986,0.39511603116989136,0.5422714948654175,0.034913502633571625,8192,0.6471408009529114,4.503795623779297,0.0826718732714653,22970368,24826,11216,701,-24.532171,0.011456794550758787,0.004028836150246207,-4.427217629551888,-84.3955,0.052830010862089695,0.002609438548097387,-4.398789379000664,,,0.95,0.9,n2c,4.315422077336704,5.502344875458313,0.33126724007971675,0.0,-72.56557,2475.7066642380255,-24.532171
141,1784873685.973201,,5.28,,5.28,,4.799999999999999,,4.799999999999999,,7.200000000000002,,7.200000000000002,,1.9800000000000002,,1.9800000000000002,,2.759999999999999,,2.759999999999999,,4.893604082870297,,4.727014563977718,,7.135340850800276,,1.7948509026318789,,2.6526428651995957,0.06436368823051453,-0.004714719892945141,0.002605334000691073,2.1862007156014442,0.24690264463424683,0.8325966000556946,0.21106654405593872,-0.018087998032569885,0.1550978571176529,0.44598063826560974,0.03854350745677948,8192,0.6298923492431641,4.2406907081604,0.0601794607937336,23134208,25100,11296,706,-42.417004,0.016113493760349228,0.0033672009420115502,-4.41955754160881,-91.95076,0.04909989582374692,0.003381554957013577,-4.4237693578004835,,,0.95,0.9,n2c,5.521825269722095,5.257037186604398,0.414931872970294,0.0,-92.12706,2503.6980671809124,-42.417004
142,1784873752.628581,,5.28,,5.28,,4.799999999999999,,4.799999999999999,,7.200000000000002,,7.200000000000002,,1.9800000000000002,,1.9800000000000002,,2.759999999999999,,2.759999999999999,,5.879247359931469,,5.1143820696743205,,7.177657786756754,,1.9567762012011372,,2.8892780446913093,0.0793655589222908,-0.0001848040265031159,0.010653554534655996,2.176830843091011,0.2535269856452942,0.8376274108886719,0.2141280174255371,-0.6233125329017639,0.23149608075618744,0.4465280771255493,0.030434004962444305,8192,0.6299341320991516,4.603468418121338,0.036355115473270416,23298048,25315,11376,711,-30.267796,0.009972696969634853,0.002355752315634163,-4.42242693901062,-52.2611,0.03635735681746155,0.0027314656050293705,-4.426915076375008,,,0.95,0.9,n2c,5.223508933319183,5.278290151963934,0.487037101008328,0.0,-38.90187,2458.016210760162,-30.267796
143,1784873818.9256918,,5.28,,5.28,,4.799999999999999,,4.799999999999999,,7.200000000000002,,7.200000000000002,,1.9800000000000002,,1.9800000000000002,,2.759999999999999,,2.759999999999999,,5.609379184839781,,5.33677869476378,,7.775331638986245,,2.1640731962397695,,2.81643403461203,0.17242741584777832,-0.0025571672013029456,0.011332426307490095,2.176269143819809,0.4390891194343567,0.8220675587654114,0.4366719126701355,0.3673934042453766,0.4505041539669037,0.45658743381500244,0.0364651121199131,8192,0.5720587968826294,4.74039888381958,0.03906717523932457,23461888,25533,11456,716,-45.82381,0.009467209131980781,0.004785185655055102,-4.453725588321686,-57.57447,0.03535730163566768,0.0024205267036450095,-4.4220495283603665,,,0.95,0.9,n2c,4.868286880397041,5.6696572136991,0.3295755805319719,0.0,-72.85064,2471.299488798412,-45.82381
144,1784873885.919978,,5.28,,5.28,,4.799999999999999,,4.799999999999999,,7.200000000000002,,7.200000000000002,,1.9800000000000002,,1.9800000000000002,,2.759999999999999,,2.759999999999999,,5.8154248129576445,,5.280629524961114,,7.910184338223189,,2.097757619805634,,2.999833913287148,0.060320496559143066,-0.0004752541717607528,0.006362177700793836,2.1786935925483704,0.13014322519302368,0.8413100838661194,0.13907454907894135,0.17753905057907104,0.17544102668762207,0.38767895102500916,0.029208702966570854,8192,0.550320029258728,4.820765972137451,0.08494953066110611,23625728,25739,11536,721,-35.036552,0.011457417596830055,0.004000201910093893,-4.461578497290612,-55.89498,0.019925157498801128,0.002540289169701282,-4.423930466175079,,,0.95,0.9,n2c,5.67703508817701,5.225292271418349,0.3594921686573588,0.0,-60.20983,2445.5816686027283,-35.036552
145,1784873952.9544852,,5.28,,5.28,,4.799999999999999,,4.799999999999999,,7.200000000000002,,7.200000000000002,,1.9800000000000002,,1.9800000000000002,,2.759999999999999,,2.759999999999999,,5.141325988108292,,4.483121082186699,,6.985498888418078,,1.7189970281906426,,2.5604661477264017,0.1377127468585968,-0.010216506660754021,0.018016390764387324,2.1773053407669067,0.20437389612197876,0.8568991422653198,0.15441738069057465,0.321509450674057,0.3466934859752655,0.44847023487091064,0.02860473096370697,8192,0.6396546363830566,4.177881717681885,0.05810896307229996,23789568,25952,11616,726,-77.4296,0.016623130277730526,0.0034278683975571766,-4.490225967764855,-77.9165,0.04024359683971852,0.003703309684351552,-4.418882870674134,,,0.95,0.9,n2c,5.503989225745624,5.366027242619824,0.37247785875847184,0.0,-51.709114,2444.114297891916,-77.4296
146,1784874020.1854515,,5.28,,5.28,,4.799999999999999,,4.799999999999999,,7.200000000000002,,7.200000000000002,,1.9800000000000002,,1.9800000000000002,,2.759999999999999,,2.759999999999999,,5.038684133440256,,4.619719613343477,,7.085753066698089,,1.8812212701886892,,2.6026983335614204,0.14272122085094452,-0.004819287700229324,0.01044374935736414,2.174210675060749,0.4509754776954651,0.9535192847251892,0.40283775329589844,-0.5080130100250244,0.35110577940940857,0.4051167666912079,0.023269109427928925,8192,0.6428478360176086,4.245615005493164,0.032389163970947266,23953408,26147,11696,731,-33.92932,0.012045131184277125,0.004654157985351048,-4.4338951170444485,-60.9558,0.01196915474429261,0.001994774673948996,-4.422072994709015,,,0.95,0.9,n2c,4.919990680664823,4.981531186559915,0.37685810998186653,0.0,-65.929794,2436.972112679905,-33.92932
147,1784874087.742591,,5.28,,5.28,,4.799999999999999,,4.799999999999999,,7.200000000000002,,7.200000000000002,,1.9800000000000002,,1.9800000000000002,,2.759999999999999,,2.759999999999999,,5.847264662384987,,5.531752089038491,,7.710309952497482,,2.207063394365832,,2.9143270547501743,0.03926391154527664,-0.001237469074112596,0.0010390206934971502,2.180805079638958,0.1914467215538025,0.7975931167602539,0.08177217841148376,0.12994319200515747,0.1171126440167427,0.4593471884727478,0.015219032764434814,8192,0.5233720541000366,4.8421430587768555,0.005260217934846878,24117248,26315,11776,736,-40.272,0.011315532313892618,0.0023735769515042192,-4.392918086051941,-27.101328,0.003880607069004327,0.003030726106953807,-4.403577807545662,,,0.95,0.9,n2c,4.287430546087956,5.084516848242098,0.4341557559919513,0.0,-31.046667,2425.207280707702,-40.272
148,1784874155.0918932,,5.28,,5.28,,4.799999999999999,,4.799999999999999,,7.200000000000002,,7.200000000000002,,1.9800000000000002,,1.9800000000000002,,2.759999999999999,,2.759999999999999,,5.406930428929627,,4.628831489011645,,6.956318633630872,,2.0469254762865603,,2.6529229576699436,0.16288304328918457,-0.0033597546585042437,0.04049273589043878,2.186303526163101,0.16251415014266968,0.8217330574989319,0.16622881591320038,-0.10612393915653229,0.46022260189056396,0.4068925380706787,0.01693408563733101,8192,0.6199885606765747,4.338386058807373,0.014324035495519638,24281088,26483,11856,741,-12.81767,0.007601705307024531,0.004246387322200462,-4.398708841204643,-55.244774,0.008887909352779388,0.0039634004344407,-4.4025354266166685,,,0.95,0.9,n2c,4.751975813522661,4.682539455156759,0.548991347252799,0.0,-35.322235,2432.689330020926,-12.81767
149,1784874224.3889263,,5.28,,5.28,,4.799999999999999,,4.799999999999999,,7.200000000000002,,7.200000000000002,,1.9800000000000002,,1.9800000000000002,,2.759999999999999,,2.759999999999999,,5.544097010046244,,5.231857297942042,,7.5279081906192005,,2.1461394825018942,,2.9547203361289576,0.07864344120025635,5.820824299007654e-06,0.01031424684333615,2.1959643810987473,0.21114662289619446,0.7402160167694092,0.1202443316578865,0.28537464141845703,0.18307039141654968,0.3590887784957886,0.01755642145872116,8192,0.6071489453315735,4.680944442749023,0.008217372000217438,24444928,26652,11936,746,-50.61384,0.014471560512902215,0.004869995625631418,-4.395057818293571,-34.260075,0.0034004610366537235,0.0029327872922294772,-4.404814863204956,,,0.95,0.9,n2c,4.649490244086552,5.390288067937542,0.4688422872305985,0.0,-23.709753,2364.3148162852754,-50.61384
150,1784874291.5395694,,5.28,,5.28,,4.799999999999999,,4.799999999999999,,7.200000000000002,,7.200000000000002,,1.9800000000000002,,1.9800000000000002,,2.759999999999999,,2.759999999999999,,5.568700132891536,,5.016242377460003,,7.348824420245364,,1.9634144834708422,,2.8512911647558212,0.08223871141672134,-0.0008631934906588867,0.010452570129928063,2.199192136526108,0.18992270529270172,0.8234240412712097,0.146358922123909,0.0877101793885231,0.2597547471523285,0.30906057357788086,0.021007176488637924,8192,0.6459201574325562,4.549695014953613,0.02789931930601597,24608768,26830,12016,751,-25.082458,0.0075893747969530525,0.003551383402009378,-4.408312749862671,-45.135887,0.016780925873899833,0.005652492538501974,-4.410139647126198,,,0.95,0.9,n2c,4.7322501698124135,4.78841216952746,0.333838727835994,0.0,-66.025955,2439.8872513376605,-25.082458
151,1784874358.302647,,5.28,,5.28,,4.799999999999999,,4.799999999999999,,7.200000000000002,,7.200000000000002,,1.9800000000000002,,1.9800000000000002,,2.759999999999999,,2.759999999999999,,5.0374798509292305,,5.075053300708532,,7.431190663482994,,1.8955527059733868,,2.7119266781955957,0.199183851480484,-0.0006019404536345974,0.047179928224068135,2.2032734602689743,0.12946243584156036,0.8334319591522217,0.11299726366996765,0.06545895338058472,0.5385057926177979,0.3029699921607971,0.019233061000704765,8192,0.6319097280502319,4.430240631103516,0.04651203379034996,24772608,27005,12096,756,-26.237284,0.013824582696543075,0.006051137651957106,-4.396805459260941,-31.168137,0.01652718973928131,0.004726985668821726,-4.401084312796593,,,0.95,0.9,n2c,4.735868397069449,4.608771766607992,0.35564051324827733,0.0,-27.962744,2454.051734561275,-26.237284
152,1784874426.315477,,5.28,,5.28,,4.799999999999999,,4.799999999999999,,7.200000000000002,,7.200000000000002,,1.9800000000000002,,1.9800000000000002,,2.759999999999999,,2.759999999999999,,5.774842014536262,,5.065174770541489,,7.584484156221151,,2.189190559089184,,3.0297955903224647,0.09856923669576645,-0.0023569669137941673,0.005451689605251886,2.201880104839802,0.20517346262931824,0.7770400047302246,0.3652990162372589,0.010860878974199295,0.2603927552700043,0.4886457026004791,0.023022662848234177,8192,0.585455060005188,4.728697776794434,0.091016985476017,24936448,27180,12176,761,-64.07997,0.023625012510456143,0.005205880403809715,-4.391526278853417,-62.549522,0.01990619819262065,0.004061540457041701,-4.3878572404384615,,,0.95,0.9,n2c,5.251354535929623,5.427655141866677,0.42390291971314725,0.0,-31.11497,2408.957195617038,-64.07997
153,1784874498.3668268,,5.28,,5.28,,4.799999999999999,,4.799999999999999,,7.200000000000002,,7.200000000000002,,1.9800000000000002,,1.9800000000000002,,2.759999999999999,,2.759999999999999,,5.4270498007535934,,4.379366266075522,,6.85128110460937,,1.946706977672875,,2.685546671040356,0.1399427205324173,-0.0027846097509609535,0.009097340182051994,2.206847406923771,0.38015520572662354,0.7467585802078247,0.30778151750564575,0.08994818478822708,0.32700860500335693,0.41560590267181396,0.035821642726659775,8192,0.6538653373718262,4.25799036026001,0.10119780898094177,25100288,27380,12256,766,-36.008244,0.014943273572134786,0.001035724785469938,-4.390206637978554,-95.29065,0.04076640289276838,0.003021056074067019,-4.3516600638628,,,0.95,0.9,n2c,4.497130223041068,5.177640540125543,0.2928190647310922,0.0,-54.94271,2273.9334268276525,-36.008244
154,1784874567.4250016,,5.28,,5.28,,4.799999999999999,,4.799999999999999,,7.200000000000002,,7.200000000000002,,1.9800000000000002,,1.9800000000000002,,2.759999999999999,,2.759999999999999,,5.498512776568532,,5.487790818326175,,8.126918517053127,,2.361054664477706,,3.150128905195743,0.05973997339606285,-0.006686753898975439,0.0026898400756181218,2.2016033828258514,0.338887482881546,0.7638647556304932,0.3367140591144562,0.5126057267189026,0.18470585346221924,0.3163675367832184,0.025658996775746346,8192,0.40840640664100647,4.9248809814453125,0.013915549963712692,25264128,27578,12336,771,-56.356518,0.023112890543416142,0.004193824168032734,-4.362870973348618,-64.562416,0.009713548321451526,0.0014381315901118795,-4.378959956765175,,,0.95,0.9,n2c,5.0519675885184245,4.669375677830737,0.39491937580136816,0.0,-62.6587,2372.492304112248,-56.356518
155,1784874635.7297313,,5.28,,5.28,,4.799999999999999,,4.799999999999999,,7.200000000000002,,7.200000000000002,,1.9800000000000002,,1.9800000000000002,,2.759999999999999,,2.759999999999999,,5.1304637119174,,4.649012879468501,,7.3453402407467365,,1.9978202320635319,,2.882679345086217,0.06043403223156929,-0.004916435391351115,0.006105603872128995,2.2141073867678642,0.3013516068458557,0.7606894969940186,0.23507259786128998,0.26093029975891113,0.17380660772323608,0.4300220310688019,0.025965362787246704,8192,0.6586621403694153,4.401062965393066,0.03293716907501221,25427968,27791,12416,776,-50.61875,0.018274066282901912,0.003207094311073888,-4.3653564095497135,-57.46641,0.025634805258596315,0.0022260820682276973,-4.3699202835559845,,,0.95,0.9,n2c,4.819673332295173,4.937478284550702,0.4096222594664124,0.0,-76.06624,2398.6626204439003,-50.61875
156,1784874703.0254867,,5.28,,5.28,,4.799999999999999,,4.799999999999999,,7.200000000000002,,7.200000000000002,,1.9800000000000002,,1.9800000000000002,,2.759999999999999,,2.759999999999999,,5.533638700842857,,4.880282258614898,,7.172480629757047,,2.0119059067219496,,2.972655308432877,0.1375853717327118,-0.0016473097275593318,0.011602761383983307,2.212240591645241,0.2774043083190918,0.8758013844490051,0.1723015457391739,0.5452350974082947,0.34236064553260803,0.4149426221847534,0.034122250974178314,8192,0.6868831515312195,4.5141921043396,0.07852046191692352,25591808,28010,12496,781,-61.998047,0.019863072753651068,0.0025053320183360483,-4.333619031310081,-70.807945,0.03944463309599087,0.00256568427575985,-4.346525505185127,,,0.95,0.9,n2c,4.938323311147105,5.13927871283402,0.3805653987471671,0.0,-57.990532,2434.6260165214335,-61.998047
157,1784874771.4485247,,5.28,,5.28,,4.799999999999999,,4.799999999999999,,7.200000000000002,,7.200000000000002,,1.9800000000000002,,1.9800000000000002,,2.759999999999999,,2.759999999999999,,4.548011899925768,,4.17459433618933,,6.519466448575258,,1.5777707443921827,,2.3919221931137145,0.09693491458892822,-0.003221607708837837,0.015324566513299942,2.212583988904953,0.19566190242767334,0.8373979330062866,0.10550747066736221,-0.28128352761268616,0.2747439742088318,0.41518858075141907,0.03967204689979553,8192,0.4432249069213867,3.842353105545044,0.1376299113035202,25755648,28224,12576,786,-21.87083,0.009119314723648131,0.0024793307966319844,-4.2749906241893765,-75.88125,0.029881578020285814,0.003995898637367645,-4.372000294923782,,,0.95,0.9,n2c,4.398421052587909,5.799687979069427,0.5517465234986954,0.0,-62.59084,2394.5152780008375,-21.87083
158,1784874839.0663345,,5.28,,5.28,,4.799999999999999,,4.799999999999999,,7.200000000000002,,7.200000000000002,,1.9800000000000002,,1.9800000000000002,,2.759999999999999,,2.759999999999999,,5.732529155910015,,5.121486261952668,,7.379931808449328,,2.0921282081399113,,2.8866275681648403,0.10548485815525055,-0.002883008884964511,0.021875418460695073,2.216473527252674,0.1876784861087799,0.8275752067565918,0.12969158589839935,-0.0875389352440834,0.3348969519138336,0.3995774984359741,0.028797224164009094,8192,0.6033593416213989,4.64254093170166,0.06996963173151016,25919488,28408,12656,791,-39.39077,0.010647905134828762,0.0033702206470479722,-4.245857846736908,-83.84314,0.025475499359890817,0.0038747537080780605,-4.336920794844628,,,0.95,0.9,n2c,4.458052434463389,5.686624340347476,0.3658352480654903,0.0,-70.171005,2423.0312150273426,-39.39077
159,1784874908.4518266,,5.28,,5.28,,4.799999999999999,,4.799999999999999,,7.200000000000002,,7.200000000000002,,1.9800000000000002,,1.9800000000000002,,2.759999999999999,,2.759999999999999,,4.81161202210933,,4.568462094292045,,7.008851327933371,,1.6519913983065635,,2.498798411048483,0.09606323391199112,-0.0031102113898668904,0.005604015837889165,2.2142986804246902,0.2233903408050537,0.7664766907691956,0.16396066546440125,0.19486041367053986,0.2490547150373459,0.46613436937332153,0.02633945643901825,8192,0.5969135165214539,4.107943058013916,0.07883737981319427,26083328,28611,12736,796,-13.750122,0.008344097174995114,0.002487702573125716,-4.223955881595612,-88.1241,0.03303668751614168,0.005593852426682133,-4.2879742085933685,,,0.95,0.9,n2c,4.607092104756502,5.412340139643503,0.37171603844972445,0.0,-40.73452,2361.300169609522,-13.750122
160,1784874977.4443278,,5.28,,5.28,,4.799999999999999,,4.799999999999999,,7.200000000000002,,7.200000000000002,,1.9800000000000002,,1.9800000000000002,,2.759999999999999,,2.759999999999999,,5.384374961256981,,5.17672178405337,,7.325802236795425,,1.9106392392423004,,2.8277515462832525,0.09009672701358795,-0.0003004302561748773,0.013964369842142332,2.2122359052300453,0.5272876024246216,0.8054558634757996,0.41030099987983704,-0.32564830780029297,0.2694724500179291,0.4238297939300537,0.024734163656830788,8192,0.6397902965545654,4.525057792663574,0.041480902582407,26247168,28797,12816,801,-26.214031,0.008330856605607551,0.003802067684591748,-4.1971702694892885,-34.712307,0.011272542833467014,0.0020426077506272124,-4.2879169374704365,,,0.95,0.9,n2c,4.255667153668709,4.831857756151303,0.3063220620050483,0.0,-54.089977,2374.7502311329395,-26.214031
161,1784875049.265771,,5.28,,5.28,,4.799999999999999,,4.799999999999999,,7.200000000000002,,7.200000000000002,,1.9800000000000002,,1.9800000000000002,,2.759999999999999,,2.759999999999999,,4.399544835090637,,3.968605488538742,,6.33811502251774,,1.5393803510814905,,2.426518897525966,0.056682754307985306,0.0002060742954199668,0.0031041248421388445,2.225327357649803,0.28130728006362915,0.7986611127853394,0.21883177757263184,0.14253689348697662,0.15952157974243164,0.502710223197937,0.0201324000954628,8192,0.31975868344306946,3.7344329357147217,0.03771071508526802,26411008,28968,12896,806,-1.9291153,0.005262553623470012,0.0031426725414348765,-4.19063746035099,-40.479893,0.011194707584218122,0.00539949513040483,-4.25589165687561,,,0.95,0.9,n2c,4.309910911434536,4.991194564125604,0.46528311899803954,0.0,-39.980835,2281.214108704969,-1.9291153
162,1784875119.2193859,,5.28,,5.28,,4.799999999999999,,4.799999999999999,,7.200000000000002,,7.200000000000002,,1.9800000000000002,,1.9800000000000002,,2.759999999999999,,2.759999999999999,,5.553421262651682,,4.8132538557983935,,6.974346050992608,,1.795991262421012,,2.647229267284274,0.13606368005275726,-0.00011412089224904776,0.012740215956000611,2.227553606033325,0.25841760635375977,0.8532528877258301,0.22777217626571655,0.4935954213142395,0.36924585700035095,0.41672635078430176,0.02042897790670395,8192,0.6379029750823975,4.35684871673584,0.02563999593257904,26574848,29138,12976,811,-6.49042,0.0039000259836029726,0.00393793238181388,-4.220239794254303,-34.18045,0.011463621619623155,0.002770032138505485,-4.270630890130997,,,0.95,0.9,n2c,4.720523106099191,4.493986403156147,0.3371374495571269,0.0,-21.013134,2342.1220435525775,-6.49042
163,1784875187.1574392,,5.28,,5.28,,4.799999999999999,,4.799999999999999,,7.200000000000002,,7.200000000000002,,1.9800000000000002,,1.9800000000000002,,2.759999999999999,,2.759999999999999,,5.486368369311094,,5.251019090414047,,7.502499477937818,,2.1275027692317963,,2.831235962919891,0.05522254481911659,-0.009103840646275785,0.0038249675253609894,2.2321079075336456,0.19818346202373505,0.7835800051689148,0.14517581462860107,-0.24336273968219757,0.16052187979221344,0.47358134388923645,0.019299078732728958,8192,0.6390073299407959,4.639725208282471,0.0281567070633173,26738688,29299,13056,816,-5.898042,0.006193036324111745,0.0037171380914514883,-4.219335106015206,-29.22902,0.00966329192451667,0.0020142845292866695,-4.261764186620712,,,0.95,0.9,n2c,4.255612725175714,4.64346631076485,0.3145929271069612,0.0,-31.419384,2411.608729973987,-5.898042
164,1784875257.5031984,,5.28,,5.28,,4.799999999999999,,4.799999999999999,,7.200000000000002,,7.200000000000002,,1.9800000000000002,,1.9800000000000002,,2.759999999999999,,2.759999999999999,,4.6019536126405,,4.116122097242624,,6.613410132238641,,1.6439380790106952,,2.5518771167844534,0.10152585804462433,-0.0038631679490208626,0.01437314591021277,2.2468853816390038,0.22462239861488342,0.8619643449783325,0.13032032549381256,-0.08094286173582077,0.2997569143772125,0.44585689902305603,0.01977434754371643,8192,0.4956185817718506,3.9054598808288574,0.0319509282708168,26902528,29470,13136,821,-23.985008,0.00661895986268064,0.0032565356174018233,-4.2179655730724335,-31.904644,0.012764792918460444,0.003920381278294372,-4.258034095168114,,,0.95,0.9,n2c,4.246579077075472,4.713154752961458,0.5915776620031608,0.0,-22.44878,2329.0672003044474,-23.985008
165,1784875328.129938,,5.28,,5.28,,4.799999999999999,,4.799999999999999,,7.200000000000002,,7.200000000000002,,1.9800000000000002,,1.9800000000000002,,2.759999999999999,,2.759999999999999,,5.586312183644623,,5.064365213736892,,7.649788153357804,,2.102050604298711,,2.907970391213894,0.16720351576805115,-0.0017110786939156242,0.0399083006195724,2.266081988811493,0.2585015594959259,0.8124300241470337,0.18421153724193573,0.6987249851226807,0.475220650434494,0.32838869094848633,0.019351664930582047,8192,0.6183999180793762,4.662096977233887,0.028213972225785255,27066368,29642,13216,826,-3.3081784,0.003506329108495265,0.005180236385785975,-4.202582612633705,-48.82371,0.010364955718978308,0.0019283356465166434,-4.264373168349266,,,0.95,0.9,n2c,4.644178365248135,4.642047928259546,0.3368621417114438,0.0,-23.157196,2319.801265668866,-3.3081784
166,1784875398.1002128,,5.28,,5.28,,4.799999999999999,,4.799999999999999,,7.200000000000002,,7.200000000000002,,1.9800000000000002,,1.9800000000000002,,2.759999999999999,,2.759999999999999,,5.829568423330784,,5.5057424288243055,,7.71742395684123,,2.3515290254727006,,3.0874804379418492,0.1376112401485443,-0.0003224478459742386,0.016759831298259087,2.263565704226494,0.21470652520656586,0.8295544385910034,0.17985758185386658,0.20728738605976105,0.3653389513492584,0.32455331087112427,0.014833124354481697,8192,0.49964651465415955,4.898348808288574,0.011335392482578754,27230208,29817,13296,831,-2.113286,0.003709005562996026,0.005409111973131075,-4.199216070771217,-40.930847,0.003595690691145137,0.0023547560747829268,-4.239650872349739,,,0.95,0.9,n2c,4.456327386985028,4.382551419972673,0.36458948324202267,0.0,-12.304179,2341.5657420500524,-2.113286
167,1784875469.2384543,,5.28,,5.28,,4.799999999999999,,4.799999999999999,,7.200000000000002,,7.200000000000002,,1.9800000000000002,,1.9800000000000002,,2.759999999999999,,2.759999999999999,,5.219035567715764,,4.68625295907259,,7.054768478497863,,1.8412601565942168,,2.6447340277954936,0.1171061098575592,-0.014135209923551884,0.006817272282205522,2.2615229040384293,0.23799794912338257,0.7076990604400635,0.1899157166481018,-0.06442096829414368,0.27989333868026733,0.4429642856121063,0.017751652747392654,8192,0.674003005027771,4.289210319519043,0.050925422459840775,27394048,29987,13376,836,-29.143484,0.007500807900214568,0.0030447663099039345,-4.204866129159927,-49.41402,0.0147120416542748,0.002793790404393803,-4.251784676313401,,,0.95,0.9,n2c,4.336512092860336,4.503909574696332,0.37410783023333966,0.0,-22.463848,2303.1224281690543,-29.143484
168,1784875537.743171,,5.28,,5.28,,4.799999999999999,,4.799999999999999,,7.200000000000002,,7.200000000000002,,1.9800000000000002,,1.9800000000000002,,2.759999999999999,,2.759999999999999,,5.165348379174247,,4.526452532038093,,7.016235040035099,,2.1090040262788534,,2.804754825308919,0.08476956188678741,-0.00863257932360284,0.0068788347925874405,2.261206768453121,0.208180233836174,0.7469093203544617,0.1861463487148285,0.037582650780677795,0.22669318318367004,0.522388219833374,0.015220576897263527,8192,0.6265607476234436,4.324358940124512,0.03081817552447319,27557888,30148,13456,841,-6.871463,0.004420441164256772,0.002739267427386949,-4.195855215191841,-44.94928,0.0074792298837564886,0.002676004268869292,-4.243366864323616,,,0.95,0.9,n2c,4.316525883087784,4.3940420871791925,0.29224931130320586,0.0,-27.304546,2391.6589589026976,-6.871463
169,1784875605.4864135,,5.28,,5.28,,4.799999999999999,,4.799999999999999,,7.200000000000002,,7.200000000000002,,1.9800000000000002,,1.9800000000000002,,2.759999999999999,,2.759999999999999,,5.736111001122481,,5.111130453646183,,7.527086708694696,,2.1357052521780133,,3.064833248965442,0.1725931316614151,-0.0014345278887049062,0.03595590469194576,2.2740173637866974,0.16814568638801575,0.7415353655815125,0.13953480124473572,0.018347926437854767,0.45198872685432434,0.3075902462005615,0.011861198581755161,8192,0.6180242300033569,4.714973449707031,0.008030989207327366,27721728,30310,13536,846,-44.217968,0.008019905145920348,0.00450948450161377,-4.2452502191066745,-26.48496,0.002675675635691732,0.0032649144748575056,-4.233700057864189,,,0.95,0.9,n2c,4.35916695160241,4.737080166322661,0.5172658099416129,0.0,-38.027954,2418.544045750804,-44.217968
170,1784875674.9311728,,5.28,,5.28,,4.799999999999999,,4.799999999999999,,7.200000000000002,,7.200000000000002,,1.9800000000000002,,1.9800000000000002,,2.759999999999999,,2.759999999999999,,4.848910089582205,,4.272375068161637,,7.222767870873213,,1.865694505162537,,2.659978476818651,0.10056942701339722,-0.018518831329856766,0.003991249970567878,2.283359669148922,0.2257079929113388,0.7140721082687378,0.17105638980865479,0.010065161623060703,0.22721904516220093,0.5399269461631775,0.01686309650540352,8192,0.633500337600708,4.173945426940918,0.03671605512499809,27885568,30476,13616,851,-20.14324,0.007869644330639858,0.004990134285617387,-4.234238505363464,-20.067661,0.010919823130825535,0.004859690202283673,-4.244787338376045,,,0.95,0.9,n2c,4.800771734110759,4.703134610771613,0.3336907578086228,0.0,-31.499786,2359.285072271324,-20.14324
171,1784875744.4369519,,5.28,,5.28,,4.799999999999999,,4.799999999999999,,7.200000000000002,,7.200000000000002,,1.9800000000000002,,1.9800000000000002,,2.759999999999999,,2.759999999999999,,5.433044673874974,,4.559467414394021,,7.395129077136517,,2.0125254415906966,,2.6855454524047673,0.10071080178022385,-0.00011738928151316941,0.0049507496660226025,2.274442806839943,0.23772850632667542,0.7785846590995789,0.24543102085590363,-0.7177945375442505,0.25821653008461,0.5345106720924377,0.016132112592458725,8192,0.6716335415840149,4.417142391204834,0.039255283772945404,28049408,30639,13696,856,-4.873271,0.004233971615030896,0.005504589431075147,-4.208108961582184,-65.9037,0.014678977473522536,0.0009037660915055312,-4.246162298321724,,,0.95,0.9,n2c,4.720562626604105,4.311840537121332,0.2871193434150201,0.0,-32.41614,2357.214782090322,-4.873271
172,1784875813.4183693,,5.28,,5.28,,4.799999999999999,,4.799999999999999,,7.200000000000002,,7.200000000000002,,1.9800000000000002,,1.9800000000000002,,2.759999999999999,,2.759999999999999,,4.531629845732823,,4.139263462275267,,6.6280572335235775,,1.747716802638024,,2.507971323095262,0.059715889394283295,-0.0031082205009624886,0.00823017012589844,2.2687225937843323,0.31167417764663696,0.9348886609077454,0.2311626672744751,-0.05116421729326248,0.16805315017700195,0.32572269439697266,0.013669752515852451,8192,0.4776488244533539,3.9109280109405518,0.03707388415932655,28213248,30803,13776,861,-25.638168,0.00908773920236854,0.004188219540810678,-4.199464273452759,-27.399242,0.00532207905780524,0.0017314413184067235,-4.239152830839157,,,0.95,0.9,n2c,4.339169986205157,5.030912324771284,0.4125042141529123,0.0,-52.92489,2375.13240796732,-25.638168
173,1784875882.714674,,5.28,,5.28,,4.799999999999999,,4.799999999999999,,7.200000000000002,,7.200000000000002,,1.9800000000000002,,1.9800000000000002,,2.759999999999999,,2.759999999999999,,5.521813223138452,,5.3278637658804655,,7.679109837627038,,2.2399258706718683,,2.832243505632505,0.18617099523544312,0.0005440987879410386,0.029858977417461574,2.272300198674202,0.21024876832962036,0.6680192947387695,0.11405912041664124,0.07529278099536896,0.47159844636917114,0.40179750323295593,0.013535444624722004,8192,0.5684123039245605,4.72019100189209,0.0064919074065983295,28377088,30971,13856,866,-12.506603,0.006590790113841649,0.0044933363096788526,-4.226041719317436,-32.033733,0.0037305501384253146,0.0027329542164807206,-4.243687254190445,,,0.95,0.9,n2c,4.6839536899465815,5.276641900615081,0.4580226950604359,0.0,-24.189575,2364.3390857132495,-12.506603
174,1784875952.0522752,,5.28,,5.28,,4.799999999999999,,4.799999999999999,,7.200000000000002,,7.200000000000002,,1.9800000000000002,,1.9800000000000002,,2.759999999999999,,2.759999999999999,,5.035138374194503,,5.224805623060092,,7.032754257787019,,2.2395734223537147,,2.744822893757373,0.15922261774539948,-0.004115370611543767,0.02361474622739479,2.274016372859478,0.14010392129421234,0.847459077835083,0.08757780492305756,0.22039246559143066,0.41915544867515564,0.5172657370567322,0.014646938070654869,8192,0.6126405000686646,4.455418586730957,0.007168259005993605,28540928,31133,13936,871,-13.809979,0.0059858093096409,0.004332908678043168,-4.194851049780846,-26.101934,0.004120940820575925,0.0029148239278583787,-4.282321268320084,,,0.95,0.9,n2c,4.559094002145189,4.772749877293331,0.3155833209835112,0.0,-44.088432,2362.931306446722,-13.809979
175,1784876022.000096,,5.28,,5.28,,4.799999999999999,,4.799999999999999,,7.200000000000002,,7.200000000000002,,1.9800000000000002,,1.9800000000000002,,2.759999999999999,,2.759999999999999,,5.006157764233649,,4.625346579123288,,7.414451474323869,,1.9525669002905488,,2.7338235760107636,0.07990806549787521,8.441027603112161e-05,0.004882025328697637,2.2783773839473724,0.2211504727602005,0.8366732597351074,0.17987577617168427,-0.2786954343318939,0.18921343982219696,0.313586950302124,0.022577304393053055,8192,0.6702407002449036,4.346468925476074,0.0259737279266119,28704768,31306,14016,876,-23.296936,0.00673250115069095,0.0034833249712391988,-4.23485721051693,-47.685253,0.011812944174744188,0.001554805204796139,-4.230899631977081,,,0.95,0.9,n2c,4.481309669383245,3.8173695850466833,0.3262114499864166,0.0,-25.703342,2342.31740317334,-23.296936
176,1784876091.3977752,,5.28,,5.28,,4.799999999999999,,4.799999999999999,,7.200000000000002,,7.200000000000002,,1.9800000000000002,,1.9800000000000002,,2.759999999999999,,2.759999999999999,,5.128874852089211,,5.0653668930754066,,7.537757800891995,,2.0259893187321723,,2.8414653153158724,0.10410681366920471,-0.000312349628075026,0.00709123421984259,2.284726120531559,0.21174360811710358,0.7933844923973083,0.18409126996994019,-0.03200902044773102,0.2424861341714859,0.4496520161628723,0.017797507345676422,8192,0.6328853964805603,4.519890785217285,0.02096799574792385,28868608,31474,14096,881,-3.6335132,0.009905309313035104,0.0018255197152029722,-4.245067611336708,-43.58173,0.011677286701160482,0.0010745502455392852,-4.232749906182289,,,0.95,0.9,n2c,4.339184391972411,4.486547517548382,0.31273374101354506,0.0,-44.897636,2360.886243326913,-3.6335132
177,1784876161.3272376,,5.28,,5.28,,4.799999999999999,,4.799999999999999,,7.200000000000002,,7.200000000000002,,1.9800000000000002,,1.9800000000000002,,2.759999999999999,,2.759999999999999,,5.407951098866761,,4.852908014319837,,7.548498898744583,,2.061550068861834,,3.0185325257480145,0.3012794852256775,-0.006149596803879831,0.07296515384223312,2.2846016585826874,0.2304939180612564,0.9162903428077698,0.17672018706798553,-0.15876302123069763,0.7545520663261414,0.3344438672065735,0.025232573971152306,8192,0.6616216897964478,4.577887535095215,0.01652275212109089,29032448,31645,14176,886,-24.359522,0.009037946046737489,0.004686206318729092,-4.281010618805885,-52.93791,0.010229470347985626,0.001369068763233372,-4.232060423493385,,,0.95,0.9,n2c,4.829439929839319,4.453704357803538,0.38120722366083754,0.0,-50.00496,2342.9320230555218,-24.359522
178,1784876230.3813214,,5.28,,5.28,,4.799999999999999,,4.799999999999999,,7.200000000000002,,7.200000000000002,,1.9800000000000002,,1.9800000000000002,,2.759999999999999,,2.759999999999999,,5.548834025859833,,5.04190840292722,,6.946370574645698,,1.9500445788144134,,2.7359746894799173,0.0869440957903862,-0.021931258335825987,0.006304517803073395,2.2846586033701897,0.19523251056671143,0.6387370228767395,0.1722823530435562,0.072255939245224,0.2509287893772125,0.47067952156066895,0.02609439007937908,8192,0.648004949092865,4.444626331329346,0.014149853028357029,29196288,31806,14256,891,-34.840538,0.010108844426576979,0.0019059867277974262,-4.288777524232865,-25.085684,0.0064901396239292804,0.0022274858987657354,-4.241984412074089,,,0.95,0.9,n2c,4.245203292615492,4.607070933685983,0.367192982513595,0.0,-28.719507,2372.63304770068,-34.840538
179,1784876297.9086459,,5.28,,5.28,,4.799999999999999,,4.799999999999999,,7.200000000000002,,7.200000000000002,,1.9800000000000002,,1.9800000000000002,,2.759999999999999,,2.759999999999999,,5.424735561013222,,5.108595731668174,,7.227358272008132,,1.9361384096555412,,2.8107574356836267,0.08588652312755585,0.00012220622738823295,0.006785484707506839,2.285664364695549,0.1242733970284462,0.7266820669174194,0.11549405753612518,0.21034696698188782,0.23773379623889923,0.4064900279045105,0.019470689818263054,8192,0.6594761610031128,4.501516819000244,0.059212833642959595,29360128,31978,14336,896,-44.004074,0.011248678399715573,0.0029923392459750174,-4.232647755742073,-19.115408,0.006492901683668606,0.0030769797565881165,-4.23531681895256,,,0.95,0.9,n2c,4.787645917246674,5.26315136197767,0.3020275337084464,0.0,-43.91222,2426.277038583813,-44.004074
180,1784876367.9711838,,5.28,,5.28,,4.799999999999999,,4.799999999999999,,7.200000000000002,,7.200000000000002,,1.9800000000000002,,1.9800000000000002,,2.759999999999999,,2.759999999999999,,5.343081910163164,,5.652913972735405,,7.729900903534144,,2.186631322838366,,2.7794553078711033,0.10790123790502548,-0.0010685168526833877,0.009920865384628996,2.2844993621110916,0.1460823267698288,0.6934774518013,0.13405898213386536,-0.20762905478477478,0.2957080602645874,0.336559534072876,0.021491652354598045,8192,0.5324341058731079,4.738396644592285,0.022714413702487946,29523968,32152,14416,901,-21.703394,0.009799307899083943,0.006529993539152202,-4.233572852611542,-61.708485,0.013087187320343219,0.0034779426525346933,-4.207756462693214,,,0.95,0.9,n2c,5.012475585810462,4.465634520628731,0.2437394669714719,0.0,-31.43367,2338.4822220066026,-21.703394
181,1784876438.278422,,5.28,,5.28,,4.799999999999999,,4.799999999999999,,7.200000000000002,,7.200000000000002,,1.9800000000000002,,1.9800000000000002,,2.759999999999999,,2.759999999999999,,4.999181267688982,,4.707773154601455,,7.239352525211871,,2.0223784977570176,,2.7648260607384145,0.20831038057804108,0.00010263316380587639,0.04252714186441153,2.2820771783590317,0.16542907059192657,0.7356632947921753,0.13863229751586914,0.09299487620592117,0.5365936160087585,0.3732045292854309,0.022958071902394295,8192,0.635256290435791,4.3467020988464355,0.032143428921699524,29687808,32325,14496,906,-14.610441,0.005837233865167946,0.0043447157586342655,-4.215939167141914,-63.18911,0.014494844345608725,0.0024842633181833664,-4.1893406987190245,,,0.95,0.9,n2c,4.336824726082892,4.444596506412063,0.3671327122083083,0.0,-19.109007,2330.343602035905,-14.610441
182,1784876508.034236,,5.28,,5.28,,4.799999999999999,,4.799999999999999,,7.200000000000002,,7.200000000000002,,1.9800000000000002,,1.9800000000000002,,2.759999999999999,,2.759999999999999,,5.080080815125257,,4.5333025003783405,,7.409899419173598,,1.9637217675335705,,2.879747469443828,0.08145563304424286,-0.00965084575000219,0.01186180864169728,2.2848796993494034,0.15022538602352142,0.8306424617767334,0.1404782384634018,-0.3802439272403717,0.24950462579727173,0.4566609263420105,0.02009054645895958,8192,0.6807740330696106,4.373350143432617,0.05138244107365608,29851648,32492,14576,911,-43.809044,0.011135766642109957,0.004668306576058967,-4.223271742463112,-29.630894,0.008012813018285669,0.002704664350312669,-4.194362461566925,,,0.95,0.9,n2c,4.507111446673967,4.850652609321612,0.3366865798946699,0.0,-45.986523,2348.764497943014,-43.809044
183,1784876575.4593296,,5.28,,5.28,,4.799999999999999,,4.799999999999999,,7.200000000000002,,7.200000000000002,,1.9800000000000002,,1.9800000000000002,,2.759999999999999,,2.759999999999999,,5.637564809992909,,5.082357255741954,,7.313212344422936,,1.984785569482483,,2.894472560379654,0.10815063118934631,-0.004239715373842046,0.0060863469407195225,2.2792388945817947,0.26348376274108887,0.6594374179840088,0.2065710872411728,0.7195967435836792,0.3411443829536438,0.36215323209762573,0.021116893738508224,8192,0.6689785718917847,4.5824785232543945,0.02163643203675747,30015488,32658,14656,916,-23.441614,0.006867958777002059,0.0031977480568457393,-4.1963329911231995,-40.105343,0.005796344990085345,0.0017305701767327264,-4.18856982588768,,,0.95,0.9,n2c,4.298211860784463,4.283157440780512,0.276945172130729,0.0,-56.591137,2429.955813805159,-23.441614
184,1784876642.3588572,,5.28,,5.28,,4.799999999999999,,4.799999999999999,,7.200000000000002,,7.200000000000002,,1.9800000000000002,,1.9800000000000002,,2.759999999999999,,2.759999999999999,,4.865268910070881,,4.542336983198766,,7.180828044191003,,1.823993013240397,,2.6160373121965677,0.09263137727975845,-0.002108466738718562,0.008972860392532311,2.282617263495922,0.19293606281280518,0.902263879776001,0.157191663980484,-0.21715404093265533,0.24549032747745514,0.40651601552963257,0.023890383541584015,8192,0.6344830989837646,4.205692768096924,0.06657088547945023,30179328,32826,14736,921,-39.527935,0.011094192942255176,0.002119285873777699,-4.197522053122521,-35.96879,0.013677507320244331,0.00399153831822332,-4.163242569565773,,,0.95,0.9,n2c,4.32236970462374,4.2746115149931425,0.2678604392104752,0.0,-51.320843,2449.0460728262146,-39.527935
185,1784876711.7024453,,5.28,,5.28,,4.799999999999999,,4.799999999999999,,7.200000000000002,,7.200000000000002,,1.9800000000000002,,1.9800000000000002,,2.759999999999999,,2.759999999999999,,4.824698522686958,,3.968285079114139,,6.559482848271728,,1.7863627520855516,,2.825292062945664,0.04717090725898743,-0.0030470428755506873,0.0014991515618021367,2.2895229011774063,0.18655431270599365,0.7606348991394043,0.14456510543823242,0.19633939862251282,0.1240001767873764,0.43688902258872986,0.024367375299334526,8192,0.5253681540489197,3.992824077606201,0.024036774411797523,30343168,32991,14816,926,-14.587027,0.007754491169180255,0.003963413054589182,-4.1711516916751865,-65.57268,0.015932978253113107,0.0025118368881521746,-4.139575564861298,,,0.95,0.9,n2c,4.555377615194082,4.207774053938449,0.38524995976593546,0.0,-43.96863,2362.7270929214287,-14.587027
186,1784876780.2285442,,5.28,,5.28,,4.799999999999999,,4.799999999999999,,7.200000000000002,,7.200000000000002,,1.9800000000000002,,1.9800000000000002,,2.759999999999999,,2.759999999999999,,5.476922269910574,,4.7187957894057035,,7.071333613246679,,2.0672469697892666,,2.853689321258571,0.11399553716182709,-0.001628263620659709,0.013412776199402288,2.2821898832917213,0.1599370688199997,0.9215843081474304,0.13549953699111938,0.2031540870666504,0.3064832091331482,0.32543015480041504,0.020255738869309425,8192,0.6625521779060364,4.43759822845459,0.02668299525976181,30507008,33156,14896,931,-18.26764,0.008701684369589202,0.002671961730811745,-4.20187176167965,-62.316303,0.010566461741109378,0.0027118497935589405,-4.1691565990448,,,0.95,0.9,n2c,4.654524332057044,4.9000544181277785,0.2447172472151135,0.0,-43.24183,2390.913894054027,-18.26764
187,1784876848.4113345,,5.28,,5.28,,4.799999999999999,,4.799999999999999,,7.200000000000002,,7.200000000000002,,1.9800000000000002,,1.9800000000000002,,2.759999999999999,,2.759999999999999,,5.211381572298706,,4.708191491663456,,7.207152703776956,,1.8631864157505333,,2.823111220728606,0.0703488141298294,-0.0032374277943745255,0.00729007236805046,2.2746371775865555,0.22145338356494904,0.7903915047645569,0.15561144053936005,0.10029010474681854,0.20654670894145966,0.36845117807388306,0.02015869878232479,8192,0.7093267440795898,4.36260461807251,0.02573256939649582,30670848,33318,14976,936,-11.29222,0.006365925226418767,0.0027228884791838937,-4.216182899475098,-30.736532,0.009345284481241833,0.0027733132388675585,-4.182043981552124,,,0.95,0.9,n2c,4.572718321369586,4.264037541696858,0.3012536227420234,0.0,-44.596302,2402.9523738001403,-11.29222
188,1784876915.9568887,,5.28,,5.28,,4.799999999999999,,4.799999999999999,,7.200000000000002,,7.200000000000002,,1.9800000000000002,,1.9800000000000002,,2.759999999999999,,2.759999999999999,,5.677784786865232,,5.020996909588575,,7.270161768421531,,2.075832065427676,,2.7994616143405437,0.11371775716543198,-0.002420927688945085,0.007000692759902449,2.275660000741482,0.27881431579589844,0.9484531879425049,0.19487696886062622,-0.20939108729362488,0.3213109076023102,0.3041674494743347,0.014810560271143913,8192,0.6713802218437195,4.56884765625,0.01306422520428896,30834688,33488,15056,941,-15.445642,0.0063230197702068835,0.002413390796573367,-4.26375048160553,-20.156796,0.009558263984217774,0.0010184103753999806,-4.239697068929672,,,0.95,0.9,n2c,4.359568756216415,3.8918767794449733,0.23783016257859133,0.0,-41.99972,2425.622296142287,-15.445642
189,1784876985.2838094,,5.28,,5.28,,4.799999999999999,,4.799999999999999,,7.200000000000002,,7.200000000000002,,1.9800000000000002,,1.9800000000000002,,2.759999999999999,,2.759999999999999,,4.9362469501793385,,4.427294026594609,,7.274208893999457,,2.0243312283419073,,2.6269664131104946,0.09861476719379425,-0.0013692829379579052,0.008331578224897385,2.2952274456620216,0.11620695143938065,0.7518962621688843,0.06784787774085999,0.14979268610477448,0.2765083611011505,0.302135705947876,0.01743495650589466,8192,0.6613155007362366,4.257809638977051,0.01952688954770565,30998528,33650,15136,946,-23.664555,0.010637782329285982,0.0021169979911064727,-4.2507444560527805,-29.799953,0.004326693460461684,0.0048002016701502725,-4.267541205883026,,,0.95,0.9,n2c,3.8082892435034736,5.112507947638962,0.28837394666194394,0.0,-35.253857,2363.2954782452757,-23.664555
190,1784877056.3808076,,5.28,,5.28,,4.799999999999999,,4.799999999999999,,7.200000000000002,,7.200000000000002,,1.9800000000000002,,1.9800000000000002,,2.759999999999999,,2.759999999999999,,4.620464573148638,,4.887249064995558,,7.153900397825055,,1.810498708160594,,2.6695474325679243,0.1544235795736313,-0.004794680105987936,0.010124572640052065,2.3022284731268883,0.2522144317626953,0.8120307326316833,0.32350724935531616,-0.11181623488664627,0.36343812942504883,0.4585169851779938,0.030962064862251282,8192,0.5984973907470703,4.228331565856934,0.028174977749586105,31162368,33821,15216,951,-28.00119,0.009166578939766624,0.004236845977720805,-4.283244043588638,-41.812004,0.01602378230309114,0.004259987453406211,-4.270851889252663,,,0.95,0.9,n2c,4.728512465024872,4.565263348835519,0.27337021260466854,0.0,-43.997,2304.4573905754432,-28.00119
191,1784877124.561956,,5.28,,5.28,,4.799999999999999,,4.799999999999999,,7.200000000000002,,7.200000000000002,,1.9800000000000002,,1.9800000000000002,,2.759999999999999,,2.759999999999999,,5.209568226709962,,4.693993559107184,,6.747792629525065,,1.7973277946002781,,2.6857949113473296,0.10601058602333069,-0.002326128334971145,0.007111699909728486,2.3033697605133057,0.16983121633529663,0.8920913934707642,0.12767072021961212,0.2827126979827881,0.28554385900497437,0.2488028109073639,0.01163644902408123,8192,0.6574023962020874,4.226895332336426,0.03893636539578438,31326208,33988,15296,956,-31.34512,0.006143837503623217,0.0020674375249654987,-4.270558461546898,-28.138195,0.005790700964280404,0.0004380986822070554,-4.2963902950286865,,,0.95,0.9,n2c,4.410075287099277,4.6658430829196345,0.27886248392991525,0.0,-43.083275,2403.010239639391,-31.34512
192,1784877193.5096178,,5.28,,5.28,,4.799999999999999,,4.799999999999999,,7.200000000000002,,7.200000000000002,,1.9800000000000002,,1.9800000000000002,,2.759999999999999,,2.759999999999999,,4.914513201452792,,4.557283193804324,,7.181367842014879,,1.6870797155424953,,2.717152925208211,0.1629454493522644,-0.0040769766601442825,0.022816715005319566,2.3091714084148407,0.27177122235298157,0.8889743089675903,0.4036523103713989,0.20591694116592407,0.4174017608165741,0.4675467014312744,0.017498822882771492,8192,0.6307679414749146,4.211479187011719,0.045760754495859146,31490048,34162,15376,961,-23.912226,0.008872073555539827,0.0032899427285883577,-4.231842476129532,-67.834335,0.018976202193880454,0.0012983870663447305,-4.311704188585281,,,0.95,0.9,n2c,4.517437905099792,4.876140141561075,0.2982724687635914,0.0,-51.758453,2376.2952183519114,-23.912226
193,1784877262.7524846,,5.28,,5.28,,4.799999999999999,,4.799999999999999,,7.200000000000002,,7.200000000000002,,1.9800000000000002,,1.9800000000000002,,2.759999999999999,,2.759999999999999,,4.471523184329271,,4.162401327863336,,6.66080576274544,,1.7588623622432351,,2.4142939844168723,0.052074600011110306,-0.0013430844410322607,0.005643144220812246,2.314270168542862,0.18995881080627441,0.8563703894615173,0.14391696453094482,-0.10480337589979172,0.14854995906352997,0.33411553502082825,0.018371155485510826,8192,0.4682520925998688,3.8935770988464355,0.024450598284602165,31653888,34331,15456,966,-13.040602,0.0069296285815653395,0.002881032299774233,-4.235538071393966,-38.3323,0.007063601940171793,0.0015954551818140317,-4.248046976327896,,,0.95,0.9,n2c,4.539611225647246,5.145771171477908,0.4724447701527277,0.0,-30.829266,2366.1659108219674,-13.040602
194,1784877329.9425683,,5.28,,5.28,,4.799999999999999,,4.799999999999999,,7.200000000000002,,7.200000000000002,,1.9800000000000002,,1.9800000000000002,,2.759999999999999,,2.759999999999999,,5.337417054921389,,4.94336257269606,,7.241928406059742,,1.7534920619800687,,2.641970570955891,0.05534312501549721,-0.001978208218133659,0.004263962822733447,2.3190626055002213,0.1658339947462082,0.7685529589653015,0.15056739747524261,0.11008209735155106,0.1557929664850235,0.39882692694664,0.020291484892368317,8192,0.6506415605545044,4.383634090423584,0.02067713811993599,31817728,34502,15536,971,-11.168269,0.006816148631332908,0.004806474771612557,-4.265647819638252,-58.635406,0.014328304413356818,0.002052635646396084,-4.23501258790493,,,0.95,0.9,n2c,4.615532147151109,4.545294521736668,0.2768999184588727,0.0,-45.056602,2438.4534053159364,-11.168269
195,1784877398.7513254,,5.28,,5.28,,4.799999999999999,,4.799999999999999,,7.200000000000002,,7.200000000000002,,1.9800000000000002,,1.9800000000000002,,2.759999999999999,,2.759999999999999,,6.09676606580615,,5.296856245025992,,7.537944260169752,,2.1778536876663566,,2.921597301028669,0.0599452443420887,-0.009419532783795148,0.008513811311786412,2.322340838611126,0.26358091831207275,0.9387023448944092,0.2583956718444824,-0.07384400069713593,0.19819556176662445,0.19441258907318115,0.014476381242275238,8192,0.5473037362098694,4.806203365325928,0.02804337814450264,31981568,34681,15616,976,-9.696985,0.007362806391029153,0.0038221509690629317,-4.296661934256553,-45.3951,0.006806583800062072,0.0033584988632355817,-4.231601616740226,,,0.95,0.9,n2c,4.4164800869341025,4.675138828457947,0.3974243586550976,0.0,-38.766617,2381.0934431123346,-9.696985
196,1784877464.645809,,5.28,,5.28,,4.799999999999999,,4.799999999999999,,7.200000000000002,,7.200000000000002,,1.9800000000000002,,1.9800000000000002,,2.759999999999999,,2.759999999999999,,5.437475772574544,,4.9834091775119305,,7.019778576446697,,1.8192583295312943,,2.6910838978365064,0.15216179192066193,-0.006774597844923846,0.017449729173677042,2.3286687284708023,0.13180755078792572,0.8329013586044312,0.10519078373908997,-0.6587892770767212,0.40112200379371643,0.3706968426704407,0.019560832530260086,8192,0.662994921207428,4.390201091766357,0.03360623121261597,32145408,34845,15696,981,-39.54444,0.01171628367737867,0.0027444125298643485,-4.302013278007507,-39.843536,0.00766364048467949,0.0035576583482907153,-4.283227160573006,,,0.95,0.9,n2c,4.383942224109343,4.669768838051796,0.24697636307211834,0.0,-65.074585,2486.3980503140147,-39.54444
197,1784877530.3351705,,5.28,,5.28,,4.799999999999999,,4.799999999999999,,7.200000000000002,,7.200000000000002,,1.9800000000000002,,1.9800000000000002,,2.759999999999999,,2.759999999999999,,5.604911728296429,,5.3145658280700445,,7.538876267615706,,2.1080336014274508,,2.998733547050506,0.08663410693407059,-0.0010050018317997456,0.0053777492576045915,2.331019550561905,0.32520437240600586,0.8157474994659424,0.32961124181747437,0.14180786907672882,0.2237248718738556,0.3453480005264282,0.018317945301532745,8192,0.6088501214981079,4.713024139404297,0.041309911757707596,32309248,35011,15776,986,-7.8058496,0.008421795285539702,0.0035197086748667062,-4.302847525477409,-55.32318,0.010084336313593668,0.0014624426963564473,-4.29137151837349,,,0.95,0.9,n2c,4.552056252947755,4.140959808065075,0.30422810216703133,0.0,-67.42787,2494.1633370394056,-7.8058496
198,1784877596.12335,,5.28,,5.28,,4.799999999999999,,4.799999999999999,,7.200000000000002,,7.200000000000002,,1.9800000000000002,,1.9800000000000002,,2.759999999999999,,2.759999999999999,,4.812917603179812,,4.1489793616347015,,6.399624280631542,,1.6025317362509668,,2.548233538866043,0.0747133195400238,-0.0029020234069321305,0.0027279753849143162,2.335303135216236,0.15791696310043335,0.8204208612442017,0.1410907655954361,0.14419321715831757,0.18402987718582153,0.480917751789093,0.019364511594176292,8192,0.4645708501338959,3.9024577140808105,0.04715670645236969,32473088,35175,15856,991,-18.31532,0.008925791524234228,0.004692715507553657,-4.2849651038646694,-41.968967,0.010309009611955845,0.0023900716434582135,-4.313983228802681,,,0.95,0.9,n2c,4.383340277903189,5.165797112308921,0.33583378214435755,0.0,-60.59339,2490.41848212933,-18.31532
199,1784877665.442244,,5.28,,5.28,,4.799999999999999,,4.799999999999999,,7.200000000000002,,7.200000000000002,,1.9800000000000002,,1.9800000000000002,,2.759999999999999,,2.759999999999999,,5.971800643950701,,5.605228105683636,,7.632528690621257,,2.162903563817963,,2.9561243256903253,0.11008104681968689,0.00034477310327929445,0.005113737992360257,2.3336993530392647,0.2069684863090515,0.8657495975494385,0.1564134955406189,0.006205717101693153,0.3154437839984894,0.31290504336357117,0.014408426359295845,8192,0.4665707051753998,4.865716457366943,0.024346480146050453,32636928,35352,15936,996,-45.468925,0.01216046478948556,0.0034083867925801315,-4.264303907752037,-25.661749,0.0057186549442121756,0.0031538389346678743,-4.280446153879166,,,0.95,0.9,n2c,4.582224669558336,5.139211479281114,0.32464994430835625,0.0,-30.586212,2363.5679760849343,-45.468925
200,1784877733.7763622,,5.28,,5.28,,4.799999999999999,,4.799999999999999,,7.200000000000002,,7.200000000000002,,1.9800000000000002,,1.9800000000000002,,2.759999999999999,,2.759999999999999,,5.415622630156577,,4.761812839657068,,7.1571616400033236,,2.002501158742234,,2.788366539985873,0.11598481237888336,-0.016026799312385265,0.007848528199247085,2.3356186375021935,0.1607149839401245,0.7861257195472717,0.12954698503017426,0.08885128796100616,0.2804624140262604,0.4077727496623993,0.017621750012040138,8192,0.7064841985702515,4.425093173980713,0.044080302119255066,32800768,35522,16016,1001,-19.714024,0.01050383526890073,0.00371601455117343,-4.221133697032928,-33.220627,0.015615082674776204,0.0030388284616492457,-4.287093529105187,,,0.95,0.9,n2c,4.632271485160108,4.9105560188645,0.4247748263902882,0.0,-31.988928,2397.630846942833,-19.714024
201,1784877800.2153385,,5.28,,5.28,,4.799999999999999,,4.799999999999999,,7.200000000000002,,7.200000000000002,,1.9800000000000002,,1.9800000000000002,,2.759999999999999,,2.759999999999999,,5.006696671247482,,4.593823672272265,,7.279650683514774,,1.8603575548622757,,2.509443348273635,0.2542417347431183,-0.0010599223096505739,0.05067019327543676,2.335293598473072,0.2256782352924347,0.8159615993499756,0.1738990843296051,0.6349660158157349,0.6264612674713135,0.36243462562561035,0.0191921666264534,8192,0.6463524103164673,4.24999475479126,0.07281828671693802,32964608,35694,16096,1006,-15.413365,0.007554276066366583,0.0026279328129021453,-4.245831388235092,-74.69978,0.013808586492086761,0.0020597035691025667,-4.268069884181022,,,0.95,0.9,n2c,4.5053408628787945,5.072906029150301,0.32903168846111036,0.0,-44.376125,2466.0223334333195,-15.413365
202,1784877868.2347653,,5.28,,5.28,,4.799999999999999,,4.799999999999999,,7.200000000000002,,7.200000000000002,,1.9800000000000002,,1.9800000000000002,,2.759999999999999,,2.759999999999999,,4.9856369169428945,,4.429754706376116,,7.376212847419083,,1.8242786712944508,,2.7405887646600604,0.06145801395177841,-0.005044659088525805,0.001057045523339184,2.341600127518177,0.16243988275527954,0.7867858409881592,0.14380741119384766,-0.0873207151889801,0.15055927634239197,0.23842813074588776,0.01487346738576889,8192,0.6519270539283752,4.271294593811035,0.029846232384443283,33128448,35868,16176,1011,-18.729544,0.007959265385579783,0.003634357915143482,-4.259066051244735,-43.395386,0.007444572367239744,0.0012342216083197854,-4.241136986017227,,,0.95,0.9,n2c,4.468285140415658,4.744344062711878,0.29042447542509553,0.0,-50.236134,2408.723852868242,-18.729544
203,1784877937.5805404,,5.28,,5.28,,4.799999999999999,,4.799999999999999,,7.200000000000002,,7.200000000000002,,1.9800000000000002,,1.9800000000000002,,2.759999999999999,,2.759999999999999,,4.669529931619763,,4.3925005700439215,,6.581565296277404,,1.8106685446109623,,2.7382095977663994,0.1254194676876068,0.00016338066780008376,0.004802269642823376,2.344362147152424,0.18102017045021057,0.8306499123573303,0.12464810162782669,-0.28277912735939026,0.32589277625083923,0.39778581261634827,0.022491417825222015,8192,0.5787142515182495,4.038495063781738,0.031236030161380768,33292288,36034,16256,1016,-11.010086,0.006596020491269883,0.002145091798593057,-4.2953712940216064,-37.452663,0.010909309235285037,0.002072468314145226,-4.282406279444695,,,0.95,0.9,n2c,4.05840261343468,4.6305284615462785,0.2706080190238841,0.0,-43.63287,2362.6527231383993,-11.010086
204,1784878004.6956227,,5.28,,5.28,,4.799999999999999,,4.799999999999999,,7.200000000000002,,7.200000000000002,,1.9800000000000002,,1.9800000000000002,,2.759999999999999,,2.759999999999999,,5.272225839900784,,4.740802139043808,,7.417018281877972,,2.0656591881997883,,3.0424332309048623,0.16314417123794556,-0.0011774803570006043,0.016784011415438727,2.349101923406124,0.19128915667533875,0.8321042060852051,0.16253603994846344,-0.2491043657064438,0.3926401734352112,0.3278377950191498,0.014200730249285698,8192,0.6369224786758423,4.507627964019775,0.05470358207821846,33456128,36206,16336,1021,-4.437256,0.005987820246082265,0.00322017032885924,-4.2841991752386095,-39.31994,0.009450011803710367,0.0013710422994336114,-4.243389901518822,,,0.95,0.9,n2c,4.21289337219619,4.9975271700443304,0.3265606640320953,0.0,-45.23449,2441.1804544095776,-4.437256
205,1784878071.8285823,,5.28,,5.28,,4.799999999999999,,4.799999999999999,,7.200000000000002,,7.200000000000002,,1.9800000000000002,,1.9800000000000002,,2.759999999999999,,2.759999999999999,,5.011710342019796,,5.242313964292407,,7.567327338969335,,2.0140652409754694,,2.798883674578974,0.0916924923658371,-0.002364346233662218,0.009274422445741948,2.3574395924806595,0.6276177167892456,0.7224650979042053,0.6971292495727539,0.2913375794887543,0.25057706236839294,0.3701794445514679,0.017480717971920967,8192,0.6361480951309204,4.526860237121582,0.1865120232105255,33619968,36379,16416,1026,-12.234863,0.008465536613948643,0.0022582985882763753,-4.303944253921509,-62.00167,0.015113634269800969,0.0033128023416793438,-4.2533523589372635,,,0.95,0.9,n2c,4.174470781917637,6.385936263639037,0.27310670106499524,0.0,-37.741493,2440.5297127155923,-12.234863
206,1784878139.205649,,5.28,,5.28,,4.799999999999999,,4.799999999999999,,7.200000000000002,,7.200000000000002,,1.9800000000000002,,1.9800000000000002,,2.759999999999999,,2.759999999999999,,4.946459741331637,,4.336742518469691,,6.794700384536554,,1.837671373039484,,2.630507519003004,0.03770420327782631,-0.0068888179084751755,0.001132027033236227,2.359948508441448,0.11777062714099884,0.7782761454582214,0.11867578327655792,-0.20891229808330536,0.0911211222410202,0.27168411016464233,0.016785316169261932,8192,0.612890899181366,4.10921573638916,0.09747659415006638,33783808,36549,16496,1031,-18.302328,0.008847218792652711,0.001520214533957187,-4.261467015743255,-30.491705,0.010230936500011011,0.0020202708925353362,-4.273745042085648,,,0.95,0.9,n2c,4.194057726316286,5.58084519548268,0.2905680941051916,0.0,-49.245678,2431.688106028393,-18.302328
207,1784878207.3117883,,5.28,,5.28,,4.799999999999999,,4.799999999999999,,7.200000000000002,,7.200000000000002,,1.9800000000000002,,1.9800000000000002,,2.759999999999999,,2.759999999999999,,5.345347905997187,,4.672836046665907,,7.288465189747512,,1.9764069318771362,,2.6641983576118946,0.09182900190353394,-0.0007072462067299057,0.00654159265832277,2.375191368162632,0.20951339602470398,0.8631718754768372,0.1605018675327301,-0.028369933366775513,0.22186636924743652,0.28395724296569824,0.012780064716935158,8192,0.6563518047332764,4.389451026916504,0.015198488719761372,33947648,36714,16576,1036,-4.599321,0.006585377940791659,0.0038558847867534497,-4.2872759133577345,-44.61936,0.008005821004917379,0.0014122271095402539,-4.245929807424545,,,0.95,0.9,n2c,4.347077639909204,4.110952863501379,0.26308079531886275,0.0,-51.02754,2405.6566869165017,-4.599321
208,1784878277.2342343,,5.28,,5.28,,4.799999999999999,,4.799999999999999,,7.200000000000002,,7.200000000000002,,1.9800000000000002,,1.9800000000000002,,2.759999999999999,,2.759999999999999,,5.155701563693583,,4.31924258248182,,7.275996378622949,,1.8257737078238279,,2.6366254994645715,0.11622746288776398,0.00021696500334655866,0.01078955658886116,2.3731382712721825,0.19538892805576324,0.838455319404602,0.23766160011291504,0.2958179712295532,0.2880750000476837,0.3711126446723938,0.020121052861213684,8192,0.6267104148864746,4.2426676750183105,0.12811285257339478,34111488,36880,16656,1041,-34.99996,0.01227908740984276,0.001211806458013598,-4.267634776234627,-35.89022,0.011963197943987324,0.0025392349096364343,-4.272131013870239,,,0.95,0.9,n2c,3.97050179162056,5.522943242597762,0.3337965449906409,0.0,-34.86605,2343.1681914628493,-34.99996
209,1784878346.7340178,,5.28,,5.28,,4.799999999999999,,4.799999999999999,,7.200000000000002,,7.200000000000002,,1.9800000000000002,,1.9800000000000002,,2.759999999999999,,2.759999999999999,,5.005162106826901,,4.345132683869451,,6.521390480920672,,1.7643413878977299,,2.4782714114699047,0.10331034660339355,-0.0027054761740146205,0.004592790974129457,2.3686806559562683,0.22479122877120972,0.8837523460388184,0.13813599944114685,-0.21619975566864014,0.24178530275821686,0.40560096502304077,0.024138297885656357,8192,0.5452890992164612,4.022859573364258,0.03565434738993645,34275328,37050,16736,1046,-21.839848,0.009059561177855358,0.00200424563663546,-4.248368123173714,-35.448082,0.008263353834627197,0.0026652332835510606,-4.244866839051246,,,0.95,0.9,n2c,3.875984037377239,5.0261440312209835,0.2900095220915711,0.0,-14.485126,2357.416540218608,-21.839848
210,1784878415.9837406,,5.28,,5.28,,4.799999999999999,,4.799999999999999,,7.200000000000002,,7.200000000000002,,1.9800000000000002,,1.9800000000000002,,2.759999999999999,,2.759999999999999,,4.9161682687699795,,4.529680885054404,,6.859008266590536,,1.8901161531393882,,2.617104346398264,0.10872862488031387,-0.005066893383627757,0.013929118256783113,2.377187207341194,0.2477571964263916,0.8562222719192505,0.24195575714111328,-0.22406898438930511,0.29458367824554443,0.3678171932697296,0.02105756662786007,8192,0.6450909376144409,4.162415504455566,0.02308131568133831,34439168,37218,16816,1051,-20.001804,0.010351440848899074,0.003717569075524807,-4.226999887824059,-22.52972,0.0046679348582983945,0.0019836257211863994,-4.272683328390121,,,0.95,0.9,n2c,4.278107845102111,4.944407478010559,0.29949586248389465,0.0,-31.30907,2365.9300539446767,-20.001804
211,1784878485.1063123,,5.28,,5.28,,4.799999999999999,,4.799999999999999,,7.200000000000002,,7.200000000000002,,1.9800000000000002,,1.9800000000000002,,2.759999999999999,,2.759999999999999,,5.099837741814554,,4.142316813580692,,6.816815637052059,,1.97130346018821,,2.5316750202327967,0.12362556159496307,0.0002738992916420102,0.015714619468781166,2.3782877400517464,0.2031615823507309,0.6815354824066162,0.1808764785528183,0.145337775349617,0.31863272190093994,0.38871151208877563,0.020912356674671173,8192,0.5865470767021179,4.11238956451416,0.008694474585354328,34603008,37382,16896,1056,-1.470331,0.006789486644265708,0.0034107344734366054,-4.16928334236145,-24.735022,0.003803212967613945,0.0011389812978450208,-4.252935445308685,,,0.95,0.9,n2c,4.233921004208762,4.815521801415094,0.30299334715429893,0.0,-22.601444,2370.2823594747274,-1.470331
212,1784878554.1223247,,5.28,,5.28,,4.799999999999999,,4.799999999999999,,7.200000000000002,,7.200000000000002,,1.9800000000000002,,1.9800000000000002,,2.759999999999999,,2.759999999999999,,5.456067678518593,,4.928071043454111,,6.6844691736623645,,2.0056900354102254,,2.7558474172838032,0.11463363468647003,-0.0007562701357528567,0.019761030504014343,2.384183943271637,0.2126815915107727,0.7128128409385681,0.19755464792251587,0.22830089926719666,0.3373529613018036,0.3784598112106323,0.014754878357052803,8192,0.6516978144645691,4.366028785705566,0.01908339187502861,34766848,37543,16976,1061,-19.037582,0.008108844964590389,0.002920115654706024,-4.202661773562431,-40.826458,0.00891645671799779,0.003050614408857655,-4.2562664270401,,,0.95,0.9,n2c,4.113139580244939,4.367290195587012,0.3159717829469021,0.0,-30.22811,2373.941835453067,-19.037582
213,1784878623.03801,,5.28,,5.28,,4.799999999999999,,4.799999999999999,,7.200000000000002,,7.200000000000002,,1.9800000000000002,,1.9800000000000002,,2.759999999999999,,2.759999999999999,,4.824513235129416,,4.5423001274466515,,6.7374781453982,,1.8254128713160753,,2.6641247318475507,0.15092068910598755,-0.01136527382186614,0.012981491308892146,2.3784519731998444,0.1939559429883957,0.8362118601799011,0.18825016915798187,-0.23261219263076782,0.3710973858833313,0.4173157215118408,0.01795603707432747,8192,0.6146253347396851,4.118765830993652,0.12705226242542267,34930688,37709,17056,1066,-10.920821,0.007338850434462074,0.003594446727947798,-4.177433639764786,-34.306747,0.014164139641798102,0.003789112631784519,-4.207151985168457,,,0.95,0.9,n2c,4.492006904949872,5.467407206747215,0.369585820611691,0.0,-32.896805,2377.397739127117,-10.920821
214,1784878690.6964967,,5.28,,5.28,,4.799999999999999,,4.799999999999999,,7.200000000000002,,7.200000000000002,,1.9800000000000002,,1.9800000000000002,,2.759999999999999,,2.759999999999999,,4.782861552550457,,4.452502874657512,,6.862166710197926,,1.8289483552798629,,2.539958668872714,0.14536498486995697,-0.0033499336568638682,0.012803470468497835,2.3827065899968147,0.16394095122814178,0.78924959897995,0.1401444673538208,0.010925774462521076,0.3734789192676544,0.4368917942047119,0.01858697086572647,8192,0.6336039304733276,4.093287944793701,0.0487838052213192,35094528,37870,17136,1071,-3.7206757,0.006208834734570701,0.004921039352484513,-4.164042496681214,-41.178722,0.008901485815295018,0.0018249237269628792,-4.209215322136879,,,0.95,0.9,n2c,4.406477291867195,4.264379423347886,0.3175712575760093,0.0,-31.107777,2421.5736467453926,-3.7206757
215,1784878758.0057213,,5.28,,5.28,,4.799999999999999,,4.799999999999999,,7.200000000000002,,7.200000000000002,,1.9800000000000002,,1.9800000000000002,,2.759999999999999,,2.759999999999999,,4.690926258452237,,4.7163431933149695,,6.589696002192795,,1.8865556677337736,,2.6530056355986744,0.13100580871105194,-0.007997633190825582,0.01447859697509557,2.3872521370649338,0.14781546592712402,0.8454656600952148,0.13660888373851776,0.011922229081392288,0.32811519503593445,0.5054532289505005,0.019462235271930695,8192,0.5908028483390808,4.107305526733398,0.021501269191503525,35258368,38033,17216,1076,-30.862738,0.01009581603575498,0.002046004040312255,-4.121300834417343,-38.326145,0.006298775375762488,0.0019865930662490427,-4.1822196543216705,,,0.95,0.9,n2c,3.722461180039179,4.559416921715295,0.27701896856621194,0.0,-36.22566,2434.140195669435,-30.862738
216,1784878824.9536452,,5.28,,5.28,,4.799999999999999,,4.799999999999999,,7.200000000000002,,7.200000000000002,,1.9800000000000002,,1.9800000000000002,,2.759999999999999,,2.759999999999999,,5.368017026339658,,4.698176214471459,,7.106264086440206,,2.0112159044510918,,2.7725355830043554,0.10121498256921768,-0.005690670062904246,0.00921932896017097,2.3880948647856712,0.09403121471405029,0.8311933875083923,0.07679042965173721,-0.055815815925598145,0.29017341136932373,0.37832316756248474,0.01752694509923458,8192,0.6986335515975952,4.391241073608398,0.10702306032180786,35422208,38199,17296,1081,-12.066309,0.006408645120973233,0.003727765700023156,-4.12596592605114,-28.254444,0.009177091733727138,0.001148515017121099,-4.179140082001686,,,0.95,0.9,n2c,4.497527939960057,4.76749588179949,0.2475134287221989,0.0,-42.650097,2447.273702280708,-12.066309
217,1784878892.3616397,,5.28,,5.28,,4.799999999999999,,4.799999999999999,,7.200000000000002,,7.200000000000002,,1.9800000000000002,,1.9800000000000002,,2.759999999999999,,2.759999999999999,,5.636674880050123,,4.919224843848497,,7.336163523839787,,2.029113189113559,,2.874142420012504,0.1311589777469635,-0.022205430665053427,0.01826056552818045,2.389830231666565,0.16527394950389862,0.9427430033683777,0.16747866570949554,-0.4596988558769226,0.3667616844177246,0.5477567911148071,0.022615522146224976,8192,0.6551438570022583,4.559063911437988,0.062368378043174744,35586048,38371,17376,1086,-42.903316,0.015409228391945362,0.0033238421914575157,-4.173665165901184,-28.584484,0.011796790745574982,0.0018374963678070345,-4.1720476150512695,,,0.95,0.9,n2c,4.536551684105805,4.845958074424752,0.38268638458379733,0.0,-43.205315,2430.572347327784,-42.903316
218,1784878961.0496898,,5.28,,5.28,,4.799999999999999,,4.799999999999999,,7.200000000000002,,7.200000000000002,,1.9800000000000002,,1.9800000000000002,,2.759999999999999,,2.759999999999999,,4.6965633518993855,,4.275402972474694,,6.890140880830586,,1.623457814566791,,2.61311293579638,0.109502874314785,-0.015048220950120594,0.004662405626731925,2.394457168877125,0.2372342348098755,0.7698900699615479,0.22133731842041016,0.6289066076278687,0.2520204186439514,0.4176258444786072,0.01665121503174305,8192,0.5933439135551453,4.019735813140869,0.13158710300922394,35749888,38540,17456,1091,-9.28098,0.01156839695177041,0.0025988893961766736,-4.2065304011106495,-26.784586,0.010253964146249928,0.0026785109934280627,-4.201544818282128,,,0.95,0.9,n2c,4.434191128358133,5.669900482801642,0.26270226005859454,0.0,-41.22329,2385.276562725613,-9.28098
219,1784879031.803706,,5.28,,5.28,,4.799999999999999,,4.799999999999999,,7.200000000000002,,7.200000000000002,,1.9800000000000002,,1.9800000000000002,,2.759999999999999,,2.759999999999999,,5.1550505354534835,,5.020920693874359,,7.28939083404839,,1.9397340234718286,,2.6107688429765403,0.2552923858165741,-0.00247825680708047,0.024263706378405914,2.4013847038149834,0.1678067445755005,0.8409184217453003,0.13249677419662476,-0.0475747212767601,0.6518213152885437,0.4162902235984802,0.018455635756254196,8192,0.6637821197509766,4.403172969818115,0.030307764187455177,35913728,38701,17536,1096,-19.191505,0.00954435782332439,0.0038059370337578,-4.177501165866852,-35.376823,0.005955460362019949,0.0009555497221299447,-4.208830234408379,,,0.95,0.9,n2c,4.172561342854891,4.104219007668405,0.34599403514108507,0.0,-27.568262,2315.6300761342145,-19.191505
220,1784879100.9595323,,5.28,,5.28,,4.799999999999999,,4.799999999999999,,7.200000000000002,,7.200000000000002,,1.9800000000000002,,1.9800000000000002,,2.759999999999999,,2.759999999999999,,5.4684672728180885,,4.8156073512509465,,7.154277884634212,,2.077034796937369,,3.020631015278923,0.08573788404464722,-0.012427136100995995,0.0038148884268593974,2.406031034886837,0.18928393721580505,0.8475574254989624,0.17856360971927643,-0.5406916737556458,0.20459602773189545,0.3274713456630707,0.018432091921567917,8192,0.651656985282898,4.507203578948975,0.03317084535956383,36077568,38874,17616,1101,-25.437094,0.010306399632827378,0.0005027037943364121,-4.13759209215641,-32.51377,0.00813132426555967,0.0016845829071826302,-4.184669452905655,,,0.95,0.9,n2c,4.409177230033358,4.747389558889781,0.28941908037581326,0.0,-32.66292,2369.140553622281,-25.437094
221,1784879168.5394168,,5.28,,5.28,,4.799999999999999,,4.799999999999999,,7.200000000000002,,7.200000000000002,,1.9800000000000002,,1.9800000000000002,,2.759999999999999,,2.759999999999999,,5.062010543420911,,4.738866934552789,,7.152073059231043,,1.7332028532400727,,2.56824419030454,0.17751744389533997,0.00011706812074407935,0.015408049104735255,2.4048590883612633,0.23310157656669617,0.7989806532859802,0.2044716626405716,-0.022627655416727066,0.4284883737564087,0.39342057704925537,0.014085069298744202,8192,0.6738327145576477,4.250879764556885,0.01914842054247856,36241408,39037,17696,1106,-9.610369,0.007842182776948902,0.003214859773288481,-4.17279581129551,-50.732906,0.011117995063250419,0.0011509638919960708,-4.189880326390266,,,0.95,0.9,n2c,3.84069580416203,3.7393292329138026,0.25447471075866335,0.0,-39.57522,2424.3900451814984,-9.610369
222,1784879237.7715013,,5.28,,5.28,,4.799999999999999,,4.799999999999999,,7.200000000000002,,7.200000000000002,,1.9800000000000002,,1.9800000000000002,,2.759999999999999,,2.759999999999999,,5.544718385674059,,4.954856231808662,,7.272011702880263,,1.9726965692825615,,2.907097357790917,0.18383213877677917,6.399024277925491e-05,0.014243456476833671,2.4092724844813347,0.2618786692619324,0.8146352171897888,0.18733273446559906,0.11235928535461426,0.4339241087436676,0.359502375125885,0.014790939167141914,8192,0.6812846660614014,4.530276298522949,0.09971711039543152,36405248,39199,17776,1111,-25.270945,0.00896160380798392,0.0021156852322747,-4.1458362460136415,-25.293743,0.007279914668470155,0.002637602898175828,-4.20550337433815,,,0.95,0.9,n2c,3.8462030753630656,5.478006907720493,0.2962621095983149,0.0,-14.242607,2366.532855575435,-25.270945
223,1784879305.1150353,,5.28,,5.28,,4.799999999999999,,4.799999999999999,,7.200000000000002,,7.200000000000002,,1.9800000000000002,,1.9800000000000002,,2.759999999999999,,2.759999999999999,,4.738011221401393,,4.803920849226415,,7.3009760193526745,,1.903973788721487,,2.5079653044231236,0.10779714584350586,-0.01048183668171987,0.00759421775728697,2.411767899990082,0.13870923221111298,0.7544724345207214,0.1236499547958374,0.04483821615576744,0.31405800580978394,0.4395572543144226,0.013693578541278839,8192,0.6576184034347534,4.250969409942627,0.014348644763231277,36569088,39366,17856,1116,-42.027473,0.013563785263977479,0.0016324635020282586,-4.132114166021347,-12.053441,0.004903402908530552,0.0024541031947592274,-4.168492740392685,,,0.95,0.9,n2c,3.631514859947539,4.3209539746145165,0.29594538238463797,0.0,-37.709717,2432.8986996306226,-42.027473
224,1784879374.6779513,,5.28,,5.28,,4.799999999999999,,4.799999999999999,,7.200000000000002,,7.200000000000002,,1.9800000000000002,,1.9800000000000002,,2.759999999999999,,2.759999999999999,,5.076654640957713,,4.374875284731388,,6.973633363842964,,1.918921316973865,,2.715090258512646,0.17880629003047943,-0.0026302414262318052,0.03612735989736393,2.414706289768219,0.10654376447200775,0.7923709750175476,0.0820670947432518,-0.15996617078781128,0.4772654175758362,0.3833613395690918,0.015939030796289444,8192,0.6630579829216003,4.211834907531738,0.031113864853978157,36732928,39539,17936,1121,-59.465576,0.01696331282146275,0.0027674492568621643,-4.097908541560173,-28.953604,0.006550314225023612,0.0030562062383978628,-4.155666804313659,,,0.95,0.9,n2c,4.756612706624492,4.926154888045035,0.34119087192668235,0.0,-43.551704,2355.277840302864,-59.465576
225,1784879443.017948,,5.28,,5.28,,4.799999999999999,,4.799999999999999,,7.200000000000002,,7.200000000000002,,1.9800000000000002,,1.9800000000000002,,2.759999999999999,,2.759999999999999,,5.068575826473534,,4.944833051878959,,7.100740937516093,,2.0510695101693273,,2.8237883392721415,0.1918647289276123,0.00011335991985106375,0.041293409711215645,2.420454725623131,0.187039315700531,0.7971275448799133,0.10147342085838318,-0.3432019054889679,0.564956784248352,0.37983977794647217,0.015212099999189377,8192,0.6757673621177673,4.397801399230957,0.09500960260629654,36896768,39703,18016,1126,-10.45944,0.006905684470257256,0.0029440256446832793,-4.1670464247465135,-22.88685,0.007749221107224003,0.0028756212850566953,-4.130140027403831,,,0.95,0.9,n2c,4.271083893130488,5.830081098950412,0.26799768630290954,0.0,-56.98476,2397.424929617459,-10.45944
226,1784879513.7645082,,5.28,,5.28,,4.799999999999999,,4.799999999999999,,7.200000000000002,,7.200000000000002,,1.9800000000000002,,1.9800000000000002,,2.759999999999999,,2.759999999999999,,5.193737264722586,,5.087804878130555,,7.318216220475733,,2.0561569947749376,,2.8689991226419806,0.27969592809677124,-0.00157285403838614,0.07625028723850846,2.430553324520588,0.24476228654384613,0.6742281317710876,0.3384878933429718,0.14816023409366608,0.7179170846939087,0.44202372431755066,0.013413926586508751,8192,0.6939361691474915,4.504982948303223,0.14802883565425873,37060608,39866,18096,1131,-29.946835,0.00938963338267058,0.0028385774145135655,-4.198531213402748,-39.07219,0.011376098872278816,0.0020639903865230735,-4.132788127660751,,,0.95,0.9,n2c,4.535598941461861,5.500464368051946,0.3142578570386205,0.0,-20.84097,2315.872340625285,-29.946835
227,1784879584.0312338,,5.28,,5.28,,4.799999999999999,,4.799999999999999,,7.200000000000002,,7.200000000000002,,1.9800000000000002,,1.9800000000000002,,2.759999999999999,,2.759999999999999,,5.270604904741049,,4.833600866608322,,7.066172266378999,,1.9064189289347269,,2.948690445162356,0.1874721199274063,-0.011778888740082039,0.015445205062860623,2.434637740254402,0.22775276005268097,0.7289466261863708,0.24250078201293945,0.7057914137840271,0.4519634246826172,0.3361923098564148,0.011777473613619804,8192,0.6814461350440979,4.405097484588623,0.01440192386507988,37224448,40027,18176,1136,-28.425663,0.007428953872295097,0.002699904251494445,-4.265983355045319,-32.014423,0.002377631771378219,0.0007165416871430352,-4.167446282505989,,,0.95,0.9,n2c,4.075197806521471,4.505041867718779,0.25579029253999186,0.0,-16.745708,2331.6867099406127,-28.425663
228,1784879651.5985231,,5.28,,5.28,,4.799999999999999,,4.799999999999999,,7.200000000000002,,7.200000000000002,,1.9800000000000002,,1.9800000000000002,,2.759999999999999,,2.759999999999999,,4.93712489772588,,4.7168857478536665,,7.175959914922714,,1.8693931074813008,,2.4704869986744598,0.1649738997220993,-0.0007649096078239381,0.023130695801228285,2.44838135689497,0.11318248510360718,0.7986310720443726,0.09890798479318619,0.15856273472309113,0.4235607981681824,0.32948559522628784,0.014544752426445484,8192,0.6836527585983276,4.2339701652526855,0.024709293618798256,37388288,40194,18256,1141,-28.338251,0.009121507746749557,0.0045670697669265795,-4.284694233536721,-47.943707,0.012320301632280461,0.0036550755859934723,-4.2444024860858915,,,0.95,0.9,n2c,4.6455994896065445,4.284117861288108,0.30732814059532754,0.0,-31.048649,2424.8422444410753,-28.338251
229,1784879719.6491277,,5.28,,5.28,,4.799999999999999,,4.799999999999999,,7.200000000000002,,7.200000000000002,,1.9800000000000002,,1.9800000000000002,,2.759999999999999,,2.759999999999999,,5.116930676158518,,4.781802378594875,,7.340034545399249,,1.7947927600471303,,2.8581656761234626,0.15901631116867065,-0.0038715732080163434,0.018089672026690096,2.451717369258404,0.4287198483943939,0.7302485704421997,0.35706549882888794,-0.18399283289909363,0.40886759757995605,0.40420615673065186,0.0166129469871521,8192,0.673987627029419,4.378345489501953,0.09301932901144028,37552128,40360,18336,1146,-22.739012,0.012227648711996154,0.001434833195526153,-4.270872330665588,-53.66875,0.01782339772908017,0.00109272265835898,-4.252763828635215,,,0.95,0.9,n2c,3.9316516621123427,4.693909597057251,0.1866801835995569,0.0,-38.38704,2407.619792343104,-22.739012
230,1784879786.7185795,,5.28,,5.28,,4.799999999999999,,4.799999999999999,,7.200000000000002,,7.200000000000002,,1.9800000000000002,,1.9800000000000002,,2.759999999999999,,2.759999999999999,,5.513237804174423,,4.649372146493988,,7.00584461260587,,1.849636462982744,,2.716545959468931,0.1293642371892929,-0.0008723044775251765,0.062404761934885755,2.4484903439879417,0.1517512947320938,0.793641984462738,0.19532406330108643,-0.2721601724624634,0.508049726486206,0.3878107964992523,0.017848636955022812,8192,0.6837555170059204,4.346927642822266,0.028816116973757744,37715968,40531,18416,1151,-44.6995,0.010830751730827615,0.0016862812866747846,-4.242357152700424,-29.847998,0.008446357893990352,0.0028595314419362695,-4.259233471751213,,,0.95,0.9,n2c,4.296729381173355,4.831571645276284,0.2980769305669806,0.0,-18.962826,2442.8417138615846,-44.6995
231,1784879855.9683487,,5.28,,5.28,,4.799999999999999,,4.799999999999999,,7.200000000000002,,7.200000000000002,,1.9800000000000002,,1.9800000000000002,,2.759999999999999,,2.759999999999999,,4.505425231531262,,4.433152571320534,,6.736981643363833,,1.6675245547667146,,2.368309392593801,0.13167686760425568,-0.0013463763461913913,0.006422766498872079,2.4486323297023773,0.19620351493358612,0.8145046234130859,0.1632576286792755,0.06764636933803558,0.35774940252304077,0.41401541233062744,0.014713014476001263,8192,0.5266023278236389,3.9422786235809326,0.07607503235340118,37879808,40702,18496,1156,-2.7331815,0.007575823311344721,0.004263004413223826,-4.196764615178108,-44.522636,0.010317746300279396,0.0019809246325166894,-4.239778229594231,,,0.95,0.9,n2c,4.575014323041842,4.955473379916515,0.3421834650705565,0.0,-28.840506,2365.927698256513,-2.7331815
232,1784879924.1838064,,5.28,,5.28,,4.799999999999999,,4.799999999999999,,7.200000000000002,,7.200000000000002,,1.9800000000000002,,1.9800000000000002,,2.759999999999999,,2.759999999999999,,5.605166150256991,,4.631265896838158,,6.8258833680301905,,1.8323417702922598,,2.745270286803134,0.1439337432384491,-0.002034336095675826,0.008149829372996464,2.4490305855870247,0.09146474301815033,0.795153021812439,0.06942375004291534,-0.03910721838474274,0.3649935722351074,0.4170328974723816,0.012905394658446312,8192,0.6411413550376892,4.327985763549805,0.08994105458259583,38043648,40867,18576,1161,-18.031199,0.008569332279148512,0.002991861637565307,-4.248586055636406,-27.21084,0.010466882621403783,0.002754421246936545,-4.241721177101136,,,0.95,0.9,n2c,4.209799722861483,5.0065274964329545,0.24361558636366612,0.0,-49.148796,2401.801687529883,-18.031199
233,1784879991.99365,,5.28,,5.28,,4.799999999999999,,4.799999999999999,,7.200000000000002,,7.200000000000002,,1.9800000000000002,,1.9800000000000002,,2.759999999999999,,2.759999999999999,,5.312104653683491,,4.808710593730211,,7.243034087121487,,1.8580341137421783,,2.7775529213249683,0.07264308631420135,-0.01001684830407612,0.00529957019170979,2.449234463274479,0.2736513316631317,0.8053663372993469,0.21101823449134827,-0.20445668697357178,0.20580068230628967,0.3602619767189026,0.013280432671308517,8192,0.6839563846588135,4.3998870849609375,0.01641320064663887,38207488,41031,18656,1166,-18.275574,0.00703223906311905,0.003607294139510486,-4.2500406265258786,-46.03023,0.00504068098962307,0.0012004733878711704,-4.216279363632202,,,0.95,0.9,n2c,4.232173105597832,4.717375982428732,0.2611131861884871,0.0,-43.678497,2416.168470929661,-18.275574
234,1784880059.7671945,,5.28,,5.28,,4.799999999999999,,4.799999999999999,,7.200000000000002,,7.200000000000002,,1.9800000000000002,,1.9800000000000002,,2.759999999999999,,2.759999999999999,,5.216621628031135,,4.85836730664596,,7.038144128397107,,1.758207440841943,,2.8991738119511865,0.17615631222724915,-0.004037518752738833,0.01714544878632296,2.451900713145733,0.2476315051317215,0.718852162361145,0.2957504391670227,-0.21284589171409607,0.44550129771232605,0.5205297470092773,0.011414228938519955,8192,0.6509472131729126,4.35410213470459,0.12460161745548248,38371328,41194,18736,1171,-10.498502,0.006104479465284385,0.004148944924236275,-4.25758455991745,-27.434162,0.009697190177394076,0.002884404002543306,-4.26801480948925,,,0.95,0.9,n2c,4.4220715866664735,5.4716574195098975,0.3125184851372854,0.0,-52.01156,2417.462678133151,-10.498502
235,1784880129.6919396,,5.28,,5.28,,4.799999999999999,,4.799999999999999,,7.200000000000002,,7.200000000000002,,1.9800000000000002,,1.9800000000000002,,2.759999999999999,,2.759999999999999,,4.749379321932793,,4.3990456152532715,,6.504674607887864,,1.5297524756751955,,2.4201860721223056,0.0736476331949234,-0.002454575544106774,0.002831398382113548,2.457197703421116,0.16209068894386292,0.8032124042510986,0.14956682920455933,-0.31803545355796814,0.1924395114183426,0.34569868445396423,0.012414777651429176,8192,0.5379823446273804,3.920607805252075,0.03289247676730156,38535168,41362,18816,1176,-29.682001,0.011253885974292643,0.004028943592129508,-4.230867686867714,-36.68188,0.00979827223054599,0.0032091511064209046,-4.287940654158592,,,0.95,0.9,n2c,4.548917292629456,5.005960217600507,0.28602402827600126,0.0,-20.616299,2343.090265201075,-29.682001
236,1784880196.2448468,,5.28,,5.28,,4.799999999999999,,4.799999999999999,,7.200000000000002,,7.200000000000002,,1.9800000000000002,,1.9800000000000002,,2.759999999999999,,2.759999999999999,,5.154190316796303,,4.563712319359183,,7.078298520296812,,1.9921549772261642,,2.883877637796104,0.19281485676765442,-0.007550451889983378,0.05164977512322366,2.4624438881874084,0.24431711435317993,0.8447989821434021,0.17047935724258423,0.09654687345027924,0.5614106059074402,0.504261314868927,0.015489200130105019,8192,0.7138565182685852,4.334446907043457,0.10016337037086487,38699008,41525,18896,1181,-4.7866516,0.006145333201857284,0.004141680325847119,-4.277996984124184,-34.92378,0.009577212772273924,0.002822388046479318,-4.280184322595597,,,0.95,0.9,n2c,4.514455835065166,5.3072099727612825,0.25065799443315095,0.0,-60.2907,2461.8008110942246,-4.7866516
237,1784880264.8274224,,5.28,,5.28,,4.799999999999999,,4.799999999999999,,7.200000000000002,,7.200000000000002,,1.9800000000000002,,1.9800000000000002,,2.759999999999999,,2.759999999999999,,5.211092123761773,,4.644468375947326,,7.052613586187363,,1.7651228215545416,,2.5869712717831135,0.1657729148864746,0.00010516828479012474,0.03477762342663482,2.467098541557789,0.362987756729126,0.8376544117927551,0.3843170404434204,0.06701329350471497,0.4667682945728302,0.27228423953056335,0.012062260881066322,8192,0.6578503847122192,4.252053260803223,0.01481874193996191,38862848,41698,18976,1186,-22.685537,0.009500972353271209,0.003381387493936927,-4.1822498619556425,-38.714794,0.006719380158028798,0.004009705691714771,-4.288447493314743,,,0.95,0.9,n2c,4.04137582205587,4.502454389769897,0.2800150156423474,0.0,-47.059196,2388.945003568835,-22.685537
238,1784880333.2471833,,5.28,,5.28,,4.799999999999999,,4.799999999999999,,7.200000000000002,,7.200000000000002,,1.9800000000000002,,1.9800000000000002,,2.759999999999999,,2.759999999999999,,5.089221079368144,,4.405932875815779,,7.135534671484493,,1.601926683448255,,2.6719744307920337,0.14663244783878326,-0.003598368464736268,0.012079092834028415,2.472539611160755,0.062058355659246445,0.7973872423171997,0.08185649663209915,0.14409203827381134,0.3585396707057953,0.432151734828949,0.018776539713144302,8192,0.6703060865402222,4.180918216705322,0.11627525836229324,39026688,41863,19056,1191,-21.108343,0.011603612132603303,0.0014732333700521849,-4.1717055410146715,-27.047302,0.008416243178362492,0.002799772107391618,-4.280658030509949,,,0.95,0.9,n2c,4.450803015091126,5.245747468416612,0.23588231010377964,0.0,-58.913445,2394.630241753674,-21.108343
239,1784880401.3320718,,5.28,,5.28,,4.799999999999999,,4.799999999999999,,7.200000000000002,,7.200000000000002,,1.9800000000000002,,1.9800000000000002,,2.759999999999999,,2.759999999999999,,5.306059764698148,,4.391596745699644,,6.956685187295079,,1.8605184962507337,,2.7057981330435723,0.12048932909965515,-0.0231768056328292,0.010228106737486087,2.471363216638565,0.17995302379131317,0.7429952025413513,0.15811778604984283,-0.023168504238128662,0.291894793510437,0.39325252175331116,0.019590822979807854,8192,0.6900562047958374,4.244132041931152,0.037430353462696075,39190528,42028,19136,1196,-29.077824,0.010625481759780087,0.0023712520516710354,-4.181388852000237,-41.04676,0.009777045020018704,0.0016814624061225914,-4.245876663923264,,,0.95,0.9,n2c,4.2966075469524885,4.682349171857621,0.3247805685115869,0.0,-43.034843,2406.407285303567,-29.077824
240,1784880472.4104905,,5.28,,5.28,,4.799999999999999,,4.799999999999999,,7.200000000000002,,7.200000000000002,,1.9800000000000002,,1.9800000000000002,,2.759999999999999,,2.759999999999999,,5.2283840700984,,4.886967679485679,,7.043843038380146,,2.08788210619241,,2.7768379924818873,0.11851400136947632,-0.008336960960150464,0.018693600097321905,2.4688098654150963,0.07160394638776779,0.7891735434532166,0.05883624404668808,0.4775170683860779,0.328835666179657,0.43399977684020996,0.016573643311858177,8192,0.7183612585067749,4.404783248901367,0.11090672016143799,39354368,42191,19216,1201,-12.526865,0.007202659397444222,0.0032261322128761096,-4.169953182339668,-36.118633,0.010140033524658065,0.0030577353027183563,-4.2475945264101025,,,0.95,0.9,n2c,4.225698605163756,5.458280032179155,0.28554726837283995,0.0,-23.550552,2305.060599382931,-12.526865
241,1784880541.4208188,,5.28,,5.28,,4.799999999999999,,4.799999999999999,,7.200000000000002,,7.200000000000002,,1.9800000000000002,,1.9800000000000002,,2.759999999999999,,2.759999999999999,,5.306280757300556,,4.612153633963317,,7.001557571813464,,1.8729656259529293,,2.5507336324080825,0.13150711357593536,-0.0005130777135491371,0.013772450300166383,2.466095983982086,0.31895190477371216,0.7102217078208923,0.2980692982673645,-0.16269312798976898,0.33748775720596313,0.4409513473510742,0.01955343782901764,8192,0.6681432723999023,4.268738746643066,0.07925846427679062,39518208,42356,19296,1206,-27.76275,0.009098373266169801,0.0012671044227317908,-4.147685497999191,-15.2868395,0.006642461036972236,0.003616949910065159,-4.2269655674695965,,,0.95,0.9,n2c,3.9964727858403,5.403562691192045,0.22805038361561633,0.0,-32.416374,2374.1364729842394,-27.76275
242,1784880611.8321037,,5.28,,5.28,,4.799999999999999,,4.799999999999999,,7.200000000000002,,7.200000000000002,,1.9800000000000002,,1.9800000000000002,,2.759999999999999,,2.759999999999999,,5.0577129907906055,,4.209888347424567,,6.477804142981768,,1.756885463371873,,2.544918514788151,0.07688728719949722,-0.0035448437847662717,0.007680397073272616,2.467464916408062,0.20879514515399933,0.811242938041687,0.19923147559165955,0.22364573180675507,0.220437690615654,0.523152232170105,0.01675265096127987,8192,0.5760636329650879,4.009442329406738,0.014757867902517319,39682048,42520,19376,1211,-11.423767,0.006140053419221659,0.003875847614108352,-4.15833913385868,-20.047838,0.003810519973922055,0.0038629230664810167,-4.190160727500915,,,0.95,0.9,n2c,4.316632050208094,4.4515791011628165,0.28296818555458036,0.0,-18.432316,2326.8997337066353,-11.423767
243,1784880680.8636057,,5.28,,5.28,,4.799999999999999,,4.799999999999999,,7.200000000000002,,7.200000000000002,,1.9800000000000002,,1.9800000000000002,,2.759999999999999,,2.759999999999999,,5.252262722700834,,4.583023622632027,,6.695001690648496,,1.8783268118277192,,2.598476924467832,0.16757555305957794,-0.0008702431514393538,0.02875445771496743,2.471656508743763,0.06496818363666534,0.923133134841919,0.06525915861129761,0.20285651087760925,0.4465433955192566,0.40098750591278076,0.019302068278193474,8192,0.6727749109268188,4.201418876647949,0.09340918809175491,39845888,42686,19456,1216,-14.241949,0.007429459207924083,0.0024619658826850353,-4.130290782451629,-38.987164,0.009749953651044052,0.0015080785524332896,-4.194481027126312,,,0.95,0.9,n2c,3.8416839647032566,4.869980228654578,0.23703938546445896,0.0,-17.866962,2373.4091143569317,-14.241949
244,1784880750.4755952,,5.28,,5.28,,4.799999999999999,,4.799999999999999,,7.200000000000002,,7.200000000000002,,1.9800000000000002,,1.9800000000000002,,2.759999999999999,,2.759999999999999,,5.470003771595657,,4.771692952141166,,7.270429105032235,,1.9828599183820188,,2.7260454618372023,0.07871794700622559,0.00038877822225913405,0.006750118205673061,2.474436193704605,0.23077791929244995,0.6493570804595947,0.17516885697841644,-0.22294658422470093,0.20776328444480896,0.4393482208251953,0.021441346034407616,8192,0.6794681549072266,4.444206237792969,0.14133155345916748,40009728,42850,19536,1221,-35.354176,0.010058663999370766,0.0031933503560139798,-4.134210374951363,-31.133625,0.011940348512143827,0.0029840943883755245,-4.191428226232529,,,0.95,0.9,n2c,4.400788362236945,5.7252535516091925,0.2377579997053194,0.0,-43.13192,2353.617388370036,-35.354176
245,1784880819.7871501,,5.28,,5.28,,4.799999999999999,,4.799999999999999,,7.200000000000002,,7.200000000000002,,1.9800000000000002,,1.9800000000000002,,2.759999999999999,,2.759999999999999,,5.239396631717682,,4.9375441474840045,,7.624569329433143,,2.1767799016088247,,2.8519110083580017,0.10313361883163452,1.8240883946418762e-05,0.04571751465846319,2.4852307736873627,0.16775497794151306,0.635495662689209,0.13761909306049347,0.026751946657896042,0.43465378880500793,0.45987626910209656,0.01966826245188713,8192,0.6918347477912903,4.566040515899658,0.030142299830913544,40173568,43018,19616,1226,-1.7714646,0.008640655378985684,0.00259588391854777,-4.12992092370987,-35.375088,0.0056948948331410065,0.0021852480742381884,-4.1571051448583605,,,0.95,0.9,n2c,4.200573827321949,4.391883292592764,0.2877655764454638,0.0,-24.281124,2363.81946874363,-1.7714646
246,1784880889.462791,,5.28,,5.28,,4.799999999999999,,4.799999999999999,,7.200000000000002,,7.200000000000002,,1.9800000000000002,,1.9800000000000002,,2.759999999999999,,2.759999999999999,,4.9206695687025785,,4.404411626979709,,7.128707646857947,,1.7565919309854507,,2.7728084952104837,0.20364952087402344,-0.0006234422326087952,0.012462330516427755,2.493721164762974,0.11887352168560028,0.7888599634170532,0.12116603553295135,0.2852942943572998,0.5647569298744202,0.35446834564208984,0.016918502748012543,8192,0.6492506265640259,4.196638107299805,0.02585163526237011,40337408,43194,19696,1231,-20.14277,0.008794774244597648,0.002385697657155106,-4.100202322006226,-50.106895,0.007575703476322815,0.0014880967515637166,-4.143655651807785,,,0.95,0.9,n2c,3.9953597341182148,4.314595283467397,0.26651567238065493,0.0,-27.343323,2351.4673855739825,-20.14277
247,1784880956.2882073,,5.28,,5.28,,4.799999999999999,,4.799999999999999,,7.200000000000002,,7.200000000000002,,1.9800000000000002,,1.9800000000000002,,2.759999999999999,,2.759999999999999,,5.705874118953943,,4.903553576674312,,7.672924110665917,,2.1353699862957,,2.8176928530447185,0.16040056943893433,-0.0019567914423532784,0.013480853274813853,2.4987742751836777,0.18229940533638,0.6928432583808899,0.11197841912508011,0.3741772472858429,0.4718877375125885,0.3650568127632141,0.01679469272494316,8192,0.6371992826461792,4.647082805633545,0.02633042261004448,40501248,43362,19776,1236,-19.138903,0.006773477191745769,0.002273141680052504,-4.090917775034905,-30.93573,0.006078450147469994,0.0023448487554560415,-4.162086999416351,,,0.95,0.9,n2c,4.049868745733813,4.740518612182755,0.27694558401438285,0.0,-31.676105,2451.7617819626507,-19.138903
248,1784881024.5460598,,5.28,,5.28,,4.799999999999999,,4.799999999999999,,7.200000000000002,,7.200000000000002,,1.9800000000000002,,1.9800000000000002,,2.759999999999999,,2.759999999999999,,4.960376521572471,,4.4399864338338375,,7.173980432096869,,1.8605894155334681,,2.780451333965175,0.13883931934833527,-0.008161172692780383,0.01650843179959338,2.502621755003929,0.18251760303974152,0.71793532371521,0.12297497689723969,0.49054470658302307,0.36309051513671875,0.3374936580657959,0.012999295257031918,8192,0.6744876503944397,4.243077278137207,0.05426447093486786,40665088,43531,19856,1241,-11.710815,0.009728789189830422,0.004843068748596124,-4.081402546167373,-47.054863,0.009408215634175576,0.0026389269303763287,-4.149468898773193,,,0.95,0.9,n2c,4.4318041965153085,4.894877510037246,0.2733603795683746,0.0,-43.445152,2400.3108152277464,-11.710815
249,1784881092.0408435,,5.28,,5.28,,4.799999999999999,,4.799999999999999,,7.200000000000002,,7.200000000000002,,1.9800000000000002,,1.9800000000000002,,2.759999999999999,,2.759999999999999,,4.910315167158842,,4.800592860206962,,7.455819792114198,,1.9111247276887298,,2.8225751826539636,0.11390674859285355,-0.0010638076346367598,0.02384744377923198,2.5073657408356667,0.20776084065437317,0.8486942052841187,0.2529188096523285,-0.03483504801988602,0.3511691689491272,0.3751978576183319,0.018056023865938187,8192,0.7098110914230347,4.3800859451293945,0.13486841320991516,40828928,43698,19936,1246,-27.983765,0.008944278299168218,0.0025930532035999933,-4.080402839183807,-46.90843,0.017407438112422825,0.001241608866257593,-4.10677373111248,,,0.95,0.9,n2c,4.030248262339788,5.202824327679972,0.2958579314603846,0.0,-54.43999,2427.445902266151,-27.983765
250,1784881157.7853482,,5.28,,5.28,,4.799999999999999,,4.799999999999999,,7.200000000000002,,7.200000000000002,,1.9800000000000002,,1.9800000000000002,,2.759999999999999,,2.759999999999999,,4.992284332867712,,4.73447130061686,,7.041115203872323,,1.9558370746672153,,2.509223331697285,0.20873475074768066,0.00025558140623616055,0.013051688525592908,2.5090899616479874,0.18352943658828735,0.7435219287872314,0.19458341598510742,0.027526553720235825,0.48036375641822815,0.3052803575992584,0.017371146008372307,8192,0.678420901298523,4.246586322784424,0.023852374404668808,40992768,43863,20016,1251,-13.2291355,0.00933450077427551,0.005065620719688013,-4.086163514852524,-42.936398,0.008049349479551892,0.0018887075159000233,-4.079632693529129,,,0.95,0.9,n2c,6.040887227865958,4.286727604826857,0.16653143327309028,0.0,-50.592922,2492.071468387047,-13.2291355
251,1784881228.509941,,5.28,,5.28,,4.799999999999999,,4.799999999999999,,7.200000000000002,,7.200000000000002,,1.9800000000000002,,1.9800000000000002,,2.759999999999999,,2.759999999999999,,4.8372150948271155,,4.9283317476511,,7.122619552072138,,1.846656598849222,,2.6214026239467785,0.04501737281680107,0.00014109766925685108,0.004002529356512241,2.511730059981346,0.12577298283576965,0.923606276512146,0.11674556881189346,-0.1848585307598114,0.14706477522850037,0.38291120529174805,0.017130782827734947,8192,0.6611608266830444,4.27124547958374,0.1190672367811203,41156608,44025,20096,1256,-5.650555,0.005809989765111823,0.0042976651158824096,-4.133362400531769,-13.943004,0.010695864257286303,0.002383977931458503,-4.120359206199646,,,0.95,0.9,n2c,4.293527129620031,5.142224351847184,0.2750774616847683,0.0,-32.695915,2316.5923729762826,-5.650555
252,1784881299.6579404,,5.28,,5.28,,4.799999999999999,,4.799999999999999,,7.200000000000002,,7.200000000000002,,1.9800000000000002,,1.9800000000000002,,2.759999999999999,,2.759999999999999,,5.109120232984424,,4.615350163076073,,7.325891988351941,,2.001691701821983,,2.746153055020841,0.13797999918460846,-0.015461017566849478,0.017234478204045445,2.5119460001587868,0.057676561176776886,0.7406575083732605,0.047518305480480194,0.18216820061206818,0.35962343215942383,0.32408255338668823,0.017089011147618294,8192,0.6923907399177551,4.3596415519714355,0.0860450342297554,41320448,44188,20176,1261,-14.205811,0.007083457466796972,0.0027724717758246696,-4.145420205593109,-22.115149,0.00816442360955989,0.0017068647808628156,-4.169799110293388,,,0.95,0.9,n2c,3.9703222931146707,4.836607332202983,0.2940976225577594,0.0,-18.647964,2302.8048657054082,-14.205811
253,1784881372.6162858,,5.28,,5.28,,4.799999999999999,,4.799999999999999,,7.200000000000002,,7.200000000000002,,1.9800000000000002,,1.9800000000000002,,2.759999999999999,,2.759999999999999,,5.622893674299121,,4.308468124363571,,7.611772566568106,,2.0386209301650524,,3.0347680575214326,0.10879857838153839,-0.002585187670774758,0.014940938330255449,2.5090781822800636,0.21911688148975372,0.8455446362495422,0.13887687027454376,-0.07030187547206879,0.30118510127067566,0.28909963369369507,0.016385937109589577,8192,0.627801775932312,4.5233049392700195,0.15032349526882172,41484288,44352,20256,1266,-21.283512,0.009282058019016404,0.0020910463194013574,-4.147992551326752,-50.433968,0.015024204837391152,0.002087290500639938,-4.179239851236344,,,0.95,0.9,n2c,3.9522717875091287,5.278660923041894,0.21133565204147126,0.0,-21.015514,2245.6658630918887,-21.283512
254,1784881442.7830038,,5.28,,5.28,,4.799999999999999,,4.799999999999999,,7.200000000000002,,7.200000000000002,,1.9800000000000002,,1.9800000000000002,,2.759999999999999,,2.759999999999999,,5.103648193180561,,4.7581443246454,,6.6590652875602245,,1.7824351127492264,,2.687803465174511,0.18246442079544067,-0.009470824908930808,0.01752244241652079,2.513187423348427,0.3147931694984436,0.8457310199737549,0.3840150535106659,0.29494160413742065,0.4905252456665039,0.23483464121818542,0.01226866990327835,8192,0.6774013042449951,4.198219299316406,0.01716049201786518,41648128,44533,20336,1271,-14.451384,0.008530700164556038,0.0009941712749423459,-4.103152126073837,-15.958827,0.00529397102582152,-0.0004924054912407883,-4.174247401952743,,,0.95,0.9,n2c,3.953315194149287,4.303281149702768,0.25362136558700127,0.0,-35.45382,2335.0103023883767,-14.451384
255,1784881511.399242,,5.28,,5.28,,4.799999999999999,,4.799999999999999,,7.200000000000002,,7.200000000000002,,1.9800000000000002,,1.9800000000000002,,2.759999999999999,,2.759999999999999,,5.587278731167316,,4.973678876645863,,7.090170448645949,,1.7879288904368877,,2.806727137416601,0.0734364464879036,6.055201811250299e-05,0.004159558699029731,2.5103183910250664,0.0516158863902092,0.6821667551994324,0.03922523558139801,-0.392293781042099,0.1987510472536087,0.2774771451950073,0.014285328797996044,8192,0.7089549899101257,4.449156761169434,0.15626198053359985,41811968,44700,20416,1276,-51.141403,0.010461428502458148,0.0012752414448186755,-4.1107533186674114,-28.868122,0.014871098223375156,0.0037668445496819914,-4.1577997505664825,,,0.95,0.9,n2c,4.096010639280744,5.968567152203895,0.265592325942838,0.0,-57.54789,2387.7716271193476,-51.141403
256,1784881581.352671,,5.28,,5.28,,4.799999999999999,,4.799999999999999,,7.200000000000002,,7.200000000000002,,1.9800000000000002,,1.9800000000000002,,2.759999999999999,,2.759999999999999,,5.04599605826661,,5.2066871975548565,,6.706121604889631,,1.9536325875669718,,2.6917695812880993,0.17375890910625458,-0.001443721164832823,0.017862058462924324,2.5131856724619865,0.38323983550071716,0.7896062135696411,0.38203752040863037,0.2621772289276123,0.4381113350391388,0.35595089197158813,0.02233452908694744,8192,0.6479711532592773,4.320841312408447,0.1548530012369156,41975808,44863,20496,1281,-21.878971,0.0090825410981779,0.002526733158447314,-4.058892685174942,-24.62435,0.01458622362697497,0.0009061664648470468,-4.152219098806381,,,0.95,0.9,n2c,3.9762835709644535,5.2850493306169835,0.24160889097959534,0.0,-27.164984,2342.129775625676,-21.878971
257,1784881651.3027248,,5.28,,5.28,,4.799999999999999,,4.799999999999999,,7.200000000000002,,7.200000000000002,,1.9800000000000002,,1.9800000000000002,,2.759999999999999,,2.759999999999999,,5.277231227606535,,5.130307545885444,,6.931605543941259,,1.9371003432315774,,2.7864338224753737,0.0801803395152092,-0.01300164581334684,0.005070962615718599,2.5178405344486237,0.08926528692245483,0.8722589612007141,0.07650666683912277,0.18933025002479553,0.21888981759548187,0.34985798597335815,0.02412249706685543,8192,0.6918554902076721,4.412535667419434,0.1106034442782402,42139648,45036,20576,1286,-30.48635,0.010365248148445971,0.002325790467148181,-4.08700459599495,-53.405113,0.01622899439826142,0.0017365435225656257,-4.111569806933403,,,0.95,0.9,n2c,4.132924887710188,4.829402298960085,0.27416174464814935,0.0,-25.903671,2342.242480322056,-30.48635
258,1784881721.9060154,,5.28,,5.28,,4.799999999999999,,4.799999999999999,,7.200000000000002,,7.200000000000002,,1.9800000000000002,,1.9800000000000002,,2.759999999999999,,2.759999999999999,,5.172952612861991,,4.702606921084225,,7.460610040463507,,1.9028240132611245,,2.772227829322219,0.05865126848220825,-0.009019372970215045,0.007381081064522732,2.5168563053011894,0.09188681095838547,0.8088727593421936,0.05923992395401001,0.0027631099801510572,0.1875177025794983,0.3206838369369507,0.020480122417211533,8192,0.6851253509521484,4.402244567871094,0.16290834546089172,42303488,45212,20656,1291,-20.45709,0.008584449588670395,0.003613012833375251,-4.0764193594455715,-44.065235,0.018194455016055145,0.0016078089924121742,-4.139651146531105,,,0.95,0.9,n2c,3.862155163032786,6.165617673302728,0.26122903444436985,0.0,-14.146848,2320.5719317400603,-20.45709
259,1784881790.5850437,,5.28,,5.28,,4.799999999999999,,4.799999999999999,,7.200000000000002,,7.200000000000002,,1.9800000000000002,,1.9800000000000002,,2.759999999999999,,2.759999999999999,,5.055204834789038,,4.671432580798864,,6.899998211301863,,1.8370938799344003,,2.702078739181161,0.2394176721572876,-0.012433564232196659,0.04081063001649454,2.5152607858181,0.4225503206253052,0.7063100934028625,0.4392448663711548,0.31130287051200867,0.6070501804351807,0.36421871185302734,0.021123897284269333,8192,0.7175866365432739,4.233160972595215,0.03724679350852966,42467328,45376,20736,1296,-21.110876,0.007591539672284852,0.0037878505216212945,-4.0636099725961685,-23.652155,0.0053768766214489,0.0019566070652217602,-4.10563034415245,,,0.95,0.9,n2c,3.854013969025728,4.675914090875399,0.3286759244473212,0.0,-39.31214,2385.589799411301,-21.110876
260,1784881858.956358,,5.28,,5.28,,4.799999999999999,,4.799999999999999,,7.200000000000002,,7.200000000000002,,1.9800000000000002,,1.9800000000000002,,2.759999999999999,,2.759999999999999,,5.6658983044326305,,5.374709470197558,,7.542534209787846,,2.2080710669979453,,2.9932057226542383,0.1545214205980301,-0.0012927473289892077,0.01485636385041289,2.5241594836115837,0.05095244571566582,0.7920650243759155,0.04449959099292755,0.1681644320487976,0.37826091051101685,0.3119885325431824,0.018468238413333893,8192,0.6099444031715393,4.7568840980529785,0.14378926157951355,42631168,45547,20816,1301,-5.0611677,0.006138665028265678,0.004101119438564638,-4.034745609760284,-28.576172,0.01227708380756667,0.0020440467349544635,-4.0755880266428,,,0.95,0.9,n2c,4.283658220339126,5.259358723878277,0.27083999040358575,0.0,-44.194557,2396.326538572195,-5.0611677
261,1784881927.9990184,,5.28,,5.28,,4.799999999999999,,4.799999999999999,,7.200000000000002,,7.200000000000002,,1.9800000000000002,,1.9800000000000002,,2.759999999999999,,2.759999999999999,,4.810265177860856,,4.518870821222663,,6.806264859624207,,1.913080417085439,,2.556879372918047,0.0899321660399437,-0.0004598280356731266,0.009301793266786262,2.5286060571670532,0.321392297744751,0.7064504623413086,0.32638221979141235,0.03255162388086319,0.24467036128044128,0.3116007149219513,0.017464803531765938,8192,0.6761895418167114,4.121072292327881,0.05047200247645378,42795008,45712,20896,1306,-16.074314,0.007911295564554166,0.002823889478167985,-4.0162986606359485,-35.654007,0.009134006219392176,0.0010163295723032207,-4.060604900121689,,,0.95,0.9,n2c,3.77286201464633,4.280608431231233,0.2586552542459727,0.0,-34.384575,2373.0256688500076,-16.074314
262,1784881998.8507113,,5.28,,5.28,,4.799999999999999,,4.799999999999999,,7.200000000000002,,7.200000000000002,,1.9800000000000002,,1.9800000000000002,,2.759999999999999,,2.759999999999999,,4.948888089507818,,4.631493367254734,,7.359554963186383,,1.956853087991476,,2.7154913395643234,0.11626186966896057,-0.010598501830827445,0.006476155962445773,2.532765492796898,0.23389053344726562,0.791370689868927,0.20479533076286316,0.38531598448753357,0.2763226330280304,0.3621155917644501,0.018269008025527,8192,0.7210018038749695,4.322456359863281,0.13696999847888947,42958848,45877,20976,1311,-29.445297,0.008166375673317816,0.0048322675764211455,-4.023289930820465,-47.645744,0.011522876036178787,0.0014608319324906915,-4.080401888489723,,,0.95,0.9,n2c,4.365782457061641,4.6255997461447915,0.2869053985512478,0.0,-26.338598,2312.436658307421,-29.445297
263,1784882071.0951686,,5.28,,5.28,,4.799999999999999,,4.799999999999999,,7.200000000000002,,7.200000000000002,,1.9800000000000002,,1.9800000000000002,,2.759999999999999,,2.759999999999999,,5.55472964560613,,5.154053706442937,,7.633791350759566,,2.113984836032614,,2.9411315973848104,0.15325988829135895,-0.0012059340078849345,0.01362659950973466,2.5305084884166718,0.29050666093826294,0.7915674448013306,0.2054617702960968,0.20927773416042328,0.41203615069389343,0.3717907667160034,0.020079949870705605,8192,0.6244787573814392,4.679538249969482,0.13458585739135742,43122688,46051,21056,1316,-15.253389,0.007926709766616113,0.002304367562464904,-4.0444870561361315,-31.873592,0.009788290280266666,0.0014935854313080199,-4.090058755874634,,,0.95,0.9,n2c,4.164662187605946,5.052143023172025,0.22386174950296203,0.0,-17.964436,2267.854879906152,-15.253389
264,1784882141.8080177,,5.28,,5.28,,4.799999999999999,,4.799999999999999,,7.200000000000002,,7.200000000000002,,1.9800000000000002,,1.9800000000000002,,2.759999999999999,,2.759999999999999,,5.350693321786821,,4.934888784773648,,6.745255248621106,,2.1364174457266927,,2.8995648212730885,0.18745188415050507,-0.004758326103910804,0.06302370701450855,2.5332629084587097,0.13755324482917786,0.7030586004257202,0.09693116694688797,-0.5711666941642761,0.586625874042511,0.32030099630355835,0.021282963454723358,8192,0.6553215384483337,4.413363933563232,0.03321774676442146,43286528,46224,21136,1321,-7.0744314,0.006945622559578623,0.001572452893742593,-4.030050349235535,-49.111828,0.014010142517508938,-1.7868063878268003e-06,-4.062321808934212,,,0.95,0.9,n2c,3.8077817581169144,4.1582793565553,0.2963004935446122,0.0,-36.183952,2316.9765196979693,-7.0744314
265,1784882211.9224555,,5.28,,5.28,,4.799999999999999,,4.799999999999999,,7.200000000000002,,7.200000000000002,,1.9800000000000002,,1.9800000000000002,,2.759999999999999,,2.759999999999999,,5.172442581504583,,4.774535370990634,,7.343508983030915,,2.1146708950400352,,2.9000241060275584,0.14296092092990875,-0.0042593803809722885,0.01899205523659475,2.530995599925518,0.140142023563385,0.9545808434486389,0.09789880365133286,-0.026477299630641937,0.3827419877052307,0.4509243369102478,0.022621704265475273,8192,0.7014387845993042,4.461036205291748,0.095091812312603,43450368,46393,21216,1326,-13.9111805,0.012227843975415454,0.0011975636080023833,-4.045158708095551,-32.726692,0.012206076373695396,0.0022018936433596537,-4.039146411418915,,,0.95,0.9,n2c,3.9329757536251444,5.246524433524203,0.254958572678206,0.0,-31.9539,2336.751071940419,-13.9111805
266,1784882282.6929214,,5.28,,5.28,,4.799999999999999,,4.799999999999999,,7.200000000000002,,7.200000000000002,,1.9800000000000002,,1.9800000000000002,,2.759999999999999,,2.759999999999999,,5.284283401910216,,5.108878739178181,,7.416583575221011,,2.06559912674129,,2.876385795418173,0.12477004528045654,-0.009934691101079807,0.006267454125918448,2.5349596962332726,0.20181505382061005,0.7481836080551147,0.1735658198595047,-0.4229676127433777,0.34235385060310364,0.3259735405445099,0.01921970024704933,8192,0.6619835495948792,4.550346374511719,0.025803102180361748,43614208,46560,21296,1331,-30.705637,0.007398418446246069,0.0023616423321072945,-4.076953962445259,-21.030354,0.006696202668535989,0.002273845252057072,-4.053115370869636,,,0.95,0.9,n2c,4.166630421560749,4.226362363498922,0.23391229516359266,0.0,-22.275484,2315.090138306308,-30.705637
267,1784882354.3827682,,5.28,,5.28,,4.799999999999999,,4.799999999999999,,7.200000000000002,,7.200000000000002,,1.9800000000000002,,1.9800000000000002,,2.759999999999999,,2.759999999999999,,5.313760807737708,,4.979904938023537,,6.679987460374832,,1.8625015771831386,,2.711411844808026,0.15351331233978271,-0.00014196059782989323,0.015415532019687817,2.5381674095988274,0.2435816377401352,0.8399534225463867,0.20466837286949158,-0.2042340338230133,0.39936038851737976,0.33791473507881165,0.017481524497270584,8192,0.6482505798339844,4.309513092041016,0.04487130045890808,43778048,46730,21376,1336,-5.522091,0.007848176771949511,0.00297739473026013,-4.048580503463745,-36.816074,0.010553900708328002,0.0020119369306485168,-4.082128393650055,,,0.95,0.9,n2c,4.225232740496466,4.792056535403461,0.23350661991372004,0.0,-27.370014,2285.400919976213,-5.522091
268,1784882423.9892375,,5.28,,5.28,,4.799999999999999,,4.799999999999999,,7.200000000000002,,7.200000000000002,,1.9800000000000002,,1.9800000000000002,,2.759999999999999,,2.759999999999999,,5.198431069031358,,4.4337541330605745,,7.234747107606381,,1.812129510100931,,2.5307094309391687,0.05610579252243042,-0.0007425924995914102,0.0071689087635604665,2.5382474437355995,0.30380287766456604,0.8225118517875671,0.22130951285362244,0.01997329480946064,0.17064528167247772,0.39114320278167725,0.016943152993917465,8192,0.6742708683013916,4.2419538497924805,0.13802073895931244,43941888,46906,21456,1341,-16.610828,0.00839277466002386,0.0018790534260915593,-4.071921288967133,-64.28234,0.023852407513186336,0.0016212602127779973,-4.1081164509058,,,0.95,0.9,n2c,4.100957611616861,5.322929178756789,0.2717708956922843,0.0,-39.963066,2353.8043462579976,-16.610828
269,1784882492.624507,,5.28,,5.28,,4.799999999999999,,4.799999999999999,,7.200000000000002,,7.200000000000002,,1.9800000000000002,,1.9800000000000002,,2.759999999999999,,2.759999999999999,,4.972155787050724,,4.7568403707118705,,6.998295694589615,,1.8494095316855237,,2.787832712754607,0.12254416197538376,-0.003321454205433838,0.005865812818228733,2.5460040494799614,0.20396971702575684,0.6519647836685181,0.2178082913160324,0.13445477187633514,0.3625897169113159,0.30169638991355896,0.015868457034230232,8192,0.6307022571563721,4.27290678024292,0.028895974159240723,44105728,47080,21536,1346,-5.163209,0.008223108074162155,0.002634816391218919,-4.065294533967972,-47.37439,0.011062549156486056,0.0016717674487154,-4.082275450229645,,,0.95,0.9,n2c,3.968458549067583,4.376693011184507,0.2536997326054409,0.0,-27.02746,2387.110057631148,-5.163209
270,1784882563.352803,,5.28,,5.28,,4.799999999999999,,4.799999999999999,,7.200000000000002,,7.200000000000002,,1.9800000000000002,,1.9800000000000002,,2.759999999999999,,2.759999999999999,,5.00533842924051,,4.748174271546304,,7.40065155737102,,2.0965872714295983,,2.806100771704223,0.08783996850252151,-0.0010935204991255887,0.004540702451777179,2.5468375384807587,0.10386742651462555,0.7323232293128967,0.07529029250144958,-0.21594062447547913,0.23197157680988312,0.31620126962661743,0.01982325315475464,8192,0.6745467185974121,4.411370754241943,0.08503562211990356,44269568,47261,21616,1351,-7.544696,0.007316809589974582,0.0018792573333485051,-4.06166989505291,-56.16378,0.017945090570719913,0.00266612361301668,-4.053964230418205,,,0.95,0.9,n2c,3.9072132952592824,4.690698313746595,0.1974834422664922,0.0,-47.843678,2316.470295445318,-7.544696
271,1784882632.2249868,,5.28,,5.28,,4.799999999999999,,4.799999999999999,,7.200000000000002,,7.200000000000002,,1.9800000000000002,,1.9800000000000002,,2.759999999999999,,2.759999999999999,,5.3286877647042274,,5.072604817338288,,7.430802499875426,,2.027881424408406,,2.9303379678167403,0.09543782472610474,-0.0007974102045409381,0.00570181623697863,2.5571551620960236,0.29895827174186707,0.9024879932403564,0.25553998351097107,0.006782219745218754,0.2363653928041458,0.284080445766449,0.019210636615753174,8192,0.663427472114563,4.55806303024292,0.024811305105686188,44433408,47433,21696,1356,-21.440329,0.008071973045298364,0.002042406348482473,-4.08480895459652,-47.15894,0.008255004925013054,0.0015766975848237053,-4.093267476558685,,,0.95,0.9,n2c,3.7520969997185603,4.5844495948533135,0.2299434454324884,0.0,-36.604492,2378.8994521711165,-21.440329
272,1784882703.3445048,,5.28,,5.28,,4.799999999999999,,4.799999999999999,,7.200000000000002,,7.200000000000002,,1.9800000000000002,,1.9800000000000002,,2.759999999999999,,2.759999999999999,,5.873119262047112,,4.99007330276072,,6.720575284212828,,1.903243547771126,,2.7941137198358774,0.07893263548612595,-0.002070705726509914,0.0036628617490350734,2.5635358542203903,0.3177464008331299,0.7007843255996704,0.3088570237159729,-0.2283799946308136,0.22440412640571594,0.32445359230041504,0.018884770572185516,8192,0.6393861770629883,4.456225395202637,0.017851008102297783,44597248,47602,21776,1361,-5.465275,0.0066567374873557125,0.002993755743955262,-4.0704864174127575,-39.506294,0.007442486619402189,0.001517360465368256,-4.108907708525658,,,0.95,0.9,n2c,3.883495963791355,4.328311938931345,0.2157374858323554,0.0,-15.760117,2303.7277158879438,-5.465275
273,1784882772.817209,,5.28,,5.28,,4.799999999999999,,4.799999999999999,,7.200000000000002,,7.200000000000002,,1.9800000000000002,,1.9800000000000002,,2.759999999999999,,2.759999999999999,,5.538753921166062,,4.720687672263011,,6.607738669961691,,1.8480457410187228,,2.6607655193656683,0.10745875537395477,-0.00025241164257749915,0.00831685795856174,2.572492651641369,0.08005894720554352,0.7491603493690491,0.06414863467216492,0.2275325357913971,0.26675596833229065,0.4028361141681671,0.023123599588871002,8192,0.6248531341552734,4.275198459625244,0.07911012321710587,44761088,47780,21856,1366,-20.844074,0.007819234822818544,0.0028623386227991433,-4.107105168700218,-31.258001,0.014764538162853568,0.0011537353828316554,-4.1122137129306795,,,0.95,0.9,n2c,4.200730548889261,4.870078229232358,0.25143736830432895,0.0,-34.666725,2358.33625981455,-20.844074
274,1784882842.2852795,,5.28,,5.28,,4.799999999999999,,4.799999999999999,,7.200000000000002,,7.200000000000002,,1.9800000000000002,,1.9800000000000002,,2.759999999999999,,2.759999999999999,,4.510477085597813,,4.445969419553876,,6.872840823605657,,1.6633022301830351,,2.751739853993058,0.16604942083358765,-0.003664855583338067,0.028315203788224608,2.576315551996231,0.2389080673456192,0.7111837863922119,0.221754789352417,0.018287938088178635,0.44143784046173096,0.327319860458374,0.019341416656970978,8192,0.5860002040863037,4.048865795135498,0.014917018823325634,44924928,47954,21936,1371,-9.560797,0.00735814193758415,0.0039645688113523645,-4.178468424081802,-60.278084,0.010904198797652498,0.0020621814554033337,-4.121344432234764,,,0.95,0.9,n2c,4.202702600180051,4.193996161503783,0.2546334853322899,0.0,-23.0466,2358.4935842562695,-9.560797
275,1784882911.6070254,,5.28,,5.28,,4.799999999999999,,4.799999999999999,,7.200000000000002,,7.200000000000002,,1.9800000000000002,,1.9800000000000002,,2.759999999999999,,2.759999999999999,,4.969342663884163,,4.6160318069159985,,7.3927840979304165,,2.077646213583648,,2.6519757224596106,0.080010786652565,-0.0013637530501000583,0.004614961064362433,2.5799656733870506,0.1380065679550171,0.8832951188087463,0.09975407272577286,-0.14960522949695587,0.20666596293449402,0.38235825300216675,0.018981441855430603,8192,0.6618202924728394,4.341555595397949,0.059314362704753876,45088768,48132,22016,1376,-35.608215,0.009383748743857723,0.0011186295902007259,-4.144697064161301,-45.562668,0.015365632571047172,0.0008758486088481732,-4.120096591114998,,,0.95,0.9,n2c,3.7418021769608503,4.503704783012511,0.2525593670740769,0.0,-23.985641,2363.473101323887,-35.608215
276,1784882979.0637069,,5.28,,5.28,,4.799999999999999,,4.799999999999999,,7.200000000000002,,7.200000000000002,,1.9800000000000002,,1.9800000000000002,,2.759999999999999,,2.759999999999999,,5.0763462241739035,,4.639316386077553,,7.251749716699123,,2.093718657270074,,2.9520675502717495,0.1472497284412384,-0.000582945387577638,0.026208045543171465,2.5828174874186516,0.215598464012146,0.8307722806930542,0.18935216963291168,0.032355982810258865,0.44255757331848145,0.457405149936676,0.015898967161774635,8192,0.6940909624099731,4.402639865875244,0.1033625528216362,45252608,48302,22096,1381,-6.0217376,0.0061900363296444995,0.002871257610968314,-4.132256102561951,-52.104992,0.018899645132478327,0.0016052594073698856,-4.127251398563385,,,0.95,0.9,n2c,3.9784726966622643,4.883078855110878,0.27732861217836,0.0,-35.000946,2428.816711924502,-6.0217376
277,1784883046.0777833,,5.28,,5.28,,4.799999999999999,,4.799999999999999,,7.200000000000002,,7.200000000000002,,1.9800000000000002,,1.9800000000000002,,2.759999999999999,,2.759999999999999,,4.75748598203063,,5.060006117448211,,7.457886460237205,,1.975583747960627,,2.7593661807477474,0.12001220881938934,-0.0012847088946728036,0.02121688172337599,2.585235945880413,0.13250060379505157,0.8829092979431152,0.08210667967796326,0.16048240661621094,0.3448914885520935,0.33353298902511597,0.019898299127817154,8192,0.6436734795570374,4.402065753936768,0.032962195575237274,45416448,48499,22176,1386,-14.046407,0.007382424717070535,0.0033307707693893463,-4.172874218225479,-58.124584,0.03119510807446204,0.002068807305477094,-4.135066905617714,,,0.95,0.9,n2c,4.403671157379359,4.746090440478094,0.24297625642468135,0.0,-27.996923,2444.8596791660157,-14.046407
278,1784883115.7673538,,5.28,,5.28,,4.799999999999999,,4.799999999999999,,7.200000000000002,,7.200000000000002,,1.9800000000000002,,1.9800000000000002,,2.759999999999999,,2.759999999999999,,5.15741639630869,,4.2390943672508,,6.914028769824654,,1.8071804619394243,,2.599473087117076,0.31269246339797974,-0.0003466158959781751,0.04928670701337978,2.591135263442993,0.24794137477874756,0.8272788524627686,0.24570117890834808,-0.47310495376586914,0.7621636390686035,0.28904420137405396,0.014383383095264435,8192,0.6494573354721069,4.143439292907715,0.012574375607073307,45580288,48678,22256,1391,-3.9451911,0.005915455298236338,0.005324488300539087,-4.247951421141624,-25.500452,0.011099296812608373,-0.0005354940076358616,-4.169206830859184,,,0.95,0.9,n2c,4.492015990570733,3.9205649040396096,0.34146550641922413,0.0,-27.15408,2350.997236551774,-3.9451911
279,1784883183.8393126,,5.28,,5.28,,4.799999999999999,,4.799999999999999,,7.200000000000002,,7.200000000000002,,1.9800000000000002,,1.9800000000000002,,2.759999999999999,,2.759999999999999,,5.471619964111596,,4.991667069494724,,7.471633808687329,,1.9138117749243975,,2.551682960242033,0.1110759824514389,-0.003296408453024924,0.008569753852498252,2.590563453733921,0.16393999755382538,0.8663341999053955,0.15803314745426178,0.18349088728427887,0.2837541103363037,0.3231094777584076,0.01824258267879486,8192,0.648874819278717,4.480083465576172,0.08062763512134552,45744128,48867,22336,1396,-20.741291,0.00861245922278613,0.0012614237508387304,-4.247964471578598,-42.12474,0.010966953044408001,0.0020841824902163354,-4.228384345769882,,,0.95,0.9,n2c,4.007120427931601,5.203611688131298,0.26684226878885786,0.0,-39.319576,2406.864777181113,-20.741291
280,1784883252.9826782,,5.28,,5.28,,4.799999999999999,,4.799999999999999,,7.200000000000002,,7.200000000000002,,1.9800000000000002,,1.9800000000000002,,2.759999999999999,,2.759999999999999,,5.909791676327586,,4.934793584048748,,7.330656424164772,,2.1521123200654984,,3.0626442190259695,0.22297759354114532,-0.0003077785368077457,0.037726677604950964,2.5844213664531708,0.31039154529571533,0.8392180800437927,0.2655017375946045,-0.4679006040096283,0.5557586550712585,0.47334733605384827,0.0258893221616745,8192,0.6472035050392151,4.677999496459961,0.04813883826136589,45907968,49032,22416,1401,-13.011625,0.007137813504232327,0.0023664077816647477,-4.231966018676758,-14.832588,0.009579852536262479,0.002903473081823904,-4.273995059728622,,,0.95,0.9,n2c,3.9334586836379657,4.805042311158862,0.2542653916826487,0.0,-12.95648,2369.5693440358086,-13.011625
281,1784883319.4456668,,5.28,,5.28,,4.799999999999999,,4.799999999999999,,7.200000000000002,,7.200000000000002,,1.9800000000000002,,1.9800000000000002,,2.759999999999999,,2.759999999999999,,5.3252085112035275,,4.892160544637591,,7.6127778477966785,,2.009914393769577,,2.755390186794102,0.11102883517742157,-0.00810353341512382,0.008342332090251148,2.582004763185978,0.09919580072164536,0.6666529774665833,0.0959589034318924,0.09450311958789825,0.2700503468513489,0.3744514584541321,0.016080057248473167,8192,0.6938304901123047,4.519089698791504,0.06072327494621277,46071808,49206,22496,1406,-36.81424,0.012211322539951653,0.002005149077740498,-4.225950860977173,-33.81782,0.013777835204382426,0.0027988371686660683,-4.291103318333626,,,0.95,0.9,n2c,4.112209193173255,4.821641058077992,0.2578703060739619,0.0,-57.818733,2465.1314043749935,-36.81424
282,1784883388.5115836,,5.28,,5.28,,4.799999999999999,,4.799999999999999,,7.200000000000002,,7.200000000000002,,1.9800000000000002,,1.9800000000000002,,2.759999999999999,,2.759999999999999,,5.018831044435501,,5.001799203455448,,7.260136458091438,,2.013820768566802,,2.7618489964370383,0.07016036659479141,-0.0037947872187942266,0.004434581791429082,2.5847539827227592,0.21120518445968628,0.6609734892845154,0.29383593797683716,-0.008374095894396305,0.1932043582201004,0.38097646832466125,0.015058904886245728,8192,0.7089757323265076,4.411287307739258,0.11317557096481323,46235648,49371,22576,1411,-5.1228356,0.008702633636130486,0.0005413387640146539,-4.228831687569619,-49.05857,0.012924598369863816,0.004152822835021652,-4.250656554102898,,,0.95,0.9,n2c,4.570260258285876,5.2472666315842815,0.20171676055025062,0.0,-39.34353,2372.2276644239714,-5.1228356
283,1784883458.2924945,,5.28,,5.28,,4.799999999999999,,4.799999999999999,,7.200000000000002,,7.200000000000002,,1.9800000000000002,,1.9800000000000002,,2.759999999999999,,2.759999999999999,,4.957683040294796,,4.841597117483616,,6.567122172564268,,1.7506143227219582,,2.6284642678219825,0.09767654538154602,-0.004532621707767248,0.010242830365314148,2.5881163254380226,0.2254038006067276,0.8353897929191589,0.2215634286403656,0.2002730369567871,0.27123478055000305,0.26803165674209595,0.011406990699470043,8192,0.640824556350708,4.149096488952637,0.03441784158349037,46399488,49536,22656,1416,-6.243663,0.005792357995233033,0.002096408927172888,-4.203633698821068,-25.336575,0.00956773786310805,0.002631447807652876,-4.255399709939956,,,0.95,0.9,n2c,4.064305905178769,4.922818926980302,0.24433309897907046,0.0,-20.16736,2347.9203039066306,-6.243663
284,1784883526.2733438,,5.28,,5.28,,4.799999999999999,,4.799999999999999,,7.200000000000002,,7.200000000000002,,1.9800000000000002,,1.9800000000000002,,2.759999999999999,,2.759999999999999,,4.8793722009286284,,4.976727120578289,,7.759605016559362,,2.0407779069792014,,2.9246175261214375,0.1624944657087326,-0.0022642242402071133,0.03335457213688642,2.589700497686863,0.04778328910470009,0.7140055894851685,0.03958040848374367,0.17170895636081696,0.454511821269989,0.30092206597328186,0.013472921214997768,8192,0.6423935890197754,4.516219615936279,0.09670167416334152,46563328,49706,22736,1421,-21.28983,0.007228035725711379,0.0046409991104155775,-4.2081694394350055,-31.686268,0.009237284005212131,0.001788683669292368,-4.256783491373062,,,0.95,0.9,n2c,4.242616133966749,4.9880956579596205,0.2182018961216627,0.0,-34.567772,2410.0891016050127,-21.28983
285,1784883596.0825033,,5.28,,5.28,,4.799999999999999,,4.799999999999999,,7.200000000000002,,7.200000000000002,,1.9800000000000002,,1.9800000000000002,,2.759999999999999,,2.759999999999999,,5.730727345682681,,4.739482410252094,,7.034131804481149,,1.8123113624751568,,2.757640245370567,0.09789756685495377,-0.004570413089822978,0.0070997414804878645,2.5935126319527626,0.17573712766170502,0.7440486550331116,0.07087916880846024,0.23135912418365479,0.24431674182415009,0.3699739873409271,0.016390569508075714,8192,0.7050211429595947,4.414858818054199,0.11124493926763535,46727168,49877,22816,1426,-5.253246,0.006034905777778476,0.0033456150100391823,-4.1607308954000475,-27.674809,0.013220201362855732,0.0019129782303934917,-4.248170223832131,,,0.95,0.9,n2c,4.110132220316426,5.192935315755667,0.23198866073688335,0.0,-20.46431,2346.9699030472807,-5.253246
286,1784883665.1377673,,5.28,,5.28,,4.799999999999999,,4.799999999999999,,7.200000000000002,,7.200000000000002,,1.9800000000000002,,1.9800000000000002,,2.759999999999999,,2.759999999999999,,5.5104423109442,,5.270922210998833,,7.798594813793898,,2.0374731244519353,,3.0618726927787066,0.09679457545280457,-0.0001490982249379158,0.010011293401475996,2.5911405459046364,0.5520133376121521,0.7532830238342285,0.4792983829975128,-0.1986129879951477,0.2649531960487366,0.34552001953125,0.0166588444262743,8192,0.6613617539405823,4.735861301422119,0.013928130269050598,46891008,50046,22896,1431,-7.156308,0.006494008260779083,0.0032312687326339073,-4.173719072341919,-21.959911,0.007529094372875989,0.0023632355405425187,-4.24507158100605,,,0.95,0.9,n2c,4.142265538689882,4.414124513586058,0.2347213724976549,0.0,-22.916862,2372.5924855713333,-7.156308
287,1784883732.576152,,5.28,,5.28,,4.799999999999999,,4.799999999999999,,7.200000000000002,,7.200000000000002,,1.9800000000000002,,1.9800000000000002,,2.759999999999999,,2.759999999999999,,4.997419437393546,,4.393358115572482,,7.205470635555685,,1.9391719124396332,,2.629575244151056,0.10265122354030609,-0.002038843944319524,0.007414400490233675,2.595740057528019,0.15374048054218292,0.7765223979949951,0.13494348526000977,-0.11994153261184692,0.25962570309638977,0.39057981967926025,0.01718755066394806,8192,0.6952806711196899,4.232998847961426,0.14948046207427979,47054848,50216,22976,1436,-35.181488,0.01281008700025268,0.0019861437700456007,-4.181313779950142,-34.9624,0.01825164507026784,0.002322873624507338,-4.253276476264,,,0.95,0.9,n2c,4.02902139156255,5.640006642704864,0.22779802462973325,0.0,-35.53019,2429.4769171021567,-35.181488
288,1784883801.7944322,,5.28,,5.28,,4.799999999999999,,4.799999999999999,,7.200000000000002,,7.200000000000002,,1.9800000000000002,,1.9800000000000002,,2.759999999999999,,2.759999999999999,,4.913166696205735,,4.580177059397101,,7.228261785581708,,1.8262104634195566,,2.7828497383743525,0.12159174680709839,-0.0005759189953096211,0.00749431892472785,2.599833495914936,0.12256785482168198,0.802274763584137,0.09337211400270462,0.14429490268230438,0.29562923312187195,0.3835027813911438,0.017275137826800346,8192,0.6550625562667847,4.2661333084106445,0.15647421777248383,47218688,50379,23056,1441,-5.3816156,0.00674214573809877,0.003117591125192121,-4.155658477544785,-42.873768,0.014135149505455047,0.0020127065596170723,-4.217725369334221,,,0.95,0.9,n2c,3.7363616995037305,5.370480947227568,0.24709564965452868,0.0,-35.808544,2367.0048642636716,-5.3816156
289,1784883873.4892514,,5.28,,5.28,,4.799999999999999,,4.799999999999999,,7.200000000000002,,7.200000000000002,,1.9800000000000002,,1.9800000000000002,,2.759999999999999,,2.759999999999999,,5.642992774024606,,4.7152695916593075,,7.591676132753491,,2.0881209743674845,,2.881650223163888,0.09836256504058838,-0.0054030706523917615,0.008212667307816446,2.6007803082466125,0.20355215668678284,0.7680107355117798,0.15055161714553833,-0.003367464989423752,0.26475659012794495,0.3438100218772888,0.018062584102153778,8192,0.6854262948036194,4.58394193649292,0.16126562654972076,47382528,50546,23136,1446,-14.31778,0.008865333083667793,0.0023476044538256247,-4.127945259213448,-36.24555,0.0175582103402121,0.001781558303628117,-4.186089211702347,,,0.95,0.9,n2c,4.250194473500627,5.950843107890907,0.25361668600343373,0.0,-43.082874,2285.2419256979124,-14.31778
290,1784883947.117118,,5.28,,5.28,,4.799999999999999,,4.799999999999999,,7.200000000000002,,7.200000000000002,,1.9800000000000002,,1.9800000000000002,,2.759999999999999,,2.759999999999999,,5.618971676565707,,4.79591423436068,,7.1987644135952,,2.1053144289180636,,2.8779310300014913,0.13166093826293945,-0.002767704048892483,0.010638730986102019,2.5969056338071823,0.2208220362663269,0.834344208240509,0.14124715328216553,-0.5539814233779907,0.33099526166915894,0.43424952030181885,0.02252720668911934,8192,0.6796099543571472,4.519378662109375,0.15564687550067902,47546368,50728,23216,1451,-21.944641,0.012070303512155078,0.0005624501012789551,-4.107234784960747,-47.581837,0.022121341695310548,0.0014363087972014909,-4.160365054011345,,,0.95,0.9,n2c,3.721579785923928,5.243555754990801,0.24812795089536288,0.0,-20.80124,2225.244287107456,-21.944641
291,1784884017.6856549,,5.28,,5.28,,4.799999999999999,,4.799999999999999,,7.200000000000002,,7.200000000000002,,1.9800000000000002,,1.9800000000000002,,2.759999999999999,,2.759999999999999,,5.293957129120827,,4.847627250477672,,7.419664032757282,,2.049413969507441,,2.8927549735235516,0.20435082912445068,8.113625881378539e-05,0.035737675498239696,2.601264148950577,0.07193416357040405,0.8005877733230591,0.08243338018655777,0.13965046405792236,0.5321757197380066,0.43136316537857056,0.026269935071468353,8192,0.7048838138580322,4.500683784484863,0.06255403906106949,47710208,50909,23296,1456,-29.89198,0.013278937560971826,0.0013611230242531747,-4.09585492014885,-39.78107,0.01584895447595045,-0.00019907374662579967,-4.119767645001412,,,0.95,0.9,n2c,4.223102271895274,4.430404625445881,0.21341178885214127,0.0,-42.952263,2321.714706434587,-29.89198
292,1784884089.89459,,5.28,,5.28,,4.799999999999999,,4.799999999999999,,7.200000000000002,,7.200000000000002,,1.9800000000000002,,1.9800000000000002,,2.759999999999999,,2.759999999999999,,5.600289892870933,,5.347387194633484,,7.702261480502784,,1.9910284345969558,,2.984944587573409,0.21663205325603485,-0.005180908388865646,0.015641401143511757,2.604815110564232,0.10994451493024826,0.8464045524597168,0.06445015966892242,0.43239739537239075,0.5005775094032288,0.3869360089302063,0.019461121410131454,8192,0.6342632174491882,4.725182056427002,0.09962461143732071,47874048,51102,23376,1461,-31.10672,0.00904857966961572,0.001641352302976884,-4.086498621106148,-43.49579,0.01869401765288785,0.0008712157927220687,-4.104758703708649,,,0.95,0.9,n2c,3.771092464855351,4.992419158649279,0.3293118224991706,0.0,-11.493941,2268.971153070006,-31.10672
293,1784884160.6821125,,5.28,,5.28,,4.799999999999999,,4.799999999999999,,7.200000000000002,,7.200000000000002,,1.9800000000000002,,1.9800000000000002,,2.759999999999999,,2.759999999999999,,5.612906286260113,,5.2693759659305215,,7.959863163996488,,2.3169428249821067,,3.029136954806745,0.17461273074150085,-0.006911027943715453,0.010455097653903067,2.6030826047062874,0.12494991719722748,0.8390955924987793,0.08363324403762817,0.1504001021385193,0.39310187101364136,0.31858837604522705,0.01894749514758587,8192,0.5710858702659607,4.837645530700684,0.12844765186309814,48037888,51290,23456,1466,-22.545652,0.010812356817768886,0.0022338189621223135,-4.051164671778679,-51.15754,0.01774273898336105,0.0014691755874082445,-4.085462000966072,,,0.95,0.9,n2c,3.900753964067988,5.117949242299747,0.2907002089349099,0.0,-53.498108,2314.5332447740016,-22.545652
294,1784884230.6160996,,5.28,,5.28,,4.799999999999999,,4.799999999999999,,7.200000000000002,,7.200000000000002,,1.9800000000000002,,1.9800000000000002,,2.759999999999999,,2.759999999999999,,5.399015490897,,5.345509046688676,,6.886362340301275,,2.184145277366042,,2.9253376461565495,0.11428572237491608,4.8898684326559305e-05,0.02046811190666631,2.6058176830410957,0.1278436779975891,0.819460391998291,0.08056171983480453,0.17615669965744019,0.33696630597114563,0.3933973014354706,0.019016746431589127,8192,0.6597328782081604,4.548073768615723,0.12420735508203506,48201728,51464,23536,1471,-14.472234,0.00905626585445134,0.0021201550771365874,-4.051827844977379,-35.566532,0.017623176524648444,0.002225617082149256,-4.0608377933502195,,,0.95,0.9,n2c,3.831456434374079,5.843369630153975,0.2627530965796313,0.0,-53.9428,2342.7797272866883,-14.472234
295,1784884299.2525036,,5.28,,5.28,,4.799999999999999,,4.799999999999999,,7.200000000000002,,7.200000000000002,,1.9800000000000002,,1.9800000000000002,,2.759999999999999,,2.759999999999999,,5.069666124880314,,4.953776930458844,,7.064296777592972,,1.9653295469470322,,2.736239091027528,0.24466674029827118,-0.003487177862552926,0.027644011133816093,2.614881567656994,0.24458849430084229,0.7461902499198914,0.18394780158996582,-0.06232154369354248,0.5594048500061035,0.3878340423107147,0.014605117961764336,8192,0.685889720916748,4.357861518859863,0.04609685018658638,48365568,51635,23616,1476,-38.315342,0.012810778064886109,0.0017777802728232927,-4.0141766488552095,-25.123005,0.00884094347129576,0.001421648588438984,-4.07400384247303,,,0.95,0.9,n2c,3.8452966388883327,4.862962808879868,0.27244291227063744,0.0,-55.37713,2387.0713936396446,-38.315342
296,1784884367.61272,,5.28,,5.28,,4.799999999999999,,4.799999999999999,,7.200000000000002,,7.200000000000002,,1.9800000000000002,,1.9800000000000002,,2.759999999999999,,2.759999999999999,,5.516645066440105,,5.074867343530059,,7.781282132491469,,2.1274235311429948,,2.993928325828165,0.16210544109344482,-0.00668217585189268,0.03150562979863025,2.6173709630966187,0.19968628883361816,0.8352217674255371,0.26329028606414795,-0.6484459638595581,0.44652336835861206,0.389475554227829,0.017728107050061226,8192,0.6463698148727417,4.698829174041748,0.12332060933113098,48529408,51811,23696,1481,-31.241262,0.009469351300504058,0.0018469694972736762,-4.045406049489975,-27.864721,0.01756508473190479,0.0014674483449198306,-4.068209880590439,,,0.95,0.9,n2c,3.819412516819085,4.931523915042751,0.2107246594954772,0.0,-53.21354,2396.7157335608717,-31.241262
297,1784884437.9856567,,5.28,,5.28,,4.799999999999999,,4.799999999999999,,7.200000000000002,,7.200000000000002,,1.9800000000000002,,1.9800000000000002,,2.759999999999999,,2.759999999999999,,5.827531788498163,,5.471110871178098,,7.400773148983717,,2.241462009958923,,3.0055161577183753,0.06495696306228638,-0.004879890300799161,0.0047838784266787115,2.620080679655075,0.1501007229089737,0.724162757396698,0.11462962627410889,-0.10520673543214798,0.19443510472774506,0.3077068626880646,0.01070389710366726,8192,0.6058365702629089,4.789278984069824,0.03298608958721161,48693248,51979,23776,1486,-8.718524,0.007176986913691508,0.0035133470868458972,-4.039628836512565,-38.45832,0.008714731711370405,0.0010252290056087076,-4.049690273404122,,,0.95,0.9,n2c,3.941135915148551,4.152683666788936,0.2656258011160835,0.0,-44.82411,2328.167653753723,-8.718524
298,1784884507.2123027,,5.28,,5.28,,4.799999999999999,,4.799999999999999,,7.200000000000002,,7.200000000000002,,1.9800000000000002,,1.9800000000000002,,2.759999999999999,,2.759999999999999,,5.495242424309254,,5.162015544483438,,7.381207091733813,,2.0202819370897487,,2.8862479720264673,0.06471236050128937,-0.003547217696905136,0.001993759260585648,2.619850404560566,0.04162362217903137,0.8224030137062073,0.027291059494018555,-0.04418179765343666,0.16305814683437347,0.26211562752723694,0.012760083191096783,8192,0.6704196333885193,4.588999271392822,0.09855184704065323,48857088,52145,23856,1491,-6.3975234,0.00596700900932774,0.003326110112539027,-4.0566394358873366,-24.666672,0.010329802153864875,0.0010020052475738339,-4.061363101005554,,,0.95,0.9,n2c,4.156068164913952,4.994386771093017,0.2459655603293489,0.0,-33.29017,2366.718766559725,-6.3975234
299,1784884577.7171073,,5.28,,5.28,,4.799999999999999,,4.799999999999999,,7.200000000000002,,7.200000000000002,,1.9800000000000002,,1.9800000000000002,,2.759999999999999,,2.759999999999999,,4.991341867018491,,4.598143026698381,,6.991472505033016,,1.8089618162484837,,2.5213305151555687,0.13627749681472778,-0.00013912822760175914,0.011767578922444955,2.6251432970166206,0.3718004822731018,0.7754102945327759,0.33337318897247314,-0.001118939369916916,0.3721672296524048,0.23582549393177032,0.010173171758651733,8192,0.6493550539016724,4.182250022888184,0.0363326258957386,49020928,52309,23936,1496,-7.289817,0.006223068160761613,0.0018825985578587278,-4.080103161931038,-25.742727,0.005993433846742846,0.0011042163401725701,-4.08192230463028,,,0.95,0.9,n2c,4.097318906697647,4.819380250214634,0.20110993326541662,0.0,-26.981892,2323.8133165946906,-7.289817
300,1784884649.4546661,,5.28,,5.28,,4.799999999999999,,4.799999999999999,,7.200000000000002,,7.200000000000002,,1.9800000000000002,,1.9800000000000002,,2.759999999999999,,2.759999999999999,,5.584690492600203,,5.274427393916994,,7.954561960883439,,2.1894159661605954,,2.8684431295841932,0.12823337316513062,-0.002138263032975374,0.00845502068841597,2.6276669427752495,0.1100110113620758,0.7706602215766907,0.06259229779243469,-0.27620407938957214,0.3218584656715393,0.28972750902175903,0.01077699288725853,8192,0.5726761817932129,4.7743072509765625,0.1399163156747818,49184768,52480,24016,1501,-42.218456,0.00964448516460834,0.0011951618071179837,-4.081347957253456,-35.29992,0.008083177600929048,0.002724461568868719,-4.102257865667343,,,0.95,0.9,n2c,4.2259785383462845,6.05988873670601,0.20495835630580872,0.0,-23.684427,2283.8802553434293,-42.218456
301,1784884717.7446847,,5.28,,5.28,,4.799999999999999,,4.799999999999999,,7.200000000000002,,7.200000000000002,,1.9800000000000002,,1.9800000000000002,,2.759999999999999,,2.759999999999999,,4.8979779770597816,,4.530057309631957,,7.082584787160158,,1.8990929224528372,,2.5151501381769776,0.2085963785648346,-0.000521249050507322,0.02423227025428787,2.630225881934166,0.06531241536140442,0.8062184453010559,0.05680907145142555,0.2878865599632263,0.495599627494812,0.33667752146720886,0.014220275916159153,8192,0.6840404272079468,4.184972763061523,0.06946464627981186,49348608,52643,24096,1506,-13.749736,0.00966421381890541,0.0032948959997156635,-4.108199080824852,-29.666523,0.010456068784696982,0.0009052869296283461,-4.1023153275251385,,,0.95,0.9,n2c,4.325622928606142,4.503747591513443,0.270035126664557,0.0,-26.001186,2399.1793079661893,-13.749736
302,1784884785.9116044,,5.28,,5.28,,4.799999999999999,,4.799999999999999,,7.200000000000002,,7.200000000000002,,1.9800000000000002,,1.9800000000000002,,2.759999999999999,,2.759999999999999,,5.4419593177735806,,5.114686395972967,,7.248464053263888,,1.761571661569178,,2.657754601445049,0.10112639516592026,-0.0043373854423407465,0.01662068894074764,2.6336727291345596,0.1287219226360321,0.8373317122459412,0.10577331483364105,-0.1635713428258896,0.31638309359550476,0.3641713261604309,0.011415503919124603,8192,0.6741078495979309,4.444887638092041,0.12211089581251144,49512448,52808,24176,1511,-6.3719616,0.006693323446961585,0.00441434013810067,-4.1031642884016035,-47.504375,0.018021374120144172,-0.00015494781837332994,-4.130085319280624,,,0.95,0.9,n2c,4.602635873850301,4.833393929718816,0.21629619197964906,0.0,-61.160347,2403.511874957626,-6.3719616
303,1784884857.561706,,5.28,,5.28,,4.799999999999999,,4.799999999999999,,7.200000000000002,,7.200000000000002,,1.9800000000000002,,1.9800000000000002,,2.759999999999999,,2.759999999999999,,4.681605980731547,,4.6801269762218,,6.783827790175565,,1.8969079125672579,,2.7987005640752614,0.14442124962806702,-9.52550326474011e-05,0.01082049950491637,2.6345905661582947,0.2119613140821457,0.6806540489196777,0.1936788707971573,0.012084491550922394,0.3401593267917633,0.32905274629592896,0.01211722381412983,8192,0.6488238573074341,4.168233871459961,0.13642597198486328,49676288,52971,24256,1516,-8.075396,0.008206756688014138,0.0021049832837888973,-4.059956511855125,-29.203228,0.010239923946210183,0.0006177460178150796,-4.133910006284713,,,0.95,0.9,n2c,3.758258128552387,5.983986244698586,0.1840525487874245,0.0,-36.5978,2286.6683298068933,-8.075396
304,1784884931.5185132,,5.28,,5.28,,4.799999999999999,,4.799999999999999,,7.200000000000002,,7.200000000000002,,1.9800000000000002,,1.9800000000000002,,2.759999999999999,,2.759999999999999,,5.100946927443147,,5.106415482237935,,7.070539088919759,,2.024574678391218,,2.76216784119606,0.1198057010769844,-0.0016944817325565964,0.007090897997841239,2.6356384828686714,0.45575472712516785,0.8839758634567261,0.3579701781272888,-0.08274814486503601,0.30500704050064087,0.2923794090747833,0.013691836968064308,8192,0.6802405118942261,4.412928581237793,0.1163952648639679,49840128,53138,24336,1521,-15.760422,0.008784566943359096,0.0014693954784888775,-4.057713407278061,-59.958282,0.018058859376469626,0.0017712652595946565,-4.106742170453072,,,0.95,0.9,n2c,3.9294699274863105,5.108482013757279,0.16647304371687197,0.0,-46.5088,2215.350210346481,-15.760422
305,1784884990.7585337,,5.28,,5.28,,4.799999999999999,,4.799999999999999,,7.200000000000002,,7.200000000000002,,1.9800000000000002,,1.9800000000000002,,2.759999999999999,,2.759999999999999,,4.84388728113845,,4.4578354395926,,7.341763515258208,,1.917237724934239,,2.6582733164541423,0.12795545160770416,-0.007125211086531635,0.005824850435601547,2.6334116607904434,0.2048204392194748,0.807117223739624,0.21013623476028442,0.019609391689300537,0.3357155919075012,0.22566105425357819,0.008596720173954964,8192,0.6652868390083313,4.243799209594727,0.03983038663864136,49971200,53269,24400,1525,-7.320301,0.006851444712083321,0.0019544053910067307,-4.074460604786873,-27.873474,0.00700197511469014,0.0003551676192728337,-4.080527430772781,,,0.95,0.9,n2c,4.012668094379154,4.864195514603689,0.2215313447441311,0.0,-38.468178,2765.692781842235,-7.320301
