# _tick,_time,plr_track_ground_roughness,track_ground_roughness,plr_track_student_ground_roughness,track_student_ground_roughness,plr_track_pit_gap_low,track_pit_gap_low,plr_track_student_pit_gap_low,track_student_pit_gap_low,plr_track_pit_gap_high,track_pit_gap_high,plr_track_student_pit_gap_high,track_student_pit_gap_high,plr_track_stump_height_low,track_stump_height_low,plr_track_student_stump_height_low,track_student_stump_height_low,plr_track_stump_height_high,track_stump_height_high,plr_track_student_stump_height_high,track_student_stump_height_high,plr_track_stair_height_low,track_stair_height_low,plr_track_student_stair_height_low,track_student_stair_height_low,plr_track_stair_height_high,track_stair_height_high,plr_track_student_stair_height_high,track_student_stair_height_high,plr_track_stair_steps,track_stair_steps,plr_track_student_stair_steps,track_student_stair_steps,plr_track_ued_ground_roughness,track_ued_ground_roughness,plr_track_ued_pit_gap_low,track_ued_pit_gap_low,plr_track_ued_pit_gap_high,track_ued_pit_gap_high,plr_track_ued_stump_height_low,track_ued_stump_height_low,plr_track_ued_stump_height_high,track_ued_stump_height_high,plr_track_ued_stair_height_low,track_ued_stair_height_low,plr_track_ued_stair_height_high,track_ued_stair_height_high,plr_track_ued_stair_steps,track_ued_stair_steps,mean_env_return,adversary_env_pg_loss,adversary_env_value_loss,adversary_env_dist_entropy,dces_l_pi,dces_l_delta,dces_l_tot,dces_q_delta,dces_q_delta_std,dces_w1,dces_w2,dces_buf,dces_c_std,dces_c_absmean,dces_reg_std,steps,total_episodes,total_seeds,total_student_grad_updates,mean_agent_return,agent_value_loss,agent_pg_loss,agent_dist_entropy,mean_adversary_agent_return,adversary_value_loss,adversary_pg_loss,adversary_dist_entropy,kl_loss_advagent_agent,kl_loss_agent_advagent,dps_mode,agent_grad_norm,adversary_grad_norm,adversary_env_grad_norm,solved_rate:BipedalWalker-MADS-Hard-Eval-v0,test_returns:BipedalWalker-MADS-Hard-Eval-v0,sps,target_agent_return
0,1784861590.8245602,,8.0,,8.0,,6.0,,6.0,,10.0,,10.0,,1.0,,1.0,,4.0,,4.0,,2.0,,2.0,,5.0,,5.0,,8.0,,8.0,,8.039985803887248,,5.9544209856539965,,9.76071476074867,,0.9938884470611811,,4.203647651083884,,1.9673270047060214,,4.912993306294084,,7.9375,-0.10685394704341888,4.4623244320973754e-05,0.0020328500650066417,1.4176907800137997,1.0011330842971802,0.0,1.041851282119751,-0.22263795137405396,0.00160305539611727,0.769380509853363,0.6597159504890442,16,0.42013272643089294,5.471310138702393,0.09209298342466354,32768,233,16,1,-122.23045,0.40833987984806297,-0.0037406559378723612,5.661057308316231,-113.08828,0.1260983861749992,-0.0016993413897580466,5.676602473855018,,,static,0.38691715100451696,0.36247559484534253,0.6166103713039209,0.0,-118.60561,2090.7183328956176,-122.23045
1,1784861665.851518,,8.0,,8.0,,6.0,,6.0,,10.0,,10.0,,1.0,,1.0,,4.0,,4.0,,2.0,,2.0,,5.0,,5.0,,8.0,,8.0,,7.878142966888845,,5.922278804006055,,9.563386772759259,,0.8597400289145298,,4.049298570258543,,1.8300449014641345,,4.817482880083844,,7.9375,-0.13720861077308655,-0.0010224920115433633,0.007464598100341391,1.4185503236949444,0.9830378293991089,0.938319206237793,1.0064748525619507,0.02727575972676277,0.0014432537136599422,0.7826007604598999,0.6098112463951111,96,0.4507143795490265,5.357234477996826,0.028332306072115898,196608,1125,96,6,-115.81248,0.09758215458132327,-0.006009013966831844,5.610030072927475,-128.89365,0.01904570503975265,-0.0036780089321837295,5.634957242012024,,,static,0.3992232328303008,0.36234262192883426,0.7335630553120449,0.0,-113.28517,2183.7475148182275,-115.81248
2,1784861743.8698704,,8.0,,8.0,,6.0,,6.0,,10.0,,10.0,,1.0,,1.0,,4.0,,4.0,,2.0,,2.0,,5.0,,5.0,,8.0,,8.0,,7.845558231230825,,5.840441165084485,,9.6831492963247,,1.0081378379836679,,4.00852818437852,,1.9175668166717514,,4.846493880555499,,8.0625,-0.1054816022515297,-0.0006450056098401546,0.11169557814719155,1.4142680279910564,0.9455782175064087,0.9357719421386719,0.919625997543335,-0.02363494783639908,0.004472620785236359,0.8623118996620178,0.6126152873039246,176,0.4187079071998596,5.401546955108643,0.02973906695842743,360448,1406,176,11,-187.98068,0.032582374074263495,-0.0024010081484448164,5.474122422933578,-125.8268,0.01932922980049625,-0.002133251735358499,5.513480034470558,,,static,0.3683295761347678,0.37091578947219295,1.694308680730781,0.0,-146.281,2100.0196811833603,-187.98068
3,1784861820.1548219,,8.0,,8.0,,6.0,,6.0,,10.0,,10.0,,1.0,,1.0,,4.0,,4.0,,2.0,,2.0,,5.0,,5.0,,8.0,,8.0,,8.285005282610655,,6.345239753951319,,9.81334946025163,,1.1191090779320803,,4.184433319722302,,1.9031870872713625,,4.928467493620701,,8.375,-0.10431769490242004,-0.010268176149111241,0.053893718402832747,1.4142837524414062,0.8742794990539551,0.9349985122680664,0.7978304624557495,-0.028157515451312065,0.0023138050455600023,1.0916557312011719,0.613518238067627,256,0.3777799904346466,5.6192240715026855,0.020118484273552895,524288,1640,256,16,-167.10078,0.014012057846412063,-0.001659456212655641,5.260510036349297,-126.43581,0.01659622652223334,-0.002464179172238801,5.378617727756501,,,static,0.3367528940203304,0.4270288447365694,1.3522594317062906,0.0,-164.33353,2147.737059971226,-167.10078
4,1784861899.435224,,8.0,,8.0,,6.0,,6.0,,10.0,,10.0,,1.0,,1.0,,4.0,,4.0,,2.0,,2.0,,5.0,,5.0,,8.0,,8.0,,7.997526717139408,,5.673039621091448,,9.744980691932142,,0.8528860644437373,,3.7662855670787394,,1.7641211887821555,,4.859121497487649,,7.8125,-0.11915864795446396,-0.006701305217575282,0.02693611863651313,1.4123977683484554,0.7655039429664612,0.9338574409484863,0.5794010162353516,-0.03988904878497124,0.0076868473552167416,1.5812119245529175,0.6075695753097534,336,0.4148544371128082,5.308807849884033,0.026967668905854225,688128,1879,336,21,-141.96323,0.005335626642045099,-0.0020164114550425436,4.9727429956197735,-120.37755,0.020546502829529346,-0.0027734504576073958,5.170075008273125,,,static,0.4295971590085713,0.4478850642553104,1.1276339695658437,0.0,-143.18118,2066.588936380589,-141.96323
5,1784861978.5738192,,8.0,,8.0,,6.0,,6.0,,10.0,,10.0,,1.0,,1.0,,4.0,,4.0,,2.0,,2.0,,5.0,,5.0,,8.0,,8.0,,8.089225395582616,,6.125066838692874,,9.694586876779795,,0.935013736365363,,3.906123823224334,,1.90358442440629,,4.851879892870784,,7.6875,-0.09119556099176407,0.0020397244370542467,0.002861544184270315,1.388634592294693,0.6560081243515015,0.9310060739517212,0.3387787640094757,-0.0028395368717610836,0.02023037150502205,2.1362061500549316,0.618660032749176,416,0.39045047760009766,5.399122714996338,0.021655071526765823,851968,2138,416,26,-127.65047,0.00828885857190471,-0.003648918872931972,4.699290338158607,-112.43617,0.02226744928630069,-0.0016213239810895174,4.960069191455841,,,static,0.4469986005972354,0.5163930260466918,0.7444799705146283,0.0,-127.35435,2070.2919078414893,-127.65047
6,1784862057.104526,,8.0,,8.0,,6.0,,6.0,,10.0,,10.0,,1.0,,1.0,,4.0,,4.0,,2.0,,2.0,,5.0,,5.0,,8.0,,8.0,,7.68188429082511,,5.967520609498024,,9.639188877306879,,0.8028616084775422,,3.8034507172415033,,1.8360910391202196,,4.736061815172434,,7.8125,-0.1253950297832489,0.0005624878685921431,0.016384728478442412,1.3864115253090858,0.5675190687179565,0.9277795553207397,0.2975815534591675,-0.02591615356504917,0.0344461053609848,2.0772886276245117,0.6033811569213867,496,0.4322381615638733,5.284944534301758,0.042654551565647125,1015808,2392,496,31,-111.06987,0.00998672613350209,-0.005237985163694248,4.5020750015974045,-102.90804,0.023973621864570305,-0.001761475356761366,4.7234558165073395,,,static,0.4788688315929949,0.5539774911312659,1.1065723289716574,0.0,-138.33784,2086.318188408715,-111.06987
7,1784862133.3674436,,8.0,,8.0,,6.0,,6.0,,10.0,,10.0,,1.0,,1.0,,4.0,,4.0,,2.0,,2.0,,5.0,,5.0,,8.0,,8.0,,8.047538648592308,,5.877873990684748,,9.60634055081755,,0.925854597822763,,3.86112593812868,,1.8910616654902697,,4.850418895133771,,7.875,-0.10329026728868484,-0.004434594098711386,0.005148280513822101,1.3777028992772102,0.4591025412082672,0.9252445697784424,0.20667141675949097,-0.02157147042453289,0.01855378784239292,1.5831639766693115,0.5846162438392639,576,0.42044520378112793,5.366901397705078,0.03060539811849594,1179648,2643,576,36,-103.957504,0.009562962644849904,-0.004799930346780457,4.248756769299507,-108.548965,0.019630978209897877,-0.0026538739970419557,4.508720344305038,,,static,0.5291075685806164,0.6361376961422163,0.7154494030155774,0.0,-111.93091,2148.356698659543,-103.957504
8,1784862209.4659507,,8.0,,8.0,,6.0,,6.0,,10.0,,10.0,,1.0,,1.0,,4.0,,4.0,,2.0,,2.0,,5.0,,5.0,,8.0,,8.0,,7.71755682118237,,5.8986795311793685,,9.527423171442933,,0.8586735481512733,,3.991491753840819,,1.7315269137034193,,4.812280013691634,,7.9375,-0.11497002094984055,-0.0011756918393075466,0.008417438559263246,1.3689833171665668,0.3567800521850586,0.8941006064414978,0.2522217035293579,0.06302135437726974,0.03319632261991501,1.378068447113037,0.5373655557632446,656,0.4271242022514343,5.309391975402832,0.03981104865670204,1343488,2908,656,41,-130.53793,0.012511184366303496,-0.002932252564642113,3.9396970599889753,-110.039474,0.021068040310638025,-0.0016868229751707986,4.303529825806618,,,static,0.5728337078190255,0.6838458555122665,0.8815186196987844,0.0,-134.22153,2152.9984217155907,-130.53793
9,1784862283.4081478,,8.0,,8.0,,6.0,,6.0,,10.0,,10.0,,1.0,,1.0,,4.0,,4.0,,2.0,,2.0,,5.0,,5.0,,8.0,,8.0,,8.340004937723279,,6.275469342246652,,9.920545272063464,,1.1983671701163985,,4.213639375491766,,2.253354084910825,,4.935736413113773,,8.5,-0.0996345728635788,-0.0012999751197639853,0.001232022079420858,1.3638973124325275,0.4809728264808655,0.8804066181182861,0.2967842221260071,0.032279402017593384,0.044135622680187225,1.095212697982788,0.5236688852310181,736,0.36835700273513794,5.704639434814453,0.028428897261619568,1507328,3136,736,46,-102.08745,0.014785070504876785,-0.003746074881928507,3.6992955207824707,-104.92937,0.02117931382963434,-0.002552294119959697,4.091860830783844,,,static,0.5519107326025324,0.6316704182308873,0.590233205161104,0.0,-107.24873,2215.7872211993385,-102.08745
10,1784862357.7417302,,8.0,,8.0,,6.0,,6.0,,10.0,,10.0,,1.0,,1.0,,4.0,,4.0,,2.0,,2.0,,5.0,,5.0,,8.0,,8.0,,8.051150482846424,,6.018773706280626,,9.859757876954973,,1.2397524025291204,,3.947118850192055,,2.146400580822956,,4.921138167846948,,8.125,-0.07777304947376251,-0.002387577318586409,0.004561500441923272,1.348522536456585,0.4295366704463959,0.8714317679405212,0.29652076959609985,0.09388396143913269,0.055211495608091354,1.0973832607269287,0.5096625089645386,816,0.3944803476333618,5.538636684417725,0.039431698620319366,1671168,3333,816,51,-89.937355,0.007602964615216479,-0.0029423476080410182,3.4284958094358444,-116.52435,0.017573926091426984,-0.001960996544221416,3.864524406194687,,,static,0.6405061851305855,0.7776815135014523,0.8001974626263787,0.0,-104.12587,2204.1160285964434,-89.937355
11,1784862431.7191908,,8.0,,8.0,,6.0,,6.0,,10.0,,10.0,,1.0,,1.0,,4.0,,4.0,,2.0,,2.0,,5.0,,5.0,,8.0,,8.0,,7.706143341376446,,5.982477896148339,,9.720836205873638,,0.9615712608210742,,3.9654560474446043,,1.969261321472004,,4.87462334393058,,8.0625,-0.050087034702301025,-0.0014034562045708299,0.002445430573061458,1.3392739072442055,0.4959661364555359,0.852314829826355,0.37493109703063965,-0.10274974256753922,0.1518995463848114,0.8378879427909851,0.4993337392807007,896,0.41644322872161865,5.40535831451416,0.024007879197597504,1835008,3516,896,56,-82.304504,0.005634804685541894,-0.003083924582460895,3.107477234303951,-111.359924,0.010067711389274337,-0.0017806953263061586,3.640365181863308,,,static,0.7303077808953796,0.8437326825459056,0.8181618254808612,0.0,-95.66209,2214.727861302217,-82.304504
12,1784862506.5955868,,8.0,,8.0,,6.0,,6.0,,10.0,,10.0,,1.0,,1.0,,4.0,,4.0,,2.0,,2.0,,5.0,,5.0,,8.0,,8.0,,8.444821675657295,,6.268752980977297,,9.878187756985426,,1.1336724027059972,,4.2125924084102735,,2.29833502904512,,4.9416794998105615,,8.25,-0.08063739538192749,-0.002110559493303299,0.00618387749636895,1.3437760099768639,0.4677419662475586,0.9308292269706726,0.44701090455055237,-0.045956626534461975,0.07780833542346954,0.7623133063316345,0.41946303844451904,976,0.3684471845626831,5.678504943847656,0.02163849025964737,1998848,3692,976,61,-77.13198,0.0060371125684469005,-0.002134104637661949,2.7544424712657927,-109.30473,0.009691030968679116,-0.002314543140528258,3.4554831340909002,,,static,0.7962750302343403,0.9057085876426896,0.9958657383668922,0.0,-84.54055,2188.139392858736,-77.13198
13,1784862581.4256635,,8.0,,8.0,,6.0,,6.0,,10.0,,10.0,,1.0,,1.0,,4.0,,4.0,,2.0,,2.0,,5.0,,5.0,,8.0,,8.0,,7.97667867236305,,6.309768519597128,,9.89575810590759,,1.0909323561936617,,4.1172822448424995,,2.0499822664714884,,4.851730641210452,,8.1875,-0.06657879054546356,-0.0037888676743023098,0.024314997528563254,1.342811729758978,0.5005099177360535,0.8837701678276062,0.304969847202301,0.07116467505693436,0.04265609011054039,0.8846249580383301,0.3795258402824402,1056,0.36539164185523987,5.559953689575195,0.024058276787400246,2162688,3869,1056,66,-71.02125,0.00407779075903818,-0.0015929936373140663,2.436458756029606,-104.598694,0.010208730419981294,-0.002073330112034455,3.2206860184669495,,,static,0.943705372387704,0.929588459790079,0.9471436935214863,0.0,-83.37998,2189.4951562211054,-71.02125
14,1784862655.2107768,,8.0,,8.0,,6.0,,6.0,,10.0,,10.0,,1.0,,1.0,,4.0,,4.0,,2.0,,2.0,,5.0,,5.0,,8.0,,8.0,,8.256130201974884,,6.045817392878234,,9.843060105573386,,1.0190171550493687,,4.133151823130902,,1.9241843447452993,,4.886747939046472,,8.3125,-0.06735087931156158,-0.0010705865861382335,0.06775707626366057,1.3259077221155167,0.5042141079902649,0.851100742816925,0.4126887619495392,0.0921860784292221,0.09141751378774643,0.9584373235702515,0.3791968524456024,1136,0.40316811203956604,5.552576065063477,0.02183733880519867,2326528,4035,1136,71,-63.81731,0.006726674317906145,-0.0015296957863029093,2.1425017684698107,-99.444626,0.010372815886512399,-0.001992092498403508,2.9727109506726266,,,static,0.9388241952431585,0.9199711693122055,1.4423328731281964,0.0,-82.19326,2220.50327211494,-63.81731
15,1784862727.908263,,8.0,,8.0,,6.0,,6.0,,10.0,,10.0,,1.0,,1.0,,4.0,,4.0,,2.0,,2.0,,5.0,,5.0,,8.0,,8.0,,7.702207516878843,,5.747573563829064,,9.736237275297754,,0.8213581021118443,,3.801441094488837,,1.9393668635748327,,4.812570249196142,,7.8125,-0.06815533339977264,-0.003949099977035075,0.0032543417037231848,1.321554321795702,0.5724388360977173,0.860001266002655,0.47833603620529175,0.11186543107032776,0.1447872817516327,0.7406137585639954,0.367329865694046,1216,0.42439305782318115,5.296657085418701,0.030879829078912735,2490368,4208,1216,76,-78.44646,0.01104434251319617,-0.0017929371751961298,1.9192274674773215,-91.96184,0.009864232648396865,-0.0009673620937974192,2.7310935288667677,,,static,0.9859091848251161,1.0730306802889902,0.7309458848970172,0.0,-88.49482,2253.721551373972,-78.44646
16,1784862802.946938,,8.0,,8.0,,6.0,,6.0,,10.0,,10.0,,1.0,,1.0,,4.0,,4.0,,2.0,,2.0,,5.0,,5.0,,8.0,,8.0,,8.406407365924679,,6.394058795296587,,9.842605429701507,,1.157359510078095,,3.98197585134767,,2.1515897373028565,,4.985820584697649,,8.0625,-0.0849425345659256,-0.004071493953233585,0.01732187971356325,1.3134278655052185,0.5315119028091431,0.8990814685821533,0.3193126618862152,0.027532439678907394,0.036871347576379776,0.8607856631278992,0.336698055267334,1296,0.3535999357700348,5.6227898597717285,0.020419813692569733,2654208,4390,1296,81,-71.54595,0.01455666838446632,-0.00037151735305087643,1.6777101121842861,-89.394165,0.014462632650975138,-0.001208466981188394,2.5205879703164102,,,static,1.0735040629706394,1.1533418080467335,0.968543313819447,0.0,-78.067955,2183.407510429474,-71.54595
17,1784862878.2670183,,8.0,,8.0,,6.0,,6.0,,10.0,,10.0,,1.0,,1.0,,4.0,,4.0,,2.0,,2.0,,5.0,,5.0,,8.0,,8.0,,7.837461222195998,,5.708570846822113,,9.499558656010777,,0.9218818754889071,,3.8394413660280406,,1.805897275917232,,4.841807471355423,,7.625,-0.07300594449043274,-0.01056817959761247,0.006321850469248602,1.3129042237997055,0.6799290180206299,0.8968268632888794,0.515658438205719,0.05178628861904144,0.13481321930885315,0.5432971715927124,0.3128129839897156,1376,0.4097447991371155,5.259952545166016,0.030901771038770676,2818048,4597,1376,86,-58.962414,0.012499690768891014,-0.00035338185261934996,1.5044390000402927,-111.43254,0.020506690815091135,-0.0002785771284834482,2.3857352674007415,,,static,1.1615482326978523,1.187362803241006,0.9403698195776143,0.0,-82.07995,2175.2491885839027,-58.962414
18,1784862954.6480858,,8.0,,8.0,,6.0,,6.0,,10.0,,10.0,,1.0,,1.0,,4.0,,4.0,,2.0,,2.0,,5.0,,5.0,,8.0,,8.0,,8.051614449359477,,5.752813134109601,,9.68838322215015,,0.9540906825568527,,4.0423945102375,,2.0373057818505913,,4.788281440502033,,7.625,-0.06562212109565735,-0.011255195364356041,0.0038956236676312983,1.3110886067152023,0.4823385179042816,0.8484369516372681,0.4848758578300476,-0.2643936276435852,0.12484827637672424,0.8259619474411011,0.29282689094543457,1456,0.41403305530548096,5.367485523223877,0.024390481412410736,2981888,4771,1456,91,-42.975754,0.004642694561334792,-0.0026866229774896054,1.2288343839347362,-85.734695,0.013192575890570879,-0.0018809625689755194,2.1683690369129183,,,static,1.223773028604556,1.105269848257207,0.8149122669793765,0.0,-74.851135,2145.035074943947,-42.975754
19,1784863029.8856542,,8.0,,8.0,,6.0,,6.0,,10.0,,10.0,,1.0,,1.0,,4.0,,4.0,,2.0,,2.0,,5.0,,5.0,,8.0,,8.0,,8.114188725594431,,6.392891904339194,,9.938276638626121,,1.0388307991670445,,4.02468358213082,,2.1238717092201114,,4.860835243482143,,8.25,-0.038840290158987045,-0.0006895885162521154,0.004178214650892187,1.3014920391142368,0.6109103560447693,0.8231326341629028,0.45734158158302307,-0.10397716611623764,0.1496618688106537,0.621882438659668,0.265671968460083,1536,0.37871867418289185,5.592947483062744,0.03638361021876335,3145728,5005,1536,96,-50.026093,0.011049403855577112,0.00020181512663839385,1.0257302105426789,-93.76027,0.03972496772184968,-0.0010928447125479579,2.0106536865234377,,,static,1.3446973518056133,1.2840792343443062,0.7767053834364908,0.0,-83.26894,2177.6352758162,-50.026093
20,1784863106.0332184,,8.0,,8.0,,6.0,,6.0,,10.0,,10.0,,1.0,,1.0,,4.0,,4.0,,2.0,,2.0,,5.0,,5.0,,8.0,,8.0,,7.974530027247965,,6.114186283200979,,9.8333709994331,,1.1215623647440225,,3.9295027509506326,,1.9900571525213309,,4.937723672017455,,8.0,-0.050526075065135956,-0.004290515556931496,0.04446719409315847,1.289922270923853,0.5769038796424866,0.9608504772186279,0.41737163066864014,0.11176620423793793,0.09527456760406494,0.6745022535324097,0.24769893288612366,1616,0.37965813279151917,5.487616062164307,0.061884935945272446,3309568,5240,1616,101,-41.70571,0.006672362089739181,0.0009024513536132872,0.8236352268606424,-95.42627,0.054217415815219286,-0.0010570075552095658,1.9081482373178005,,,static,1.4714618618718562,1.185664505243403,1.3623313446309462,0.0,-73.819046,2151.611285887045,-41.70571
21,1784863181.6195679,,8.0,,8.0,,6.0,,6.0,,10.0,,10.0,,1.0,,1.0,,4.0,,4.0,,2.0,,2.0,,5.0,,5.0,,8.0,,8.0,,8.544407231209334,,6.539927453151904,,9.954963025636971,,1.2830927682225592,,4.313106523361057,,2.2078361231833696,,4.923786469735205,,8.625,-0.07218286395072937,-0.00018458766862750053,0.03015614117612131,1.2801043279469013,0.665878176689148,0.9147456884384155,0.53919917345047,0.0639835000038147,0.16583959758281708,0.7843573093414307,0.22279958426952362,1696,0.3145393133163452,5.799015045166016,0.017332561314105988,3473408,5413,1696,106,-48.95672,0.009291062492411583,0.0006015813400154002,0.6044008322060108,-80.12602,0.013617701514158398,-0.0007294149283552543,1.735650287568569,,,static,1.4847887586706907,1.357083472443605,0.8997134891151599,0.0,-66.25974,2167.5881217483325,-48.95672
22,1784863257.973971,,8.0,,8.0,,6.0,,6.0,,10.0,,10.0,,1.0,,1.0,,4.0,,4.0,,2.0,,2.0,,5.0,,5.0,,8.0,,8.0,,8.46254223329015,,6.75659235753119,,9.847551975399256,,1.2861893248045817,,4.170300177996978,,2.227191302983556,,5.0,,8.5,-0.07759838551282883,0.0002954755909740925,0.010261194365739357,1.2778648287057877,0.46425139904022217,0.887661337852478,0.3611130714416504,-0.16184596717357635,0.14647774398326874,0.7557408213615417,0.2171487808227539,1776,0.2942381799221039,5.7812957763671875,0.023083720356225967,3637248,5590,1776,111,-37.18175,0.007425990948104299,-0.0017447865335270762,0.45102146081626415,-79.49216,0.01191751539008692,-0.00012208625121274964,1.5548197500407697,,,static,1.4672545764763993,1.4179637497441857,0.9005494834195256,0.0,-57.23833,2145.782897397361,-37.18175
23,1784863332.7253733,,8.0,,8.0,,6.0,,6.0,,10.0,,10.0,,1.0,,1.0,,4.0,,4.0,,2.0,,2.0,,5.0,,5.0,,8.0,,8.0,,7.226117946207523,,5.216873833909631,,9.161556903272867,,0.6107468386180699,,3.696078956592828,,1.6050066063180566,,4.56615592725575,,7.25,-0.207139253616333,0.00093834288418293,0.021767649843241088,1.2848492935299873,0.5004520416259766,0.8850071430206299,0.3252685070037842,0.004922897554934025,0.039961203932762146,0.7673506140708923,0.21376462280750275,1856,0.22627659142017365,4.916567325592041,0.035357698798179626,3801088,5775,1856,116,-34.210213,0.007464586189598776,0.0007296347561350558,0.2530465304851532,-84.45292,0.01673534983419813,0.00037874892877880483,1.358678699284792,,,static,1.5530027704937106,1.59292478338369,1.1086647855115626,0.0,-77.275696,2191.7982418641445,-34.210213
24,1784863408.356816,,8.0,,8.0,,6.0,,6.0,,10.0,,10.0,,1.0,,1.0,,4.0,,4.0,,2.0,,2.0,,5.0,,5.0,,8.0,,8.0,,8.089541920926422,,5.908416286110878,,9.801915763877332,,1.0029547681042459,,4.023681555176154,,2.116598076419905,,4.9261475638486445,,8.0625,0.052867282181978226,-0.0002771391882561147,0.010903940637945198,1.2781282179057598,0.6055598258972168,0.9711533188819885,0.5008097887039185,-0.2677077353000641,0.31611162424087524,0.5704154968261719,0.18669047951698303,1936,0.37732186913490295,5.491469860076904,0.021295180544257164,3964928,5950,1936,121,-34.630333,0.007016760436818004,0.0007791145486407913,0.12209305986762047,-78.7613,0.014400491383275949,-6.467997809522785e-05,1.2069311536848546,,,static,1.6049960242544423,1.4590666308262858,0.8271856127618773,0.0,-90.208786,2166.294459382119,-34.630333
25,1784863482.8565137,,8.0,,8.0,,6.0,,6.0,,10.0,,10.0,,1.0,,1.0,,4.0,,4.0,,2.0,,2.0,,5.0,,5.0,,8.0,,8.0,,7.483934784424491,,5.691725119948387,,9.557551380246878,,0.7743305489420891,,3.8290245784446597,,1.8323004632256925,,4.729581233114004,,7.4375,-0.08872930705547333,-0.0002316259779036045,0.0347811234096298,1.2721106596291065,0.6960086226463318,0.9727193117141724,0.5674251914024353,0.050226178020238876,0.13777412474155426,0.5354886054992676,0.17175151407718658,2016,0.3804759681224823,5.166993618011475,0.036548830568790436,4128768,6141,2016,126,-25.645584,0.0042056554768350905,0.0006211010157130658,-0.038692016154527664,-91.32799,0.028520025522448124,0.00039443690911866724,1.1100551135838033,,,static,1.7353062758336908,1.335421861812711,1.0955484251078658,0.0,-73.982735,2199.2065945561294,-25.645584
26,1784863559.896256,,8.0,,8.0,,6.0,,6.0,,10.0,,10.0,,1.0,,1.0,,4.0,,4.0,,2.0,,2.0,,5.0,,5.0,,8.0,,8.0,,8.088988353032619,,6.095439423806965,,9.699857445899397,,1.034552902856376,,4.006023745634593,,1.9626815329538658,,4.843281865119934,,8.125,-0.04818016290664673,-0.00701695925090462,0.001801664438971784,1.266807060688734,0.4093748927116394,0.7216857671737671,0.3956317603588104,0.04084212705492973,0.10429444909095764,0.6891666650772095,0.1709807813167572,2096,0.389174222946167,5.481977939605713,0.037583284080028534,4292608,6361,2096,131,-34.321648,0.006627220491645857,0.00135017493594205,-0.23492249492555856,-81.51897,0.03252569668693468,-0.0009735072701005266,1.017052035778761,,,static,1.869092946324642,1.5288254077016337,0.7934947780042751,0.0,-47.13615,2126.692263109618,-34.321648
27,1784863634.2217212,,8.0,,8.0,,6.0,,6.0,,10.0,,10.0,,1.0,,1.0,,4.0,,4.0,,2.0,,2.0,,5.0,,5.0,,8.0,,8.0,,8.3081568130292,,6.460516112390906,,9.874378887470812,,1.1005469385854667,,4.104475506814197,,2.165229964070022,,4.921126384520903,,8.4375,-0.07531826943159103,-0.0013534988975152373,0.0012333869308349676,1.2651911787688732,0.44638898968696594,0.7772059440612793,0.36697137355804443,-0.02105817012488842,0.07157783955335617,0.7786511778831482,0.18232086300849915,2176,0.3393392562866211,5.671491622924805,0.02961033396422863,4456448,6560,2176,136,-20.84813,0.006616381344792898,0.002427208219887689,-0.41389546282589434,-82.85057,0.03266481602331624,-0.0003064774384256452,0.9304828315973281,,,static,1.9714964632646985,1.4951248567802158,0.5726265939047488,0.0,-54.315807,2204.358895426453,-20.84813
28,1784863706.742858,,8.0,,8.0,,6.0,,6.0,,10.0,,10.0,,1.0,,1.0,,4.0,,4.0,,2.0,,2.0,,5.0,,5.0,,8.0,,8.0,,7.974121092585847,,5.893448211252689,,9.714913730276749,,0.8820404435391538,,3.840907752572093,,2.001293887849897,,4.8014371084282175,,8.125,-0.053987182676792145,-0.005475499609019607,0.023464337471523322,1.2681089639663696,0.9156416058540344,0.9351603984832764,0.629237711429596,0.09858839958906174,0.12678135931491852,0.5241845846176147,0.17114180326461792,2256,0.4057695269584656,5.40414571762085,0.049734678119421005,4620288,6756,2256,141,-18.822378,0.003784153146989411,0.00016221329278778284,-0.5989877235144376,-86.82539,0.03894666318083182,-0.00012823662036680615,0.8116414770483971,,,static,1.9191661315864201,1.5114868927064773,1.1069770207167249,0.0,-62.52314,2259.20277769178,-18.822378
29,1784863779.302733,,8.0,,8.0,,6.0,,6.0,,10.0,,10.0,,1.0,,1.0,,4.0,,4.0,,2.0,,2.0,,5.0,,5.0,,8.0,,8.0,,7.669664031360298,,5.836270877625793,,9.568735181353986,,0.8240522204432636,,3.735182754462585,,1.956438209166663,,4.731878484599292,,7.5625,-0.09784010052680969,-0.02208956569666043,0.0009274665026168805,1.2589339092373848,0.41142576932907104,0.8923978209495544,0.18877069652080536,0.0037265289574861526,0.08280356228351593,0.6963238716125488,0.17015452682971954,2336,0.3887919783592224,5.235589981079102,0.028915222734212875,4784128,6948,2336,146,-25.093752,0.006408626047777944,-0.000689187778334599,-0.7791101817041636,-65.03779,0.015554963174508885,-0.0007876041127019562,0.7085511114448309,,,static,1.961355985987515,1.565443647591201,0.8636342058032285,0.0,-83.96215,2257.9967350285415,-25.093752
30,1784863855.599758,,8.0,,8.0,,6.0,,6.0,,10.0,,10.0,,1.0,,1.0,,4.0,,4.0,,2.0,,2.0,,5.0,,5.0,,8.0,,8.0,,8.21255636960268,,6.550676551647484,,9.917645162495319,,1.2597489429172128,,4.219230358692585,,2.1633305003633723,,4.963853540830314,,8.3125,-0.06404157727956772,-8.323090150952339e-05,0.0309350387979066,1.253767691552639,0.45447495579719543,0.8597854971885681,0.23822596669197083,0.2660194933414459,0.15211306512355804,0.5124830007553101,0.16890084743499756,2416,0.35938286781311035,5.699942588806152,0.029727406799793243,4947968,7144,2416,151,-22.066256,0.0060727942531229925,0.0023073505581123754,-0.9468922041356563,-73.61635,0.014100587472785264,-0.00016093948215711862,0.5724094793200493,,,static,2.0890830412515733,1.8599917372241748,1.171111259599884,0.0,-40.63492,2147.3969341979773,-22.066256
31,1784863926.872534,,8.0,,8.0,,6.0,,6.0,,10.0,,10.0,,1.0,,1.0,,4.0,,4.0,,2.0,,2.0,,5.0,,5.0,,8.0,,8.0,,7.78339974489063,,6.145772991701961,,9.614220555871725,,1.092684391187504,,3.8828372962307185,,1.9002671836642548,,4.761933558853343,,7.625,-0.06693135201931,-0.014240965014323592,0.0016130679250636604,1.252926990389824,0.38704949617385864,0.8523823022842407,0.13858230412006378,-0.08926637470722198,0.08197836577892303,0.6034810543060303,0.16446226835250854,2496,0.3537445068359375,5.350764751434326,0.02366291731595993,5111808,7330,2496,156,-21.532295,0.005861647173878737,0.0018905234159319662,-1.1035220064222813,-52.33474,0.012742822253494523,0.0006778208145988174,0.48961056750267745,,,static,2.152763828849415,1.8022029410653961,0.8830382794627516,0.0,-81.71663,2298.773989682601,-21.532295
32,1784863999.4466467,,8.0,,8.0,,6.0,,6.0,,10.0,,10.0,,1.0,,1.0,,4.0,,4.0,,2.0,,2.0,,5.0,,5.0,,8.0,,8.0,,7.620911304373294,,5.627581101842225,,9.761226383037865,,0.9338956332649104,,3.827832000795752,,1.9437076181638986,,4.81488157203421,,7.6875,-0.06706177443265915,-0.007940802308439743,0.03387541763368063,1.2475705333054066,0.4426713287830353,0.8713554739952087,0.2896147072315216,-0.0663088858127594,0.10157117247581482,0.523923933506012,0.1590367555618286,2576,0.35683342814445496,5.277192115783691,0.05031745508313179,5275648,7516,2576,161,-25.796442,0.006020148260722636,0.0013607578141090926,-1.2277110703289509,-78.47615,0.028666309267282485,0.00048822376193129456,0.3866137029603124,,,static,2.0920814055933223,1.6560330364583273,1.3726445433855003,0.0,-57.424522,2257.5543668114256,-25.796442
33,1784864072.6715846,,8.0,,8.0,,6.0,,6.0,,10.0,,10.0,,1.0,,1.0,,4.0,,4.0,,2.0,,2.0,,5.0,,5.0,,8.0,,8.0,,7.540227614343166,,5.57965231675189,,9.64907398482319,,0.8186114185373299,,3.827545602340251,,1.7620104001834989,,4.826281249290332,,7.5625,-0.07674477994441986,-0.008175654744263738,0.021039929997641593,1.246475599706173,0.4403541386127472,0.9601025581359863,0.30198144912719727,0.0006649969145655632,0.09152192622423172,0.49105072021484375,0.16736313700675964,2656,0.3442418873310089,5.195737838745117,0.02552371472120285,5439488,7734,2656,166,-20.767893,0.005764334958803375,0.002341452008113265,-1.3408622734248639,-87.08178,0.018886863230727614,-0.0012386462665745057,0.2691726330667734,,,static,2.335800944881733,1.810956484233941,0.896086813242222,0.0,-62.29762,2237.4892599778423,-20.767893
34,1784864147.579729,,8.0,,8.0,,6.0,,6.0,,10.0,,10.0,,1.0,,1.0,,4.0,,4.0,,2.0,,2.0,,5.0,,5.0,,8.0,,8.0,,8.238958863075823,,6.141313993372023,,9.783922136761248,,1.1448124661110342,,3.868810946092708,,2.146177424117923,,4.9341849479824305,,8.0625,-0.03254413604736328,-0.010176007548579946,0.006712072747177444,1.251878410577774,0.574658215045929,0.9498377442359924,0.44908440113067627,-0.11852934211492538,0.16889795660972595,0.5542794466018677,0.17237545549869537,2736,0.3917694389820099,5.540085315704346,0.042411185801029205,5603328,7984,2736,171,-10.824684,0.01099085460009519,0.0013245762544102035,-1.4595479555428028,-69.7166,0.032212612521834674,-0.0004315853861044161,0.1629862328991294,,,static,2.251585400305934,2.003496682584279,0.8101193559683715,0.0,-67.17395,2187.212516406467,-10.824684
35,1784864222.533156,,8.0,,8.0,,6.0,,6.0,,10.0,,10.0,,1.0,,1.0,,4.0,,4.0,,2.0,,2.0,,5.0,,5.0,,8.0,,8.0,,7.477204733120743,,5.466010183095932,,9.471654655499151,,0.7552466820925474,,3.686733013484627,,1.805200679344125,,4.647829131688923,,7.375,-0.09927833080291748,-0.022101423237472773,0.0009952511445590062,1.2690496928989887,0.6639057397842407,0.9652524590492249,0.39613866806030273,0.2372075915336609,0.13207633793354034,0.6942077279090881,0.1778230369091034,2816,0.322519451379776,5.0856099128723145,0.04689937084913254,5767168,8184,2816,176,-27.63351,0.006620698906772304,0.002373254067788366,-1.5844632923603057,-100.054955,0.03290646155364811,0.0007579103781608865,0.06905180662870407,,,static,2.431891429945298,1.9412530520344995,0.6134155952757363,0.0,-70.86654,2185.890124339348,-27.63351
36,1784864297.0793667,,8.0,,8.0,,6.0,,6.0,,10.0,,10.0,,1.0,,1.0,,4.0,,4.0,,2.0,,2.0,,5.0,,5.0,,8.0,,8.0,,7.875771584222093,,6.010604610608425,,9.611624021199532,,1.0582451014779508,,4.112597280647606,,1.988859900739044,,4.837488077871967,,7.8125,-0.05983014404773712,-0.0043439757428132,0.02656839319388382,1.2677185572683811,0.5825768113136292,0.7986916303634644,0.39540883898735046,0.10183069109916687,0.10096871852874756,0.5980437397956848,0.17915284633636475,2896,0.39226943254470825,5.413461685180664,0.03467336297035217,5931008,8441,2896,181,-10.036006,0.004376098723878385,0.002488569797424134,-1.705481892824173,-86.31615,0.03729242507833987,0.0005105130141600967,-0.016284894198179245,,,static,2.4918768660441213,2.055923650929086,1.1083531416763353,0.0,-62.882576,2197.8315677136857,-10.036006
37,1784864371.7512496,,8.0,,8.0,,6.0,,6.0,,10.0,,10.0,,1.0,,1.0,,4.0,,4.0,,2.0,,2.0,,5.0,,5.0,,8.0,,8.0,,8.67152182199061,,6.4880780461244285,,9.966361473780125,,1.21337926088745,,4.163338719052263,,2.24801197682973,,4.9623134369030595,,8.6875,-0.09820566326379776,-0.005167131370399147,0.001501046209341439,1.2663821876049042,0.54913330078125,0.8034043312072754,0.3533102571964264,-0.06704224646091461,0.06320317089557648,0.6118528246879578,0.18610244989395142,2976,0.275535523891449,5.800063133239746,0.03953057527542114,6094848,8657,2976,186,-18.798538,0.007888042453851085,0.002930723293684423,-1.754260129481554,-82.77184,0.03413922979962081,0.0013025493070017546,-0.0812032826244831,,,static,2.4295476572343206,2.094375731056698,0.6565194237225005,0.0,-43.483772,2194.132214578681,-18.798538
38,1784864443.409486,,8.0,,8.0,,6.0,,6.0,,10.0,,10.0,,1.0,,1.0,,4.0,,4.0,,2.0,,2.0,,5.0,,5.0,,8.0,,8.0,,8.194281914737076,,6.1100273714982904,,9.730427991598845,,1.1070680393604562,,4.170918051211629,,2.1186316800303757,,4.900534958112985,,8.375,-0.03050956316292286,-0.002971253066789359,0.004890253934718203,1.2650782875716686,0.5720188617706299,0.8848713636398315,0.48562464118003845,0.12235293537378311,0.21793681383132935,0.6004821062088013,0.17367085814476013,3056,0.3932099938392639,5.588360786437988,0.01844051666557789,6258688,8864,3056,191,-9.072737,0.0045813285047188405,0.0026077292743138967,-1.856597013026476,-60.341316,0.01529712523915805,0.001700257949414663,-0.1653775149025023,,,static,2.5052181529515245,2.190441112424624,0.7094312100062157,0.0,-60.04383,2286.4091737546037,-9.072737
39,1784864514.2738507,,8.0,,8.0,,6.0,,6.0,,10.0,,10.0,,1.0,,1.0,,4.0,,4.0,,2.0,,2.0,,5.0,,5.0,,8.0,,8.0,,8.76805218681693,,6.727232793346047,,9.946504340856336,,1.2666038002935238,,4.2426001016719965,,2.2336159483529627,,5.0,,8.5625,-0.13163556158542633,-0.005015162518247962,0.008405893902818207,1.2664070315659046,0.3478170931339264,0.9666941165924072,0.18578657507896423,0.06730186194181442,0.04378440976142883,0.6050078272819519,0.17992748320102692,3136,0.27287164330482483,5.84338903427124,0.030616048723459244,6422528,9065,3136,196,-7.948743,0.004696545650949702,0.004207218097872101,-1.9191599853336812,-67.1585,0.008880465230322442,0.0005088992329547182,-0.28274775166064503,,,static,2.8525727172693083,2.2869790933603107,0.8148454108885986,0.0,-57.277607,2312.0218553723053,-7.948743
40,1784864586.71823,,8.0,,8.0,,6.0,,6.0,,10.0,,10.0,,1.0,,1.0,,4.0,,4.0,,2.0,,2.0,,5.0,,5.0,,8.0,,8.0,,8.3014542554738,,6.110245760530233,,9.833958944305778,,1.1446353094652295,,4.023718645388726,,2.094523442967329,,4.9601691423449665,,8.375,-0.06420191377401352,-0.0027320644294377416,0.003683182567328913,1.2650474533438683,0.3998531401157379,0.8485845923423767,0.4027286767959595,-0.014922748319804668,0.15271592140197754,0.8867974281311035,0.16900396347045898,3216,0.4205397367477417,5.605463027954102,0.03139093518257141,6586368,9258,3216,201,-17.278822,0.01143274745263625,0.0018084548573824577,-1.982966273277998,-79.22965,0.027093308925395833,-1.1595102841965855e-05,-0.3999990800395608,,,static,2.7733329771168433,2.1398490515900077,0.988874191137008,0.0,-40.14492,2261.5970155893965,-17.278822
41,1784864657.6058502,,8.0,,8.0,,6.0,,6.0,,10.0,,10.0,,1.0,,1.0,,4.0,,4.0,,2.0,,2.0,,5.0,,5.0,,8.0,,8.0,,8.178594881668687,,6.516085679642856,,9.956677974201739,,1.2040705105755478,,4.157033435301855,,2.16257581114769,,4.885119673795998,,8.6875,-0.011368973180651665,-0.008390017552301288,0.004248304678185377,1.2655081264674664,0.5576273798942566,0.8351874947547913,0.28766578435897827,-0.05418480932712555,0.29187270998954773,0.6543265581130981,0.15675513446331024,3296,0.3378336727619171,5.718457221984863,0.007748748175799847,6750208,9437,3296,206,-6.8308,0.004196719166066032,0.005111624528944958,-2.081125961244106,-81.30385,0.008710380422417074,0.00034520217450335623,-0.5310106724500656,,,static,2.931122738161039,2.4639097899805393,0.8180297886248497,0.0,-67.56409,2311.263825653585,-6.8308
42,1784864728.2520492,,8.0,,8.0,,6.0,,6.0,,10.0,,10.0,,1.0,,1.0,,4.0,,4.0,,2.0,,2.0,,5.0,,5.0,,8.0,,8.0,,7.5779704777523875,,5.447909730952233,,9.70795884821564,,0.9240266657434404,,3.675628427416086,,1.7753792272415012,,4.803776812856086,,7.625,-0.06649307906627655,-0.00018199090845882893,0.0013498966709448723,1.2747197933495045,0.5304810404777527,0.8616800308227539,0.3436165750026703,-0.005662016570568085,0.13232599198818207,0.5056005120277405,0.1492779701948166,3376,0.32839998602867126,5.192206382751465,0.022456875070929527,6914048,9630,3376,211,-13.857783,0.004791639593167929,0.0031851591760641896,-2.1724630519747734,-71.32835,0.018598030653083696,0.0004175086796749383,-0.6324776958674192,,,static,2.893395895885188,2.234675030931971,0.8429283849661571,0.0,-75.83507,2319.1623045949204,-13.857783
43,1784864798.7765303,,8.0,,8.0,,6.0,,6.0,,10.0,,10.0,,1.0,,1.0,,4.0,,4.0,,2.0,,2.0,,5.0,,5.0,,8.0,,8.0,,7.868546420591883,,5.620614611543715,,9.677254853537306,,0.8639115847181529,,3.73055391642265,,1.8513419158989564,,4.728184425737709,,7.6875,-0.075065977871418,-0.012116511701606214,0.014627633776399307,1.2715187892317772,0.6218247413635254,0.9409452676773071,0.2781737148761749,-0.0427350252866745,0.08792942762374878,0.6364117860794067,0.14778336882591248,3456,0.38260316848754883,5.253488063812256,0.039726581424474716,7077888,9813,3456,216,-13.184359,0.005718373837589752,0.002805949632602278,-2.2653806895017623,-59.207214,0.018235861510038375,0.0027302199763653335,-0.7495241377502679,,,static,3.0825817945720573,2.8884202878352467,0.983566794957915,0.0,-79.681496,2323.1649586042245,-13.184359
44,1784864870.6220546,,8.0,,8.0,,6.0,,6.0,,10.0,,10.0,,1.0,,1.0,,4.0,,4.0,,2.0,,2.0,,5.0,,5.0,,8.0,,8.0,,7.621067667147145,,5.664351404644549,,9.70836091809906,,0.989845436415635,,3.895058165770024,,1.876891520805657,,4.77276824042201,,7.9375,-0.024997521191835403,-0.0038988516898825765,0.0073176679434254766,1.2710995264351368,0.5479385852813721,0.7678766250610352,0.3110436797142029,0.08736057579517365,0.18586279451847076,0.6686081886291504,0.141778826713562,3536,0.3610033392906189,5.308230400085449,0.016583893448114395,7241728,9981,3536,221,-6.1411085,0.005319871942629106,0.003428807271484402,-2.3453345239162444,-52.954254,0.007311084700631909,0.0011290765105513856,-0.842152762785554,,,static,2.9241976508208842,2.434248412130244,0.7614671026390785,0.0,-63.61564,2280.4482399612534,-6.1411085
45,1784864941.7888975,,8.0,,8.0,,6.0,,6.0,,10.0,,10.0,,1.0,,1.0,,4.0,,4.0,,2.0,,2.0,,5.0,,5.0,,8.0,,8.0,,7.88368439860642,,5.792662335559726,,9.670877411961555,,0.967105420306325,,4.143433088669553,,1.9826157531351782,,4.867733414052054,,7.75,-0.025536250323057175,-0.004061239422298968,0.02104951604269445,1.2709045857191086,0.4210740923881531,0.9139136075973511,0.2157277762889862,0.0015769745223224163,0.1825617402791977,0.6068175435066223,0.13955585658550262,3616,0.3983127772808075,5.382264137268066,0.019746454432606697,7405568,10160,3616,226,-3.4885154,0.004469687744131079,0.0036843075649812818,-2.4394743368029594,-61.7339,0.01395852297428064,0.001554241900157649,-0.9440649788826704,,,static,2.9268248035170172,2.7997864845023877,1.0718555813327428,0.0,-58.658195,2302.1957699159952,-3.4885154
46,1784865011.350593,,8.0,,8.0,,6.0,,6.0,,10.0,,10.0,,1.0,,1.0,,4.0,,4.0,,2.0,,2.0,,5.0,,5.0,,8.0,,8.0,,7.97900525201112,,5.6489343056455255,,9.763722702860832,,1.09121288289316,,3.9317897801156505,,2.0512549869017676,,4.897176705300808,,8.0,-0.049009501934051514,-0.0116602624184452,0.002026795566052897,1.2650793343782425,0.7179845571517944,0.9592058658599854,0.37704038619995117,0.014097359031438828,0.12084530293941498,0.6822504997253418,0.14252349734306335,3696,0.3953685462474823,5.420387268066406,0.02275867573916912,7569408,10338,3696,231,-4.795204,0.004099487206985941,0.00458305612046388,-2.521396079659462,-96.50397,0.02418042597710155,0.0015262750544934533,-1.03819220662117,,,static,3.136108589662487,2.4816676554387422,0.9095072253129599,0.0,-79.35347,2355.3191422538607,-4.795204
47,1784865083.4199212,,8.0,,8.0,,6.0,,6.0,,10.0,,10.0,,1.0,,1.0,,4.0,,4.0,,2.0,,2.0,,5.0,,5.0,,8.0,,8.0,,8.041838077828288,,5.986103173345327,,9.743847826495767,,1.0501478581645642,,3.964988314459333,,1.894927253946662,,4.936269208788872,,8.125,-0.03749502822756767,-0.0006569751421920955,0.07972219694056548,1.2647300362586975,0.445026159286499,0.8779330849647522,0.21964818239212036,0.15647508203983307,0.1818564385175705,0.6185247898101807,0.1279178261756897,3776,0.42857322096824646,5.467890739440918,0.017390364781022072,7733248,10524,3776,236,-4.1833215,0.004607681155175669,0.003946917440043762,-2.636523163318634,-81.382774,0.015834433038253336,0.000571219930134248,-1.0982028521597385,,,static,3.2361381197993366,2.7051891646085453,1.4562465911480165,0.0,-27.009521,2273.370487892558,-4.1833215
48,1784865154.2818804,,8.0,,8.0,,6.0,,6.0,,10.0,,10.0,,1.0,,1.0,,4.0,,4.0,,2.0,,2.0,,5.0,,5.0,,8.0,,8.0,,7.869414002751,,6.099624539609067,,9.71172319399193,,0.9593029613606632,,4.017774810665287,,2.038308143732138,,4.943174795131199,,8.3125,-0.05172313004732132,-0.006087996531277895,0.002049731294391677,1.2630404941737652,0.35261598229408264,0.9043763279914856,0.22577770054340363,-0.17840620875358582,0.12836579978466034,0.749594509601593,0.1350865215063095,3856,0.39332789182662964,5.4939775466918945,0.01557172928005457,7897088,10693,3856,241,-17.001638,0.006733415367489215,0.003970958969148342,-2.6976087972521783,-29.085743,0.007729339299839921,0.0004420728902914561,-1.1964619509875773,,,static,3.225885606337259,2.8533977596241864,0.7134841833648857,0.0,-56.623863,2312.0971909843925,-17.001638
49,1784865222.7521286,,8.0,,8.0,,6.0,,6.0,,10.0,,10.0,,1.0,,1.0,,4.0,,4.0,,2.0,,2.0,,5.0,,5.0,,8.0,,8.0,,7.775995326694101,,5.933524101041257,,9.72639915603213,,0.8931937973884487,,3.8734977691201493,,2.010793016292155,,4.879866691306233,,8.125,-0.06696798652410507,-8.4711704403162e-05,0.000826149095701112,1.2583297938108444,0.48749494552612305,0.7849059104919434,0.27668410539627075,-0.11504186689853668,0.0926627442240715,0.5406239032745361,0.12360049784183502,3936,0.3981296122074127,5.402284145355225,0.01611960493028164,8060928,10886,3936,246,-8.918184,0.006992969570273999,0.0033790055727877188,-2.793395407497883,-48.140125,0.013415137937408872,0.0018212882132502273,-1.255113124102354,,,static,3.6940850096767677,2.7697215524014283,0.9116539845510113,0.0,-56.961792,2392.8637288402892,-8.918184
50,1784865293.0058777,,8.0,,8.0,,6.0,,6.0,,10.0,,10.0,,1.0,,1.0,,4.0,,4.0,,2.0,,2.0,,5.0,,5.0,,8.0,,8.0,,8.520018484443426,,6.59537607897073,,9.900930435978808,,1.2517281065229326,,4.257933040615171,,2.2368400170234963,,4.9719286190811545,,8.4375,-0.06557618081569672,0.0005126853939145803,0.007846348969906103,1.2615844309329987,0.26135069131851196,0.8948107957839966,0.26692497730255127,0.03466307371854782,0.13679902255535126,0.5897911787033081,0.1261579543352127,4016,0.3077293932437897,5.771531581878662,0.013326510787010193,8224768,11069,4016,251,-29.415615,0.00789205509936437,0.004145273083122447,-2.8510373309254646,-59.47222,0.017072305257897824,0.0008321770699694752,-1.3521479405462742,,,static,3.4663493447158755,2.6928243230245115,0.8877049903344065,0.0,-45.44352,2332.1175534470426,-29.415615
51,1784865357.2337394,,8.0,,8.0,,6.0,,6.0,,10.0,,10.0,,1.0,,1.0,,4.0,,4.0,,2.0,,2.0,,5.0,,5.0,,8.0,,8.0,,7.760748082771897,,5.49276222079061,,9.72168802912347,,1.0299027830478735,,3.9632155107101426,,2.0260944145265967,,4.834378318162635,,7.9375,-0.04790571704506874,-0.02287869865540415,0.0019588857649068814,1.2520777024328709,0.4826356768608093,0.8233441114425659,0.3104102909564972,-0.14768052101135254,0.12063411623239517,0.5594357252120972,0.1291418969631195,4096,0.366455078125,5.345786094665527,0.01881358213722706,8388608,11248,4096,256,-44.59797,0.009327362893964164,0.0029052450438030062,-2.868970526754856,-57.70658,0.010332616590312682,0.0005591805027506779,-1.432631539553404,,,static,3.3090386211325766,2.703651147587852,1.1609765953595348,0.0,-80.70315,2550.9179492876215,-44.59797
52,1784865424.1439242,,8.0,,8.0,,6.0,,6.0,,10.0,,10.0,,1.0,,1.0,,4.0,,4.0,,2.0,,2.0,,5.0,,5.0,,8.0,,8.0,,8.41262687370181,,6.827018227428198,,10.0,,1.3014268099504989,,4.269971437286586,,2.291929658036679,,4.984626193530858,,8.625,-0.09019095450639725,0.00018233864102512598,0.0009492020381003385,1.2402084171772003,0.4377136528491974,0.923973560333252,0.36972907185554504,0.13047945499420166,0.13681282103061676,0.5894938707351685,0.14016816020011902,4176,0.2503993809223175,5.839075565338135,0.01179850660264492,8552448,11425,4176,261,-7.285346,0.006139607154182158,0.0046022647293284535,-2.9209360808134077,-27.03616,0.003694937464024406,0.001314147030643653,-1.5134370438754559,,,static,3.2861559481213973,3.312888662369212,0.8727726518431151,0.0,-59.23578,2448.6555633606717,-7.285346
53,1784865492.2030723,,8.0,,8.0,,6.0,,6.0,,10.0,,10.0,,1.0,,1.0,,4.0,,4.0,,2.0,,2.0,,5.0,,5.0,,8.0,,8.0,,7.805776311550289,,5.769317376369145,,9.520148895680904,,0.8911363997031003,,3.8463122248649597,,1.936376464087516,,4.79678365541622,,7.6875,-0.06215395778417587,-0.01951904402812943,0.0031563704287691507,1.2356618866324425,0.2929269075393677,0.9054503440856934,0.21747228503227234,-0.014873025938868523,0.14205165207386017,0.6060419678688049,0.15171311795711517,4256,0.38930007815361023,5.2816691398620605,0.019141893833875656,8716288,11621,4256,266,-3.9502113,0.006148117146949517,0.002932626021356555,-2.964018753170967,-54.571423,0.017980826942948624,0.00037112870340934024,-1.5487807475030422,,,static,3.2447049262809173,2.82203493381279,0.7254501038863423,0.0,-41.900414,2407.317736962815,-3.9502113
54,1784865557.8494837,,8.0,,8.0,,6.0,,6.0,,10.0,,10.0,,1.0,,1.0,,4.0,,4.0,,2.0,,2.0,,5.0,,5.0,,8.0,,8.0,,7.360860155895352,,5.429209545254707,,9.365243622509297,,0.7782231690362096,,3.6702392541919835,,1.7597417416400276,,4.652634222526103,,7.4375,-0.10820479691028595,-0.0034374685492366552,0.001124155260185944,1.2372294701635838,0.4083925485610962,0.8851310014724731,0.252865731716156,0.04500051587820053,0.1617853343486786,0.7377960681915283,0.14725928008556366,4336,0.3192307949066162,5.05670690536499,0.016740625724196434,8880128,11797,4336,271,-17.010744,0.010428429962485098,0.0035387972311582416,-3.030243214964867,-62.16701,0.013300905755022541,0.002665272355079651,-1.6237581007182598,,,static,3.40368840712745,3.0363308700849836,0.7208262421004774,0.0,-58.105133,2495.7953785094023,-17.010744
55,1784865623.6148756,,8.0,,8.0,,6.0,,6.0,,10.0,,10.0,,1.0,,1.0,,4.0,,4.0,,2.0,,2.0,,5.0,,5.0,,8.0,,8.0,,8.313996435550507,,6.2347678281366825,,9.901903536170721,,1.0737837033811957,,4.297900999896228,,2.266411137301475,,4.9712383057922125,,8.5,-0.03587023913860321,-0.016034612723160535,0.003040501705982024,1.2437032982707024,0.30525141954421997,0.7559199333190918,0.5024709701538086,0.25497540831565857,0.15148453414440155,0.6394869685173035,0.12942825257778168,4416,0.3048933744430542,5.695000171661377,0.02585812471807003,9043968,11980,4416,276,-0.90160525,0.0048722748942964245,0.005158978416875471,-3.0471644148230554,-81.27572,0.01172416828921996,0.0005817027908051386,-1.693479959666729,,,static,3.3214410382201023,2.9746449862901025,0.7967286643016183,0.0,-65.27155,2491.279748930068,-0.90160525
56,1784865689.2501755,,8.0,,8.0,,6.0,,6.0,,10.0,,10.0,,1.0,,1.0,,4.0,,4.0,,2.0,,2.0,,5.0,,5.0,,8.0,,8.0,,7.578067022608593,,5.370675225742161,,9.292566234245896,,0.6952745309099555,,3.7693309710739413,,1.7698986334726214,,4.7270807405002415,,7.5625,-0.1250329315662384,0.002218067878857255,0.004975061241566436,1.24397998675704,0.40935102105140686,0.9184577465057373,0.24862968921661377,0.10267820209264755,0.07920188456773758,0.5799142122268677,0.13618892431259155,4496,0.32417166233062744,5.09567403793335,0.021215315908193588,9207808,12162,4496,281,-2.6020083,0.0046630359036498705,0.002852449396596057,-3.059461972117424,-61.123405,0.01690097376704216,0.001570327147783246,-1.8060919642448425,,,static,3.292528953536427,2.823816330692029,1.084873963327278,0.0,-57.17417,2496.2177334116545,-2.6020083
57,1784865757.2896802,,8.0,,8.0,,6.0,,6.0,,10.0,,10.0,,1.0,,1.0,,4.0,,4.0,,2.0,,2.0,,5.0,,5.0,,8.0,,8.0,,8.027164251543581,,6.03584695677273,,9.758988426998258,,0.9755242867540801,,4.08514744968852,,1.844227032197523,,4.79128149128519,,7.9375,-0.025655295699834824,-0.011160623165778816,0.012786793318809941,1.2404330633580685,0.41632163524627686,0.8059515953063965,0.2526533305644989,0.09113343805074692,0.18303140997886658,0.5671361684799194,0.11871985346078873,4576,0.40998461842536926,5.431960105895996,0.018326446413993835,9371648,12343,4576,286,-20.13273,0.0123866880137939,0.007465729747491423,-3.1286228880286218,-20.717243,0.009198508784174919,-7.937664777273312e-05,-1.8659367091953754,,,static,3.8062641870585296,3.032129730982027,0.9382338612061152,0.0,-38.09326,2408.013015563627,-20.13273
58,1784865825.3517754,,8.0,,8.0,,6.0,,6.0,,10.0,,10.0,,1.0,,1.0,,4.0,,4.0,,2.0,,2.0,,5.0,,5.0,,8.0,,8.0,,7.5285274532216135,,5.409005242079729,,9.571744473651052,,0.8013449553400278,,3.7429947525961325,,1.6485718527110294,,4.705984681844711,,7.125,-0.10427401959896088,-0.002838125976268202,0.0015807131567271426,1.2460185512900352,0.5927655696868896,1.0016539096832275,0.2831267714500427,-0.01521981693804264,0.12782728672027588,0.5373829007148743,0.11797790229320526,4656,0.2887924313545227,5.066647052764893,0.022685222327709198,9535488,12534,4656,291,-43.942467,0.013115549873327836,0.002011772503465181,-3.2073937550187113,-63.373085,0.018287675851024688,0.0008398200632655061,-1.9019041866064073,,,static,3.464022013889205,3.0400267248642576,0.6585769211856629,0.0,-58.643654,2407.213418363671,-43.942467
59,1784865891.6523583,,8.0,,8.0,,6.0,,6.0,,10.0,,10.0,,1.0,,1.0,,4.0,,4.0,,2.0,,2.0,,5.0,,5.0,,8.0,,8.0,,8.106519342400134,,6.06571333296597,,9.799012955278158,,1.070933208684437,,4.135672735399567,,1.947548106778413,,4.885898431297392,,8.1875,-0.03129992261528969,-0.006750308792106807,0.003033782835700549,1.2381109930574894,0.560806930065155,0.9968646764755249,0.29005128145217896,0.03355952352285385,0.15937496721744537,0.5575548410415649,0.11216162890195847,4736,0.40080025792121887,5.524850368499756,0.011236650869250298,9699328,12708,4736,296,-30.535381,0.014689805108355358,0.0033226706087589263,-3.279366748034954,-36.727425,0.009163316473132,0.0009495734389929567,-1.9318403765559196,,,static,3.64968249948639,3.492460837384963,0.7992214729313802,0.0,-60.522034,2471.1699276765585,-30.535381
60,1784865954.8041456,,8.0,,8.0,,6.0,,6.0,,10.0,,10.0,,1.0,,1.0,,4.0,,4.0,,2.0,,2.0,,5.0,,5.0,,8.0,,8.0,,7.899119392968714,,5.890975584741682,,9.599875096231699,,1.032480998430401,,3.9488675127504393,,1.9437366197817028,,4.80234296945855,,7.75,0.0010261093266308308,-0.008863602764904499,0.008408528672589455,1.2218999974429607,0.5301408171653748,0.7876014113426208,0.3460703194141388,-0.24751785397529602,0.25358182191848755,0.6378169655799866,0.11481226235628128,4816,0.3820123076438904,5.358424663543701,0.016275936737656593,9863168,12887,4816,301,-44.59068,0.00945877502381336,0.0027235978050157428,-3.325863780081272,-62.91696,0.01324598764476832,0.00038708015490556135,-1.9551119349896908,,,static,3.8393303670114407,3.0409141694009976,0.941463560663591,0.0,-79.8307,2594.384218232679,-44.59068
61,1784866017.7909117,,8.0,,8.0,,6.0,,6.0,,10.0,,10.0,,1.0,,1.0,,4.0,,4.0,,2.0,,2.0,,5.0,,5.0,,8.0,,8.0,,8.109834696631879,,6.276365866593551,,9.80852792551741,,1.0830256751505658,,4.057396998512559,,2.1284102940699086,,4.894065557513386,,8.375,-0.026935666799545288,-0.018385201517958194,0.0027005402153008617,1.2208059392869473,0.6135147213935852,0.9344905614852905,0.4015658497810364,0.13060171902179718,0.15851962566375732,0.45686060190200806,0.10171248018741608,4896,0.3701290786266327,5.591578483581543,0.012213172391057014,10027008,13063,4896,306,-47.07847,0.016275575553299858,0.003304246862535365,-3.3748137205839157,-34.87046,0.01038739743817132,0.0027008537166693714,-2.0635174036026003,,,static,3.7891239515130337,3.3991662376301663,0.8778768401700013,0.0,-81.172874,2601.1813463415356,-47.07847
62,1784866081.8939323,,8.0,,8.0,,6.0,,6.0,,10.0,,10.0,,1.0,,1.0,,4.0,,4.0,,2.0,,2.0,,5.0,,5.0,,8.0,,8.0,,7.43775544129312,,5.301339393481612,,9.566770050674677,,0.7978514388669282,,3.7600550448987633,,1.8075250168330967,,4.738313606474549,,7.5625,-0.12461395561695099,-0.007104600823367946,0.006744534523022594,1.2172009199857712,0.4320901036262512,0.8379176259040833,0.3258454203605652,-0.09811121225357056,0.08381320536136627,0.4761248826980591,0.09667795896530151,4976,0.35710468888282776,5.121513366699219,0.01490994542837143,10190848,13234,4976,311,-22.11053,0.016722928042872807,0.0025151259782433045,-3.4529061421751974,-42.850395,0.009749954729340971,0.002309943284490146,-2.160465794801712,,,static,3.6139593366868845,3.518921435244491,0.8016294406641052,0.0,-64.18248,2555.885669393387,-22.11053
63,1784866143.88881,,8.0,,8.0,,6.0,,6.0,,10.0,,10.0,,1.0,,1.0,,4.0,,4.0,,2.0,,2.0,,5.0,,5.0,,8.0,,8.0,,7.8276518089696765,,5.736424688424449,,9.452677942812443,,0.933115121035371,,3.732517465017736,,1.7901424419105751,,4.817215786315501,,7.75,-0.02518973872065544,-0.0028775003738701344,0.0206534807512071,1.2124573923647404,0.2816137671470642,0.772203803062439,0.2918902337551117,0.0035347193479537964,0.2469838261604309,0.6431182622909546,0.0907517820596695,5056,0.38881850242614746,5.254968166351318,0.02206578105688095,10354688,13405,5056,316,-21.901638,0.018274007271975277,0.004591671634989325,-3.5083928123116492,-52.768425,0.012685466482071205,0.0030850104012642987,-2.1735583141446115,,,static,3.6457676144738818,3.6289868723309184,1.0648746773288518,0.0,-76.18683,2642.7989944073847,-21.901638
64,1784866207.1232736,,8.0,,8.0,,6.0,,6.0,,10.0,,10.0,,1.0,,1.0,,4.0,,4.0,,2.0,,2.0,,5.0,,5.0,,8.0,,8.0,,8.374474190175533,,6.407553342171013,,9.937048690393567,,1.1824334624689072,,4.21599547349615,,2.2197620109654963,,4.977851067204028,,8.25,-0.019483815878629684,-0.006369616952724755,0.0034639393561519682,1.207785926759243,0.3909858465194702,0.9401756525039673,0.22354790568351746,0.002035340294241905,0.2358609288930893,0.5167311429977417,0.09061688184738159,5136,0.33657872676849365,5.695640563964844,0.016225134953856468,10518528,13571,5136,321,-23.22432,0.009632114239502698,0.004846020176773891,-3.6042267709970472,-32.90722,0.004088431490527,0.0015268109214957803,-2.2261639192700384,,,static,4.137311422115486,3.516216252809719,0.6974499763617916,0.0,-59.329487,2590.9921852491616,-23.22432
65,1784866270.063655,,8.0,,8.0,,6.0,,6.0,,10.0,,10.0,,1.0,,1.0,,4.0,,4.0,,2.0,,2.0,,5.0,,5.0,,8.0,,8.0,,8.503884583711624,,6.406106049194932,,9.87971197348088,,1.2086240578209981,,4.2485763928852975,,2.278163909446448,,4.99156184901949,,8.4375,-0.005093782674521208,0.00031025265343487263,0.008515297435224056,1.217021208256483,0.3098773956298828,0.8618137836456299,0.20376160740852356,0.15019433200359344,0.2857570946216583,0.45179641246795654,0.08547812700271606,5216,0.3211428225040436,5.744266510009766,0.008060060441493988,10682368,13746,5216,326,-18.1464,0.009434924810193479,0.004843586405331735,-3.615373283624649,-39.87783,0.0037571764121821618,0.0013788639196718577,-2.2417832762002945,,,static,3.8432587671793166,3.208425657040275,0.9109679002235371,0.0,-69.79726,2603.098448009812,-18.1464
66,1784866333.8537118,,8.0,,8.0,,6.0,,6.0,,10.0,,10.0,,1.0,,1.0,,4.0,,4.0,,2.0,,2.0,,5.0,,5.0,,8.0,,8.0,,8.329857810167596,,6.237228703219444,,9.813478066585958,,1.132579308701679,,4.079523972934112,,2.085793925100006,,4.926298736128956,,8.125,-0.061142414808273315,-0.013747180695645511,0.001636298060475383,1.2212332226336002,0.40541043877601624,0.7941912412643433,0.33781853318214417,0.02151408977806568,0.08734352141618729,0.4410512447357178,0.0836358591914177,5296,0.37189826369285583,5.591220378875732,0.034518178552389145,10846208,13918,5296,331,-1.102587,0.006929726131784264,0.004676395127899013,-3.6835960030555723,-41.60305,0.016843745700316503,0.002293747431394877,-2.2748127415776254,,,static,4.085619049507324,2.5334614775854205,0.947369826928979,0.0,-55.280384,2568.4251649369594,-1.102587
67,1784866396.1018486,,8.0,,8.0,,6.0,,6.0,,10.0,,10.0,,1.0,,1.0,,4.0,,4.0,,2.0,,2.0,,5.0,,5.0,,8.0,,8.0,,7.92236418928951,,5.842895264271647,,9.740913555957377,,0.9022370837628841,,3.92801933301962,,2.055038195227098,,4.878408550750464,,7.9375,-0.05290532857179642,-0.002610367548186332,0.002859531214198796,1.2255642004311085,0.29290854930877686,0.9898802042007446,0.2302563190460205,0.029351430013775826,0.10404830425977707,0.48690202832221985,0.08992739766836166,5376,0.39228516817092896,5.4009222984313965,0.020818239077925682,11010048,14094,5376,336,-34.174248,0.01069293990440201,0.006296510838728864,-3.757416121661663,-36.322716,0.02055765158147551,0.0028078157411073335,-2.3410147726535797,,,static,3.9201848402651,3.4428485196935297,0.9636785116922999,0.0,-82.68544,2632.0466553441865,-34.174248
68,1784866459.0107472,,8.0,,8.0,,6.0,,6.0,,10.0,,10.0,,1.0,,1.0,,4.0,,4.0,,2.0,,2.0,,5.0,,5.0,,8.0,,8.0,,8.362830737314653,,6.415630444302224,,9.892950122244656,,1.1560702071292326,,4.271293508354574,,2.1525906643946655,,4.949810596357565,,8.5625,0.018729491159319878,0.0007872394635342062,0.012382756904116832,1.2175070568919182,0.30297142267227173,0.8321417570114136,0.24458707869052887,-0.09816248714923859,0.33661189675331116,0.3685750961303711,0.09006793797016144,5456,0.35350364446640015,5.720459461212158,0.01013015303760767,11173888,14268,5456,341,-18.264153,0.008786672994028777,0.004949821569607593,-3.8099346801638605,-25.664791,0.004035386496980209,0.0019916405901312826,-2.3909430012106894,,,static,3.8704587777261494,3.723533616937003,0.876496386575172,0.0,-65.85738,2604.4010446124385,-18.264153
69,1784866522.2366517,,8.0,,8.0,,6.0,,6.0,,10.0,,10.0,,1.0,,1.0,,4.0,,4.0,,2.0,,2.0,,5.0,,5.0,,8.0,,8.0,,8.24529343424365,,6.280453859595582,,9.928180258080829,,1.248410518746823,,4.286887649446726,,2.2879587444476783,,4.974935299251229,,8.3125,-0.03595494478940964,-0.011483788781333715,0.00810689296486089,1.2141272239387035,0.3336179554462433,0.8752927780151367,0.22989718616008759,-0.23850488662719727,0.1409406214952469,0.4166969060897827,0.0850403755903244,5536,0.3105694055557251,5.695577144622803,0.03091762773692608,11337728,14440,5536,346,-14.020239,0.007087534682068508,0.004536906773864757,-3.8722846627235414,-40.63994,0.012257541922735982,0.0031826053746044636,-2.4363729476928713,,,static,4.058269303066347,3.2198625854605134,0.691722855475808,0.0,-62.944817,2591.3431360405993,-14.020239
70,1784866584.2020736,,8.0,,8.0,,6.0,,6.0,,10.0,,10.0,,1.0,,1.0,,4.0,,4.0,,2.0,,2.0,,5.0,,5.0,,8.0,,8.0,,7.9919659798033535,,6.088629746576771,,9.812018828000873,,1.0229712082073092,,3.9779784933198243,,1.922571511240676,,4.941556140780449,,8.0625,-0.038003914058208466,-0.010859526926651597,0.004718631102150539,1.2141789495944977,0.15891492366790771,0.879277765750885,0.17039871215820312,-0.3468038737773895,0.12323058396577835,0.4531221389770508,0.09620611369609833,5616,0.3900684416294098,5.477524280548096,0.02433604933321476,11501568,14622,5616,351,1.8691565,0.007150373017066158,0.0061283917588298206,-3.9336145341396334,-58.073433,0.009924605538253672,0.0023665972708840854,-2.488102351129055,,,static,4.216030502579697,3.6672388936838045,0.7555525729778456,0.0,-75.77544,2644.055031144874,1.8691565
71,1784866646.139938,,8.0,,8.0,,6.0,,6.0,,10.0,,10.0,,1.0,,1.0,,4.0,,4.0,,2.0,,2.0,,5.0,,5.0,,8.0,,8.0,,8.42476129590068,,6.277340002823621,,9.872129168594256,,1.1670865933410823,,4.242784627946094,,2.2720791168831056,,4.93550353118917,,8.125,-0.030934561043977737,-0.0013628687011078,0.0016359264063794399,1.2060612961649895,0.34687456488609314,0.7745474576950073,0.3047982454299927,-0.08536900579929352,0.14712871611118317,0.4032928943634033,0.0891355574131012,5696,0.32846376299858093,5.664585590362549,0.0043449560180306435,11665408,14800,5696,356,-10.849765,0.007629484639619477,0.003986631237785332,-4.014757114648819,-19.478865,0.0027045465933042577,0.002547664426674601,-2.5581930920481684,,,static,4.288163331287573,4.199400519404864,0.5790124292753156,0.0,-81.280464,2645.231627052866,-10.849765
72,1784866709.6777637,,8.0,,8.0,,6.0,,6.0,,10.0,,10.0,,1.0,,1.0,,4.0,,4.0,,2.0,,2.0,,5.0,,5.0,,8.0,,8.0,,7.533105626702309,,5.709547643782571,,9.32592848688364,,0.724256785470061,,3.6812512539327145,,1.7362774720531888,,4.779441000893712,,7.5625,-0.0956207886338234,-0.00029411091236397624,0.0026614880916895345,1.2026744112372398,0.27854812145233154,0.817082405090332,0.22457928955554962,0.3738492727279663,0.1475679874420166,0.41361308097839355,0.09915635734796524,5776,0.3519124388694763,5.131538391113281,0.007951843552291393,11829248,14982,5776,361,-1.7224346,0.008146321034291758,0.006327126320684329,-4.089065846800804,-23.39106,0.002881086798151955,0.002198360902548302,-2.6219400063157083,,,static,4.320992248303321,4.290202617862479,0.8608990972965003,0.0,-67.47807,2578.6214876755757,-1.7224346
73,1784866771.8591654,,8.0,,8.0,,6.0,,6.0,,10.0,,10.0,,1.0,,1.0,,4.0,,4.0,,2.0,,2.0,,5.0,,5.0,,8.0,,8.0,,7.807477154303342,,5.8283164544263855,,9.552698690444231,,0.8679474820382893,,4.02401117188856,,1.7955226415069774,,4.855133278586436,,7.75,-0.049593038856983185,-0.004388123576063663,0.006357540230965242,1.2025988548994064,0.2397831380367279,0.9500579833984375,0.21380072832107544,0.07713887095451355,0.17070524394512177,0.4259146451950073,0.09863584488630295,5856,0.39441052079200745,5.31013822555542,0.030580520629882812,11993088,15163,5856,366,1.1395469,0.0063534523345879276,0.007235707856307272,-4.136901086568832,-37.747856,0.013212358026066795,0.0037192831659922376,-2.67561387270689,,,static,4.61146196798674,4.057478459861779,0.9336720146085542,0.0,-77.674995,2634.871420427453,1.1395469
74,1784866834.1438956,,8.0,,8.0,,6.0,,6.0,,10.0,,10.0,,1.0,,1.0,,4.0,,4.0,,2.0,,2.0,,5.0,,5.0,,8.0,,8.0,,8.509974341839552,,6.529689069837332,,9.99059773265617,,1.1745245931379031,,4.25680129788816,,2.325679538829718,,4.977366930805147,,8.5625,-0.0498652309179306,0.0006528871017508209,0.004171659056737553,1.2061436884105206,0.2524297833442688,0.876876175403595,0.3940463662147522,-0.019395289942622185,0.18251296877861023,0.46970462799072266,0.08989326655864716,5936,0.28552696108818054,5.790892124176025,0.033054571598768234,12156928,15365,5936,371,-3.7731488,0.01049621669226326,0.0056805626154528,-4.21799895465374,-28.142878,0.020720467186765745,0.0016684548274497502,-2.68676083534956,,,static,4.530517474208809,3.5192083244371366,0.8152037406710486,0.0,-79.97557,2630.5003080959523,-3.7731488
75,1784866898.953242,,8.0,,8.0,,6.0,,6.0,,10.0,,10.0,,1.0,,1.0,,4.0,,4.0,,2.0,,2.0,,5.0,,5.0,,8.0,,8.0,,8.233787113102153,,6.291014967835508,,9.983665894716978,,1.1141294478438795,,4.3118146024644375,,2.1333332285284996,,4.9697438310831785,,7.9375,-0.028798293322324753,-0.006692614813800901,0.002117080886819167,1.2064198553562164,0.21923571825027466,0.8489148616790771,0.17899519205093384,-0.11699190735816956,0.11692029982805252,0.44709324836730957,0.0918084904551506,6016,0.29474344849586487,5.621873378753662,0.03406725451350212,12320768,15559,6016,376,-14.636648,0.009389353488222696,0.005277697097335476,-4.190793725848198,-47.09303,0.017668299097567796,0.0028821666666772215,-2.7219745621085165,,,static,3.8270462112776413,4.060079077079367,0.9275900015757521,0.0,-27.610565,2528.0304039149123,-14.636648
76,1784866962.5357609,,8.0,,8.0,,6.0,,6.0,,10.0,,10.0,,1.0,,1.0,,4.0,,4.0,,2.0,,2.0,,5.0,,5.0,,8.0,,8.0,,7.999954497907311,,6.02916070446372,,9.73258470458677,,0.9912899804767221,,3.965310910018161,,2.042646811809391,,4.884209261770593,,8.125,-0.06889001280069351,-0.0035226044710725546,0.0038140810283948667,1.2106320746243,0.289716899394989,0.8685706853866577,0.21695609390735626,0.16237883269786835,0.12980027496814728,0.4361352026462555,0.07776208221912384,6096,0.4431062340736389,5.471269130706787,0.01526254415512085,12484608,15736,6096,381,-4.6918545,0.007020097473287024,0.0036807460797717794,-4.183029428124428,-21.391094,0.004696296605106909,0.0032493030521436594,-2.7486263051629067,,,static,4.548901677003334,4.505667073737162,1.1382819914467417,0.0,-63.75138,2576.8089132773957,-4.6918545
77,1784867024.733689,,8.0,,8.0,,6.0,,6.0,,10.0,,10.0,,1.0,,1.0,,4.0,,4.0,,2.0,,2.0,,5.0,,5.0,,8.0,,8.0,,8.066291604904109,,6.250605998502579,,9.727663608267903,,1.1575093336869031,,4.147882245131768,,2.1788924941793084,,4.966097906464711,,8.3125,-0.0575551763176918,-0.002727238112129271,0.0075565669358184095,1.2178436629474163,0.22075283527374268,0.8887295722961426,0.2420985996723175,0.025096653029322624,0.10256925225257874,0.46560242772102356,0.07793431729078293,6176,0.3742944896221161,5.600930213928223,0.025774721056222916,12648448,15911,6176,386,3.8822472,0.006116808557271725,0.007857212023372995,-4.2263231605291365,-59.80772,0.014597776168375275,0.003959537202172214,-2.784971207380295,,,static,4.454749253106184,3.53102362116757,0.9110015019985267,0.0,-73.5164,2634.171367555929,3.8822472
78,1784867088.0088649,,8.0,,8.0,,6.0,,6.0,,10.0,,10.0,,1.0,,1.0,,4.0,,4.0,,2.0,,2.0,,5.0,,5.0,,8.0,,8.0,,8.226465452229604,,6.09342696191743,,9.782143872464076,,1.085199261084199,,4.071078284876421,,2.0300782307749614,,4.916668178513646,,8.25,-0.05169045925140381,-0.0013471666898112744,0.0014521241646434646,1.2084080800414085,0.28715071082115173,0.8338991403579712,0.1955842673778534,-0.009561981074512005,0.11669502407312393,0.3477146327495575,0.07721513509750366,6256,0.3781634569168091,5.556882381439209,0.051271237432956696,12812288,16125,6256,391,-4.3493004,0.007184458574920427,0.004788304242538288,-4.285447019338608,-40.832664,0.027075951686128974,0.002341749529296067,-2.7916627287864686,,,static,4.284419239640291,3.7100266826625385,0.7591864113739109,0.0,-79.797676,2589.3251036488596,-4.3493004
79,1784867152.037382,,8.0,,8.0,,6.0,,6.0,,10.0,,10.0,,1.0,,1.0,,4.0,,4.0,,2.0,,2.0,,5.0,,5.0,,8.0,,8.0,,8.64701882749796,,6.409673772053793,,10.0,,1.2295708949677646,,4.265668249223381,,2.3314549246570095,,4.998232112266123,,8.625,-0.0689454972743988,-0.003005406935699284,0.0170390979401418,1.1988919638097286,0.40570175647735596,0.8723493814468384,0.3487083911895752,-0.07604996860027313,0.1357569545507431,0.43226757645606995,0.07876366376876831,6336,0.25861960649490356,5.813327312469482,0.014998736791312695,12976128,16323,6336,396,0.9597036,0.007115748134674504,0.0076247806719038635,-4.307852521538734,-27.879375,0.009939322288846596,0.0029176686257414985,-2.8099215641617774,,,static,4.464399049795059,3.2460551014540555,0.9053905074919654,0.0,-75.193954,2558.8598072142036,0.9597036
80,1784867214.2969327,,8.0,,8.0,,6.0,,6.0,,10.0,,10.0,,1.0,,1.0,,4.0,,4.0,,2.0,,2.0,,5.0,,5.0,,8.0,,8.0,,8.228299267124385,,5.977145735872909,,9.8519721692428,,1.0295414780266583,,4.1652191346511245,,2.0551556042628363,,4.9194161866325885,,8.0625,-0.007269872818142176,-0.0022028035018593073,0.0070017511388869025,1.1962614245712757,0.21565939486026764,0.8419511914253235,0.22648105025291443,0.045037418603897095,0.24499265849590302,0.5018339157104492,0.09159650653600693,6416,0.38962969183921814,5.536156177520752,0.018384966999292374,13139968,16522,6416,401,-7.0973954,0.009088286981568671,0.006445282223285176,-4.333607575297355,-45.096977,0.015145644533913583,0.0030856650133500806,-2.84116670191288,,,static,4.804786570504912,4.34630478081734,0.7618400013730515,0.0,-78.162155,2631.564131759282,-7.0973954
81,1784867276.4736865,,8.0,,8.0,,6.0,,6.0,,10.0,,10.0,,1.0,,1.0,,4.0,,4.0,,2.0,,2.0,,5.0,,5.0,,8.0,,8.0,,7.423573772888631,,5.5450383491115645,,9.32651423662901,,0.8281647191615775,,3.6942491522058845,,1.8068427867256105,,4.708264026092365,,7.625,-0.0948733538389206,-0.0043390539940446615,0.0022290377237368375,1.1985768973827362,0.29042133688926697,0.8884813785552979,0.19129523634910583,-0.01991145685315132,0.11015958338975906,0.4381607174873352,0.09373107552528381,6496,0.31607985496520996,5.119705677032471,0.06354593485593796,13303808,16763,6496,406,-39.944687,0.017534925864310935,0.0039762442422215825,-4.39804065823555,-70.30864,0.040694082190748306,0.0019653140974696726,-2.872777596116066,,,static,4.474134739768784,3.915604198345936,0.6921305454374771,0.0,-76.73663,2635.068387898158,-39.944687
82,1784867339.2852755,,8.0,,8.0,,6.0,,6.0,,10.0,,10.0,,1.0,,1.0,,4.0,,4.0,,2.0,,2.0,,5.0,,5.0,,8.0,,8.0,,7.829202786553651,,5.5967448053415865,,9.594079702161252,,0.8903151492704637,,3.858972154208459,,1.8943832761142403,,4.713192903669551,,7.75,-0.07048582285642624,-0.001515982672572136,0.02885991972289048,1.1921156086027622,0.41128993034362793,0.8284485340118408,0.33268874883651733,0.22791245579719543,0.1312171220779419,0.559424638748169,0.09116338193416595,6576,0.3730618953704834,5.2658610343933105,0.016872204840183258,13467648,16953,6576,411,-21.914165,0.01225628172105644,0.006833078882482369,-4.466399863362312,-40.90503,0.009813674255565275,0.0026578245175187475,-2.900363427400589,,,static,4.634357119128497,3.55634494670275,1.2771346791006652,0.0,-82.200455,2608.4358567613826,-21.914165
83,1784867402.7077274,,8.0,,8.0,,6.0,,6.0,,10.0,,10.0,,1.0,,1.0,,4.0,,4.0,,2.0,,2.0,,5.0,,5.0,,8.0,,8.0,,8.712747890502214,,6.817131716758013,,10.0,,1.4159004725515842,,4.356417432310991,,2.382574313436635,,5.0,,8.9375,-0.15550720691680908,0.0017548220930621028,0.0007923776647658087,1.1889968663454056,0.11756203323602676,0.869544506072998,0.10466839373111725,0.08628691732883453,0.05145491287112236,0.3585830628871918,0.059209566563367844,6656,0.15069778263568878,5.952784538269043,0.02367735467851162,13631488,17146,6656,416,4.3546305,0.007598642680386547,0.005812524919747375,-4.4988771170377735,-56.037514,0.0069300085262511855,0.002582274247833993,-2.9285818085074427,,,static,4.624832370634666,3.525387814657239,1.29496663261846,0.0,-58.147633,2583.312261157011,4.3546305
84,1784867466.5690944,,8.0,,8.0,,6.0,,6.0,,10.0,,10.0,,1.0,,1.0,,4.0,,4.0,,2.0,,2.0,,5.0,,5.0,,8.0,,8.0,,8.497281860327348,,6.505415187217295,,9.934897249564528,,1.2666944055818021,,4.194061386631802,,2.2023543685209006,,4.929268899810268,,8.5625,-0.06279154121875763,-0.006644315784797072,0.004163423745922046,1.1871463432908058,0.16754497587680817,0.9191151857376099,0.2216213345527649,0.12135202437639236,0.12251101434230804,0.5047338008880615,0.06455911695957184,6736,0.2846831977367401,5.761559009552002,0.019759535789489746,13795328,17327,6736,421,-4.1809115,0.009188564230862539,0.0076407387772633225,-4.514950564503669,-55.311474,0.013279715817770921,0.003065417789912317,-2.973237180709839,,,static,4.645370592469785,4.080955460266905,0.7413457521382827,0.0,-65.094864,2565.5573876273406,-4.1809115
85,1784867528.500711,,8.0,,8.0,,6.0,,6.0,,10.0,,10.0,,1.0,,1.0,,4.0,,4.0,,2.0,,2.0,,5.0,,5.0,,8.0,,8.0,,8.581540634389967,,6.3314407067373395,,9.947107144165784,,1.1409313280601054,,4.20616470312234,,2.1252388330176473,,4.960777925560251,,8.3125,-0.0604129284620285,-0.010707366513088346,0.00339660909230588,1.192272149026394,0.3917641043663025,0.9404120445251465,0.19236579537391663,0.024723311886191368,0.10395052284002304,0.3737403154373169,0.05566941946744919,6816,0.327409029006958,5.70071268081665,0.024768801406025887,13959168,17512,6816,426,3.573238,0.005518466605280992,0.006137134188611526,-4.573966228961945,-64.86491,0.012536185604403727,0.0016312081999785733,-3.013556678593159,,,static,4.762916046784428,3.7603811063953207,0.6539616698031312,0.0,-84.43327,2645.4984831205675,3.573238
86,1784867591.7063608,,8.0,,8.0,,6.0,,6.0,,10.0,,10.0,,1.0,,1.0,,4.0,,4.0,,2.0,,2.0,,5.0,,5.0,,8.0,,8.0,,7.962564255576581,,5.713071290432708,,9.839932045346359,,0.8966640287544578,,3.9571915002015885,,2.1041650674305856,,4.879764660494402,,7.8125,-0.03984977677464485,-0.014461665879935026,0.006216874811798334,1.188677679747343,0.3730556070804596,0.7742055654525757,0.3925319314002991,-0.08030754327774048,0.17582449316978455,0.30314117670059204,0.057537347078323364,6896,0.3828094005584717,5.395731449127197,0.017634619027376175,14123008,17706,6896,431,-5.0291724,0.005526120617287233,0.0059054032142739745,-4.58483422100544,-39.788467,0.00945760522299679,0.0020278407566365784,-3.050387778878212,,,static,4.746237236795787,3.7687804078378235,1.1404415737834648,0.0,-58.00401,2592.173383939009,-5.0291724
87,1784867653.675563,,8.0,,8.0,,6.0,,6.0,,10.0,,10.0,,1.0,,1.0,,4.0,,4.0,,2.0,,2.0,,5.0,,5.0,,8.0,,8.0,,8.669619468040764,,6.722290237434208,,9.965419441461563,,1.1319650940131396,,4.2846135245636106,,2.1818398660980165,,4.997499383054674,,8.5,-0.03792005777359009,0.0010763299360405654,0.01042133173905313,1.1840042732656002,0.32153165340423584,0.7609468698501587,0.29165804386138916,0.20286273956298828,0.22477877140045166,0.550136923789978,0.06668050587177277,6976,0.24458257853984833,5.806656360626221,0.03330012038350105,14286848,17906,6976,436,-3.9669375,0.006972858187509701,0.00832925141294254,-4.569461897015572,-52.43432,0.027732199896126984,0.0033474504816695116,-3.053892156481743,,,static,4.995512535433903,4.330954270963271,1.0249712190400295,0.0,-81.02192,2643.893919125505,-3.9669375
88,1784867715.542281,,8.0,,8.0,,6.0,,6.0,,10.0,,10.0,,1.0,,1.0,,4.0,,4.0,,2.0,,2.0,,5.0,,5.0,,8.0,,8.0,,8.694443181157112,,6.709619345143437,,10.0,,1.2927948392461985,,4.3843327653594315,,2.3078896454026108,,4.989220009185374,,8.75,-0.10415124893188477,-0.0023331164848059416,0.000828405581160041,1.1824656464159489,0.39253079891204834,0.8904056549072266,0.34555262327194214,0.043263521045446396,0.125589981675148,0.43509986996650696,0.05973200872540474,7056,0.21912285685539246,5.8910369873046875,0.018242940306663513,14450688,18090,7056,441,-3.3393981,0.006430008656752762,0.0045711273472988975,-4.587611538171768,-28.44522,0.008135091350413858,0.003326124753220938,-3.0887684538960456,,,static,4.51368648344541,4.101948726223733,0.9747961251217329,0.0,-76.945724,2648.2747681431397,-3.3393981
89,1784867779.0463862,,8.0,,8.0,,6.0,,6.0,,10.0,,10.0,,1.0,,1.0,,4.0,,4.0,,2.0,,2.0,,5.0,,5.0,,8.0,,8.0,,8.375531005178345,,6.4682410270906985,,9.703700099606067,,1.1559119551675394,,4.100322093872819,,2.067197706312072,,4.904340097215027,,8.375,-0.05248279124498367,-0.015843677858356386,0.0017072674072551308,1.182734675705433,0.14334292709827423,0.8414878249168396,0.123362697660923,-0.16232918202877045,0.11599604040384293,0.3709019720554352,0.04774083197116852,7136,0.32500696182250977,5.643780708312988,0.00749328313395381,14614528,18269,7136,446,-20.674604,0.0067019292357144876,0.008013625402236357,-4.603955873847008,-32.493786,0.004788477144029457,0.004416381292685401,-3.1202204331755636,,,static,5.084912510690364,4.672965239406889,0.9084375595995859,0.0,-43.782837,2579.989642115946,-20.674604
90,1784867841.3489256,,8.0,,8.0,,6.0,,6.0,,10.0,,10.0,,1.0,,1.0,,4.0,,4.0,,2.0,,2.0,,5.0,,5.0,,8.0,,8.0,,7.8863278660865035,,6.191083920188248,,9.69262515369337,,1.0061079422011971,,4.056815853342414,,2.042425204301253,,4.926327664172277,,8.0,-0.07206077128648758,-0.01636035059345886,0.0014579344679077622,1.183474451303482,0.39754730463027954,0.8063399195671082,0.36743634939193726,-0.1635831892490387,0.10076211392879486,0.4087516665458679,0.0551636777818203,7216,0.4140024185180664,5.47521448135376,0.03170965984463692,14778368,18460,7216,451,4.3845625,0.00488221903287922,0.005877113662427292,-4.571609234809875,-38.72571,0.024693700624629854,0.003920284652849659,-3.1240851402282717,,,static,4.879774295163315,4.587337604242902,0.9200219543526665,0.0,-75.02991,2629.748337865544,4.3845625
91,1784867902.9225748,,8.0,,8.0,,6.0,,6.0,,10.0,,10.0,,1.0,,1.0,,4.0,,4.0,,2.0,,2.0,,5.0,,5.0,,8.0,,8.0,,8.098948135739192,,6.135207484825514,,9.794940773397684,,1.0212188954465091,,4.066586105414899,,1.9842792322451714,,4.862385345622897,,8.25,0.0022852104157209396,-0.0008607752388343215,0.004144897011428839,1.1892960630357265,0.3341183662414551,0.8690580725669861,0.2821609377861023,-0.16918285191059113,0.22651122510433197,0.3436661958694458,0.04586026072502136,7296,0.36718297004699707,5.526695251464844,0.04062867909669876,14942208,18651,7296,456,-5.487169,0.006369825116416905,0.007384076251764782,-4.570456370711327,-48.858387,0.013499161379877478,0.004517766520439182,-3.1564708441495894,,,static,4.694373846045425,3.740144914251336,0.9627067935393294,0.0,-78.27019,2660.8785603057354,-5.487169
92,1784867966.5203853,,8.0,,8.0,,6.0,,6.0,,10.0,,10.0,,1.0,,1.0,,4.0,,4.0,,2.0,,2.0,,5.0,,5.0,,8.0,,8.0,,8.249877884984016,,6.019422264304012,,9.780749709752854,,1.1506430141162127,,4.095409474801272,,1.9892513536606202,,4.918551858281717,,8.1875,-0.030329052358865738,-0.014292204170487821,0.0016060953403211897,1.17736254632473,0.24752268195152283,0.946027934551239,0.17679958045482635,-0.0855344906449318,0.1153927817940712,0.4745079278945923,0.05501718074083328,7376,0.3359527289867401,5.548925876617432,0.0238956268876791,15106048,18846,7376,461,5.895913,0.004878191601164872,0.007215662971429992,-4.617938476800918,-67.80423,0.016805298835970463,0.00410355954154511,-3.1597478836774826,,,static,4.839208397015802,4.015943127348906,0.869950205842011,0.0,-50.10445,2576.1893382689177,5.895913
93,1784868030.6666994,,8.0,,8.0,,6.0,,6.0,,10.0,,10.0,,1.0,,1.0,,4.0,,4.0,,2.0,,2.0,,5.0,,5.0,,8.0,,8.0,,8.360952403396368,,6.275743057020009,,9.846902098041028,,1.1253457693383098,,4.166353000735398,,2.1980532856541686,,4.932845927774906,,8.375,-0.027703866362571716,0.0009371272171847522,0.006305774353677407,1.1698828116059303,0.27082711458206177,0.8293963670730591,0.23911559581756592,0.06221911311149597,0.16667596995830536,0.47654345631599426,0.059381451457738876,7456,0.34098684787750244,5.660150051116943,0.03758347034454346,15269888,19051,7456,466,-12.632172,0.00634218529012287,0.007336626159667503,-4.626420107483864,-63.069805,0.030126751685747875,0.003456151012869668,-3.182002182304859,,,static,4.92303548002754,3.841434257617068,0.7969958702230835,0.0,-61.02656,2554.160721737316,-12.632172
94,1784868094.3615713,,8.0,,8.0,,6.0,,6.0,,10.0,,10.0,,1.0,,1.0,,4.0,,4.0,,2.0,,2.0,,5.0,,5.0,,8.0,,8.0,,7.808086473494768,,5.979841199703515,,9.765329286456108,,0.7663453542627394,,3.956306614447385,,1.8168523221975192,,4.878363883355632,,7.9375,-0.01709667220711708,-0.010203041834756732,0.006904462607053574,1.1698428317904472,0.3890479803085327,0.7269107699394226,0.21574155986309052,-0.25589215755462646,0.19654928147792816,0.46937596797943115,0.05517091974616051,7536,0.3763731122016907,5.3635783195495605,0.04362223297357559,15433728,19242,7536,471,5.6769094,0.004662341797666158,0.0076959605459705925,-4.642763459682465,-74.89808,0.019007297075586394,0.0021504207026737275,-3.2684842497110367,,,static,4.853374003826449,4.563969620131749,0.9567833125787375,0.0,-58.121532,2572.2636077357333,5.6769094
95,1784868157.872703,,8.0,,8.0,,6.0,,6.0,,10.0,,10.0,,1.0,,1.0,,4.0,,4.0,,2.0,,2.0,,5.0,,5.0,,8.0,,8.0,,7.848763261921704,,5.699436866758333,,9.583340500481427,,0.7072656953241676,,3.7588713688310236,,1.8424361570214387,,4.770904119563056,,7.75,-0.011449411511421204,-0.0010194696951657534,0.0022642855383310234,1.1694946624338627,0.34221944212913513,0.9073853492736816,0.3147277235984802,0.27404874563217163,0.20456579327583313,0.3732603192329407,0.05204875022172928,7616,0.33473366498947144,5.245127201080322,0.041908372193574905,15597568,19462,7616,476,-13.316791,0.006557415543647948,0.008149693965970073,-4.633012393116951,-57.040905,0.02557618065038696,0.001534038687532302,-3.3026885807514192,,,static,4.410034663066326,4.444883519591441,0.83557326900103,0.0,-72.149864,2579.7052885282187,-13.316791
96,1784868223.3536003,,8.0,,8.0,,6.0,,6.0,,10.0,,10.0,,1.0,,1.0,,4.0,,4.0,,2.0,,2.0,,5.0,,5.0,,8.0,,8.0,,8.015267046866938,,6.072531051708211,,9.942099120467901,,1.1080324440845288,,4.051381923723966,,2.0586378847947344,,4.921681550331414,,8.0,-0.052511654794216156,0.0012284466065466404,0.008560893031244632,1.1685175113379955,0.4570431709289551,0.8909111022949219,0.39693179726600647,-0.03092333674430847,0.08201626688241959,0.33280301094055176,0.033812858164310455,7696,0.36124733090400696,5.521203517913818,0.012896155007183552,15761408,19669,7696,481,-21.958326,0.010625830671051517,0.0036750094055605586,-4.632831782102585,-20.626482,0.0057516635162755845,0.00414479328028392,-3.305895121395588,,,static,4.56714190110994,5.1619616218813595,1.0805373195017682,0.0,-46.53239,2502.1037682070614,-21.958326
97,1784868286.922125,,8.0,,8.0,,6.0,,6.0,,10.0,,10.0,,1.0,,1.0,,4.0,,4.0,,2.0,,2.0,,5.0,,5.0,,8.0,,8.0,,8.026336587034166,,6.024325308215339,,9.829128374287393,,1.1221210717631038,,3.956904727674555,,1.9253436238504946,,4.911114365095273,,8.0625,-0.006806360557675362,-0.0014886926801409572,0.0033037276152754202,1.1576939597725868,0.30856236815452576,0.8784297704696655,0.18239903450012207,0.2061031460762024,0.16415393352508545,0.46584704518318176,0.05814310535788536,7776,0.3635522425174713,5.482221603393555,0.04952067509293556,15925248,19894,7776,486,-3.3152428,0.007355216561700217,0.00571970045020862,-4.637152323126793,-66.665115,0.023432461888296528,0.0027301793845253995,-3.334922929108143,,,static,4.570302068563345,4.865162621681,0.8274731571213896,0.0,-63.279884,2577.376723686452,-3.3152428
98,1784868349.055022,,8.0,,8.0,,6.0,,6.0,,10.0,,10.0,,1.0,,1.0,,4.0,,4.0,,2.0,,2.0,,5.0,,5.0,,8.0,,8.0,,8.157728525809944,,6.088266004808247,,9.91709953773534,,1.1618375317193568,,4.252363007515669,,2.047541255073156,,4.96549595776014,,8.3125,-0.05172885209321976,-0.010155882395338267,0.006330967495159712,1.155613586306572,0.33683526515960693,0.7502589821815491,0.2802726924419403,-0.08219384402036667,0.08643902093172073,0.41543397307395935,0.04238516837358475,7856,0.3361838459968567,5.612854480743408,0.024309620261192322,16089088,20105,7856,491,5.155881,0.005680984594800975,0.0092576740833465,-4.663937655091286,-62.493355,0.007909276225836948,0.002983184071490541,-3.3881468906998635,,,static,4.84423062602032,5.197128560776863,0.893138878604118,0.0,-78.087364,2636.927772079729,5.155881
99,1784868414.9486904,,8.0,,8.0,,6.0,,6.0,,10.0,,10.0,,1.0,,1.0,,4.0,,4.0,,2.0,,2.0,,5.0,,5.0,,8.0,,8.0,,8.087414709618315,,6.273093938827515,,9.964380784193054,,1.0668682134710252,,3.9996033869683743,,2.0691601850558072,,4.9740601105149835,,8.125,-0.046474020928144455,-0.002321833511814475,0.0021759377523267176,1.1513311378657818,0.2073642760515213,0.8030898571014404,0.16275005042552948,0.1502678394317627,0.0963578000664711,0.49759674072265625,0.039863646030426025,7936,0.347294420003891,5.569947719573975,0.020202109590172768,16252928,20308,7936,496,6.006164,0.005555795125837903,0.005235261722918949,-4.620106711983681,-53.538643,0.018922962772194296,0.0025759091331565287,-3.397347018122673,,,static,4.240693287410246,4.118613149507353,1.2064644314947954,0.0,-75.37068,2486.430122761861,6.006164
100,1784868478.451797,,8.0,,8.0,,6.0,,6.0,,10.0,,10.0,,1.0,,1.0,,4.0,,4.0,,2.0,,2.0,,5.0,,5.0,,8.0,,8.0,,7.950957362540066,,5.465292999608209,,9.670203059911728,,0.7741619252992678,,3.7437518420629203,,1.8131029128126102,,4.761556091718376,,7.875,0.01812247559428215,-0.0014671564567834139,0.0036216378430253826,1.1608179956674576,0.26153212785720825,0.9029742479324341,0.22230328619480133,0.01890033856034279,0.3029229938983917,0.37064146995544434,0.03858749195933342,8016,0.3363271653652191,5.256752967834473,0.033641159534454346,16416768,20550,8016,501,-31.907887,0.014441362736397423,0.004794273512379732,-4.663881435990334,-75.88808,0.02245913802762516,0.0031042230475577526,-3.365701998770237,,,static,4.742351435434712,4.394883384069844,0.9311421974150007,0.0,-81.56172,2580.0312096058806,-31.907887
101,1784868540.6069443,,8.0,,8.0,,6.0,,6.0,,10.0,,10.0,,1.0,,1.0,,4.0,,4.0,,2.0,,2.0,,5.0,,5.0,,8.0,,8.0,,8.038315996644087,,5.765764066018164,,9.701020809821784,,0.8846679648850113,,3.877695362083614,,1.944549065141473,,4.866030060686171,,7.5625,-0.04174718260765076,0.001128725241869688,0.0037546252497122623,1.1594116166234016,0.2940938174724579,0.7691554427146912,0.18600665032863617,0.028317812830209732,0.1521204113960266,0.4975429177284241,0.047923773527145386,8096,0.377993106842041,5.330068111419678,0.05321474000811577,16580608,20773,8096,506,5.6815805,0.006415676541655558,0.00731238329608459,-4.666961225867271,-55.459515,0.020430221484275535,0.00350330829678569,-3.4114435777068137,,,static,4.886675970770167,5.592459941154822,1.0427224246104323,0.0,-82.162,2635.9844461587572,5.6815805
102,1784868603.3689055,,8.0,,8.0,,6.0,,6.0,,10.0,,10.0,,1.0,,1.0,,4.0,,4.0,,2.0,,2.0,,5.0,,5.0,,8.0,,8.0,,8.336956904735416,,6.462735316948965,,9.98067077298765,,1.2925723203807138,,4.1799347880987625,,2.156558903399855,,4.967711353674531,,8.25,-0.03722381591796875,-0.02059058001032099,0.004077441775734769,1.16832784563303,0.3645600974559784,0.9316889643669128,0.18986916542053223,-0.20372885465621948,0.13028888404369354,0.40532320737838745,0.042976539582014084,8176,0.28435182571411133,5.703392505645752,0.0810006782412529,16744448,21065,8176,511,-2.7416694,0.008419277402572334,0.004838058700261172,-4.656601673364639,-56.933125,0.04381834170781076,0.004040774377790513,-3.4179146766662596,,,static,4.604405965836833,5.569625325265624,0.8140830341742192,0.0,-77.52651,2610.498373407125,-2.7416694
103,1784868666.5407803,,8.0,,8.0,,6.0,,6.0,,10.0,,10.0,,1.0,,1.0,,4.0,,4.0,,2.0,,2.0,,5.0,,5.0,,8.0,,8.0,,8.67627782956697,,6.602582743391395,,9.964066848158836,,1.339680005214177,,4.310417544038501,,2.273997845943086,,4.981003835331649,,8.625,-0.09287502616643906,-0.004978320794180036,0.0021231362952676136,1.1625818572938442,0.1650235950946808,0.8611022233963013,0.11262568831443787,-0.27556681632995605,0.11201092600822449,0.4941070079803467,0.04421936348080635,8192,0.25194069743156433,5.846628665924072,0.02379683591425419,16908288,21297,8256,516,-14.072317,0.011677529936423525,0.004370956851926166,-4.761609223484993,-65.6638,0.025348184583708643,0.0029431447401293553,-3.4466012701392175,,,static,4.790828839099435,5.045005129999742,1.1060061019103413,0.0,-58.00891,2593.5592486995856,-14.072317
104,1784868730.3947098,,8.0,,8.0,,6.0,,6.0,,10.0,,10.0,,1.0,,1.0,,4.0,,4.0,,2.0,,2.0,,5.0,,5.0,,8.0,,8.0,,7.97421014145948,,6.032946301624179,,9.552429646253586,,1.0416517111298162,,3.9945614929893054,,1.9412500996259041,,4.902221297845244,,7.9375,-0.054428327828645706,0.0006026841001585126,0.0029576082961284555,1.1687631271779537,0.38471347093582153,0.8569313883781433,0.22099319100379944,-0.3591093122959137,0.10978861898183823,0.41081833839416504,0.03496354818344116,8192,0.362807959318161,5.422096252441406,0.03768681362271309,17072128,21534,8336,521,-37.373985,0.01781823660712689,0.005036925262538716,-4.791993400454521,-57.08869,0.015993352670921012,0.004026836933917366,-3.394390769302845,,,static,4.8491927228378815,4.827785827009157,0.7424489785058697,0.0,-53.402534,2565.8561966040957,-37.373985
105,1784868792.4823534,,8.0,,8.0,,6.0,,6.0,,10.0,,10.0,,1.0,,1.0,,4.0,,4.0,,2.0,,2.0,,5.0,,5.0,,8.0,,8.0,,8.362429961329326,,6.360536567866802,,9.719971833284944,,1.1272486716043204,,4.189175796171185,,2.189843747764826,,4.892220272682607,,8.375,-0.0026352256536483765,0.00024387281155213714,0.006179964912007563,1.1685873791575432,0.387875497341156,0.9953258037567139,0.33951666951179504,0.0149964839220047,0.33498284220695496,0.3404915928840637,0.02841416373848915,8192,0.3676531910896301,5.652052879333496,0.02533837966620922,17235968,21789,8416,526,-39.408356,0.01660399324609898,0.0038867351206135934,-4.8793153911828995,-37.34661,0.019156611507060006,0.003701182603253983,-3.418487365543842,,,static,5.398413328703134,4.356165223930049,0.7901327815857807,0.0,-75.82351,2638.850352640623,-39.408356
106,1784868855.9523554,,8.0,,8.0,,6.0,,6.0,,10.0,,10.0,,1.0,,1.0,,4.0,,4.0,,2.0,,2.0,,5.0,,5.0,,8.0,,8.0,,8.485846519935876,,6.431886103702709,,9.880398355424404,,1.1081905062310398,,4.141601014591288,,2.193457188725006,,4.887977425591089,,8.5,-0.059998925775289536,-0.000285338144749403,0.0009630108461351483,1.168163351714611,0.2839888334274292,0.8287036418914795,0.19265708327293396,-0.09173738956451416,0.12508925795555115,0.38411808013916016,0.03501138091087341,8192,0.3279300928115845,5.703669548034668,0.07241013646125793,17399808,22037,8496,531,-18.742966,0.00826662041945383,0.005176634335657582,-4.894930779933929,-42.29948,0.0316845883266069,0.005058755139179994,-3.40527458190918,,,static,5.094628561060193,5.324294853813882,0.7844150266329086,0.0,-62.71469,2581.3769517304827,-18.742966
107,1784868917.7715545,,8.0,,8.0,,6.0,,6.0,,10.0,,10.0,,1.0,,1.0,,4.0,,4.0,,2.0,,2.0,,5.0,,5.0,,8.0,,8.0,,7.91949141035002,,6.0005752057768404,,9.731665454804897,,1.0999589679995552,,4.008667393121868,,1.98277937900275,,4.868807704886422,,8.0625,-0.041641391813755035,9.491498349234462e-05,0.009717758672195487,1.1630310118198395,0.34576061367988586,0.8391239047050476,0.27419281005859375,0.0034434404224157333,0.14674299955368042,0.33347880840301514,0.028267551213502884,8192,0.3981367349624634,5.459305763244629,0.02926401048898697,17563648,22237,8576,536,-1.6568527,0.00606444324948825,0.004192327479540836,-4.9179954588413235,-47.473907,0.016299736115615814,0.005100397450587479,-3.4612593710422517,,,static,4.54491220159332,4.556524919831111,0.8792470668470556,0.0,-81.77377,2650.30933776893,-1.6568527
108,1784868979.648882,,8.0,,8.0,,6.0,,6.0,,10.0,,10.0,,1.0,,1.0,,4.0,,4.0,,2.0,,2.0,,5.0,,5.0,,8.0,,8.0,,7.97551443183329,,5.928266192087904,,9.745330861653201,,1.0069839744828641,,4.071392488665879,,2.115851730108261,,4.8561841850169,,8.1875,-0.057175181806087494,-0.0011944816797040403,0.0012213222707941895,1.1512988917529583,0.19590730965137482,0.7888832092285156,0.1848941594362259,0.03533098101615906,0.0864531621336937,0.4679400324821472,0.036424390971660614,8192,0.3888086676597595,5.485877990722656,0.08563452959060669,17727488,22451,8656,541,-30.842434,0.00902801723277662,0.006580024294089526,-4.957462131977081,-37.9876,0.027922706142999233,0.0017871166870463639,-3.466372808814049,,,static,5.290487077918867,4.768386046668984,0.8143787863061689,0.0,-82.149,2647.819599967456,-30.842434
109,1784869042.864662,,8.0,,8.0,,6.0,,6.0,,10.0,,10.0,,1.0,,1.0,,4.0,,4.0,,2.0,,2.0,,5.0,,5.0,,8.0,,8.0,,8.629836538806558,,6.4911502143368125,,9.891600286588073,,1.273843501927331,,4.197948411107063,,2.2082683189073578,,4.996386770857498,,8.5625,-0.0955863669514656,-0.007972299586981535,0.0018694824029807933,1.154859248548746,0.2963797152042389,0.8654396533966064,0.1996101289987564,0.009045596234500408,0.08512482047080994,0.29955533146858215,0.020644526928663254,8192,0.30152541399002075,5.781441688537598,0.005450630094856024,17891328,22626,8736,546,-11.144759,0.007828765787417069,0.005394868905568728,-4.943574723601341,-15.363831,0.003459006916091312,0.0033993962002568877,-3.4900074034929274,,,static,4.915444085016907,4.768093165044288,1.1707468891666346,0.0,-56.022514,2591.7579311493223,-11.144759
110,1784869106.3759816,,8.0,,8.0,,6.0,,6.0,,10.0,,10.0,,1.0,,1.0,,4.0,,4.0,,2.0,,2.0,,5.0,,5.0,,8.0,,8.0,,7.823616412468255,,5.597678475081921,,9.713812796864659,,0.8944119960069656,,3.8110408424399793,,1.7870652892743237,,4.793260716600344,,7.5625,-0.04015372321009636,-0.010865234595257789,0.003977765387389809,1.1546938121318817,0.29380160570144653,0.9381664991378784,0.24056999385356903,-0.08934617042541504,0.18145562708377838,0.3652932941913605,0.03179286792874336,8192,0.36548498272895813,5.247922897338867,0.05615236982703209,18055168,22846,8816,551,-11.830879,0.009524904369027355,0.006499256171082379,-4.963993394374848,-58.17678,0.03685603718040511,0.0042923019602312705,-3.4830035746097563,,,static,4.991787377061416,4.33389869821198,0.9862225636092834,0.0,-55.649933,2579.697614115029,-11.830879
111,1784869169.8886547,,8.0,,8.0,,6.0,,6.0,,10.0,,10.0,,1.0,,1.0,,4.0,,4.0,,2.0,,2.0,,5.0,,5.0,,8.0,,8.0,,8.537009036168456,,6.487948475405574,,10.0,,1.25749245431507,,4.135285125579685,,2.209276566922199,,4.934945704415441,,8.6875,-0.07659759372472763,0.000565777241718024,0.0049443224488641135,1.155169166624546,0.33461132645606995,0.7666456699371338,0.22496984899044037,0.1299324780702591,0.11135310679674149,0.3320022225379944,0.03170371800661087,8192,0.2826380133628845,5.781182289123535,0.07686705142259598,18219008,23080,8896,556,-20.612963,0.010083929292159155,0.005911195133376168,-4.969115602970123,-65.54718,0.04432447981089353,0.004042115710763028,-3.451948660612106,,,static,4.898353535066553,4.6453502197545316,0.8439235355195555,0.0,-78.688095,2579.6426531494485,-20.612963
112,1784869233.4670389,,8.0,,8.0,,6.0,,6.0,,10.0,,10.0,,1.0,,1.0,,4.0,,4.0,,2.0,,2.0,,5.0,,5.0,,8.0,,8.0,,8.23706691886764,,6.421618847176433,,9.883832512889057,,1.234336944296956,,4.160938994958997,,2.240725027397275,,4.914880062455268,,8.1875,-0.059118833392858505,-0.012209465261548758,0.00047624056605855003,1.1458785347640514,0.1826583296060562,0.9246200323104858,0.14697743952274323,0.13280266523361206,0.06339342892169952,0.3161013126373291,0.028333360329270363,8192,0.3254995346069336,5.660111904144287,0.03309834003448486,18382848,23313,8976,561,5.2406955,0.005035802113707177,0.009118028919328936,-4.982609468698501,-39.54458,0.03696385084185749,0.00413286753318971,-3.4974129632115365,,,static,5.126533151158543,5.172379067618951,1.1165201959417246,0.0,-69.85701,2576.976444034752,5.2406955
113,1784869297.2572296,,8.0,,8.0,,6.0,,6.0,,10.0,,10.0,,1.0,,1.0,,4.0,,4.0,,2.0,,2.0,,5.0,,5.0,,8.0,,8.0,,7.9514408791437745,,5.813354552024975,,9.80858814145904,,0.9262084178044461,,3.8920907435458503,,2.000893610471394,,4.860674774041399,,7.8125,-0.04853944107890129,0.0031158689234871417,0.0014496331496047787,1.129709955304861,0.3193066120147705,0.9199814796447754,0.2651681900024414,-0.01595209911465645,0.08994896709918976,0.3305545747280121,0.03286135196685791,8192,0.3686000108718872,5.383218765258789,0.04233671724796295,18546688,23555,9056,566,-22.195385,0.012815157586010173,0.006215876070200466,-5.012461727857589,-14.142184,0.01954216049052775,0.0020337101857876407,-3.521911107003689,,,static,5.299966490108532,4.645901915227879,0.9970977789592254,0.0,-55.305412,2568.419956271921,-22.195385
114,1784869361.3626711,,8.0,,8.0,,6.0,,6.0,,10.0,,10.0,,1.0,,1.0,,4.0,,4.0,,2.0,,2.0,,5.0,,5.0,,8.0,,8.0,,8.157480909547303,,6.3323107194155455,,9.74538238439709,,0.9205657914862968,,4.0175790238427,,1.9768523536622524,,4.887236894341186,,7.8125,-0.029537387192249298,-0.005982067086733878,0.005475247646245407,1.109609343111515,0.4220566153526306,0.8453527688980103,0.2936747968196869,0.11046622693538666,0.17003639042377472,0.2506597340106964,0.023060742765665054,8192,0.37062230706214905,5.48123836517334,0.01382585521787405,18710528,23769,9136,571,3.6933541,0.004127496782894013,0.009539514920470537,-5.046745610237122,-30.0109,0.01206737944157794,0.0023456439455912916,-3.547964522242546,,,static,5.390074308601105,4.375822011401249,0.8408611376052331,0.0,-48.590797,2555.7893019829867,3.6933541
115,1784869425.336902,,8.0,,8.0,,6.0,,6.0,,10.0,,10.0,,1.0,,1.0,,4.0,,4.0,,2.0,,2.0,,5.0,,5.0,,8.0,,8.0,,7.989555176813155,,6.12072576303035,,9.69010614004219,,1.0599058992811479,,4.075769055169076,,2.0312685165554285,,4.864603094756603,,8.125,-0.04028644040226936,0.0008812999585643411,0.0017254161448363448,1.1095011085271835,0.254048615694046,0.8103311061859131,0.20622709393501282,0.11714105308055878,0.11831678450107574,0.5241252183914185,0.03746853768825531,8192,0.36727139353752136,5.494616508483887,0.04490099474787712,18874368,23976,9216,576,-2.9397273,0.008397015098307748,0.005613453393743839,-5.055332168936729,-36.595825,0.027430318912956865,0.0017651862879574764,-3.548371522128582,,,static,5.4973824277959045,4.868798720114265,1.2528823317643347,0.0,-44.414143,2561.031764787584,-2.9397273
116,1784869488.1014547,,8.0,,8.0,,6.0,,6.0,,10.0,,10.0,,1.0,,1.0,,4.0,,4.0,,2.0,,2.0,,5.0,,5.0,,8.0,,8.0,,7.484479718375951,,5.3503809086978436,,9.250053400231991,,0.6111769489943981,,3.672050872584805,,1.6803508556185989,,4.64611360616982,,7.1875,-0.12325097620487213,-0.004551651130896062,0.004622036118234973,1.1097252368927002,0.23775076866149902,0.7919195890426636,0.20645420253276825,0.004837176762521267,0.13957934081554413,0.5121912360191345,0.03337976709008217,8192,0.23768699169158936,4.985263347625732,0.03532743826508522,19038208,24157,9296,581,6.597232,0.0055638725352764595,0.005879812955390662,-5.093265035748482,-16.032084,0.013605931462370791,0.0021760256575362293,-3.576177415251732,,,static,5.315413092336132,4.7380032993616865,0.7186592692573777,0.0,-73.93364,2610.390439424627,6.597232
117,1784869550.7126844,,8.0,,8.0,,6.0,,6.0,,10.0,,10.0,,1.0,,1.0,,4.0,,4.0,,2.0,,2.0,,5.0,,5.0,,8.0,,8.0,,8.079829142661765,,5.975009112153202,,9.688578320667148,,1.0981232633348554,,3.967056841123849,,1.9738604884478264,,4.921405833680183,,8.25,-0.015134159475564957,-0.007255953911226243,0.0018512570823077112,1.1138645634055138,0.28129616379737854,0.9577340483665466,0.18949584662914276,-0.4514327645301819,0.15217222273349762,0.32872968912124634,0.022934870794415474,8192,0.3551909029483795,5.494232177734375,0.030280981212854385,19202048,24366,9376,586,-2.136026,0.005166524906235282,0.00903262098072446,-5.077262434363365,-52.55824,0.01812869970453903,0.0029831305677362253,-3.609395016729832,,,static,5.465586114757982,5.2252358924915985,0.8289158455179663,0.0,-81.57033,2616.782565104447,-2.136026
118,1784869615.8606172,,8.0,,8.0,,6.0,,6.0,,10.0,,10.0,,1.0,,1.0,,4.0,,4.0,,2.0,,2.0,,5.0,,5.0,,8.0,,8.0,,7.694741979939863,,5.758527276106179,,9.660611478146166,,0.8888346034800634,,3.8723423664923757,,1.7477543102577329,,4.825421928195283,,7.6875,-0.05734249949455261,-0.004302033805288374,0.009446155359910335,1.105770368129015,0.19992974400520325,0.8999847769737244,0.49728089570999146,0.1876467913389206,0.12099497765302658,0.4752853214740753,0.02738674357533455,8192,0.36641645431518555,5.266966819763184,0.027566032484173775,19365888,24562,9456,591,-9.009783,0.009120112771051936,0.006505974754691124,-5.058604654669762,-49.43503,0.020519671915099024,0.003583932360925246,-3.6364015147089956,,,static,5.328594215436617,4.67299649898659,0.9607989408135204,0.0,-33.622005,2514.891777472689,-9.009783
119,1784869678.7233868,,8.0,,8.0,,6.0,,6.0,,10.0,,10.0,,1.0,,1.0,,4.0,,4.0,,2.0,,2.0,,5.0,,5.0,,8.0,,8.0,,8.076496650926856,,5.932935954770073,,9.915577033301815,,1.1419421518221498,,4.079335909642396,,2.1354279490187764,,4.946110809221864,,8.125,-0.031053921207785606,-0.0031475350842811167,0.0009894735394482268,1.1007591299712658,0.21509256958961487,0.908521294593811,0.1295441836118698,0.0389823243021965,0.09614469110965729,0.3691195845603943,0.030151136219501495,8192,0.328585147857666,5.544102668762207,0.03181803971529007,19529728,24764,9536,596,-20.713594,0.01067706964095123,0.006929608267091681,-5.088516360521316,-27.444574,0.012655995215754955,0.003102851498988457,-3.6898592725396155,,,static,5.449585106618372,4.813722763351956,0.9644860193386426,0.0,-88.26411,2606.3121200932233,-20.713594
120,1784869743.1386592,,8.0,,8.0,,6.0,,6.0,,10.0,,10.0,,1.0,,1.0,,4.0,,4.0,,2.0,,2.0,,5.0,,5.0,,8.0,,8.0,,7.615081177093089,,5.709540696814656,,9.493179803714156,,0.882585883140564,,3.96464402298443,,1.8433284368366003,,4.722890665754676,,7.4375,-0.04672674462199211,-0.02682003704831004,0.009227059832483064,1.1004184633493423,0.3063466548919678,0.7905939817428589,0.21912866830825806,-0.26096534729003906,0.20521144568920135,0.32816678285598755,0.027817972004413605,8192,0.367353230714798,5.20859432220459,0.04320511221885681,19693568,24974,9616,601,-29.241207,0.01497443051484879,0.0032896827506192494,-5.166973689198494,-23.07307,0.011958976430469193,0.004308056019362993,-3.736352135241032,,,static,5.618828242616753,4.951060789354128,1.2360134583940714,0.0,-89.35471,2543.4961609234247,-29.241207
121,1784869805.8630908,,8.0,,8.0,,6.0,,6.0,,10.0,,10.0,,1.0,,1.0,,4.0,,4.0,,2.0,,2.0,,5.0,,5.0,,8.0,,8.0,,7.564159315079451,,5.536638586898334,,9.446295952424407,,0.7737507030433335,,3.7911981709767133,,1.7981019061990082,,4.697689679451287,,7.875,-0.04279555007815361,-0.004173318215180188,0.014027711280505173,1.0930677689611912,0.40572237968444824,0.9425225853919983,0.3401104807853699,-0.14949831366539001,0.21246765553951263,0.3727879226207733,0.031284671276807785,8192,0.3525164723396301,5.185354232788086,0.05103065446019173,19857408,25201,9696,606,-53.21865,0.010810420388588681,0.004946332849794999,-5.173511743545532,-85.65408,0.04786762445000932,0.004367617220850661,-3.6498756796121596,,,static,5.817262417524741,4.485661288857277,1.5095351047894918,0.0,-74.60914,2612.0603790901027,-53.21865
122,1784869869.8440287,,8.0,,8.0,,6.0,,6.0,,10.0,,10.0,,1.0,,1.0,,4.0,,4.0,,2.0,,2.0,,5.0,,5.0,,8.0,,8.0,,7.626659090063185,,5.677239567041397,,9.688740350771695,,0.9893465873174137,,3.7701569935306907,,1.8430704775382765,,4.7648443705402315,,7.875,-0.029554929584264755,-0.003674934763694182,0.0018009741033893079,1.0965631194412708,0.3165263533592224,0.8358474969863892,0.26480716466903687,-0.047830648720264435,0.1525120884180069,0.39216500520706177,0.03240259364247322,8192,0.3247348368167877,5.279382228851318,0.060731202363967896,20021248,25520,9776,611,-35.541153,0.016256560984766112,0.004719232571369502,-5.214726513624191,-70.47657,0.07576302355155348,0.0044797219343308825,-3.608560401201248,,,static,6.376481724611748,4.862166916955647,0.662193427856117,0.0,-71.427734,2560.7626992433757,-35.541153
123,1784869932.6898553,,8.0,,8.0,,6.0,,6.0,,10.0,,10.0,,1.0,,1.0,,4.0,,4.0,,2.0,,2.0,,5.0,,5.0,,8.0,,8.0,,8.365987417288125,,6.233005304820836,,9.8453853065148,,1.1174302680010442,,4.169726859865477,,2.173316518019419,,4.993535703979433,,8.1875,0.026376385241746902,-0.00519187340978533,0.008973185118520632,1.0775144845247269,0.3383784890174866,0.9096511006355286,0.27786028385162354,-0.09353044629096985,0.2603083550930023,0.3965541124343872,0.03364996984601021,8192,0.29359710216522217,5.635735988616943,0.02440888248383999,20185088,25823,9856,616,4.3703628,0.007492736754647922,0.005310126615950139,-5.20602260529995,-68.32871,0.06495970718096941,0.0009288040411775001,-3.6053413450717926,,,static,5.945642019750297,4.992464731220518,0.9723216226104827,0.0,-79.80973,2607.0148237398253,4.3703628
124,1784869996.4776247,,8.0,,8.0,,6.0,,6.0,,10.0,,10.0,,1.0,,1.0,,4.0,,4.0,,2.0,,2.0,,5.0,,5.0,,8.0,,8.0,,8.562234314507805,,6.536506709875539,,10.0,,1.277646875474602,,4.23462033510441,,2.3174401447176933,,4.994666626211256,,8.5625,-0.08338794112205505,0.00010670593474060297,0.001304830222579767,1.0731389112770557,0.29074934124946594,0.8358707427978516,0.23975855112075806,0.1375887095928192,0.09326466917991638,0.4280741214752197,0.039290204644203186,8192,0.2566532492637634,5.810701847076416,0.04236670210957527,20348928,26081,9936,621,-26.953669,0.009678957010328304,0.004459345294162631,-5.210573303699493,-75.436844,0.05117498959880322,0.0031958659703377633,-3.620821687579155,,,static,5.325745887042338,4.757274555894732,0.8500127189824673,0.0,-101.59929,2568.5174754084337,-26.953669
125,1784870058.9126837,,8.0,,8.0,,6.0,,6.0,,10.0,,10.0,,1.0,,1.0,,4.0,,4.0,,2.0,,2.0,,5.0,,5.0,,8.0,,8.0,,7.9569034753367305,,6.004873383790255,,9.780963030643761,,0.9723398607457057,,3.9460541363805532,,1.9134374429704621,,4.8593051210045815,,7.625,-0.06691645085811615,0.0006922546308487654,0.0005668391677318141,1.0696190632879734,0.2072048932313919,0.8241769075393677,0.22422978281974792,-0.44551175832748413,0.057615309953689575,0.5709880590438843,0.03894318267703056,8192,0.3644426465034485,5.382359027862549,0.0520503893494606,20512768,26321,10016,626,-1.7020013,0.016167590671102516,0.0073531863396056,-5.253395926952362,-74.58132,0.03389439398888498,0.004393802021513693,-3.646561160683632,,,static,5.871731685017448,4.887208317710512,1.1204352882696693,0.0,-76.831825,2624.1667157502957,-1.7020013
126,1784870121.4885972,,8.0,,8.0,,6.0,,6.0,,10.0,,10.0,,1.0,,1.0,,4.0,,4.0,,2.0,,2.0,,5.0,,5.0,,8.0,,8.0,,8.69050097791478,,6.618560421280563,,9.979911820031703,,1.309896682294493,,4.353003202006221,,2.3182265320792794,,4.991062537766993,,8.5625,-0.09780783951282501,-0.005171111261006445,0.0022893668319738936,1.0623472407460213,0.2429279386997223,0.9235312938690186,0.1828862428665161,-0.4233328700065613,0.06939215958118439,0.48264092206954956,0.037310414016246796,8192,0.20936614274978638,5.8529582023620605,0.033459510654211044,20676608,26566,10096,631,-9.04067,0.009134623504360206,0.007512234429304954,-5.2889780640602115,-38.65748,0.0271763157856185,0.004949493084859568,-3.68751340508461,,,static,5.597467551276405,4.843983593504472,0.5832250947165809,0.0,-75.90626,2618.2600226611326,-9.04067
127,1784870183.769815,,8.0,,8.0,,6.0,,6.0,,10.0,,10.0,,1.0,,1.0,,4.0,,4.0,,2.0,,2.0,,5.0,,5.0,,8.0,,8.0,,8.31865152719547,,6.395365089527331,,9.88201975892298,,1.2098252628929913,,4.250595604535192,,2.1415630653500557,,4.934194952656981,,8.25,-0.039533693343400955,0.0006796529050916433,0.0016212298651225865,1.053325828164816,0.31120041012763977,0.9323079586029053,0.2660214602947235,-0.20299160480499268,0.11177349835634232,0.41298091411590576,0.03374558314681053,8192,0.29364529252052307,5.672776222229004,0.02883927896618843,20840448,26755,10176,636,-1.1931841,0.006156209614709951,0.00776050261920318,-5.332455211877823,-49.986717,0.016992674517678098,0.004796975188946817,-3.708925795555115,,,static,5.598220610746421,5.208074254004755,0.9425044892704487,0.0,-90.32964,2630.648357202166,-1.1931841
128,1784870245.693259,,8.0,,8.0,,6.0,,6.0,,10.0,,10.0,,1.0,,1.0,,4.0,,4.0,,2.0,,2.0,,5.0,,5.0,,8.0,,8.0,,8.090356019558385,,6.048396552214399,,9.753370588645339,,0.9473237271886319,,4.143735580611974,,1.9801160992356017,,4.843386911961716,,8.0,0.018173376098275185,-0.002665257838089019,0.0024051935761235654,1.0498301088809967,0.39038345217704773,0.919662356376648,0.30032432079315186,0.1630760282278061,0.18962453305721283,0.5123394727706909,0.03582712262868881,8192,0.3095487952232361,5.475835800170898,0.03845387324690819,21004288,26943,10256,641,-14.794218,0.008404239481023978,0.0075367079523857685,-5.3266315966844555,-64.04145,0.024126531835645438,0.004093984107021243,-3.7156431049108507,,,static,5.526647077262417,5.152574032258821,1.0200627020341737,0.0,-82.12122,2645.8476609952404,-14.794218
129,1784870308.6450446,,8.0,,8.0,,6.0,,6.0,,10.0,,10.0,,1.0,,1.0,,4.0,,4.0,,2.0,,2.0,,5.0,,5.0,,8.0,,8.0,,8.008249569451436,,6.192607194650918,,9.889781257603317,,1.088233423535712,,4.110685856081545,,1.9883001639973372,,4.907828660681844,,8.1875,-0.03626333922147751,-0.01147544538252987,0.0024173628589778673,1.0478760600090027,0.3261266350746155,0.9642590284347534,0.25987768173217773,0.2107919454574585,0.1228853166103363,0.38472670316696167,0.031381361186504364,8192,0.3599310517311096,5.546648979187012,0.022038035094738007,21168128,27167,10336,646,8.155798,0.007118980101222405,0.008401365423924289,-5.399684897065162,-17.283344,0.010003127981326543,0.0027005794203432743,-3.7149225145578386,,,static,6.047094465907959,4.967428803115593,1.1879482383993794,0.0,-84.123795,2602.6267488513577,8.155798
130,1784870370.4852479,,8.0,,8.0,,6.0,,6.0,,10.0,,10.0,,1.0,,1.0,,4.0,,4.0,,2.0,,2.0,,5.0,,5.0,,8.0,,8.0,,8.129801379982382,,6.1921484742779285,,9.938723229803145,,1.108911741990596,,4.058256050338969,,2.2605027118697762,,4.95496067777276,,8.3125,-0.03417964279651642,-0.004044141271151602,0.0023713405007583788,1.0319820456206799,0.28622564673423767,0.8259085416793823,0.22475585341453552,-0.13121365010738373,0.12551924586296082,0.26696473360061646,0.025312043726444244,8192,0.33097973465919495,5.619475841522217,0.038208574056625366,21331968,27343,10416,651,6.6117506,0.0060126216310891325,0.010635196565272054,-5.37546546459198,-31.571507,0.011899439620901831,0.0035309129394590854,-3.706617872416973,,,static,5.50101759189569,4.518226169609198,1.023537001449564,0.0,-77.42943,2649.4091244248484,6.6117506
131,1784870433.6118793,,8.0,,8.0,,6.0,,6.0,,10.0,,10.0,,1.0,,1.0,,4.0,,4.0,,2.0,,2.0,,5.0,,5.0,,8.0,,8.0,,7.9092070562765,,5.935394768603146,,9.827925650053658,,1.0772572334681172,,3.999188750749454,,2.083083368372172,,4.898619695042726,,8.0,-0.04110509529709816,-0.011560706188902259,0.0014632357870141277,1.0240389741957188,0.28461551666259766,0.9533153772354126,0.22871924936771393,-0.1664195954799652,0.0971439853310585,0.34597402811050415,0.024599289521574974,8192,0.3558848202228546,5.466334342956543,0.03612375631928444,21495808,27519,10496,656,7.359286,0.006812851109134499,0.010073598827875684,-5.385962978005409,-18.562653,0.015730140422238036,0.002504599997337209,-3.7606477186083795,,,static,5.860641215198195,4.730493132558033,1.365087169625158,0.0,-89.135956,2595.4180575029145,7.359286
132,1784870497.858706,,8.0,,8.0,,6.0,,6.0,,10.0,,10.0,,1.0,,1.0,,4.0,,4.0,,2.0,,2.0,,5.0,,5.0,,8.0,,8.0,,7.945214870385826,,6.117638509051176,,9.784479921683669,,1.0408353145467117,,4.015783783281222,,2.007151512661949,,4.956694551743567,,8.0625,-0.004657880403101444,-0.007542305422248319,0.004242009526933543,1.0218560546636581,0.32879260182380676,0.8825405240058899,0.26977890729904175,-0.05945153161883354,0.1561722755432129,0.2149641513824463,0.02701627090573311,8192,0.34067606925964355,5.491287708282471,0.04185747355222702,21659648,27778,10576,661,-45.06408,0.018154340074397625,0.005311230903316755,-5.408574745059013,-24.393581,0.024945412401575596,0.005035489892179612,-3.786496824026108,,,static,6.979701665777197,4.994112501796556,1.3133644264691728,0.0,-51.745758,2550.164955455028,-45.06408
133,1784870563.373762,,8.0,,8.0,,6.0,,6.0,,10.0,,10.0,,1.0,,1.0,,4.0,,4.0,,2.0,,2.0,,5.0,,5.0,,8.0,,8.0,,7.998955704271793,,5.936424054205418,,9.72748266486451,,0.9110560981353046,,3.811110684182495,,1.8796293169725686,,4.813084437977523,,8.125,-0.029856819659471512,-0.009541762585286051,0.004738759875181131,1.010808389633894,0.225328728556633,0.9226498603820801,0.17490604519844055,-0.02738785371184349,0.1399676650762558,0.3754238188266754,0.030652660876512527,8192,0.3406312167644501,5.40034294128418,0.050995416939258575,21823488,27968,10656,666,1.5974629,0.011873449551058003,0.006670742511050776,-5.509821388125419,-41.28926,0.014124749379698187,0.005084918549982831,-3.8209920108318327,,,static,5.140146816070911,5.1296215930020335,1.1991942925071561,0.0,-61.417194,2500.7991642275474,1.5974629
134,1784870627.5109797,,8.0,,8.0,,6.0,,6.0,,10.0,,10.0,,1.0,,1.0,,4.0,,4.0,,2.0,,2.0,,5.0,,5.0,,8.0,,8.0,,8.000686808023602,,5.8192026894539595,,9.725216457620263,,0.9645375164691359,,3.9429686658550054,,1.99695616774261,,4.795797772472724,,7.9375,-0.00333360955119133,-0.0016034762375056744,0.004840085464820731,1.0056131407618523,0.4102482199668884,0.9455907940864563,0.36121687293052673,0.09370046854019165,0.15817131102085114,0.2219526469707489,0.022179927676916122,8192,0.31888431310653687,5.397858619689941,0.006802036892622709,21987328,28167,10736,671,-34.058548,0.019786260550608857,0.0050414469922543505,-5.515211701393127,-26.983585,0.0064097953014425006,0.004040785202232655,-3.8053537264466284,,,static,5.808818493893609,4.8510954499490095,1.3328515229440363,0.0,-71.73883,2554.523008113483,-34.058548
135,1784870690.043108,,8.0,,8.0,,6.0,,6.0,,10.0,,10.0,,1.0,,1.0,,4.0,,4.0,,2.0,,2.0,,5.0,,5.0,,8.0,,8.0,,8.47028755908832,,6.3993114973418415,,9.961318637244403,,1.250671768677421,,4.236421159468591,,2.072358838281616,,4.920207354996819,,8.5625,-0.04958886653184891,-0.02414333785418421,0.003100660069321748,0.9942348282784224,0.2357718050479889,0.8017330169677734,0.16791827976703644,0.033943746238946915,0.12138507515192032,0.27363431453704834,0.024564217776060104,8192,0.27152547240257263,5.734134674072266,0.04014294221997261,22151168,28359,10816,676,-34.21097,0.01348051660170313,0.006431774506927468,-5.468884882330895,-35.736668,0.012625862009008415,0.00389946102295653,-3.8051992103457453,,,static,5.162150608230833,5.776021912292649,0.8173107075751206,0.0,-77.18905,2620.0931158132807,-34.21097
136,1784870753.669364,,8.0,,8.0,,6.0,,6.0,,10.0,,10.0,,1.0,,1.0,,4.0,,4.0,,2.0,,2.0,,5.0,,5.0,,8.0,,8.0,,8.268067661789246,,5.909110666252673,,9.90222205920145,,1.0635899793123826,,4.032717861118726,,1.9742065789178014,,4.938982852734625,,8.25,-0.019424527883529663,-0.01227948212181218,0.0019348574041941902,0.9771271198987961,0.4278377294540405,0.8691456317901611,0.3101291060447693,0.07201659679412842,0.10846424102783203,0.2843255400657654,0.018817296251654625,8192,0.3022879958152771,5.542362689971924,0.01810504123568535,22315008,28526,10896,681,-20.455526,0.010637217518524266,0.0064334051290643405,-5.459629520773888,-4.3756495,0.0043143593837157825,0.0026438852815772406,-3.8561022326350214,,,static,5.838302642803913,5.350389950689319,1.1110578874408472,0.0,-76.39775,2575.0375583200707,-20.455526
137,1784870815.4329495,,8.0,,8.0,,6.0,,6.0,,10.0,,10.0,,1.0,,1.0,,4.0,,4.0,,2.0,,2.0,,5.0,,5.0,,8.0,,8.0,,7.767857159953564,,5.635739099234343,,9.73038827162236,,0.7956337673240341,,3.8912548483349383,,1.8150761082069948,,4.809213631786406,,7.8125,-0.02015795186161995,0.0019546522526070476,0.0017462349751440343,0.9668769259005785,0.19887804985046387,0.7764813899993896,0.14301913976669312,0.008886877447366714,0.14284029603004456,0.23933452367782593,0.019421564415097237,8192,0.304383784532547,5.28220796585083,0.013765188865363598,22478848,28709,10976,686,-27.028187,0.017831379192648454,0.004900026106042787,-5.483374905586243,-13.343664,0.00266851496999152,0.0037212893628748136,-3.898625463247299,,,static,6.913978803689936,5.8491009738336555,0.9880813559634174,0.0,-77.62833,2652.695761823087,-27.028187
138,1784870877.74535,,8.0,,8.0,,6.0,,6.0,,10.0,,10.0,,1.0,,1.0,,4.0,,4.0,,2.0,,2.0,,5.0,,5.0,,8.0,,8.0,,7.682878109335434,,5.777617200044915,,9.584077021339908,,0.8327070660889149,,3.9539202507585287,,1.7754161921329796,,4.794240068178624,,7.6875,0.0017226976342499256,-0.014246272388845682,0.00536308650043793,0.9603351093828678,0.38217073678970337,0.865991473197937,0.3694237172603607,0.088088758289814,0.22088639438152313,0.28696873784065247,0.018352041020989418,8192,0.305814266204834,5.261044979095459,0.03363550826907158,22642688,28890,11056,691,-35.74216,0.01164615508459974,0.005446375084284227,-5.489148360490799,-45.329323,0.013863867212785408,0.0036544179645716214,-3.913424353301525,,,static,5.919415076222267,4.290614082377071,1.4014832095263907,0.0,-62.18496,2629.3321623586003,-35.74216
139,1784870938.7444901,,8.0,,8.0,,6.0,,6.0,,10.0,,10.0,,1.0,,1.0,,4.0,,4.0,,2.0,,2.0,,5.0,,5.0,,8.0,,8.0,,8.18340587685816,,6.214270535623655,,9.856141552329063,,1.1422652060864493,,4.084193058530218,,2.0185690893558785,,4.968378074467182,,8.1875,0.006236778572201729,-0.00015964245540089905,0.00335262361477362,0.9546891525387764,0.249167799949646,0.7860517501831055,0.18923528492450714,-0.06510405987501144,0.18233539164066315,0.20379643142223358,0.01535902637988329,8192,0.31710949540138245,5.581840991973877,0.009920034557580948,22806528,29113,11136,696,-66.89476,0.0347534581203945,0.004431520831712987,-5.53601787686348,-11.045414,0.0030613843453465963,0.0031852165928285105,-3.8922896504402162,,,static,6.992019480020931,5.516229191289453,0.9336442823752296,0.0,-78.498314,2685.939498586413,-66.89476
140,1784871000.8376532,,8.0,,8.0,,6.0,,6.0,,10.0,,10.0,,1.0,,1.0,,4.0,,4.0,,2.0,,2.0,,5.0,,5.0,,8.0,,8.0,,7.686941176187247,,5.823541274527088,,9.520749968010932,,0.9280174038140103,,3.9981650304980576,,1.820159860420972,,4.794858192792162,,7.6875,-0.05237150192260742,-0.0006822514696978033,0.0014565981400664896,0.9419290963560343,0.23628655076026917,0.9862668514251709,0.22029201686382294,-0.20967461168766022,0.0860920175909996,0.19806253910064697,0.017337152734398842,8192,0.31484976410865784,5.282491683959961,0.015916824340820312,22970368,29323,11216,701,-6.445903,0.009184660142636858,0.007608016909216531,-5.580133005976677,-23.045578,0.009996754699386656,0.004782800409884658,-3.8704849660396574,,,static,6.122444510857358,4.006341068640781,0.9320895764965756,0.0,-62.866356,2638.615823275557,-6.445903
141,1784871063.7462447,,8.0,,8.0,,6.0,,6.0,,10.0,,10.0,,1.0,,1.0,,4.0,,4.0,,2.0,,2.0,,5.0,,5.0,,8.0,,8.0,,8.033144515007734,,5.933460894972086,,9.730534325353801,,1.0120115575846285,,4.036876649071928,,2.001994240519707,,4.842060828581452,,8.0,-0.011197011917829514,-0.009210350137436762,0.0011026495722035179,0.9247845336794853,0.25582155585289,0.8098152875900269,0.1730804592370987,0.04962804913520813,0.10200473666191101,0.2613639831542969,0.01763077825307846,8192,0.27701693773269653,5.448760509490967,0.017973506823182106,23134208,29496,11296,706,-25.036844,0.015000860221334733,0.005186487913306337,-5.604498255252838,-18.597187,0.0041512742347549645,0.006283355456253048,-3.9202733039855957,,,static,5.185287698492402,5.6663618317665865,1.1013946281248481,0.0,-62.63031,2604.413711368161,-25.036844
142,1784871126.6054811,,8.0,,8.0,,6.0,,6.0,,10.0,,10.0,,1.0,,1.0,,4.0,,4.0,,2.0,,2.0,,5.0,,5.0,,8.0,,8.0,,7.9905019900761545,,5.968626702204347,,9.766581675969064,,1.1039224283304065,,4.057508505415171,,2.0413670148700476,,4.8729475979926065,,7.9375,-0.04211074113845825,0.001098776119761169,0.0004148742700635921,0.9088580198585987,0.3278898298740387,0.9179573655128479,0.24877071380615234,-0.10018178075551987,0.04424573481082916,0.27123764157295227,0.02274143695831299,8192,0.31463122367858887,5.467369556427002,0.02230491116642952,23298048,29691,11376,711,-42.167,0.018476851616287603,0.005521948674868327,-5.615552219748497,-32.733795,0.009377171673986596,0.005086385207687272,-3.9367691412568093,,,static,5.347899540118729,5.152160593732377,1.2048555667268346,0.0,-53.201233,2606.4597518272017,-42.167
143,1784871188.5739512,,8.0,,8.0,,6.0,,6.0,,10.0,,10.0,,1.0,,1.0,,4.0,,4.0,,2.0,,2.0,,5.0,,5.0,,8.0,,8.0,,8.082821511197835,,6.194882218464045,,9.74485827703029,,1.0077790878422093,,4.090676299179904,,1.8806920992210507,,4.859996257349849,,7.875,-0.027737122029066086,-0.0018649628618732095,0.0009903467744152294,0.8995022680610418,0.31077703833580017,0.8072102069854736,0.25092121958732605,-0.10298265516757965,0.10535478591918945,0.2630302906036377,0.025456994771957397,8192,0.3115055561065674,5.467087745666504,0.04093048349022865,23461888,29902,11456,716,-50.57197,0.01836596999783069,0.009646948042791337,-5.625221356749535,-60.508198,0.035534230398479846,0.003255274606635794,-3.917129084467888,,,static,6.479601425711652,4.655637835873338,1.219500195236204,0.0,-73.36735,2643.9240711694742,-50.57197
144,1784871250.7233386,,8.0,,8.0,,6.0,,6.0,,10.0,,10.0,,1.0,,1.0,,4.0,,4.0,,2.0,,2.0,,5.0,,5.0,,8.0,,8.0,,7.844354058703175,,5.721294790506363,,9.729424904391635,,0.9905493636761094,,3.928530130768195,,2.014316235698061,,4.886008372996002,,7.8125,-0.020852817222476006,-0.0025718806427903473,0.009500632688286714,0.8879985492676497,0.20571409165859222,0.9139248728752136,0.20108841359615326,-0.21343755722045898,0.1302175223827362,0.29891183972358704,0.02779940702021122,8192,0.32773682475090027,5.365872859954834,0.025844987481832504,23625728,30116,11536,721,-69.70368,0.024838558008195833,0.002699108534579864,-5.64132362306118,-43.336468,0.02031601470080204,0.005796677756006829,-3.922394971549511,,,static,6.63595661685312,5.14702355992241,1.3969299442185876,0.0,-78.13533,2636.228688829666,-69.70368
145,1784871314.0786664,,8.0,,8.0,,6.0,,6.0,,10.0,,10.0,,1.0,,1.0,,4.0,,4.0,,2.0,,2.0,,5.0,,5.0,,8.0,,8.0,,8.201913854340091,,6.337935174815357,,9.975742023438215,,1.1729162719566375,,4.174788016825914,,2.1243746613617986,,4.978152135503478,,8.25,-0.03723159059882164,0.000746167148463428,0.009285039850510657,0.8811623509973288,0.333055704832077,0.862330436706543,0.3407743573188782,-0.0806935578584671,0.07555560022592545,0.22114820778369904,0.01987472176551819,8192,0.2706044018268585,5.651978015899658,0.009181121364235878,23789568,30325,11616,726,-6.816571,0.01006018980697263,0.007607122979243286,-5.658176475763321,-12.353058,0.004793106880970299,0.005586888426478254,-3.913106143474579,,,static,5.442681101262524,5.21731934768532,1.16664912742838,0.0,-51.162304,2586.049316015833,-6.816571
146,1784871377.1300244,,8.0,,8.0,,6.0,,6.0,,10.0,,10.0,,1.0,,1.0,,4.0,,4.0,,2.0,,2.0,,5.0,,5.0,,8.0,,8.0,,8.403385094366968,,6.655949105042964,,9.968883871100843,,1.2577116370666772,,4.284306024666876,,2.274000108242035,,4.989172260276973,,8.5625,-0.01938549242913723,-0.006907280476298183,0.008266227654530667,0.8717928510159254,0.21738740801811218,0.9424946904182434,0.20180818438529968,-0.18050341308116913,0.24881614744663239,0.271119087934494,0.025910906493663788,8192,0.25795412063598633,5.799488544464111,0.01620400883257389,23953408,30518,11696,731,-8.506712,0.013431588042294607,0.0044161497688037345,-5.62127973139286,-5.969056,0.007947324197448324,0.0015987740494892932,-3.9108236342668534,,,static,5.781646210405277,4.652422173224178,1.1316733824889456,0.0,-72.29552,2598.516591596015,-8.506712
147,1784871441.196482,,8.0,,8.0,,6.0,,6.0,,10.0,,10.0,,1.0,,1.0,,4.0,,4.0,,2.0,,2.0,,5.0,,5.0,,8.0,,8.0,,7.892824289272539,,5.803646163083613,,9.847652703290805,,1.0370083194575273,,3.960249051800929,,1.9905406381003559,,4.9343180992873386,,8.0625,0.03912268579006195,-0.0006223473174031824,0.007101640469045378,0.8537847064435482,0.32261934876441956,0.9518668055534363,0.2975371181964874,-0.13652551174163818,0.24996599555015564,0.24512532353401184,0.025448258966207504,8192,0.3078869879245758,5.441092491149902,0.02964893728494644,24117248,30720,11776,736,8.793648,0.007375489156402182,0.0076767596670833885,-5.606911444664002,-41.867565,0.011894392262911424,0.003037280632997863,-3.9033340007066726,,,static,5.831333857571812,4.589162189094971,1.6928515045005361,0.0,-75.47554,2557.344457950415,8.793648
148,1784871503.2568128,,8.0,,8.0,,6.0,,6.0,,10.0,,10.0,,1.0,,1.0,,4.0,,4.0,,2.0,,2.0,,5.0,,5.0,,8.0,,8.0,,7.906398345134221,,6.095952574163675,,9.668989963363856,,0.9760819340590388,,4.015950237517245,,2.0217325629782863,,4.966716534458101,,8.0,-0.01399268675595522,-0.0013712408253923059,0.0011275751421635505,0.8393037207424641,0.19007137417793274,0.933405339717865,0.15960711240768433,-0.17276142537593842,0.1093955934047699,0.3674902319908142,0.02770010381937027,8192,0.3013770580291748,5.456477642059326,0.05825990438461304,24281088,30926,11856,741,-67.42216,0.029942519112955777,0.0039635759821976535,-5.601941752433777,-58.255024,0.017359354777727275,0.004772598553972785,-3.8998343721032143,,,static,6.878797662443283,5.481775470900274,1.177236593331125,0.0,-73.505936,2640.011692661948,-67.42216
149,1784871564.8759534,,8.0,,8.0,,6.0,,6.0,,10.0,,10.0,,1.0,,1.0,,4.0,,4.0,,2.0,,2.0,,5.0,,5.0,,8.0,,8.0,,8.022135539911687,,5.988874632399529,,9.860351346898824,,1.0627435841597617,,4.015309538466681,,1.982386409828905,,4.929686366172973,,8.125,-0.012407435104250908,-0.010105237655807287,0.0010642659653967712,0.8298136983066797,0.19651567935943604,0.9053806066513062,0.19705578684806824,-0.0879138708114624,0.09109407663345337,0.3781057298183441,0.026588980108499527,8192,0.2788316607475281,5.498310565948486,0.02092309668660164,24444928,31163,11936,746,-48.989784,0.017965154064586385,0.006354926874337252,-5.6758390188217165,-42.150833,0.01868927726172842,0.006197794462786987,-3.9263408735394476,,,static,6.188810637614411,5.304406772811385,1.4972922177062031,0.0,-78.38204,2658.914052916735,-48.989784
150,1784871626.3206067,,8.0,,8.0,,6.0,,6.0,,10.0,,10.0,,1.0,,1.0,,4.0,,4.0,,2.0,,2.0,,5.0,,5.0,,8.0,,8.0,,8.138342518359423,,6.107293276116252,,9.93547699751798,,0.958250226569362,,4.098300537094474,,2.09242804517271,,4.957597617216379,,8.0,0.02404196932911873,-0.000590567768085748,0.0044500688527477905,0.8123119231313467,0.3538030683994293,1.0787296295166016,0.3081963062286377,0.11816053092479706,0.18309593200683594,0.3049412965774536,0.028586626052856445,8192,0.2783505320549011,5.535961151123047,0.049991756677627563,24608768,31385,12016,751,-8.6936245,0.012645729182986542,0.012390486626281927,-5.697988453507423,-50.641415,0.03185829779831693,0.002035061029891949,-3.845610237121582,,,static,7.228800653075699,4.340860885816004,1.3683343065987628,0.0,-74.402794,2666.464715512255,-8.6936245
151,1784871689.0848446,,8.0,,8.0,,6.0,,6.0,,10.0,,10.0,,1.0,,1.0,,4.0,,4.0,,2.0,,2.0,,5.0,,5.0,,8.0,,8.0,,7.729283130727708,,6.125578112900257,,9.81530840427149,,0.9059393618954346,,3.9326068945229053,,1.8963473124895245,,4.88856449269224,,7.8125,0.04421141371130943,-0.0009937802969943732,0.0031370106917165685,0.8037042524665594,0.25180214643478394,0.9325475692749023,0.21468450129032135,0.0636671856045723,0.23819072544574738,0.31446588039398193,0.020886901766061783,8192,0.29745787382125854,5.388266086578369,0.028423171490430832,24772608,31576,12096,756,-6.3391633,0.008391161693725734,0.005127102040569298,-5.669071039557457,-40.89027,0.010084732246468775,0.0005748472423874774,-3.852657340466976,,,static,6.317559731354548,4.005539602761306,1.116724140387587,0.0,-65.6527,2610.4037222786546,-6.3391633
152,1784871751.2829888,,8.0,,8.0,,6.0,,6.0,,10.0,,10.0,,1.0,,1.0,,4.0,,4.0,,2.0,,2.0,,5.0,,5.0,,8.0,,8.0,,7.800886787939817,,6.009221855958458,,9.617022488484508,,0.9710451167775318,,3.905793009325862,,1.9148850693600252,,4.913397125666961,,8.0,-0.00872192531824112,0.0017867068527266383,0.003288678479293594,0.7938914764672518,0.3172397315502167,0.8337318897247314,0.22232407331466675,-0.1948050856590271,0.1444409042596817,0.36034369468688965,0.025133706629276276,8192,0.3140811026096344,5.391531467437744,0.014888806268572807,24936448,31755,12176,761,7.861482,0.009408784250263124,0.008133396539778914,-5.69032609462738,-25.659992,0.004320458171423525,0.0008441018340818119,-3.8698376923799516,,,static,6.621187078502973,4.94998384421975,1.2752342790873028,0.0,-75.546616,2634.162217645615,7.861482
153,1784871813.5585911,,8.0,,8.0,,6.0,,6.0,,10.0,,10.0,,1.0,,1.0,,4.0,,4.0,,2.0,,2.0,,5.0,,5.0,,8.0,,8.0,,8.39049658831209,,6.112536086817272,,9.935323245823383,,1.0920426938391756,,4.006513549014926,,2.0575464855355676,,4.941003290239678,,8.1875,-0.011646030470728874,-0.002993428031913936,0.001090012661734363,0.782614927738905,0.2381744235754013,0.965268611907959,0.18389709293842316,0.020625175908207893,0.10437162965536118,0.2727377712726593,0.017852168530225754,8192,0.2476045787334442,5.590370178222656,0.006291217170655727,25100288,31969,12256,766,-39.687164,0.017209561838535593,0.006034036011260469,-5.77826441526413,-22.576847,0.00654245340556372,0.003129987245119992,-3.8897779509425163,,,static,6.859175300858854,4.5521274591982515,1.1434539025803374,0.0,-74.8185,2630.885823225626,-39.687164
154,1784871875.6006267,,8.0,,8.0,,6.0,,6.0,,10.0,,10.0,,1.0,,1.0,,4.0,,4.0,,2.0,,2.0,,5.0,,5.0,,8.0,,8.0,,8.258257937966846,,6.4553797375410795,,9.93342241924256,,1.2321419338695705,,4.195112720713951,,2.0779274310625624,,4.970274710096419,,8.25,-0.020050738006830215,-0.0037152941222302616,0.000985282237706997,0.7719175983220339,0.20963634550571442,0.9164466857910156,0.17301465570926666,-0.21714241802692413,0.09431483596563339,0.2597183585166931,0.020754605531692505,8192,0.22122421860694885,5.671565055847168,0.01717521995306015,25264128,32157,12336,771,-26.238735,0.012371614162111655,0.008501899002294522,-5.7910567849874495,-24.713322,0.006746131073305151,0.003068359447934199,-3.8672508865594866,,,static,6.471202954763841,4.529895087684045,1.098317938041439,0.0,-67.87588,2640.7902077581693,-26.238735
155,1784871937.6651678,,8.0,,8.0,,6.0,,6.0,,10.0,,10.0,,1.0,,1.0,,4.0,,4.0,,2.0,,2.0,,5.0,,5.0,,8.0,,8.0,,8.477754199673655,,6.320757301640697,,9.962283049244434,,1.245207360945642,,4.178446021629497,,2.2099798060953617,,4.986728250514716,,8.5625,-0.009965542703866959,-0.0021105107734911144,0.0026167138457822148,0.7654628399759531,0.2710708975791931,0.8603516221046448,0.23827752470970154,-0.1934281289577484,0.18254512548446655,0.2236047238111496,0.015832409262657166,8192,0.241444930434227,5.74295711517334,0.018098775297403336,25427968,32340,12416,776,-7.27567,0.014106481440830976,0.0067150954011594875,-5.775121551752091,-11.89755,0.002967905713740038,0.003230827589868568,-3.8463143557310104,,,static,7.264365643085961,5.013386547521764,1.247695028025305,0.0,-78.547775,2639.8326284446607,-7.27567
156,1784872000.4952867,,8.0,,8.0,,6.0,,6.0,,10.0,,10.0,,1.0,,1.0,,4.0,,4.0,,2.0,,2.0,,5.0,,5.0,,8.0,,8.0,,8.319226275780238,,6.256360261468217,,9.964244958013296,,1.1693068239837885,,4.169452722300775,,2.1558364909433294,,4.9804327440215275,,8.1875,0.012916970066726208,0.0014477430377155542,0.0021019365103711607,0.7477969992905855,0.3237189054489136,0.9765700101852417,0.15297222137451172,0.021849047392606735,0.18918558955192566,0.31027737259864807,0.02357962168753147,8192,0.260964572429657,5.650294780731201,0.021877935156226158,25591808,32529,12496,781,-54.053658,0.016575828852364794,0.005045113080996089,-5.79587582051754,-47.242085,0.006900363866589032,0.0029650933065568097,-3.9061280265450478,,,static,6.152542197589305,5.080387354367103,1.217527595883208,0.0,-75.66736,2607.6665208925415,-54.053658
157,1784872063.3414474,,8.0,,8.0,,6.0,,6.0,,10.0,,10.0,,1.0,,1.0,,4.0,,4.0,,2.0,,2.0,,5.0,,5.0,,8.0,,8.0,,7.660814248491079,,5.5745322273578495,,9.633148838300258,,0.8437039010459557,,3.810495280311443,,1.8184284679955454,,4.710515903308988,,7.6875,-0.05076069384813309,-0.006766513339243829,0.0036932191833329853,0.7334254365414381,0.28564852476119995,0.8880543112754822,0.24692706763744354,-0.018140433356165886,0.12329402565956116,0.2323363572359085,0.02704494446516037,8192,0.27230948209762573,5.2173919677734375,0.05432024225592613,25755648,32737,12576,786,-17.148678,0.013772859793971293,0.006700516153068747,-5.749584677815437,-35.141975,0.017606330799753777,0.0027740750745579136,-3.957646743953228,,,static,5.695075087444807,5.1570749831889415,1.1266348336611824,0.0,-55.981895,2607.0009593400473,-17.148678
158,1784872126.2975497,,8.0,,8.0,,6.0,,6.0,,10.0,,10.0,,1.0,,1.0,,4.0,,4.0,,2.0,,2.0,,5.0,,5.0,,8.0,,8.0,,8.321764915715903,,6.3208405347540975,,9.858063941122964,,1.1053126991027966,,4.0618883739516605,,2.073903668548155,,4.9790792445710395,,8.1875,-0.009618342854082584,0.002677160780876875,0.0020591223201336106,0.71552799269557,0.25786811113357544,0.9268547892570496,0.20127876102924347,0.049696579575538635,0.10394954681396484,0.2618447542190552,0.031150437891483307,8192,0.23682618141174316,5.61354398727417,0.06963613629341125,25919488,32967,12656,791,-2.5898938,0.010805980567238294,0.007103767442458775,-5.720839744806289,-10.1730585,0.019276186387287453,0.0028096019341319334,-3.939471165835857,,,static,6.212994411644983,5.328584760135113,1.7154709631822802,0.0,-60.982216,2602.4489072902675,-2.5898938
159,1784872187.799412,,8.0,,8.0,,6.0,,6.0,,10.0,,10.0,,1.0,,1.0,,4.0,,4.0,,2.0,,2.0,,5.0,,5.0,,8.0,,8.0,,8.289819400786655,,6.337442964781076,,9.838993163779378,,1.1388058134471066,,4.210552847245708,,2.207578379311599,,4.991665935143828,,8.3125,-0.010101168416440487,-0.00030417522066272795,0.004216430439555552,0.7052705809473991,0.4359441101551056,0.8281663656234741,0.38325268030166626,0.18407341837882996,0.16228848695755005,0.20834147930145264,0.026591360569000244,8192,0.254881352186203,5.665919303894043,0.01543158944696188,26083328,33166,12736,796,-54.855064,0.020839515508851037,0.006017849179625045,-5.707072860002517,-20.239906,0.006017217287444509,0.003406570256629493,-3.9752938494086267,,,static,6.021479314981574,4.90263948754302,0.975393130981163,0.0,-73.795456,2663.983690601662,-54.855064
160,1784872249.129755,,8.0,,8.0,,6.0,,6.0,,10.0,,10.0,,1.0,,1.0,,4.0,,4.0,,2.0,,2.0,,5.0,,5.0,,8.0,,8.0,,8.303563265828416,,6.390154566848651,,9.952303233207203,,1.244408650585683,,4.147471575066447,,2.0910388334887102,,4.974233566783369,,8.125,0.016177134588360786,0.0012627028045244515,0.0014881010883982526,0.7038079239428043,0.3418583869934082,0.8200461864471436,0.35572806000709534,0.11787942796945572,0.1632489413022995,0.2123422920703888,0.02366853505373001,8192,0.21370375156402588,5.653521537780762,0.02927696518599987,26247168,33371,12816,801,-18.877594,0.020591527043143286,0.003980693404446356,-5.700021183490753,-10.808495,0.008962288504699245,0.003510316145548131,-4.031195515394211,,,static,6.037426084025678,4.917014108242701,1.5065469603384338,0.0,-77.43773,2671.434621874963,-18.877594
161,1784872313.7606528,,8.0,,8.0,,6.0,,6.0,,10.0,,10.0,,1.0,,1.0,,4.0,,4.0,,2.0,,2.0,,5.0,,5.0,,8.0,,8.0,,7.8167857638327405,,5.566022205122863,,9.582708073343383,,0.8911842556553893,,3.7886850745417178,,1.9614567446988076,,4.8060854490613565,,8.0,-0.023280784487724304,-0.01260064379312098,0.006106814329541521,0.7047062143683434,0.29038935899734497,0.9220929741859436,0.23819473385810852,-0.21964235603809357,0.0912211537361145,0.32387155294418335,0.038022808730602264,8192,0.2009355127811432,5.3016157150268555,0.07360614091157913,26411008,33581,12896,806,-27.308386,0.013124209345551207,0.005888388847233727,-5.677117511630058,-41.11138,0.02664940821705386,0.004408051300561056,-4.042961093783378,,,static,5.438937061081847,4.991371073366091,2.2234763988303703,0.0,-66.97585,2535.0104410536374,-27.308386
162,1784872377.9589279,,8.0,,8.0,,6.0,,6.0,,10.0,,10.0,,1.0,,1.0,,4.0,,4.0,,2.0,,2.0,,5.0,,5.0,,8.0,,8.0,,8.257159044966102,,6.150943458196707,,9.909682938829064,,1.0548917965497822,,4.035615574888652,,2.1191571547824424,,4.954235658748075,,8.1875,-0.028587695211172104,-7.933186134323478e-05,0.0028573303225130076,0.6994369942694902,0.27605366706848145,0.8554455041885376,0.19209407269954681,0.04995623975992203,0.045484509319067,0.35674864053726196,0.033618319779634476,8192,0.25536975264549255,5.583648681640625,0.033942852169275284,26574848,33761,12976,811,-14.39258,0.011490821596817113,0.005620501084194984,-5.709144175052643,-32.294777,0.0138314106996404,0.002053880976745859,-4.024030420184135,,,static,6.434476413843248,4.619516228683489,1.2438490838069953,0.0,-47.883568,2552.0940037251567,-14.39258
163,1784872441.107859,,8.0,,8.0,,6.0,,6.0,,10.0,,10.0,,1.0,,1.0,,4.0,,4.0,,2.0,,2.0,,5.0,,5.0,,8.0,,8.0,,8.260346152528655,,6.134147735778242,,9.930337879108265,,1.124413160723634,,4.148122116050217,,2.1523675503849518,,4.995194365037605,,8.1875,0.00021769420709460974,-0.01644741662312299,0.0012629277352971258,0.6864093728363514,0.22739121317863464,0.9703647494316101,0.24248412251472473,-0.005857435986399651,0.1432095617055893,0.2845434546470642,0.03739326447248459,8192,0.24611613154411316,5.61655330657959,0.03230828419327736,26738688,33993,13056,816,-11.246756,0.012743968813447281,0.005015996846486815,-5.725350683927536,-40.729786,0.014264561998425051,0.0020676905318396167,-3.992656183242798,,,static,6.211127028503656,5.459801289706974,1.8557485733449712,0.0,-78.09916,2594.5010353861726,-11.246756
164,1784872504.0212002,,8.0,,8.0,,6.0,,6.0,,10.0,,10.0,,1.0,,1.0,,4.0,,4.0,,2.0,,2.0,,5.0,,5.0,,8.0,,8.0,,8.084402228239924,,6.043927269347478,,9.866983903106302,,1.1181636846158653,,3.9884833816904575,,2.0797651557950303,,4.945223051850917,,8.125,0.05420687049627304,-0.004142132995184511,0.006824943178799003,0.686578756198287,0.19589145481586456,0.7452331185340881,0.2222876399755478,0.13338513672351837,0.2835942506790161,0.338706374168396,0.04637516662478447,8192,0.27735668420791626,5.531493663787842,0.041785676032304764,26902528,34213,13136,821,-2.4646409,0.0066626916333916595,0.005170301115140319,-5.6887182027101515,-39.137634,0.018184197403024883,0.002510602358961478,-4.039527729153633,,,static,5.656868998144352,5.368180606470244,2.018713973709113,0.0,-81.34188,2604.2171041838806,-2.4646409
165,1784872566.8916664,,8.0,,8.0,,6.0,,6.0,,10.0,,10.0,,1.0,,1.0,,4.0,,4.0,,2.0,,2.0,,5.0,,5.0,,8.0,,8.0,,7.929486458153406,,5.98184632678749,,9.630002993158996,,0.9551426043035462,,3.965084979077801,,1.9621464589436073,,4.895824453327805,,8.0,0.008834758773446083,-0.0007643881835974753,0.004161985725659179,0.6910983119159937,0.2307172417640686,1.0360347032546997,0.20418505370616913,-0.12140528857707977,0.18173903226852417,0.47020772099494934,0.03836389631032944,8192,0.27384153008461,5.414941787719727,0.02287515625357628,27066368,34394,13216,826,6.435281,0.006346270637004636,0.007004128859989578,-5.630281367897988,-28.448313,0.015216351702110841,0.004165816848399118,-4.072755613923073,,,static,5.350938073773927,4.8671060665052694,1.5150162073136184,0.0,-68.26243,2605.993079593215,6.435281
166,1784872630.7843196,,8.0,,8.0,,6.0,,6.0,,10.0,,10.0,,1.0,,1.0,,4.0,,4.0,,2.0,,2.0,,5.0,,5.0,,8.0,,8.0,,8.097630090778694,,6.294891495723277,,9.946142284199595,,1.1504483018943574,,4.085692193359137,,2.0662547735264525,,4.9573655561544,,8.125,-0.009268837049603462,-0.003115195839200169,0.0015314838565245736,0.6945244502276182,0.3985118269920349,0.771589457988739,0.29809990525245667,0.007075639441609383,0.13440823554992676,0.36367952823638916,0.022022180259227753,8192,0.29087594151496887,5.590427875518799,0.03267499804496765,27230208,34568,13296,831,-41.344738,0.012876300895004533,0.0067118999824742785,-5.608594173192978,-22.150574,0.012780200262204744,0.0037255877869029064,-4.116297426819801,,,static,6.426910717784532,5.7436585544228445,1.5788898736792953,0.0,-54.281647,2564.3010801645864,-41.344738
167,1784872693.6932065,,8.0,,8.0,,6.0,,6.0,,10.0,,10.0,,1.0,,1.0,,4.0,,4.0,,2.0,,2.0,,5.0,,5.0,,8.0,,8.0,,8.238738429201476,,6.234876919537783,,9.849775942973793,,1.0916163412621245,,4.090782198123634,,2.123209343466442,,5.0,,8.1875,-0.009767456911504269,0.0011190406512469053,0.0011642390254564816,0.6938292980194092,0.2779926061630249,0.7718663215637207,0.16450802981853485,-0.03187141194939613,0.1153038963675499,0.3127904236316681,0.02546650357544422,8192,0.25941795110702515,5.602062702178955,0.02855643443763256,27394048,34782,13376,836,-8.54228,0.015320522198453545,0.0052544587568263525,-5.679450279474258,-35.80727,0.017082669064984658,0.0024721565983782056,-4.109471109509468,,,static,5.967388700852669,4.596482964736916,1.5372093321092546,0.0,-75.84623,2604.401487712328,-8.54228
168,1784872758.3633766,,8.0,,8.0,,6.0,,6.0,,10.0,,10.0,,1.0,,1.0,,4.0,,4.0,,2.0,,2.0,,5.0,,5.0,,8.0,,8.0,,8.388529012911022,,6.3475633764173836,,9.945281024673022,,1.129772195708938,,4.196406063158065,,2.20955134392716,,4.983403145801276,,8.1875,-0.02532327175140381,-0.006095082120737061,0.0010517130967855337,0.6906140521168709,0.25889259576797485,0.7895199656486511,0.20377205312252045,-0.013805018737912178,0.10298997908830643,0.3236702084541321,0.03123387135565281,8192,0.23785480856895447,5.673501014709473,0.03379838913679123,27557888,35003,13456,841,9.554589,0.008194904864649289,0.007527029181801481,-5.720275020599365,-71.85109,0.03068037166376598,0.00281300516508054,-4.121107676625252,,,static,5.845765668055662,5.101559631535798,1.262923114981647,0.0,-43.751457,2533.4710177600414,9.554589
169,1784872821.0770729,,8.0,,8.0,,6.0,,6.0,,10.0,,10.0,,1.0,,1.0,,4.0,,4.0,,2.0,,2.0,,5.0,,5.0,,8.0,,8.0,,8.045898523414508,,6.038250990444794,,9.915744697675109,,1.0316627792781219,,4.010679776172765,,1.8864325169452059,,4.96639392231009,,8.0625,-0.003523861989378929,-0.003635831642895937,0.0008906800885597477,0.6946213413029909,0.22458335757255554,0.7912377119064331,0.1987704336643219,-0.7302929162979126,0.07015792280435562,0.5011448860168457,0.04595843330025673,8192,0.22414952516555786,5.494695663452148,0.040169596672058105,27721728,35213,13536,846,-17.583899,0.012921283417381347,0.00603083074602182,-5.771227538585663,-66.86916,0.02103341878973879,0.005160272360080853,-4.154234400391578,,,static,5.847941548631511,5.897596525903696,1.550255265643667,0.0,-72.89457,2612.507463789541,-17.583899
170,1784872883.852918,,8.0,,8.0,,6.0,,6.0,,10.0,,10.0,,1.0,,1.0,,4.0,,4.0,,2.0,,2.0,,5.0,,5.0,,8.0,,8.0,,8.486742825713009,,6.626731901895255,,9.953758501447737,,1.2102168309502304,,4.220631008705823,,2.2167384144850075,,4.999956969197228,,8.4375,-0.03896994888782501,-0.006388965586666018,0.0020924809541611467,0.6953027136623859,0.24212510883808136,0.8492458462715149,0.2166382074356079,0.1713145673274994,0.12937316298484802,0.4766998887062073,0.04181746393442154,8192,0.20502501726150513,5.7690348625183105,0.04762635380029678,27885568,35420,13616,851,-15.112707,0.008944587571022566,0.009701098411460407,-5.703525921702385,-69.75255,0.026474347803741693,0.000862039570347406,-4.171660175919532,,,static,5.953627496912564,5.632878389839185,1.004479273468731,0.0,-66.40684,2609.921067185202,-15.112707
171,1784872946.1752796,,8.0,,8.0,,6.0,,6.0,,10.0,,10.0,,1.0,,1.0,,4.0,,4.0,,2.0,,2.0,,5.0,,5.0,,8.0,,8.0,,7.624648028984666,,5.726554276421666,,9.646401855861768,,0.7953538523288444,,3.848405644064769,,1.8265812195604667,,4.855043788207695,,7.75,-0.026804091408848763,0.001010515377856791,0.0012870103964814916,0.69632120244205,0.1901513934135437,0.82346111536026,0.19028589129447937,-0.1378253549337387,0.11788036674261093,0.34930747747421265,0.033539798110723495,8192,0.2681369185447693,5.2591233253479,0.050669461488723755,28049408,35642,13696,856,-8.229705,0.00943057525146287,0.006794064580753911,-5.651992905139923,-56.219738,0.02447489863843657,0.004041794911609031,-4.201296126842498,,,static,6.0681246131388935,5.6145066763163785,1.4901545514399368,0.0,-50.028404,2628.911936240973,-8.229705
172,1784873008.556824,,8.0,,8.0,,6.0,,6.0,,10.0,,10.0,,1.0,,1.0,,4.0,,4.0,,2.0,,2.0,,5.0,,5.0,,8.0,,8.0,,7.881042182678357,,6.029935439582914,,9.814702456817031,,0.9830264415941201,,3.967126814997755,,1.983574220445007,,4.865660704614129,,7.9375,0.005676177330315113,-0.003793322481215,0.002900440013036132,0.6853701993823051,0.3402612805366516,0.8517904877662659,0.2857080101966858,-0.3480542302131653,0.13269862532615662,0.32241010665893555,0.03336939960718155,8192,0.267602801322937,5.432821273803711,0.025894172489643097,28213248,35853,13776,861,-36.661877,0.018482540256809444,0.0068215857245377265,-5.693260303139686,-54.602654,0.012272007673163898,0.0044979939324548465,-4.250797346234322,,,static,6.63936072472423,5.739213943528533,1.4937015850495468,0.0,-63.044994,2626.4178041953583,-36.661877
173,1784873070.8504436,,8.0,,8.0,,6.0,,6.0,,10.0,,10.0,,1.0,,1.0,,4.0,,4.0,,2.0,,2.0,,5.0,,5.0,,8.0,,8.0,,8.069446711800992,,5.923367153736763,,9.966706721868832,,1.0378366296645254,,4.1452194903977215,,2.065338261767465,,4.930311457253993,,8.0,0.026656467467546463,-0.011011065449565649,0.006400958693120629,0.6688471529632807,0.220261812210083,1.1378692388534546,0.1552814394235611,-0.03215589374303818,0.1615123599767685,0.33395665884017944,0.027374712750315666,8192,0.2392176240682602,5.51727819442749,0.03191204369068146,28377088,36073,13856,866,-9.623542,0.007703177278744988,0.006757029169239104,-5.696229869127274,-61.449028,0.01808015490532853,0.005026013545284513,-4.292067819833756,,,static,6.075207954619811,5.1101654638996745,1.669245512398787,0.0,-47.615837,2630.125120352673,-9.623542
174,1784873133.3245387,,8.0,,8.0,,6.0,,6.0,,10.0,,10.0,,1.0,,1.0,,4.0,,4.0,,2.0,,2.0,,5.0,,5.0,,8.0,,8.0,,7.989883167902008,,5.867567523382604,,9.873262334614992,,0.9181656460277736,,4.063232665474061,,1.9593599265208468,,4.951371772447601,,8.125,0.005270735360682011,-0.004624401102773845,0.005168649178813212,0.6635159458965063,0.3381558060646057,0.9198181629180908,0.26717135310173035,0.23296698927879333,0.13088783621788025,0.4365740120410919,0.026344146579504013,8192,0.27641141414642334,5.468480587005615,0.027692873030900955,28540928,36250,13936,871,8.702681,0.005733705405145883,0.008124838097864994,-5.676588174700737,-45.939106,0.015459177090087905,0.002729654568247497,-4.3460508525371555,,,static,5.835216769313577,5.435916567508224,1.7543791376572344,0.0,-65.13987,2622.5267935658226,8.702681
175,1784873199.2946675,,8.0,,8.0,,6.0,,6.0,,10.0,,10.0,,1.0,,1.0,,4.0,,4.0,,2.0,,2.0,,5.0,,5.0,,8.0,,8.0,,8.043607617320959,,6.236518514808267,,9.970784083241597,,1.0963379055028781,,4.14209746173583,,2.0212415491696447,,4.955157106320257,,8.1875,-0.009885610081255436,-0.005514098331332207,0.008506483121891506,0.6562347318977118,0.2867004871368408,0.8308794498443604,0.2267046868801117,-0.007690555416047573,0.11046639084815979,0.3205145299434662,0.02528635784983635,8192,0.2442418783903122,5.581655502319336,0.034026600420475006,28704768,36460,14016,876,-7.967574,0.008118657740124036,0.005209885140357073,-5.646385976672173,-36.516933,0.012464768995414488,0.005112726752122399,-4.370595982670784,,,static,5.910522895849847,5.645457584883516,1.9695803254278017,0.0,-40.615536,2483.548242247622,-7.967574
176,1784873263.0340636,,8.0,,8.0,,6.0,,6.0,,10.0,,10.0,,1.0,,1.0,,4.0,,4.0,,2.0,,2.0,,5.0,,5.0,,8.0,,8.0,,7.980498700402677,,6.051992155378684,,9.831514181569219,,1.0047781504690647,,4.0007424481154885,,2.0444070452358574,,4.916243853978813,,8.0625,0.045694731175899506,0.000835033948533237,0.004973564915417228,0.6614167857915163,0.3710397183895111,0.826792299747467,0.32721880078315735,0.13445760309696198,0.21592389047145844,0.34878626465797424,0.02411467954516411,8192,0.24740168452262878,5.486584663391113,0.025652024894952774,28868608,36645,14096,881,-33.474876,0.012591058298130519,0.006571125933260191,-5.635826745629311,-31.83228,0.007295506304944866,0.003970710680732736,-4.365669837594032,,,static,5.722077235449888,6.109862683799562,1.7533739206325634,0.0,-73.1013,2570.4669671142906,-33.474876
177,1784873326.484901,,8.0,,8.0,,6.0,,6.0,,10.0,,10.0,,1.0,,1.0,,4.0,,4.0,,2.0,,2.0,,5.0,,5.0,,8.0,,8.0,,8.085400511976331,,6.1899734733160585,,9.92781688645482,,1.0973874037154019,,4.0724310500663705,,2.007094803324435,,4.916083459742367,,8.1875,0.03310707211494446,0.004367908928543329,0.008623763482319191,0.6468449514359236,0.3867204487323761,0.8299429416656494,0.3145178556442261,-0.16167764365673065,0.18667258322238922,0.20509660243988037,0.01768350601196289,8192,0.2415943592786789,5.560461044311523,0.013808058574795723,29032448,36851,14176,886,-25.822275,0.014420933395740576,0.00696665453579044,-5.658668246865273,-22.2772,0.005888058742857538,0.002377847868774552,-4.385519102215767,,,static,5.984826552645968,5.935882774571428,1.6821849066262804,0.0,-76.94804,2582.1566776711193,-25.822275
178,1784873391.4800682,,8.0,,8.0,,6.0,,6.0,,10.0,,10.0,,1.0,,1.0,,4.0,,4.0,,2.0,,2.0,,5.0,,5.0,,8.0,,8.0,,8.107921586139128,,6.100573162722867,,9.888615449890494,,1.050906434073113,,4.157293284988555,,2.052290176245151,,4.95772901060991,,8.1875,0.0051421718671917915,0.00036551570519804955,0.0014985250491008628,0.6507966741919518,0.28627508878707886,0.9754498600959778,0.22197404503822327,-0.004755634814500809,0.12330304831266403,0.2988378703594208,0.020461801439523697,8192,0.242411807179451,5.562854290008545,0.027202989906072617,29196288,37054,14256,891,-60.87385,0.020781647838884965,0.005438617366598919,-5.687276566028595,-17.868645,0.00820454621571116,0.0031677181003033185,-4.369976311922073,,,static,6.492432011846321,5.736749765661226,1.3607961156105297,0.0,-49.513287,2520.8028170476177,-60.87385
179,1784873453.8044035,,8.0,,8.0,,6.0,,6.0,,10.0,,10.0,,1.0,,1.0,,4.0,,4.0,,2.0,,2.0,,5.0,,5.0,,8.0,,8.0,,8.135910912824329,,6.063212890994691,,9.938389576971531,,1.042235332657583,,4.099521842326794,,2.1236206327666878,,4.929291221204039,,8.0625,0.007436946965754032,-0.020300468429923058,0.0031843291617406067,0.6435210723429918,0.15335214138031006,0.8305310010910034,0.1299353837966919,0.018036464229226112,0.14009521901607513,0.2615891098976135,0.018109746277332306,8192,0.25311279296875,5.549335479736328,0.02835223451256752,29360128,37262,14336,896,-10.652688,0.01537770630675368,0.00427750208764337,-5.721181973814964,-31.328754,0.007858146209036932,0.007967849307169672,-4.383428984880448,,,static,6.084353225615602,6.767568906434346,1.5461771004936917,0.0,-66.93656,2628.8284463030336,-10.652688
180,1784873517.1224966,,8.0,,8.0,,6.0,,6.0,,10.0,,10.0,,1.0,,1.0,,4.0,,4.0,,2.0,,2.0,,5.0,,5.0,,8.0,,8.0,,8.226324662362458,,6.087325200904161,,9.957585233729333,,1.1530770628742175,,4.1490038256160915,,2.083165752410423,,4.994104538112879,,8.25,-0.008225255645811558,0.00014925829600542784,0.008487586295814253,0.6330982223153114,0.19866149127483368,0.7275247573852539,0.15492701530456543,0.07131825387477875,0.12547369301319122,0.26211702823638916,0.018296830356121063,8192,0.24321885406970978,5.612573623657227,0.04349351301789284,29523968,37450,14416,901,-8.304682,0.011899080581497402,0.006788264645729214,-5.685126376152039,-22.007956,0.017676725814817475,0.0034894761265604757,-4.393733114004135,,,static,5.814459173129835,5.576559495539298,1.6344809113930927,0.0,-61.390877,2587.570182386873,-8.304682
181,1784873579.3607068,,8.0,,8.0,,6.0,,6.0,,10.0,,10.0,,1.0,,1.0,,4.0,,4.0,,2.0,,2.0,,5.0,,5.0,,8.0,,8.0,,8.395720848115161,,6.4011611035093665,,9.932662286562845,,1.2071305277640931,,4.192078530439176,,2.1822856997605413,,4.999709091178374,,8.1875,-0.030333613976836205,0.0010651631746441126,0.0028779703643522225,0.6231610178947449,0.23922328650951385,0.8030551075935364,0.18424293398857117,0.22254729270935059,0.06280604004859924,0.20068687200546265,0.013813422992825508,8192,0.21189217269420624,5.687280654907227,0.02232557162642479,29687808,37652,14496,906,-49.359562,0.01812296033021994,0.004673856806766708,-5.674876603484154,-31.027386,0.01478931774618104,0.006891474006988574,-4.379979115724564,,,static,6.286263445607657,5.3786367161010045,1.3792817696350546,0.0,-64.01413,2632.46632130808,-49.359562
182,1784873641.6202443,,8.0,,8.0,,6.0,,6.0,,10.0,,10.0,,1.0,,1.0,,4.0,,4.0,,2.0,,2.0,,5.0,,5.0,,8.0,,8.0,,8.224183690850623,,6.300233433023095,,9.976196070434526,,1.1600803548644762,,4.144417115021497,,2.251139111351222,,4.988871560432017,,8.0625,0.000568243907764554,-0.004023140587378293,0.0009955418190656928,0.6303368248045444,0.2649388611316681,1.010437250137329,0.19554679095745087,0.07974144071340561,0.09363219141960144,0.37636926770210266,0.021333487704396248,8192,0.19156530499458313,5.638452529907227,0.028737282380461693,29851648,37832,14576,911,-26.283743,0.012179513846058398,0.005613915520370938,-5.69752000272274,-41.37486,0.010655442083952948,0.002546901632740628,-4.391408336162567,,,static,6.10528048561857,5.97110672925812,1.279845687769349,0.0,-49.161583,2631.5646349135536,-26.283743
183,1784873703.819755,,8.0,,8.0,,6.0,,6.0,,10.0,,10.0,,1.0,,1.0,,4.0,,4.0,,2.0,,2.0,,5.0,,5.0,,8.0,,8.0,,8.139615228399634,,6.111798720434308,,9.821661182912067,,1.0429084547795355,,4.107226315652952,,2.0301702042343095,,4.957732571288943,,8.0625,0.06627149134874344,0.0003145431401208043,0.006055352205294184,0.6274207346141338,0.21273528039455414,0.891948938369751,0.14727109670639038,0.053861312568187714,0.2750219404697418,0.3491518199443817,0.017592407763004303,8192,0.25272122025489807,5.5342020988464355,0.026737172156572342,30015488,38028,14656,916,-9.27845,0.00941509972908534,0.008011514641111717,-5.661003717780114,-31.24596,0.007968538065324538,0.005679998603591229,-4.34846982061863,,,static,6.059673206271393,6.507808770374841,1.4360962942723647,0.0,-62.89678,2634.1042928104703,-9.27845
184,1784873767.5788474,,8.0,,8.0,,6.0,,6.0,,10.0,,10.0,,1.0,,1.0,,4.0,,4.0,,2.0,,2.0,,5.0,,5.0,,8.0,,8.0,,7.953083694563247,,5.887777237483533,,9.858153578243218,,0.9993155472329818,,3.936249933714862,,1.9530946663580835,,4.883351180586033,,8.0,0.0016473106807097793,-0.004373249830678105,0.0008814154762148974,0.6255359072238207,0.18606925010681152,0.8737440705299377,0.13374242186546326,-0.1512724608182907,0.08137519657611847,0.3264579772949219,0.018701301887631416,8192,0.20337986946105957,5.433878421783447,0.029566003009676933,30179328,38214,14736,921,-2.5801384,0.006250475130218547,0.00575773286545882,-5.688894975185394,-31.760168,0.00906655330763897,0.003312571576680057,-4.3345293432474135,,,static,5.6761793341074895,5.261591074121911,1.527199419514247,0.0,-44.528717,2569.6727605188676,-2.5801384
185,1784873829.732528,,8.0,,8.0,,6.0,,6.0,,10.0,,10.0,,1.0,,1.0,,4.0,,4.0,,2.0,,2.0,,5.0,,5.0,,8.0,,8.0,,8.105425077839755,,6.030806374037638,,9.863615146256052,,1.0565322492620908,,3.9849066447932273,,2.0649419714463875,,4.960227448842488,,8.125,-0.019469236955046654,-0.005180915293749422,0.006616794955334626,0.6154249832034111,0.2911671996116638,0.7875592112541199,0.19357003271579742,0.0815533846616745,0.06352195888757706,0.3312496840953827,0.017163962125778198,8192,0.25985145568847656,5.523931980133057,0.025534437969326973,30343168,38401,14816,926,-25.551327,0.009831079629657324,0.007308989702141844,-5.745607689023018,-42.518787,0.006733880771207623,0.005317838332848624,-4.341137906908989,,,static,6.2012140452412385,6.189564599029402,2.0619619933693216,0.0,-49.4544,2636.0466247772997,-25.551327
186,1784873893.700855,,8.0,,8.0,,6.0,,6.0,,10.0,,10.0,,1.0,,1.0,,4.0,,4.0,,2.0,,2.0,,5.0,,5.0,,8.0,,8.0,,8.234120933804661,,6.091014423291199,,9.92964378464967,,1.1059273360297084,,4.120869984268211,,2.087551849141164,,4.946682154433802,,8.125,-0.009615261107683182,0.0021780661190859973,0.003590085971154622,0.5982918161898851,0.2906705141067505,0.9843239188194275,0.212183877825737,0.07863513380289078,0.07178045809268951,0.2503190040588379,0.017910506576299667,8192,0.2345224916934967,5.580101013183594,0.02756482921540737,30507008,38595,14896,931,-0.8465971,0.00572334330281592,0.008279010911064689,-5.6690505802631375,-24.39001,0.00948246673506219,0.0029435848053253723,-4.339312565326691,,,static,5.68206701904185,5.782717964702795,1.9958259267279979,0.0,-39.464027,2561.2679821677284,-0.8465971
187,1784873954.8578994,,8.0,,8.0,,6.0,,6.0,,10.0,,10.0,,1.0,,1.0,,4.0,,4.0,,2.0,,2.0,,5.0,,5.0,,8.0,,8.0,,8.340234393021092,,6.22187014867086,,9.965587690472603,,1.14940581592964,,4.109012281132891,,2.0896321499021724,,4.9950633202679455,,8.25,-0.0131082683801651,-0.002700571028981358,0.0008163447419065051,0.5974455699324608,0.19095706939697266,0.9551286101341248,0.12176461517810822,0.3401930630207062,0.08546220511198044,0.36609575152397156,0.022279629483819008,8192,0.21048036217689514,5.640100955963135,0.029510900378227234,30670848,38776,14976,936,-43.22476,0.011237119563156739,0.005075303510966478,-5.696901139616966,-28.270523,0.014199242778704501,0.005309691533329897,-4.352668908238411,,,static,5.362898350394021,5.864451920967747,1.3891036910119046,0.0,-74.997696,2679.0040296716666,-43.22476
188,1784874016.0554543,,8.0,,8.0,,6.0,,6.0,,10.0,,10.0,,1.0,,1.0,,4.0,,4.0,,2.0,,2.0,,5.0,,5.0,,8.0,,8.0,,7.889350183540955,,5.949425014376175,,9.861854577437043,,0.920206501847133,,3.9411472983192652,,1.9458634830079973,,4.887933382357005,,7.9375,-0.0018468243069946766,-0.0036512943916022778,0.005132508675160352,0.5924086719751358,0.2723674476146698,0.9381015300750732,0.1629754900932312,0.0344315841794014,0.10098101198673248,0.3652540147304535,0.023519184440374374,8192,0.2425055205821991,5.416660308837891,0.012658973224461079,30834688,38981,15056,941,-0.22994213,0.013818728469777853,0.005115614875103347,-5.739429384469986,-37.99596,0.008155503377201967,0.0037258314216160214,-4.367813524603844,,,static,5.720318194332162,6.192939018697272,1.544970933623789,0.0,-83.3596,2677.231812537808,-0.22994213
189,1784874076.9817772,,8.0,,8.0,,6.0,,6.0,,10.0,,10.0,,1.0,,1.0,,4.0,,4.0,,2.0,,2.0,,5.0,,5.0,,8.0,,8.0,,8.157963592675515,,5.967137971543707,,9.86055498861242,,0.98220074508572,,4.065361806657165,,2.1238984558731318,,4.911542330868542,,8.125,0.024689458310604095,-0.0011015123163815588,0.0021997982021275675,0.5893360767513514,0.19005891680717468,0.9856433272361755,0.1721624881029129,-0.07596993446350098,0.16742733120918274,0.2731895446777344,0.017133519053459167,8192,0.2325746715068817,5.52420711517334,0.013136793859302998,30998528,39163,15136,946,0.24210863,0.0073197546094888825,0.007512515896814875,-5.73733304142952,-23.956936,0.008546413347357885,0.005147270396992099,-4.369612583518029,,,static,6.0423686301848125,5.913653254199934,1.8504192187998147,0.0,-73.10113,2689.148978281778,0.24210863
190,1784874138.7996068,,8.0,,8.0,,6.0,,6.0,,10.0,,10.0,,1.0,,1.0,,4.0,,4.0,,2.0,,2.0,,5.0,,5.0,,8.0,,8.0,,7.950168957177084,,5.978263389959466,,9.933872215915471,,0.9637394677265547,,4.080710304682725,,2.004404193139635,,4.888296567369252,,7.9375,-0.010470261797308922,0.0021084551699459553,0.0006132752405392239,0.6010682713240385,0.2379828542470932,0.8952978849411011,0.18828478455543518,0.1647493988275528,0.06923345476388931,0.38389819860458374,0.017837177962064743,8192,0.24323716759681702,5.4671196937561035,0.015780804678797722,31162368,39331,15216,951,9.792591,0.007466984861821402,0.004992042243247852,-5.740142062306404,-13.315488,0.004650833795312792,0.0018898087029810995,-4.388001388311386,,,static,5.465741547948087,6.074917886454702,1.5370706122124638,0.0,-62.520985,2650.3685509508023,9.792591
191,1784874199.8967915,,8.0,,8.0,,6.0,,6.0,,10.0,,10.0,,1.0,,1.0,,4.0,,4.0,,2.0,,2.0,,5.0,,5.0,,8.0,,8.0,,7.749667882686481,,5.853410014882684,,9.748737400979735,,0.830797906499356,,3.816612061622436,,1.8420788751682267,,4.890128642786294,,7.75,-0.02986299619078636,-0.007614144065883011,0.005015985607315088,0.5872850622981787,0.22397203743457794,0.9784255027770996,0.16904284060001373,-0.33592507243156433,0.09806493669748306,0.3253965973854065,0.014986557886004448,8192,0.2747797667980194,5.310179233551025,0.02379060722887516,31326208,39500,15296,956,-0.25419083,0.006013765100215096,0.005801898478239309,-5.722477859258651,-41.412716,0.011333140172064304,0.0043226348192547445,-4.392893528938293,,,static,5.398283811791321,5.581643227882955,2.0043019559800412,0.0,-76.458374,2681.628798398638,-0.25419083
192,1784874262.5244448,,8.0,,8.0,,6.0,,6.0,,10.0,,10.0,,1.0,,1.0,,4.0,,4.0,,2.0,,2.0,,5.0,,5.0,,8.0,,8.0,,8.410492558963597,,6.444138580933213,,9.976934385485947,,1.2176665322622284,,4.24214015644975,,2.2018616411369294,,4.993200643919408,,8.5,-0.0193614661693573,-0.023483881552238017,0.00229461706658185,0.5795609150081873,0.2524142265319824,0.8530375957489014,0.238887220621109,-0.15411312878131866,0.1593952625989914,0.27356821298599243,0.018297871574759483,8192,0.21594306826591492,5.74830436706543,0.027157887816429138,31490048,39687,15376,961,0.90688324,0.011961756396340206,0.005771100913989358,-5.700510931015015,-4.95727,0.0056844338236260224,0.0028040351055096833,-4.349116995930672,,,static,5.405056621478225,6.032648171030141,1.92843737094627,0.0,-50.49705,2616.0967029340036,0.90688324
193,1784874324.5142536,,8.0,,8.0,,6.0,,6.0,,10.0,,10.0,,1.0,,1.0,,4.0,,4.0,,2.0,,2.0,,5.0,,5.0,,8.0,,8.0,,8.057499508198816,,6.0173893314786255,,9.773848659766372,,0.9572694196540397,,3.8224699292331934,,1.9551726964709815,,4.867172450758517,,7.75,-0.018069598823785782,-0.02041260275291279,0.0023338605678873137,0.5935659501701593,0.2827092707157135,0.9560116529464722,0.18181104958057404,-0.13833987712860107,0.09056258201599121,0.29823559522628784,0.012026529759168625,8192,0.2574187219142914,5.400102615356445,0.007217672187834978,31653888,39856,15456,966,8.165437,0.008728243832592852,0.004664527336717583,-5.68507589995861,-3.1625218,0.004093554998689797,0.003263575535675045,-4.335675087571144,,,static,5.1724429719249905,5.840838954177357,1.8478413823141293,0.0,-55.328724,2643.0151377947386,8.165437
194,1784874385.7340956,,8.0,,8.0,,6.0,,6.0,,10.0,,10.0,,1.0,,1.0,,4.0,,4.0,,2.0,,2.0,,5.0,,5.0,,8.0,,8.0,,8.083077860996127,,5.869830823503435,,9.722192603629082,,0.8384150639176369,,3.9710412452113815,,1.9452320974087343,,4.895058099587914,,7.875,0.003495620097965002,-0.013252815944724716,0.003520282047247747,0.5929600764065981,0.18508535623550415,0.8268805742263794,0.12880834937095642,0.1502496898174286,0.11781495809555054,0.3499087691307068,0.017906224355101585,8192,0.24318116903305054,5.3999810218811035,0.02659047208726406,31817728,40032,15536,971,-15.20815,0.011386558729282115,0.00696700852131471,-5.655335983633995,-25.860117,0.008462011284427718,0.0030950555054005237,-4.348899301886559,,,static,5.131250953775058,5.798981143251958,2.3185290944565904,0.0,-81.030624,2676.2564978387477,-15.20815
195,1784874447.7827811,,8.0,,8.0,,6.0,,6.0,,10.0,,10.0,,1.0,,1.0,,4.0,,4.0,,2.0,,2.0,,5.0,,5.0,,8.0,,8.0,,7.946160418679938,,5.840922484814655,,9.731459538452327,,0.9255470517091453,,3.9245341641362756,,1.9147831126465462,,4.865519724786282,,7.75,-0.015293490141630173,0.00023587292525917292,0.0005901755516788398,0.5976903606206179,0.2148243486881256,1.059162974357605,0.16032028198242188,0.009281533770263195,0.10762975364923477,0.2784941792488098,0.014725267887115479,8192,0.26771456003189087,5.362366199493408,0.009745079092681408,31981568,40197,15616,976,-10.574611,0.008668313473754097,0.002992378288763575,-5.656471464037895,-10.551531,0.004100950426072813,0.0030761349524254912,-4.373529523611069,,,static,5.1494292274432985,5.505679650822165,1.774420978815657,0.0,-66.748886,2640.507190892991,-10.574611
196,1784874510.269022,,8.0,,8.0,,6.0,,6.0,,10.0,,10.0,,1.0,,1.0,,4.0,,4.0,,2.0,,2.0,,5.0,,5.0,,8.0,,8.0,,8.17112414870644,,5.969687259523198,,9.794862009584904,,1.040660948754521,,3.9527153759263456,,2.0872327092220075,,4.961839424155187,,8.0,-0.00011888518929481506,-0.002307941089384258,0.002274625570862554,0.605375112965703,0.17876748740673065,0.8520350456237793,0.13053354620933533,-0.13285714387893677,0.11720015853643417,0.2653887867927551,0.015017069876194,8192,0.25272077322006226,5.497264862060547,0.017867961898446083,32145408,40377,15696,981,-10.311674,0.008192830425105057,0.005303828335308935,-5.716132587194442,-28.565548,0.008427106414455921,0.003475749948847806,-4.350195798277855,,,static,5.450715900161222,4.84178605854064,1.6383208018757403,0.0,-51.26593,2622.017165970165,-10.311674
197,1784874571.4947236,,8.0,,8.0,,6.0,,6.0,,10.0,,10.0,,1.0,,1.0,,4.0,,4.0,,2.0,,2.0,,5.0,,5.0,,8.0,,8.0,,8.677377112209797,,6.7070020427927375,,10.0,,1.3480008193291724,,4.356895270757377,,2.3245936393504962,,5.0,,8.75,-0.09575208276510239,0.0010004470532294363,0.004073725904163439,0.6022749952971935,0.2025676816701889,0.8857946395874023,0.12853500247001648,-0.07820238918066025,0.1390542984008789,0.2426438331604004,0.016055505722761154,8192,0.1558838188648224,5.895483493804932,0.017204269766807556,32309248,40574,15776,986,-76.031586,0.02987870299257338,0.0025385324654052964,-5.714116936922073,-16.484165,0.006046989891910925,0.004024343605851755,-4.364918249845505,,,static,6.596233617116778,5.946535535899462,1.416329058013538,0.0,-77.991745,2676.000389690544,-76.031586
198,1784874634.1279268,,8.0,,8.0,,6.0,,6.0,,10.0,,10.0,,1.0,,1.0,,4.0,,4.0,,2.0,,2.0,,5.0,,5.0,,8.0,,8.0,,8.322913927724585,,6.181429754011333,,9.880970191479719,,1.0791766723841647,,4.080791025509825,,2.116118300589733,,4.9599842100651585,,8.125,0.0009901691228151321,-0.00016858422895893455,0.0014458025671046926,0.596862206235528,0.22787553071975708,0.8331480622291565,0.22205711901187897,0.09756023436784744,0.10374923050403595,0.15831632912158966,0.01446863915771246,8192,0.21865372359752655,5.593298435211182,0.012024607509374619,32473088,40772,15856,991,11.285802,0.006643468061520252,0.005405528353003319,-5.768140277266502,-22.576328,0.007829183316789567,0.006001635677239392,-4.3531398832798,,,static,5.681532548245528,5.282010830509487,1.7914466477619566,0.0,-63.93931,2615.864947331382,11.285802
199,1784874695.5185578,,8.0,,8.0,,6.0,,6.0,,10.0,,10.0,,1.0,,1.0,,4.0,,4.0,,2.0,,2.0,,5.0,,5.0,,8.0,,8.0,,7.913468023529276,,5.820641624042764,,9.791191728785634,,1.0353548887651414,,3.930233114180737,,1.8810781145002693,,4.956708639161661,,8.0,0.09749285131692886,0.0013898397446610034,0.004328602648456581,0.5842224452644587,0.18533575534820557,0.895526111125946,0.13793626427650452,-0.11268249154090881,0.27865657210350037,0.2536311149597168,0.02272668294608593,8192,0.19295166432857513,5.416084289550781,0.017568856477737427,32636928,40970,15936,996,-0.09842205,0.0068100506774499085,0.006236296015413245,-5.771910229325295,-29.821583,0.01372948247299064,0.005400934645149391,-4.336066877841949,,,static,6.011759450625153,5.773257380809494,1.5804329719272554,0.0,-84.88145,2668.811150164596,-0.09842205
200,1784874756.2343786,,8.0,,8.0,,6.0,,6.0,,10.0,,10.0,,1.0,,1.0,,4.0,,4.0,,2.0,,2.0,,5.0,,5.0,,8.0,,8.0,,7.923582700546831,,5.845901940017939,,9.668945295852609,,0.9259295028023189,,3.879898130602669,,1.9175598178990185,,4.857032543513924,,7.6875,0.0014734916621819139,-0.009244198852684349,0.004678356213844381,0.569156451150775,0.21676918864250183,0.9458743929862976,0.16241319477558136,-0.07457099854946136,0.1992724984884262,0.21129119396209717,0.013281000778079033,8192,0.26734301447868347,5.33829402923584,0.0117714311927557,32800768,41137,16016,1001,-19.779936,0.010621484933653846,0.003881530028593261,-5.797816669940948,-11.074167,0.003652276319189696,0.003395756816462381,-4.34290257692337,,,static,5.528662028311178,5.600640012001852,2.2525554581130534,0.0,-78.19265,2698.4729393156094,-19.779936
201,1784874818.2855186,,8.0,,8.0,,6.0,,6.0,,10.0,,10.0,,1.0,,1.0,,4.0,,4.0,,2.0,,2.0,,5.0,,5.0,,8.0,,8.0,,8.025392016395926,,6.026148528966587,,9.818550965108443,,1.079069912666455,,3.9806693453574553,,1.9465672674123198,,4.925498429627623,,8.0625,0.02327200025320053,-0.01628549915039912,0.0013636777675856138,0.5590937715023756,0.33101755380630493,0.7717186212539673,0.2128700166940689,0.05106198042631149,0.14415141940116882,0.3075748085975647,0.021319754421710968,8192,0.23145635426044464,5.4830498695373535,0.034259993582963943,32964608,41331,16096,1006,-19.87675,0.014433927781647071,0.004299598264333326,-5.829736620187759,-32.970257,0.012786696868715808,0.0033816388982813804,-4.329446637630463,,,static,5.817865743312299,5.849957084340723,1.7032199592276926,0.0,-52.918907,2640.4029320869663,-19.87675
202,1784874881.9208076,,8.0,,8.0,,6.0,,6.0,,10.0,,10.0,,1.0,,1.0,,4.0,,4.0,,2.0,,2.0,,5.0,,5.0,,8.0,,8.0,,7.857048210222274,,5.985348524583969,,9.720140633180563,,0.8645010967884446,,3.8694409368908964,,1.9347253057640046,,4.87397176016384,,7.875,0.01387789100408554,0.00021055893739685416,0.0017239151347894222,0.5521067325025797,0.2954900562763214,0.8459510803222656,0.2265884280204773,0.22352910041809082,0.14153128862380981,0.2298298478126526,0.013925168663263321,8192,0.24539443850517273,5.372521877288818,0.016032928600907326,33128448,41527,16176,1011,-8.26247,0.008581087792117614,0.006136508165218402,-5.873862427473068,-24.996904,0.005975943885277957,0.0018943397924886085,-4.286889892816544,,,static,5.44853994341778,5.2863670969719205,1.744553873646554,0.0,-43.600983,2574.6718616192225,-8.26247
203,1784874942.136795,,8.0,,8.0,,6.0,,6.0,,10.0,,10.0,,1.0,,1.0,,4.0,,4.0,,2.0,,2.0,,5.0,,5.0,,8.0,,8.0,,7.877434358582832,,5.748302281834185,,9.696484509389848,,0.9192557775531895,,3.9103658550884575,,1.8894220304791816,,4.824597191254725,,7.8125,-0.03163502365350723,-0.01469670538790524,0.0007840001981094247,0.5460570938885212,0.22351190447807312,0.9741296172142029,0.2655748724937439,-0.03905509412288666,0.0647963210940361,0.4387931823730469,0.019503582268953323,8192,0.26402103900909424,5.334794998168945,0.02412555366754532,33292288,41688,16256,1016,0.9299345,0.006364724083687179,0.008211451923125423,-5.89888636469841,-20.336962,0.0063609399687265976,0.001882473536534235,-4.329693898558617,,,static,6.562127959302851,5.477136009796683,2.4972651877728906,0.0,-75.35588,2720.872106493153,0.9299345
204,1784875004.332373,,8.0,,8.0,,6.0,,6.0,,10.0,,10.0,,1.0,,1.0,,4.0,,4.0,,2.0,,2.0,,5.0,,5.0,,8.0,,8.0,,7.757617611438036,,5.846208981703967,,9.707567816600204,,0.9515924744773656,,3.921245138742961,,1.8336538175935857,,4.857842909637839,,7.8125,-0.0021492838859558105,0.0008391270530410111,0.003070510454563191,0.5345496758818626,0.2783111035823822,0.8220251202583313,0.21259482204914093,-0.005480477586388588,0.15226960182189941,0.261996865272522,0.011458968743681908,8192,0.24916143715381622,5.336028575897217,0.020191853865981102,33456128,41853,16336,1021,11.263042,0.005240823722851928,0.005998928172630258,-5.907575461268425,-21.742496,0.004250813976250356,0.0010045370872830972,-4.3438458979129795,,,static,5.8233355641323525,4.913237377805081,1.581027690995081,0.0,-49.971474,2634.270882106371,11.263042
205,1784875066.0547357,,8.0,,8.0,,6.0,,6.0,,10.0,,10.0,,1.0,,1.0,,4.0,,4.0,,2.0,,2.0,,5.0,,5.0,,8.0,,8.0,,7.728220737539232,,5.9325850397435715,,9.809934522316325,,0.8719185912050307,,3.8338847048580647,,1.9631975649972446,,4.807471380569041,,7.875,-0.00031294627115130424,0.0005966776516288519,0.0013810903037665412,0.5314922071993351,0.29113316535949707,0.893210768699646,0.2345597743988037,0.08049014210700989,0.11892635375261307,0.4002627432346344,0.014520754106342793,8192,0.24036374688148499,5.352776527404785,0.011115997098386288,33619968,42058,16416,1026,-50.490368,0.04389595557004213,0.0020150637086771895,-5.963116392493248,-5.3837366,0.0036015078621858265,0.004147084008582169,-4.385053554177285,,,static,6.943434841504458,6.754154084010314,1.5659131001045425,0.0,-74.418945,2654.467425344711,-50.490368
206,1784875127.0592766,,8.0,,8.0,,6.0,,6.0,,10.0,,10.0,,1.0,,1.0,,4.0,,4.0,,2.0,,2.0,,5.0,,5.0,,8.0,,8.0,,8.019255342253018,,5.749598121270537,,9.758566653355956,,0.994187617325224,,3.9123862870037556,,1.8974621730158105,,4.883717504548258,,7.875,-0.003923207521438599,0.002098533441312611,0.0007204893681773683,0.5278583578765392,0.22495879232883453,1.0241320133209229,0.1375519186258316,0.30587857961654663,0.07814051955938339,0.31593701243400574,0.017242800444364548,8192,0.21829929947853088,5.386271953582764,0.02027878910303116,33783808,42250,16496,1031,10.9141245,0.013103722257073968,0.005338179034151835,-6.029350909590721,-41.171265,0.009060244300053455,0.002747980230196845,-4.345719388127327,,,static,6.159940442548382,5.035473274430942,1.896627457859833,0.0,-76.822784,2685.7017556389887,10.9141245
207,1784875189.2510781,,8.0,,8.0,,6.0,,6.0,,10.0,,10.0,,1.0,,1.0,,4.0,,4.0,,2.0,,2.0,,5.0,,5.0,,8.0,,8.0,,8.299754191655666,,6.148074877157342,,9.960786235984415,,1.089213372033555,,4.072813023492927,,2.088776884949766,,4.9540348155424,,8.125,0.010576291009783745,0.002643095445819199,0.0016752571682445705,0.5216039288789034,0.1907259076833725,0.8002593517303467,0.1701866090297699,0.16571496427059174,0.12184587866067886,0.36006414890289307,0.02008199691772461,8192,0.20783179998397827,5.592306613922119,0.02613552287220955,33947648,42425,16576,1036,-5.1983843,0.013240631078951992,0.004592831979971379,-5.990990898013115,-24.290216,0.017015401911339722,0.004747692324599484,-4.348962950706482,,,static,6.187569897019623,5.893301729961517,1.6161161605832177,0.0,-56.036602,2634.4307627179755,-5.1983843
208,1784875250.0845697,,8.0,,8.0,,6.0,,6.0,,10.0,,10.0,,1.0,,1.0,,4.0,,4.0,,2.0,,2.0,,5.0,,5.0,,8.0,,8.0,,8.093112546834163,,6.333185113733634,,9.995207147207111,,1.0723399366252124,,4.111342402116861,,2.184941385872662,,4.967099315021187,,8.125,0.008316745050251484,-0.01394885394256562,0.004776817517267773,0.510404484346509,0.27071574330329895,0.7625455260276794,0.2591966986656189,0.13879263401031494,0.16107165813446045,0.32798802852630615,0.021614108234643936,8192,0.20586718618869781,5.610278129577637,0.04052184522151947,34111488,42604,16656,1041,2.4097621,0.006610889323928859,0.007467483893560711,-5.972893834114075,-46.445473,0.025575278396718203,0.004771875967708184,-4.3570381760597225,,,static,6.30120265030939,5.084823841070609,2.078849438352073,0.0,-71.20223,2693.253313794248,2.4097621
209,1784875311.1018875,,8.0,,8.0,,6.0,,6.0,,10.0,,10.0,,1.0,,1.0,,4.0,,4.0,,2.0,,2.0,,5.0,,5.0,,8.0,,8.0,,8.531051892787218,,6.367468802374788,,9.99814648902975,,1.1717638242989779,,4.182392885442823,,2.213347129058093,,4.987709496868774,,8.1875,-0.009139159694314003,0.005687623517587781,0.003254387997003505,0.5130718480795622,0.5250402092933655,1.102124810218811,0.43345561623573303,-0.22992217540740967,0.1423042118549347,0.36762043833732605,0.033593419939279556,8192,0.19804148375988007,5.704922676086426,0.14692841470241547,34275328,42862,16736,1046,3.591457,0.007943547406466678,0.007333589431073051,-5.9200741171836855,-89.20197,0.07463382265996188,0.005181862741301302,-4.257327824831009,,,static,5.8578446766711725,5.3290001799447175,2.0689240312516444,0.0,-70.02871,2685.1393026331134,3.591457
210,1784875372.5608728,,8.0,,8.0,,6.0,,6.0,,10.0,,10.0,,1.0,,1.0,,4.0,,4.0,,2.0,,2.0,,5.0,,5.0,,8.0,,8.0,,8.398002801946859,,6.344627809245139,,9.917987856431864,,1.152163590217242,,4.213088466320187,,2.0787134546553716,,5.0,,8.1875,0.001332565676420927,-0.01788458932423964,0.001847562292823568,0.512071069329977,0.34620440006256104,0.802473783493042,0.36813661456108093,0.082100510597229,0.15699660778045654,0.24053198099136353,0.021008294075727463,8192,0.21336418390274048,5.661510467529297,0.06614463031291962,34439168,43114,16816,1051,-22.25456,0.011625718040158972,0.007673420484934468,-5.89039811193943,-62.47583,0.038633114425465465,0.002245122313615866,-4.208879706263542,,,static,6.2709904256096936,5.653708653235087,1.7020862798131677,0.0,-79.52866,2665.8429219418244,-22.25456
211,1784875434.595876,,8.0,,8.0,,6.0,,6.0,,10.0,,10.0,,1.0,,1.0,,4.0,,4.0,,2.0,,2.0,,5.0,,5.0,,8.0,,8.0,,7.984433895908296,,5.900084752473049,,9.848515584599227,,0.9247304305317812,,3.9281549808802083,,1.945978774179821,,4.881533246021718,,7.9375,0.03874921426177025,-0.008277327287942171,0.003205359520507045,0.5079188589006662,0.26898717880249023,0.9698042273521423,0.2010796070098877,0.05141397565603256,0.19225294888019562,0.2272740751504898,0.017097631469368935,8192,0.2476894110441208,5.4188666343688965,0.03758600726723671,34603008,43288,16896,1056,11.333168,0.01356530792254489,0.005505407759483205,-5.914336779713631,-16.475498,0.004168255339027383,0.0028252398464246654,-4.238898655772209,,,static,6.294231619649318,6.2547735596574245,2.156438294978998,0.0,-54.95274,2641.089542788842,11.333168
212,1784875497.2773693,,8.0,,8.0,,6.0,,6.0,,10.0,,10.0,,1.0,,1.0,,4.0,,4.0,,2.0,,2.0,,5.0,,5.0,,8.0,,8.0,,8.020317336835433,,6.191274137701839,,9.923646002745954,,0.9532013896969147,,4.076847228658153,,1.9968118353863247,,4.9090452385134995,,7.9375,0.04445823282003403,-0.001467201393097639,0.003419115331780631,0.5124415028840303,0.25587931275367737,0.8865461349487305,0.20792452991008759,0.12863552570343018,0.16945961117744446,0.2374960035085678,0.019063271582126617,8192,0.20437969267368317,5.50108003616333,0.024127686396241188,34766848,43488,16976,1061,-14.154299,0.011062375304754823,0.008716315908532123,-6.010626342892647,-16.614061,0.009392002853564918,0.005704492074437439,-4.264427423477173,,,static,8.078805358470499,6.178398821287506,2.1264716278424287,0.0,-72.525764,2613.850092890333,-14.154299
213,1784875560.3106682,,8.0,,8.0,,6.0,,6.0,,10.0,,10.0,,1.0,,1.0,,4.0,,4.0,,2.0,,2.0,,5.0,,5.0,,8.0,,8.0,,8.117026799824089,,6.199131976580247,,9.916872488101944,,1.1244122787029482,,4.052508197302814,,2.1379067559028044,,4.968494913831819,,8.1875,0.06989004462957382,-0.003920820134226233,0.010696122059016488,0.5081840995699167,0.2529718279838562,0.9038466811180115,0.15612511336803436,0.400382936000824,0.28184086084365845,0.2990494966506958,0.01882619969546795,8192,0.24998441338539124,5.587981700897217,0.01886138506233692,34930688,43655,17056,1066,13.054136,0.006696000399824697,0.004047552700649248,-6.021000888943672,-29.187546,0.006460615547257476,0.0030472203958197496,-4.2769725054502485,,,static,6.055969587218089,5.701269675472142,2.532296438117988,0.0,-73.31812,2599.260660085444,13.054136
214,1784875623.4383461,,8.0,,8.0,,6.0,,6.0,,10.0,,10.0,,1.0,,1.0,,4.0,,4.0,,2.0,,2.0,,5.0,,5.0,,8.0,,8.0,,7.971829802379943,,5.924505881150253,,9.805709159001708,,1.040824361727573,,4.064569624955766,,2.0796036305837333,,4.9603978538070805,,8.0,-0.009565185755491257,-0.003392162616364658,0.0003429227585911576,0.5073835905641317,0.26569560170173645,0.8172571063041687,0.23377826809883118,-0.21032658219337463,0.05604105070233345,0.23393908143043518,0.014864148572087288,8192,0.1908615529537201,5.480930328369141,0.020564667880535126,35094528,43819,17136,1071,12.782777,0.007669671584881144,0.005100274235883262,-6.004464122653007,-14.1903,0.004524723926442676,0.0026011637703049926,-4.339510515332222,,,static,4.6117970523094325,6.3315629109657126,1.7439467752711333,0.0,-62.441093,2595.375030154251,12.782777
215,1784875685.7941287,,8.0,,8.0,,6.0,,6.0,,10.0,,10.0,,1.0,,1.0,,4.0,,4.0,,2.0,,2.0,,5.0,,5.0,,8.0,,8.0,,7.690881506539881,,5.59811551310122,,9.728457324206829,,0.843559217712027,,3.8788196120076464,,1.8839946875232272,,4.834313283208758,,7.8125,-0.014269333332777023,9.808808681555092e-05,0.004646454679459566,0.4971093377098441,0.11183211952447891,0.7774028778076172,0.08459682762622833,0.03358125686645508,0.11861412972211838,0.25557205080986023,0.01775466650724411,8192,0.23636148869991302,5.283830165863037,0.02643416076898575,35258368,43993,17216,1076,12.265396,0.007847318044514395,0.004332830572093371,-5.942821523547172,-43.835133,0.006420999851252418,0.006011250431765802,-4.3898374229669574,,,static,7.253896033662919,6.399350221258804,2.0820884337427765,0.0,-75.86015,2627.5029435781303,12.265396
216,1784875746.8316708,,8.0,,8.0,,6.0,,6.0,,10.0,,10.0,,1.0,,1.0,,4.0,,4.0,,2.0,,2.0,,5.0,,5.0,,8.0,,8.0,,7.823867907980457,,6.015763713454362,,9.919370283838362,,1.0044209565967321,,3.952956972119864,,2.034591202158481,,4.9346988630713895,,8.0625,0.06286680698394775,-0.010624122427543625,0.0049438867790740915,0.48981865402311087,0.1892378330230713,0.960777759552002,0.16640110313892365,0.06252799183130264,0.24230554699897766,0.27776452898979187,0.013884903863072395,8192,0.23240356147289276,5.468521595001221,0.02653714455664158,35422208,44163,17296,1081,-5.236089,0.008853992087824735,0.004350941091979621,-5.949445086717605,-20.196447,0.009017972323636058,0.003206905240949709,-4.380354022979736,,,static,6.02773214853732,5.074210565301412,2.425527826508531,0.0,-79.602425,2684.249630581773,-5.236089
217,1784875808.4941235,,8.0,,8.0,,6.0,,6.0,,10.0,,10.0,,1.0,,1.0,,4.0,,4.0,,2.0,,2.0,,5.0,,5.0,,8.0,,8.0,,7.6964199091889895,,5.607617140980437,,9.504100157879293,,0.8028951267478988,,3.844668154080864,,1.7952556596137583,,4.832492524757981,,7.75,-0.027510929852724075,-0.0048564139869995415,0.003764907149161445,0.49183845426887274,0.22035172581672668,0.8723486065864563,0.1970214694738388,0.05509892478585243,0.12537766993045807,0.3403082489967346,0.016913019120693207,8192,0.23969441652297974,5.229180812835693,0.034735918045043945,35586048,44342,17376,1086,13.050043,0.00628897383066942,0.007721177901839837,-5.96150241792202,-49.080894,0.01788900308893062,0.004364416227326728,-4.443442416191101,,,static,6.009459509321546,5.643493612462408,1.8029942786286344,0.0,-78.52447,2657.046482954244,13.050043
218,1784875869.1302042,,8.0,,8.0,,6.0,,6.0,,10.0,,10.0,,1.0,,1.0,,4.0,,4.0,,2.0,,2.0,,5.0,,5.0,,8.0,,8.0,,7.876694787060842,,5.885600386187434,,9.747281554809888,,0.9758722563856281,,3.9456463360693306,,1.9897693430248182,,4.936062536900863,,8.0,0.010057741776108742,-0.010874611034523696,0.005375308501243126,0.49247314035892487,0.16043297946453094,0.922730028629303,0.18136192858219147,-0.08415401726961136,0.17033705115318298,0.370408296585083,0.01418197713792324,8192,0.2717367708683014,5.419616222381592,0.02198277972638607,35749888,44508,17456,1091,12.614557,0.006606285317684524,0.006975381117081269,-5.946899670362472,-8.742132,0.006886061702971347,0.007153649870451773,-4.491554713249206,,,static,6.0332073279555205,6.166493032479646,2.9247192582073946,0.0,-78.14404,2702.0215504678754,12.614557
219,1784875930.1974149,,8.0,,8.0,,6.0,,6.0,,10.0,,10.0,,1.0,,1.0,,4.0,,4.0,,2.0,,2.0,,5.0,,5.0,,8.0,,8.0,,8.037515810225159,,5.838618309237063,,9.856304470449686,,0.9802141911350191,,4.009808153583435,,2.0119863492436707,,4.922380100295413,,7.9375,0.010797925293445587,-0.025089928589295596,0.0006353089738695417,0.46916761063039303,0.16676481068134308,0.8045368790626526,0.1650248020887375,0.07707753032445908,0.11602789163589478,0.3577944040298462,0.013241997919976711,8192,0.22210684418678284,5.449291229248047,0.021564163267612457,35913728,44672,17536,1096,-25.008486,0.013311312257428654,0.006744220305699855,-5.995659053325653,-31.16214,0.0052184304149704985,0.0023775771303917283,-4.555419316887855,,,static,6.274836484626076,5.854971635858558,1.7881583141146653,0.0,-77.42767,2682.9455202257946,-25.008486
220,1784875991.173088,,8.0,,8.0,,6.0,,6.0,,10.0,,10.0,,1.0,,1.0,,4.0,,4.0,,2.0,,2.0,,5.0,,5.0,,8.0,,8.0,,8.220487374346703,,5.975756130181253,,9.959263037424535,,1.118608619835868,,4.122340697707841,,2.092584320635069,,4.956834652228281,,8.125,0.028266625478863716,-0.009620515978895128,0.0035009197890758514,0.46815452817827463,0.22312502562999725,0.871039628982544,0.19678138196468353,0.340501606464386,0.15690194070339203,0.3549213111400604,0.014153726398944855,8192,0.22197149693965912,5.571359634399414,0.024090789258480072,36077568,44835,17616,1101,4.1563063,0.006745317394961603,0.011514537593757267,-5.938886234164238,-15.348633,0.004359734492027201,0.003664865397149697,-4.6029767245054245,,,static,6.246763609592646,6.589845113270755,2.401912908836197,0.0,-71.58426,2686.973220606347,4.1563063
221,1784876053.771065,,8.0,,8.0,,6.0,,6.0,,10.0,,10.0,,1.0,,1.0,,4.0,,4.0,,2.0,,2.0,,5.0,,5.0,,8.0,,8.0,,7.97516081557842,,6.04014074569568,,9.854690342908725,,1.0072715893620625,,3.9946951132733375,,2.0270415944978595,,4.9464429398067296,,8.0,-0.00366376806050539,0.0012139680329710245,0.0004032693996123271,0.4462188817560673,0.15697865188121796,0.9376290440559387,0.12811724841594696,-0.07508032768964767,0.065467968583107,0.32755228877067566,0.0174320749938488,8192,0.20000208914279938,5.480679988861084,0.028919896110892296,36241408,45005,17696,1106,4.045668,0.006261252141121077,0.0074125107290456075,-5.915619564056397,-38.4076,0.009060102087096311,0.002933767022477696,-4.678407549858093,,,static,5.543023906961764,5.97875587339266,2.560886404183658,0.0,-55.372444,2617.3369692222946,4.045668
222,1784876116.3283877,,8.0,,8.0,,6.0,,6.0,,10.0,,10.0,,1.0,,1.0,,4.0,,4.0,,2.0,,2.0,,5.0,,5.0,,8.0,,8.0,,8.062490135642292,,6.047734163585119,,9.84440606366843,,1.0868579909438267,,4.049683760898915,,2.036946991982404,,4.946715967846103,,8.125,0.04701869934797287,-0.007767307688482106,0.01187245202891063,0.44593610148876905,0.3081468343734741,0.7774609923362732,0.25358715653419495,-0.15735527873039246,0.27022799849510193,0.2611403167247772,0.014560766518115997,8192,0.21653829514980316,5.524979114532471,0.002794313710182905,36405248,45168,17776,1111,-6.618435,0.008662330865627154,0.006833259244740475,-5.9258498638868335,-3.3410015,0.003142913251213031,0.0036191935920214745,-4.697601324319839,,,static,6.166797627964581,7.04771805270545,1.9956336803134689,0.0,-68.23718,2619.0379261929866,-6.618435
223,1784876179.3002586,,8.0,,8.0,,6.0,,6.0,,10.0,,10.0,,1.0,,1.0,,4.0,,4.0,,2.0,,2.0,,5.0,,5.0,,8.0,,8.0,,8.09114611451514,,6.232444965280592,,9.952571909176186,,1.031291571795009,,4.152329688775353,,2.17249105963856,,4.9697223273688,,8.0,0.07104397565126419,0.0005646510398946702,0.005526701213966589,0.4510849807411432,0.2579094171524048,0.9091094732284546,0.672092854976654,0.2993479371070862,0.23371672630310059,0.4709678888320923,0.014644288457930088,8192,0.16426433622837067,5.575249671936035,0.05305984243750572,36569088,45333,17856,1116,11.459522,0.005327742951340042,0.007664592076616827,-5.9500795811414715,-28.037415,0.006036994924943429,0.003348185694630956,-4.7201029628515245,,,static,5.923393622430894,5.844035999134046,1.7376095586460805,0.0,-55.022743,2601.7965971692456,11.459522
224,1784876243.3608494,,8.0,,8.0,,6.0,,6.0,,10.0,,10.0,,1.0,,1.0,,4.0,,4.0,,2.0,,2.0,,5.0,,5.0,,8.0,,8.0,,8.376784328836948,,6.258014447754249,,9.94952493114397,,1.0410679862252437,,4.104304259468336,,2.1703638418985065,,4.986751680029556,,8.3125,0.02262142114341259,0.013956045761005953,0.003883218305418268,0.4459094302728772,0.22768230736255646,0.901252269744873,0.19556868076324463,0.22629188001155853,0.17755785584449768,0.27732980251312256,0.02176738530397415,8192,0.2357235997915268,5.649914264678955,0.05483756214380264,36732928,45510,17936,1121,12.624058,0.005501484750129748,0.005420190683798865,-5.9385075807571415,-43.10034,0.01871986471232958,0.003698918194277212,-4.739483439922333,,,static,5.790935483632734,5.93581077155679,3.207431878409296,0.0,-41.4948,2557.5787384097234,12.624058
225,1784876304.4677584,,8.0,,8.0,,6.0,,6.0,,10.0,,10.0,,1.0,,1.0,,4.0,,4.0,,2.0,,2.0,,5.0,,5.0,,8.0,,8.0,,8.269828223565128,,6.451665049069561,,9.959963059518486,,1.2316802060231566,,4.170933920424432,,2.1626905454322696,,4.988824112690054,,8.3125,-0.02821522392332554,0.0011217251303605735,0.0018733090055320645,0.4438892900943756,0.12686657905578613,0.7528719902038574,0.1394120156764984,-0.12625834345817566,0.06952375173568726,0.19080470502376556,0.014597116969525814,8192,0.19104276597499847,5.69351053237915,0.03915855661034584,36896768,45687,18016,1126,12.603137,0.006062132315128111,0.004889749368885532,-5.955382439494133,-67.10859,0.008905377826886251,0.00561758384865243,-4.788041138648987,,,static,5.44394840164199,6.1146107114025385,2.2259378503313085,0.0,-71.62896,2681.202423806546,12.603137
226,1784876368.858988,,8.0,,8.0,,6.0,,6.0,,10.0,,10.0,,1.0,,1.0,,4.0,,4.0,,2.0,,2.0,,5.0,,5.0,,8.0,,8.0,,7.800060673776898,,5.900963452004362,,9.746510441415012,,0.9269808543322142,,3.91739358776249,,1.8967496003897395,,4.85786248651857,,8.0,0.026908114552497864,-0.00025861035101115704,0.0019048717294936068,0.44000061228871346,0.19115608930587769,0.8469494581222534,0.15921737253665924,0.08541423082351685,0.15219053626060486,0.29524415731430054,0.016731388866901398,8192,0.20284798741340637,5.380814552307129,0.027296442538499832,37060608,45859,18096,1131,-5.566427,0.007405514302081429,0.006519200463662856,-5.933927258849144,-17.327497,0.014660544387879781,0.006656865707191173,-4.776625180244446,,,static,5.497825681293735,5.131714635276092,2.4183098572160153,0.0,-23.328018,2544.446840443327,-5.566427
227,1784876431.7022078,,8.0,,8.0,,6.0,,6.0,,10.0,,10.0,,1.0,,1.0,,4.0,,4.0,,2.0,,2.0,,5.0,,5.0,,8.0,,8.0,,7.894050450529903,,5.919633820361923,,9.868429150199518,,0.9325616611167789,,3.903782151523046,,1.9590710354968905,,4.9350323411636055,,8.0,0.025378582999110222,-0.009872087393887341,0.0010326203973818338,0.43042030930519104,0.3035373091697693,0.7993419170379639,0.28277379274368286,0.11628450453281403,0.10763824731111526,0.3598935604095459,0.02718072384595871,8192,0.1604277789592743,5.426569938659668,0.06669196486473083,37224448,46108,18176,1136,-75.44606,0.055986157967709005,0.007436234365741257,-5.937354615330696,-54.694115,0.026721516269026323,0.004801943247730378,-4.685367196798325,,,static,9.08922850117377,5.582454884144897,1.724506455489961,0.0,-57.364746,2607.122032316285,-75.44606
228,1784876492.8262234,,8.0,,8.0,,6.0,,6.0,,10.0,,10.0,,1.0,,1.0,,4.0,,4.0,,2.0,,2.0,,5.0,,5.0,,8.0,,8.0,,8.234610693645664,,6.022719593951479,,9.738520955201238,,1.0206693428335711,,3.991008146200329,,2.03836637805216,,4.93835542537272,,8.0,0.012454889714717865,-0.0035298160510137677,0.0015256737096933648,0.4242616146802902,0.2502564489841461,1.003279685974121,0.1865755021572113,-0.26174643635749817,0.11365579068660736,0.30257469415664673,0.024812087416648865,8192,0.20022310316562653,5.498031139373779,0.04773043096065521,37388288,46421,18256,1141,13.199705,0.007418400960887084,0.010087087006832007,-6.091649493575096,-45.8803,0.023395973874721677,0.003863845841260627,-4.642411869764328,,,static,6.995794011381236,5.691126449682874,2.56937386210953,0.0,-74.91493,2680.452807450744,13.199705
229,1784876554.8479874,,8.0,,8.0,,6.0,,6.0,,10.0,,10.0,,1.0,,1.0,,4.0,,4.0,,2.0,,2.0,,5.0,,5.0,,8.0,,8.0,,7.7757080177543685,,5.843798087676987,,9.743226198013872,,0.9478499618126079,,3.941423774929717,,1.9043991165235639,,4.858367495704442,,7.9375,-0.00028260168619453907,-0.003935748303774744,0.003213522983060102,0.41696858778595924,0.21692606806755066,0.897042989730835,0.18728449940681458,0.26723629236221313,0.10232982039451599,0.33597609400749207,0.0340937003493309,8192,0.21428823471069336,5.369034290313721,0.07672155648469925,37552128,46630,18336,1146,12.553092,0.005843554503371706,0.008221768296789379,-6.058187034726143,-31.392044,0.023579038208117707,0.006422352262597996,-4.639080625772476,,,static,5.829110452054134,5.911970436397466,1.9821755867077524,0.0,-57.63338,2641.652658360267,12.553092
230,1784876616.9030733,,8.0,,8.0,,6.0,,6.0,,10.0,,10.0,,1.0,,1.0,,4.0,,4.0,,2.0,,2.0,,5.0,,5.0,,8.0,,8.0,,8.090600351570174,,6.152565478114411,,9.826261569396593,,1.0225968396989629,,3.9834095297846943,,2.071241949510295,,4.956253946700599,,8.0625,0.003647727658972144,-0.002920726707088761,0.0012801467510143993,0.4162850193679333,0.2042205035686493,0.7979079484939575,0.23041070997714996,-0.09146451950073242,0.08523581176996231,0.3383656442165375,0.03338766098022461,8192,0.19721579551696777,5.520678997039795,0.02881026454269886,37715968,46819,18416,1151,-5.273813,0.01343189827457536,0.005922293332696426,-6.094720339775085,-27.71817,0.010402316076215357,0.0030300218240881804,-4.672475457191467,,,static,5.890223267729111,5.735226235176254,1.736106402299896,0.0,-48.063213,2640.234832071116,-5.273813
231,1784876679.8099215,,8.0,,8.0,,6.0,,6.0,,10.0,,10.0,,1.0,,1.0,,4.0,,4.0,,2.0,,2.0,,5.0,,5.0,,8.0,,8.0,,8.129346578614786,,6.088327369187027,,9.979203706956469,,1.0708663255209103,,3.9944537075061817,,2.0271571810299065,,4.924133451422676,,8.125,0.029861876741051674,-0.004306672373786569,0.004096695472981082,0.40684057027101517,0.22694243490695953,0.9116936922073364,0.20627498626708984,-0.07116221636533737,0.1448742300271988,0.30709677934646606,0.02816063165664673,8192,0.20140467584133148,5.542311191558838,0.047353345900774,37879808,47037,18496,1156,-13.067251,0.01593185155070387,0.006850333151669474,-6.136801901459694,-73.08433,0.022658666793722658,0.005941363508463837,-4.666511729359627,,,static,6.856214093767454,5.89394578350675,2.075297974343862,0.0,-48.56365,2604.4859498573874,-13.067251
232,1784876740.880093,,8.0,,8.0,,6.0,,6.0,,10.0,,10.0,,1.0,,1.0,,4.0,,4.0,,2.0,,2.0,,5.0,,5.0,,8.0,,8.0,,7.881176394177601,,5.908697124570608,,9.797359565738589,,0.9082636804087088,,4.001064820142346,,1.9390735477209091,,4.904022562666796,,8.0,-0.0018867312464863062,-0.006026454328093678,0.003734061017894419,0.3923218809068203,0.23620209097862244,0.9129159450531006,0.18996427953243256,0.05483676493167877,0.0747794508934021,0.3888698220252991,0.03273644670844078,8192,0.20131318271160126,5.417457103729248,0.07493515312671661,38043648,47300,18576,1161,-22.455036,0.012655862502288073,0.009045790122036124,-6.219197097420692,-66.808365,0.03213213190902024,0.007123589680122677,-4.6273661673069,,,static,7.392408891024265,6.340644818383744,2.249436371272398,0.0,-73.43812,2682.815413814842,-22.455036
233,1784876801.8688655,,8.0,,8.0,,6.0,,6.0,,10.0,,10.0,,1.0,,1.0,,4.0,,4.0,,2.0,,2.0,,5.0,,5.0,,8.0,,8.0,,7.838173264171928,,5.801644675666466,,9.77859662193805,,0.8938596472471545,,3.9697172293781477,,1.8867512855213135,,4.913319135084748,,7.9375,0.023912183940410614,-0.0013782247551716864,0.001579314408445498,0.377254169434309,0.30177032947540283,0.9190282225608826,0.3608816862106323,-0.043395426124334335,0.16678276658058167,0.5639504790306091,0.03924685716629028,8192,0.2038533240556717,5.377445220947266,0.056257884949445724,38207488,47495,18656,1166,-4.055377,0.008434723031678004,0.008579655231733341,-6.188410434126854,-58.98836,0.023221717932028697,0.004267114982940257,-4.65761853158474,,,static,6.404528682230622,5.974949655200317,2.2877778259896724,0.0,-81.644905,2686.3961255562867,-4.055377
234,1784876864.3919756,,8.0,,8.0,,6.0,,6.0,,10.0,,10.0,,1.0,,1.0,,4.0,,4.0,,2.0,,2.0,,5.0,,5.0,,8.0,,8.0,,8.034963959711604,,6.163271336816251,,9.925134520512074,,0.9838524857768789,,3.974366458103759,,2.0597461510042194,,4.971095862187212,,7.9375,0.024630434811115265,-0.002488543279469013,0.0018414865226077382,0.36145011335611343,0.18421277403831482,0.8032859563827515,0.159314826130867,-0.06280559301376343,0.135222390294075,0.37856462597846985,0.01992471143603325,8192,0.18941468000411987,5.506241321563721,0.024816032499074936,38371328,47672,18736,1171,13.073038,0.006207554202410393,0.007158220137353055,-6.120264256000519,-23.463575,0.01690693634445779,0.003902459159871796,-4.610905700922013,,,static,6.418639458977134,5.365451243215965,2.1982645215408496,0.0,-46.396355,2620.471073147574,13.073038
235,1784876927.0209045,,8.0,,8.0,,6.0,,6.0,,10.0,,10.0,,1.0,,1.0,,4.0,,4.0,,2.0,,2.0,,5.0,,5.0,,8.0,,8.0,,7.977973781526089,,6.088707207236439,,9.9439638229087,,1.076647761336062,,3.9959407612332143,,1.9952136338688433,,4.943049780500587,,8.0625,0.0008784637320786715,-0.008148069027811289,0.0005618239147224813,0.3489682227373123,0.26389050483703613,0.8518124222755432,0.19830697774887085,-0.030186422169208527,0.06975243240594864,0.29121461510658264,0.021480727940797806,8192,0.2053689956665039,5.510499954223633,0.01334108505398035,38535168,47875,18816,1176,-4.776481,0.00890117891394766,0.0061866468589869324,-6.080882066488266,-43.92653,0.014984497072873637,0.003251001292665023,-4.623311358690262,,,static,6.2988234677374875,5.8712776509144495,2.851573276455651,0.0,-52.471863,2616.0434269674806,-4.776481
236,1784876989.8176944,,8.0,,8.0,,6.0,,6.0,,10.0,,10.0,,1.0,,1.0,,4.0,,4.0,,2.0,,2.0,,5.0,,5.0,,8.0,,8.0,,8.434983372688293,,6.4954355410300195,,9.991289919475093,,1.2214600540610263,,4.13100878833211,,2.217292476561852,,4.992705292999744,,8.3125,0.03183864429593086,0.0018167303642258048,0.005414476392616052,0.35327911004424095,0.11124785244464874,0.9628430604934692,0.10609306395053864,-0.09417930990457535,0.22558218240737915,0.3898765444755554,0.02936236746609211,8192,0.17433224618434906,5.724584102630615,0.046632468700408936,38699008,48062,18896,1181,-4.5881386,0.01114850134763401,0.0059255250118440015,-6.061745157837867,-18.927177,0.016176953163812867,0.005951111401373055,-4.605024233460426,,,static,6.720119514413085,6.1152910550103625,2.2842682683120747,0.0,-49.067364,2609.050597045409,-4.5881386
237,1784877052.3376305,,8.0,,8.0,,6.0,,6.0,,10.0,,10.0,,1.0,,1.0,,4.0,,4.0,,2.0,,2.0,,5.0,,5.0,,8.0,,8.0,,8.227840768522583,,6.058876744937152,,9.973972141742706,,1.116566790442448,,4.106950264131228,,2.0811613075929927,,4.938919443797204,,8.0625,0.05611048638820648,0.0002030611503869295,0.008036000333959237,0.3551028147339821,0.18892234563827515,0.9151449203491211,0.15115484595298767,-0.26645973324775696,0.23132066428661346,0.3281707167625427,0.02931351587176323,8192,0.18273086845874786,5.570847988128662,0.030112218111753464,38862848,48256,18976,1186,3.6147423,0.0081399123169831,0.0048498866890440695,-6.0057978391647335,-37.823517,0.01832294084597379,0.0030994995904620737,-4.627666229009629,,,static,6.373371269589205,5.649125677241481,2.5635836875630953,0.0,-50.242016,2620.6040328485133,3.6147423
238,1784877113.0080755,,8.0,,8.0,,6.0,,6.0,,10.0,,10.0,,1.0,,1.0,,4.0,,4.0,,2.0,,2.0,,5.0,,5.0,,8.0,,8.0,,7.916207405942259,,5.917127407738008,,9.934275877429172,,0.9554846422397532,,4.026833670854103,,1.9615166650619358,,4.925580777984578,,8.0,0.012769786641001701,3.6571931559592485e-05,0.0007380199535873544,0.3688715063035488,0.23035717010498047,0.8283050656318665,0.17580874264240265,-0.10394071042537689,0.08811667561531067,0.439510703086853,0.030022578313946724,8192,0.16308405995368958,5.4546284675598145,0.029235543683171272,39026688,48443,19056,1191,13.205,0.006160543487931136,0.00787375216386863,-5.990916550159454,-58.670776,0.01854182956449222,0.00247038352972595,-4.61364072561264,,,static,6.410198913692627,5.967801918084881,2.559182135042202,0.0,-78.47182,2700.4911732394744,13.205
239,1784877176.4523416,,8.0,,8.0,,6.0,,6.0,,10.0,,10.0,,1.0,,1.0,,4.0,,4.0,,2.0,,2.0,,5.0,,5.0,,8.0,,8.0,,7.967989978846163,,6.255020168609917,,9.871065971674398,,1.0728134706732817,,4.13422681344673,,2.0572297036123928,,4.9732253309339285,,8.0,0.0489073246717453,-0.0012035644613206387,0.0017003127468342427,0.3617394007742405,0.30905476212501526,0.9617016911506653,0.27861151099205017,-0.45940327644348145,0.17779035866260529,0.19422464072704315,0.014168791472911835,8192,0.15395694971084595,5.541447162628174,0.012969473376870155,39190528,48641,19136,1196,9.0726,0.0068382728641154245,0.004733411187771708,-5.957452926039696,-34.013237,0.009165050426963717,0.0048339761662646195,-4.623653149604797,,,static,6.717002073075724,5.568461470311201,2.0803804022009835,0.0,-56.09884,2582.4240800306015,9.0726
240,1784877238.8746347,,8.0,,8.0,,6.0,,6.0,,10.0,,10.0,,1.0,,1.0,,4.0,,4.0,,2.0,,2.0,,5.0,,5.0,,8.0,,8.0,,8.075235962169245,,6.038445128710009,,9.895283067133278,,1.090716550592333,,4.03349642050307,,2.100879058474675,,4.969255776959471,,8.125,0.027471721172332764,0.005923801334574819,0.0037264467391651124,0.3751782737672329,0.24228738248348236,0.913985013961792,0.22246836125850677,-0.02200917713344097,0.17160694301128387,0.35816365480422974,0.01926877722144127,8192,0.22509558498859406,5.54103946685791,0.049831971526145935,39354368,48840,19216,1201,-15.112234,0.00908363571652444,0.006113507186819333,-5.971386709809304,-46.76757,0.023898880241904407,0.0024755905964411796,-4.640089783072471,,,static,6.387648703709364,6.201213585380306,3.068217053747378,0.0,-63.675194,2624.7033126940532,-15.112234
241,1784877303.3067496,,8.0,,8.0,,6.0,,6.0,,10.0,,10.0,,1.0,,1.0,,4.0,,4.0,,2.0,,2.0,,5.0,,5.0,,8.0,,8.0,,8.054419830616098,,6.301852311939001,,9.926741394101555,,1.0787849229527637,,4.074697557138279,,2.083144795615226,,4.963922267837916,,8.0,0.034768667072057724,-0.006092944066040218,0.0024662236064614262,0.37815842777490616,0.16903921961784363,0.794156551361084,0.13160869479179382,-0.35642558336257935,0.15297703444957733,0.29204046726226807,0.013450123369693756,8192,0.15850576758384705,5.560445308685303,0.01065385527908802,39518208,49031,19296,1206,10.71303,0.006476891529746354,0.004934935820347164,-5.996686640381813,-36.137356,0.010316434878041037,0.0038150723914441185,-4.620725712180137,,,static,5.91916328163183,6.3841830315733334,1.9872017370915684,0.0,-40.215458,2542.8313555943455,10.71303
242,1784877363.675476,,8.0,,8.0,,6.0,,6.0,,10.0,,10.0,,1.0,,1.0,,4.0,,4.0,,2.0,,2.0,,5.0,,5.0,,8.0,,8.0,,8.618623714894056,,6.473694532178342,,10.0,,1.2698536100797355,,4.2723341232631356,,2.2964906222186983,,5.0,,8.5,0.0056701404973864555,0.0004228037432767451,0.005486302550707478,0.38273657485842705,0.36388546228408813,0.815972089767456,0.32630541920661926,0.26376354694366455,0.2291124165058136,0.27423641085624695,0.011003144085407257,8192,0.15935485064983368,5.803874969482422,0.0074156722985208035,39682048,49216,19376,1211,-27.602264,0.009524423562106676,0.00670207377843326,-5.987846714258194,-12.448938,0.0047898642209474925,0.0036678016535006464,-4.603693553805352,,,static,6.36460478468949,6.086788173055782,1.635053170056381,0.0,-74.03654,2713.988583687519,-27.602264
243,1784877425.8031158,,8.0,,8.0,,6.0,,6.0,,10.0,,10.0,,1.0,,1.0,,4.0,,4.0,,2.0,,2.0,,5.0,,5.0,,8.0,,8.0,,7.5447142058983445,,5.5813767234794796,,9.58226039703004,,0.7874112918507308,,3.8586761351616587,,1.754154293681495,,4.80464679049328,,7.875,-0.048580337315797806,-0.015160117181949317,0.00281446065127966,0.3789675682783127,0.19745896756649017,0.9201841354370117,0.2033037543296814,-0.08185125887393951,0.049875225871801376,0.47172462940216064,0.01834499090909958,8192,0.2032734453678131,5.223529815673828,0.021378029137849808,39845888,49398,19456,1216,-43.75807,0.010544247049256227,0.006409067817730829,-5.944563767313957,-40.228462,0.013452504892484285,0.005164414548198692,-4.624179100990295,,,static,6.044065844256563,6.276041330812322,1.6135578325308937,0.0,-51.605236,2637.1509673537976,-43.75807
244,1784877485.8779497,,8.0,,8.0,,6.0,,6.0,,10.0,,10.0,,1.0,,1.0,,4.0,,4.0,,2.0,,2.0,,5.0,,5.0,,8.0,,8.0,,7.996387036982924,,6.145509728172328,,9.776926867423754,,1.0552456080913544,,4.02154417116617,,2.0204715059371665,,4.95091039664112,,8.0,0.056174278259277344,-0.00956302706617862,0.005155869461304974,0.3917907178401947,0.24070481956005096,0.9471455216407776,0.20894451439380646,0.535406768321991,0.19631974399089813,0.3229161500930786,0.017187969759106636,8192,0.16154758632183075,5.495874404907227,0.04235139116644859,40009728,49607,19536,1221,-5.6236463,0.010692207227111793,0.004862964899803046,-5.983555641770363,-37.353046,0.022174556134268643,0.0041246451859478835,-4.621328148245811,,,static,5.588399543807668,5.654059775046048,2.5479443079946127,0.0,-76.92881,2727.265134727259,-5.6236463
245,1784877547.6394942,,8.0,,8.0,,6.0,,6.0,,10.0,,10.0,,1.0,,1.0,,4.0,,4.0,,2.0,,2.0,,5.0,,5.0,,8.0,,8.0,,8.307070252776612,,6.302362240385264,,9.937162870541215,,1.175647180643864,,4.110006737115327,,2.1366521983291022,,4.983464976190589,,8.125,0.0014417264610528946,-0.0011374481255188584,0.0009987673820432974,0.38590291887521744,0.22585615515708923,0.7591633200645447,0.18269574642181396,-0.38868093490600586,0.10080868005752563,0.3487798571586609,0.015498476102948189,8192,0.1961364448070526,5.634670734405518,0.01694173365831375,40173568,49792,19616,1226,-6.3240223,0.012971789494622498,0.00617266031622421,-6.04498719573021,-10.865028,0.011028511013137177,0.004015576776873786,-4.622227677702904,,,static,6.545049476123479,5.6306669946667895,2.278403762113327,0.0,-62.890575,2652.783394888435,-6.3240223
246,1784877609.5587356,,8.0,,8.0,,6.0,,6.0,,10.0,,10.0,,1.0,,1.0,,4.0,,4.0,,2.0,,2.0,,5.0,,5.0,,8.0,,8.0,,7.955500471405685,,5.827922546537593,,9.818552505224943,,0.9838040224276483,,3.9893082857888658,,1.8990520569495857,,4.866885235882364,,8.0625,0.026896558701992035,-0.008194892201572657,0.0016974070240394212,0.3932377062737942,0.2912157475948334,0.8160772323608398,0.22841830551624298,-0.21257513761520386,0.17202910780906677,0.3142043948173523,0.009219168685376644,8192,0.2085246443748474,5.425440311431885,0.013205460272729397,40337408,49992,19696,1231,13.827243,0.006894047726382269,0.006571054113737773,-6.167928722500801,-19.680813,0.003904436710581649,0.0023400088874041105,-4.62562812268734,,,static,5.710525401691493,5.798041153070759,3.222887159490742,0.0,-55.710346,2646.0272465589132,13.827243
247,1784877673.1589973,,8.0,,8.0,,6.0,,6.0,,10.0,,10.0,,1.0,,1.0,,4.0,,4.0,,2.0,,2.0,,5.0,,5.0,,8.0,,8.0,,8.101255003828555,,6.067794154863805,,9.924852558411658,,1.1541664160322398,,4.115698059562419,,2.082334710401483,,4.957161433820147,,8.125,0.011058835312724113,-0.002714203728828579,0.0006333821283988073,0.39033743366599083,0.19912390410900116,0.7973324060440063,0.14561301469802856,0.13179245591163635,0.10668662935495377,0.39248162508010864,0.009755881503224373,8192,0.20386959612369537,5.566033363342285,0.033679571002721786,40501248,50190,19776,1236,-52.314636,0.014153982498100959,0.003950812057883013,-6.195081314444542,-28.76395,0.01263037214812357,0.0043198390765610386,-4.614420914649964,,,static,7.1652698983440475,5.801349036256987,1.9729534954457268,0.0,-25.517479,2576.090468036178,-52.314636
248,1784877735.21151,,8.0,,8.0,,6.0,,6.0,,10.0,,10.0,,1.0,,1.0,,4.0,,4.0,,2.0,,2.0,,5.0,,5.0,,8.0,,8.0,,8.118603385053575,,5.989437529002316,,9.943134455010295,,1.076773195178248,,4.007554492003692,,2.0833551990799606,,4.950266805593856,,8.0,0.044828321784734726,-0.007195090292952955,0.002089553090627305,0.39294319599866867,0.15623793005943298,0.8667788505554199,0.1599232405424118,-0.019936759024858475,0.1341387778520584,0.45118069648742676,0.010095400735735893,8192,0.1513834297657013,5.5211405754089355,0.019271720200777054,40665088,50363,19856,1241,-16.164852,0.010898484149947762,0.006272832633112557,-6.2487283736467365,-31.1132,0.009246904926840216,0.003526600715122186,-4.603326708078384,,,static,6.838755317569616,5.5084210268991525,1.946563600330792,0.0,-45.04838,2640.3438594630543,-16.164852
249,1784877795.59956,,8.0,,8.0,,6.0,,6.0,,10.0,,10.0,,1.0,,1.0,,4.0,,4.0,,2.0,,2.0,,5.0,,5.0,,8.0,,8.0,,8.423989904054906,,6.276516913436353,,10.0,,1.2139801475568675,,4.247429541777819,,2.0869097310933284,,4.989201996475458,,8.0625,-0.011110891588032246,-0.0019601776148192585,0.00324193272535922,0.38195236772298813,0.30836930871009827,0.7870088815689087,0.2546248435974121,-0.017674552276730537,0.08714237809181213,0.4707367420196533,0.008492818102240562,8192,0.16422098875045776,5.662566184997559,0.03237485513091087,40828928,50529,19936,1246,14.150024,0.008798543954617344,0.007576077034900664,-6.247225075960159,-46.016823,0.007182926879613661,0.0018642486873432062,-4.649500206112862,,,static,6.7994405253644015,5.477897562202868,1.8462556678861013,0.0,-72.61272,2713.11964872222,14.150024
250,1784877857.8246624,,8.0,,8.0,,6.0,,6.0,,10.0,,10.0,,1.0,,1.0,,4.0,,4.0,,2.0,,2.0,,5.0,,5.0,,8.0,,8.0,,7.6472938432125375,,5.626133742276579,,9.649041988886893,,0.8757326721679419,,3.864438234246336,,1.895396526757395,,4.803700176766142,,7.875,0.0008644778281450272,0.002342879306524992,0.004006028306321241,0.3787706531584263,0.19744431972503662,0.7792521119117737,0.1735154688358307,0.13689754903316498,0.1608666628599167,0.3803340494632721,0.00868880096822977,8192,0.20764675736427307,5.279592037200928,0.016660256311297417,40992768,50731,20016,1251,-23.033298,0.013431139121530577,0.004488853579823626,-6.306457698345184,-1.6007271,0.0036824551425524987,0.00294182987199747,-4.651413017511368,,,static,6.684283420071648,6.535948042809684,1.822288395838994,0.0,-63.893665,2633.020895045873,-23.033298
251,1784877920.7569444,,8.0,,8.0,,6.0,,6.0,,10.0,,10.0,,1.0,,1.0,,4.0,,4.0,,2.0,,2.0,,5.0,,5.0,,8.0,,8.0,,8.127548900200054,,5.982802504411666,,9.850247586844489,,0.9710210186894983,,4.0000196802429855,,1.9893987524264958,,4.904110965308064,,8.0,0.04264048486948013,0.0049380718264728785,0.0014261925680330023,0.36668648570775986,0.17902857065200806,0.6768568754196167,0.15037845075130463,0.17845016717910767,0.18498364090919495,0.3754699230194092,0.009740004315972328,8192,0.21724915504455566,5.478143692016602,0.013522752560675144,41156608,50898,20096,1256,3.8632846,0.0076130736546474505,0.008245563525997568,-6.228784808516503,-16.096184,0.00567973181605339,0.004715298066730611,-4.6691490590572355,,,static,6.528370245238468,5.997359191142488,3.139818447743786,0.0,-37.06521,2603.4340809725986,3.8632846
252,1784877982.619373,,8.0,,8.0,,6.0,,6.0,,10.0,,10.0,,1.0,,1.0,,4.0,,4.0,,2.0,,2.0,,5.0,,5.0,,8.0,,8.0,,8.458843286614865,,6.542484186589718,,10.0,,1.2968235169537365,,4.235143532976508,,2.295273677445948,,5.0,,8.375,0.017735555768013,-0.0010208546882495284,0.007029573604086181,0.3663549832999706,0.18913745880126953,1.0261094570159912,0.16530413925647736,-0.8165751695632935,0.2611806392669678,0.2419152557849884,0.009778308682143688,8192,0.17029139399528503,5.775445938110352,0.024079445749521255,41320448,51083,20176,1261,-2.7203453,0.008729114373272751,0.008936122671002522,-6.198831927776337,-38.504086,0.01326817017106805,0.003999334581021685,-4.646497529745102,,,static,7.053155025204115,5.756972234910785,1.932673322802423,0.0,-38.850636,2648.456546139048,-2.7203453
253,1784878044.3462262,,8.0,,8.0,,6.0,,6.0,,10.0,,10.0,,1.0,,1.0,,4.0,,4.0,,2.0,,2.0,,5.0,,5.0,,8.0,,8.0,,8.328068093163893,,6.2535799758916255,,9.94010886689648,,1.141903483250644,,4.0623396972659975,,2.1368060737731867,,4.983162751421332,,8.0,0.010333423502743244,0.0013672676868736744,0.0009407054976691143,0.3611483536660671,0.30613231658935547,0.8566661477088928,0.3571859896183014,0.159229576587677,0.10426149517297745,0.200328528881073,0.010260076262056828,8192,0.14323192834854126,5.605746269226074,0.01476247701793909,41484288,51285,20256,1266,13.331896,0.008635153638897464,0.006993219452851918,-6.180863752961159,-29.386377,0.008220433848327957,0.006287760475970572,-4.62539022564888,,,static,6.763102614094356,5.861711787323616,2.153851348681644,0.0,-49.536724,2654.2742727866844,13.331896
254,1784878104.4228587,,8.0,,8.0,,6.0,,6.0,,10.0,,10.0,,1.0,,1.0,,4.0,,4.0,,2.0,,2.0,,5.0,,5.0,,8.0,,8.0,,8.316935253795236,,6.389122743625194,,9.940139117883518,,1.188170186826028,,4.141082798931166,,2.150151966343401,,4.994560000021011,,8.125,-0.014733130112290382,0.0007302904850803316,0.0008448522130493075,0.3521321937441826,0.17519409954547882,0.7596521973609924,0.16343070566654205,0.018130645155906677,0.07478249073028564,0.38545411825180054,0.017593437805771828,8192,0.17231786251068115,5.655645370483398,0.02324404940009117,41648128,51475,20336,1271,13.804237,0.006318769087374676,0.006632636247377377,-6.164124998450279,-28.64054,0.0093128407956101,0.005136451430735179,-4.6041622966527935,,,static,6.169376860643851,6.100850646159984,2.084098774732992,0.0,-76.509026,2727.1837471228714,13.804237
255,1784878166.596645,,8.0,,8.0,,6.0,,6.0,,10.0,,10.0,,1.0,,1.0,,4.0,,4.0,,2.0,,2.0,,5.0,,5.0,,8.0,,8.0,,7.9465834711445495,,5.97734179883264,,9.939477819483727,,1.040347812930122,,3.983645947329933,,1.975740726760705,,4.96734960435424,,8.0,0.05565471947193146,-0.007097749621607363,0.00147932920299354,0.35172489285469055,0.4077029228210449,0.8872779011726379,0.42947322130203247,0.36012381315231323,0.20462964475154877,0.46333378553390503,0.020508218556642532,8192,0.16512753069400787,5.478811264038086,0.026120049878954887,41811968,51651,20416,1276,-4.7877836,0.008835774126055185,0.0069544195703201694,-6.185528963804245,-33.55907,0.01797357268515043,0.0018635347943927627,-4.632772421836853,,,static,6.349201470313281,6.312410085342995,2.8159629977396294,0.0,-65.53636,2635.1939923433847,-4.7877836
256,1784878228.4119916,,8.0,,8.0,,6.0,,6.0,,10.0,,10.0,,1.0,,1.0,,4.0,,4.0,,2.0,,2.0,,5.0,,5.0,,8.0,,8.0,,8.306557243453426,,6.199858262378257,,9.929508713074028,,1.040428589185467,,4.163616353878751,,2.176562086911872,,4.948278477881104,,8.1875,-0.0036150100640952587,-0.002941666461993009,0.0015531758672295837,0.3575507067143917,0.2079675793647766,0.7432110905647278,0.20483531057834625,0.04964929446578026,0.10641321539878845,0.21824388206005096,0.010782802477478981,8192,0.18143877387046814,5.6190385818481445,0.016412178054451942,41975808,51843,20496,1281,-29.219646,0.01053788232820807,0.004500274166639428,-6.2259135961532595,-29.932392,0.009679608882288448,0.0033557458154973574,-4.6100251942873,,,static,6.48750375159143,4.6484122801594365,2.3169514627875953,0.0,-41.300697,2650.4744557635263,-29.219646
257,1784878290.1486068,,8.0,,8.0,,6.0,,6.0,,10.0,,10.0,,1.0,,1.0,,4.0,,4.0,,2.0,,2.0,,5.0,,5.0,,8.0,,8.0,,8.00291002119775,,5.903099499526434,,9.938920097738446,,0.9909605772263603,,3.959373101068195,,2.051008480018936,,4.935154099719512,,8.0,0.044961750507354736,-0.00796581045142375,0.0038252633312367834,0.3542904146015644,0.3182453215122223,0.9494880437850952,0.3269304633140564,-0.09748552739620209,0.17461524903774261,0.2673533856868744,0.012527811340987682,8192,0.16933448612689972,5.472678184509277,0.007914243265986443,42139648,52145,20576,1286,-65.267166,0.0435555029194802,0.002692145814944524,-6.263668099045754,-7.2753744,0.0038146803468407597,0.0036948267785192,-4.593057233095169,,,static,9.289350019964584,5.925646294693802,2.012888979135814,0.0,-68.70293,2653.854587521841,-65.267166
258,1784878351.18708,,8.0,,8.0,,6.0,,6.0,,10.0,,10.0,,1.0,,1.0,,4.0,,4.0,,2.0,,2.0,,5.0,,5.0,,8.0,,8.0,,7.963816660019802,,5.842137343541253,,9.950740786618553,,0.970179745942005,,3.963655722211115,,1.944298200920457,,4.91719356784597,,8.0625,0.019495807588100433,0.0016903018113225698,0.0010433685965836048,0.3621242567896843,0.347180038690567,0.8308222889900208,0.28073492646217346,0.061297643929719925,0.09608350694179535,0.4325297474861145,0.01500384509563446,8192,0.175430029630661,5.451815128326416,0.01584230549633503,42303488,52357,20656,1291,-56.473827,0.023751955991610885,0.006921658662031404,-6.328695854544639,-41.480892,0.011827261082362383,0.005993359547574073,-4.5651756703853605,,,static,8.008552955675054,5.915926482225116,1.9753210249399111,0.0,-67.9563,2684.2086530185047,-56.473827
259,1784878411.8954887,,8.0,,8.0,,6.0,,6.0,,10.0,,10.0,,1.0,,1.0,,4.0,,4.0,,2.0,,2.0,,5.0,,5.0,,8.0,,8.0,,7.884524433875413,,6.102478299406357,,9.715449023293331,,0.8948212204268202,,3.9330700882710516,,1.9889817500079516,,4.854854907141998,,7.875,0.012675341218709946,-0.01706911134533584,0.0009767722003743984,0.35213662311434746,0.32009047269821167,0.9202333688735962,0.26428037881851196,0.13171575963497162,0.11173684895038605,0.27398136258125305,0.013112219981849194,8192,0.21611836552619934,5.406147480010986,0.013501958921551704,42467328,52541,20736,1296,-10.9169445,0.009695441328221931,0.006580577554996125,-6.391189900040627,-15.015134,0.009382669176557102,0.0030717508016095962,-4.548489734530449,,,static,6.456109281932919,5.020364588743682,3.1511466331377567,0.0,-80.84082,2698.8025812690685,-10.9169445
260,1784878472.7780118,,8.0,,8.0,,6.0,,6.0,,10.0,,10.0,,1.0,,1.0,,4.0,,4.0,,2.0,,2.0,,5.0,,5.0,,8.0,,8.0,,8.108596159640001,,6.30857897826354,,9.941728435456753,,1.1613984950818121,,4.145306617021561,,2.153785683098249,,4.984428462164942,,8.0,0.0168965682387352,-0.002071301860269159,0.000964499346082448,0.3442286364734173,0.14240363240242004,0.8284558057785034,0.0973859503865242,0.18920090794563293,0.10001161694526672,0.3741576671600342,0.01948322355747223,8192,0.1285575032234192,5.600477695465088,0.03691962733864784,42631168,52746,20816,1301,14.803126,0.01034199546702439,0.0038655510783428327,-6.4565559953451155,-10.632987,0.014768662277492694,0.005468189212842844,-4.5601132899522785,,,static,6.964972744649103,6.384509058944426,2.116544414051245,0.0,-73.776535,2691.08413384524,14.803126
261,1784878536.080521,,8.0,,8.0,,6.0,,6.0,,10.0,,10.0,,1.0,,1.0,,4.0,,4.0,,2.0,,2.0,,5.0,,5.0,,8.0,,8.0,,7.952497032354586,,5.922864471562207,,9.821622658055276,,1.0189888074528426,,3.9680860943626612,,2.0234514120966196,,4.948991094715893,,8.0,0.04266829788684845,0.0023237360292114317,0.00197384242710541,0.3546413220465183,0.19277039170265198,0.8922538757324219,0.12632222473621368,0.0045919883996248245,0.18230916559696198,0.3793901801109314,0.01645125076174736,8192,0.21844179928302765,5.457062721252441,0.012055444531142712,42795008,52928,20896,1306,-21.124367,0.012528070248663425,0.00676136553302058,-6.535319036245346,-27.753666,0.009801653122121935,0.005419079058628995,-4.608632731437683,,,static,7.489254154039278,6.477367145579516,2.5909413349107426,0.0,-40.82056,2588.2070202531186,-21.124367
262,1784878597.1393127,,8.0,,8.0,,6.0,,6.0,,10.0,,10.0,,1.0,,1.0,,4.0,,4.0,,2.0,,2.0,,5.0,,5.0,,8.0,,8.0,,8.06042472505942,,6.047449694757233,,9.863017030642368,,0.967852043453604,,3.9572360884631053,,2.0469222528045066,,4.923512851819396,,8.0,0.007505097426474094,-0.011399395123589784,0.000386970255021879,0.3584744371473789,0.2496529221534729,0.9957998991012573,0.21843776106834412,-0.003635607659816742,0.06679883599281311,0.41179364919662476,0.014040987938642502,8192,0.1576257050037384,5.483302593231201,0.016212914139032364,42958848,53108,20976,1311,-2.4955597,0.00911321872845292,0.008488924569974188,-6.5190739095211026,-8.241973,0.005732830415217905,0.0034462313968106175,-4.60754646062851,,,static,7.267378298245731,5.819939223417467,2.1523187659100946,0.0,-74.17363,2683.3154842943086,-2.4955597
263,1784878657.8889802,,8.0,,8.0,,6.0,,6.0,,10.0,,10.0,,1.0,,1.0,,4.0,,4.0,,2.0,,2.0,,5.0,,5.0,,8.0,,8.0,,7.491264044540003,,5.53083114605397,,9.69575132994214,,0.7694472518051043,,3.7810937072499655,,1.8436252039973624,,4.764549680054188,,7.9375,0.02507838048040867,-0.01100803937879391,0.001874328576377593,0.34919102117419243,0.16962309181690216,0.8678027987480164,0.13521604239940643,-0.13077862560749054,0.2130616009235382,0.24453388154506683,0.009330954402685165,8192,0.1866738498210907,5.226757526397705,0.014571730978786945,43122688,53279,21056,1316,15.358167,0.005642788719706004,0.008519096064992482,-6.496223756670952,-16.064075,0.00489766308455728,0.002592539507895708,-4.597589465975761,,,static,7.235738801470305,5.400426225963817,1.7413709163308781,0.0,-72.86762,2696.96946551055,15.358167
264,1784878719.2909458,,8.0,,8.0,,6.0,,6.0,,10.0,,10.0,,1.0,,1.0,,4.0,,4.0,,2.0,,2.0,,5.0,,5.0,,8.0,,8.0,,7.948802302940749,,5.809041330590844,,9.870324734365568,,0.9748981990414904,,3.943429146136623,,2.0056893778964877,,4.922238399012713,,7.9375,0.0392114520072937,-0.007658071932382882,0.0014549432507919846,0.35855381190776825,0.2030838131904602,0.9118015170097351,0.17161314189434052,0.3447243273258209,0.18543334305286407,0.2637459635734558,0.013248252682387829,8192,0.20283111929893494,5.426490783691406,0.019615693017840385,43286528,53461,21136,1321,-3.5625465,0.007727969216648489,0.00799011050403351,-6.401565161347389,-28.906647,0.006563910166732967,0.0019368211273103953,-4.626377049088478,,,static,7.155866114280717,5.638488878375173,1.9862811295251461,0.0,-73.88797,2668.3185305986467,-3.5625465
265,1784878781.4851992,,8.0,,8.0,,6.0,,6.0,,10.0,,10.0,,1.0,,1.0,,4.0,,4.0,,2.0,,2.0,,5.0,,5.0,,8.0,,8.0,,8.41889166139299,,6.469298432581127,,10.0,,1.2408982696942985,,4.249916310320259,,2.2460560395848006,,4.986736698076129,,8.25,-0.005361966323107481,-0.0006144075305201113,0.0017410445798304863,0.360467117279768,0.13286183774471283,0.8549777269363403,0.1485033929347992,0.12529702484607697,0.15176934003829956,0.36472421884536743,0.012976930476725101,8192,0.16906310617923737,5.732724666595459,0.018541527912020683,43450368,53641,21216,1326,-63.193043,0.017879070865456016,0.007704749415279366,-6.41906848847866,-12.234922,0.009294596131076105,0.002551409577426966,-4.632851493358612,,,static,7.787525670452967,6.098652175343551,1.4994264427090638,0.0,-58.68473,2634.3269586738375,-63.193043
266,1784878842.8882754,,8.0,,8.0,,6.0,,6.0,,10.0,,10.0,,1.0,,1.0,,4.0,,4.0,,2.0,,2.0,,5.0,,5.0,,8.0,,8.0,,8.213034717133269,,6.285407438641414,,9.998216089210473,,1.1003503485262627,,4.116168140782975,,2.17057918664068,,4.990631368069444,,8.125,0.04685130715370178,0.0009590835543349385,0.00263867442481569,0.36019907146692276,0.16716933250427246,0.7725143432617188,0.16597667336463928,-0.08990046381950378,0.26675087213516235,0.2966366708278656,0.011965353041887283,8192,0.2005300521850586,5.624923229217529,0.013885549269616604,43614208,53811,21296,1331,6.060759,0.007059935032884823,0.007277403894113377,-6.428266581892967,-26.75669,0.0066049395129084585,0.0024312899564392864,-4.662585565447808,,,static,6.719326210230347,5.701864744835791,2.087949468072395,0.0,-49.8464,2668.2704711090496,6.060759
267,1784878905.0909786,,8.0,,8.0,,6.0,,6.0,,10.0,,10.0,,1.0,,1.0,,4.0,,4.0,,2.0,,2.0,,5.0,,5.0,,8.0,,8.0,,8.47920210659504,,6.386142973206006,,10.0,,1.2340080149006099,,4.2416476109065115,,2.2169060374144465,,5.0,,8.25,0.02162858657538891,0.001989666372537613,0.0025933083416020963,0.3525208979845047,0.2305031716823578,0.9726382493972778,0.20882485806941986,-0.41411060094833374,0.20873340964317322,0.2719573378562927,0.01018607709556818,8192,0.16710545122623444,5.725988388061523,0.018721699714660645,43778048,53982,21376,1336,15.702629,0.0070850466567208056,0.01121685420657741,-6.437928301095963,-15.667175,0.007716880942462012,0.007910461838764603,-4.627703320980072,,,static,7.477105433987711,5.80564372528535,1.4550614869136675,0.0,-63.36919,2633.9693533310156,15.702629
268,1784878968.6888156,,8.0,,8.0,,6.0,,6.0,,10.0,,10.0,,1.0,,1.0,,4.0,,4.0,,2.0,,2.0,,5.0,,5.0,,8.0,,8.0,,7.8734116478590295,,6.023188573832158,,9.880179987987503,,0.9087742008268833,,4.033292694657575,,1.995944949259865,,4.932758591719903,,8.0,-0.003270593471825123,0.0016618202498648316,0.0008507602337886055,0.3534504063427448,0.24472545087337494,0.9236583709716797,0.18306927382946014,0.006793990731239319,0.042679596692323685,0.4112996459007263,0.011498777195811272,8192,0.17019669711589813,5.455944061279297,0.011010788381099701,43941888,54148,21456,1341,4.5978575,0.005943990788364317,0.0077790153722162355,-6.416144612431526,-36.273815,0.0032415789559308906,0.004895624688651878,-4.637464371323586,,,static,6.006596385558176,6.254297449117394,2.283096910882767,0.0,-51.736034,2576.1878226411263,4.5978575
269,1784879032.3186994,,8.0,,8.0,,6.0,,6.0,,10.0,,10.0,,1.0,,1.0,,4.0,,4.0,,2.0,,2.0,,5.0,,5.0,,8.0,,8.0,,7.592447209637612,,5.751909288810566,,9.89064682458411,,0.8824046121299034,,3.939471622928977,,1.8700320096686482,,4.862997288291808,,7.9375,0.041700705885887146,0.0005191667005419731,0.0021787822552141733,0.3396996259689331,0.1285063922405243,0.9959592819213867,0.09581958502531052,0.22315721213817596,0.19308821856975555,0.29583150148391724,0.012848597951233387,8192,0.18352368474006653,5.340926170349121,0.019394565373659134,44105728,54326,21536,1346,-23.226875,0.010880846966756508,0.00810469428106444,-6.388840103149414,-29.557016,0.009199128704494797,0.005517201860493514,-4.658572840690613,,,static,7.175255981755674,6.266599565638259,2.0776903283562103,0.0,-43.87481,2574.890776256535,-23.226875
270,1784879095.1600285,,8.0,,8.0,,6.0,,6.0,,10.0,,10.0,,1.0,,1.0,,4.0,,4.0,,2.0,,2.0,,5.0,,5.0,,8.0,,8.0,,7.611062181182206,,5.581017173593864,,9.556724936934188,,0.7440086780115962,,3.7288669776171446,,1.7573544881306589,,4.817405995680019,,7.75,-0.001367819495499134,-0.0002468820312060416,0.0022711526617058553,0.3385305888950825,0.2978138327598572,0.7794675827026367,0.290722519159317,0.2944977283477783,0.1932753622531891,0.243515282869339,0.009853039868175983,8192,0.20662161707878113,5.193304538726807,0.029336202889680862,44269568,54505,21616,1351,5.477972,0.007213807701191399,0.007822998316260054,-6.393168842792511,-11.151252,0.0050172255621873775,0.00416073645465076,-4.636733838915825,,,static,6.785859860561763,6.109837443730111,1.9429802197395991,0.0,-48.788628,2607.201355312526,5.477972
271,1784879157.380549,,8.0,,8.0,,6.0,,6.0,,10.0,,10.0,,1.0,,1.0,,4.0,,4.0,,2.0,,2.0,,5.0,,5.0,,8.0,,8.0,,8.166992006415967,,6.096840532271017,,9.923339990724344,,0.9789701167610474,,4.044696274213493,,2.057527801138349,,4.979452848492656,,8.0,0.029358962550759315,0.001345419674180448,0.002701738570976886,0.34142429381608963,0.14265690743923187,0.820888340473175,0.11730742454528809,-0.07244651019573212,0.11453689634799957,0.36204367876052856,0.012316448614001274,8192,0.14589254558086395,5.530977249145508,0.010216728784143925,44433408,54675,21696,1356,15.052038,0.0062073983062873594,0.008133647836802992,-6.359042859077453,-21.56394,0.005124983285350026,0.0045214878526167014,-4.61760667860508,,,static,7.31970842413388,6.0176136395263615,2.283386020000435,0.0,-76.27004,2633.2151828372375,15.052038
272,1784879222.1092832,,8.0,,8.0,,6.0,,6.0,,10.0,,10.0,,1.0,,1.0,,4.0,,4.0,,2.0,,2.0,,5.0,,5.0,,8.0,,8.0,,8.67338739335537,,6.7531021647155285,,10.0,,1.3247541477903724,,4.355141086503863,,2.330877714790404,,5.0,,8.75,-0.06419023871421814,-0.0053356380958575755,0.009390168139361776,0.34744349122047424,0.26508551836013794,0.919055163860321,0.35033243894577026,-0.0990016981959343,0.2074567824602127,0.44493311643600464,0.014641446992754936,8192,0.12390492856502533,5.898407936096191,0.030624816194176674,44597248,54851,21776,1361,14.221408,0.007812923821620642,0.005408616729982896,-6.318025043606758,-38.178818,0.01046563012932893,0.005183216252771672,-4.599453163146973,,,static,6.37996380352206,5.430301086895485,1.9959697488563417,0.0,-39.533966,2531.178763384367,14.221408
273,1784879284.2995253,,8.0,,8.0,,6.0,,6.0,,10.0,,10.0,,1.0,,1.0,,4.0,,4.0,,2.0,,2.0,,5.0,,5.0,,8.0,,8.0,,7.38454558479134,,5.301649125292897,,9.336905010044575,,0.6874371888698079,,3.670038916170597,,1.6388867716304958,,4.70227977540344,,7.375,-0.12694106996059418,-0.005262564169242978,0.0019255023034929764,0.34886329248547554,0.28827741742134094,0.7874614596366882,0.4801178574562073,-0.045342639088630676,0.09209202229976654,0.5095295906066895,0.017010383307933807,8192,0.17542870342731476,5.0120930671691895,0.021908925846219063,44761088,55022,21856,1366,3.767451,0.006906879867892712,0.008366815860790666,-6.295996385812759,-30.808624,0.01174930110864807,0.0016721478816180025,-4.596980935335159,,,static,7.668275502306278,5.389711222715778,2.1647518627083238,0.0,-49.996483,2634.4966316114537,3.767451
274,1784879346.846599,,8.0,,8.0,,6.0,,6.0,,10.0,,10.0,,1.0,,1.0,,4.0,,4.0,,2.0,,2.0,,5.0,,5.0,,8.0,,8.0,,8.67640994116664,,6.704575381241739,,10.0,,1.3949200417846441,,4.374012511223555,,2.331762426532805,,5.0,,8.5,-0.08506236970424652,0.0018325664568692446,0.0027214420570089715,0.35230499878525734,0.10473901778459549,0.8598256707191467,0.08091513067483902,-0.20567484200000763,0.11648733913898468,0.2865232229232788,0.010522957891225815,8192,0.1354069709777832,5.87270975112915,0.016236236318945885,44924928,55196,21936,1371,12.8865385,0.006943974655587226,0.0067637296735483686,-6.357327836751938,-12.009692,0.004495696892263368,0.003023062452848535,-4.6107919186353685,,,static,6.9099073811343175,5.534956421061601,1.93894646580446,0.0,-53.529877,2619.467058861581,12.8865385
275,1784879409.6026716,,8.0,,8.0,,6.0,,6.0,,10.0,,10.0,,1.0,,1.0,,4.0,,4.0,,2.0,,2.0,,5.0,,5.0,,8.0,,8.0,,7.8332927050068974,,5.952628014609218,,9.83808114216663,,1.002674713381566,,3.944524267106317,,1.9305890299801831,,4.88542002660688,,8.0625,-0.004546796903014183,-0.010504620120627806,0.00044865198333354783,0.35669485852122307,0.12369118630886078,0.9189941883087158,0.08727534860372543,0.20589372515678406,0.06544998288154602,0.3344750702381134,0.016235625371336937,8192,0.20581045746803284,5.43121337890625,0.021642528474330902,45088768,55379,22016,1376,14.098592,0.005748973286245018,0.0076748944775317796,-6.343571230769157,-42.826244,0.009683136240346358,0.0031959827392711304,-4.63758395910263,,,static,6.701136073731952,6.100975643400309,2.4606074730025593,0.0,-49.38006,2610.743398366335,14.098592
276,1784879472.1938343,,8.0,,8.0,,6.0,,6.0,,10.0,,10.0,,1.0,,1.0,,4.0,,4.0,,2.0,,2.0,,5.0,,5.0,,8.0,,8.0,,8.136793121346273,,6.022558492666576,,9.964275222737342,,1.1129069146991242,,4.078641630592756,,1.9728143719257787,,4.956787504910608,,8.0625,0.006263460498303175,0.0011930581531487405,0.0008100291397568071,0.3425906002521515,0.6421229243278503,0.8789491653442383,0.8072061538696289,-0.000905575230717659,0.0695781484246254,0.5939335823059082,0.026723548769950867,8192,0.18185639381408691,5.538410186767578,0.02623138017952442,45252608,55558,22096,1381,14.02733,0.005740277173026697,0.007991767970088404,-6.328252321481704,-49.452446,0.01934269925695844,0.004349779563199263,-4.6964658319950106,,,static,6.901065382404707,6.097832842849221,2.248451254366305,0.0,-67.723595,2617.6219353469146,14.02733
277,1784879534.5506933,,8.0,,8.0,,6.0,,6.0,,10.0,,10.0,,1.0,,1.0,,4.0,,4.0,,2.0,,2.0,,5.0,,5.0,,8.0,,8.0,,8.434955867007375,,6.518478902056813,,9.998911498347297,,1.2708967290818691,,4.166210484225303,,2.184594319667667,,5.0,,8.3125,-0.022568902000784874,-0.0008239945746026933,0.0012816004091291688,0.3259720504283905,0.11429382115602493,0.9867400527000427,0.09755837172269821,0.09416002035140991,0.11358813941478729,0.34542763233184814,0.02004571631550789,8192,0.15543830394744873,5.735818386077881,0.0092405304312706,45416448,55744,22176,1386,-58.59074,0.01075229731213767,0.005850283627660246,-6.349769467115403,-38.26417,0.0069992557488149035,0.004831392352934926,-4.728748664259911,,,static,7.76296395263451,6.495673282272067,1.882658020120027,0.0,-51.398438,2627.4574942106,-58.59074
278,1784879595.791784,,8.0,,8.0,,6.0,,6.0,,10.0,,10.0,,1.0,,1.0,,4.0,,4.0,,2.0,,2.0,,5.0,,5.0,,8.0,,8.0,,8.2378551234724,,6.297051736852154,,9.984639032743871,,1.0976127558387816,,4.132030699169263,,2.0948701004235772,,4.984437874285504,,8.125,0.022933615371584892,-0.0010968964197672904,0.002087762153678341,0.32438454777002335,0.1690109372138977,0.786916971206665,0.12939338386058807,-0.34470054507255554,0.14016050100326538,0.36854058504104614,0.025082122534513474,8192,0.18277297914028168,5.619187355041504,0.06069326028227806,45580288,55945,22256,1391,-21.496805,0.011629291644203477,0.004791249349364079,-6.379872760176658,-63.3094,0.018423471529968084,0.0035232144509791397,-4.706676653027534,,,static,6.8179817619704846,5.948086220861883,2.303289819731676,0.0,-75.4369,2675.3279332972998,-21.496805
279,1784879658.8628237,,8.0,,8.0,,6.0,,6.0,,10.0,,10.0,,1.0,,1.0,,4.0,,4.0,,2.0,,2.0,,5.0,,5.0,,8.0,,8.0,,8.07756637269631,,6.029654496727744,,9.894841109402478,,1.049652616144158,,4.0866808254795615,,2.0322895239805803,,4.956604270380922,,8.125,0.0017216121777892113,-0.020810277899727225,0.0006207382712091203,0.3367023281753063,0.28814592957496643,0.9193301200866699,0.32992711663246155,-0.24783697724342346,0.08207958936691284,0.22862152755260468,0.018698161467909813,8192,0.21720334887504578,5.53153657913208,0.0203055739402771,45744128,56162,22336,1396,-3.355123,0.010546445737418253,0.008590774070762563,-6.388236609101296,-24.728334,0.008431218663463368,0.002760347128059948,-4.667524525523186,,,static,6.118496069100443,5.785437536433447,2.765717876336368,0.0,-61.491566,2597.7057388204266,-3.355123
280,1784879721.3768146,,8.0,,8.0,,6.0,,6.0,,10.0,,10.0,,1.0,,1.0,,4.0,,4.0,,2.0,,2.0,,5.0,,5.0,,8.0,,8.0,,8.45854053934454,,6.469353889115155,,9.988636215683073,,1.2147824013372883,,4.172292199684307,,2.2592284893617034,,4.995996714103967,,8.25,-0.03513100743293762,-0.009303630009526387,0.0012547048663691385,0.3377276510000229,0.10813182592391968,0.9633439779281616,0.07507764548063278,-0.08091120421886444,0.06367084383964539,0.3220723271369934,0.0218364130705595,8192,0.15884354710578918,5.726103782653809,0.01725158654153347,45907968,56346,22416,1401,14.184535,0.006242916845076251,0.006340435695892666,-6.330911216139794,-6.771,0.011577478126855566,0.003693207034666557,-4.6989664226770405,,,static,6.698679523838081,5.796221373965119,2.3006800336658273,0.0,-71.474174,2620.853963928174,14.184535
281,1784879783.855364,,8.0,,8.0,,6.0,,6.0,,10.0,,10.0,,1.0,,1.0,,4.0,,4.0,,2.0,,2.0,,5.0,,5.0,,8.0,,8.0,,8.249676203588024,,6.2543529263930395,,9.974530967592727,,1.1403338290401734,,4.092028669896536,,2.0690800733864307,,4.991646919865161,,8.0,0.008524579927325249,-0.0014778083423152566,0.0007713490458627348,0.3277490809559822,0.21402576565742493,0.9424381852149963,0.18338468670845032,0.14860203862190247,0.07999132573604584,0.3345576822757721,0.017338139936327934,8192,0.12111064046621323,5.596456527709961,0.012061874382197857,46071808,56528,22496,1406,-21.231024,0.015675169811584056,0.005635918610641966,-6.309151139855385,-5.3612604,0.004808649669575971,0.0029149086112738587,-4.72425192296505,,,static,7.446627358371946,5.55003088705451,2.407809301892354,0.0,-63.30047,2622.339327622375,-21.231024
282,1784879846.2001228,,8.0,,8.0,,6.0,,6.0,,10.0,,10.0,,1.0,,1.0,,4.0,,4.0,,2.0,,2.0,,5.0,,5.0,,8.0,,8.0,,8.11925951608282,,6.253587614308344,,9.910106915282086,,1.1148109026253223,,4.156380374770379,,2.174477468477562,,4.990459023043513,,8.0,0.03588830679655075,0.0007413776475004852,0.0018195761331298854,0.3347952961921692,0.18070058524608612,0.7349459528923035,0.1642790138721466,0.1562642753124237,0.15101073682308197,0.32707905769348145,0.015349206514656544,8192,0.14640851318836212,5.589885234832764,0.016023611649870872,46235648,56707,22576,1411,5.624661,0.009449896519072354,0.007865819547441788,-6.336935070157051,-8.568211,0.00404581683469587,0.0038689044144121,-4.74373651444912,,,static,6.75252287043944,5.973295177641782,1.8251802235127244,0.0,-53.959187,2627.967515502699,5.624661
283,1784879908.422554,,8.0,,8.0,,6.0,,6.0,,10.0,,10.0,,1.0,,1.0,,4.0,,4.0,,2.0,,2.0,,5.0,,5.0,,8.0,,8.0,,7.257033284753561,,5.3300315868109465,,9.295001225546002,,0.7046874361112714,,3.6243463391438127,,1.6464726217091086,,4.608565470203757,,7.375,-0.12902230024337769,0.0018885809695348144,0.007316769824683433,0.3397717736661434,0.24352842569351196,0.7838213443756104,0.19291172921657562,-0.06713636219501495,0.11097277700901031,0.42661482095718384,0.02315540611743927,8192,0.16128475964069366,4.980142593383789,0.031993623822927475,46399488,56903,22656,1416,10.191465,0.006894975970499218,0.007602467268588953,-6.380455935001374,-13.426898,0.008997008971346077,0.005932618514634669,-4.7088372766971585,,,static,6.787776428805779,5.795390625433633,1.9439148729596216,0.0,-74.912575,2633.134030247077,10.191465
284,1784879970.1506994,,8.0,,8.0,,6.0,,6.0,,10.0,,10.0,,1.0,,1.0,,4.0,,4.0,,2.0,,2.0,,5.0,,5.0,,8.0,,8.0,,8.227324189880164,,6.238320249947719,,9.964332229457796,,1.0557907201728085,,4.076186218066141,,2.105400631786324,,4.992496764753014,,8.125,0.04373559355735779,0.0006002014852128923,0.002878890318243066,0.3384486921131611,0.13935396075248718,0.9648518562316895,0.11771035939455032,-0.2238565981388092,0.22996284067630768,0.2566591501235962,0.015116170980036259,8192,0.18365590274333954,5.598106384277344,0.013268341310322285,46563328,57072,22736,1421,5.4376364,0.007766299785726005,0.009537545707280515,-6.325299063324929,-18.850544,0.010268827600521035,0.0038058381142036524,-4.7227509140968325,,,static,6.853395442320524,5.911717104631064,2.525738343217565,0.0,-47.542118,2654.2187108324624,5.4376364
285,1784880031.995507,,8.0,,8.0,,6.0,,6.0,,10.0,,10.0,,1.0,,1.0,,4.0,,4.0,,2.0,,2.0,,5.0,,5.0,,8.0,,8.0,,8.243213112931699,,6.1474689623573795,,9.901520987041295,,1.0140086483734194,,4.08390924683772,,2.109888596012752,,4.980009278311627,,8.0,0.03375190123915672,0.000574180216062814,0.0019771399784076493,0.33289773762226105,0.32112395763397217,0.8868420124053955,0.42545822262763977,0.3463546633720398,0.160842165350914,0.4366829991340637,0.028274262323975563,8192,0.17011283338069916,5.560001850128174,0.0960938036441803,46727168,57288,22816,1426,13.4756565,0.007275284705974628,0.00736203457636293,-6.3118599444627765,-53.471436,0.046556773409247396,0.004622671511606313,-4.754554179310799,,,static,7.003135937014113,6.861880859790864,2.8198577321182547,0.0,-60.87688,2649.2119070564318,13.4756565
286,1784880094.434924,,8.0,,8.0,,6.0,,6.0,,10.0,,10.0,,1.0,,1.0,,4.0,,4.0,,2.0,,2.0,,5.0,,5.0,,8.0,,8.0,,7.455820106435567,,5.465752596734092,,9.577117743901908,,0.7220252191182226,,3.7911075218580663,,1.7579567614011467,,4.789608184626559,,7.625,-0.03025374747812748,-0.008364151348359883,0.002195128421590198,0.32817738503217697,0.18878792226314545,0.953009843826294,0.16601252555847168,0.21129129827022552,0.18548133969306946,0.24646078050136566,0.022771373391151428,8192,0.21123819053173065,5.1480488777160645,0.06693325191736221,46891008,57493,22896,1431,4.3662333,0.006821113308978966,0.00978497580072144,-6.344973644614219,-51.15187,0.014863872999558225,0.004812127212790074,-4.7309380620718,,,static,7.909679785717643,7.001996596929795,2.3263771194806724,0.0,-42.058575,2623.9835127394103,4.3662333
287,1784880156.814667,,8.0,,8.0,,6.0,,6.0,,10.0,,10.0,,1.0,,1.0,,4.0,,4.0,,2.0,,2.0,,5.0,,5.0,,8.0,,8.0,,7.8642779107321985,,5.872780627454631,,9.822730778716505,,0.9168780187610537,,3.9499644076568075,,1.880881045712158,,4.91543918591924,,7.9375,0.015124686062335968,0.0003342169802635908,0.0012948274761583889,0.33092568442225456,0.21626053750514984,0.85426265001297,0.16476985812187195,-0.143504798412323,0.11471535265445709,0.30282166600227356,0.02098877541720867,8192,0.19475795328617096,5.395056247711182,0.0180730689316988,47054848,57669,22976,1436,-23.544592,0.012408930013771169,0.004711753391893581,-6.3205955684185025,-29.6712,0.005590156590915285,0.0020439529238501565,-4.739499613642693,,,static,7.109297084012056,5.861778340941055,2.0681025268240907,0.0,-53.377064,2626.493635816241,-23.544592
288,1784880217.6211207,,8.0,,8.0,,6.0,,6.0,,10.0,,10.0,,1.0,,1.0,,4.0,,4.0,,2.0,,2.0,,5.0,,5.0,,8.0,,8.0,,8.04730310413288,,5.94194494722251,,9.87155909370631,,0.9264181458274834,,3.95594600054028,,1.9447296301368624,,4.887298876768909,,8.0,0.030612459406256676,-0.0030168596422299743,0.000810791500043706,0.31024374812841415,0.2205607295036316,0.9661906957626343,0.21696877479553223,-0.15848097205162048,0.12656523287296295,0.3930845856666565,0.02218485251069069,8192,0.15943914651870728,5.446899890899658,0.02556578628718853,47218688,57890,23056,1441,4.3531137,0.008787678545922972,0.00662367330660345,-6.400969585776329,-32.881264,0.016131737048272043,0.006214456833549775,-4.746670642495156,,,static,7.3635093677465875,6.255127998887179,2.6274030079811,0.0,-78.57391,2694.450840463273,4.3531137
289,1784880280.4492102,,8.0,,8.0,,6.0,,6.0,,10.0,,10.0,,1.0,,1.0,,4.0,,4.0,,2.0,,2.0,,5.0,,5.0,,8.0,,8.0,,7.473576784133911,,5.636959151015617,,9.626691348850727,,0.8144542095833458,,3.766039814450778,,1.74227181263268,,4.7493605660274625,,7.625,-0.04082807898521423,-0.0003607962280511856,0.0008128284580379841,0.30429283529520035,0.22591665387153625,0.8716432452201843,0.16619883477687836,0.46638190746307373,0.10684242844581604,0.37229079008102417,0.022774552926421165,8192,0.21009130775928497,5.179294109344482,0.017256176099181175,47382528,58069,23136,1446,13.649829,0.006927506561623886,0.008013766555814072,-6.358089476823807,-14.655655,0.006936897900595795,0.001203366323170485,-4.739383032917976,,,static,6.703684361298057,5.5115347345044,1.7412180922608598,0.0,-61.532837,2607.750786444033,13.649829
290,1784880343.9000318,,8.0,,8.0,,6.0,,6.0,,10.0,,10.0,,1.0,,1.0,,4.0,,4.0,,2.0,,2.0,,5.0,,5.0,,8.0,,8.0,,7.849132702162024,,5.9794734907045495,,9.700835757888854,,0.944036079919897,,3.9112147120176814,,1.9809475169404323,,4.886263363063335,,7.875,-0.011278624646365643,-0.007756475359201431,0.0005552206989705155,0.2978074960410595,0.12338806688785553,0.9741414785385132,0.11458557099103928,0.04967932403087616,0.07411221414804459,0.3228403925895691,0.017142366617918015,8192,0.22217077016830444,5.390862464904785,0.011879083700478077,47546368,58237,23216,1451,13.236438,0.006271010980708524,0.006717691801168257,-6.3110365003347395,-27.96441,0.005167341943888459,0.004697709409083472,-4.759684893488884,,,static,6.228037677898476,6.2306175122898235,2.3403439201881753,0.0,-44.341866,2582.157286108137,13.236438
291,1784880406.5570295,,8.0,,8.0,,6.0,,6.0,,10.0,,10.0,,1.0,,1.0,,4.0,,4.0,,2.0,,2.0,,5.0,,5.0,,8.0,,8.0,,7.9490490523166955,,5.97414198343904,,9.820745802018791,,0.9202511458206573,,4.001497276360169,,1.9601254334065743,,4.879572889185511,,8.0,0.04120413213968277,-0.0023112408816814423,0.0024134429295372684,0.30199984461069107,0.27896714210510254,0.9445354342460632,0.25340816378593445,0.06367972493171692,0.15759459137916565,0.2877703607082367,0.014671513810753822,8192,0.16504894196987152,5.438172340393066,0.019622353836894035,47710208,58419,23296,1456,13.304007,0.0064149116195039825,0.007337985846970696,-6.240658819675446,-11.827299,0.004285836672352161,0.0029379658146353902,-4.759189170598984,,,static,6.805322551363827,5.932283255838366,2.0511950930980394,0.0,-54.088753,2614.87159371713,13.304007
292,1784880470.237805,,8.0,,8.0,,6.0,,6.0,,10.0,,10.0,,1.0,,1.0,,4.0,,4.0,,2.0,,2.0,,5.0,,5.0,,8.0,,8.0,,8.095512153056916,,6.071111971163191,,9.98630513146054,,1.0387302497401834,,4.1333755237283185,,2.047614682931453,,4.967751786578447,,8.0,0.035474229604005814,-0.0023766386439092457,0.005122505873259797,0.3055410496890545,0.24808324873447418,0.8797810077667236,0.19344842433929443,-0.0012860540300607681,0.17173226177692413,0.38911470770835876,0.016806533560156822,8192,0.1380012482404709,5.542550563812256,0.028726866468787193,47874048,58583,23376,1461,2.5495403,0.009106643752602395,0.00788606077694567,-6.205037167668342,-29.039127,0.007335573835007381,0.004280580188060412,-4.724866992235183,,,static,6.689901078329695,5.605069284862372,2.097884706866677,0.0,-26.360434,2572.833515118248,2.5495403
293,1784880531.3731084,,8.0,,8.0,,6.0,,6.0,,10.0,,10.0,,1.0,,1.0,,4.0,,4.0,,2.0,,2.0,,5.0,,5.0,,8.0,,8.0,,8.295540057239123,,6.328346111229621,,9.96010608645156,,1.173356798128225,,4.185274946736172,,2.202427100739442,,4.996394200134091,,8.1875,0.061786897480487823,-0.0037152098957449198,0.005670867431035731,0.31830791383981705,0.2335832566022873,0.9682031869888306,0.1340070366859436,0.004937036894261837,0.269418329000473,0.29763543605804443,0.009836182929575443,8192,0.17541512846946716,5.666118144989014,0.016597319394350052,48037888,58750,23456,1466,-4.1533566,0.009579996942193247,0.0072921943239634855,-6.18268775343895,-21.14738,0.0044923084977199325,0.0032097772491397336,-4.717152786254883,,,static,5.577256907506733,6.640120385205856,2.213651572068839,0.0,-77.51787,2679.956657968984,-4.1533566
294,1784880592.5361185,,8.0,,8.0,,6.0,,6.0,,10.0,,10.0,,1.0,,1.0,,4.0,,4.0,,2.0,,2.0,,5.0,,5.0,,8.0,,8.0,,7.767658177297562,,5.798426902212668,,9.78239196818322,,0.9253793864045292,,3.8853691672557034,,2.019076478871284,,4.897391464794055,,8.0,0.01590863987803459,-0.0038950503221713006,0.001457097650927608,0.3182079531252384,0.18654385209083557,1.024195909500122,0.18743996322155,-0.015280691906809807,0.11203188449144363,0.4382554888725281,0.015237856656312943,8192,0.16763976216316223,5.384461879730225,0.019186317920684814,48201728,58924,23536,1471,3.2429757,0.009303645716863684,0.004323009176005144,-6.131101199984551,-36.404976,0.012353893127874471,0.0009120739108766429,-4.748761400580406,,,static,5.864492518483376,5.413423725124728,1.6512524542564817,0.0,-78.23494,2678.743182164067,3.2429757
295,1784880654.6185691,,8.0,,8.0,,6.0,,6.0,,10.0,,10.0,,1.0,,1.0,,4.0,,4.0,,2.0,,2.0,,5.0,,5.0,,8.0,,8.0,,8.474265883560292,,6.297855847980827,,9.952971341088414,,1.1147989218588918,,4.224361386732198,,2.1926586201880127,,4.992146416116157,,8.3125,0.03888070210814476,0.0015975951682776213,0.003743777808267623,0.30962592363357544,0.20258742570877075,0.8271266222000122,0.1621212214231491,0.6153355836868286,0.24724462628364563,0.35055357217788696,0.010705294087529182,8192,0.20466625690460205,5.695194721221924,0.015338683500885963,48365568,59103,23616,1476,2.7710724,0.008393010187137406,0.008005564427003264,-6.1603320151567456,-9.05821,0.004308864189806627,0.00583120334558771,-4.7245271563529965,,,static,6.617339864412441,5.783652857975995,2.188043167486712,0.0,-47.685463,2639.0710805286903,2.7710724
296,1784880715.6504462,,8.0,,8.0,,6.0,,6.0,,10.0,,10.0,,1.0,,1.0,,4.0,,4.0,,2.0,,2.0,,5.0,,5.0,,8.0,,8.0,,7.6629077275283635,,5.779099626408424,,9.674990980653092,,0.8455904772272334,,3.8208926705410704,,1.8336809288011864,,4.797458242857829,,7.9375,0.02294209599494934,-0.0015877110417932272,0.001292082142754225,0.291499350219965,0.20000863075256348,0.9848750829696655,0.17188668251037598,-0.0549841970205307,0.15545064210891724,0.3625507354736328,0.016732288524508476,8192,0.16705593466758728,5.294014930725098,0.027538329362869263,48529408,59281,23696,1481,-22.365322,0.012003672801074571,0.006065550239873119,-6.1628575921058655,-31.31696,0.011740777341765351,0.0032806578572490254,-4.722703960537911,,,static,6.4859003538378985,6.2702177580830565,1.4855753445954707,0.0,-74.145134,2684.4988293519905,-22.365322
297,1784880778.0303774,,8.0,,8.0,,6.0,,6.0,,10.0,,10.0,,1.0,,1.0,,4.0,,4.0,,2.0,,2.0,,5.0,,5.0,,8.0,,8.0,,7.968771493528038,,5.893821829726221,,9.772853114176542,,0.992822508997051,,3.877731117161602,,1.9859009395295288,,4.905390759697184,,8.0,0.0384862944483757,-0.01139690331183374,0.0019140384429192636,0.2811042256653309,0.17217284440994263,0.8192855715751648,0.1359226405620575,-0.14455817639827728,0.16246315836906433,0.4466474950313568,0.019146934151649475,8192,0.16811375319957733,5.424661159515381,0.021295694634318352,48693248,59453,23776,1486,4.4774866,0.008199509834230411,0.006088964711670997,-6.12185093164444,-30.462397,0.010102750794612803,0.00549415847635828,-4.725698679685593,,,static,5.756837032958426,6.223389197933104,2.4473241379809934,0.0,-48.95763,2626.4857518213216,4.4774866
298,1784880839.850332,,8.0,,8.0,,6.0,,6.0,,10.0,,10.0,,1.0,,1.0,,4.0,,4.0,,2.0,,2.0,,5.0,,5.0,,8.0,,8.0,,7.826109544606879,,5.7188379522413015,,9.81102534616366,,0.9632617282331921,,3.87554793045274,,1.9920546263456345,,4.900052268290892,,7.9375,0.006789710372686386,-0.01265612430870533,0.0005567692951444769,0.27413002774119377,0.16057553887367249,0.9924686551094055,0.13755017518997192,0.3757310211658478,0.09040790051221848,0.3052248954772949,0.011521724984049797,8192,0.19127100706100464,5.378048419952393,0.018842460587620735,48857088,59624,23856,1491,3.5321827,0.007508629572839709,0.004594526853179559,-6.051249927282333,-24.58822,0.006674896100594197,0.0025903464542352595,-4.737591087818146,,,static,5.525151470759376,5.555746308383595,2.577328984955796,0.0,-55.897045,2650.276944294635,3.5321827
299,1784880901.3050768,,8.0,,8.0,,6.0,,6.0,,10.0,,10.0,,1.0,,1.0,,4.0,,4.0,,2.0,,2.0,,5.0,,5.0,,8.0,,8.0,,7.909051035356242,,5.889544773497619,,9.781622311566025,,0.9761085688369349,,3.961220462078927,,1.9729057950316928,,4.903383361408487,,7.9375,0.05394383519887924,-0.002823146292939782,0.0030407362173718866,0.26392272114753723,0.21321484446525574,0.9781779050827026,0.22978952527046204,0.24649077653884888,0.1772887408733368,0.3607308566570282,0.013291820883750916,8192,0.18299268186092377,5.416417121887207,0.020646415650844574,49020928,59798,23936,1496,-4.6609697,0.008024970891710836,0.005774648168880958,-6.0002739280462265,-33.66805,0.0069625022370019,0.004869673082430382,-4.725647234916687,,,static,5.872929379464455,5.694950757402523,2.2145104587290034,0.0,-79.857956,2666.0268256519644,-4.6609697
300,1784880963.2482424,,8.0,,8.0,,6.0,,6.0,,10.0,,10.0,,1.0,,1.0,,4.0,,4.0,,2.0,,2.0,,5.0,,5.0,,8.0,,8.0,,7.79364728287328,,5.823215447249822,,9.749753292882815,,0.8225951188651379,,3.993539077579044,,1.933459709980525,,4.896406525251223,,8.0,0.013932536356151104,-0.013630569097585976,0.0031251058680936694,0.25515973940491676,0.1532001793384552,0.7935502529144287,0.10827913135290146,0.163808211684227,0.11148669570684433,0.4096437692642212,0.01081099733710289,8192,0.16370625793933868,5.376576900482178,0.016724472865462303,49184768,59961,24016,1501,12.602231,0.006141892882442335,0.007154683553380892,-5.960654836893082,-17.741707,0.0030629401728219817,0.0026098620728589594,-4.725773191452026,,,static,5.906663887234129,6.568288946765032,2.4800619734398053,0.0,-67.53187,2645.0052418177906,12.602231
301,1784881025.1354187,,8.0,,8.0,,6.0,,6.0,,10.0,,10.0,,1.0,,1.0,,4.0,,4.0,,2.0,,2.0,,5.0,,5.0,,8.0,,8.0,,8.211561124611762,,6.228228627471253,,9.88959395699203,,1.0798348868265748,,4.09842938312795,,2.017174102482386,,4.941008408088237,,8.0,0.02374545857310295,-0.005049595143646002,0.0005366469968066667,0.254333321005106,0.19766533374786377,0.9666247963905334,0.1802198588848114,0.3565458059310913,0.11263803392648697,0.42451590299606323,0.00992562249302864,8192,0.1466953307390213,5.558228969573975,0.011801634915173054,49348608,60122,24096,1506,-7.8657026,0.011403465559124016,0.005659851224481827,-5.9558064341545105,-13.747335,0.006611422555579338,0.000586503143858863,-4.728012686967849,,,static,6.12469422880928,4.903234507114762,2.293614242217136,0.0,-64.93043,2647.3982477386076,-7.8657026
302,1784881086.8627772,,8.0,,8.0,,6.0,,6.0,,10.0,,10.0,,1.0,,1.0,,4.0,,4.0,,2.0,,2.0,,5.0,,5.0,,8.0,,8.0,,8.065490126144141,,6.024074789049337,,9.866641745669767,,0.9770247591695806,,4.018135460675694,,2.0470131831243634,,4.967735800193623,,8.0,0.00035953521728515625,-0.014616922766435891,0.00024122180184349418,0.2525608576834202,0.14406609535217285,0.9629101157188416,0.1275443434715271,-0.1418525129556656,0.06799054145812988,0.3936085104942322,0.007330375257879496,8192,0.18946745991706848,5.495764255523682,0.010918701998889446,49512448,60286,24176,1511,-23.81482,0.013455233952845447,0.0050156328055891205,-5.956827411055565,-26.862255,0.0031075370272446888,0.005573985302180518,-4.751511138677597,,,static,7.454859347514744,5.8051522186970015,2.4969584704757795,0.0,-59.608406,2654.252538282745,-23.81482
303,1784881147.078736,,8.0,,8.0,,6.0,,6.0,,10.0,,10.0,,1.0,,1.0,,4.0,,4.0,,2.0,,2.0,,5.0,,5.0,,8.0,,8.0,,8.065170929185115,,6.157611701579299,,9.890029484406114,,1.0537109198630787,,4.057265970979643,,2.03070556151215,,4.958841389510781,,8.0,0.07660358399152756,-0.022534311399795115,0.007239656864840072,0.2546541169285774,0.10241153836250305,1.0398602485656738,0.06243763491511345,0.1432444155216217,0.2633424997329712,0.47313833236694336,0.006858433596789837,8192,0.1626587212085724,5.52666711807251,0.008733420632779598,49676288,60452,24256,1516,12.739157,0.007062815324752591,0.0048421508370665835,-5.998662295937538,-19.249859,0.001665037761631538,0.0037299215124221518,-4.785273119807243,,,static,5.256182948852729,5.945709062682267,2.861048522809538,0.0,-80.261856,2720.8733972087653,12.739157
304,1784881209.102542,,8.0,,8.0,,6.0,,6.0,,10.0,,10.0,,1.0,,1.0,,4.0,,4.0,,2.0,,2.0,,5.0,,5.0,,8.0,,8.0,,8.05915336497128,,6.123511448968202,,9.94931692944374,,0.9950195428100415,,3.968433954869397,,2.037663393013645,,4.960456354536291,,8.0,0.018692757934331894,-0.017008742375764996,0.0006776419140805956,0.24336287006735802,0.11979600787162781,0.8663146495819092,0.07454408705234528,0.005074804648756981,0.08848708122968674,0.34479737281799316,0.00559877697378397,8192,0.13723668456077576,5.511693954467773,0.010748093016445637,49840128,60613,24336,1521,12.928792,0.007222768140491098,0.006974324001203058,-5.956574335694313,-18.301003,0.0018986393246450462,0.004359708619995217,-4.846378469467163,,,static,5.954185139661341,7.004105646046398,2.1600415770469854,0.0,-62.63871,2641.5664154383308,12.928792
305,1784881259.4641273,,8.0,,8.0,,6.0,,6.0,,10.0,,10.0,,1.0,,1.0,,4.0,,4.0,,2.0,,2.0,,5.0,,5.0,,8.0,,8.0,,8.073640071059344,,6.065990070521366,,9.919513235101476,,0.9692287150828633,,4.05425126751652,,2.03631766338367,,4.940909632801777,,8.0,0.09084408730268478,-0.003936567634809762,0.008102771629637573,0.24596774578094482,0.15901558101177216,0.7332160472869873,0.12534752488136292,-0.11251133680343628,0.28242170810699463,0.2387176752090454,0.006667845882475376,8192,0.15624256432056427,5.507481098175049,0.02514130063354969,49971200,60749,24400,1525,13.108284,0.006208488739503082,0.005253641298622824,-5.903228521347046,-17.88202,0.006929534103255719,0.004719086029945174,-4.84662367105484,,,static,5.433504518746292,6.361041862043081,2.864330208414424,0.0,-53.838726,3253.273434327544,13.108284
