# _tick,_time,plr_track_ground_roughness,track_ground_roughness,plr_track_student_ground_roughness,track_student_ground_roughness,plr_track_pit_gap_low,track_pit_gap_low,plr_track_student_pit_gap_low,track_student_pit_gap_low,plr_track_pit_gap_high,track_pit_gap_high,plr_track_student_pit_gap_high,track_student_pit_gap_high,plr_track_stump_height_low,track_stump_height_low,plr_track_student_stump_height_low,track_student_stump_height_low,plr_track_stump_height_high,track_stump_height_high,plr_track_student_stump_height_high,track_student_stump_height_high,plr_track_stair_height_low,track_stair_height_low,plr_track_student_stair_height_low,track_student_stair_height_low,plr_track_stair_height_high,track_stair_height_high,plr_track_student_stair_height_high,track_student_stair_height_high,plr_track_stair_steps,track_stair_steps,plr_track_student_stair_steps,track_student_stair_steps,plr_track_ued_ground_roughness,track_ued_ground_roughness,plr_track_ued_pit_gap_low,track_ued_pit_gap_low,plr_track_ued_pit_gap_high,track_ued_pit_gap_high,plr_track_ued_stump_height_low,track_ued_stump_height_low,plr_track_ued_stump_height_high,track_ued_stump_height_high,plr_track_ued_stair_height_low,track_ued_stair_height_low,plr_track_ued_stair_height_high,track_ued_stair_height_high,plr_track_ued_stair_steps,track_ued_stair_steps,mean_env_return,adversary_env_pg_loss,adversary_env_value_loss,adversary_env_dist_entropy,dces_l_pi,dces_l_delta,dces_l_tot,dces_q_delta,dces_q_delta_std,dces_w1,dces_w2,dces_buf,dces_c_std,dces_c_absmean,dces_reg_std,steps,total_episodes,total_seeds,total_student_grad_updates,mean_agent_return,agent_value_loss,agent_pg_loss,agent_dist_entropy,mean_adversary_agent_return,adversary_value_loss,adversary_pg_loss,adversary_dist_entropy,kl_loss_advagent_agent,kl_loss_agent_advagent,dps_lambda_skill,dps_lambda_target,dps_mode,agent_grad_norm,adversary_grad_norm,adversary_env_grad_norm,solved_rate:BipedalWalker-MADS-Hard-Eval-v0,test_returns:BipedalWalker-MADS-Hard-Eval-v0,sps,target_agent_return
0,1784820027.7686682,,8.0,,8.0,,6.0,,6.0,,10.0,,10.0,,1.0,,1.0,,4.0,,4.0,,2.0,,2.0,,5.0,,5.0,,8.0,,8.0,,8.353208315558732,,6.436254817061126,,9.88927197479643,,1.133960930223111,,4.235766967060044,,2.1557370228110813,,4.866672929842025,,8.4375,0.0008498970419168472,-0.0021989312954247,0.009791390788450371,1.417101576924324,1.0133405923843384,0.0,1.1409748792648315,-0.22992664575576782,0.0021694228053092957,0.7533129453659058,0.6413717269897461,16,0.3921191990375519,5.688547134399414,0.1314454972743988,32768,91,16,1,-154.24796,0.08916901531629265,-0.0037259928227285854,5.6791583776474,-128.30234,0.15100824986584485,-0.0024467003662721255,5.666626280546188,,,0.95,0.9,none,0.35443937328839104,0.37158794835364917,0.7456571038071866,0.0,-173.86194,1742.7758682789104,-154.24796
1,1784820099.4124753,,8.0,,8.0,,6.0,,6.0,,10.0,,10.0,,1.0,,1.0,,4.0,,4.0,,2.0,,2.0,,5.0,,5.0,,8.0,,8.0,,7.332961955849896,,5.65930512920022,,9.591721687931567,,0.7774269771762192,,3.7051475077169016,,1.7500900188460946,,4.702210901072249,,7.4375,0.0005576435942202806,0.0006986818043515086,0.0013628999467982794,1.41101099178195,0.9648619890213013,0.9360319972038269,0.9578596353530884,-0.016821416094899178,0.001405581017024815,0.7233496904373169,0.6134582161903381,96,0.32492735981941223,5.119544982910156,0.04179736226797104,196608,409,96,6,-114.97066,0.03770240576122887,-0.004973491683631437,5.6396765321493145,-129.6735,0.025786718062590808,-0.003266067908407422,5.651415544748306,,,0.95,0.9,none,0.3031238414696991,0.3182093671493962,0.6498533349358993,0.0,-119.18274,2286.8691622025462,-114.97066
2,1784820170.958049,,8.0,,8.0,,6.0,,6.0,,10.0,,10.0,,1.0,,1.0,,4.0,,4.0,,2.0,,2.0,,5.0,,5.0,,8.0,,8.0,,7.553943618549965,,6.124605353921652,,9.586146441288292,,0.8874058261280879,,3.9803247194504365,,1.7396572018042207,,4.78215460292995,,7.6875,0.000820100074633956,-0.006675649667158723,0.0013805357320961775,1.4042076617479324,0.9333109855651855,0.9346340298652649,0.8810315728187561,-0.008030824363231659,0.0022215787321329117,0.8339313268661499,0.5816629528999329,176,0.37495824694633484,5.292716979980469,0.027691369876265526,360448,689,176,11,-115.0139,0.057356082485057414,-0.0028531427815323696,5.5640554368495945,-134.72774,0.026419584517134352,-0.002929141165805049,5.573071938753128,,,0.95,0.9,none,0.36328418308421645,0.38778502682321164,0.6646570800731022,0.0,-113.80178,2290.0085381265135,-115.0139
3,1784820243.958301,,8.0,,8.0,,6.0,,6.0,,10.0,,10.0,,1.0,,1.0,,4.0,,4.0,,2.0,,2.0,,5.0,,5.0,,8.0,,8.0,,8.050595213193446,,6.093752345419489,,9.554962542839348,,0.8960723423260788,,3.8819875903136563,,1.9066551750293002,,4.798674834019039,,7.9375,0.0015197746688500047,-0.0026505343848839402,0.002653366347658448,1.4010697975754738,0.8730553984642029,0.9331403970718384,0.7457854151725769,0.012682782486081123,0.0040370998904109,1.1039628982543945,0.5493428707122803,256,0.3982335925102234,5.3900251388549805,0.019158408045768738,524288,918,256,16,-116.13928,0.02386973777320236,-0.00478075351275038,5.404693812131882,-146.08861,0.012228365219198168,-0.0027857572073116898,5.356015303730965,,,0.95,0.9,none,0.3605332682279817,0.4327903734006554,0.8438805618672893,0.0,-127.25763,2244.376145794445,-116.13928
4,1784820315.8763828,,8.0,,8.0,,6.0,,6.0,,10.0,,10.0,,1.0,,1.0,,4.0,,4.0,,2.0,,2.0,,5.0,,5.0,,8.0,,8.0,,7.132790910080075,,5.114915740676224,,9.094747314229608,,0.5962194539606571,,3.531599184498191,,1.5357781080529094,,4.578052247874439,,7.1875,0.0010428521782159805,0.00018871092470362782,0.10793985187774524,1.4036887995898724,0.8772001266479492,0.9304739832878113,0.7983124852180481,-0.024825148284435272,0.0032804037909954786,1.5521297454833984,0.5247381329536438,336,0.1778813749551773,4.846450328826904,0.022043248638510704,688128,1090,336,21,-119.39661,0.022269363852683455,-0.004284870134142693,5.219802752137184,-124.14951,0.012996240422944538,-0.002937385607219767,5.069897237420082,,,0.95,0.9,none,0.40819228362670035,0.4364849725470304,1.7167555136693537,0.0,-109.13684,2278.1475442177725,-119.39661
5,1784820390.3653548,,8.0,,8.0,,6.0,,6.0,,10.0,,10.0,,1.0,,1.0,,4.0,,4.0,,2.0,,2.0,,5.0,,5.0,,8.0,,8.0,,8.162574890069664,,6.214206780306995,,9.55717327306047,,1.0448232027702034,,3.8173835061024874,,2.1298207970976364,,4.921092705102637,,8.125,0.004752282053232193,-0.007839918427634984,0.011266524888924323,1.416697919368744,0.8018350005149841,0.924949586391449,0.6377588510513306,0.03935997560620308,0.013388766907155514,1.6800615787506104,0.5018821954727173,416,0.41861653327941895,5.496509075164795,0.01571166329085827,851968,1259,416,26,-134.40321,0.020758396340534092,-0.0029969162475026677,5.009096184372902,-116.73877,0.012684468648512848,-0.0022683916868118104,4.7983432680368425,,,0.95,0.9,none,0.47956876740295745,0.4752927443637892,0.9538789349709036,0.0,-124.948746,2199.5203823210886,-134.40321
6,1784820462.6802447,,8.0,,8.0,,6.0,,6.0,,10.0,,10.0,,1.0,,1.0,,4.0,,4.0,,2.0,,2.0,,5.0,,5.0,,8.0,,8.0,,8.308813112555072,,6.453859857283533,,9.756083296844736,,1.272541872691363,,4.1914732228033245,,2.181882253382355,,4.918911708053201,,8.25,0.004036443307995796,0.0006253021419979632,0.05451710656052455,1.4227723143994808,0.8052963614463806,0.916094958782196,0.652610719203949,-0.022165939211845398,0.010921650566160679,1.660546064376831,0.47501951456069946,496,0.41218411922454834,5.666696071624756,0.019685741513967514,1015808,1432,496,31,-105.01109,0.012705200994969346,-0.0020322581338405145,4.742249754071236,-111.289406,0.013962469826219603,-0.0027834558932227083,4.557362279295921,,,0.95,0.9,none,0.555785857570309,0.4945854235133572,1.2185175679077311,0.0,-108.09121,2265.6463705567676,-105.01109
7,1784820532.1881726,,8.0,,8.0,,6.0,,6.0,,10.0,,10.0,,1.0,,1.0,,4.0,,4.0,,2.0,,2.0,,5.0,,5.0,,8.0,,8.0,,7.733465626835823,,5.804549332009628,,9.76649939082563,,0.9790640622377396,,3.918367960723117,,1.9510867893695831,,4.852115713641979,,8.125,0.016558922827243805,-0.005418851797003299,0.09649483399698511,1.4248485043644905,0.7057051658630371,0.9109996557235718,0.577186644077301,-0.03268357738852501,0.04328377544879913,1.8372212648391724,0.45002761483192444,576,0.39598244428634644,5.391269207000732,0.01976552978157997,1179648,1594,576,36,-100.44226,0.009348480583867058,-0.0029252868524054067,4.489529946446419,-111.65021,0.01674476254847832,-0.0022447245100920554,4.318875977396965,,,0.95,0.9,none,0.611747179020747,0.5614207269725595,1.5959551122434785,0.0,-97.46145,2357.1429411044414,-100.44226
8,1784820606.1637728,,8.0,,8.0,,6.0,,6.0,,10.0,,10.0,,1.0,,1.0,,4.0,,4.0,,2.0,,2.0,,5.0,,5.0,,8.0,,8.0,,8.26898050843738,,5.898385733831674,,9.947925939457491,,0.9278667187318206,,3.981088547196123,,1.8843644112348557,,4.926543539855629,,8.125,0.014725831337273121,-0.00101206119870767,0.004767831433127867,1.4269766435027122,0.6176314353942871,0.9487379193305969,0.4981606900691986,-0.031231556087732315,0.03873566910624504,1.6701568365097046,0.4673401117324829,656,0.39774200320243835,5.495019435882568,0.022298716008663177,1343488,1768,656,41,-94.81065,0.010711291784537025,-0.002112699926510686,4.226529449224472,-121.3589,0.017345474613830448,-0.001889291309635155,4.056104293465614,,,0.95,0.9,none,0.6480868632507214,0.6213944501199918,0.7648156004451925,0.0,-111.235245,2214.7829113954754,-94.81065
9,1784820676.5077362,,8.0,,8.0,,6.0,,6.0,,10.0,,10.0,,1.0,,1.0,,4.0,,4.0,,2.0,,2.0,,5.0,,5.0,,8.0,,8.0,,8.596339853247628,,6.256427600281313,,9.923603933304548,,1.1625093279290013,,4.201558414497413,,2.251053770305589,,4.935488007031381,,8.5625,0.0078108771704137325,0.00040414079558104277,0.0034023302723653615,1.4312197118997574,0.6499923467636108,0.8904755115509033,0.6030629873275757,-0.0934085100889206,0.02313658781349659,1.4869966506958008,0.41979166865348816,736,0.35745126008987427,5.736185073852539,0.02295548841357231,1507328,1946,736,46,-82.23278,0.008064191768062301,-0.0025257458983105607,3.8903331220149995,-109.1687,0.017951963184168564,-0.001913958143995842,3.836299440264702,,,0.95,0.9,none,0.6949789539661173,0.6551329093175723,0.6781555287829972,0.0,-92.40975,2329.1264621179316,-82.23278
10,1784820747.3995802,,8.0,,8.0,,6.0,,6.0,,10.0,,10.0,,1.0,,1.0,,4.0,,4.0,,2.0,,2.0,,5.0,,5.0,,8.0,,8.0,,7.726546938356478,,5.9020595288602635,,9.611328146245796,,0.742180886445567,,3.8991198299918324,,1.9669522687327117,,4.861832239897922,,8.0625,0.025642499327659607,-0.006654405558947474,0.005615780501102563,1.4394176937639713,0.6851336359977722,0.8972815871238708,0.5991463661193848,-0.19951984286308289,0.07009631395339966,1.2049446105957031,0.4049695134162903,816,0.41571611166000366,5.346564769744873,0.032670196145772934,1671168,2149,816,51,-77.35066,0.009183449303964152,-0.0018401509776595048,3.5921132296323774,-111.127686,0.029113190050702543,-0.0015197372995316982,3.6722895041108132,,,0.95,0.9,none,0.824311604493219,0.6958032249041339,0.801691561023205,0.0,-89.81868,2311.1290723682996,-77.35066
11,1784820818.8422062,,8.0,,8.0,,6.0,,6.0,,10.0,,10.0,,1.0,,1.0,,4.0,,4.0,,2.0,,2.0,,5.0,,5.0,,8.0,,8.0,,7.708837022073567,,5.566196431871504,,9.588398412335664,,0.7448798504192382,,3.8767926832661033,,1.815772907313658,,4.844265599735081,,7.75,0.05685850977897644,-0.008399182872381061,0.023775906796799973,1.4444439485669136,0.610543966293335,0.9197172522544861,0.4982137978076935,-0.021900735795497894,0.15659849345684052,1.417633295059204,0.31271785497665405,896,0.4191957414150238,5.2368927001953125,0.03739962354302406,1835008,2327,896,56,-72.25951,0.006639281460957136,-0.0021512688923394307,3.2602639183402062,-107.769615,0.021835161017952485,-0.002066131523315562,3.4945994541049004,,,0.95,0.9,none,0.8789522510178367,0.7539483197628034,1.0341984243248044,0.0,-83.29838,2293.30618510599,-72.25951
12,1784820888.7817507,,8.0,,8.0,,6.0,,6.0,,10.0,,10.0,,1.0,,1.0,,4.0,,4.0,,2.0,,2.0,,5.0,,5.0,,8.0,,8.0,,8.479784501949325,,6.7348792841658,,10.0,,1.2154316417872906,,4.228690495714545,,2.293660926166922,,4.941140186972916,,8.75,0.025044642388820648,-0.007371915155090392,0.00030576161816497915,1.4475847519934177,0.536663830280304,0.8857608437538147,0.42484766244888306,0.08504526317119598,0.06432222574949265,1.1402031183242798,0.345082551240921,976,0.2808366119861603,5.830448150634766,0.02632109820842743,1998848,2502,976,61,-66.68194,0.00765854810597375,-0.001159069104323862,2.97189339697361,-107.25716,0.022156241332413628,-0.0012690941235632635,3.2948323860764503,,,0.95,0.9,none,0.9559953150633724,0.7559195946418605,0.9586468228249265,0.0,-88.27273,2342.5947009758775,-66.68194
13,1784820960.208551,,8.0,,8.0,,6.0,,6.0,,10.0,,10.0,,1.0,,1.0,,4.0,,4.0,,2.0,,2.0,,5.0,,5.0,,8.0,,8.0,,7.2356031984090805,,5.422778572887182,,9.354354773182422,,0.7084963601082563,,3.6353849144652486,,1.5816484661772847,,4.683914505701978,,7.5,0.038962461054325104,0.0006927906069904566,0.0006301969851847389,1.4586756117641926,0.6198025345802307,0.9021651148796082,0.5562349557876587,0.13054515421390533,0.10523977130651474,1.0563808679580688,0.3146733045578003,1056,0.3215745687484741,5.01527214050293,0.021391836926341057,2162688,2681,1056,66,-68.10527,0.00945664879254764,-0.0019977844327513593,2.6784282654523848,-102.12785,0.01957738446071744,-0.0021351700692321175,3.1099344313144686,,,0.95,0.9,none,0.9380333202496282,0.7639383720557861,0.7905030375386373,0.0,-88.991356,2293.816427232787,-68.10527
14,1784821032.855681,,8.0,,8.0,,6.0,,6.0,,10.0,,10.0,,1.0,,1.0,,4.0,,4.0,,2.0,,2.0,,5.0,,5.0,,8.0,,8.0,,7.964400071185082,,5.892811232013628,,9.702082401141524,,1.2251317186746746,,4.12700136913918,,2.034268480259925,,4.893455082084984,,8.3125,0.06615953147411346,-0.0049033984541893005,0.0075191509604337625,1.467762865126133,0.58179771900177,0.9631555676460266,0.5317201614379883,-0.043228913098573685,0.17346873879432678,1.1252524852752686,0.25906363129615784,1136,0.42560771107673645,5.518956184387207,0.040899455547332764,2326528,2856,1136,71,-64.01002,0.010278947430197149,-0.0015422808639414143,2.4347666651010513,-91.923584,0.021618416480487214,-0.0026124217692995444,2.8671345591545103,,,0.95,0.9,none,1.0381745213929359,0.8264986791142699,0.7125807901394069,0.0,-104.73946,2255.285444654013,-64.01002
15,1784821105.164098,,8.0,,8.0,,6.0,,6.0,,10.0,,10.0,,1.0,,1.0,,4.0,,4.0,,2.0,,2.0,,5.0,,5.0,,8.0,,8.0,,7.946035369997844,,5.831816956866533,,9.61068106815219,,1.0266108232317492,,3.9550425165798515,,2.079780452651903,,4.90803633199539,,7.6875,0.05415596812963486,-0.004016165970824659,0.0020326963131083176,1.4790240116417408,0.5094341039657593,0.8889462351799011,0.39879992604255676,-0.13047367334365845,0.12406453490257263,1.103071928024292,0.22355863451957703,1216,0.43399524688720703,5.380688190460205,0.0179787278175354,2490368,3019,1216,76,-55.126892,0.007894948858302086,-0.0004467624254175462,2.203260028362274,-78.6202,0.00954871417779941,-0.0014437005840591155,2.626725894212723,,,0.95,0.9,none,1.2129514356388922,0.889573849017814,0.5760840072468738,0.0,-87.061874,2265.8503051878306,-55.126892
16,1784821177.8680074,,8.0,,8.0,,6.0,,6.0,,10.0,,10.0,,1.0,,1.0,,4.0,,4.0,,2.0,,2.0,,5.0,,5.0,,8.0,,8.0,,8.444383662194014,,6.419974364805967,,9.63265804760158,,1.2362065389752388,,3.9140123657416552,,1.9398160297423601,,4.918671666295268,,8.1875,0.03717426955699921,-0.01987155753886327,0.027189703978365287,1.4915938414633274,0.44645625352859497,0.8777440786361694,0.3162181079387665,0.340091347694397,0.10463967174291611,0.8725217580795288,0.2187580019235611,1296,0.4257242977619171,5.586652755737305,0.01970273070037365,2654208,3198,1296,81,-57.51886,0.013230711597134358,6.398381665349007e-05,1.9874125711619854,-76.028,0.010913355779484846,-0.002299589480389841,2.44726190418005,,,0.95,0.9,none,1.1783515739301338,0.8996335369563446,0.9959042990746442,0.0,-88.054886,2253.5235379291044,-57.51886
17,1784821246.2798474,,8.0,,8.0,,6.0,,6.0,,10.0,,10.0,,1.0,,1.0,,4.0,,4.0,,2.0,,2.0,,5.0,,5.0,,8.0,,8.0,,8.262458135490306,,6.1864265106851235,,9.779611825942993,,1.1272028684616089,,4.06055316561833,,1.929733727592975,,4.910365611314774,,7.9375,0.07143492251634598,-0.0022760388674214482,0.0460838909202721,1.4926713332533836,0.5541131496429443,0.9311409592628479,0.46372273564338684,-0.008631945587694645,0.18056927621364594,0.8570607900619507,0.1885956972837448,1376,0.43324029445648193,5.524231433868408,0.044883642345666885,2818048,3387,1376,86,-52.596214,0.010437786666443571,-0.0008940548548707738,1.7910060904920102,-86.26838,0.018669723108178004,-0.0005148127529537305,2.2890982627868652,,,0.95,0.9,none,1.337596734299971,0.9440364728366628,1.144194648422333,0.0,-78.594574,2394.9067379015596,-52.596214
18,1784821313.681613,,8.0,,8.0,,6.0,,6.0,,10.0,,10.0,,1.0,,1.0,,4.0,,4.0,,2.0,,2.0,,5.0,,5.0,,8.0,,8.0,,7.549759487097617,,6.330085498047993,,9.535400392487645,,0.9565286576980725,,3.934327251277864,,1.7911660340614617,,4.833599975332618,,8.0,0.0580066554248333,-0.005961375893093646,0.024495830904925242,1.5008291713893414,0.5776967406272888,0.8849286437034607,0.5125463604927063,-0.009030615910887718,0.15501581132411957,0.7907935380935669,0.18591514229774475,1456,0.4178731143474579,5.366357803344727,0.024864831939339638,2981888,3585,1456,91,-48.622433,0.01068935405346565,0.0015506177966017275,1.5924712769687175,-87.25886,0.018333743076073005,-0.001367579605721403,2.1466251105070113,,,0.95,0.9,none,1.3976224167708275,1.1172541018348485,0.9321841291060173,0.0,-77.7563,2430.796894202791,-48.622433
19,1784821383.154493,,8.0,,8.0,,6.0,,6.0,,10.0,,10.0,,1.0,,1.0,,4.0,,4.0,,2.0,,2.0,,5.0,,5.0,,8.0,,8.0,,7.590862317476422,,5.773168329382315,,9.44992168340832,,0.7511974149383605,,3.7453389102593064,,1.7699343707063235,,4.760758842341602,,7.625,0.04419202357530594,-0.006147512933239341,0.007799667371727992,1.5138394944369793,0.5161628127098083,0.8229882717132568,0.479111909866333,-0.09916108846664429,0.11442776769399643,0.7537105083465576,0.17372402548789978,1536,0.4338369071483612,5.183272361755371,0.031134039163589478,3145728,3780,1536,96,-46.158455,0.012494064657948912,0.0007169777687522583,1.4475863844156265,-76.90971,0.0205156406853348,-0.0016406676353653894,1.9842418991029263,,,0.95,0.9,none,1.396295320329545,0.9408175547725482,0.6059935408457975,0.0,-98.95023,2358.330900464494,-46.158455
20,1784821452.2600126,,8.0,,8.0,,6.0,,6.0,,10.0,,10.0,,1.0,,1.0,,4.0,,4.0,,2.0,,2.0,,5.0,,5.0,,8.0,,8.0,,7.197373429313302,,5.509658421331551,,9.421431357041001,,0.8119778400287032,,3.6259655649773777,,1.7665079415310174,,4.6637908248230815,,7.1875,0.09479352831840515,-0.001021660747937858,0.004543646078673191,1.517774324864149,0.5484074950218201,0.8633043169975281,0.48320114612579346,0.3160383701324463,0.22219344973564148,0.6867681741714478,0.1604640632867813,1616,0.3210850656032562,5.0230255126953125,0.046240586787462234,3309568,3968,1616,101,-39.21486,0.00831030643748818,-0.0001981746027013287,1.2615830600261688,-92.73846,0.022752868529642,-0.0001793263858417049,1.8248621866106987,,,0.95,0.9,none,1.3978972585612477,1.0846470413248117,0.4762642630914377,0.0,-78.127914,2370.8664836491753,-39.21486
21,1784821522.551617,,8.0,,8.0,,6.0,,6.0,,10.0,,10.0,,1.0,,1.0,,4.0,,4.0,,2.0,,2.0,,5.0,,5.0,,8.0,,8.0,,8.206732143647969,,6.0390271111391485,,9.727863354608417,,1.2551755214226432,,4.1707567882258445,,2.102457809727639,,4.971553240902722,,8.375,0.04883350059390068,-0.0007676670211367309,0.004581789682561066,1.5309379398822784,0.46357014775276184,0.882916271686554,0.3715125024318695,-0.10079920291900635,0.12283941358327866,0.987286388874054,0.13695642352104187,1696,0.4141876995563507,5.606070518493652,0.02501867152750492,3473408,4157,1696,106,-33.301613,0.006122765570762567,-0.0002784389092994388,1.094837088137865,-84.32642,0.015488621802069247,0.0001394510458339937,1.6255619399249555,,,0.95,0.9,none,1.4983940155239612,1.1861413137124852,0.6925418477782919,0.0,-69.49475,2330.861662644473,-33.301613
22,1784821590.7706015,,8.0,,8.0,,6.0,,6.0,,10.0,,10.0,,1.0,,1.0,,4.0,,4.0,,2.0,,2.0,,5.0,,5.0,,8.0,,8.0,,8.173342043533921,,6.4664515713229775,,9.868757384829223,,1.2190605888608843,,4.140076214098372,,2.387012121733278,,4.930854269303381,,8.5625,0.03150305896997452,-0.00514493667287752,0.003422184732698952,1.5262402929365635,0.5470746755599976,0.8927803039550781,0.4724110960960388,0.057216063141822815,0.08490608632564545,0.9103922843933105,0.12707370519638062,1776,0.3746235966682434,5.718506336212158,0.02275470644235611,3637248,4334,1776,111,-34.282196,0.00621215130231576,0.00041328235383844005,0.8943705588579178,-69.68596,0.012320372331305406,-7.337095375987701e-05,1.4499780371785165,,,0.95,0.9,none,1.5290713162303395,1.3054771153212772,0.5917255340560524,0.0,-70.22649,2401.6770494764964,-34.282196
23,1784821661.1580076,,8.0,,8.0,,6.0,,6.0,,10.0,,10.0,,1.0,,1.0,,4.0,,4.0,,2.0,,2.0,,5.0,,5.0,,8.0,,8.0,,7.674097026465461,,5.748765499331057,,9.622894457541406,,0.8582240180112422,,3.8557563008507714,,1.999656199477613,,4.851673007244244,,7.6875,0.01917882263660431,-0.0004730172804556787,0.0002857236436284438,1.5264659188687801,0.44988831877708435,0.9356600046157837,0.29320985078811646,-0.10386785864830017,0.050087820738554,0.8496255278587341,0.12705165147781372,1856,0.4567263126373291,5.287320613861084,0.026163708418607712,3801088,4508,1856,116,-30.212025,0.006522410518664401,0.0005581571665970841,0.6595157667994499,-76.49312,0.016335868628812023,-0.0011374027359124738,1.237098401784897,,,0.95,0.9,none,1.6028078049591472,1.1524463463047343,0.42090201417866424,0.0,-76.18071,2327.6898381492765,-30.212025
24,1784821729.0385458,,8.0,,8.0,,6.0,,6.0,,10.0,,10.0,,1.0,,1.0,,4.0,,4.0,,2.0,,2.0,,5.0,,5.0,,8.0,,8.0,,7.677095458842814,,5.674917410127819,,9.715616032481194,,0.9780505197122693,,3.8896568724885583,,1.8937224042601883,,4.729863289278001,,7.625,0.02340114489197731,-0.0018734880140982568,0.034380189317744225,1.52622439712286,0.551997184753418,0.91837078332901,0.5222804546356201,0.0777120292186737,0.06972985714673996,0.8678930401802063,0.12415865808725357,1936,0.4254430830478668,5.2729902267456055,0.01097448356449604,3964928,4675,1936,121,-25.421766,0.006903511856216937,-0.0001625125136342831,0.46893723737448456,-56.819756,0.005628731583419722,-0.0012623483838979156,1.077062003314495,,,0.95,0.9,none,1.682340462576763,1.4255077577841408,1.0155757755592294,0.0,-80.64954,2413.6504255560003,-25.421766
25,1784821799.0029051,,8.0,,8.0,,6.0,,6.0,,10.0,,10.0,,1.0,,1.0,,4.0,,4.0,,2.0,,2.0,,5.0,,5.0,,8.0,,8.0,,8.76593922264874,,6.507959168986417,,9.880897678434849,,1.3195886585162953,,4.1742660026066005,,2.252228588797152,,4.954113287851214,,8.8125,0.01978432945907116,-0.003084409749135375,0.0014831628750471282,1.5270268246531487,0.5075610876083374,0.8920791149139404,0.37538525462150574,0.08884696662425995,0.05403667688369751,0.8770551681518555,0.12324228137731552,2016,0.3088151216506958,5.833436489105225,0.021064797416329384,4128768,4857,2016,126,-29.476389,0.005709577056404669,0.0003709308279212564,0.2795045655220747,-69.82211,0.013620762480422854,-0.000694386834220495,0.8627863831818103,,,0.95,0.9,none,1.8134851002200811,1.5248271214329916,0.4644403863364062,0.0,-56.801765,2341.763949381738,-29.476389
26,1784821866.729665,,8.0,,8.0,,6.0,,6.0,,10.0,,10.0,,1.0,,1.0,,4.0,,4.0,,2.0,,2.0,,5.0,,5.0,,8.0,,8.0,,8.132369122467935,,5.9958302297163755,,9.726856763474643,,0.906904760748148,,3.9238375193963293,,2.085518353676889,,4.795466033741832,,8.125,0.040966425091028214,-0.0010988902649842203,0.0055315890203928575,1.5288842841982841,0.5584151744842529,0.9095056056976318,0.4647864103317261,0.02274366095662117,0.10008087009191513,0.7243269681930542,0.12089110910892487,2096,0.4415624737739563,5.461472988128662,0.02503872476518154,4292608,5058,2096,131,-19.149254,0.00564139555717702,0.00021064730317448265,0.1307278148829937,-74.15556,0.012743458873592317,-0.0007155786042858381,0.7488780453801155,,,0.95,0.9,none,1.8021808483100024,1.627936797454376,0.5213126608291083,0.0,-73.53352,2419.1323257033637,-19.149254
27,1784821935.8037984,,8.0,,8.0,,6.0,,6.0,,10.0,,10.0,,1.0,,1.0,,4.0,,4.0,,2.0,,2.0,,5.0,,5.0,,8.0,,8.0,,7.924127096659504,,5.9761835457757115,,9.89505918417126,,1.0370879822294228,,4.185143313370645,,2.0602382346405648,,4.883740632794797,,8.1875,0.039638109505176544,-0.006307554896920919,0.009531366238661576,1.5309809520840645,0.5587232112884521,0.8064634203910828,0.5047240257263184,0.07637667655944824,0.10459049791097641,0.8656536340713501,0.10142122209072113,2176,0.4200863540172577,5.518634796142578,0.03133489936590195,4456448,5243,2176,136,-21.924976,0.007052142734755762,0.0010837671652552672,-0.01724111884832382,-58.089333,0.016568145900964736,-0.0014914276704075745,0.5812129464000464,,,0.95,0.9,none,1.889164921556936,1.55056214457537,0.6577143525624417,0.0,-85.12348,2371.94427615677,-21.924976
28,1784822006.3928542,,8.0,,8.0,,6.0,,6.0,,10.0,,10.0,,1.0,,1.0,,4.0,,4.0,,2.0,,2.0,,5.0,,5.0,,8.0,,8.0,,8.402429620851763,,5.939443922135979,,9.748415052890778,,1.059068564325571,,4.000214306404814,,2.144820072222501,,4.805922618863406,,8.125,0.06891937553882599,-0.004924710199702531,0.017722315358696505,1.5346466563642025,0.6340802907943726,0.8746339678764343,0.5858032703399658,0.28822723031044006,0.1801857054233551,0.8145086765289307,0.10759031772613525,2256,0.4494679868221283,5.528163909912109,0.041183967143297195,4620288,5439,2256,141,-15.425374,0.005830502109893132,0.0018476586643373593,-0.1906041787005961,-88.91194,0.03389214260969311,-0.0012619404631550423,0.4382723541930318,,,0.95,0.9,none,2.1214159595015207,1.4730674293137218,0.8047302514819435,0.0,-86.90029,2321.0434717674243,-15.425374
29,1784822076.269577,,8.0,,8.0,,6.0,,6.0,,10.0,,10.0,,1.0,,1.0,,4.0,,4.0,,2.0,,2.0,,5.0,,5.0,,8.0,,8.0,,7.659159762552008,,5.386674565728754,,9.42400440433994,,0.9292812645435333,,3.738889209460467,,1.5810392713174224,,4.653711994178593,,7.25,0.09899581223726273,-0.006265755218919367,0.07495247334009036,1.545764435082674,0.5689363479614258,0.8298113346099854,0.48346754908561707,0.1319047063589096,0.23388458788394928,0.8378449082374573,0.10401687026023865,2336,0.3494729697704315,5.077845096588135,0.024324677884578705,4784128,5616,2336,146,-17.690271,0.006117047119187191,0.0010496569964743685,-0.3138417584821582,-73.82916,0.012684002134483308,0.00010912961151916533,0.37341471388936043,,,0.95,0.9,none,1.9348648475802683,1.683657372478643,1.2949730169464662,0.0,-65.13265,2344.6969615963994,-17.690271
30,1784822146.9239426,,8.0,,8.0,,6.0,,6.0,,10.0,,10.0,,1.0,,1.0,,4.0,,4.0,,2.0,,2.0,,5.0,,5.0,,8.0,,8.0,,7.71769630513154,,5.7427010126411915,,9.667123310267925,,0.8929371793055907,,3.888663458987139,,1.7040150065440685,,4.754170650790911,,7.75,0.035285286605358124,-0.0037005498306825757,0.017098472868383396,1.5468558184802532,0.4823751151561737,0.8479834198951721,0.3262692987918854,0.07090875506401062,0.09017013758420944,0.7493481636047363,0.1135149821639061,2416,0.4217146337032318,5.2646636962890625,0.02889050915837288,4947968,5799,2416,151,-22.001545,0.0076407034721341915,0.001154511769709643,-0.4089411860331893,-80.73586,0.02448626928962767,-0.0006703558698063717,0.2632134372368455,,,0.95,0.9,none,2.0211072691007415,1.6109542770500718,0.8094148693595407,0.0,-72.12607,2318.894026810905,-22.001545
31,1784822218.2736146,,8.0,,8.0,,6.0,,6.0,,10.0,,10.0,,1.0,,1.0,,4.0,,4.0,,2.0,,2.0,,5.0,,5.0,,8.0,,8.0,,8.48407950764522,,6.416160478722304,,9.847714284434915,,1.2647200711071491,,4.263211876153946,,2.1497074753569905,,4.919137046672404,,8.5,0.03907395526766777,-0.0007314722170121968,0.03496319537225645,1.5596830435097218,0.4533138573169708,0.8510057330131531,0.31112098693847656,-0.21183857321739197,0.09649170935153961,1.1539623737335205,0.09997323155403137,2496,0.37202268838882446,5.730591297149658,0.018523337319493294,5111808,5985,2496,156,-25.084078,0.009220878148335032,0.001472425249812659,-0.564026178792119,-64.75251,0.015371211976162157,-0.001232079892361071,0.14498226419091226,,,0.95,0.9,none,2.047941057880538,1.6031518417871848,0.9261560429123469,0.0,-63.91275,2296.2974895188377,-25.084078
32,1784822288.3587298,,8.0,,8.0,,6.0,,6.0,,10.0,,10.0,,1.0,,1.0,,4.0,,4.0,,2.0,,2.0,,5.0,,5.0,,8.0,,8.0,,8.013202307745814,,6.17538840090856,,9.897927380166948,,1.2639483311213553,,4.271458842558786,,2.067320382455364,,4.967956545762718,,8.1875,0.13677871227264404,-0.018810321344062686,0.009704607626190409,1.5697153620421886,0.6464142203330994,0.8388551473617554,0.6237862706184387,-0.051754482090473175,0.34635844826698303,1.0816371440887451,0.10050591826438904,2576,0.4037104845046997,5.605587482452393,0.026773745194077492,5275648,6161,2576,161,-13.388077,0.007452965187258087,0.0038169621024280787,-0.7017389610409737,-73.78352,0.014413169340696187,0.0011020690748409835,0.0009551264345645904,,,0.95,0.9,none,2.279269711751575,1.810141261966616,0.5741323204498672,0.0,-82.520996,2337.7281072824635,-13.388077
33,1784822356.535621,,8.0,,8.0,,6.0,,6.0,,10.0,,10.0,,1.0,,1.0,,4.0,,4.0,,2.0,,2.0,,5.0,,5.0,,8.0,,8.0,,7.841517133754678,,5.854950699489564,,9.717743121960666,,0.8718098481185734,,3.9643907385179773,,2.024018338182941,,4.772864389233291,,7.8125,0.12633942067623138,-0.01362084099673666,0.012569802609505132,1.584906991571188,0.40070652961730957,0.8219348788261414,0.24183663725852966,0.008915962651371956,0.34090664982795715,0.9977343082427979,0.10025127232074738,2656,0.48371270298957825,5.357473850250244,0.013603250496089458,5439488,6335,2656,166,-7.835069,0.006252028392918873,0.001280609734385507,-0.8250998955219984,-45.712055,0.00954318194417283,0.0002511986647732556,-0.1371731162071228,,,0.95,0.9,none,2.188952416369795,1.9983931857164308,0.5224075404927837,0.0,-87.420006,2403.160422509177,-7.835069
34,1784822424.2333417,,8.0,,8.0,,6.0,,6.0,,10.0,,10.0,,1.0,,1.0,,4.0,,4.0,,2.0,,2.0,,5.0,,5.0,,8.0,,8.0,,7.7137330051045865,,5.670262886211276,,9.65864991210401,,1.01555918995291,,3.9627877566963434,,1.9653964393073693,,4.845460776705295,,7.4375,0.03282155841588974,-0.001440195832401514,0.002967765754874563,1.5981239452958107,0.4368108808994293,0.8557132482528687,0.9289292693138123,-0.3518112003803253,0.09203692525625229,1.0173321962356567,0.09525116533041,2736,0.4006037712097168,5.2836689949035645,0.038122158497571945,5603328,6527,2736,171,-6.8115473,0.005999602382507874,0.003277089839684777,-0.9253797076642514,-87.95409,0.033155521005392076,0.0019410291046369822,-0.2287019595503807,,,0.95,0.9,none,2.5766677658452073,2.017275845664222,0.6229151116635008,0.0,-85.52109,2420.170012713541,-6.8115473
35,1784822493.8321967,,8.0,,8.0,,6.0,,6.0,,10.0,,10.0,,1.0,,1.0,,4.0,,4.0,,2.0,,2.0,,5.0,,5.0,,8.0,,8.0,,8.303842790424824,,6.2784244837239385,,9.90305836382322,,1.3171144395018928,,4.305541211273521,,2.3418871036265045,,4.96076873363927,,8.375,0.06145578250288963,0.00036001321859657764,0.0035643168339447584,1.6107973493635654,0.6420082449913025,0.8032529950141907,0.5259116888046265,0.023635582998394966,0.1513688564300537,0.7148373126983643,0.10970844328403473,2816,0.39843320846557617,5.723204612731934,0.020358745008707047,5767168,6698,2816,176,-5.5229406,0.007445824098249431,0.001893033015949186,-1.029619350284338,-63.708088,0.013387164523010142,0.00024299330689245835,-0.3451316490769386,,,0.95,0.9,none,2.2191395452516227,1.9809476490629272,0.4860173831898583,0.0,-79.35074,2354.0614546478687,-5.5229406
36,1784822561.0222692,,8.0,,8.0,,6.0,,6.0,,10.0,,10.0,,1.0,,1.0,,4.0,,4.0,,2.0,,2.0,,5.0,,5.0,,8.0,,8.0,,8.149899222888052,,6.418928346130997,,9.925885358359665,,1.2022847584448755,,4.164563300088048,,2.1758637321181595,,4.864889048971236,,8.5,0.13287149369716644,0.00022855628049001098,0.007004600280197337,1.6202493160963058,0.46698009967803955,0.9418020248413086,0.34668850898742676,-0.015426292084157467,0.3323403000831604,0.6429024338722229,0.11071121692657471,2896,0.4194226861000061,5.675289154052734,0.018790753558278084,5931008,6896,2896,181,-17.266964,0.007356200860522221,0.003365074969769921,-1.1022830195724964,-59.633636,0.01587887213099748,0.0017841027583926916,-0.3836367428302765,,,0.95,0.9,none,2.5088245961001356,2.276864645041914,0.5842076334510675,0.0,-81.897316,2438.4557339477574,-17.266964
37,1784822627.9168859,,8.0,,8.0,,6.0,,6.0,,10.0,,10.0,,1.0,,1.0,,4.0,,4.0,,2.0,,2.0,,5.0,,5.0,,8.0,,8.0,,7.96264080516994,,5.694974830374122,,9.591434225440025,,0.9031798943178728,,4.019222518894821,,1.9331025583669543,,4.8107046156656,,7.75,0.07150264829397202,-0.015528892923612148,0.006630609197600279,1.623026441782713,0.306266188621521,1.0208120346069336,0.3885628581047058,-0.031681086868047714,0.19024278223514557,0.9617254137992859,0.09886109828948975,2976,0.49845126271247864,5.333157539367676,0.01896405965089798,6094848,7084,2976,186,-4.172581,0.006324695167131722,0.0033502111589768903,-1.195383383333683,-73.975624,0.018643415940459818,-0.0006033858560840599,-0.46371321864426135,,,0.95,0.9,none,2.5044991787571282,2.160110449550898,0.5905692577004146,0.0,-78.35552,2449.22525314223,-4.172581
38,1784822696.429787,,8.0,,8.0,,6.0,,6.0,,10.0,,10.0,,1.0,,1.0,,4.0,,4.0,,2.0,,2.0,,5.0,,5.0,,8.0,,8.0,,7.4095346827525645,,5.407145829405636,,9.355995988473296,,0.7051420360803604,,3.809167141094804,,1.7730866309138946,,4.68882838729769,,7.75,0.05249856412410736,-0.005376634304411709,0.013092104651150294,1.628915462642908,0.4253039062023163,0.8296831250190735,0.291349321603775,0.2061113715171814,0.13926585018634796,0.8727418780326843,0.09430018067359924,3056,0.39866968989372253,5.112362384796143,0.012403937987983227,6258688,7258,3056,191,-9.911684,0.006798936982522719,0.0027739919823943637,-1.2697552762925626,-51.60383,0.009455626626731828,-0.0004973221435648157,-0.5853592619299889,,,0.95,0.9,none,2.534653312345067,2.103600208116486,0.6354032307528793,0.0,-115.10686,2391.3760750296237,-9.911684
39,1784822764.6250992,,8.0,,8.0,,6.0,,6.0,,10.0,,10.0,,1.0,,1.0,,4.0,,4.0,,2.0,,2.0,,5.0,,5.0,,8.0,,8.0,,7.892579859588295,,5.894706390798092,,9.729116476606578,,0.9150364813540364,,3.994089165702462,,1.9991823755553924,,4.8028762601315975,,7.9375,0.06895909458398819,0.0001657949760556221,0.01351523611083394,1.6293361969292164,0.4503559470176697,0.9051676988601685,0.3462183177471161,0.00876079872250557,0.16955801844596863,1.0130279064178467,0.09236440807580948,3136,0.46483105421066284,5.395635604858398,0.031245503574609756,6422528,7436,3136,196,-2.9344773,0.006279531292966567,0.002007484518981073,-1.3760815583169461,-34.9805,0.018202929917606525,0.0013856597783160397,-0.6904070924967527,,,0.95,0.9,none,2.483757629022649,2.0855199491946808,0.8421564111483555,0.0,-63.050182,2402.509525805064,-2.9344773
40,1784822831.0677469,,8.0,,8.0,,6.0,,6.0,,10.0,,10.0,,1.0,,1.0,,4.0,,4.0,,2.0,,2.0,,5.0,,5.0,,8.0,,8.0,,7.641266922000796,,5.642614132724702,,9.46884688269347,,0.9756460968637839,,3.975035490700975,,1.7975695924833417,,4.804239872813923,,7.5625,0.06423525512218475,-0.005931565596256405,0.027030313067371026,1.6408033780753613,0.5158275961875916,0.9703612923622131,0.3529338240623474,0.1394299864768982,0.1591799110174179,0.890627384185791,0.09742265194654465,3216,0.424569696187973,5.233465194702148,0.01594703271985054,6586368,7611,3216,201,-1.1503961,0.006290372695366387,0.0049599415695411155,-1.4830149084329605,-53.11094,0.013915155484573916,0.00010945739632006735,-0.785989037528634,,,0.95,0.9,none,2.754243818111909,2.123644280777448,0.7814124170492485,0.0,-74.49816,2465.8859712900057,-1.1503961
41,1784822897.8987608,,8.0,,8.0,,6.0,,6.0,,10.0,,10.0,,1.0,,1.0,,4.0,,4.0,,2.0,,2.0,,5.0,,5.0,,8.0,,8.0,,8.04809052334167,,5.835374221205711,,9.654127899557352,,0.9890925148501992,,4.067358035012148,,1.9704665676690638,,4.800290898885578,,7.8125,0.047305911779403687,0.00012605666415765882,0.010981808525684755,1.6476697884500027,0.446759968996048,0.9748346209526062,0.251118928194046,-0.023435326293110847,0.12484346330165863,0.8614277839660645,0.09173481911420822,3296,0.4529862701892853,5.397162914276123,0.021171417087316513,6750208,7804,3296,206,-0.9950501,0.007143769208050798,0.00406045753043145,-1.5444148108363152,-59.912865,0.015611143043497578,-4.519068679655902e-05,-0.87593497261405,,,0.95,0.9,none,2.7517903799727863,2.0200408286214566,0.6375279908638685,0.0,-78.133644,2451.5566048083915,-0.9950501
42,1784822965.3321748,,8.0,,8.0,,6.0,,6.0,,10.0,,10.0,,1.0,,1.0,,4.0,,4.0,,2.0,,2.0,,5.0,,5.0,,8.0,,8.0,,7.393633401021361,,5.31135465297848,,9.380791516043246,,0.7877335054799914,,3.700164032750763,,1.7165252254344523,,4.704028073698282,,7.5,0.04038131982088089,0.0007075795438140631,0.012328532466199249,1.6521441899240017,0.4747641682624817,0.886894941329956,0.3062649965286255,-0.06008237972855568,0.0979929119348526,0.8074823021888733,0.09227392077445984,3376,0.3860290050506592,5.061779499053955,0.03084932267665863,6914048,8005,3376,211,-6.0860043,0.007352220415486954,0.0025890644399623854,-1.5933936923742293,-100.974945,0.02147920223651454,0.00037872252287343147,-0.9038386281579733,,,0.95,0.9,none,2.538258136772463,2.069241718851238,0.718295732377479,0.0,-95.2401,2429.6570211108533,-6.0860043
43,1784823032.77404,,8.0,,8.0,,6.0,,6.0,,10.0,,10.0,,1.0,,1.0,,4.0,,4.0,,2.0,,2.0,,5.0,,5.0,,8.0,,8.0,,7.969409718643874,,5.918783810804598,,9.728892874438316,,1.1038225064985454,,4.0698032970540226,,1.970634943281766,,4.8853025659918785,,7.8125,0.06319046020507812,-0.013566394743975252,0.0035859405434166547,1.6653588525950909,0.44557619094848633,0.827817976474762,0.2500758469104767,0.006907143630087376,0.15748509764671326,0.8008120059967041,0.09512721002101898,3456,0.48063385486602783,5.4323930740356445,0.014523356221616268,7077888,8206,3456,216,1.2622414,0.006658587952551897,0.0035331212580786086,-1.6810517840087413,-58.443207,0.008396784274373204,-0.00013560753068304622,-0.9637617345899343,,,0.95,0.9,none,2.6168672523398597,2.2089110404723455,0.5186680784538836,0.0,-83.244576,2429.3503457113206,1.2622414
44,1784823101.4777274,,8.0,,8.0,,6.0,,6.0,,10.0,,10.0,,1.0,,1.0,,4.0,,4.0,,2.0,,2.0,,5.0,,5.0,,8.0,,8.0,,7.854549617040902,,5.735938946949318,,9.787795063573867,,1.0170731549151242,,4.139635286293924,,2.1143905161879957,,4.8132881675846875,,7.75,0.09612980484962463,-0.006962841609492898,0.025196652233717032,1.6761795058846474,0.4142594635486603,0.9371816515922546,0.2508883476257324,0.10628573596477509,0.25024062395095825,0.8360075354576111,0.09382736682891846,3536,0.454986572265625,5.401583671569824,0.011785710230469704,7241728,8394,3536,221,1.6246612,0.007088849932188168,0.0029419667363981715,-1.7150828331708907,-55.072227,0.007671761891106144,-0.00035013394081033765,-1.0496920451521874,,,0.95,0.9,none,2.465622035768805,2.4610641168247716,0.7561271929268383,0.0,-70.92706,2384.733837041717,1.6246612
45,1784823170.3002322,,8.0,,8.0,,6.0,,6.0,,10.0,,10.0,,1.0,,1.0,,4.0,,4.0,,2.0,,2.0,,5.0,,5.0,,8.0,,8.0,,8.274530975148082,,6.3679331296589226,,9.718728340230882,,1.042374100885354,,4.210070155095309,,2.2011232026852667,,4.8668815437704325,,8.1875,0.07269202917814255,-1.035863533616066e-05,0.014741243823664263,1.685724787414074,0.3460845947265625,0.7800610661506653,0.2680303156375885,-0.11637862771749496,0.16837413609027863,0.8881063461303711,0.09678663313388824,3616,0.47004756331443787,5.608642578125,0.015087131410837173,7405568,8579,3616,226,-5.832012,0.007462014562042896,0.0030396977192140183,-1.7566943757236004,-61.040943,0.011672553911921568,0.0007086958634317852,-1.1557945415377617,,,0.95,0.9,none,2.67219519700341,2.507677838647138,0.6411548263683469,0.0,-69.93775,2380.616573239422,-5.832012
46,1784823237.7246723,,8.0,,8.0,,6.0,,6.0,,10.0,,10.0,,1.0,,1.0,,4.0,,4.0,,2.0,,2.0,,5.0,,5.0,,8.0,,8.0,,7.819152056239545,,5.918132375925779,,9.379948906600475,,0.8741127240937203,,3.849100527819246,,1.7807367690838873,,4.616002883762121,,8.0,0.06411169469356537,-0.00423493271227926,0.004328713188442634,1.6822077929973602,0.4099888205528259,1.0548237562179565,0.2623288631439209,0.11851528286933899,0.15932989120483398,0.7174679040908813,0.10676556080579758,3696,0.504257321357727,5.279648303985596,0.02014048770070076,7569408,8752,3696,231,-0.20111898,0.007794039094005711,0.0025975339540309506,-1.8278580382466316,-32.529415,0.007116910730837844,0.000480330108985072,-1.2120859906077386,,,0.95,0.9,none,2.683140840896013,2.6799386766656563,0.6958708972481704,0.0,-87.309845,2429.9793783191853,-0.20111898
47,1784823306.8420491,,8.0,,8.0,,6.0,,6.0,,10.0,,10.0,,1.0,,1.0,,4.0,,4.0,,2.0,,2.0,,5.0,,5.0,,8.0,,8.0,,8.224243282340467,,6.148675230331719,,9.702268399298191,,1.112404521962162,,4.0680499383597635,,2.1231067711487412,,4.9425824377685785,,8.4375,0.06356006860733032,-0.004732852685265243,0.006181826625834219,1.6951958015561104,0.38035789132118225,0.8798092603683472,0.3349168002605438,0.012573333457112312,0.16237513720989227,0.76842200756073,0.09821169823408127,3776,0.4658244550228119,5.59485387802124,0.008730409666895866,7733248,8932,3776,236,-10.960225,0.008339218067703769,0.005356503919756506,-1.8211420699954033,-27.979776,0.0031660946457122917,0.00047725779586471617,-1.2966255463659764,,,0.95,0.9,none,2.601712679039102,2.728871196418512,0.5584908869517249,0.0,-85.505264,2370.460327179382,-10.960225
48,1784823374.0064447,,8.0,,8.0,,6.0,,6.0,,10.0,,10.0,,1.0,,1.0,,4.0,,4.0,,2.0,,2.0,,5.0,,5.0,,8.0,,8.0,,8.417221937328577,,6.364726415835321,,9.86774068698287,,1.2233487127814442,,4.251922378316522,,2.2018316258618142,,4.914825465530157,,8.5625,0.05431562289595604,-0.0034782467992044985,0.008306445517519023,1.7089811712503433,0.35396608710289,0.9130470156669617,0.3040303885936737,-0.00839657336473465,0.14240491390228271,0.8358620405197144,0.10119779407978058,3856,0.4003484845161438,5.725514888763428,0.01943814940750599,7897088,9103,3856,241,-4.124571,0.006989209997118451,0.002198680246510776,-1.8539581082761287,-53.92937,0.01300384417991154,0.0022286059116595424,-1.4062806032598019,,,0.95,0.9,none,2.665375394178503,2.5061781720491645,0.4591797077425786,0.0,-90.612045,2439.387674254945,-4.124571
49,1784823441.0440607,,8.0,,8.0,,6.0,,6.0,,10.0,,10.0,,1.0,,1.0,,4.0,,4.0,,2.0,,2.0,,5.0,,5.0,,8.0,,8.0,,8.29632238438353,,6.162866796308663,,9.8446219501202,,1.1430134014226496,,4.192904001334682,,2.0509383229073137,,4.957960554631427,,8.25,0.05917574465274811,-0.006420946447178721,0.01393579207797302,1.713976439088583,0.43852484226226807,0.8810573816299438,0.24700704216957092,-0.28926417231559753,0.1564650535583496,0.8100266456604004,0.10023729503154755,3936,0.4154432713985443,5.612328052520752,0.0070205810479819775,8060928,9270,3936,246,2.9154172,0.00776623376441421,0.0010934826881566551,-1.9078051321208478,-34.373417,0.003537714517733548,0.0014170779948472045,-1.5027583457529545,,,0.95,0.9,none,2.636732693052214,2.8802294812452445,0.5978015208554347,0.0,-74.12814,2444.0019422863356,2.9154172
50,1784823509.4163525,,8.0,,8.0,,6.0,,6.0,,10.0,,10.0,,1.0,,1.0,,4.0,,4.0,,2.0,,2.0,,5.0,,5.0,,8.0,,8.0,,8.084023218369111,,6.07433701492846,,9.48895004519727,,0.859260119497776,,4.198998654959723,,1.9410609821788967,,4.748924402054399,,8.0625,0.043620623648166656,6.40005455352366e-05,0.001160981657449156,1.7253251783549786,0.3155663013458252,0.9231153726577759,0.22893355786800385,-0.045124951750040054,0.11135648936033249,0.848168134689331,0.09272494912147522,4016,0.48917073011398315,5.432256698608398,0.011234048753976822,8224768,9431,4016,251,3.0859864,0.008009214847697876,0.0032721695431973787,-1.964850303530693,-32.617386,0.005603287331177853,0.0026803772620041856,-1.6485704958438874,,,0.95,0.9,none,2.7211463934964097,2.533257315510054,0.33122568915547046,0.0,-81.04688,2396.2922024025693,3.0859864
51,1784823578.2528348,,8.0,,8.0,,6.0,,6.0,,10.0,,10.0,,1.0,,1.0,,4.0,,4.0,,2.0,,2.0,,5.0,,5.0,,8.0,,8.0,,7.4737733047804795,,5.325246205087751,,9.36162636987865,,0.6871358018834144,,3.7306871032342315,,1.6778460321947932,,4.757390088401735,,7.3125,0.0639553964138031,-0.0007142415852285922,0.005702452850528061,1.7311548702418804,0.323917031288147,0.8239063024520874,0.18263642489910126,0.07250872999429703,0.14923468232154846,0.6806075572967529,0.10595916211605072,4096,0.37047278881073,5.040775299072266,0.010610399767756462,8388608,9615,4096,256,-2.4958854,0.007823160056432243,0.0017240427434444428,-2.0128192000091074,-22.621685,0.005373816560313572,0.001419385070039425,-1.7197739981114863,,,0.95,0.9,none,2.7259689336500674,3.2119731238312097,0.4758594047401767,0.0,-88.58833,2380.1325656299214,-2.4958854
52,1784823646.1383371,,8.0,,8.0,,6.0,,6.0,,10.0,,10.0,,1.0,,1.0,,4.0,,4.0,,2.0,,2.0,,5.0,,5.0,,8.0,,8.0,,8.291999278590083,,6.4873239325825125,,9.577894485089928,,1.08038027305156,,4.324026856571436,,2.218798571091611,,4.8637104062363505,,8.375,0.029916752129793167,-0.003210390394087881,0.003460179690591758,1.742693867534399,0.3153941333293915,0.8109884858131409,0.18645359575748444,0.3419100046157837,0.07389608770608902,0.64444899559021,0.09899412840604782,4176,0.43518704175949097,5.6523919105529785,0.00940945278853178,8552448,9791,4176,261,3.8850741,0.008886706935300026,0.002130249437323073,-2.05180993527174,-29.462078,0.007786651767673902,0.0008002625851077028,-1.8033160530030727,,,0.95,0.9,none,2.5330037606161016,2.4058041995025525,0.5870098919765027,0.0,-78.33535,2413.475678868868,3.8850741
53,1784823713.2787457,,8.0,,8.0,,6.0,,6.0,,10.0,,10.0,,1.0,,1.0,,4.0,,4.0,,2.0,,2.0,,5.0,,5.0,,8.0,,8.0,,8.110220262780786,,6.161560700769769,,9.731773831415921,,1.1306503581872676,,4.147293129644822,,2.057072824332863,,4.830422845669091,,8.0,0.05053051561117172,-0.010426345048472285,0.011799379026342649,1.7370129749178886,0.35369759798049927,0.8275801539421082,0.3016293942928314,-0.30891403555870056,0.14116084575653076,0.6497228741645813,0.09276080131530762,4256,0.4720933139324188,5.521124362945557,0.007611758075654507,8716288,9973,4256,266,-1.6284962,0.009427899340516887,0.002833375924092252,-2.1186309799551966,-36.013287,0.007644377159886062,0.00243847688252572,-1.8315389975905418,,,0.95,0.9,none,2.7453606400519748,2.6686440180264173,0.5722373793229636,0.0,-78.219864,2440.259861672511,-1.6284962
54,1784823781.2395134,,8.0,,8.0,,6.0,,6.0,,10.0,,10.0,,1.0,,1.0,,4.0,,4.0,,2.0,,2.0,,5.0,,5.0,,8.0,,8.0,,8.299515110440552,,6.208323444239795,,9.683716940693557,,1.0318852551281452,,3.9642238066880964,,2.113493295852095,,4.858183024451137,,8.3125,0.03565656393766403,-0.003189875482348725,0.0034735439858195605,1.7457713596522808,0.31909605860710144,0.8103386759757996,0.4045894742012024,0.15118096768856049,0.10070779919624329,0.8036967515945435,0.08751539885997772,4336,0.4734116196632385,5.558980464935303,0.03559727221727371,8880128,10173,4336,271,-7.8037195,0.00980027550685918,0.0029827535050571895,-2.1704041600227355,-68.81856,0.019951186317484826,0.0023592805824591777,-1.8543408446013927,,,0.95,0.9,none,2.6395363339744016,2.971296123656894,0.3790288112749777,0.0,-72.01973,2410.8018422658993,-7.8037195
55,1784823847.2767558,,8.0,,8.0,,6.0,,6.0,,10.0,,10.0,,1.0,,1.0,,4.0,,4.0,,2.0,,2.0,,5.0,,5.0,,8.0,,8.0,,7.556797089986503,,5.507481478620321,,9.284599086269736,,0.7216635062359273,,3.8078641549218446,,1.7423787796869874,,4.676766395568848,,7.375,0.08227507770061493,-0.008814038999844342,0.004446730868949089,1.75574304535985,0.3824085295200348,0.9878425002098083,0.2637062966823578,-0.08922018855810165,0.20623154938220978,0.7978663444519043,0.08250311762094498,4416,0.4073675870895386,5.084068775177002,0.011147298850119114,9043968,10344,4416,276,-1.7722162,0.015254575249855407,0.0019267264331574551,-2.185565884411335,-24.005898,0.004324851132696495,0.0017912175913807004,-1.9524339683353902,,,0.95,0.9,none,2.7284340060578485,3.1366493761105296,0.6411566706346812,0.0,-88.89194,2481.024176873907,-1.7722162
56,1784823913.1436107,,8.0,,8.0,,6.0,,6.0,,10.0,,10.0,,1.0,,1.0,,4.0,,4.0,,2.0,,2.0,,5.0,,5.0,,8.0,,8.0,,7.641005886718631,,5.838551785040181,,9.452638785005547,,0.8660166405607015,,3.932417170901317,,1.9458301742561162,,4.726013356819749,,7.625,0.059289418160915375,-0.00021121767349541187,0.004178851650067372,1.7628092095255852,0.3822934329509735,0.7626093626022339,0.2511380910873413,0.15448161959648132,0.17465321719646454,0.8941329121589661,0.0841081440448761,4496,0.46218177676200867,5.253434658050537,0.010921945795416832,9207808,10527,4496,281,6.5164886,0.011735149708692915,0.0021438572905026375,-2.1989372819662094,-36.508907,0.00859484683314804,0.001928456235327758,-2.064990997314453,,,0.95,0.9,none,2.635157813516455,3.107455859549752,0.38479011662233137,0.0,-79.741745,2487.4423829840744,6.5164886
57,1784823980.0623708,,8.0,,8.0,,6.0,,6.0,,10.0,,10.0,,1.0,,1.0,,4.0,,4.0,,2.0,,2.0,,5.0,,5.0,,8.0,,8.0,,7.670948028797284,,5.444979893276468,,9.430718766525388,,0.7887721059378237,,3.8120298157446086,,1.7789603318087757,,4.8325748313218355,,7.8125,0.03624466061592102,0.0005344110541045666,0.00361175868238206,1.7746237553656101,0.39465996623039246,0.7604550123214722,0.2457127571105957,0.027450203895568848,0.10147091001272202,0.909821629524231,0.08245222270488739,4576,0.45453596115112305,5.196435451507568,0.03394731506705284,9371648,10707,4576,286,-6.797394,0.009317963301145937,0.001305725377460476,-2.2855391785502435,-64.3022,0.012939459827612155,0.0036314857599791138,-2.0845007851719854,,,0.95,0.9,none,2.5101047529589806,2.7096171763406796,0.5354124188020626,0.0,-86.1704,2448.3418987775467,-6.797394
58,1784824045.6467946,,8.0,,8.0,,6.0,,6.0,,10.0,,10.0,,1.0,,1.0,,4.0,,4.0,,2.0,,2.0,,5.0,,5.0,,8.0,,8.0,,8.42340480349958,,6.030904741492122,,9.487050418742001,,0.8523674479220062,,3.9594808570109308,,2.0594836329109967,,4.8104796963743865,,7.75,0.09830665588378906,-0.010139644553419203,0.021816577238496393,1.7790932431817055,0.3319978713989258,0.8180386424064636,0.20518863201141357,-0.10112452507019043,0.23930498957633972,0.803982138633728,0.08508238196372986,4656,0.4995242655277252,5.4216461181640625,0.005636556074023247,9535488,10875,4656,291,-9.509839,0.009015703047043643,0.0038593311481236016,-2.3105469554662705,-20.420622,0.004927113093435765,0.002751067168719601,-2.172224098443985,,,0.95,0.9,none,2.874241042989036,3.259387165357783,0.6712808297275324,0.0,-82.701614,2498.154459575245,-9.509839
59,1784824113.0441685,,8.0,,8.0,,6.0,,6.0,,10.0,,10.0,,1.0,,1.0,,4.0,,4.0,,2.0,,2.0,,5.0,,5.0,,8.0,,8.0,,7.6006845738738775,,6.067705925786868,,9.521527033066377,,0.8027778910472989,,3.9368759167846292,,1.9604311037110165,,4.855155140627176,,8.0,0.02885334938764572,-0.0059192861081101,0.17312839004443958,1.7910248711705208,0.31431877613067627,0.9865984320640564,0.24971117079257965,0.0997375026345253,0.07602715492248535,0.6662302017211914,0.09172450006008148,4736,0.48356470465660095,5.343144416809082,0.05842903256416321,9699328,11080,4736,296,0.4192245,0.011314982056501322,0.003352151690341998,-2.332203082740307,-43.16018,0.024710181591217406,0.002131793843000196,-2.1808615565299987,,,0.95,0.9,none,2.6233233122294033,2.58874566360956,1.6053625222191579,0.0,-80.12981,2430.9550372851722,0.4192245
60,1784824180.9613373,,8.0,,8.0,,6.0,,6.0,,10.0,,10.0,,1.0,,1.0,,4.0,,4.0,,2.0,,2.0,,5.0,,5.0,,8.0,,8.0,,8.554885445162654,,5.987877514213324,,9.82162053603679,,1.1567179147386923,,4.203960874117911,,2.406849622435402,,4.956506084650755,,8.4375,0.03766753524541855,-0.003920633171219379,0.015234241538564675,1.790911953896284,0.2634107172489166,0.8707665205001831,0.3928072452545166,0.3830508589744568,0.09760649502277374,0.8856581449508667,0.09189541637897491,4816,0.40007442235946655,5.690739631652832,0.02638697437942028,9863168,11264,4816,301,1.4696103,0.010332002578070387,0.004108443373843329,-2.370704580843449,-35.042793,0.012543174342135898,0.0022495707664347718,-2.258824644982815,,,0.95,0.9,none,2.872116390371873,2.86340632125483,0.6711879232118312,0.0,-75.5131,2412.350124760039,1.4696103
61,1784824247.71361,,8.0,,8.0,,6.0,,6.0,,10.0,,10.0,,1.0,,1.0,,4.0,,4.0,,2.0,,2.0,,5.0,,5.0,,8.0,,8.0,,7.550595210894244,,5.487648037262261,,9.478430289775133,,0.7783179227262735,,3.804620892740786,,1.7974845739081502,,4.739134443923831,,7.6875,0.06304672360420227,-0.008437807438895106,0.004417102947627427,1.7847075872123241,0.3727179765701294,0.796977162361145,0.20533064007759094,0.011094864457845688,0.15570561587810516,0.7315556406974792,0.09402625262737274,4896,0.4761572778224945,5.16546630859375,0.022061197087168694,10027008,11439,4896,306,1.4262652,0.009616778387862724,0.0036318717011454282,-2.434534940123558,-44.22384,0.009767607042158488,0.003107081219786778,-2.3694596484303476,,,0.95,0.9,none,2.798239602563876,3.110465810358863,0.569022535890396,0.0,-75.58983,2454.448247545901,1.4262652
62,1784824313.6887007,,8.0,,8.0,,6.0,,6.0,,10.0,,10.0,,1.0,,1.0,,4.0,,4.0,,2.0,,2.0,,5.0,,5.0,,8.0,,8.0,,7.978364469716325,,6.219251503003761,,9.585567192174494,,0.9713047286495566,,3.921102225780487,,2.0808631195686758,,4.903882585465908,,7.9375,0.05633891746401787,-0.0020544258295558393,0.003284147536760429,1.7940786741673946,0.1948554813861847,0.689016580581665,0.36957088112831116,0.08178794384002686,0.13626408576965332,0.8632081747055054,0.08875179290771484,4976,0.4555427134037018,5.449729919433594,0.010629561729729176,10190848,11617,4976,311,-27.047537,0.015734540016273967,0.004186174836650025,-2.3999910965561866,-56.243927,0.00934991952672135,0.002227569425303955,-2.4445357874035833,,,0.95,0.9,none,2.974486287764583,3.4041310029975778,0.3407953862867415,0.0,-77.27388,2483.361618497424,-27.047537
63,1784824380.021679,,8.0,,8.0,,6.0,,6.0,,10.0,,10.0,,1.0,,1.0,,4.0,,4.0,,2.0,,2.0,,5.0,,5.0,,8.0,,8.0,,7.582056229468435,,5.434447373147123,,9.347651489078999,,0.6867718873545527,,3.6759259543032385,,1.6082873260311317,,4.615744065551553,,7.5,0.06024385243654251,0.0003643278614617884,0.005428929456684273,1.8003170862793922,0.436470091342926,0.8737359642982483,0.36515119671821594,0.015368347056210041,0.16450880467891693,0.7487934231758118,0.08749395608901978,5056,0.41892290115356445,5.056360721588135,0.015011447481811047,10354688,11828,5056,316,-34.713444,0.021222866041352973,0.0028575317963259296,-2.401796153187752,-31.894592,0.007728359958855435,0.0017123166748206132,-2.4369513526558877,,,0.95,0.9,none,2.827105603534424,3.646892123918051,0.4213293974124456,0.0,-82.91328,2469.963768121567,-34.713444
64,1784824444.627675,,8.0,,8.0,,6.0,,6.0,,10.0,,10.0,,1.0,,1.0,,4.0,,4.0,,2.0,,2.0,,5.0,,5.0,,8.0,,8.0,,8.526064791716635,,6.417542474810034,,9.929153398610651,,1.2087413370609283,,4.269809672376141,,2.2572477385401726,,5.0,,8.6875,0.018587587401270866,-0.0015911803347989917,0.002247826640086714,1.8081756681203842,0.27911853790283203,0.740925669670105,0.16800890862941742,-0.3262740671634674,0.04658689722418785,0.7143269181251526,0.09256961941719055,5136,0.39510777592658997,5.787007808685303,0.007998158223927021,10518528,12018,5136,321,8.452159,0.016529652220197023,0.0026934153953334316,-2.441572104394436,-34.359955,0.006495135887234937,0.0019619849779701328,-2.4674588605761527,,,0.95,0.9,none,2.802324665345087,3.346062258613604,0.5028492766981707,0.0,-75.19421,2535.9865372319323,8.452159
65,1784824511.3349056,,8.0,,8.0,,6.0,,6.0,,10.0,,10.0,,1.0,,1.0,,4.0,,4.0,,2.0,,2.0,,5.0,,5.0,,8.0,,8.0,,8.52250038459897,,6.423595579544781,,9.817268949002028,,1.1422740169800818,,4.147357422392815,,1.9966211807914078,,4.847745423670858,,8.25,0.053986046463251114,-0.01738235412631184,0.005738455311075086,1.8150052204728127,0.44361355900764465,0.8741005659103394,0.320626437664032,0.22485783696174622,0.17836618423461914,0.901233434677124,0.08338367938995361,5216,0.4480999708175659,5.643420696258545,0.02068677544593811,10682368,12196,5216,326,-5.5414095,0.010739920102059842,0.002165538472763728,-2.4920193284749983,-42.01129,0.011437501315958798,0.0019211495789932087,-2.5496101677417755,,,0.95,0.9,none,2.8659503647688616,3.6818059715851836,0.5337557962718691,0.0,-62.150158,2456.1061518932784,-5.5414095
66,1784824577.7205164,,8.0,,8.0,,6.0,,6.0,,10.0,,10.0,,1.0,,1.0,,4.0,,4.0,,2.0,,2.0,,5.0,,5.0,,8.0,,8.0,,7.784544930793345,,5.431645165197551,,9.525212164968252,,0.8655834594974294,,3.8134930804371834,,1.8546885783289326,,4.803616701185092,,7.4375,0.05869843810796738,-0.0038175354711711407,0.007915010210126638,1.8159785121679306,0.39336392283439636,0.8783082365989685,0.2738790512084961,-0.03890901431441307,0.19646009802818298,0.6856557130813599,0.09464513510465622,5296,0.425112783908844,5.189535140991211,0.023822149261832237,10846208,12381,5296,331,2.6679378,0.00866977674595546,0.0029410455623292363,-2.529180774092674,-66.962036,0.01895932265906595,0.0017660658704699017,-2.585843528807163,,,0.95,0.9,none,2.997160958302637,3.3746773113016344,0.4150280637873571,0.0,-94.45902,2468.004180419275,2.6679378
67,1784824642.6277745,,8.0,,8.0,,6.0,,6.0,,10.0,,10.0,,1.0,,1.0,,4.0,,4.0,,2.0,,2.0,,5.0,,5.0,,8.0,,8.0,,7.492761306464672,,5.5619608426932245,,9.41128422319889,,0.7655113849323243,,3.814915051916614,,1.6414850754663348,,4.782126451376826,,7.75,0.048851557075977325,-0.0019202231778763235,0.0020580768286890816,1.8195927143096924,0.42419105768203735,0.928633987903595,0.2996949553489685,0.11716659367084503,0.11507565528154373,0.7228356599807739,0.09566956758499146,5376,0.46138307452201843,5.152505397796631,0.024101966992020607,11010048,12571,5376,336,-4.5812387,0.010844347627426032,0.00283222204343474,-2.5533173397183417,-52.675575,0.017674199159955606,0.0015753340965602546,-2.5936726585030554,,,0.95,0.9,none,2.8494843277575193,3.474178130166186,0.46449613620390584,0.0,-80.38831,2524.2170523769173,-4.5812387
68,1784824709.1886075,,8.0,,8.0,,6.0,,6.0,,10.0,,10.0,,1.0,,1.0,,4.0,,4.0,,2.0,,2.0,,5.0,,5.0,,8.0,,8.0,,7.329172276891768,,5.508815865963697,,9.325689621269703,,0.7924572951214941,,3.6620884123258293,,1.7192946132272482,,4.595179883763194,,7.3125,0.07872913032770157,-0.005394293344579637,0.01419722821447067,1.8271576054394245,0.20559516549110413,0.6584898233413696,0.20124511420726776,0.09566016495227814,0.23473097383975983,0.7178535461425781,0.10167893767356873,5456,0.3983890116214752,5.0306501388549805,0.0223237257450819,11173888,12765,5456,341,10.549131,0.007219912463915535,0.003362778292648727,-2.6147643968462946,-40.073242,0.011674996922374703,0.0022419048502342774,-2.6586532816290855,,,0.95,0.9,none,3.0708506975856538,3.597741813122709,0.45825558285287743,0.0,-92.58595,2461.5075888119372,10.549131
69,1784824775.1713753,,8.0,,8.0,,6.0,,6.0,,10.0,,10.0,,1.0,,1.0,,4.0,,4.0,,2.0,,2.0,,5.0,,5.0,,8.0,,8.0,,8.77817570604384,,6.647838644683361,,9.862809177837335,,1.2479435770655982,,4.2997464132495224,,2.2797828128095716,,4.985578624531627,,8.5,0.03738933429121971,-0.0006151784909889102,0.014201061007042881,1.8329348787665367,0.3536302447319031,0.8068534731864929,0.2975209951400757,-0.049357980489730835,0.095618836581707,0.7324507236480713,0.09192308783531189,5536,0.35900354385375977,5.825234413146973,0.0935269147157669,11337728,12970,5536,346,-11.025746,0.0135288597230101,0.0043572650414716915,-2.627290962636471,-74.46681,0.03650296251289546,0.0026734943297924475,-2.648855409026146,,,0.95,0.9,none,2.931429285917466,2.9644936614090067,0.6077795252681697,0.0,-94.23926,2483.0735274760004,-11.025746
70,1784824841.1680202,,8.0,,8.0,,6.0,,6.0,,10.0,,10.0,,1.0,,1.0,,4.0,,4.0,,2.0,,2.0,,5.0,,5.0,,8.0,,8.0,,8.037385805975646,,6.3975266963243484,,9.657935170456767,,1.0722500790143386,,4.170159225468524,,2.187902018427849,,4.847405914217234,,7.6875,0.052085116505622864,-0.004065462271682918,0.001740447278280044,1.8314153663814068,0.3765168786048889,0.9495055675506592,0.31574547290802,0.15699541568756104,0.12420807778835297,0.7811723947525024,0.09200527518987656,5616,0.5022364258766174,5.507258415222168,0.07136576622724533,11501568,13160,5616,351,10.476068,0.00741702316881856,0.00418630456624669,-2.6031568497419357,-71.75376,0.031732922839000824,0.0024106798773573246,-2.6577741250395777,,,0.95,0.9,none,2.971975974190048,2.8123627646772364,0.3704482650777975,0.0,-77.13841,2482.549619567818,10.476068
71,1784824907.3621368,,8.0,,8.0,,6.0,,6.0,,10.0,,10.0,,1.0,,1.0,,4.0,,4.0,,2.0,,2.0,,5.0,,5.0,,8.0,,8.0,,7.903841024148278,,5.631187561899424,,9.728999135782942,,0.9150452887406573,,3.8782421927026007,,1.8603744739666581,,4.830417470540851,,8.1875,0.08331179618835449,-0.018960280111059546,0.004620959152816795,1.8348468132317066,0.20142310857772827,0.9604964256286621,0.21212238073349,-0.10634717345237732,0.19689957797527313,0.8501793146133423,0.08095578849315643,5696,0.4907635450363159,5.366950988769531,0.03331192955374718,11665408,13357,5696,356,-4.91084,0.008543286223721224,0.004737569103599526,-2.6561486080288885,-70.33457,0.017378833511611447,0.0041862877209496215,-2.6718714386224747,,,0.95,0.9,none,3.0066541657182313,3.1463215785387577,0.44886365497600317,0.0,-86.034256,2475.145208450368,-4.91084
72,1784824973.3408318,,8.0,,8.0,,6.0,,6.0,,10.0,,10.0,,1.0,,1.0,,4.0,,4.0,,2.0,,2.0,,5.0,,5.0,,8.0,,8.0,,7.936013904865831,,6.20737842284143,,9.55855158623308,,1.0093130627647042,,3.8865728385862894,,2.1418938192073256,,4.92662697006017,,8.0625,0.034565456211566925,-0.008335372956935316,0.0011234423036512453,1.8437252044677734,0.32365885376930237,0.7511403560638428,0.3309902548789978,-0.1424344778060913,0.09092853218317032,0.8419314622879028,0.07720605283975601,5776,0.481489360332489,5.466105937957764,0.01892535202205181,11829248,13540,5776,361,10.889628,0.007045139808906242,0.0038249670222285205,-2.678431414067745,-62.661427,0.012261403552838602,0.0012033845807309263,-2.7220395848155023,,,0.95,0.9,none,2.9725181614956178,3.530457524888065,0.3636645154909268,0.0,-75.09564,2483.2257420223605,10.889628
73,1784825038.9062808,,8.0,,8.0,,6.0,,6.0,,10.0,,10.0,,1.0,,1.0,,4.0,,4.0,,2.0,,2.0,,5.0,,5.0,,8.0,,8.0,,8.024662910960615,,5.616753667593002,,9.563808724517003,,0.8674079158809036,,3.972502449993044,,1.8350913901813328,,4.823889402672648,,7.8125,0.11175643652677536,0.00018668826669454575,0.014077098516281694,1.8455999754369259,0.3814961910247803,0.8313195705413818,0.34480419754981995,-0.030988305807113647,0.3064412474632263,0.7233201861381531,0.08071203529834747,5856,0.5163673758506775,5.314577102661133,0.017484230920672417,11993088,13713,5856,366,2.2794993,0.0072611134957696775,0.002527924656169489,-2.7052438229322435,-11.051954,0.005566251507843845,0.002415598585503176,-2.7386432513594627,,,0.95,0.9,none,2.9223234572024874,3.502579351243331,0.41801795387909185,0.0,-75.846054,2498.8764248048224,2.2794993
74,1784825105.5205915,,8.0,,8.0,,6.0,,6.0,,10.0,,10.0,,1.0,,1.0,,4.0,,4.0,,2.0,,2.0,,5.0,,5.0,,8.0,,8.0,,8.614214712986723,,6.605789538472891,,9.85445170965977,,1.4425770062953234,,4.288582429289818,,2.288693605689332,,4.92923838502611,,8.6875,0.08965972065925598,-0.011715546483173966,0.003299515476101078,1.8546483404934406,0.3888871669769287,0.9892033934593201,0.2560332417488098,0.1602296084165573,0.23930157721042633,0.7308417558670044,0.07705333828926086,5936,0.3452582061290741,5.83888053894043,0.024782095104455948,12156928,13899,5936,371,11.236424,0.006730428930313792,0.0024633294640807437,-2.7595306247472764,-65.85874,0.016733224445488304,0.0023726797677227295,-2.7858950033783914,,,0.95,0.9,none,3.0130915120163406,3.2988105393618623,0.3766545088158418,0.0,-86.23373,2459.5314125882114,11.236424
75,1784825170.7628133,,8.0,,8.0,,6.0,,6.0,,10.0,,10.0,,1.0,,1.0,,4.0,,4.0,,2.0,,2.0,,5.0,,5.0,,8.0,,8.0,,7.9004325261339545,,5.40478256624192,,9.420045286417007,,0.7596724870381877,,3.6227216152474284,,1.720746084843995,,4.791600825730711,,7.4375,0.11543115228414536,0.00024331524036824703,0.011548548427526839,1.8637963496148586,0.1768191158771515,0.9786562919616699,0.12366566061973572,-0.2631261348724365,0.29687047004699707,0.7004979848861694,0.08198761940002441,6016,0.4600198268890381,5.132187843322754,0.029363181442022324,12320768,14091,6016,376,3.6191964,0.010614596935920418,0.0023133739392505958,-2.7715401500463486,-45.05902,0.009084822406293824,0.0030773821054026484,-2.786030052602291,,,0.95,0.9,none,2.6783399198453215,4.0693670383150415,0.4949863735751993,0.0,-82.06083,2511.2582287160785,3.6191964
76,1784825237.6946898,,8.0,,8.0,,6.0,,6.0,,10.0,,10.0,,1.0,,1.0,,4.0,,4.0,,2.0,,2.0,,5.0,,5.0,,8.0,,8.0,,8.338910017628223,,6.427616131026298,,9.80480802571401,,0.979705877485685,,4.0004535699263215,,1.9720144448801875,,4.865630175452679,,8.0625,0.040501877665519714,0.000137705123052001,0.0015320169404731132,1.868802934885025,0.4127715826034546,0.739924430847168,0.2981034815311432,-0.14195501804351807,0.10051842033863068,0.7861522436141968,0.08169778436422348,6096,0.49759888648986816,5.556455135345459,0.018920091912150383,12484608,14280,6096,381,11.006689,0.007354816584847867,0.0031239542382536455,-2.8469824001193045,-62.73941,0.014811439666664228,0.0012471727110096253,-2.869629567861557,,,0.95,0.9,none,2.812313660234282,3.259490486743137,0.3573142448133796,0.0,-80.2788,2447.8622520105355,11.006689
77,1784825303.8857512,,8.0,,8.0,,6.0,,6.0,,10.0,,10.0,,1.0,,1.0,,4.0,,4.0,,2.0,,2.0,,5.0,,5.0,,8.0,,8.0,,8.034388558240607,,5.795522611355409,,9.59447749517858,,0.956737705739215,,3.9324102411046624,,2.0675108074210584,,4.852291708783014,,7.9375,0.07190877199172974,0.00022076285677030683,0.03215539865777828,1.868771344423294,0.43569329380989075,0.8996772766113281,0.334349662065506,-0.2583045959472656,0.1872318685054779,0.7785342931747437,0.0779951810836792,6176,0.512600302696228,5.396355152130127,0.017022782936692238,12648448,14470,6176,386,4.1283545,0.011899049126077444,0.0025520997689454815,-2.86790871322155,-60.8555,0.014308363414602353,0.0025228800761396995,-2.88352534621954,,,0.95,0.9,none,2.7760316939894065,3.76374572887975,0.7596726741357281,0.0,-83.47179,2475.2574246438703,4.1283545
78,1784825370.2756233,,8.0,,8.0,,6.0,,6.0,,10.0,,10.0,,1.0,,1.0,,4.0,,4.0,,2.0,,2.0,,5.0,,5.0,,8.0,,8.0,,7.1049717189744115,,5.1867444003000855,,9.156853066757321,,0.5910069915698841,,3.617658923380077,,1.7446921952068806,,4.62804871192202,,7.5,0.0880274623632431,-0.003472444717772305,0.0030853978751110844,1.8734448701143265,0.18232664465904236,0.9835541844367981,0.189287006855011,-0.15496855974197388,0.21988525986671448,0.7537219524383545,0.07578155398368835,6256,0.3001945912837982,4.941247463226318,0.03842197358608246,12812288,14682,6256,391,9.815451,0.007744461587572004,0.0030756571708479897,-2.9020934134721754,-46.442047,0.02213720837025903,0.0011913363938219844,-2.9394132673740385,,,0.95,0.9,none,3.107799367825119,4.45048225107481,0.5827961616617052,0.0,-83.70974,2467.8470043757425,9.815451
79,1784825436.5725138,,8.0,,8.0,,6.0,,6.0,,10.0,,10.0,,1.0,,1.0,,4.0,,4.0,,2.0,,2.0,,5.0,,5.0,,8.0,,8.0,,8.258956610923633,,6.699850084260106,,9.907806547358632,,1.3695317413657904,,4.372846813173965,,2.2874620624352247,,4.927539366064593,,8.8125,0.08898559212684631,-0.0010202496778219938,0.006935681820323225,1.884310182183981,0.29769763350486755,0.8401340246200562,0.22993972897529602,0.1400003880262375,0.24628999829292297,0.8556489944458008,0.07687407732009888,6336,0.3695048391819,5.829561233520508,0.014715943485498428,12976128,14864,6336,396,-1.1088092,0.01642267497081775,0.005011037986696465,-2.955181908607483,-36.704437,0.006494752643629908,0.0012075802929757628,-3.0022097647190096,,,0.95,0.9,none,3.0655567922452827,3.8171858291440843,0.5916945221450873,0.0,-77.087845,2471.3067349265525,-1.1088092
80,1784825503.8789434,,8.0,,8.0,,6.0,,6.0,,10.0,,10.0,,1.0,,1.0,,4.0,,4.0,,2.0,,2.0,,5.0,,5.0,,8.0,,8.0,,7.255506481975317,,5.405658314935863,,9.21565664280206,,0.696891269646585,,3.6749951840611175,,1.6570487432181835,,4.581878800876439,,7.375,0.07514975965023041,-0.0011741485795937479,0.005114348015922587,1.8968597911298275,0.4283597469329834,0.9135926961898804,0.40303540229797363,-0.12029288709163666,0.20706801116466522,0.705478310585022,0.07841959595680237,6416,0.3914974629878998,4.982829570770264,0.026715165004134178,13139968,15111,6416,401,-67.18778,0.01915777669637464,0.002169754145143088,-2.9875589862465857,-32.25321,0.01312319163698703,0.0019046431181777735,-2.990530301630497,,,0.95,0.9,none,3.365754461631648,3.59048720807487,0.39800511846327247,0.0,-72.44243,2434.2401739512284,-67.18778
81,1784825570.630962,,8.0,,8.0,,6.0,,6.0,,10.0,,10.0,,1.0,,1.0,,4.0,,4.0,,2.0,,2.0,,5.0,,5.0,,8.0,,8.0,,7.4576508306199685,,5.269895433448255,,9.424973530694842,,0.7586835399270058,,3.840044998098165,,1.6883164076134562,,4.731395831913687,,7.75,0.08907678723335266,-0.00784754374762997,0.008044586720643565,1.9013177156448364,0.1897202432155609,0.9171793460845947,0.16815105080604553,-0.23193614184856415,0.23504433035850525,0.8356043100357056,0.07028129696846008,6496,0.40193629264831543,5.1151204109191895,0.01980951987206936,13303808,15300,6496,406,-14.227696,0.017069348989753052,0.0016620393565972337,-3.0522981718182565,-60.10851,0.00789988473406993,0.0033635790183325297,-3.0193408519029616,,,0.95,0.9,none,3.1257123077293105,4.432462346510856,0.43078909972899326,0.0,-84.56771,2454.4577655173525,-14.227696
82,1784825635.8193555,,8.0,,8.0,,6.0,,6.0,,10.0,,10.0,,1.0,,1.0,,4.0,,4.0,,2.0,,2.0,,5.0,,5.0,,8.0,,8.0,,8.337117249146104,,6.072648337110877,,9.684465805068612,,1.0399948578560725,,4.053271324853995,,2.0683689295547083,,4.879736019298434,,8.1875,0.039237406104803085,-0.004290247074095532,0.003787408280913951,1.8991372361779213,0.20822173357009888,0.8774985074996948,0.21498185396194458,-0.12047697603702545,0.11593150347471237,0.9597613215446472,0.06432154774665833,6576,0.5099906921386719,5.5403876304626465,0.04687754064798355,13467648,15473,6576,411,9.813731,0.00974257323105121,0.0030086430851952173,-3.067704825103283,-24.511724,0.017931474366923793,0.004863205953733995,-3.0788615524768828,,,0.95,0.9,none,3.0956580348085945,3.403914278237127,0.3311012261168632,0.0,-98.775475,2513.330890627065,9.813731
83,1784825700.534264,,8.0,,8.0,,6.0,,6.0,,10.0,,10.0,,1.0,,1.0,,4.0,,4.0,,2.0,,2.0,,5.0,,5.0,,8.0,,8.0,,8.041797917801887,,6.094380347058177,,9.775968313217163,,1.1440698793157935,,4.160540758864954,,2.091392312431708,,4.872616589986137,,8.1875,0.05682574212551117,-0.021978574222885072,0.0015468001729459502,1.9169117733836174,0.39966753125190735,0.925469696521759,0.2528044581413269,-0.0523785725235939,0.1381852924823761,0.7904984951019287,0.062436770647764206,6656,0.4941527247428894,5.5460333824157715,0.02009199932217598,13631488,15649,6656,416,-17.96987,0.012455413283896632,0.003333980398019776,-3.0328583985567095,-34.783436,0.008160434267483651,0.004234435092803324,-3.0870408207178115,,,0.95,0.9,none,3.1411354003516787,3.5774658490012308,0.35437074547916503,0.0,-78.702545,2531.7194307492564,-17.96987
84,1784825765.6555617,,8.0,,8.0,,6.0,,6.0,,10.0,,10.0,,1.0,,1.0,,4.0,,4.0,,2.0,,2.0,,5.0,,5.0,,8.0,,8.0,,8.45628256816417,,6.5425029748585075,,9.721027376130223,,1.1916340927127749,,4.0735146016813815,,2.1232678285014117,,4.870574545580894,,8.1875,0.10494402796030045,0.0001620507682673633,0.0032715844427002594,1.9260470680892467,0.255081444978714,0.9255663752555847,0.13131305575370789,0.12195178866386414,0.2491583675146103,0.9554998874664307,0.057131074368953705,6736,0.46103590726852417,5.645788192749023,0.004319414496421814,13795328,15809,6736,421,2.8564813,0.01207894264080096,0.002762326023366768,-2.977897161245346,-9.395895,0.002889804404549068,0.006248232768848538,-3.176609691977501,,,0.95,0.9,none,2.7435216275686445,4.769405449699026,0.27990993629729266,0.0,-82.35294,2515.9200818179397,2.8564813
85,1784825831.6628187,,8.0,,8.0,,6.0,,6.0,,10.0,,10.0,,1.0,,1.0,,4.0,,4.0,,2.0,,2.0,,5.0,,5.0,,8.0,,8.0,,8.174346182495356,,6.310231180861592,,9.829620727337897,,1.1793124722316861,,4.166653956286609,,2.2445106394588947,,4.96384711220162,,8.3125,0.12217515707015991,7.834966527298093e-05,0.0071571739099454135,1.923887550830841,0.2298915982246399,0.8345315456390381,0.23963037133216858,0.28640589118003845,0.30748504400253296,0.7799094915390015,0.059168167412281036,6816,0.48598411679267883,5.647627830505371,0.020715314894914627,13959168,15990,6816,426,-5.60715,0.00780059566750424,0.005176631397625897,-3.03344589471817,-50.28282,0.016458689427236096,0.0028536429279483857,-3.1979534789919852,,,0.95,0.9,none,3.459366854424226,3.9396043750030145,0.3357812081430078,0.0,-70.48035,2482.1514471732403,-5.60715
86,1784825898.9741957,,8.0,,8.0,,6.0,,6.0,,10.0,,10.0,,1.0,,1.0,,4.0,,4.0,,2.0,,2.0,,5.0,,5.0,,8.0,,8.0,,8.787363882176578,,6.724484651815146,,9.950524311512709,,1.4656935222446918,,4.47328014858067,,2.411411192268133,,4.970193957909942,,8.75,0.034717343747615814,0.000306326721329242,0.0033933266531676054,1.920137070119381,0.32165995240211487,0.7371638417243958,0.2577894330024719,-0.035319551825523376,0.10892365127801895,0.7968080043792725,0.058671969920396805,6896,0.2624385356903076,5.941619396209717,0.026943525299429893,14123008,16165,6896,431,5.919094,0.010607177612837405,0.00425480219128076,-3.0554298728704454,-9.134469,0.006269457380403765,0.0034810463243047708,-3.2230457976460456,,,0.95,0.9,none,3.180551826423384,4.851879896429779,0.5930763091319088,0.0,-75.40088,2434.060867652633,5.919094
87,1784825965.2820084,,8.0,,8.0,,6.0,,6.0,,10.0,,10.0,,1.0,,1.0,,4.0,,4.0,,2.0,,2.0,,5.0,,5.0,,8.0,,8.0,,7.301031731069088,,5.940164987463504,,9.341047212481499,,0.7086541317403316,,3.7200740994885564,,1.635273872409016,,4.651876663789153,,7.3125,0.04791317135095596,-0.0007648778264410794,0.0017076314343285048,1.9323303028941154,0.2861535847187042,0.8483319282531738,0.15275031328201294,-0.15355491638183594,0.13851763308048248,0.9251153469085693,0.053571783006191254,6976,0.4355926215648651,5.076327323913574,0.008551139384508133,14286848,16329,6976,436,-24.08385,0.011705022471142001,0.003923037557979114,-3.13829391002655,-11.615991,0.0027889061078894884,0.0034140441741328685,-3.2956331238150596,,,0.95,0.9,none,3.289854037972858,4.108975444038466,0.3884790006003881,0.0,-82.49444,2470.90046697216,-24.08385
88,1784826031.395002,,8.0,,8.0,,6.0,,6.0,,10.0,,10.0,,1.0,,1.0,,4.0,,4.0,,2.0,,2.0,,5.0,,5.0,,8.0,,8.0,,7.875065200030804,,5.655560746788979,,9.494040603050962,,1.014964820118621,,3.842645830940455,,1.893705242779106,,4.748008452253998,,7.5625,0.06965287029743195,-0.002710561908315867,0.006598422121896874,1.943893425166607,0.26444029808044434,0.8018739223480225,0.22036318480968475,0.0005388129502534866,0.19879108667373657,0.7048474550247192,0.05829409509897232,7056,0.5063270926475525,5.2608113288879395,0.025853771716356277,14450688,16519,7056,441,4.174025,0.01067473229195457,0.0044169448359753,-3.193234254419804,-34.796288,0.007429122556641232,0.00315928666095715,-3.2912467822432516,,,0.95,0.9,none,3.462541692282353,4.193513085552182,0.42776076095064647,0.0,-85.81142,2478.1826060651465,4.174025
89,1784826098.5491467,,8.0,,8.0,,6.0,,6.0,,10.0,,10.0,,1.0,,1.0,,4.0,,4.0,,2.0,,2.0,,5.0,,5.0,,8.0,,8.0,,7.477023385465145,,5.503918411210179,,9.291671894490719,,0.7541783226188272,,3.918119318317622,,1.7267824639566243,,4.6303194728679955,,7.25,0.10141858458518982,8.29121854621917e-05,0.04063747530744877,1.948135495185852,0.40208700299263,0.8923138380050659,0.3955366909503937,-0.13202187418937683,0.28695207834243774,1.014232873916626,0.048268575221300125,7136,0.45261770486831665,5.069001197814941,0.05990501493215561,14614528,16687,7136,446,4.618762,0.008893958284170366,0.0029427916910208297,-3.196971608698368,-62.45879,0.016399761955835857,0.0032298458012519405,-3.3299561589956284,,,0.95,0.9,none,3.3427205105651128,3.175402500734601,0.6764561400740521,0.0,-74.56637,2439.7595163459273,4.618762
90,1784826165.9133315,,8.0,,8.0,,6.0,,6.0,,10.0,,10.0,,1.0,,1.0,,4.0,,4.0,,2.0,,2.0,,5.0,,5.0,,8.0,,8.0,,8.707069620024413,,6.629214966669679,,9.947720531374216,,1.4540663016960025,,4.38040081737563,,2.3322162029799074,,5.0,,8.8125,0.037680353969335556,-0.0030614663555752486,0.0007719606792306877,1.9579555690288544,0.2967766523361206,0.8926963210105896,0.20853571593761444,0.004283077549189329,0.11783622950315475,0.9444493055343628,0.053702279925346375,7216,0.28560391068458557,5.907898426055908,0.01687212474644184,14778368,16853,7216,451,2.461292,0.008306256802461576,0.003580584166047629,-3.238934427499771,-9.523697,0.003500591776537476,0.0041101040980720425,-3.380343806743622,,,0.95,0.9,none,3.3957306252878077,4.927787324744273,0.41918306866130073,0.0,-79.352646,2432.1523296146925,2.461292
91,1784826232.1998663,,8.0,,8.0,,6.0,,6.0,,10.0,,10.0,,1.0,,1.0,,4.0,,4.0,,2.0,,2.0,,5.0,,5.0,,8.0,,8.0,,7.6678844429552555,,5.574782229028642,,9.261540284380317,,0.7263454794883728,,3.7204710682854056,,1.7963130678981543,,4.647095829248428,,7.3125,0.07463677227497101,8.653645636513829e-05,0.006443403261073399,1.9563629925251007,0.2959165573120117,0.8169844150543213,0.197283536195755,0.08852341771125793,0.19790789484977722,0.8085275292396545,0.048384785652160645,7296,0.4497970938682556,5.088366508483887,0.016078101471066475,14942208,17017,7296,456,-22.299273,0.014356068044435233,0.0030841472806059757,-3.2449179962277412,-22.216536,0.00528004380321363,0.0015403105833684094,-3.4991754800081254,,,0.95,0.9,none,3.3941058781495825,3.3119443536461097,0.3906886891975734,0.0,-80.535255,2471.693624271347,-22.299273
92,1784826298.1074078,,8.0,,8.0,,6.0,,6.0,,10.0,,10.0,,1.0,,1.0,,4.0,,4.0,,2.0,,2.0,,5.0,,5.0,,8.0,,8.0,,7.262161619961262,,5.345605404349044,,9.160626893863082,,0.6015082150697708,,3.6688477508723736,,1.5994677864837286,,4.629096502438188,,7.3125,0.03244508430361748,-0.0004945223336108029,0.0018860985701394384,1.9582733735442162,0.23562976717948914,0.8055534362792969,0.14513449370861053,-0.1390424221754074,0.10564638674259186,0.7339767217636108,0.05151253193616867,7376,0.32097235321998596,4.947476863861084,0.021243475377559662,15106048,17195,7376,461,6.3824205,0.013620951963821426,0.003227785697526997,-3.2782070457935335,-18.361303,0.0032564549255766906,0.0036996249720687045,-3.575981669127941,,,0.95,0.9,none,3.0667300573629688,4.807690173228133,0.4398410619501487,0.0,-84.67051,2485.9066804292543,6.3824205
93,1784826364.2082121,,8.0,,8.0,,6.0,,6.0,,10.0,,10.0,,1.0,,1.0,,4.0,,4.0,,2.0,,2.0,,5.0,,5.0,,8.0,,8.0,,7.911522372160107,,6.3221375327557325,,9.758288572309539,,1.1241472895490006,,4.17082025622949,,2.194483053404838,,4.8389149606227875,,8.3125,0.11863692104816437,0.00023924742708913982,0.018816550524206832,1.9657762795686722,0.3024758994579315,0.8797298073768616,0.29791706800460815,0.5357035994529724,0.3438339829444885,0.686564564704895,0.058144461363554,7456,0.4932974874973297,5.5791015625,0.04176398366689682,15269888,17371,7456,466,3.0465684,0.014672840083949267,0.002424981617514277,-3.32914959192276,-19.742107,0.009354453047853895,0.003982555888069328,-3.630831944942474,,,0.95,0.9,none,3.412097663210865,4.792371800977859,0.3846126108460841,0.0,-80.95327,2478.6385632540955,3.0465684
94,1784826432.894075,,8.0,,8.0,,6.0,,6.0,,10.0,,10.0,,1.0,,1.0,,4.0,,4.0,,2.0,,2.0,,5.0,,5.0,,8.0,,8.0,,8.412268627434969,,6.394895734265447,,9.839949499815702,,1.2843968267552555,,4.2502384071704,,2.2342588119208813,,4.9499309081584215,,8.4375,0.050107214599847794,-0.0012022131122648716,0.0018551692428445676,1.9617748856544495,0.2898237407207489,0.8655208349227905,0.22566987574100494,-0.2371356338262558,0.1352389007806778,0.6637161374092102,0.06511072814464569,7536,0.45703205466270447,5.725430011749268,0.01168383564800024,15433728,17544,7536,471,11.845416,0.007405802469293121,0.0037242083650198764,-3.3752158135175705,-13.46125,0.007029125846747775,0.0026655545108951626,-3.661612832546234,,,0.95,0.9,none,3.6881732662967672,3.4700388846465713,0.39614051882705786,0.0,-62.119446,2385.3525451477694,11.845416
95,1784826499.640738,,8.0,,8.0,,6.0,,6.0,,10.0,,10.0,,1.0,,1.0,,4.0,,4.0,,2.0,,2.0,,5.0,,5.0,,8.0,,8.0,,8.491671308875084,,6.497768342494965,,9.874208055436611,,1.1625381971680326,,4.198884827550501,,2.173210041364655,,4.906911053229123,,8.1875,0.09114231914281845,-0.007901121221948415,0.0021697943993785884,1.9750197231769562,0.22050204873085022,1.0834026336669922,0.19227749109268188,-0.0225660502910614,0.2426142543554306,0.5771087408065796,0.06504605710506439,7616,0.4761952757835388,5.686586380004883,0.02613334357738495,15597568,17726,7616,476,-2.0040412,0.009877084243635181,0.003667881501314696,-3.3902847453951837,-56.180775,0.011020858399569988,0.0038375284988433124,-3.6790990993380546,,,0.95,0.9,none,3.3524367332254483,4.765936591251697,0.3802181600912818,0.0,-75.859535,2454.654511594104,-2.0040412
96,1784826566.4524965,,8.0,,8.0,,6.0,,6.0,,10.0,,10.0,,1.0,,1.0,,4.0,,4.0,,2.0,,2.0,,5.0,,5.0,,8.0,,8.0,,8.296713603660464,,6.062952531501651,,9.794501416385174,,1.068199522793293,,4.065041515044868,,1.9660881431773305,,4.838222598657012,,8.375,0.09539486467838287,-0.005827913817483932,0.009354653797345236,1.981495201587677,0.1601192057132721,0.832958996295929,0.1337057203054428,0.061661429703235626,0.252899706363678,0.5621854066848755,0.06460627913475037,7696,0.50114905834198,5.558339595794678,0.02278437465429306,15761408,17939,7696,481,14.907535,0.010802456266537775,0.0036567409166309516,-3.406180228292942,-46.85502,0.010971586825326085,0.004448212702845922,-3.7107083797454834,,,0.95,0.9,none,3.5667637396330134,5.379654616888787,0.4370773006229726,0.0,-96.46299,2452.2630356116024,14.907535
97,1784826632.824661,,8.0,,8.0,,6.0,,6.0,,10.0,,10.0,,1.0,,1.0,,4.0,,4.0,,2.0,,2.0,,5.0,,5.0,,8.0,,8.0,,7.133398953825235,,5.505137924104929,,9.371392940171063,,0.8438417287543416,,3.6842626282013953,,1.7500649029389024,,4.593316087499261,,7.75,0.06184900552034378,0.00015631428686901927,0.0024540164740756154,1.9897800460457802,0.22293385863304138,0.8242987990379333,0.14808236062526703,-0.0848308801651001,0.15631891787052155,0.661832332611084,0.06803548336029053,7776,0.39463645219802856,5.0789265632629395,0.023492421954870224,15925248,18131,7776,486,-10.788771,0.01163743567885831,0.005064984920318238,-3.444133457541466,-59.497906,0.009820540095097386,0.004228449401853141,-3.7142730593681335,,,0.95,0.9,none,3.622591169585341,4.555193006372975,0.2839126855253574,0.0,-76.96916,2468.505194687182,-10.788771
98,1784826699.3902886,,8.0,,8.0,,6.0,,6.0,,10.0,,10.0,,1.0,,1.0,,4.0,,4.0,,2.0,,2.0,,5.0,,5.0,,8.0,,8.0,,8.558162085711956,,6.664961024187505,,9.8673971677199,,1.3476404892280698,,4.277790020452812,,2.418927079066634,,4.919182723388076,,8.8125,0.07275855541229248,-0.0006978465535212308,0.0031265293873730116,1.9929546676576138,0.18068668246269226,0.9224055409431458,0.14910125732421875,0.6044565439224243,0.19391047954559326,0.7580887079238892,0.07250570505857468,7856,0.34662312269210815,5.858320236206055,0.009845292195677757,16089088,18316,7856,491,15.45212,0.009792619368818123,0.004714156202680897,-3.442973938584328,-61.68103,0.009131842534407042,0.0036419626339920796,-3.7536890357732773,,,0.95,0.9,none,3.7088668799502846,4.58837813447185,0.3701023075909811,0.0,-98.71936,2461.330167738002,15.45212
99,1784826764.577118,,8.0,,8.0,,6.0,,6.0,,10.0,,10.0,,1.0,,1.0,,4.0,,4.0,,2.0,,2.0,,5.0,,5.0,,8.0,,8.0,,8.27152995346114,,6.76324088126421,,9.911001596599817,,1.299568627262488,,4.2418787477654405,,2.3088476131670177,,4.909315115772188,,8.9375,0.05719045177102089,0.00017962686251848936,0.0033736233672243543,1.9980119317770004,0.22503553330898285,0.8378154039382935,0.15067225694656372,0.1383579969406128,0.15004204213619232,0.9031397104263306,0.06043928116559982,7936,0.3506844937801361,5.830359935760498,0.008734473027288914,16252928,18478,7936,496,-2.5565286,0.009541996046027634,0.005162267727428116,-3.4682616025209425,-19.92128,0.005144765350269154,0.005582467539352365,-3.779856999218464,,,0.95,0.9,none,3.6982401110894245,5.166818464158374,0.3419729034623682,0.0,-80.51701,2513.39148093353,-2.5565286
100,1784826830.7240577,,8.0,,8.0,,6.0,,6.0,,10.0,,10.0,,1.0,,1.0,,4.0,,4.0,,2.0,,2.0,,5.0,,5.0,,8.0,,8.0,,7.50715302862227,,5.574960874393582,,9.36258476600051,,0.9374716244637966,,3.683776627294719,,1.728976443875581,,4.732123922673054,,7.5,0.10428442060947418,-0.004464304773136973,0.009062753611942753,2.0145388543605804,0.262713223695755,0.873607337474823,0.2008838653564453,0.18284542858600616,0.27877289056777954,0.6754570603370667,0.07169033586978912,8016,0.5009403228759766,5.128381252288818,0.017796704545617104,16416768,18652,8016,501,15.920801,0.009121576511824969,0.004550318786641583,-3.467761020362377,-34.51635,0.01209185824263841,0.003824276791419834,-3.822608144581318,,,0.95,0.9,none,3.253434485548847,4.876723865219941,0.47550151890136294,0.0,-78.33506,2476.909101414134,15.920801
101,1784826899.6840289,,8.0,,8.0,,6.0,,6.0,,10.0,,10.0,,1.0,,1.0,,4.0,,4.0,,2.0,,2.0,,5.0,,5.0,,8.0,,8.0,,8.017782342620194,,5.755779093364254,,9.586550215259194,,0.9832119480706751,,3.932222546543926,,2.101038131164387,,4.7785739242099226,,7.875,0.05298389494419098,-0.00667832643375732,0.0025943891814677045,2.0182325020432472,0.12910212576389313,0.9243374466896057,0.10951192677021027,-0.27009326219558716,0.14351001381874084,0.7268693447113037,0.06624087691307068,8096,0.5147570967674255,5.378769397735596,0.018820108845829964,16580608,18835,8096,506,15.817688,0.007730990118579939,0.006450146345014218,-3.4646706148982047,-40.259052,0.010937200892658438,0.003835243883804651,-3.8546968564391135,,,0.95,0.9,none,3.6253563091024006,4.557127099341529,0.2598053834270227,0.0,-81.663574,2375.871115974128,15.817688
102,1784826967.350305,,8.0,,8.0,,6.0,,6.0,,10.0,,10.0,,1.0,,1.0,,4.0,,4.0,,2.0,,2.0,,5.0,,5.0,,8.0,,8.0,,7.439409057609737,,5.7750596310943365,,9.537415653467178,,0.993382828310132,,3.7758679976686835,,1.8132827116642147,,4.7289972747676075,,8.0,0.15638452768325806,0.00010718422709032893,0.012222685370943509,2.024697296321392,0.3539651036262512,0.8350840210914612,0.30073732137680054,0.23110619187355042,0.3789293169975281,0.7462957501411438,0.0674121230840683,8176,0.46577155590057373,5.257926940917969,0.023645523935556412,16744448,19010,8176,511,16.41338,0.008071556825598236,0.0051119626848958434,-3.508708555996418,-17.151758,0.00897977507847827,0.0016363036978873425,-3.8875253796577454,,,0.95,0.9,none,3.381081007263698,4.149349065517039,0.2851212197860521,0.0,-78.989105,2421.2947636640515,16.41338
103,1784827035.2403479,,8.0,,8.0,,6.0,,6.0,,10.0,,10.0,,1.0,,1.0,,4.0,,4.0,,2.0,,2.0,,5.0,,5.0,,8.0,,8.0,,8.265168200945482,,6.158469577785581,,9.729502514004707,,1.1515010835137218,,4.032351491157897,,2.215276611270383,,4.887236878275871,,7.6875,0.06931057572364807,0.00019914936274290085,0.003943046391214011,2.025858588516712,0.3795718550682068,0.9024772644042969,0.3496902883052826,-0.08319772034883499,0.16522595286369324,0.7921677231788635,0.06306584179401398,8192,0.509286642074585,5.515875816345215,0.14544612169265747,16908288,19216,8256,516,12.409515,0.021425825549522416,0.002966732690401841,-3.535202722251415,-67.51325,0.04887047320371494,0.00697154104418587,-3.954357400536537,,,0.95,0.9,none,3.493315131824854,4.83218880438308,0.3231760637944876,0.0,-88.629326,2413.3152795635497,12.409515
104,1784827103.8898413,,8.0,,8.0,,6.0,,6.0,,10.0,,10.0,,1.0,,1.0,,4.0,,4.0,,2.0,,2.0,,5.0,,5.0,,8.0,,8.0,,7.6988808531314135,,5.802703719120473,,9.554431779310107,,0.8858667660970241,,4.222747604362667,,2.0391473345225677,,4.797161158174276,,8.25,0.08642919361591339,4.222086863592267e-05,0.005317400056810584,2.0293108075857162,0.3099672198295593,0.8409731388092041,0.20075853168964386,-0.01845994032919407,0.22134961187839508,0.6811712384223938,0.05900709703564644,8192,0.514918863773346,5.406367778778076,0.008368492126464844,17072128,19386,8336,521,1.870739,0.014510521019110456,0.0018517419637646526,-3.6189989030361174,-12.347442,0.00827032686356688,0.0031599645764799787,-4.001791575551033,,,0.95,0.9,none,3.470731603870452,4.194169043997375,0.31738785054102164,0.0,-78.41194,2386.615183276888,1.870739
105,1784827174.2000587,,8.0,,8.0,,6.0,,6.0,,10.0,,10.0,,1.0,,1.0,,4.0,,4.0,,2.0,,2.0,,5.0,,5.0,,8.0,,8.0,,8.349690140981693,,6.388620113400975,,9.844521493767388,,1.1034775453153998,,4.324981492012739,,2.161674791481346,,4.782325581181794,,8.3125,0.04714220017194748,-0.005809922469779849,0.000744995430977724,2.0271780267357826,0.12274369597434998,0.9720784425735474,0.08677510917186737,0.03606285899877548,0.10698416829109192,0.6729708313941956,0.058272212743759155,8192,0.46293145418167114,5.658473968505859,0.013180453330278397,17235968,19566,8416,526,1.2895575,0.01077073358464986,0.0059706668253056705,-3.6176279678940775,-44.572445,0.007102344297163654,0.006802358185086632,-4.037613153457642,,,0.95,0.9,none,3.575733054801367,5.172086954043909,0.34025246115733276,0.0,-60.162914,2330.2444841576266,1.2895575
106,1784827243.091749,,8.0,,8.0,,6.0,,6.0,,10.0,,10.0,,1.0,,1.0,,4.0,,4.0,,2.0,,2.0,,5.0,,5.0,,8.0,,8.0,,8.379588640877046,,6.014886170160025,,9.801062458194792,,1.1084525417536497,,3.9002810830716044,,2.1449074398260564,,4.868541949661449,,8.5,0.05791664868593216,-0.0044860123889520764,0.0024828497480484657,2.028479643166065,0.14505277574062347,0.7274184226989746,0.127709299325943,-0.055628884583711624,0.14350087940692902,0.7188987731933594,0.05883723869919777,8192,0.4826728403568268,5.589714527130127,0.024381069466471672,17399808,19742,8496,531,9.833624,0.011270475076162256,0.004015095406066394,-3.6247978121042252,-32.26737,0.014049416399211622,0.002381619290827075,-4.092108145356178,,,0.95,0.9,none,3.7267817962840963,3.678534650908542,0.28422153291931995,0.0,-70.77748,2378.22619757763,9.833624
107,1784827311.195094,,8.0,,8.0,,6.0,,6.0,,10.0,,10.0,,1.0,,1.0,,4.0,,4.0,,2.0,,2.0,,5.0,,5.0,,8.0,,8.0,,8.423154597636312,,6.193056699587032,,9.616858379915357,,1.2395409904420376,,4.153767821379006,,2.071633775078226,,4.9404323268681765,,8.375,0.04404958710074425,-0.0013501724461093545,0.0037644613621523604,2.0264277160167694,0.2685697376728058,0.9193820357322693,0.2819856107234955,-0.08478443324565887,0.11110937595367432,0.5239602327346802,0.0605635866522789,8192,0.48412930965423584,5.62667989730835,0.009982402436435223,17563648,19918,8576,536,-3.7013397,0.013565745303640141,0.0033277471404289825,-3.7097555473446846,-3.0862522,0.004335414840170415,0.00506143728052848,-4.082949343323707,,,0.95,0.9,none,3.6484872011534124,5.272616103421365,0.31000775819825177,0.0,-59.27196,2405.75519370524,-3.7013397
108,1784827379.0885382,,8.0,,8.0,,6.0,,6.0,,10.0,,10.0,,1.0,,1.0,,4.0,,4.0,,2.0,,2.0,,5.0,,5.0,,8.0,,8.0,,7.658862882293761,,5.740850172936916,,9.660410409094766,,0.958065599668771,,3.831034274538979,,1.9634459395892918,,4.80464861728251,,7.5625,0.12997694313526154,-0.0031650548917241395,0.008798240349278785,2.034031741321087,0.27003127336502075,0.7502681612968445,0.2416362762451172,0.4728701114654541,0.32518792152404785,0.5629280805587769,0.058950405567884445,8192,0.5125537514686584,5.272477149963379,0.0173198189586401,17727488,20112,8656,541,-8.933972,0.015464000412612222,0.004959993364172988,-3.7582141786813734,-43.27594,0.009567386886919849,0.0032158444766537285,-4.071629643440247,,,0.95,0.9,none,3.558363708932551,4.324541358960009,0.2777227311564289,0.0,-80.83632,2413.1936661030745,-8.933972
109,1784827447.9548552,,8.0,,8.0,,6.0,,6.0,,10.0,,10.0,,1.0,,1.0,,4.0,,4.0,,2.0,,2.0,,5.0,,5.0,,8.0,,8.0,,7.941376396920532,,5.8001396069303155,,9.668218798295129,,1.0022438631858677,,3.9938387160073034,,2.057510460726917,,4.752109027467668,,8.0,0.026933956891298294,0.00016058183973655105,0.0036945816791558173,2.0376173183321953,0.3065285384654999,1.0418932437896729,0.24391226470470428,-0.09041000157594681,0.06977302581071854,0.6310132741928101,0.056325286626815796,8192,0.5521734952926636,5.40192985534668,0.014568035490810871,17891328,20291,8736,546,8.3092165,0.012508129558409565,0.003909687833947828,-3.7914028808474542,-25.334024,0.010984635577187873,0.0029811683889420237,-4.089367011189461,,,0.95,0.9,none,3.653187683288023,4.3111902549177765,0.34372002856929024,0.0,-67.11458,2379.1019019001246,8.3092165
110,1784827515.0614135,,8.0,,8.0,,6.0,,6.0,,10.0,,10.0,,1.0,,1.0,,4.0,,4.0,,2.0,,2.0,,5.0,,5.0,,8.0,,8.0,,8.452480821404606,,6.524975599721074,,9.776342174038291,,1.2415225961594842,,4.276688235811889,,2.101538909599185,,4.888786792755127,,8.1875,0.051283348351716995,-0.003384018433280289,0.0019080104430031497,2.047671042382717,0.3425394594669342,0.9922893047332764,0.31713882088661194,0.03193478286266327,0.13409045338630676,0.6458315253257751,0.06140569597482681,8192,0.4705435335636139,5.681229591369629,0.02237996831536293,18055168,20480,8816,551,-2.657372,0.013897093944251537,0.004356157715665177,-3.83447101265192,-36.340828,0.02098566120257601,0.0032170852748095056,-4.101340734958649,,,0.95,0.9,none,3.8654716096009296,4.396232681173024,0.2718710912340193,0.0,-75.64366,2441.490336044985,-2.657372
111,1784827583.8027327,,8.0,,8.0,,6.0,,6.0,,10.0,,10.0,,1.0,,1.0,,4.0,,4.0,,2.0,,2.0,,5.0,,5.0,,8.0,,8.0,,8.198813102208078,,6.193153938278556,,9.478803703561425,,0.9880162891931832,,4.3433334194123745,,1.9686458869837224,,4.8922151969745755,,7.8125,0.050929006189107895,9.372783824801445e-05,0.017137504881247878,2.0517042577266693,0.1807468831539154,0.8097664713859558,0.1504056453704834,-0.19383195042610168,0.1255396157503128,0.7775059938430786,0.05646871030330658,8192,0.4723793864250183,5.484435081481934,0.007921071723103523,18219008,20652,8896,556,-9.18051,0.012214877930819056,0.0030611714057158677,-3.8586631253361703,-48.732475,0.010775768000166863,0.005089391487126704,-4.113697838783264,,,0.95,0.9,none,3.712248852915691,5.044477589679564,0.523203931518093,0.0,-75.764565,2383.427836706005,-9.18051
112,1784827651.1525316,,8.0,,8.0,,6.0,,6.0,,10.0,,10.0,,1.0,,1.0,,4.0,,4.0,,2.0,,2.0,,5.0,,5.0,,8.0,,8.0,,7.383405247703195,,5.223829274531454,,9.143732925876975,,0.5397105030715466,,3.7498591877520084,,1.8080075215548277,,4.614094403106719,,7.4375,0.049361828714609146,0.0002903193817473948,0.002523354414734058,2.0598984360694885,0.33014217019081116,0.8856574296951294,0.23830273747444153,-0.06922011077404022,0.1425718367099762,0.6093841791152954,0.05412411689758301,8192,0.35587191581726074,4.987517356872559,0.018207306042313576,18382848,20836,8976,561,7.536998,0.009222851631056983,0.004192973503813846,-3.9028515428304673,-52.662018,0.014668707552482374,0.003890423853590619,-4.112589421868324,,,0.95,0.9,none,3.9664377060726808,4.451319571391468,0.3802047308998375,0.0,-70.41237,2432.6726211682853,7.536998
113,1784827717.993236,,8.0,,8.0,,6.0,,6.0,,10.0,,10.0,,1.0,,1.0,,4.0,,4.0,,2.0,,2.0,,5.0,,5.0,,8.0,,8.0,,8.306958269327879,,6.372097766492516,,9.838102240348235,,1.3804607689380646,,4.309027634561062,,2.390352396760136,,4.930094603449106,,8.6875,0.03973380848765373,-0.006344105000607669,0.015044526058773044,2.0696408599615097,0.22717313468456268,0.7457951903343201,0.2841305434703827,-0.029019275680184364,0.13592511415481567,0.8807641267776489,0.04936619848012924,8192,0.4359174966812134,5.776824951171875,0.057990219444036484,18546688,21015,9056,566,-10.597875,0.010750986431958154,0.0035871002211933954,-3.8717321008443832,-46.233208,0.027559808344813065,0.00285593348526163,-4.131231892108917,,,0.95,0.9,none,3.973495648858824,4.4195197994934095,0.5881211321933655,0.0,-74.53857,2451.2008907509176,-10.597875
114,1784827784.637634,,8.0,,8.0,,6.0,,6.0,,10.0,,10.0,,1.0,,1.0,,4.0,,4.0,,2.0,,2.0,,5.0,,5.0,,8.0,,8.0,,8.92097539640963,,6.607553652487695,,9.772753644734621,,1.3478077361360192,,4.369109145831317,,2.3835863452404737,,4.938946716487408,,8.625,0.055579476058483124,-0.0015098544245120138,0.004671173493989045,2.0774513855576515,0.15837684273719788,0.8805304765701294,0.14942264556884766,0.29893192648887634,0.1436735987663269,0.7089018821716309,0.05620753765106201,8192,0.34133562445640564,5.8707170486450195,0.02064182423055172,18710528,21198,9136,571,1.8631783,0.016062209007213824,0.0032515661179786546,-3.9396508395671845,-35.51609,0.009234271993045695,0.0038569008967897387,-4.178464153409005,,,0.95,0.9,none,3.6304062180811223,5.212616550779666,0.41560904735973203,0.0,-78.55898,2458.4211105120353,1.8631783
115,1784827850.6373484,,8.0,,8.0,,6.0,,6.0,,10.0,,10.0,,1.0,,1.0,,4.0,,4.0,,2.0,,2.0,,5.0,,5.0,,8.0,,8.0,,7.71699164994061,,5.556440602056682,,9.64392001926899,,0.9499127527233213,,3.7744451246690005,,1.8931457830040017,,4.668490851297975,,7.9375,0.039609070867300034,-0.0035839660558849573,0.003773043765249895,2.080631025135517,0.14185597002506256,0.790797233581543,0.11429499089717865,0.08752699196338654,0.11402837187051773,0.882737398147583,0.048110850155353546,8192,0.5252558588981628,5.267605781555176,0.01598549075424671,18874368,21359,9216,576,0.14292145,0.014297435773187317,0.0038939403399126603,-3.998869423568249,-35.732483,0.0058516529621556405,0.0036267346949898638,-4.206234270334244,,,0.95,0.9,none,4.071491681456957,5.532733213225915,0.3704334508283027,0.0,-77.70546,2482.435136289824,0.14292145
116,1784827918.948057,,8.0,,8.0,,6.0,,6.0,,10.0,,10.0,,1.0,,1.0,,4.0,,4.0,,2.0,,2.0,,5.0,,5.0,,8.0,,8.0,,7.48919883556664,,5.590409634634852,,9.404286075150594,,0.7826291634701192,,3.751021208241582,,1.6614821539260447,,4.612246814183891,,7.75,0.08670114725828171,-0.0015798655804246664,0.003535379688401008,2.091705434024334,0.3224394917488098,0.914788544178009,0.23681125044822693,-0.05659407377243042,0.21429261565208435,0.828039824962616,0.04638189449906349,8192,0.47505512833595276,5.130159378051758,0.010314356535673141,19038208,21523,9296,581,17.24682,0.006697716965572908,0.0031804281039512715,-4.021538832783699,-26.289804,0.007906814047601074,0.00397371194922016,-4.253544124960899,,,0.95,0.9,none,4.0234279111502484,5.04020466777448,0.2838793653193976,0.0,-67.04478,2398.4525150996587,17.24682
117,1784827986.1265213,,8.0,,8.0,,6.0,,6.0,,10.0,,10.0,,1.0,,1.0,,4.0,,4.0,,2.0,,2.0,,5.0,,5.0,,8.0,,8.0,,8.143729224801064,,5.556902493350208,,9.59778717905283,,0.8548418841091916,,3.9577254191972315,,2.0805290043354034,,4.847973006006214,,7.875,0.045861124992370605,-0.005262427963316441,0.016399570093199145,2.096198432147503,0.24802936613559723,0.9797613024711609,0.26133468747138977,-0.015034722164273262,0.11090241372585297,0.8468334674835205,0.04601167142391205,8192,0.5093456506729126,5.364311218261719,0.03170163929462433,19202048,21696,9376,586,17.794687,0.0068920991907361895,0.006017038819845766,-4.108040437102318,-42.95884,0.01605196604214143,0.003813617571722716,-4.285049337148666,,,0.95,0.9,none,4.281995043967203,4.953538226190453,0.5286463986796125,0.0,-81.258064,2438.8785938866718,17.794687
118,1784828052.9880278,,8.0,,8.0,,6.0,,6.0,,10.0,,10.0,,1.0,,1.0,,4.0,,4.0,,2.0,,2.0,,5.0,,5.0,,8.0,,8.0,,8.759435115382075,,6.937610637396574,,9.832815643399954,,1.2640053962823004,,4.209739339537919,,2.203043811954558,,4.974702621344477,,8.5625,0.02851805090904236,-0.013211715006036684,0.0022697552440149593,2.097182981669903,0.3259621262550354,0.7145859599113464,0.2645303010940552,0.28445327281951904,0.09042380750179291,0.5798554420471191,0.05001188814640045,8192,0.32876139879226685,5.842981338500977,0.012709151953458786,19365888,21873,9456,591,18.09346,0.006788739611511119,0.004403639501106227,-4.120983973145485,-33.576714,0.008516167516791028,0.004979249176540179,-4.317764195799827,,,0.95,0.9,none,4.192297233043703,4.600310212566266,0.3209843142309021,0.0,-78.35193,2450.436622020935,18.09346
119,1784828120.5058234,,8.0,,8.0,,6.0,,6.0,,10.0,,10.0,,1.0,,1.0,,4.0,,4.0,,2.0,,2.0,,5.0,,5.0,,8.0,,8.0,,7.912825873121619,,5.86364906327799,,9.525622000917792,,0.8321313820779324,,4.084574121981859,,1.7362991855479777,,4.813510166481137,,7.8125,0.0730733647942543,5.011900793761015e-05,0.004173746594460681,2.107734128832817,0.15151219069957733,0.9874840974807739,0.11174926906824112,-0.009626503102481365,0.18748822808265686,0.5541949272155762,0.05046030133962631,8192,0.5369894504547119,5.322638988494873,0.013195525854825974,19529728,22049,9536,596,17.918255,0.007841290660144296,0.005416865710867569,-4.115131694078445,-24.692244,0.005916122811322566,0.006245211679924978,-4.341585487127304,,,0.95,0.9,none,4.23047338356241,6.05351888483781,0.22580981851655807,0.0,-66.21511,2426.6194975297785,17.918255
120,1784828189.095068,,8.0,,8.0,,6.0,,6.0,,10.0,,10.0,,1.0,,1.0,,4.0,,4.0,,2.0,,2.0,,5.0,,5.0,,8.0,,8.0,,7.732850812782999,,6.12799029553571,,9.679997582919896,,0.9846763741225004,,3.8674737901892513,,2.0519693966489285,,4.74611129029654,,8.0,0.10524113476276398,-0.003716631908901036,0.00786159465496894,2.102786563336849,0.21524080634117126,0.8892679214477539,0.12988479435443878,0.20185580849647522,0.26911646127700806,0.749049961566925,0.047872114926576614,8192,0.5201348066329956,5.39888334274292,0.011280328035354614,19693568,22215,9616,601,19.285734,0.006669108000642155,0.003196818085416453,-4.11821101307869,-19.952988,0.0035922301052778494,0.005467109646997414,-4.348981815576553,,,0.95,0.9,none,3.933092822151944,5.47796163656381,0.36272183652184686,0.0,-50.237133,2388.7128560423175,19.285734
121,1784828254.768897,,8.0,,8.0,,6.0,,6.0,,10.0,,10.0,,1.0,,1.0,,4.0,,4.0,,2.0,,2.0,,5.0,,5.0,,8.0,,8.0,,7.6551861902698874,,5.679502480663359,,9.341421808348969,,0.7644022894091904,,4.165184801910073,,1.8093449547886848,,4.732586953497957,,7.8125,0.09453338384628296,-0.008483780606184155,0.0058360795374028385,2.109521873295307,0.4360446333885193,0.869962215423584,0.7285802364349365,0.26200181245803833,0.2275133579969406,0.7215783596038818,0.046140026301145554,8192,0.5140513181686401,5.245016098022461,0.03487413749098778,19857408,22409,9696,606,-17.709538,0.010962655339972116,0.003119224043621216,-4.185852724313736,-56.51594,0.019107757066376508,0.006399782565858913,-4.318573260307312,,,0.95,0.9,none,4.034788865420433,5.6746256284535725,0.32504863253261324,0.0,-78.70979,2494.753422283279,-17.709538
122,1784828321.5727794,,8.0,,8.0,,6.0,,6.0,,10.0,,10.0,,1.0,,1.0,,4.0,,4.0,,2.0,,2.0,,5.0,,5.0,,8.0,,8.0,,8.232731055933982,,6.198436087928712,,9.953368991613388,,1.2398635684512556,,4.202033416251652,,2.341153184417635,,4.860753513872623,,8.25,0.11429470777511597,-3.395392559468746e-05,0.004202620853902772,2.1018410474061966,0.23952743411064148,0.8320876359939575,0.23618215322494507,-0.0467538945376873,0.26873645186424255,0.5670403838157654,0.05380239710211754,8192,0.46443480253219604,5.659792900085449,0.027313167229294777,20021248,22589,9776,611,-6.1590414,0.00949170965468511,0.004989873863814864,-4.242653200030327,-39.401962,0.020651609566994012,0.005786510572943371,-4.317862966656685,,,0.95,0.9,none,4.1991007086638765,5.300645072851422,0.27779275991857016,0.0,-77.51027,2452.552682252229,-6.1590414
123,1784828388.0177393,,8.0,,8.0,,6.0,,6.0,,10.0,,10.0,,1.0,,1.0,,4.0,,4.0,,2.0,,2.0,,5.0,,5.0,,8.0,,8.0,,8.514804139500484,,6.43442825274542,,9.940049143508077,,0.9754258636385202,,4.17230105958879,,2.3805577121675014,,4.915097360499203,,8.6875,0.06688828766345978,-0.0037748991744592786,0.012377444465528242,2.1043556928634644,0.18654713034629822,0.834993839263916,0.18322357535362244,0.09058105945587158,0.17593319714069366,0.5355887413024902,0.051224485039711,8192,0.4088481664657593,5.752520561218262,0.00794296246021986,20185088,22766,9856,616,19.1785,0.007342738706211094,0.002638940899487352,-4.240115523338318,-15.623596,0.005847813120635692,0.006207776442170143,-4.327805736660958,,,0.95,0.9,none,4.125148959518462,6.091951553756589,0.489639045044744,0.0,-78.43779,2465.799370445146,19.1785
124,1784828456.6825857,,8.0,,8.0,,6.0,,6.0,,10.0,,10.0,,1.0,,1.0,,4.0,,4.0,,2.0,,2.0,,5.0,,5.0,,8.0,,8.0,,8.422317632939667,,6.69124701153487,,9.94060563039966,,1.1904593736398965,,4.281815771595575,,2.3983234455808997,,4.947379136458039,,8.6875,0.040440633893013,-0.0008629320072941482,0.0007634586218046024,2.1039913073182106,0.2049376666545868,0.9582913517951965,0.12110374867916107,0.13192851841449738,0.10929359495639801,0.8108764886856079,0.044006217271089554,8192,0.4037855565547943,5.819955825805664,0.016632864251732826,20348928,22934,9936,621,19.037195,0.007861876253446098,0.004356957130949013,-4.226619246602058,-23.115002,0.006993693254480604,0.005073177599115297,-4.41828963458538,,,0.95,0.9,none,4.073878814380784,5.123172106673781,0.27237876444748543,0.0,-66.51073,2386.0825502894468,19.037195
125,1784828522.8935735,,8.0,,8.0,,6.0,,6.0,,10.0,,10.0,,1.0,,1.0,,4.0,,4.0,,2.0,,2.0,,5.0,,5.0,,8.0,,8.0,,7.651530756149441,,5.628873402602039,,9.189513724297285,,0.8080089406576008,,3.7701309407129884,,1.9186150920577347,,4.611836540629156,,7.375,0.042315639555454254,-0.002769195183645934,0.003156275844958145,2.116131454706192,0.24488985538482666,0.8923359513282776,0.21842674911022186,-0.006323587149381638,0.13163307309150696,0.6610410213470459,0.05189768224954605,8192,0.4879609942436218,5.119189262390137,0.01060632523149252,20512768,23110,10016,626,19.947258,0.007827944283781108,0.004947913177602459,-4.258462488651276,-16.132374,0.007876884756842627,0.00445867075904971,-4.397828903794289,,,0.95,0.9,none,4.262325315800885,4.731630450615613,0.3496581124875094,0.0,-75.58717,2474.5151929154836,19.947258
126,1784828590.4436731,,8.0,,8.0,,6.0,,6.0,,10.0,,10.0,,1.0,,1.0,,4.0,,4.0,,2.0,,2.0,,5.0,,5.0,,8.0,,8.0,,8.661890580318868,,6.314516487531364,,9.90565845835954,,1.1047033369541168,,4.212158739101142,,2.3306093646679074,,4.9011776791885495,,8.5,0.033495958894491196,-2.26474367082119e-05,0.003098670506005874,2.1280598118901253,0.18792667984962463,0.7160905003547668,0.16774873435497284,-0.1328858882188797,0.10136248916387558,0.6763468980789185,0.04447034001350403,8192,0.45493730902671814,5.741339206695557,0.0312604196369648,20676608,23294,10096,631,-6.247022,0.009812873444752767,0.004607322713854956,-4.228325074911117,-31.07417,0.018996549164876343,0.004414995769911912,-4.375388100743294,,,0.95,0.9,none,3.4376907295555545,4.902457419541399,0.3447452561899038,0.0,-68.88731,2425.4582398425487,-6.247022
127,1784828656.4073777,,8.0,,8.0,,6.0,,6.0,,10.0,,10.0,,1.0,,1.0,,4.0,,4.0,,2.0,,2.0,,5.0,,5.0,,8.0,,8.0,,8.250847244635224,,5.902115294593386,,9.692398473620415,,1.2586437573481817,,4.142284125788137,,2.1302233655005693,,4.894450929947197,,8.25,0.04674052819609642,0.00013323250459507108,0.0021163975707167992,2.137378714978695,0.19210565090179443,0.8280981779098511,0.12461531162261963,0.04120809584856033,0.12587085366249084,0.7406383156776428,0.04047271981835365,8192,0.5225439667701721,5.565120220184326,0.027215074747800827,20840448,23462,10176,636,11.653494,0.008061535077285954,0.0030393189095775596,-4.275411927700043,-29.907833,0.009256851230747997,0.004317453783005476,-4.383189129829407,,,0.95,0.9,none,3.724738373035585,5.956264617946196,0.25447560324647456,0.0,-74.6666,2483.789912685459,11.653494
128,1784828723.7568974,,8.0,,8.0,,6.0,,6.0,,10.0,,10.0,,1.0,,1.0,,4.0,,4.0,,2.0,,2.0,,5.0,,5.0,,8.0,,8.0,,7.851015932392329,,5.457839767914265,,9.389539774507284,,0.8074856912717223,,3.6868723668158054,,1.7082311706617475,,4.8051708830171265,,7.5,0.08871415257453918,-0.016631128499284387,0.004165318023297004,2.1454102024435997,0.20846378803253174,0.9263020157814026,0.17442993819713593,-0.46435266733169556,0.21974743902683258,0.7285531163215637,0.03789258748292923,8192,0.48294320702552795,5.15077018737793,0.015733513981103897,21004288,23637,10256,641,-14.324269,0.008972149313194677,0.005571822510682977,-4.275043067336083,-60.50996,0.010928119943127968,0.004059449771011714,-4.40871225297451,,,0.95,0.9,none,4.624726285599239,4.992419884006673,0.3268857121175708,0.0,-56.964954,2432.6825255215185,-14.324269
129,1784828790.6691961,,8.0,,8.0,,6.0,,6.0,,10.0,,10.0,,1.0,,1.0,,4.0,,4.0,,2.0,,2.0,,5.0,,5.0,,8.0,,8.0,,8.194510240107775,,5.971340011805296,,9.495666798204184,,0.8908984735608101,,3.8878467676695436,,1.8214668743312359,,4.765508352778852,,7.6875,0.056536056101322174,0.00014273234410211444,0.002546888488723198,2.15530925989151,0.3290335237979889,0.9742648601531982,0.28853389620780945,-0.1145370751619339,0.15991874039173126,0.7895235419273376,0.035639163106679916,8192,0.5747683048248291,5.33934211730957,0.026139643043279648,21168128,23805,10336,646,13.000766,0.0072987254316103645,0.005020840995712206,-4.235188719630242,-9.851954,0.006086698359285947,0.0030932220251997933,-4.367452475428581,,,0.95,0.9,none,4.363894578202958,5.338873721810975,0.24780223725834366,0.0,-63.150475,2448.577950974819,13.000766
130,1784828856.1960058,,8.0,,8.0,,6.0,,6.0,,10.0,,10.0,,1.0,,1.0,,4.0,,4.0,,2.0,,2.0,,5.0,,5.0,,8.0,,8.0,,8.176785139366984,,6.397436996921897,,9.836562849581242,,1.018924588803202,,4.198978318832815,,2.2481472101062536,,4.8732415391132236,,8.4375,0.08294672518968582,-0.007051740773022175,0.002206998189649312,2.150584824383259,0.2129872590303421,0.9395173788070679,0.14147047698497772,0.05636608228087425,0.21892085671424866,0.5758329033851624,0.03517143428325653,8192,0.508080005645752,5.648447036743164,0.017386779189109802,21331968,23984,10416,651,11.352339,0.0068973324101534676,0.0033891205996042116,-4.227102193236351,-34.439476,0.01757464351831004,0.005690381732711103,-4.358800703287125,,,0.95,0.9,none,3.997279241868354,5.101008223849375,0.2872137049804264,0.0,-81.09768,2500.3506194639417,11.352339
131,1784828922.0425103,,8.0,,8.0,,6.0,,6.0,,10.0,,10.0,,1.0,,1.0,,4.0,,4.0,,2.0,,2.0,,5.0,,5.0,,8.0,,8.0,,8.202107052085921,,6.442585853859782,,9.721134561114013,,1.0048213126137853,,3.9945965483784676,,1.8404564801603556,,4.9084657116327435,,7.875,0.10901913046836853,-0.01069003128213808,0.011129246457130648,2.148987926542759,0.24534641206264496,0.9724324941635132,0.254130095243454,-0.25478580594062805,0.28560560941696167,0.5548709630966187,0.040043335407972336,8192,0.5467780232429504,5.498645782470703,0.020474622026085854,21495808,24174,10496,656,-6.6008134,0.009879813478619326,0.004198392528633121,-4.273572042584419,-13.435654,0.010630337265320122,0.004886368608276825,-4.333087339997292,,,0.95,0.9,none,4.098492141917147,5.522717085543275,0.32911697787104044,0.0,-76.19094,2488.211101032663,-6.6008134
132,1784828988.0599897,,8.0,,8.0,,6.0,,6.0,,10.0,,10.0,,1.0,,1.0,,4.0,,4.0,,2.0,,2.0,,5.0,,5.0,,8.0,,8.0,,8.462458247318864,,6.020879388786852,,9.758037777617574,,1.1175917469081469,,3.9902126335073262,,1.9583694444445428,,4.851428598165512,,8.0,0.039580851793289185,-0.002134334179572761,0.003243271610699594,2.150754891335964,0.1981305032968521,0.8319597244262695,0.13606122136116028,-0.347691148519516,0.1017378568649292,0.6088643074035645,0.04618927091360092,8192,0.5198296308517456,5.519872188568115,0.020996900275349617,21659648,24387,10576,661,-8.064794,0.008366850447782782,0.004203159624739783,-4.3037443339824675,-54.053795,0.01779172121314332,0.003197899441875052,-4.306178104877472,,,0.95,0.9,none,4.3615885861459684,5.253277891712585,0.3366985817013344,0.0,-75.47211,2481.767175800657,-8.064794
133,1784829052.8194413,,8.0,,8.0,,6.0,,6.0,,10.0,,10.0,,1.0,,1.0,,4.0,,4.0,,2.0,,2.0,,5.0,,5.0,,8.0,,8.0,,7.61197720002383,,5.746582834050059,,9.820419335737824,,1.003157464787364,,3.9393097192805726,,2.100928273051977,,4.816078621894121,,7.75,0.10974209010601044,-0.000800149398855865,0.005223952262895182,2.1595364212989807,0.15537384152412415,0.8374447226524353,0.14259476959705353,-0.29229724407196045,0.263162761926651,0.6939934492111206,0.04281645640730858,8192,0.5129822492599487,5.3485565185546875,0.014062619768083096,21823488,24577,10656,666,20.179527,0.009527342369256075,0.003899574115348514,-4.269416972994804,-29.992268,0.007908138143830002,0.0041221113249775955,-4.324760851264,,,0.95,0.9,none,3.9136975398467535,5.581514025312651,0.24884241210079305,0.0,-83.08398,2529.977893476812,20.179527
134,1784829117.739957,,8.0,,8.0,,6.0,,6.0,,10.0,,10.0,,1.0,,1.0,,4.0,,4.0,,2.0,,2.0,,5.0,,5.0,,8.0,,8.0,,7.822905492968857,,5.815968083566986,,9.5288988603279,,0.8154480876401067,,4.1177171401213855,,1.848522323416546,,4.83883255161345,,7.8125,0.05925019830465317,8.470402099192142e-05,0.0034154022905568127,2.1614099964499474,0.1248781681060791,0.7898253202438354,0.10533933341503143,0.07255442440509796,0.1510280966758728,0.7334500551223755,0.03726062551140785,8192,0.5311844944953918,5.325098991394043,0.03434709459543228,21987328,24776,10736,671,1.8125908,0.013814654748421163,0.0024681403214344756,-4.301703447103501,-59.277935,0.01513926416519098,0.007110237279266585,-4.334212237596512,,,0.95,0.9,none,3.886486315643457,5.721665338657644,0.2519815838094061,0.0,-73.81116,2523.7014689233256,1.8125908
135,1784829184.3251364,,8.0,,8.0,,6.0,,6.0,,10.0,,10.0,,1.0,,1.0,,4.0,,4.0,,2.0,,2.0,,5.0,,5.0,,8.0,,8.0,,8.173812912893482,,5.932111895643175,,9.641521259909496,,1.121675031259656,,4.036593457683921,,2.161889503360726,,4.874620062299073,,7.6875,0.1030530110001564,-0.010579767520539463,0.006501788644527551,2.159385696053505,0.20641709864139557,0.9297795295715332,0.1464935839176178,-0.026717156171798706,0.27312803268432617,0.8060726523399353,0.037100013345479965,8192,0.5279912352561951,5.453715801239014,0.01510609406977892,22151168,24948,10816,676,11.383886,0.010814595565898344,0.004917846361422562,-4.283875894546509,-15.239253,0.005729196735774167,0.005231185495358659,-4.317860504984855,,,0.95,0.9,none,4.135094103416305,5.638606316381752,0.2682879522876242,0.0,-80.69618,2460.6076640097754,11.383886
136,1784829250.5355911,,8.0,,8.0,,6.0,,6.0,,10.0,,10.0,,1.0,,1.0,,4.0,,4.0,,2.0,,2.0,,5.0,,5.0,,8.0,,8.0,,7.8812614642083645,,6.211461321916431,,9.674751726910472,,0.8247153330594301,,4.0427856128662825,,1.9234789867768995,,4.815189313143492,,8.125,0.0704367607831955,0.0001446274109184742,0.0061264079849934205,2.1611949503421783,0.38717377185821533,0.7258129715919495,0.40978336334228516,-0.12226267904043198,0.16847096383571625,0.43363916873931885,0.04353871941566467,8192,0.5455381870269775,5.43733024597168,0.02686767838895321,22315008,25162,10896,681,12.952974,0.007989463100966532,0.0028688122409221252,-4.280836060643196,-34.45928,0.01799101037613582,0.004398654960459681,-4.296645554900169,,,0.95,0.9,none,3.8062992110862326,4.658758725527767,0.3502785572857534,0.0,-80.78015,2474.5336314958645,12.952974
137,1784829316.3998585,,8.0,,8.0,,6.0,,6.0,,10.0,,10.0,,1.0,,1.0,,4.0,,4.0,,2.0,,2.0,,5.0,,5.0,,8.0,,8.0,,8.189644983038306,,6.188122548162937,,9.640799013897777,,1.121011437382549,,3.9907947690808214,,2.0907155834138393,,4.71160269046959,,7.5625,0.06611820310354233,-0.005541264894418418,0.005791132989543257,2.163342736661434,0.25937867164611816,0.8231669068336487,0.20942550897598267,0.13792113959789276,0.16637097299098969,0.6651729941368103,0.048027731478214264,8192,0.5354613661766052,5.436898708343506,0.01789599098265171,22478848,25342,10976,686,-1.566783,0.0232942923263181,0.005079745690454729,-4.276612466573715,-36.281925,0.012691918277414515,0.005238656168512534,-4.322387623786926,,,0.95,0.9,none,4.23814280074285,5.300887796501769,0.35166633963591454,0.0,-84.11006,2487.540061949016,-1.566783
138,1784829381.2023094,,8.0,,8.0,,6.0,,6.0,,10.0,,10.0,,1.0,,1.0,,4.0,,4.0,,2.0,,2.0,,5.0,,5.0,,8.0,,8.0,,8.109302089025732,,5.958781823981553,,9.740646809339523,,1.129170169122517,,3.864390735514462,,2.1085703724529594,,4.750553697813302,,8.125,0.07575224339962006,-0.015184730407781899,0.0038072460192779545,2.164702333509922,0.33653560280799866,1.0361733436584473,0.33271199464797974,-0.12989190220832825,0.20883548259735107,0.48073482513427734,0.04919023811817169,8192,0.5415345430374146,5.473301887512207,0.012520762160420418,22642688,25523,11056,691,9.522627,0.012996827487950214,0.003405894074239768,-4.315683075785637,-19.282314,0.00676644758641487,0.0028975644381716847,-4.304940071702004,,,0.95,0.9,none,4.11030013198828,4.6297380421935,0.2847293258240695,0.0,-89.81407,2528.300246723705,9.522627
139,1784829446.878266,,8.0,,8.0,,6.0,,6.0,,10.0,,10.0,,1.0,,1.0,,4.0,,4.0,,2.0,,2.0,,5.0,,5.0,,8.0,,8.0,,7.705746982246637,,5.5221490152180195,,9.414471697062254,,0.9652545135468245,,3.766890573722776,,1.7020165910944343,,4.716869021533057,,7.5,0.037099722772836685,-0.00047923746751621366,0.0038388651209970703,2.1610013097524643,0.3033219873905182,0.9553587436676025,0.24897156655788422,0.4397764801979065,0.1043505072593689,0.6728231906890869,0.045169129967689514,8192,0.5197739601135254,5.161674976348877,0.018065419048070908,22806528,25715,11136,696,11.957734,0.006916659793932922,0.005062431102851405,-4.30488772392273,-26.34076,0.0063213268731487915,0.004186890136043076,-4.296574947237969,,,0.95,0.9,none,4.260650686178475,5.15185743325671,0.3334297617118857,0.0,-72.54925,2494.6716019345326,11.957734
140,1784829510.4608085,,8.0,,8.0,,6.0,,6.0,,10.0,,10.0,,1.0,,1.0,,4.0,,4.0,,2.0,,2.0,,5.0,,5.0,,8.0,,8.0,,8.057858312502503,,6.290891816839576,,9.712988974526525,,1.0764448747504503,,4.010090353433043,,1.839078851044178,,4.830695819109678,,8.375,0.032871682196855545,8.933024946600199e-05,0.0022244453757593874,2.1688456684350967,0.2300328016281128,0.8730760812759399,0.14388734102249146,0.07394789904356003,0.083296038210392,0.8469123244285583,0.03896830230951309,8192,0.5428209900856018,5.5241312980651855,0.009592831134796143,22970368,25882,11216,701,12.166576,0.008488671273516957,0.004508899096981623,-4.299236285686493,-18.783737,0.010101801223936491,0.0027602594564086758,-4.311352235078812,,,0.95,0.9,none,4.096024747925481,4.543214670637148,0.2589974209688185,0.0,-82.73093,2576.8079427772127,12.166576
141,1784829574.654267,,8.0,,8.0,,6.0,,6.0,,10.0,,10.0,,1.0,,1.0,,4.0,,4.0,,2.0,,2.0,,5.0,,5.0,,8.0,,8.0,,7.890042327344418,,5.783566138707101,,9.617960247211158,,0.7591973659582436,,3.8365633310750127,,2.137631900055567,,4.685015616938472,,7.9375,0.04006268456578255,1.6482139471918344e-05,0.003157072529575089,2.170475296676159,0.2209387719631195,0.8380227088928223,0.18163521587848663,0.11876919865608215,0.14028851687908173,0.8483816385269165,0.034760214388370514,8192,0.5178714394569397,5.330935001373291,0.024510346353054047,23134208,26067,11296,706,3.9724464,0.01698166883434169,0.0040988038024806885,-4.3468878954648975,-42.54035,0.009674105333397165,0.0023788839098415338,-4.367833998799324,,,0.95,0.9,none,4.1563990477978665,5.361507081555215,0.1790076938365746,0.0,-79.60417,2552.2848808809363,3.9724464
142,1784829637.7696347,,8.0,,8.0,,6.0,,6.0,,10.0,,10.0,,1.0,,1.0,,4.0,,4.0,,2.0,,2.0,,5.0,,5.0,,8.0,,8.0,,7.58852949924767,,5.668404819443822,,9.297450885176659,,0.7656940806191415,,3.994161610957235,,1.945576955768047,,4.744486146606505,,7.875,0.18677955865859985,-0.0006875057588331401,0.03252842411166057,2.170502692461014,0.19173836708068848,0.9303330779075623,0.14347133040428162,-0.1777840554714203,0.49866214394569397,0.5999829769134521,0.042933907359838486,8192,0.5433048605918884,5.234912872314453,0.03400222584605217,23298048,26252,11376,711,17.09047,0.00984558846539585,0.004629329874296673,-4.356654989719391,-43.730976,0.012341330002527684,0.004072112038556952,-4.4188703954219815,,,0.95,0.9,none,4.096022865466537,5.690128071726993,0.3152446210306681,0.0,-76.14309,2595.8814227163025,17.09047
143,1784829701.5493507,,8.0,,8.0,,6.0,,6.0,,10.0,,10.0,,1.0,,1.0,,4.0,,4.0,,2.0,,2.0,,5.0,,5.0,,8.0,,8.0,,8.548131722956896,,6.569590345956385,,9.750496773049235,,1.3142366791144013,,4.35094584710896,,2.3270198851823807,,4.895449432369787,,8.5625,0.06491047888994217,-0.001944425021065399,0.0025411459064343944,2.178519271314144,0.10485397279262543,0.8566694855690002,0.08470974862575531,0.06648853421211243,0.16465075314044952,0.6665675640106201,0.0458531528711319,8192,0.4228653609752655,5.789795875549316,0.009518900886178017,23461888,26437,11456,716,5.0830803,0.01065361635410227,0.004636965034296736,-4.341765639185906,-32.74265,0.006264405956608243,0.003797581631806679,-4.443236005306244,,,0.95,0.9,none,3.856882555455333,5.694879066692851,0.3391662162041794,0.0,-81.57536,2568.84297180059,5.0830803
144,1784829765.4600356,,8.0,,8.0,,6.0,,6.0,,10.0,,10.0,,1.0,,1.0,,4.0,,4.0,,2.0,,2.0,,5.0,,5.0,,8.0,,8.0,,7.475436087697744,,5.860368779394776,,9.396939607337117,,0.8803270552307367,,3.8349717194214463,,1.7547487234696746,,4.83896329975687,,7.3125,0.06275902688503265,-0.008810608531348407,0.0014549979805451585,2.183111608028412,0.242258220911026,0.9437710046768188,0.20981191098690033,-0.11895778030157089,0.14855308830738068,0.6224707961082458,0.04533439502120018,8192,0.49606096744537354,5.169281482696533,0.02572992816567421,23625728,26626,11536,721,13.872404,0.008899667230434716,0.003657506438321434,-4.3388404041528705,-30.59373,0.011599409079644829,0.005471764563117177,-4.4616737276315686,,,0.95,0.9,none,4.025830725352024,5.11458095478434,0.24834643262062472,0.0,-84.338684,2563.5763132103802,13.872404
145,1784829830.4798887,,8.0,,8.0,,6.0,,6.0,,10.0,,10.0,,1.0,,1.0,,4.0,,4.0,,2.0,,2.0,,5.0,,5.0,,8.0,,8.0,,8.479464885778725,,6.4302610219456255,,9.903373246081173,,1.03555026371032,,4.2247307524085045,,2.314406849909574,,4.949155538575724,,8.1875,0.04377681016921997,-0.00021730310982093215,0.0041593548776290845,2.1927460432052612,0.2606029510498047,0.8379538655281067,0.2546617388725281,-0.04333440586924553,0.11742183566093445,0.7312396764755249,0.046118348836898804,8192,0.4792766273021698,5.690555095672607,0.025138014927506447,23789568,26804,11616,726,22.024952,0.007231288937327917,0.0026173024496529253,-4.330050504207611,-19.931934,0.014736501002334989,0.003579518056358211,-4.496549990773201,,,0.95,0.9,none,4.140608281580997,5.3651986976059,0.30599719350285276,0.0,-79.165504,2519.8459281843598,22.024952
146,1784829894.703384,,8.0,,8.0,,6.0,,6.0,,10.0,,10.0,,1.0,,1.0,,4.0,,4.0,,2.0,,2.0,,5.0,,5.0,,8.0,,8.0,,7.84180095186457,,5.560672065243125,,9.278588682413101,,0.8056964837014675,,3.8301241839653812,,1.8099668517243117,,4.727539759129286,,7.875,0.08537702262401581,-0.0009126902732532471,0.0058437759726075456,2.1932833567261696,0.3189964294433594,0.8099603652954102,0.24970942735671997,0.07757391780614853,0.22349363565444946,0.7122691869735718,0.04000760614871979,8192,0.5376366376876831,5.21617317199707,0.041757192462682724,23953408,26992,11696,731,5.3656974,0.011527346094953827,0.0036261381887015887,-4.354729783535004,-28.485636,0.0137518982461188,0.0026269185313140043,-4.461019700765609,,,0.95,0.9,none,4.222463218496419,4.709119386833872,0.22031758914819477,0.0,-79.41775,2551.0911228297887,5.3656974
147,1784829958.7355347,,8.0,,8.0,,6.0,,6.0,,10.0,,10.0,,1.0,,1.0,,4.0,,4.0,,2.0,,2.0,,5.0,,5.0,,8.0,,8.0,,8.09706096444279,,5.850659726187587,,9.659420715179294,,1.0244475677609444,,4.13185394462198,,2.1152512274566106,,4.81509452778846,,8.25,0.046529464423656464,-0.013747513963608071,0.0010968912956741406,2.1895764768123627,0.17740404605865479,0.9996650815010071,0.15056729316711426,0.2731536328792572,0.11527370661497116,0.6139866709709167,0.04902316629886627,8192,0.5423921942710876,5.492973327636719,0.045756202191114426,24117248,27178,11776,736,21.238958,0.010133556590881198,0.004262725432636216,-4.345290187001228,-38.625587,0.017487486146274024,0.0035195301155908965,-4.48333754837513,,,0.95,0.9,none,4.038926121318842,4.401507637426782,0.2936679225467187,0.0,-67.13287,2558.714560695057,21.238958
148,1784830025.4630892,,8.0,,8.0,,6.0,,6.0,,10.0,,10.0,,1.0,,1.0,,4.0,,4.0,,2.0,,2.0,,5.0,,5.0,,8.0,,8.0,,8.062513212673366,,6.1699237012071535,,9.70114762475714,,1.0376291377469897,,4.085743608884513,,2.0017362274229527,,4.86538799747359,,8.5,0.033020421862602234,-0.004667896835599095,0.0013307535627973266,2.1908293291926384,0.2646826505661011,0.9122763872146606,0.20973356068134308,-0.029536230489611626,0.08663775771856308,0.5736215114593506,0.045480042695999146,8192,0.5451712608337402,5.553009986877441,0.013521673157811165,24281088,27354,11856,741,-7.0205207,0.010940752793976572,0.004763993347296491,-4.3361242562532425,-17.201036,0.009142005555622746,0.0019304923065647018,-4.492398142814636,,,0.95,0.9,none,4.030238731956851,4.4184035454500075,0.25459782460987496,0.0,-78.449425,2455.3575640094227,-7.0205207
149,1784830090.949439,,8.0,,8.0,,6.0,,6.0,,10.0,,10.0,,1.0,,1.0,,4.0,,4.0,,2.0,,2.0,,5.0,,5.0,,8.0,,8.0,,7.712476486340165,,5.97239643370267,,9.599841775372624,,0.948111399775371,,3.737348241964355,,1.9093272159807384,,4.752203934593126,,7.9375,0.043534111231565475,-0.005195953825023025,0.006794678687583655,2.1994114816188812,0.2213282585144043,0.8759797811508179,0.1735730618238449,0.05544401332736015,0.12940946221351624,0.6885411739349365,0.04377983510494232,8192,0.5304114818572998,5.321150302886963,0.01483068335801363,24444928,27540,11936,746,21.692276,0.009668169099313673,0.006262948494986631,-4.3544632405042645,-29.262518,0.010198148828931154,0.005157819184387335,-4.529980933666229,,,0.95,0.9,none,3.8324095349815663,5.229561790014141,0.349363029920285,0.0,-76.37651,2501.895404975269,21.692276
150,1784830157.6451461,,8.0,,8.0,,6.0,,6.0,,10.0,,10.0,,1.0,,1.0,,4.0,,4.0,,2.0,,2.0,,5.0,,5.0,,8.0,,8.0,,8.6411371845752,,6.854709781706333,,9.668695813044906,,1.1337541990214959,,4.164974414394237,,2.0698161176405847,,4.877335144672543,,8.1875,0.04656558856368065,-0.005598769581411034,0.009664239478297532,2.2025180757045746,0.19324243068695068,0.8881949186325073,0.20089088380336761,0.0718299150466919,0.1426822543144226,0.5274219512939453,0.04564911872148514,8192,0.45503857731819153,5.699740409851074,0.01856897585093975,24608768,27740,12016,751,11.7706585,0.010579491536191199,0.004626195288437884,-4.317668595910073,-23.867105,0.0105849901039619,0.003721276030410081,-4.553229883313179,,,0.95,0.9,none,3.860835773876306,5.307036972223874,0.4666769115595766,0.0,-86.10036,2456.530974023709,11.7706585
151,1784830221.1604853,,8.0,,8.0,,6.0,,6.0,,10.0,,10.0,,1.0,,1.0,,4.0,,4.0,,2.0,,2.0,,5.0,,5.0,,8.0,,8.0,,8.393741172039881,,6.267252825200558,,9.630721122026443,,1.2630035051843151,,4.299086248269305,,2.0060983933508396,,4.8733664490282536,,8.4375,0.07536181807518005,-0.0008318220498040318,0.007143508599256165,2.218079961836338,0.32225632667541504,0.861249566078186,0.23705729842185974,-0.04620712623000145,0.21060539782047272,0.6454097032546997,0.03986310213804245,8192,0.5056988596916199,5.646346569061279,0.022494424134492874,24772608,27928,12096,756,21.389458,0.0075303096833522435,0.0038537356609595007,-4.271326208114624,-28.400248,0.016245284597971477,0.002396782051800983,-4.504515996575355,,,0.95,0.9,none,4.222941340893649,4.813613920277758,0.2806221878471554,0.0,-74.79685,2579.5338780406196,21.389458
152,1784830284.6951106,,8.0,,8.0,,6.0,,6.0,,10.0,,10.0,,1.0,,1.0,,4.0,,4.0,,2.0,,2.0,,5.0,,5.0,,8.0,,8.0,,8.181876072660089,,6.44580386695452,,9.808964527677745,,1.0608072490431368,,4.175787355285138,,1.947727119550109,,4.887096947990358,,8.0,0.047532111406326294,-0.005086226738058031,0.0013413182823569514,2.2147625982761383,0.2157203108072281,0.8000693321228027,0.19046089053153992,-0.1023435965180397,0.11810969561338425,0.6667755246162415,0.04214854910969734,8192,0.5462716817855835,5.563508033752441,0.13126198947429657,24936448,28131,12176,761,17.084713,0.009574577207968105,0.0032632281981932465,-4.292771571874619,-83.537315,0.04154963493347168,0.004521695416769944,-4.465182432532311,,,0.95,0.9,none,4.1668272666765045,5.02765997853677,0.2448552314329383,0.0,-82.961975,2578.750648421718,17.084713
153,1784830348.155626,,8.0,,8.0,,6.0,,6.0,,10.0,,10.0,,1.0,,1.0,,4.0,,4.0,,2.0,,2.0,,5.0,,5.0,,8.0,,8.0,,7.788698300602846,,6.233996768482029,,9.69416552875191,,1.0430483324453235,,4.029932039324194,,2.0665800680872053,,4.835126131772995,,7.875,0.07739826291799545,-0.008752056455705315,0.011376939910405781,2.218546397984028,0.21481844782829285,0.8998516798019409,0.127515509724617,-0.08145719766616821,0.1891040951013565,0.5984315872192383,0.038238752633333206,8192,0.5327175259590149,5.4458184242248535,0.03631053864955902,25100288,28348,12256,766,20.57962,0.009253332059597597,0.005543234811921138,-4.290311643481255,-34.189857,0.025686995807336643,0.004548511446046177,-4.497177004814148,,,0.95,0.9,none,3.9961830277626307,5.402951355833023,0.37125830476616695,0.0,-83.29683,2581.7628214536203,20.57962
154,1784830412.2483108,,8.0,,8.0,,6.0,,6.0,,10.0,,10.0,,1.0,,1.0,,4.0,,4.0,,2.0,,2.0,,5.0,,5.0,,8.0,,8.0,,7.793032329529524,,6.328421279788017,,9.719502730295062,,1.0084693161188625,,3.996286056935787,,2.12631055759266,,4.700067516765557,,7.8125,0.1295749843120575,-0.014359483437146991,0.01555764583463315,2.2186945751309395,0.3280024528503418,0.8348636031150818,0.2553967237472534,0.15441295504570007,0.3024120330810547,0.6743942499160767,0.03723689913749695,8192,0.5269286632537842,5.435573577880859,0.020226841792464256,25264128,28526,12336,771,4.9621863,0.016956477434723637,0.00478522550110938,-4.324777889251709,-17.256695,0.01915466975478921,0.005030359269585461,-4.53003203868866,,,0.95,0.9,none,4.34818296256601,4.782144226809743,0.47583430224233403,0.0,-76.073875,2556.298065561858,4.9621863
155,1784830477.3605065,,8.0,,8.0,,6.0,,6.0,,10.0,,10.0,,1.0,,1.0,,4.0,,4.0,,2.0,,2.0,,5.0,,5.0,,8.0,,8.0,,7.864232098683715,,6.650068840302993,,9.577142586931586,,1.0583847949746996,,4.054365955526009,,2.2537983063375577,,4.844072142383084,,8.3125,0.1089133471250534,-4.662960418500006e-05,0.010011398597271182,2.2173672765493393,0.28073054552078247,0.996160089969635,0.260427862405777,0.39914435148239136,0.2915249168872833,0.681225061416626,0.0339578278362751,8192,0.5009359121322632,5.5768208503723145,0.10248112678527832,25427968,28719,12416,776,-5.303245,0.010014015669003128,0.003019490622682497,-4.338147550821304,-6.3077035,0.025568358501186595,0.006837774194718804,-4.510306286811828,,,0.95,0.9,none,3.9637991575489755,4.781716097096063,0.23414843877405866,0.0,-80.49526,2516.2719487731506,-5.303245
156,1784830540.4206142,,8.0,,8.0,,6.0,,6.0,,10.0,,10.0,,1.0,,1.0,,4.0,,4.0,,2.0,,2.0,,5.0,,5.0,,8.0,,8.0,,8.460589179769158,,6.384227157162968,,9.901370579376817,,1.1779272202402353,,4.313716476783156,,2.141775908647105,,4.901821346080396,,8.5625,0.06063930317759514,-0.002329026989173144,0.0015799201355548576,2.2201022282242775,0.1849425584077835,0.8905739188194275,0.17580865323543549,0.23492953181266785,0.15282806754112244,0.6078381538391113,0.0334872305393219,8192,0.42048341035842896,5.730491638183594,0.030014390125870705,25591808,28899,12496,781,22.383144,0.008397983669419773,0.00440324083174346,-4.317972001433373,-30.271963,0.013248555304016918,0.005166925740195438,-4.5166644036769865,,,0.95,0.9,none,4.166416203254755,5.791632448649876,0.27710794415728723,0.0,-77.60516,2598.1560348500725,22.383144
157,1784830604.3079953,,8.0,,8.0,,6.0,,6.0,,10.0,,10.0,,1.0,,1.0,,4.0,,4.0,,2.0,,2.0,,5.0,,5.0,,8.0,,8.0,,7.9550747545436025,,5.421268765814602,,9.446586888283491,,0.8167147570056841,,3.7968080025166273,,1.8954747384414077,,4.714348395355046,,7.5,0.09232591837644577,1.5568628441542387e-05,0.007708496239501983,2.2211971282958984,0.1879684180021286,0.906498908996582,0.23447661101818085,-0.19467255473136902,0.23946169018745422,0.7058258652687073,0.03764641284942627,8192,0.5385270714759827,5.193284511566162,0.05000462755560875,25755648,29102,12576,786,18.510128,0.009311778275878169,0.006051151112478692,-4.3776091754436495,-38.487564,0.015162518521538004,0.004357746623281855,-4.540936389565468,,,0.95,0.9,none,4.603536980238253,6.065936197150049,0.28739937124492254,0.0,-60.159954,2564.5127424590873,18.510128
158,1784830667.619523,,8.0,,8.0,,6.0,,6.0,,10.0,,10.0,,1.0,,1.0,,4.0,,4.0,,2.0,,2.0,,5.0,,5.0,,8.0,,8.0,,8.482684973627329,,6.9152769558131695,,9.61647004634142,,1.2135674231685698,,4.063917761668563,,2.232454729033634,,5.0,,8.625,0.018937287852168083,-0.00027316733030602336,0.0005063655594312877,2.225137270987034,0.15440642833709717,0.8896761536598206,0.12342234700918198,0.1645161360502243,0.052252475172281265,0.6602141857147217,0.03192538768053055,8192,0.3802838921546936,5.76867151260376,0.03555722534656525,25919488,29297,12656,791,19.338919,0.008869823973509484,0.0040254503095638935,-4.405588504672051,-45.87977,0.015545423334697262,0.003998043468163815,-4.600906157493592,,,0.95,0.9,none,4.250368225583317,5.830126777528973,0.2858403940057496,0.0,-72.9467,2587.838427249317,19.338919
159,1784830731.2279267,,8.0,,8.0,,6.0,,6.0,,10.0,,10.0,,1.0,,1.0,,4.0,,4.0,,2.0,,2.0,,5.0,,5.0,,8.0,,8.0,,8.440718587487936,,6.206331083551049,,9.762787925079465,,1.186298102606088,,4.060684579890221,,2.0681404422502965,,4.920004451647401,,8.0,0.05909067019820213,-0.0003324858844280243,0.002578500294475816,2.228726878762245,0.19047555327415466,0.9266996383666992,0.16409932076931,0.11708870530128479,0.1557573676109314,0.7060908079147339,0.02962726354598999,8192,0.513534426689148,5.580620288848877,0.034882765263319016,26083328,29495,12736,796,3.3870234,0.012344334265799261,0.0035476159056997856,-4.411662358045578,-36.92959,0.015411566745024174,0.0030952997607528233,-4.601376608014107,,,0.95,0.9,none,4.269925302578263,4.962805196505575,0.2565718931123203,0.0,-85.85408,2575.760356610419,3.3870234
160,1784830794.5740287,,8.0,,8.0,,6.0,,6.0,,10.0,,10.0,,1.0,,1.0,,4.0,,4.0,,2.0,,2.0,,5.0,,5.0,,8.0,,8.0,,8.16594994161278,,5.983593693003058,,9.611468417569995,,0.9959920644760132,,4.175245222519152,,2.055360200814903,,4.892770778387785,,8.0,0.04859139770269394,-0.005697657470591366,0.006822360192018095,2.235205754637718,0.26674190163612366,0.9789831042289734,0.2545575499534607,0.12333880364894867,0.12662513554096222,0.6056480407714844,0.035565122961997986,8192,0.5641599297523499,5.485047340393066,0.029215756803750992,26247168,29710,12816,801,-0.14572124,0.01709281957009807,0.0052297745365649465,-4.3803406953811646,-26.056,0.009382326775812544,0.004784499631932703,-4.603351604938507,,,0.95,0.9,none,4.3029371839444375,5.611792124654187,0.403624128325451,0.0,-73.41201,2586.4257605348935,-0.14572124
161,1784830860.854677,,8.0,,8.0,,6.0,,6.0,,10.0,,10.0,,1.0,,1.0,,4.0,,4.0,,2.0,,2.0,,5.0,,5.0,,8.0,,8.0,,8.156992211937904,,6.1531262788921595,,9.417461659293622,,0.9085681983269751,,4.106159016489983,,1.9098223624750972,,4.881885627168231,,7.875,0.06614716351032257,-0.0015202552312985063,0.0080556949833408,2.2418740540742874,0.16680024564266205,0.8789989352226257,0.14839386940002441,0.07498437911272049,0.22241418063640594,0.7714887857437134,0.029762137681245804,8192,0.5680283308029175,5.426126956939697,0.023530831560492516,26411008,29893,12896,806,3.1364918,0.012293037454946898,0.00637028857745463,-4.486807399988175,-17.937748,0.009341873874654993,0.004930867144139484,-4.594972482323646,,,0.95,0.9,none,4.487716447388911,5.871712625440852,0.23941566532122527,0.0,-51.773914,2471.91306559663,3.1364918
162,1784830924.2221107,,8.0,,8.0,,6.0,,6.0,,10.0,,10.0,,1.0,,1.0,,4.0,,4.0,,2.0,,2.0,,5.0,,5.0,,8.0,,8.0,,7.823600905481726,,6.238907744176686,,9.677249362692237,,1.1357566928490996,,4.159741546958685,,2.0024803506676108,,4.818020328879356,,8.0,0.09227050095796585,-0.006278314045630395,0.003465078927547438,2.2453903928399086,0.1362554281949997,0.9383485913276672,0.13850373029708862,0.09425067156553268,0.23191939294338226,0.5793558359146118,0.039519038051366806,8192,0.5464034676551819,5.481969356536865,0.06713707000017166,26574848,30111,12976,811,6.9839272,0.013212014129385352,0.00484806400781963,-4.536497578024864,-37.1932,0.02637742381193675,0.0074798310393816795,-4.5774516493082045,,,0.95,0.9,none,4.228599391657906,5.752972833948277,0.24172660265299212,0.0,-83.3249,2585.555324825719,6.9839272
163,1784830988.5529523,,8.0,,8.0,,6.0,,6.0,,10.0,,10.0,,1.0,,1.0,,4.0,,4.0,,2.0,,2.0,,5.0,,5.0,,8.0,,8.0,,7.684026790782809,,5.764503583312035,,9.572772292420268,,0.8613425220246427,,3.8746824498521164,,1.669653860386461,,4.73066423664568,,7.875,0.16996175050735474,-0.017681492550764233,0.018675307132070884,2.246730759739876,0.22269615530967712,0.8104251623153687,0.1703421026468277,0.4515259265899658,0.4206182658672333,0.709696352481842,0.03431135416030884,8192,0.5550693273544312,5.2540812492370605,0.03248501569032669,26738688,30324,13056,816,-4.3965287,0.014196529079345054,0.006238525052322075,-4.476590216159821,-28.267035,0.01891063678194769,0.0028161567417555487,-4.567238891124726,,,0.95,0.9,none,4.529289159451983,5.457615332004396,0.3456211778110794,0.0,-80.26405,2546.8343576617976,-4.3965287
164,1784831055.030789,,8.0,,8.0,,6.0,,6.0,,10.0,,10.0,,1.0,,1.0,,4.0,,4.0,,2.0,,2.0,,5.0,,5.0,,8.0,,8.0,,8.770055610919371,,6.50245932652615,,9.909625835716724,,1.348924166555662,,4.314338262658566,,2.30127309076488,,4.907239772379398,,8.6875,0.05176205560564995,-0.0013744632015004754,0.0032277567843266297,2.2493791654706,0.43231016397476196,0.8859151005744934,0.38978445529937744,0.1036686897277832,0.12752093374729156,0.6454094052314758,0.03450556844472885,8192,0.3997919261455536,5.842676639556885,0.014404937624931335,26902528,30515,13136,821,14.132388,0.009090292829205282,0.006048593413288473,-4.44788880944252,3.7451828,0.009350412141066045,0.004346116067608818,-4.586421889066696,,,0.95,0.9,none,4.383361993864349,5.7894626151751565,0.3730513278743089,0.0,-82.18183,2464.5811946392337,14.132388
165,1784831120.6442285,,8.0,,8.0,,6.0,,6.0,,10.0,,10.0,,1.0,,1.0,,4.0,,4.0,,2.0,,2.0,,5.0,,5.0,,8.0,,8.0,,7.7542620077729225,,5.817803891375661,,9.55767170060426,,0.9343531876802444,,3.805540658533573,,2.0679680621251464,,4.785048678517342,,7.875,0.025719517841935158,-6.0148100601509213e-05,0.003937280514946906,2.2555650174617767,0.16965411603450775,0.7839576601982117,0.12843036651611328,-0.06432968378067017,0.08722895383834839,0.6702677607536316,0.03192105144262314,8192,0.5659802556037903,5.324706554412842,0.025199443101882935,27066368,30739,13216,826,22.31201,0.010920873084978666,0.0034866591449826956,-4.441811141371727,-56.961437,0.01852013581083156,0.0048457547527505085,-4.617404130101204,,,0.95,0.9,none,4.3497720309059655,6.645739399066878,0.33719442763940133,0.0,-72.51855,2497.049056343918,22.31201
166,1784831188.3489397,,8.0,,8.0,,6.0,,6.0,,10.0,,10.0,,1.0,,1.0,,4.0,,4.0,,2.0,,2.0,,5.0,,5.0,,8.0,,8.0,,8.625108564505354,,6.230187200009823,,9.746645089238882,,1.0646182168275118,,4.2824366902932525,,2.1784121493110433,,4.943162636831403,,8.75,0.04835054278373718,-0.0004366644425317645,0.0029703797881666105,2.258968345820904,0.24562013149261475,0.7970695495605469,0.18010461330413818,-0.05997266620397568,0.13434965908527374,0.7312171459197998,0.037118539214134216,8192,0.4684423804283142,5.7275710105896,0.03644462302327156,27230208,30942,13296,831,2.7724175,0.012957757205003872,0.004891235071409028,-4.447155523300171,-47.067318,0.028327265626285226,0.005471887468593195,-4.6321205496788025,,,0.95,0.9,none,4.148965157204591,6.471145451167951,0.24270205060726482,0.0,-96.00249,2419.920142837681,2.7724175
167,1784831254.161405,,8.0,,8.0,,6.0,,6.0,,10.0,,10.0,,1.0,,1.0,,4.0,,4.0,,2.0,,2.0,,5.0,,5.0,,8.0,,8.0,,8.88608200039016,,6.5819852612912655,,9.797300077974796,,1.2507243236759678,,4.353770423680544,,2.214485722593963,,4.874699734617025,,8.6875,0.03419721871614456,-0.007486401009373367,0.0009635575943320873,2.2664688751101494,0.2934797704219818,0.673201858997345,0.2441631406545639,0.15971380472183228,0.10954722762107849,0.5854418277740479,0.03245607763528824,8192,0.39686352014541626,5.8308186531066895,0.017464343458414078,27394048,31138,13376,836,12.177965,0.010161038434307556,0.0029595063053420743,-4.452719140052795,-12.658442,0.008141312628868035,0.003130725909431931,-4.665253677964211,,,0.95,0.9,none,3.8376412804309714,5.771575470162112,0.36153176688820143,0.0,-77.92971,2489.4980522009355,12.177965
168,1784831319.6301444,,8.0,,8.0,,6.0,,6.0,,10.0,,10.0,,1.0,,1.0,,4.0,,4.0,,2.0,,2.0,,5.0,,5.0,,8.0,,8.0,,7.690866746008396,,6.272736141458154,,9.464703427627683,,1.0416788506117882,,3.9309846426185686,,1.8272222983650863,,4.752685017301701,,7.75,0.0563570111989975,-0.00017462082905694842,0.0025446303698117845,2.2712927237153053,0.2779580354690552,0.7976412177085876,0.24232497811317444,-0.17629513144493103,0.15108662843704224,0.643669605255127,0.030463119968771935,8192,0.5554161667823792,5.341360092163086,0.011304773390293121,27557888,31332,13456,841,12.006072,0.0112985086205299,0.004104481327522081,-4.460196441411972,-34.642853,0.00857623849879019,0.004416242748266086,-4.659787252545357,,,0.95,0.9,none,4.199014223975953,5.543709941945023,0.21099819749685442,0.0,-79.6566,2502.5683964540162,12.006072
169,1784831383.3199856,,8.0,,8.0,,6.0,,6.0,,10.0,,10.0,,1.0,,1.0,,4.0,,4.0,,2.0,,2.0,,5.0,,5.0,,8.0,,8.0,,7.772721748799086,,5.883958865888417,,9.275830019265413,,0.7693623062223196,,3.8215910579892807,,1.7423936014529318,,4.606371049769223,,7.5,0.054346609860658646,-0.002470825449563563,0.0028531457028293516,2.2729138880968094,0.2024250626564026,0.8227063417434692,0.14903323352336884,-0.08281516283750534,0.13372278213500977,0.7650256752967834,0.02938881330192089,8192,0.5172757506370544,5.171528339385986,0.015897149220108986,27721728,31508,13536,846,19.685009,0.00790276310435729,0.0035014918103115633,-4.452768778800964,-35.712402,0.014795314596267418,0.004076611790515017,-4.6652149021625515,,,0.95,0.9,none,4.181292684060251,5.8223358138885395,0.30521993202875664,0.0,-79.300606,2572.466727848489,19.685009
170,1784831447.9100142,,8.0,,8.0,,6.0,,6.0,,10.0,,10.0,,1.0,,1.0,,4.0,,4.0,,2.0,,2.0,,5.0,,5.0,,8.0,,8.0,,8.547681460157037,,6.60024483455345,,9.94691612944007,,1.299983277451247,,4.328775148605928,,2.093282116111368,,4.936493066139519,,8.5625,0.049755193293094635,-0.0012370831100270152,0.005495705376233673,2.2774119451642036,0.20740985870361328,1.0704419612884521,0.11151066422462463,0.07221821695566177,0.15112003684043884,0.6082961559295654,0.036834388971328735,8192,0.4340599775314331,5.78948450088501,0.03464353829622269,27885568,31728,13616,851,13.13104,0.011375858947576489,0.00478043363254983,-4.450544288754463,-55.423424,0.02355188606888987,0.004727899721183348,-4.622379380464554,,,0.95,0.9,none,4.1043585775409515,5.76475005222523,0.42316032629347444,0.0,-78.204506,2536.614432295611,13.13104
171,1784831512.0127652,,8.0,,8.0,,6.0,,6.0,,10.0,,10.0,,1.0,,1.0,,4.0,,4.0,,2.0,,2.0,,5.0,,5.0,,8.0,,8.0,,8.041866722749546,,6.347818530164659,,9.660387113690376,,1.233301287284121,,4.093734391382895,,1.9258889169432223,,4.858503220370039,,8.125,0.15383122861385345,-0.0016712351934984326,0.015947663690894842,2.2825825586915016,0.1282922923564911,0.8550776839256287,0.11388561129570007,-0.3007415235042572,0.3943129777908325,0.7286070585250854,0.03705647587776184,8192,0.5408478379249573,5.5358123779296875,0.011643659323453903,28049408,31926,13696,856,12.424471,0.006732284181634895,0.004427175116143189,-4.486780527234077,-44.232716,0.00977714781765826,0.0043887138948775824,-4.640733054280281,,,0.95,0.9,none,4.517609598884247,5.828993483982786,0.23126909780208604,0.0,-84.35171,2555.897042120242,12.424471
172,1784831576.2350476,,8.0,,8.0,,6.0,,6.0,,10.0,,10.0,,1.0,,1.0,,4.0,,4.0,,2.0,,2.0,,5.0,,5.0,,8.0,,8.0,,8.323859321186319,,6.830918707884848,,9.819474076852202,,1.3600754868239164,,4.270224835257977,,2.2812416912056506,,4.909440271090716,,8.5,0.08519548177719116,-0.0005453877383843064,0.008248537953477353,2.283343479037285,0.20133407413959503,0.7191380262374878,0.18345388770103455,0.011381678283214569,0.24610647559165955,0.8277837038040161,0.029634593054652214,8192,0.41984888911247253,5.786904811859131,0.014025216922163963,28213248,32107,13776,861,13.142438,0.008685810875613242,0.006110125161649193,-4.484743747115135,-45.34178,0.022327080531977118,0.006019288529205369,-4.661103907227516,,,0.95,0.9,none,4.304474108348404,6.2768548019503125,0.26340103714027097,0.0,-68.97513,2551.1389748937713,13.142438
173,1784831640.6088235,,8.0,,8.0,,6.0,,6.0,,10.0,,10.0,,1.0,,1.0,,4.0,,4.0,,2.0,,2.0,,5.0,,5.0,,8.0,,8.0,,8.3671992670279,,5.981187776662409,,9.604556801728904,,1.1477858340367675,,4.327845579944551,,2.2356246933341026,,4.882893590256572,,8.3125,0.07297907024621964,-0.0052312895422801375,0.003227576358767692,2.290524996817112,0.13940522074699402,0.8094630241394043,0.10877516865730286,-0.16828006505966187,0.18024137616157532,0.6503658294677734,0.033362872898578644,8192,0.5233874320983887,5.607449531555176,0.025510523468255997,28377088,32310,13856,866,13.45649,0.010829107215977274,0.004931354202562943,-4.505717390775681,-60.295296,0.01376020206080284,0.005055635087774135,-4.674443715810776,,,0.95,0.9,none,4.167432970876168,5.939917470856715,0.2576495830152601,0.0,-79.277245,2545.136049628466,13.45649
174,1784831704.828628,,8.0,,8.0,,6.0,,6.0,,10.0,,10.0,,1.0,,1.0,,4.0,,4.0,,2.0,,2.0,,5.0,,5.0,,8.0,,8.0,,7.685579526703805,,6.047423038631678,,9.637166112661362,,0.915990805515321,,3.795031350571662,,1.963460775790736,,4.782928307540715,,8.0,0.10035783052444458,4.895601887255907e-05,0.009016679658088833,2.295705169439316,0.3308227062225342,0.9417745471000671,0.3659103512763977,0.005048081278800964,0.2638745605945587,0.5818644762039185,0.03129998594522476,8192,0.5897178649902344,5.353447914123535,0.03389514982700348,28540928,32540,13936,871,14.6768055,0.01118726382846944,0.0038746895326767115,-4.51266493499279,-5.5788636,0.018506720231380315,0.0025938014419807586,-4.655807846784592,,,0.95,0.9,none,4.372586346994803,5.103698519572521,0.3196498430790806,0.0,-75.21459,2551.2376998151817,14.6768055
175,1784831768.2838938,,8.0,,8.0,,6.0,,6.0,,10.0,,10.0,,1.0,,1.0,,4.0,,4.0,,2.0,,2.0,,5.0,,5.0,,8.0,,8.0,,7.655500752851367,,6.429543454200029,,9.69397489586845,,1.0892973067238927,,4.090984149836004,,2.1287041127798147,,4.9093757485970855,,8.1875,0.068038709461689,-0.0013767352793365717,0.004110581179702422,2.3054589927196503,0.177649587392807,0.8085198998451233,0.17208534479141235,-0.050028394907712936,0.19153258204460144,0.6546958684921265,0.03545259311795235,8192,0.5264974236488342,5.523110389709473,0.033236850053071976,28704768,32746,14016,876,21.989737,0.011564808785624336,0.0031168610861641356,-4.54400809109211,-56.094444,0.012990228136186489,0.005816307869099546,-4.667063224315643,,,0.95,0.9,none,4.161297597367955,6.110007193834436,0.24310748644169194,0.0,-71.62734,2581.976401163982,21.989737
176,1784831831.9977527,,8.0,,8.0,,6.0,,6.0,,10.0,,10.0,,1.0,,1.0,,4.0,,4.0,,2.0,,2.0,,5.0,,5.0,,8.0,,8.0,,8.693553071469069,,6.063736979616806,,9.90834677964449,,1.348109113285318,,4.374946866184473,,2.3633536447305232,,4.950083624571562,,8.5,0.08200006186962128,0.00019343785243108869,0.010213858382485341,2.305339142680168,0.25064125657081604,0.7953884601593018,0.17960533499717712,-0.34029442071914673,0.20843471586704254,0.6408237814903259,0.036393001675605774,8192,0.4067835807800293,5.775266170501709,0.01805625483393669,28868608,32973,14096,881,14.917543,0.008790363484877162,0.004070262828463456,-4.564044177532196,-60.08499,0.020439057121984662,0.003708895429736003,-4.657097572088242,,,0.95,0.9,none,4.0908278929766855,5.904110745056906,0.3854090714763435,0.0,-81.20915,2571.4977611087807,14.917543
177,1784831896.1920912,,8.0,,8.0,,6.0,,6.0,,10.0,,10.0,,1.0,,1.0,,4.0,,4.0,,2.0,,2.0,,5.0,,5.0,,8.0,,8.0,,8.36909382045269,,6.031943269073963,,9.522403310984373,,1.0722922179847956,,3.93916231066396,,2.0188475335598923,,4.736375072505325,,7.625,0.0847415179014206,-0.00024644157383590937,0.006531636958243325,2.307216390967369,0.13110685348510742,0.9025392532348633,0.10112334042787552,-0.16675275564193726,0.22667962312698364,0.6378365755081177,0.028388062492012978,8192,0.5541425943374634,5.4143900871276855,0.03843218833208084,29032448,33183,14176,886,13.362577,0.009905170790443663,0.005905150403123116,-4.59044881761074,-45.78871,0.020488131762249395,0.004312182842113543,-4.652536615729332,,,0.95,0.9,none,4.358967384417822,5.59466725448715,0.1955794515373358,0.0,-70.18911,2552.2492383895415,13.362577
178,1784831959.8552356,,8.0,,8.0,,6.0,,6.0,,10.0,,10.0,,1.0,,1.0,,4.0,,4.0,,2.0,,2.0,,5.0,,5.0,,8.0,,8.0,,8.422857547178864,,6.572888293769211,,9.961616417393088,,1.2094697896391153,,3.9973040553741157,,2.195237253792584,,4.8920794916921295,,8.4375,0.0678282231092453,-0.006296593986917287,0.009820358696742915,2.301536336541176,0.15613196790218353,1.0148266553878784,0.12807969748973846,0.26980721950531006,0.1736079901456833,0.6730618476867676,0.030153991654515266,8192,0.47443845868110657,5.711118698120117,0.008296563290059566,29196288,33361,14256,891,-7.8578024,0.014806970200152137,0.0038558703701710327,-4.571262159943581,-31.92952,0.00979333033610601,0.00512404948240146,-4.679777416586876,,,0.95,0.9,none,4.409522803501725,6.131604613235089,0.4064121757758319,0.0,-74.42824,2573.545711805335,-7.8578024
179,1784832023.584275,,8.0,,8.0,,6.0,,6.0,,10.0,,10.0,,1.0,,1.0,,4.0,,4.0,,2.0,,2.0,,5.0,,5.0,,8.0,,8.0,,8.172796814702451,,6.0176791325211525,,9.740435413550586,,1.150602892623283,,4.08882075821748,,2.193647244479507,,4.7755433125421405,,8.0,0.13167519867420197,-0.004056024656165391,0.008927267597755417,2.3037865608930588,0.2218112051486969,0.8390989303588867,0.18130218982696533,0.26437151432037354,0.32851406931877136,0.6992639303207397,0.02563002146780491,8192,0.5220975279808044,5.5174407958984375,0.05506301671266556,29360128,33550,14336,896,20.160385,0.011749600508483126,0.0030736291126231665,-4.568035048246384,-39.32229,0.02144392115296796,0.004520696341933217,-4.633154234290123,,,0.95,0.9,none,4.141328236403764,5.592186550478802,0.23745341986286214,0.0,-77.712906,2570.884427272396,20.160385
180,1784832088.2850554,,8.0,,8.0,,6.0,,6.0,,10.0,,10.0,,1.0,,1.0,,4.0,,4.0,,2.0,,2.0,,5.0,,5.0,,8.0,,8.0,,7.688863058574498,,5.660583786666393,,9.308432172983885,,0.8248981479555368,,3.7587515986524522,,1.714105831924826,,4.804430600022897,,7.4375,0.023368531838059425,-0.0016478679171996191,0.0008201499385904754,2.3056419864296913,0.2061728686094284,0.7829993367195129,0.1449824720621109,0.02496759593486786,0.06644037365913391,0.6757554411888123,0.02944364957511425,8192,0.5268296599388123,5.14969539642334,0.0728398934006691,29523968,33737,14416,901,-1.5263269,0.010973288145032711,0.0023020997585263105,-4.551512724161148,-47.00475,0.022581902565434575,0.00474942923465278,-4.690570318698883,,,0.95,0.9,none,3.656102015826936,5.782105636609514,0.32067612596447514,0.0,-79.01497,2532.272302085163,-1.5263269
181,1784832152.4741778,,8.0,,8.0,,6.0,,6.0,,10.0,,10.0,,1.0,,1.0,,4.0,,4.0,,2.0,,2.0,,5.0,,5.0,,8.0,,8.0,,7.9342498707119375,,5.958718261681497,,9.73167266882956,,0.905206382740289,,3.982030372135341,,1.989511232211953,,4.768300162628293,,8.1875,0.08213801681995392,-0.001573814544826746,0.005250276324659353,2.314007230103016,0.09707136452198029,0.9570481777191162,0.09000436216592789,0.08468073606491089,0.1963128298521042,0.4392887055873871,0.02994314208626747,8192,0.5366694331169128,5.432148456573486,0.03730116784572601,29687808,33959,14496,906,-14.1044035,0.020888220303459094,0.004323701038811123,-4.560904622077942,-36.90968,0.01266319401038345,0.0037621175040840173,-4.729144626855851,,,0.95,0.9,none,4.3725800107060095,5.716404870803061,0.27834221051215113,0.0,-75.57765,2552.4573627046525,-14.1044035
182,1784832216.674933,,8.0,,8.0,,6.0,,6.0,,10.0,,10.0,,1.0,,1.0,,4.0,,4.0,,2.0,,2.0,,5.0,,5.0,,8.0,,8.0,,8.790368037763983,,6.966789875179529,,9.738505979534239,,1.1585743667092174,,4.370822651137132,,2.2325493164826185,,4.956243742257357,,8.6875,0.044508084654808044,-0.0014263183693401515,0.0012974352248420473,2.309170112013817,0.18675148487091064,0.840705394744873,0.13327668607234955,-0.007034841924905777,0.1297185719013214,0.5789048075675964,0.03600727766752243,8192,0.35229426622390747,5.862668991088867,0.0340876467525959,29851648,34152,14576,911,-22.114223,0.014713986014248804,0.0036300227904575875,-4.551726531982422,-72.641304,0.014671249032835476,0.006140051013790071,-4.777390545606613,,,0.95,0.9,none,4.253300404266728,5.509391311394303,0.4040236574339923,0.0,-75.609764,2551.9949310103543,-22.114223
183,1784832281.6991382,,8.0,,8.0,,6.0,,6.0,,10.0,,10.0,,1.0,,1.0,,4.0,,4.0,,2.0,,2.0,,5.0,,5.0,,8.0,,8.0,,8.146513652056456,,6.250065206550062,,9.687668120488524,,1.1391281937831081,,4.123668984742835,,2.1431506846565753,,4.882008154760115,,8.5,0.09910126030445099,-0.0010217271046712995,0.008725397172383964,2.312339499592781,0.1511583775281906,1.0514848232269287,0.11534453183412552,0.11415717005729675,0.2622421681880951,0.5354734063148499,0.03150617703795433,8192,0.5310717821121216,5.609025478363037,0.03914371505379677,30015488,34343,14656,916,-21.713882,0.020592724066227676,0.004338706115959212,-4.587684074044228,-45.66352,0.017967621434945614,0.005325138913758565,-4.795630991458893,,,0.95,0.9,none,4.582864804100995,5.624095943304896,0.2643300641481833,0.0,-77.88771,2519.6772729874315,-21.713882
184,1784832348.3719418,,8.0,,8.0,,6.0,,6.0,,10.0,,10.0,,1.0,,1.0,,4.0,,4.0,,2.0,,2.0,,5.0,,5.0,,8.0,,8.0,,8.334195852279663,,5.5813662288710475,,9.302707344293594,,1.0004126699641347,,3.99717864653212,,1.9596902239136398,,4.727105533704162,,7.625,0.08216677606105804,-0.0007098499336279929,0.0034368061023997143,2.3150292113423347,0.29328155517578125,0.8987254500389099,0.23222005367279053,-0.18451178073883057,0.196773499250412,0.49799659848213196,0.02657157927751541,8192,0.5514112114906311,5.3159565925598145,0.028587650507688522,30179328,34560,14736,921,12.396931,0.011906810375512578,0.0032106479702633806,-4.613410621881485,-36.16343,0.01913748129736632,0.0030689614402945155,-4.789123433828354,,,0.95,0.9,none,4.336417385575397,5.6738216337713965,0.25012533322969654,0.0,-69.53897,2457.3746907728537,12.396931
185,1784832414.9181736,,8.0,,8.0,,6.0,,6.0,,10.0,,10.0,,1.0,,1.0,,4.0,,4.0,,2.0,,2.0,,5.0,,5.0,,8.0,,8.0,,8.076048590242863,,6.14112575748004,,9.474571974948049,,0.9672271138988435,,4.027687777066603,,2.122150464914739,,4.745480347424746,,8.0,0.08133237063884735,-0.0021579141612164676,0.002703339785512071,2.3108512833714485,0.1598353236913681,0.7745557427406311,0.14084818959236145,-0.1940114051103592,0.1988573521375656,0.616959810256958,0.033762965351343155,8192,0.562394917011261,5.444286823272705,0.01762041077017784,30343168,34766,14816,926,23.19182,0.011069257315830328,0.005287399697408546,-4.594333297014236,-49.232918,0.025253298896132037,0.004802714491961524,-4.807100528478623,,,0.95,0.9,none,4.087293383928306,5.670077184240283,0.2162061551083965,0.0,-74.95148,2462.0466639977894,23.19182
186,1784832481.2915702,,8.0,,8.0,,6.0,,6.0,,10.0,,10.0,,1.0,,1.0,,4.0,,4.0,,2.0,,2.0,,5.0,,5.0,,8.0,,8.0,,8.020664047682658,,6.145252498681657,,9.656707470305264,,1.035514706512913,,4.303309354465455,,2.001183051848784,,4.764150524511933,,7.8125,0.10328610241413116,3.531377296894789e-05,0.007069721614243463,2.3129587322473526,0.26875367760658264,0.9923082590103149,0.19557103514671326,0.011092003434896469,0.2935197651386261,0.6341273784637451,0.026950152590870857,8192,0.5174826383590698,5.467410564422607,0.03775688260793686,30507008,34976,14896,931,14.958835,0.01415927664784249,0.005331735592335463,-4.629035314917564,-39.67851,0.014667387574445457,0.0044115883079939525,-4.854061993956566,,,0.95,0.9,none,4.481901773815238,5.749374603035138,0.21858908262958687,0.0,-73.20146,2468.4589261754495,14.958835
187,1784832549.4369283,,8.0,,8.0,,6.0,,6.0,,10.0,,10.0,,1.0,,1.0,,4.0,,4.0,,2.0,,2.0,,5.0,,5.0,,8.0,,8.0,,8.080573953688145,,6.056021414930001,,9.58206370845437,,1.053149787010625,,4.243937058723532,,2.1792486124904826,,4.771591286174953,,8.1875,0.1260257065296173,-3.152934368699789e-06,0.018518463635700755,2.310534782707691,0.18688008189201355,0.9018543362617493,0.11705871671438217,-0.1671600192785263,0.3737247884273529,0.6370373368263245,0.024075496941804886,8192,0.5821601748466492,5.519260406494141,0.0102890245616436,30670848,35160,14976,936,24.181026,0.00962351874622982,0.005325781056671986,-4.621273183822632,-11.418818,0.010250520895351656,0.003429120539294672,-4.837600302696228,,,0.95,0.9,none,4.211944188982585,6.038849743725037,0.2094104823475511,0.0,-87.229,2404.2724929105707,24.181026
188,1784832616.5144277,,8.0,,8.0,,6.0,,6.0,,10.0,,10.0,,1.0,,1.0,,4.0,,4.0,,2.0,,2.0,,5.0,,5.0,,8.0,,8.0,,7.756210073828697,,5.296284018084407,,9.324117597192526,,0.7038823366165161,,3.8758007858414203,,1.7522414531558752,,4.700524277053773,,7.3125,0.06311143934726715,-0.004429875290952623,0.0019629383150459034,2.3123815283179283,0.23964563012123108,0.9085990190505981,0.14516910910606384,-0.04566691443324089,0.19401022791862488,0.6274933815002441,0.018442539498209953,8192,0.5007166862487793,5.090195178985596,0.023685289546847343,30834688,35343,15056,941,-5.0705833,0.022060970915481447,0.0035280933894682675,-4.631175610423088,-21.21642,0.006988006255414803,0.0057639179794932716,-4.835320308804512,,,0.95,0.9,none,4.507507414992441,6.3733574118777865,0.263753606096735,0.0,-73.91019,2442.5476519303606,-5.0705833
189,1784832684.3100767,,8.0,,8.0,,6.0,,6.0,,10.0,,10.0,,1.0,,1.0,,4.0,,4.0,,2.0,,2.0,,5.0,,5.0,,8.0,,8.0,,8.347788208629936,,6.4874747432768345,,9.730049840174615,,1.1626296248286963,,4.120277843438089,,2.1965385008370504,,4.928937258053338,,8.375,0.07074194401502609,-0.005184104142244905,0.0032586503839411307,2.3164175897836685,0.20378853380680084,0.9912469387054443,0.19931215047836304,0.1918795108795166,0.16597232222557068,0.5040611028671265,0.023122403770685196,8192,0.4910696744918823,5.668586730957031,0.013877183198928833,30998528,35532,15136,946,5.7913637,0.013409946445608511,0.0048823709919815885,-4.658693811297416,-5.735738,0.012146579011459834,0.00366495806229068,-4.814866584539414,,,0.95,0.9,none,4.153429713069942,5.49501451249663,0.3039924376731229,0.0,-80.5992,2416.674319613479,5.7913637
190,1784832751.989636,,8.0,,8.0,,6.0,,6.0,,10.0,,10.0,,1.0,,1.0,,4.0,,4.0,,2.0,,2.0,,5.0,,5.0,,8.0,,8.0,,8.73065447434783,,6.720560327521525,,9.895011208951473,,1.2632036310678814,,4.192428898066282,,2.183772774238605,,4.887334284372628,,8.5625,0.022226925939321518,-0.0018286771373823285,0.0034645192899915855,2.3213430494070053,0.1532595008611679,0.8772969841957092,0.13194341957569122,0.1461237072944641,0.07034152746200562,0.6183316111564636,0.022183099761605263,8192,0.4503188729286194,5.8044328689575195,0.020770570263266563,31162368,35718,15216,951,23.804697,0.008280074325739406,0.006574434820504393,-4.650024890899658,-33.364864,0.013321024551987647,0.0035003959441382904,-4.80553215444088,,,0.95,0.9,none,4.319091898379176,6.172431905514218,0.40135850806478657,0.0,-72.359406,2420.8195065301493,23.804697
191,1784832819.7108922,,8.0,,8.0,,6.0,,6.0,,10.0,,10.0,,1.0,,1.0,,4.0,,4.0,,2.0,,2.0,,5.0,,5.0,,8.0,,8.0,,8.647224095650017,,6.5770744029432535,,9.786969792563468,,1.1936353277269518,,4.353642060421407,,2.2981384061276913,,4.964773743413389,,8.5625,0.10540241003036499,-0.002679983648704365,0.0044720468067680486,2.330281376838684,0.14385829865932465,0.9488387703895569,0.11995071917772293,0.027860267087817192,0.2864961624145508,0.6159335374832153,0.028031829744577408,8192,0.43760013580322266,5.797994613647461,0.03969237208366394,31326208,35918,15296,956,6.5229926,0.010695675696479157,0.003907954152236925,-4.665199810266495,-63.397713,0.022930622682906687,0.0030667235332657583,-4.779583606123924,,,0.95,0.9,none,4.113987181397022,5.3382879670769965,0.29643123415032835,0.0,-76.28274,2419.3289921884243,6.5229926
192,1784832888.3053489,,8.0,,8.0,,6.0,,6.0,,10.0,,10.0,,1.0,,1.0,,4.0,,4.0,,2.0,,2.0,,5.0,,5.0,,8.0,,8.0,,8.68719351477921,,6.731391777750105,,9.999985367059708,,1.3008019858971238,,4.404685196466744,,2.4785916805267334,,4.968769980594516,,8.9375,0.07583591341972351,-0.00378235278185457,0.002394053968600929,2.325751483440399,0.2718079090118408,0.8448506593704224,0.21459531784057617,-0.24643102288246155,0.23189164698123932,0.6614633798599243,0.0229499414563179,8192,0.27573052048683167,5.938614845275879,0.03002389706671238,31490048,36111,15376,961,-2.7480905,0.012174895507632755,0.00475816110993037,-4.695751616358757,-14.241449,0.018245982500957325,0.0038845731542096473,-4.779180210828781,,,0.95,0.9,none,4.29497823435749,5.937300025862855,0.33971295854288197,0.0,-76.27876,2388.5317728227265,-2.7480905
193,1784832957.1640892,,8.0,,8.0,,6.0,,6.0,,10.0,,10.0,,1.0,,1.0,,4.0,,4.0,,2.0,,2.0,,5.0,,5.0,,8.0,,8.0,,8.587475921958685,,6.67107611708343,,9.844790236093104,,1.4442150839604437,,4.3338249353691936,,2.310648263897747,,4.967056884430349,,8.4375,0.09338594973087311,-0.0012464459287002683,0.009234706005372573,2.3237806111574173,0.1578931212425232,0.8517169952392578,0.18585209548473358,-0.02812521904706955,0.26581960916519165,0.773265540599823,0.02321188896894455,8192,0.386779248714447,5.824573040008545,0.01964210532605648,31653888,36291,15456,966,18.948214,0.008717838127631694,0.004740554370800965,-4.696289959549904,-67.33093,0.014971813606098294,0.006702497391961515,-4.780235448479653,,,0.95,0.9,none,4.425250294221172,6.88881722728141,0.40138558834044974,0.0,-71.40842,2379.363368958205,18.948214
194,1784833025.6195076,,8.0,,8.0,,6.0,,6.0,,10.0,,10.0,,1.0,,1.0,,4.0,,4.0,,2.0,,2.0,,5.0,,5.0,,8.0,,8.0,,8.485851076431572,,6.662218714132905,,9.821116536855698,,1.3195997313596308,,4.393127106595784,,2.370096290949732,,4.854256764054298,,8.6875,0.035270463675260544,-0.00042118330020457506,0.00098730092850019,2.329185590147972,0.26733675599098206,0.7672014236450195,0.2115391194820404,-0.11532346904277802,0.0971137061715126,0.7376247048377991,0.018780497834086418,8192,0.41161301732063293,5.824221134185791,0.012679187580943108,31817728,36459,15536,971,20.201025,0.014069706384907477,0.003820835595979588,-4.691140681505203,-16.202425,0.007477397474576719,0.002484264422673732,-4.830541735887527,,,0.95,0.9,none,4.3029754032100715,5.2229338340355955,0.23770356941040618,0.0,-80.06596,2393.3824615361677,20.201025
195,1784833094.5353339,,8.0,,8.0,,6.0,,6.0,,10.0,,10.0,,1.0,,1.0,,4.0,,4.0,,2.0,,2.0,,5.0,,5.0,,8.0,,8.0,,8.494495321065187,,6.474995588767342,,9.839841518551111,,1.2517307121306658,,4.458397048525512,,2.4090013168752193,,4.928922437131405,,8.375,0.09951925277709961,-0.002633335767313838,0.004753513312607538,2.3428353741765022,0.2283267080783844,0.7924686670303345,0.1834734082221985,0.21482691168785095,0.24822507798671722,0.4383886456489563,0.016010425984859467,8192,0.44277915358543396,5.779047966003418,0.018576061353087425,31981568,36653,15616,976,13.915079,0.014364467686391436,0.002993769916065503,-4.681804671883583,-25.564333,0.010742241230036597,0.006176206384407123,-4.863472437858581,,,0.95,0.9,none,4.219182203290354,5.208750214467562,1.283725957732123,0.0,-68.50043,2377.3929990155543,13.915079
196,1784833162.5872653,,8.0,,8.0,,6.0,,6.0,,10.0,,10.0,,1.0,,1.0,,4.0,,4.0,,2.0,,2.0,,5.0,,5.0,,8.0,,8.0,,7.863049047067761,,6.202741320244968,,9.678839417174459,,1.0319519128534012,,4.104514418169856,,1.9780063247308135,,4.884592795744538,,7.9375,0.14396297931671143,-0.003602999320719391,0.013004337437450886,2.341107986867428,0.38612833619117737,0.8603201508522034,0.43316417932510376,0.0011958219110965729,0.3787735402584076,0.6062098145484924,0.022521883249282837,8192,0.5515497922897339,5.460149765014648,0.16218097507953644,32145408,36847,15696,981,7.2465835,0.010536728345323354,0.0056276708717632575,-4.649669733643532,-72.82497,0.03810497142840177,0.008218629790644628,-4.898046833276749,,,0.95,0.9,none,4.559559028130659,6.726630257378945,0.23441151267962806,0.0,-76.0352,2407.573381750683,7.2465835
197,1784833230.2644954,,8.0,,8.0,,6.0,,6.0,,10.0,,10.0,,1.0,,1.0,,4.0,,4.0,,2.0,,2.0,,5.0,,5.0,,8.0,,8.0,,8.66400302387774,,6.621631311252713,,9.885509236250073,,1.3483590316027403,,4.384737180545926,,2.387058964053722,,4.952371729537845,,8.6875,0.08426330238580704,-0.0021004234440624714,0.006488941558927763,2.3369066640734673,0.2982749342918396,0.7384015321731567,0.27754834294319153,-0.008486691862344742,0.23198606073856354,0.45823341608047485,0.025701068341732025,8192,0.38078758120536804,5.866396427154541,0.03042646311223507,32309248,37024,15776,986,13.661578,0.010839284189569299,0.005403348828258459,-4.655936521291733,-22.052877,0.014748525770846755,0.0040612389755551705,-4.898381772637367,,,0.95,0.9,none,4.405980835765369,6.418437389437676,0.2839693775723281,0.0,-80.07799,2420.9025442409356,13.661578
198,1784833297.7421842,,8.0,,8.0,,6.0,,6.0,,10.0,,10.0,,1.0,,1.0,,4.0,,4.0,,2.0,,2.0,,5.0,,5.0,,8.0,,8.0,,8.863974323496222,,6.68072331417352,,9.888001129031181,,1.2658155346289277,,4.308751897828188,,2.374509862624109,,4.8535445587476715,,8.5625,0.04601534456014633,-0.0018894619424827397,0.0028679690149147063,2.3378026261925697,0.20520880818367004,0.9511018395423889,0.20514903962612152,-0.08410339057445526,0.1556011140346527,0.4799378216266632,0.02420802414417267,8192,0.40672826766967773,5.849727630615234,0.017583031207323074,32473088,37211,15856,991,-0.42433777,0.012979397847084328,0.0029790578642860054,-4.660216137766838,-15.597844,0.013200293754925952,0.005600480172142852,-4.9140251755714415,,,0.95,0.9,none,4.139263486588983,6.026775340044004,0.304414967659617,0.0,-85.58714,2428.061787673211,-0.42433777
199,1784833365.4455705,,8.0,,8.0,,6.0,,6.0,,10.0,,10.0,,1.0,,1.0,,4.0,,4.0,,2.0,,2.0,,5.0,,5.0,,8.0,,8.0,,8.21025875666237,,6.111997781321406,,9.648764941841364,,1.0633794981986284,,4.124303972814232,,2.1112628057599068,,4.840690114535391,,7.75,0.05600456893444061,-0.002969627850688994,0.0026963162617903436,2.3476099222898483,0.2291702777147293,0.9398792386054993,0.21695470809936523,0.0034569762647151947,0.15255235135555267,0.6094812750816345,0.027286065742373466,8192,0.5567730665206909,5.4825825691223145,0.028316888958215714,32636928,37405,15936,996,14.185759,0.01964845590409823,0.005305907249567099,-4.6590920895338055,-51.047222,0.031953761191107335,0.004557177503011189,-4.873582357168198,,,0.95,0.9,none,4.664677491167966,6.2375683201511,0.2147681740975048,0.0,-80.15851,2419.9676702675174,14.185759
200,1784833432.6178224,,8.0,,8.0,,6.0,,6.0,,10.0,,10.0,,1.0,,1.0,,4.0,,4.0,,2.0,,2.0,,5.0,,5.0,,8.0,,8.0,,8.304185912944376,,6.116412797244266,,9.694452553987503,,1.1698138324718457,,4.018084541428834,,2.06578487335355,,4.820734774228185,,8.5,0.09423777461051941,-0.000176717818249017,0.0033803620681283064,2.3460487201809883,0.3187570571899414,0.9096331000328064,0.27237430214881897,-0.292665958404541,0.22862176597118378,0.5446332097053528,0.02411411702632904,8192,0.5060860514640808,5.586184024810791,0.011491729877889156,32800768,37595,16016,1001,24.363392,0.00729770869074855,0.004263265337795019,-4.613715395331383,-2.9152753,0.011787231476046146,0.0035194996118661946,-4.847474613785744,,,0.95,0.9,none,4.33002691844206,6.701531017980585,0.21735131477992678,0.0,-76.43875,2439.102323300079,24.363392
201,1784833499.8070693,,8.0,,8.0,,6.0,,6.0,,10.0,,10.0,,1.0,,1.0,,4.0,,4.0,,2.0,,2.0,,5.0,,5.0,,8.0,,8.0,,7.421562269330025,,5.764225800521672,,9.69795819092542,,0.8357416409999132,,3.74091425241204,,1.70589570235461,,4.738126618787646,,7.4375,0.06543843448162079,-0.0010094594908878207,0.0014194357663654955,2.3529239743947983,0.27533280849456787,0.7779900431632996,0.16438469290733337,0.3227633833885193,0.16792277991771698,0.5515886545181274,0.03313906490802765,8192,0.514475405216217,5.167740345001221,0.11862915754318237,32964608,37809,16096,1006,-21.553465,0.020605192868970335,0.002729620100581087,-4.593650779128074,-53.000633,0.038516063569113614,0.0048954091049381535,-4.859577998518944,,,0.95,0.9,none,4.043583549498559,6.3384431801859105,0.2694008148669337,0.0,-65.829544,2438.485381205068,-21.553465
202,1784833566.7382362,,8.0,,8.0,,6.0,,6.0,,10.0,,10.0,,1.0,,1.0,,4.0,,4.0,,2.0,,2.0,,5.0,,5.0,,8.0,,8.0,,8.376707297749817,,6.70241767168045,,9.796047076582909,,1.363368047401309,,4.161404423881322,,2.3287229088600725,,4.927811307832599,,8.8125,0.0630919337272644,-0.003204634180292487,0.002917400393926073,2.36357519030571,0.17649133503437042,0.8175694942474365,0.12128963321447372,0.10557202994823456,0.18078117072582245,0.4842471480369568,0.032693274319171906,8192,0.39177629351615906,5.808622360229492,0.029643138870596886,33128448,37992,16176,1011,14.266217,0.010274754425336142,0.00363910957967164,-4.6101902484893795,-41.77726,0.017204194056103007,0.004713550093583763,-4.887847363948822,,,0.95,0.9,none,4.1357715545870235,6.598089791063404,0.312544025391024,0.0,-79.086655,2447.888020312986,14.266217
203,1784833634.3704846,,8.0,,8.0,,6.0,,6.0,,10.0,,10.0,,1.0,,1.0,,4.0,,4.0,,2.0,,2.0,,5.0,,5.0,,8.0,,8.0,,7.648059960454702,,5.088140240870416,,9.32293863222003,,0.6673384814057499,,3.777003035414964,,1.7401589902074193,,4.6508055604062974,,7.5625,0.06562205404043198,-0.0009216946200467646,0.002570125481724972,2.369484342634678,0.2619949281215668,0.8159255385398865,0.2297683209180832,-0.5154041647911072,0.17148202657699585,0.46971994638442993,0.032525137066841125,8192,0.45008543133735657,5.057117938995361,0.04100985825061798,33292288,38176,16256,1016,12.862821,0.01793647825543303,0.0031273462242097593,-4.619659486413002,-35.734955,0.011738296994008125,0.006591883348301053,-4.929818439483642,,,0.95,0.9,none,4.36834025152602,6.882048464079884,0.2459171669410366,0.0,-72.584175,2422.513660655704,12.862821
204,1784833702.6246002,,8.0,,8.0,,6.0,,6.0,,10.0,,10.0,,1.0,,1.0,,4.0,,4.0,,2.0,,2.0,,5.0,,5.0,,8.0,,8.0,,8.462524017784745,,6.42977777775377,,9.860314017161727,,1.406378555111587,,4.270314683672041,,2.377935971133411,,4.903729705605656,,8.5,0.060477957129478455,-2.6603403966873884e-05,0.0035093505030090455,2.379383899271488,0.17973774671554565,0.9421877264976501,0.12730108201503754,-0.5427742600440979,0.164298415184021,0.5442045331001282,0.032853469252586365,8192,0.45241081714630127,5.776371955871582,0.10313306003808975,33456128,38391,16336,1021,-5.758754,0.014870164604508318,0.004887870934908278,-4.644753527641297,-74.577896,0.032492663589073344,0.005397654828993836,-4.8898786962032315,,,0.95,0.9,none,4.609074579068698,6.057082625208923,0.2729822159251943,0.0,-85.650536,2400.4412178446196,-5.758754
205,1784833769.7541273,,8.0,,8.0,,6.0,,6.0,,10.0,,10.0,,1.0,,1.0,,4.0,,4.0,,2.0,,2.0,,5.0,,5.0,,8.0,,8.0,,7.55061646795366,,5.618099879473448,,9.529772460460663,,0.8401322923600674,,4.007046951446682,,1.7267603387590498,,4.713250396074727,,8.0,0.08435884118080139,0.00018940336303785443,0.0034642739046830684,2.389163389801979,0.23886555433273315,0.7617157697677612,0.1927703320980072,0.20350272953510284,0.21188655495643616,0.5628765821456909,0.026562755927443504,8192,0.5588699579238892,5.2482099533081055,0.12044031918048859,33619968,38581,16416,1026,-1.9186375,0.02157829999923706,0.005071680760011077,-4.662931358814239,-31.884113,0.03632492027245462,0.00502617300953716,-4.891774690151214,,,0.95,0.9,none,4.628546618685367,5.908489142803676,0.2875184529470102,0.0,-79.609566,2440.654256456116,-1.9186375
206,1784833834.4946945,,8.0,,8.0,,6.0,,6.0,,10.0,,10.0,,1.0,,1.0,,4.0,,4.0,,2.0,,2.0,,5.0,,5.0,,8.0,,8.0,,8.373087722575292,,6.44148850813508,,9.753147680312395,,1.1910948067670688,,4.037347140314523,,2.454316864721477,,4.9311874294653535,,8.5,0.027405638247728348,5.567504558712244e-05,0.0007158779289966333,2.393676370382309,0.16461960971355438,0.8425118923187256,0.11114130914211273,-0.16247059404850006,0.07524009793996811,0.5395166277885437,0.024194158613681793,8192,0.49267032742500305,5.710208892822266,0.016653142869472504,33783808,38777,16496,1031,14.049059,0.0138161262817448,0.0031048334596562198,-4.627790004014969,-43.77608,0.014078610920114443,0.005738453436060808,-4.870388054847718,,,0.95,0.9,none,4.049585039625922,6.121563229912581,0.24157487844502296,0.0,-75.971725,2530.7160906509107,14.049059
207,1784833899.557856,,8.0,,8.0,,6.0,,6.0,,10.0,,10.0,,1.0,,1.0,,4.0,,4.0,,2.0,,2.0,,5.0,,5.0,,8.0,,8.0,,8.041868043830618,,6.435925253666937,,9.770556828007102,,1.047405771794729,,4.054706120165065,,2.1415673438459635,,4.9194465149194,,8.375,0.08836795389652252,-0.0005327005637809634,0.0036132575187366456,2.397052988409996,0.1029399111866951,0.8583875298500061,0.09295313060283661,-0.2929549515247345,0.20902937650680542,0.5132282376289368,0.028614480048418045,8192,0.5463231801986694,5.598309516906738,0.041463177651166916,33947648,38990,16576,1036,-1.2056274,0.011090457656246144,0.003807302833592985,-4.61125496327877,-42.986946,0.013059085508575662,0.005990562216175022,-4.824045205116272,,,0.95,0.9,none,4.227645481022281,6.759488146352666,0.23811030647482445,0.0,-71.59176,2518.168478832751,-1.2056274
208,1784833964.6799216,,8.0,,8.0,,6.0,,6.0,,10.0,,10.0,,1.0,,1.0,,4.0,,4.0,,2.0,,2.0,,5.0,,5.0,,8.0,,8.0,,8.36280082911253,,6.737294860184193,,9.860742490272969,,1.3568784147500992,,4.3042856296524405,,2.3423996397759765,,4.891476483084261,,8.75,0.0508553609251976,-0.00450193090364337,0.0031847626341914292,2.3936750069260597,0.21266523003578186,0.8529760837554932,0.14634592831134796,0.3489839434623718,0.14764797687530518,0.6222801208496094,0.026328064501285553,8192,0.43648871779441833,5.825735092163086,0.035869136452674866,34111488,39185,16656,1041,-1.7281296,0.013904499722411857,0.003281080352462595,-4.629359298944474,-19.062704,0.007395708776311949,0.0033883978103403933,-4.865573832392693,,,0.95,0.9,none,4.006912956989986,6.429225118595045,0.3086673480590221,0.0,-75.78572,2515.890772123428,-1.7281296
209,1784834029.607764,,8.0,,8.0,,6.0,,6.0,,10.0,,10.0,,1.0,,1.0,,4.0,,4.0,,2.0,,2.0,,5.0,,5.0,,8.0,,8.0,,8.172601696103811,,6.624871790641919,,9.809219962917268,,1.253619551891461,,4.2233577044680715,,2.186024726368487,,4.869382072240114,,8.75,0.02868345007300377,-0.000694955640938133,0.0007821568237886822,2.4113283082842827,0.19984757900238037,0.8837648034095764,0.185281440615654,0.24838250875473022,0.08194002509117126,0.4698542654514313,0.025256555527448654,8192,0.48224443197250366,5.736135005950928,0.04330865293741226,34275328,39387,16736,1046,-3.652018,0.01415228002006188,0.0034637927397852763,-4.656154489517212,-45.316357,0.01745646811032202,0.005553076870273799,-4.860609996318817,,,0.95,0.9,none,4.210689245137901,6.670784618006266,0.2780118287681953,0.0,-74.43129,2523.4165835550057,-3.652018
210,1784834094.2562056,,8.0,,8.0,,6.0,,6.0,,10.0,,10.0,,1.0,,1.0,,4.0,,4.0,,2.0,,2.0,,5.0,,5.0,,8.0,,8.0,,7.702654893510044,,5.19987440481782,,9.236373151652515,,0.765444268588908,,3.675418261438608,,1.8770197071135044,,4.562259449623525,,7.125,0.06205786019563675,-0.0035910183214582503,0.003969034209148958,2.4165339171886444,0.2899879515171051,0.77960205078125,0.18924903869628906,-0.3905070424079895,0.1504867672920227,0.6672526597976685,0.018697410821914673,8192,0.4172596037387848,5.018006324768066,0.009587150067090988,34439168,39562,16816,1051,15.194265,0.011833633633796126,0.0012300573420361617,-4.650040403008461,-24.00697,0.01131543586961925,0.004180350410751999,-4.8601080775260925,,,0.95,0.9,none,3.7425901176105953,6.025948589108923,0.3855400557545817,0.0,-82.19172,2534.3225125843223,15.194265
211,1784834159.4865935,,8.0,,8.0,,6.0,,6.0,,10.0,,10.0,,1.0,,1.0,,4.0,,4.0,,2.0,,2.0,,5.0,,5.0,,8.0,,8.0,,8.57568734139204,,5.775095362216234,,9.756004016846418,,1.088014604523778,,4.295261598192155,,2.2747888495214283,,4.846340814139694,,8.5625,0.10870496928691864,1.2829666957259178e-05,0.009348625200800598,2.423230715095997,0.34509211778640747,0.912882924079895,0.29212686419487,0.0264885351061821,0.2962006628513336,0.5791370868682861,0.019547173753380775,8192,0.5141676664352417,5.646711349487305,0.10946913808584213,34603008,39745,16896,1056,6.7464767,0.01642779881658498,0.002957598453212995,-4.621849820017815,-56.43523,0.030506155925104396,0.004086453262425493,-4.860279238224029,,,0.95,0.9,none,4.2886468488848255,5.410469679961078,0.24485251503497277,0.0,-76.9291,2511.712796244851,6.7464767
212,1784834225.417976,,8.0,,8.0,,6.0,,6.0,,10.0,,10.0,,1.0,,1.0,,4.0,,4.0,,2.0,,2.0,,5.0,,5.0,,8.0,,8.0,,7.895182229578495,,6.1014359928667545,,9.445282206870615,,0.9689688687212765,,3.7058165865018964,,2.1605610828846693,,4.80143459350802,,7.6875,0.07227973639965057,-0.003680408641230315,0.0032397090071754064,2.4192482456564903,0.23880764842033386,0.8910322189331055,0.19327345490455627,-0.015170857310295105,0.18236415088176727,0.6051521301269531,0.02762874960899353,8192,0.5570083856582642,5.345772743225098,0.04591524973511696,34766848,39941,16976,1061,-15.261007,0.018155440367991105,0.0029594037994684188,-4.625145068764686,-15.240573,0.022974156198324637,0.005584283047937788,-4.859457638859749,,,0.95,0.9,none,4.259129612309586,6.286063346282067,0.2172907913904033,0.0,-87.20728,2485.009085733571,-15.261007
213,1784834292.415331,,8.0,,8.0,,6.0,,6.0,,10.0,,10.0,,1.0,,1.0,,4.0,,4.0,,2.0,,2.0,,5.0,,5.0,,8.0,,8.0,,8.645527882501483,,6.641056735999882,,9.93667735811323,,1.1668225908651948,,4.409698246046901,,2.359252894297242,,4.958632790483534,,8.5625,0.06006479263305664,-0.0032589054171694443,0.0027231928033870645,2.4237873256206512,0.18291273713111877,0.8646888732910156,0.16654132306575775,-0.024379217997193336,0.1919548064470291,0.549489438533783,0.02945626713335514,8192,0.42309603095054626,5.835021495819092,0.08770625293254852,34930688,40128,17056,1066,14.8129635,0.01304236906580627,0.0018388568387308624,-4.674904239177704,-8.284989,0.009024775872239843,0.005271548021846683,-4.893414542078972,,,0.95,0.9,none,3.724465745904875,6.1187690024278565,0.30525481964903606,0.0,-73.93355,2445.4684677410914,14.8129635
214,1784834357.44766,,8.0,,8.0,,6.0,,6.0,,10.0,,10.0,,1.0,,1.0,,4.0,,4.0,,2.0,,2.0,,5.0,,5.0,,8.0,,8.0,,8.293117725290358,,6.75934697833145,,9.759182250127196,,1.2503589130938053,,4.153755410108715,,2.171821822412312,,4.875783497700468,,8.3125,0.12456526607275009,0.0001481650397181511,0.004739279203931801,2.4307413324713707,0.23652932047843933,0.9285683631896973,0.1619797945022583,0.215845987200737,0.29152926802635193,0.740960955619812,0.019266275689005852,8192,0.5050502419471741,5.696983337402344,0.015997588634490967,35094528,40298,17136,1071,19.443203,0.01004727059043944,0.0038025118301447947,-4.6919875085353855,-17.434582,0.01111179935396649,0.004961980262305587,-4.854672682285309,,,0.95,0.9,none,4.196702837237236,5.898743901905343,0.22788744903283414,0.0,-77.172356,2519.362375513414,19.443203
215,1784834424.4021192,,8.0,,8.0,,6.0,,6.0,,10.0,,10.0,,1.0,,1.0,,4.0,,4.0,,2.0,,2.0,,5.0,,5.0,,8.0,,8.0,,7.925583869218826,,5.810398145578802,,9.340948032215238,,1.0001591267064214,,3.720001073554158,,1.9413553271442652,,4.7669287640965194,,7.375,0.06591729819774628,-0.0035210555070079863,0.0027196826522413176,2.43285358697176,0.2096652090549469,0.878241777420044,0.18057002127170563,-0.06942319124937057,0.1680663377046585,0.49564191699028015,0.03595956414937973,8192,0.5370547771453857,5.235047340393066,0.024295389652252197,35258368,40503,17216,1076,4.2489185,0.00869840640516486,0.0030685361809446475,-4.725514152646065,-39.484215,0.01618885373463854,0.0029359816209762355,-4.8648284614086155,,,0.95,0.9,none,4.397046765658919,5.883997889034385,0.2375212018249054,0.0,-75.83657,2447.0364009667455,4.2489185
216,1784834492.2704494,,8.0,,8.0,,6.0,,6.0,,10.0,,10.0,,1.0,,1.0,,4.0,,4.0,,2.0,,2.0,,5.0,,5.0,,8.0,,8.0,,8.00395378729445,,6.362698666052893,,9.656023372430354,,0.9257781952619553,,4.055605046916753,,1.9011373247485608,,4.846974839456379,,8.3125,0.06944553554058075,-0.0018807308515533805,0.0026279995690856595,2.430896982550621,0.21786880493164062,0.9226878881454468,0.16522496938705444,0.11531150341033936,0.17220057547092438,0.5469323396682739,0.026964236050844193,8192,0.5673205256462097,5.508083820343018,0.014789963141083717,35422208,40679,17296,1081,14.836195,0.008307669150235597,0.005171027111646254,-4.782367613911629,-33.714493,0.010738805730943568,0.004026090294792084,-4.900259667634964,,,0.95,0.9,none,4.054590795087231,6.443500898058917,0.19235642847272855,0.0,-77.04614,2414.0861743209193,14.836195
217,1784834560.3461373,,8.0,,8.0,,6.0,,6.0,,10.0,,10.0,,1.0,,1.0,,4.0,,4.0,,2.0,,2.0,,5.0,,5.0,,8.0,,8.0,,7.878476818324998,,5.848419697955251,,9.309287291020155,,0.8295288998633623,,3.817852219566703,,1.9093115570722148,,4.74819007422775,,7.6875,0.12033253908157349,-0.0002956135431304574,0.008508178507327102,2.4345692545175552,0.2400205433368683,0.8459814786911011,0.17041830718517303,-0.20468944311141968,0.31292134523391724,0.5925875902175903,0.024247054010629654,8192,0.5631936192512512,5.253571033477783,0.0373658761382103,35586048,40854,17376,1086,14.988647,0.008759343264682685,0.005315779779630247,-4.736173856258392,-2.682595,0.008551589748822152,0.005484097999578807,-4.918438598513603,,,0.95,0.9,none,4.532451075438488,5.8479026538222305,0.21385866001605464,0.0,-73.71525,2406.7329414740157,14.988647
218,1784834628.510377,,8.0,,8.0,,6.0,,6.0,,10.0,,10.0,,1.0,,1.0,,4.0,,4.0,,2.0,,2.0,,5.0,,5.0,,8.0,,8.0,,7.2285893661901355,,5.199632884003222,,9.184384206309915,,0.7602279344573617,,3.7435339733492583,,1.7004572181031108,,4.592265899758786,,7.125,0.022133607417345047,-0.00342666229698807,0.001242594663381169,2.4430624917149544,0.18155238032341003,0.9804345369338989,0.11676923930644989,-0.32277268171310425,0.07821105420589447,0.6156996488571167,0.026418868452310562,8192,0.34347888827323914,4.941761016845703,0.022244930267333984,35749888,41037,17456,1091,24.449186,0.010540084674721584,0.0052208797889761625,-4.694570341706276,-47.895866,0.01645669508143328,0.00493825434386963,-4.930855229496956,,,0.95,0.9,none,4.282551505797993,6.389905409449204,0.3194218921212373,0.0,-80.80646,2403.6063538613744,24.449186
219,1784834692.91644,,8.0,,8.0,,6.0,,6.0,,10.0,,10.0,,1.0,,1.0,,4.0,,4.0,,2.0,,2.0,,5.0,,5.0,,8.0,,8.0,,7.875894583761692,,6.240422714501619,,9.687598451972008,,1.0319468551315367,,4.033635049127042,,1.9564883238635957,,4.802734079770744,,8.375,0.10773703455924988,-0.0005913394270464778,0.006222776748472825,2.4601150155067444,0.1855819672346115,0.9879194498062134,0.12284078449010849,-0.4871996343135834,0.28475743532180786,0.5128570199012756,0.02562626823782921,8192,0.5828871130943298,5.500464916229248,0.06473881006240845,35913728,41242,17536,1096,24.1983,0.007623542929650284,0.0036866358277620748,-4.6672421336174015,-6.257725,0.01560922345961444,0.004531052181846462,-4.90482489168644,,,0.95,0.9,none,3.9942166576434723,5.846139519501612,0.1913114008275039,0.0,-74.57443,2543.859794651506,24.1983
220,1784834758.3578215,,8.0,,8.0,,6.0,,6.0,,10.0,,10.0,,1.0,,1.0,,4.0,,4.0,,2.0,,2.0,,5.0,,5.0,,8.0,,8.0,,7.722110149916261,,5.408988744486123,,9.375779323279858,,0.9972649561241269,,3.842413682024926,,1.7996019752463326,,4.837093531619757,,7.5625,0.13546359539031982,7.97805842012167e-06,0.013929789696703665,2.46694552898407,0.34341517090797424,0.9386036396026611,0.2579273581504822,-0.1340947300195694,0.3541426360607147,0.6451889872550964,0.027207428589463234,8192,0.5248948335647583,5.193219184875488,0.10531443357467651,36077568,41439,17616,1101,23.533772,0.008669201559678185,0.006111206123023294,-4.648991486430168,-40.787548,0.03773434961331077,0.0017732528300257399,-4.8989114433526995,,,0.95,0.9,none,4.513051030381459,4.790528254479392,0.2250241119283219,0.0,-80.80255,2503.614631482221,23.533772
221,1784834823.8778265,,8.0,,8.0,,6.0,,6.0,,10.0,,10.0,,1.0,,1.0,,4.0,,4.0,,2.0,,2.0,,5.0,,5.0,,8.0,,8.0,,8.07174973655492,,5.88788553327322,,9.808304047212005,,0.9575222684070468,,4.0792686068452895,,1.9409909113310277,,4.9382003378123045,,8.125,0.06472805887460709,0.0001852628483902663,0.004311278291424969,2.469991870224476,0.1654084026813507,0.6803266406059265,0.1239839643239975,-0.11412013322114944,0.17825809121131897,0.5112624168395996,0.032382864505052567,8192,0.5591012835502625,5.476115703582764,0.03533314913511276,36241408,41630,17696,1106,22.488468,0.012409389765525702,0.002395425585564226,-4.667032954096794,-57.528553,0.01694870740757324,0.006661786641780054,-4.8785240828990935,,,0.95,0.9,none,4.029717012702316,6.335733173776248,0.19072307543659,0.0,-82.29911,2500.6103007753486,22.488468
222,1784834888.1141777,,8.0,,8.0,,6.0,,6.0,,10.0,,10.0,,1.0,,1.0,,4.0,,4.0,,2.0,,2.0,,5.0,,5.0,,8.0,,8.0,,7.228734154428821,,5.902086632326245,,9.385140615515411,,0.7148045655339956,,3.7940120408311486,,1.6681186514906585,,4.765585575252771,,7.3125,0.04759496822953224,-0.001130770891904831,0.0025376025878358632,2.472449153661728,0.2792852520942688,0.8879340887069702,0.3180755078792572,0.1703708916902542,0.11704140901565552,0.7478264570236206,0.027832064777612686,8192,0.44723451137542725,5.096372604370117,0.02768341265618801,36405248,41828,17776,1111,-3.7202733,0.012772605314967222,0.00575919684706605,-4.67817685008049,-49.71778,0.029439507913775743,0.004346529957547318,-4.87614706158638,,,0.95,0.9,none,4.385965095775285,6.329958235513065,0.30355392030611417,0.0,-78.89244,2550.580709544725,-3.7202733
223,1784834953.3584826,,8.0,,8.0,,6.0,,6.0,,10.0,,10.0,,1.0,,1.0,,4.0,,4.0,,2.0,,2.0,,5.0,,5.0,,8.0,,8.0,,7.825568926520646,,5.8687238693237305,,9.505468305200338,,1.11370301945135,,4.205594315048074,,2.101226333528757,,4.829090942628682,,8.0,0.06345616281032562,-0.0007659903494641185,0.007190840791736264,2.4857604429125786,0.23791472613811493,0.8699387907981873,0.20208242535591125,0.11382009088993073,0.20035627484321594,0.6303631067276001,0.03403829410672188,8192,0.5726075768470764,5.431171894073486,0.04581717401742935,36569088,42018,17856,1116,15.566037,0.013586221355944872,0.004547771879879292,-4.678034734725952,-59.274162,0.018970405886648223,0.003813816913680057,-4.87390910089016,,,0.95,0.9,none,4.254803521216238,5.736273590491808,0.20906100489148322,0.0,-74.84963,2511.177735437545,15.566037
224,1784835017.3938186,,8.0,,8.0,,6.0,,6.0,,10.0,,10.0,,1.0,,1.0,,4.0,,4.0,,2.0,,2.0,,5.0,,5.0,,8.0,,8.0,,7.686945660971105,,5.26076537463814,,9.59586425323505,,0.7506962697952986,,3.721682126633823,,2.0054667838849127,,4.777973885938991,,7.625,0.1701609343290329,-8.323520887643099e-05,0.017504946154076606,2.488160215318203,0.3000504970550537,0.8150547742843628,0.19851595163345337,0.38597169518470764,0.45330891013145447,0.6287648677825928,0.023853804916143417,8192,0.5050296187400818,5.178049564361572,0.03524351865053177,36732928,42204,17936,1121,-8.389151,0.017580101819476113,0.0032847974915057422,-4.656654813885689,-34.44375,0.013535636340384372,0.004483425688522402,-4.825731709599495,,,0.95,0.9,none,4.363102009984753,6.6212697810249015,0.1953734364241983,0.0,-78.854904,2558.5866794945564,-8.389151
225,1784835082.435866,,8.0,,8.0,,6.0,,6.0,,10.0,,10.0,,1.0,,1.0,,4.0,,4.0,,2.0,,2.0,,5.0,,5.0,,8.0,,8.0,,8.118303976720199,,6.14498433470726,,9.652491846121848,,0.7260863864794374,,3.886897056363523,,2.0072708730585873,,4.86352695338428,,7.875,0.09396184235811234,-6.72750174999237e-05,0.008111161398119293,2.4897902831435204,0.3196389079093933,0.8497112989425659,0.29559916257858276,-0.015499272383749485,0.2614859938621521,0.6798045635223389,0.023827772587537766,8192,0.5674334168434143,5.409319877624512,0.02686956897377968,36896768,42381,18016,1126,11.663211,0.013161916042736265,0.0019920984741474967,-4.665010982751847,1.2201984,0.005460417830909137,0.004863496874895646,-4.824382296204567,,,0.95,0.9,none,4.267129963533135,6.061758213973744,0.18086723975433316,0.0,-80.36263,2518.9859001487844,11.663211
226,1784835146.7946684,,8.0,,8.0,,6.0,,6.0,,10.0,,10.0,,1.0,,1.0,,4.0,,4.0,,2.0,,2.0,,5.0,,5.0,,8.0,,8.0,,7.682474634144455,,5.963058123714291,,9.53057081438601,,1.0947416522540152,,3.8679781161481515,,1.7327913898043334,,4.697604961984325,,7.4375,0.09062807261943817,-0.002057433332083747,0.002653217779879924,2.494423545897007,0.18401587009429932,0.827241063117981,0.13308778405189514,-0.2088659405708313,0.22711074352264404,0.5629779100418091,0.021497534587979317,8192,0.5490280985832214,5.250839710235596,0.046510495245456696,37060608,42573,18096,1131,22.266489,0.008081514919467736,0.005425919125264045,-4.641694578528404,-9.767797,0.008914439482032322,0.004038104129722342,-4.872041073441506,,,0.95,0.9,none,4.569585365777974,5.858499573593024,0.1908407190318293,0.0,-76.48554,2545.7278349254593,22.266489
227,1784835211.4980884,,8.0,,8.0,,6.0,,6.0,,10.0,,10.0,,1.0,,1.0,,4.0,,4.0,,2.0,,2.0,,5.0,,5.0,,8.0,,8.0,,8.273402631282806,,6.539859019219875,,9.911527303396724,,1.3621508264914155,,4.290840434608981,,2.25776367331855,,4.94642887217924,,8.75,0.039351172745227814,6.986444350332022e-05,0.0005140768216733704,2.498666889965534,0.2887727916240692,0.987666130065918,0.23037904500961304,-0.35362696647644043,0.11191237717866898,0.5846917629241943,0.021305464208126068,8192,0.47050145268440247,5.791496753692627,0.02561212331056595,37224448,42745,18176,1136,21.891155,0.008921234743320383,0.005018777208897518,-4.599795323610306,-16.03284,0.0066539664228912445,0.0028289765381487087,-4.872254830598831,,,0.95,0.9,none,4.39157326889738,6.199428645983831,0.16487609658159463,0.0,-79.994225,2532.1692013472993,21.891155
228,1784835275.5337484,,8.0,,8.0,,6.0,,6.0,,10.0,,10.0,,1.0,,1.0,,4.0,,4.0,,2.0,,2.0,,5.0,,5.0,,8.0,,8.0,,8.276341508608311,,6.178810322191566,,9.827617604285479,,1.2802330176346004,,4.21871056035161,,2.169175782240927,,4.880782064981759,,8.5,0.062057480216026306,-0.002048524795100093,0.0026078592891281005,2.49926870316267,0.21114376187324524,0.9035336971282959,0.18172889947891235,-0.19697248935699463,0.16124162077903748,0.5861358046531677,0.016797207295894623,8192,0.5046566724777222,5.666458606719971,0.01124341506510973,37388288,42918,18256,1141,23.872913,0.009408979209547396,0.00492447487777099,-4.596285718679428,-7.3572183,0.0075912748201517385,0.003049123066011816,-4.913557648658752,,,0.95,0.9,none,4.506409787254719,6.012371709157977,0.2041298503924755,0.0,-83.29478,2558.5743208111708,23.872913
229,1784835342.447777,,8.0,,8.0,,6.0,,6.0,,10.0,,10.0,,1.0,,1.0,,4.0,,4.0,,2.0,,2.0,,5.0,,5.0,,8.0,,8.0,,7.73341339500621,,5.550916817039251,,9.238453403115273,,0.862960641272366,,3.90905571449548,,1.8040443789213896,,4.684842258691788,,7.625,0.1295175552368164,-0.0043739305110648274,0.004512919193075504,2.504490301012993,0.19746898114681244,0.8813169598579407,0.159300297498703,-1.0337027311325073,0.37727096676826477,0.5864206552505493,0.023887895047664642,8192,0.527385413646698,5.176085948944092,0.025538519024848938,37552128,43117,18336,1146,16.013594,0.010766508799861185,0.004288786520191934,-4.624990317225456,-39.585293,0.020271036605117844,0.0026750546938274057,-4.925048357248306,,,0.95,0.9,none,4.728053265271388,5.2352806885220255,0.21744927760907692,0.0,-68.0096,2448.5150182949765,16.013594
230,1784835407.8099117,,8.0,,8.0,,6.0,,6.0,,10.0,,10.0,,1.0,,1.0,,4.0,,4.0,,2.0,,2.0,,5.0,,5.0,,8.0,,8.0,,8.036034315824509,,6.406375135411508,,9.651690324768424,,1.142663300575805,,4.203961322084069,,2.0919222705997527,,4.869242702610791,,8.625,0.03001348301768303,-0.009017501666676253,0.0016607107336312765,2.508038856089115,0.18817666172981262,0.8415613770484924,0.1504993438720703,0.12553969025611877,0.08035635203123093,0.5236630439758301,0.01416243426501751,8192,0.5417490601539612,5.628361225128174,0.020778249949216843,37715968,43302,18416,1151,23.378267,0.008101599371002521,0.002629072689160239,-4.635489812493324,-13.542651,0.018363749334821478,0.0028419341819244438,-4.910824048519134,,,0.95,0.9,none,4.350179050899891,5.208988349850107,0.23842157036189732,0.0,-76.386734,2506.650095274822,23.378267
231,1784835473.1894312,,8.0,,8.0,,6.0,,6.0,,10.0,,10.0,,1.0,,1.0,,4.0,,4.0,,2.0,,2.0,,5.0,,5.0,,8.0,,8.0,,8.405017343349755,,5.856831556651741,,9.604831334203482,,1.0595019673928618,,4.000113762449473,,1.8836769349873066,,4.834803532809019,,7.9375,0.049312688410282135,-0.0037322540301829576,0.0016873432614374906,2.508823163807392,0.1570209413766861,0.7958204746246338,0.15408149361610413,-0.01030917651951313,0.12642672657966614,0.4643845856189728,0.01757885329425335,8192,0.5853025317192078,5.447784423828125,0.0197199285030365,37879808,43506,18496,1156,-35.606876,0.012159226206131279,0.003516386012779549,-4.655188971757889,-38.358086,0.01419015130668413,0.00390260256754118,-4.897538712620735,,,0.95,0.9,none,4.664172907391761,5.686293729598275,0.16184462350947937,0.0,-70.85537,2505.9838031218587,-35.606876
232,1784835538.4820576,,8.0,,8.0,,6.0,,6.0,,10.0,,10.0,,1.0,,1.0,,4.0,,4.0,,2.0,,2.0,,5.0,,5.0,,8.0,,8.0,,7.902000970207155,,5.532179284840822,,9.466318836435676,,0.7530836211517453,,3.7294285730458796,,1.6424655397422612,,4.667112788069062,,7.5625,0.08432094007730484,-0.001112158875912428,0.0034118951953132637,2.50921930372715,0.31464684009552,0.9145489931106567,0.22196130454540253,-0.27370619773864746,0.21180541813373566,0.59576416015625,0.016767721623182297,8192,0.5152190327644348,5.156886100769043,0.011910081841051579,38043648,43690,18576,1161,-23.137459,0.015355657128384336,0.004494664100639057,-4.708271265029907,-14.740274,0.009500835370272399,0.002732501811988186,-4.919943714141846,,,0.95,0.9,none,4.827289351570293,5.738775939813539,0.2244282819625993,0.0,-80.86064,2509.3182212700117,-23.137459
233,1784835603.2177582,,8.0,,8.0,,6.0,,6.0,,10.0,,10.0,,1.0,,1.0,,4.0,,4.0,,2.0,,2.0,,5.0,,5.0,,8.0,,8.0,,8.468374535441399,,6.709943359717727,,9.875921085476875,,1.4227513168007135,,4.2807264141738415,,2.3854419221170247,,4.942953456193209,,8.6875,0.027392981573939323,-0.0007478686748072505,0.001937145436386345,2.50442648679018,0.1994619220495224,0.8416218161582947,0.15125924348831177,0.06099012866616249,0.1039530411362648,0.516038179397583,0.016567591577768326,8192,0.4345271587371826,5.846701622009277,0.008241747505962849,38207488,43882,18656,1166,-18.313978,0.009051551559241488,0.004198502534563886,-4.722257280349732,-5.2187247,0.008298169961199165,0.004077916181995533,-4.908629962801934,,,0.95,0.9,none,4.928645423649462,5.835236633608446,0.2797404839780195,0.0,-72.86137,2530.9071801255964,-18.313978
234,1784835667.5572243,,8.0,,8.0,,6.0,,6.0,,10.0,,10.0,,1.0,,1.0,,4.0,,4.0,,2.0,,2.0,,5.0,,5.0,,8.0,,8.0,,7.582005523436237,,5.820488785335328,,9.464357103221118,,0.8813289680983871,,3.800705044704955,,1.963755832053721,,4.67562594730407,,8.0,0.16819438338279724,-0.0006836995016783476,0.011023069208022207,2.5127499252557755,0.38494861125946045,0.7138043642044067,0.3356805741786957,-0.24233996868133545,0.3852537274360657,0.5974034070968628,0.019657647237181664,8192,0.558573842048645,5.273533344268799,0.060728225857019424,38371328,44067,18736,1171,5.0851636,0.009001066812197677,0.004993909886252368,-4.729205414652824,0.8081465,0.017197917113662697,0.004586447111796588,-4.901099973917008,,,0.95,0.9,none,4.763742980186434,5.691886331185702,0.19310312516928665,0.0,-78.59346,2546.4935175111445,5.0851636
235,1784835732.7406394,,8.0,,8.0,,6.0,,6.0,,10.0,,10.0,,1.0,,1.0,,4.0,,4.0,,2.0,,2.0,,5.0,,5.0,,8.0,,8.0,,8.47210731357336,,6.680366588756442,,9.837519064545631,,1.3140880055725574,,4.207774222828448,,2.3925541499629617,,4.941095599904656,,8.625,0.04980503395199776,0.0002789210411719978,0.0029459448232955765,2.516087882220745,0.33441734313964844,0.7529996037483215,0.2354954183101654,0.1598079949617386,0.13299979269504547,0.6051722168922424,0.010581537149846554,8192,0.44736361503601074,5.808813095092773,0.06073208898305893,38535168,44238,18816,1176,3.1233249,0.012504477065522223,0.0031401238120452035,-4.728587707877159,-51.767677,0.01768082088092342,0.0046012354854610745,-4.91971173286438,,,0.95,0.9,none,4.493842444545839,5.363358709691973,0.3013959751797878,0.0,-77.80545,2513.5216112799963,3.1233249
236,1784835797.6629612,,8.0,,8.0,,6.0,,6.0,,10.0,,10.0,,1.0,,1.0,,4.0,,4.0,,2.0,,2.0,,5.0,,5.0,,8.0,,8.0,,8.53816494345665,,6.470528666861355,,9.732225950807333,,1.2476242519915104,,3.882805747911334,,2.0587471649050713,,4.89292699896032,,8.5625,0.08314275741577148,-0.003367783734574914,0.002269139382406138,2.5191309973597527,0.28405526280403137,0.8961225748062134,0.2646440267562866,-0.024897508323192596,0.2560410797595978,0.538372814655304,0.014672885648906231,8192,0.5139443278312683,5.673190593719482,0.07036826759576797,38699008,44432,18896,1181,-2.041711,0.012503669442958198,0.0035289030347485095,-4.745548737049103,-39.292427,0.025913178065093235,0.004723074479261413,-4.897780013084412,,,0.95,0.9,none,4.310243629416096,5.863767287395777,0.22081907779330728,0.0,-84.82108,2523.631337407501,-2.041711
237,1784835861.6866527,,8.0,,8.0,,6.0,,6.0,,10.0,,10.0,,1.0,,1.0,,4.0,,4.0,,2.0,,2.0,,5.0,,5.0,,8.0,,8.0,,7.495710241608322,,5.4564808420836926,,9.526616349816322,,0.800308761652559,,3.981623339932412,,1.7832007984397933,,4.740272069349885,,7.75,0.12036366760730743,9.660341311246157e-05,0.014171037444612011,2.51899591088295,0.12721610069274902,0.6562516689300537,0.17103396356105804,0.06399347633123398,0.3479362428188324,0.6096106767654419,0.0126612838357687,8192,0.5233084559440613,5.191776752471924,0.08341758698225021,38862848,44614,18976,1186,2.9202003,0.012026969823637046,0.005394213116233004,-4.786435469985008,-41.49578,0.0207596130494494,0.002310000108263921,-4.925889557600021,,,0.95,0.9,none,4.343395945845165,6.310167659576099,0.2791395264451743,0.0,-75.33174,2559.0531489751324,2.9202003
238,1784835927.0041733,,8.0,,8.0,,6.0,,6.0,,10.0,,10.0,,1.0,,1.0,,4.0,,4.0,,2.0,,2.0,,5.0,,5.0,,8.0,,8.0,,8.452944371849298,,6.548106032656506,,9.879708681255579,,0.979928947519511,,4.160523088721675,,2.2429032367945183,,4.8870410323143005,,8.3125,0.08154621720314026,-0.0003944208729080856,0.002492976105713751,2.519917607307434,0.34926027059555054,0.851037859916687,0.3265630602836609,0.24451342225074768,0.23515179753303528,0.47812023758888245,0.015705356374382973,8192,0.4994719624519348,5.682956695556641,0.01755962334573269,39026688,44813,19056,1191,14.764921,0.00896307088114554,0.003794716397533193,-4.773092916607856,-7.6924324,0.006542591153993272,0.005456130087259226,-4.954955843091011,,,0.95,0.9,none,4.697242779284956,6.157718677978773,0.18407736798897567,0.0,-76.38276,2508.3624265467447,14.764921
239,1784835992.9820118,,8.0,,8.0,,6.0,,6.0,,10.0,,10.0,,1.0,,1.0,,4.0,,4.0,,2.0,,2.0,,5.0,,5.0,,8.0,,8.0,,8.12141769612208,,5.569588212296367,,9.595023550093174,,1.0425520888529718,,4.069536448456347,,1.975747482094448,,4.845829516998492,,8.0,0.0822763666510582,-0.00011373797315172851,0.00307952778894105,2.5255305618047714,0.3058820962905884,0.874794065952301,0.22643235325813293,-0.1258874535560608,0.20063000917434692,0.5346047878265381,0.01448330283164978,8192,0.5783810615539551,5.402461528778076,0.02039327658712864,39190528,44999,19136,1196,15.677645,0.011499264382291586,0.0036580026557203383,-4.810982054471969,-21.723972,0.011240579087461811,0.004349140147678554,-4.951616084575653,,,0.95,0.9,none,4.6811451105611805,5.36707597011231,0.1993752420103403,0.0,-79.28017,2483.2573129456005,15.677645
240,1784836057.0555046,,8.0,,8.0,,6.0,,6.0,,10.0,,10.0,,1.0,,1.0,,4.0,,4.0,,2.0,,2.0,,5.0,,5.0,,8.0,,8.0,,7.6719989739358425,,5.804191712290049,,9.49184611486271,,0.8235860038548708,,3.9982345807366073,,2.053557438426651,,4.781167399371043,,7.8125,0.09550855308771133,0.00016022135969251394,0.00668283869890729,2.530242435634136,0.2833073139190674,0.9361815452575684,0.2473476380109787,0.18076536059379578,0.24250280857086182,0.47438305616378784,0.019300907850265503,8192,0.5533809661865234,5.304635047912598,0.027417317032814026,39354368,45184,19216,1201,-19.96755,0.013828067120630293,0.005634619818010833,-4.839036694169044,-11.83479,0.010514563979813828,0.0029367772938712735,-4.950969630479813,,,0.95,0.9,none,4.9789153540693665,5.409196376844807,0.22381841144962328,0.0,-70.29789,2557.0636520506823,-19.96755
241,1784836121.4865031,,8.0,,8.0,,6.0,,6.0,,10.0,,10.0,,1.0,,1.0,,4.0,,4.0,,2.0,,2.0,,5.0,,5.0,,8.0,,8.0,,7.85345721617341,,5.640595065429807,,9.24180979654193,,0.7631172714754939,,3.873906104359776,,1.6423351522535086,,4.797016887925565,,7.75,0.12679246068000793,-0.0007055448368191719,0.00909736508037895,2.5338520631194115,0.3693005442619324,0.775111198425293,0.3462226390838623,0.003928739577531815,0.3239601254463196,0.5068756341934204,0.013754136860370636,8192,0.5554565787315369,5.195280075073242,0.01129850186407566,39518208,45371,19296,1206,24.722593,0.00748564821187756,0.0033661433233646678,-4.816118159890175,-21.806255,0.012855845477315598,0.0034655555507924875,-4.964077827334404,,,0.95,0.9,none,4.460175710093033,5.364277418471703,0.2780196440327679,0.0,-80.50387,2542.87536977167,24.722593
242,1784836187.0284336,,8.0,,8.0,,6.0,,6.0,,10.0,,10.0,,1.0,,1.0,,4.0,,4.0,,2.0,,2.0,,5.0,,5.0,,8.0,,8.0,,7.968465425772592,,6.005375724751502,,9.817871503531933,,1.0249220943078399,,3.901879332959652,,2.040845858864486,,4.742371121421456,,7.9375,0.07056605815887451,-0.002600743086077273,0.002822487334924517,2.5392735302448273,0.2357151061296463,0.8145880103111267,0.17774057388305664,0.051456842571496964,0.18823614716529846,0.5177736282348633,0.0164668969810009,8192,0.5565208196640015,5.429903507232666,0.03764353320002556,39682048,45566,19376,1211,6.6374907,0.011607734221615828,0.005168687526020221,-4.776478931307793,-15.166342,0.009863481196225621,0.0040640374209033325,-4.978077432513237,,,0.95,0.9,none,4.579083023422379,6.350718858499107,0.19101105240123759,0.0,-81.0204,2499.773943934592,6.6374907
243,1784836252.141316,,8.0,,8.0,,6.0,,6.0,,10.0,,10.0,,1.0,,1.0,,4.0,,4.0,,2.0,,2.0,,5.0,,5.0,,8.0,,8.0,,7.608925687149167,,5.878578438889235,,9.358458341099322,,0.8774981778115034,,3.845619826577604,,1.926887581241317,,4.681837569922209,,7.3125,0.18366847932338715,-0.00548028782941401,0.017166591685963795,2.540353901684284,0.3397705852985382,0.821045458316803,0.27893856167793274,-0.019055206328630447,0.4475681483745575,0.5008037686347961,0.02087376080453396,8192,0.5496765971183777,5.186288356781006,0.01849646121263504,39845888,45749,19456,1216,-13.556094,0.013405215964303352,0.002431178714323323,-4.821455815434456,-13.571032,0.011096121280570515,0.0021752906395704485,-5.017831516265869,,,0.95,0.9,none,4.376525366638243,5.7668555880367505,0.20080189306949303,0.0,-70.24929,2516.2454666381486,-13.556094
244,1784836317.7798045,,8.0,,8.0,,6.0,,6.0,,10.0,,10.0,,1.0,,1.0,,4.0,,4.0,,2.0,,2.0,,5.0,,5.0,,8.0,,8.0,,8.672358876094222,,6.662144489586353,,9.653488837182522,,1.1258284514769912,,4.184326776303351,,2.2720388706075028,,4.917262714356184,,8.8125,0.04623870179057121,-0.005428181902971119,0.0016384035370720085,2.544451490044594,0.2836866080760956,0.8981263637542725,0.2268809974193573,-0.15401354432106018,0.12438225746154785,0.48842158913612366,0.01678633689880371,8192,0.4371511936187744,5.7874932289123535,0.016717011108994484,40009728,45946,19536,1221,24.579983,0.007270846367464401,0.0034535387283540333,-4.80877914428711,-27.298758,0.01148862695263233,0.004641617466040771,-5.00468935072422,,,0.95,0.9,none,4.476923172781049,6.313662434714269,0.21812374882198282,0.0,-83.46079,2496.0964275973383,24.579983
245,1784836383.9912753,,8.0,,8.0,,6.0,,6.0,,10.0,,10.0,,1.0,,1.0,,4.0,,4.0,,2.0,,2.0,,5.0,,5.0,,8.0,,8.0,,7.914171373471618,,6.430907170288265,,9.633451296947896,,1.1479101606237236,,4.016249453648925,,2.1535817891708575,,4.8466830141842365,,8.25,0.05324682593345642,-0.004218067857436836,0.0022737050167052075,2.5552685782313347,0.2533976137638092,0.918489396572113,0.1931615173816681,0.3506358861923218,0.13985389471054077,0.4727219343185425,0.015323895029723644,8192,0.5589436292648315,5.549119472503662,0.031966228038072586,40173568,46140,19616,1226,6.210808,0.00949486129829893,0.003257818581187166,-4.8372790038585665,-36.81898,0.013815880595939235,0.002855774646741338,-4.9855741918087,,,0.95,0.9,none,4.168093135868043,5.307828648315371,0.20912300163812259,0.0,-64.96047,2474.4956593673496,6.210808
246,1784836448.461412,,8.0,,8.0,,6.0,,6.0,,10.0,,10.0,,1.0,,1.0,,4.0,,4.0,,2.0,,2.0,,5.0,,5.0,,8.0,,8.0,,8.322753872722387,,5.75857905857265,,9.749567968770862,,1.164774443488568,,4.0218703667633235,,2.113685256568715,,4.693879463709891,,7.875,0.04459775984287262,-0.0033551219385117292,0.003257423348259181,2.5600070729851723,0.15611055493354797,0.7795501947402954,0.12733188271522522,0.06714139878749847,0.1490611582994461,0.582625150680542,0.0239416491240263,8192,0.5679565072059631,5.4625139236450195,0.03631040081381798,40337408,46347,19696,1231,14.68103,0.008835427062876988,0.0055537921085488055,-4.819536209106445,-11.297579,0.01906720157712698,0.005969687851029448,-5.0077533483505245,,,0.95,0.9,none,4.781332589659655,6.880988609621506,0.1935778571867675,0.0,-81.407524,2541.3318996574185,14.68103
247,1784836513.6150064,,8.0,,8.0,,6.0,,6.0,,10.0,,10.0,,1.0,,1.0,,4.0,,4.0,,2.0,,2.0,,5.0,,5.0,,8.0,,8.0,,7.642750528641045,,5.875576232559979,,9.528253011405468,,0.8559651165269315,,3.9921412853873335,,1.8402739469893277,,4.728097504004836,,7.6875,0.05633357912302017,-0.0021422537392936647,0.0016276934638881357,2.565423257648945,0.2142358124256134,0.9276002049446106,0.20732171833515167,-0.006841618102043867,0.15275859832763672,0.43842318654060364,0.01843220368027687,8192,0.5685201287269592,5.268819808959961,0.009797461330890656,40501248,46533,19776,1236,15.612341,0.008175193116767333,0.0043362890035496095,-4.811780551075936,-22.066755,0.010906318994238972,0.004821765610540751,-5.036371079087258,,,0.95,0.9,none,4.826187944652586,6.715532812817697,0.1932598053469462,0.0,-75.27439,2514.6730310320145,15.612341
248,1784836578.8268583,,8.0,,8.0,,6.0,,6.0,,10.0,,10.0,,1.0,,1.0,,4.0,,4.0,,2.0,,2.0,,5.0,,5.0,,8.0,,8.0,,8.610008238814771,,6.362874652259052,,9.736622251570225,,1.003283922560513,,4.233262663707137,,2.069556649774313,,4.949024639092386,,8.3125,0.050333358347415924,-0.000156690482981503,0.0008587622742197709,2.567556746304035,0.1826144903898239,0.8994941115379333,0.12141750752925873,0.11436806619167328,0.12352228164672852,0.5712589025497437,0.018833961337804794,8192,0.5170629024505615,5.659641742706299,0.01053414586931467,40665088,46734,19856,1241,14.313238,0.011382026193314233,0.004582144242885988,-4.816525241732597,-22.259005,0.00924409442814067,0.006475795374717564,-5.029569169878959,,,0.95,0.9,none,4.487490173636291,6.6484030830983984,0.18218855759817004,0.0,-68.92212,2512.4267475727434,14.313238
249,1784836644.5124922,,8.0,,8.0,,6.0,,6.0,,10.0,,10.0,,1.0,,1.0,,4.0,,4.0,,2.0,,2.0,,5.0,,5.0,,8.0,,8.0,,8.160197421908379,,6.0608260536100715,,9.746421106159687,,1.1797036593779922,,4.149933285545558,,1.9730386650189757,,4.890711110085249,,8.0625,0.07452408224344254,2.7952948585152626e-05,0.002200656686909497,2.574696622788906,0.1715836524963379,0.9187018275260925,0.1384252905845642,0.05707734078168869,0.18488764762878418,0.5080718398094177,0.019519472494721413,8192,0.5655637383460999,5.527915954589844,0.08512307703495026,40828928,46931,19936,1246,25.278803,0.012149653969390783,0.004430599064653507,-4.864662709832191,-35.74682,0.03660097862011753,0.0038080061742221004,-5.004788812994957,,,0.95,0.9,none,4.030405787637976,5.46147524386176,0.15430731029044148,0.0,-71.81811,2494.304952548169,25.278803
250,1784836712.0283606,,8.0,,8.0,,6.0,,6.0,,10.0,,10.0,,1.0,,1.0,,4.0,,4.0,,2.0,,2.0,,5.0,,5.0,,8.0,,8.0,,7.9454572522081435,,6.028707135468721,,9.510793559253216,,0.7546036373823881,,3.739269057987258,,1.8709380188956857,,4.683500535786152,,7.5625,0.049050118774175644,-0.0006282011745497584,0.002356999433686724,2.5760596469044685,0.36635759472846985,0.7402949333190918,0.34528475999832153,0.17902961373329163,0.14057765901088715,0.4895417392253876,0.014988282695412636,8192,0.5664874315261841,5.261971473693848,0.01662329025566578,40992768,47131,20016,1251,25.544806,0.008342504026950337,0.004040666356013389,-4.8757609784603115,6.28965,0.006533613176725339,0.0012675574820605108,-5.013639330863953,,,0.95,0.9,none,4.143201401018329,5.573411435354411,0.16372062736195833,0.0,-87.06627,2426.6887541521432,25.544806
251,1784836778.2911565,,8.0,,8.0,,6.0,,6.0,,10.0,,10.0,,1.0,,1.0,,4.0,,4.0,,2.0,,2.0,,5.0,,5.0,,8.0,,8.0,,8.240276451222599,,6.139849126338959,,9.788500227034092,,1.1478668879717588,,4.112114672461757,,2.1661377041600645,,4.811129915527999,,8.125,0.10950303077697754,-0.003755167650524527,0.004707898900960572,2.5836915001273155,0.15539661049842834,0.90415358543396,0.14151519536972046,0.09419744461774826,0.2592254877090454,0.5119325518608093,0.017272382974624634,8192,0.5786590576171875,5.566359043121338,0.030821967869997025,41156608,47336,20096,1256,5.5410066,0.012582476119860075,0.003699234786472516,-4.899744245409965,-29.676785,0.015613962872885167,0.0036399106014869177,-5.022888487577438,,,0.95,0.9,none,4.542235288230462,5.767071323516729,0.2344458177726379,0.0,-92.46658,2472.5792630351334,5.5410066
252,1784836843.1629045,,8.0,,8.0,,6.0,,6.0,,10.0,,10.0,,1.0,,1.0,,4.0,,4.0,,2.0,,2.0,,5.0,,5.0,,8.0,,8.0,,7.720866339863278,,5.814330326393247,,9.256397996097803,,0.733366600878071,,3.812698869034648,,1.6658119722269475,,4.747620900161564,,7.5625,0.07732153683900833,9.441724978387356e-05,0.0028374678950058296,2.5889338180422783,0.1555875837802887,0.8455894589424133,0.11290478706359863,0.04109232872724533,0.20022882521152496,0.5054352283477783,0.017534591257572174,8192,0.5332540273666382,5.164199352264404,0.016119124367833138,41320448,47528,20176,1261,-21.293674,0.01228832128981594,0.002978808768966701,-4.912932366132736,-25.311127,0.00903338415955659,0.0033526088547660036,-4.980654868483543,,,0.95,0.9,none,4.466091826344998,6.452997579365511,0.2028374230076588,0.0,-93.11491,2525.5984360625903,-21.293674
253,1784836906.5682797,,8.0,,8.0,,6.0,,6.0,,10.0,,10.0,,1.0,,1.0,,4.0,,4.0,,2.0,,2.0,,5.0,,5.0,,8.0,,8.0,,7.961340468842536,,5.721722295507789,,9.315971582196653,,0.960733977612108,,3.8849347652867436,,1.8941241782158613,,4.733784845098853,,7.6875,0.12211841344833374,-7.56452209316194e-05,0.009440554669708945,2.5895959958434105,0.22887320816516876,0.8159949779510498,0.16942957043647766,-0.19373540580272675,0.3019659221172333,0.539839506149292,0.019029447808861732,8192,0.5784532427787781,5.27001428604126,0.07075334340333939,41484288,47743,20256,1266,16.340714,0.011553924257168547,0.004226812745037023,-4.928564456105232,-51.362892,0.028003534546587616,0.006248067485284991,-4.99649507701397,,,0.95,0.9,none,4.633625225942634,6.437982032275846,0.23581088284677013,0.0,-76.85489,2584.008089248617,16.340714
254,1784836971.3976595,,8.0,,8.0,,6.0,,6.0,,10.0,,10.0,,1.0,,1.0,,4.0,,4.0,,2.0,,2.0,,5.0,,5.0,,8.0,,8.0,,7.905517234234139,,6.244896048679948,,9.821429029107094,,1.2061964420136064,,4.06037057377398,,2.09063653688645,,4.837684398517013,,8.375,0.08415969461202621,-0.0014228313229978085,0.0030406703117478173,2.5970860570669174,0.24159865081310272,0.9384195804595947,0.21231670677661896,-0.0990355908870697,0.19135458767414093,0.4956248104572296,0.018283747136592865,8192,0.5581560730934143,5.567716121673584,0.015075800009071827,41648128,47967,20336,1271,-23.429676,0.023337338888086378,0.0017353038580040447,-4.942575407028198,-15.711566,0.01787561459932476,0.002821414485515561,-4.980742552876473,,,0.95,0.9,none,4.450547904676055,5.746427211113945,0.20632140196785526,0.0,-88.44264,2527.24926802453,-23.429676
255,1784837034.9582434,,8.0,,8.0,,6.0,,6.0,,10.0,,10.0,,1.0,,1.0,,4.0,,4.0,,2.0,,2.0,,5.0,,5.0,,8.0,,8.0,,7.962706997990608,,5.28193005733192,,9.299303662031889,,0.880392411723733,,3.7002787459641695,,1.8788239937275648,,4.673837352544069,,7.75,0.07220014184713364,-0.0012352600460872054,0.002653690131410258,2.603168487548828,0.14253738522529602,0.9393972754478455,0.09625627100467682,0.021585389971733093,0.19566336274147034,0.46432679891586304,0.019324228167533875,8192,0.5580658316612244,5.178409576416016,0.02389822155237198,41811968,48169,20416,1276,6.7924128,0.0108218643872533,0.004459326710639288,-4.9509657442569734,-34.278072,0.01988796346122399,0.0028632891277084126,-4.991415330767632,,,0.95,0.9,none,4.5928454788986794,5.577519430967441,0.1742932639297956,0.0,-88.03232,2577.698071751956,6.7924128
256,1784837098.5071733,,8.0,,8.0,,6.0,,6.0,,10.0,,10.0,,1.0,,1.0,,4.0,,4.0,,2.0,,2.0,,5.0,,5.0,,8.0,,8.0,,8.319476522505283,,6.389325862750411,,9.70860329666175,,1.118474019691348,,4.108692355046514,,2.083756166510284,,4.877581248059869,,8.625,0.04888836294412613,0.00015643809456378222,0.0013163928815629333,2.6025560200214386,0.42334169149398804,0.7596076726913452,0.2861045002937317,0.1511138677597046,0.1205618754029274,0.603992760181427,0.0264158733189106,8192,0.5378659963607788,5.653863430023193,0.03593158349394798,41975808,48371,20496,1281,0.6845337,0.010986046443576925,0.0044273755542235445,-4.947092619538307,-68.47518,0.02868895954452455,0.004856625730462838,-4.979662758111954,,,0.95,0.9,none,5.181988412128805,7.00577315651187,0.21055021188068662,0.0,-76.807724,2578.170940652409,0.6845337
257,1784837162.4425235,,8.0,,8.0,,6.0,,6.0,,10.0,,10.0,,1.0,,1.0,,4.0,,4.0,,2.0,,2.0,,5.0,,5.0,,8.0,,8.0,,8.485425394028425,,6.231041623512283,,9.759739443659782,,1.289373829960823,,4.3723439909517765,,2.180829295888543,,4.773709427565336,,8.4375,0.10323429107666016,0.00013133155880495906,0.004711326713731978,2.6068620458245277,0.11525899171829224,0.8224761486053467,0.08356200903654099,-0.06000686436891556,0.2780548334121704,0.5033529996871948,0.0181866642087698,8192,0.518142580986023,5.691246032714844,0.026449287310242653,42139648,48559,20576,1286,15.173727,0.009439019503770397,0.004795874402043409,-4.980777895450592,-41.738598,0.014859234017785638,0.004376996702922043,-4.9638174891471865,,,0.95,0.9,none,4.737119750100719,5.615494042648398,0.21871056658007543,0.0,-82.67228,2562.5885337013656,15.173727
258,1784837227.6602073,,8.0,,8.0,,6.0,,6.0,,10.0,,10.0,,1.0,,1.0,,4.0,,4.0,,2.0,,2.0,,5.0,,5.0,,8.0,,8.0,,8.448219936341047,,6.455855055246502,,9.750292465090752,,1.2173949698917568,,4.4418717650696635,,2.2034087143838406,,4.972717366646975,,8.5,0.09198791533708572,-0.0003343716962262988,0.006849713216070086,2.612299382686615,0.20230191946029663,0.92132967710495,0.19560569524765015,0.17784777283668518,0.24084411561489105,0.5231553912162781,0.01871979981660843,8192,0.49573880434036255,5.748720645904541,0.016133101657032967,42303488,48747,20656,1291,-1.0646665,0.013450620387447997,0.0029765639643301255,-4.922151902318001,-2.0093174,0.010440401415689849,0.0044909992120665265,-4.983955138921738,,,0.95,0.9,none,4.418182371860239,6.254909469265624,0.23759285310884348,0.0,-69.19956,2512.2022262497057,-1.0646665
259,1784837291.502975,,8.0,,8.0,,6.0,,6.0,,10.0,,10.0,,1.0,,1.0,,4.0,,4.0,,2.0,,2.0,,5.0,,5.0,,8.0,,8.0,,7.764253031462431,,6.268550263717771,,9.654353722929955,,1.0209401012398303,,4.021675507538021,,1.932061042636633,,4.805468809790909,,7.6875,0.07969863712787628,-0.0007589671295136213,0.005390860518673435,2.6155105903744698,0.21134404838085175,0.8894339799880981,0.1639682650566101,-0.0674629658460617,0.21023231744766235,0.6183339357376099,0.018090812489390373,8192,0.5854259133338928,5.394350051879883,0.01555434800684452,42467328,48943,20736,1296,-2.8643537,0.011239578285312746,0.004654974368168041,-4.90751059949398,-42.354713,0.017667928850278257,0.0034898404861451126,-4.964690247178078,,,0.95,0.9,none,4.452022763570002,5.412306628951109,0.17663944573115942,0.0,-81.4114,2566.304637876645,-2.8643537
260,1784837355.2386734,,8.0,,8.0,,6.0,,6.0,,10.0,,10.0,,1.0,,1.0,,4.0,,4.0,,2.0,,2.0,,5.0,,5.0,,8.0,,8.0,,8.375426620710641,,6.290768284350634,,9.665542416274548,,1.0342388758435845,,4.348004373721778,,1.842878494411707,,4.840966030955315,,7.875,0.07279644906520844,-0.00026390072889626026,0.005920777613937389,2.61683152616024,0.1932702213525772,0.8429535627365112,0.1385975331068039,0.07556111365556717,0.21350941061973572,0.5906226634979248,0.016209568828344345,8192,0.5566582679748535,5.534102439880371,0.019665010273456573,42631168,49141,20816,1301,-10.156961,0.010118494210473727,0.004071616719011217,-4.908637815713883,-24.661472,0.010613629268482328,0.005026545419241302,-4.892796722054482,,,0.95,0.9,none,4.363258744897348,6.389414991884992,0.16288907984773077,0.0,-69.496254,2570.6158533715234,-10.156961
261,1784837420.3668804,,8.0,,8.0,,6.0,,6.0,,10.0,,10.0,,1.0,,1.0,,4.0,,4.0,,2.0,,2.0,,5.0,,5.0,,8.0,,8.0,,7.94103686651215,,6.153175797313452,,9.259331841021776,,0.8767639676807448,,3.8836247185245156,,1.7373297810554504,,4.7651077173650265,,7.8125,0.09455341100692749,-0.0009128475794568658,0.004339110826549586,2.6199711114168167,0.14120754599571228,0.8493316173553467,0.10811109095811844,0.15584737062454224,0.22724077105522156,0.6140982508659363,0.016385750845074654,8192,0.5601935386657715,5.303608417510986,0.014410048723220825,42795008,49336,20896,1306,24.218563,0.011607969491888071,0.002982242003781721,-4.95348813533783,-36.982864,0.01577900238917209,0.003695924279600149,-4.904078081250191,,,0.95,0.9,none,4.096479281074769,5.849234817595336,0.18566212264825355,0.0,-60.222694,2515.653472204552,24.218563
262,1784837484.2562866,,8.0,,8.0,,6.0,,6.0,,10.0,,10.0,,1.0,,1.0,,4.0,,4.0,,2.0,,2.0,,5.0,,5.0,,8.0,,8.0,,8.424706583842635,,6.353880889713764,,9.856782093644142,,1.2657404714263976,,4.265497597400099,,2.143545526545495,,4.893365161493421,,8.375,0.09513198584318161,-0.00030655303271487355,0.011622821315540932,2.6194460317492485,0.19387012720108032,0.8879270553588867,0.15114356577396393,0.13024650514125824,0.27912014722824097,0.5804551839828491,0.014770494773983955,8192,0.5277876257896423,5.697315216064453,0.017361080273985863,42958848,49518,20976,1311,16.707294,0.009835310968628618,0.00323196046956582,-4.912186098098755,-26.110266,0.013957796653266996,0.0032364298971515383,-4.890126031637192,,,0.95,0.9,none,4.092159659176497,5.294100369765895,0.20629553451243363,0.0,-88.37151,2564.4314330014026,16.707294
263,1784837548.1783447,,8.0,,8.0,,6.0,,6.0,,10.0,,10.0,,1.0,,1.0,,4.0,,4.0,,2.0,,2.0,,5.0,,5.0,,8.0,,8.0,,7.89702019514516,,6.277229653671384,,9.50404413510114,,1.1745683494955301,,3.9952772627584636,,1.9805927907582372,,4.845758605166338,,8.1875,0.08928452432155609,-0.00025677058147266507,0.0027237850372330286,2.621866688132286,0.23550216853618622,0.8105646967887878,0.18214532732963562,0.015393979847431183,0.23465025424957275,0.654369056224823,0.010157140903174877,8192,0.5615115165710449,5.482748985290527,0.022098297253251076,43122688,49686,21056,1316,-14.2807865,0.016849535092478617,0.003911481746763456,-4.867195451259613,-17.594597,0.011700365101569332,0.003913052860298194,-4.910924369096756,,,0.95,0.9,none,4.215944760271075,5.7382703510600575,0.18413024730220307,0.0,-78.624985,2563.1214371287465,-14.2807865
264,1784837611.7079449,,8.0,,8.0,,6.0,,6.0,,10.0,,10.0,,1.0,,1.0,,4.0,,4.0,,2.0,,2.0,,5.0,,5.0,,8.0,,8.0,,7.661257663741708,,6.442798489704728,,9.515289531089365,,0.8648895211517811,,3.916829921072349,,1.9623590339906514,,4.784104723017663,,7.8125,0.07648380100727081,-0.00037766608875244856,0.0016450937764602713,2.625930070877075,0.1814197599887848,0.9150000214576721,0.16874097287654877,0.28336021304130554,0.2356073260307312,0.5314518213272095,0.01249600201845169,8192,0.5617387294769287,5.370003700256348,0.04841919615864754,43286528,49876,21136,1321,-4.063319,0.016020419489359485,0.006020979660388548,-4.8916838556528095,-24.926914,0.021487319725565612,0.0071729491770383905,-4.901171764731407,,,0.95,0.9,none,4.759598633963977,6.550794390545479,0.14679075218603943,0.0,-84.693535,2578.955468078708,-4.063319
265,1784837675.5883625,,8.0,,8.0,,6.0,,6.0,,10.0,,10.0,,1.0,,1.0,,4.0,,4.0,,2.0,,2.0,,5.0,,5.0,,8.0,,8.0,,7.648416626965627,,5.825892711058259,,9.38694154843688,,0.6811486901715398,,3.847851315047592,,2.0266054775565863,,4.847776236012578,,7.9375,0.09744122624397278,-0.0012446240289136767,0.002529397956095636,2.6265463158488274,0.22165752947330475,0.8760712146759033,0.2205132097005844,0.24035660922527313,0.27051684260368347,0.5849307775497437,0.013902277685701847,8192,0.5736527442932129,5.275266647338867,0.031461201608181,43450368,50050,21216,1326,25.231823,0.008626237708085682,0.00375965600105701,-4.911913451552391,-44.263466,0.025345552241196855,0.004456296925491187,-4.935994192957878,,,0.95,0.9,none,4.1842143813624375,5.747828361544407,0.19004002854410956,0.0,-68.472946,2564.792713690505,25.231823
266,1784837740.9208307,,8.0,,8.0,,6.0,,6.0,,10.0,,10.0,,1.0,,1.0,,4.0,,4.0,,2.0,,2.0,,5.0,,5.0,,8.0,,8.0,,7.716091436333954,,6.164266847074032,,9.808619241695851,,1.154925447423011,,3.8606730587780476,,2.0640716794878244,,4.85420129794511,,8.0,0.11089212447404861,2.169195795431733e-05,0.00442025873780949,2.6335493475198746,0.2441721111536026,0.804726243019104,0.18324393033981323,-0.4751306474208832,0.29002001881599426,0.5516725182533264,0.011967118829488754,8192,0.571397066116333,5.452856063842773,0.01400822401046753,43614208,50219,21296,1331,17.018467,0.010254789105965756,0.004766597327397903,-4.8991754114627835,-7.186938,0.0074122321704635395,0.005795776928425767,-4.927062574028969,,,0.95,0.9,none,4.879586795985945,6.3028469004474506,0.20202017620846036,0.0,-70.281715,2507.7877725270378,17.018467
267,1784837805.9617653,,8.0,,8.0,,6.0,,6.0,,10.0,,10.0,,1.0,,1.0,,4.0,,4.0,,2.0,,2.0,,5.0,,5.0,,8.0,,8.0,,7.820235358551145,,5.849274574895389,,9.705945797264576,,0.9112997427582741,,4.222573617240414,,1.980583919212222,,4.802904757205397,,8.125,0.11926548182964325,-0.00039214774733409286,0.006114665542554576,2.641875311732292,0.2715913653373718,0.8160269260406494,0.16999123990535736,0.16111423075199127,0.299044132232666,0.6749168634414673,0.010651067830622196,8192,0.5710437297821045,5.427227020263672,0.021126355975866318,43778048,50397,21376,1336,5.729828,0.008935932160238736,0.005356718350230949,-4.920330241322517,-20.493813,0.009729275536665227,0.0018042503310425674,-4.923849654197693,,,0.95,0.9,none,4.96652998140076,5.537387549359179,0.16791900556738687,0.0,-87.52125,2519.0290058305404,5.729828
268,1784837870.156486,,8.0,,8.0,,6.0,,6.0,,10.0,,10.0,,1.0,,1.0,,4.0,,4.0,,2.0,,2.0,,5.0,,5.0,,8.0,,8.0,,8.224622171372175,,5.859177705831826,,9.487545975483954,,1.0850227577611804,,4.116155855823308,,1.8852368535590358,,4.772413043305278,,8.0,0.07832048088312149,-0.0005748712428612635,0.0029904601724410895,2.644371844828129,0.3311771750450134,0.980922281742096,0.19673572480678558,0.04987579584121704,0.19314730167388916,0.5190203189849854,0.01208561658859253,8192,0.5879150629043579,5.42877197265625,0.05561600252985954,43941888,50572,21456,1341,25.417547,0.01091675259231124,0.004384350978943985,-4.958511978387833,-7.6560616,0.01049236008839216,0.004528170306002721,-4.951815366744995,,,0.95,0.9,none,4.344504888989728,6.769889152826165,0.16146079671578845,0.0,-78.68264,2552.234759505785,25.417547
269,1784837934.1571577,,8.0,,8.0,,6.0,,6.0,,10.0,,10.0,,1.0,,1.0,,4.0,,4.0,,2.0,,2.0,,5.0,,5.0,,8.0,,8.0,,8.85074571147561,,6.27713074721396,,9.78697856143117,,1.3650053106248379,,4.238339940086007,,2.4229080360382795,,5.0,,8.5625,0.056148711591959,-0.00010848755482584238,0.00200358084475738,2.6464181691408157,0.17153023183345795,0.8336602449417114,0.1540406346321106,-0.08258563280105591,0.1469356268644333,0.5852552056312561,0.013730788603425026,8192,0.42773523926734924,5.81295108795166,0.039238620549440384,44105728,50754,21536,1346,15.887271,0.007660313688393217,0.0031198033393593505,-4.94015482366085,-21.589527,0.010617145246942527,0.004023398834397085,-4.980952951312065,,,0.95,0.9,none,4.473222626374655,5.651463023142875,0.19342663874604948,0.0,-66.734406,2559.9731692812134,15.887271
270,1784837997.5400274,,8.0,,8.0,,6.0,,6.0,,10.0,,10.0,,1.0,,1.0,,4.0,,4.0,,2.0,,2.0,,5.0,,5.0,,8.0,,8.0,,8.57626193901524,,6.20053021190688,,9.774942194111645,,1.1710698339156806,,4.021152559202164,,1.9428631784394383,,4.793382376432419,,8.25,0.19315025210380554,-0.002479477785527706,0.01252420236414764,2.656691886484623,0.1520479917526245,0.8863265514373779,0.11583226919174194,0.1756742298603058,0.45555657148361206,0.4432682394981384,0.01238309033215046,8192,0.5375884175300598,5.591275215148926,0.008681479841470718,44269568,50938,21616,1351,-1.6551327,0.015147333734785207,0.00440950981574133,-4.937602546811104,1.2406528,0.006448658001318108,0.00548813451314345,-4.9648020505905155,,,0.95,0.9,none,4.533281398820512,6.694593449748517,0.2449355501106928,0.0,-79.83702,2584.925555755221,-1.6551327
271,1784838061.842159,,8.0,,8.0,,6.0,,6.0,,10.0,,10.0,,1.0,,1.0,,4.0,,4.0,,2.0,,2.0,,5.0,,5.0,,8.0,,8.0,,8.537573039531708,,6.269826117902994,,9.694580907933414,,1.274900189600885,,4.17295849416405,,2.305737021146342,,4.925411028787494,,8.625,0.13726940751075745,6.376992678269744e-05,0.007244174383231439,2.6574321314692497,0.2911311686038971,0.7927799820899963,0.41273489594459534,0.46006104350090027,0.3327598571777344,0.5781794786453247,0.0129659129306674,8192,0.48805028200149536,5.725748062133789,0.07873989641666412,44433408,51119,21696,1356,14.894229,0.009357717086095363,0.0023721231416857337,-4.927016553282738,-50.520298,0.012303993466775864,0.004075091382401297,-4.9737950444221495,,,0.95,0.9,none,4.03695707562378,6.5629436812989095,0.20133307499530215,0.0,-86.74514,2547.971564899456,14.894229
272,1784838125.2190278,,8.0,,8.0,,6.0,,6.0,,10.0,,10.0,,1.0,,1.0,,4.0,,4.0,,2.0,,2.0,,5.0,,5.0,,8.0,,8.0,,8.143555488437414,,6.0130272805690765,,9.315167905762792,,1.033956315368414,,4.102622606791556,,1.9940700209699571,,4.813823708333075,,7.625,0.06576364487409592,-0.0008263812051154673,0.005199802231800277,2.6553444862365723,0.11564631760120392,0.7713299989700317,0.08004384487867355,-0.2825266122817993,0.16275423765182495,0.5025286674499512,0.018102647736668587,8192,0.5936477780342102,5.380153179168701,0.02573799528181553,44597248,51307,21776,1361,24.510101,0.009577986408839934,0.0029083625981002116,-4.947962626814842,-18.717268,0.009372851415537297,0.0022112931386800484,-4.9739227861166,,,0.95,0.9,none,4.4443923845755835,5.88965084346456,0.2201328115379333,0.0,-79.57158,2585.1702531067335,24.510101
273,1784838187.766053,,8.0,,8.0,,6.0,,6.0,,10.0,,10.0,,1.0,,1.0,,4.0,,4.0,,2.0,,2.0,,5.0,,5.0,,8.0,,8.0,,7.884879887104034,,6.2070979326963425,,9.56295708368998,,1.1493990002200007,,4.149280240293592,,2.1064289761707187,,4.769277191720903,,8.125,0.061015013605356216,-0.0005236687138676643,0.0017818884080043063,2.6576096415519714,0.29542937874794006,0.7810941338539124,0.2950534224510193,0.012958431616425514,0.16822679340839386,0.5351102352142334,0.015405632555484772,8192,0.5981403589248657,5.494290351867676,0.12823651731014252,44761088,51497,21856,1366,26.061771,0.008626180391001981,0.0035233013913966715,-4.9732601881027225,-26.980524,0.02111518235760741,0.006198316598602105,-4.954077643156052,,,0.95,0.9,none,4.518030130262301,6.263959774029005,0.15184764595285305,0.0,-77.30622,2619.4691160890175,26.061771
274,1784838250.621353,,8.0,,8.0,,6.0,,6.0,,10.0,,10.0,,1.0,,1.0,,4.0,,4.0,,2.0,,2.0,,5.0,,5.0,,8.0,,8.0,,8.074904322507791,,6.270953717874363,,9.745018994435668,,1.1622058507055044,,4.089349933899939,,2.0359733876539394,,4.583639053627849,,8.125,0.1407242715358734,-0.0003973020357079804,0.012145173153840005,2.6610170006752014,0.19060324132442474,0.8607465028762817,0.11285456269979477,0.32246479392051697,0.36046847701072693,0.4027259349822998,0.01624186336994171,8192,0.5638612508773804,5.510880947113037,0.0448869951069355,44924928,51679,21936,1371,15.756355,0.012905201007379219,0.00289567694417201,-4.997469261288643,-45.50276,0.019946957926731557,0.004888153220235836,-4.929472318291664,,,0.95,0.9,none,4.439530287830885,6.375981787628858,0.16133553436211717,0.0,-76.44621,2606.6218571736795,15.756355
275,1784838314.6832027,,8.0,,8.0,,6.0,,6.0,,10.0,,10.0,,1.0,,1.0,,4.0,,4.0,,2.0,,2.0,,5.0,,5.0,,8.0,,8.0,,7.891890804294235,,6.1700200419873,,9.80548822786659,,1.1494571226648986,,3.923345162998885,,2.227522779023275,,4.753810441121459,,8.5625,0.05702316015958786,-8.241616887971759e-05,0.0026889500877587125,2.6637507006525993,0.11972686648368835,0.973397433757782,0.11067554354667664,-0.02433491125702858,0.1542329043149948,0.4939842224121094,0.014152375981211662,8192,0.541210412979126,5.56050443649292,0.009909463115036488,45088768,51858,22016,1376,17.215006,0.011587054375559092,0.00511099529103376,-5.021111601591111,1.6520526,0.006165103537205141,0.003768438079714542,-4.952634698152542,,,0.95,0.9,none,4.739003524174849,6.323473634298084,0.15474594895938043,0.0,-77.57045,2557.5283908563874,17.215006
276,1784838378.7181122,,8.0,,8.0,,6.0,,6.0,,10.0,,10.0,,1.0,,1.0,,4.0,,4.0,,2.0,,2.0,,5.0,,5.0,,8.0,,8.0,,7.930645284708589,,5.7959322687238455,,9.56408331822604,,0.8809431977570057,,4.0237745847553015,,2.0632506404072046,,4.8666711784899235,,8.0,0.08938601613044739,-0.003396214102394879,0.00718107553984737,2.667423442006111,0.23627439141273499,0.8158841729164124,0.21204231679439545,-0.010802831500768661,0.24791279435157776,0.5418910980224609,0.016891933977603912,8192,0.5991718173027039,5.39066219329834,0.09267137944698334,45252608,52051,22096,1381,25.762299,0.00772349001490511,0.00428396110801259,-5.0477289199829105,-22.371826,0.02234672104823403,0.0029387963397311976,-4.899302881956101,,,0.95,0.9,none,4.569831344912055,5.611158163022712,0.1851896282505309,0.0,-77.570335,2558.6043806956473,25.762299
277,1784838442.4410322,,8.0,,8.0,,6.0,,6.0,,10.0,,10.0,,1.0,,1.0,,4.0,,4.0,,2.0,,2.0,,5.0,,5.0,,8.0,,8.0,,8.50243592262268,,6.064211804419756,,9.83252484165132,,1.0270755980163813,,4.071309628896415,,2.0827122810296714,,4.856937922537327,,7.9375,0.08079957216978073,-0.0006606641109101474,0.0022851847752463073,2.6664392948150635,0.37182825803756714,0.7305648326873779,0.3877425193786621,-0.0847938135266304,0.18754033744335175,0.4551232159137726,0.01312268991023302,8192,0.556312620639801,5.546838760375977,0.02633567713201046,45416448,52248,22176,1386,26.462566,0.0077220699648023585,0.006380173428624403,-5.0469936519861225,-4.935107,0.010061772173503413,0.004482290276064305,-4.851938962936401,,,0.95,0.9,none,4.530571318147968,5.524299923569346,0.18395671015905046,0.0,-75.5058,2571.1313996365166,26.462566
278,1784838506.4284914,,8.0,,8.0,,6.0,,6.0,,10.0,,10.0,,1.0,,1.0,,4.0,,4.0,,2.0,,2.0,,5.0,,5.0,,8.0,,8.0,,7.704560758545995,,5.31281516328454,,9.208080515731126,,0.787502171471715,,3.682029116898775,,1.9110607803813764,,4.602603394538164,,7.375,0.060582954436540604,-0.004193836299236864,0.0022197816797415726,2.66618275642395,0.24930909276008606,0.7714610695838928,0.19476667046546936,-0.4034280776977539,0.15065446496009827,0.5383538007736206,0.015935229137539864,8192,0.4814249277114868,5.072956562042236,0.12261125445365906,45580288,52445,22256,1391,25.925785,0.009277502405166161,0.004306917422218249,-5.0782962292432785,-73.766205,0.025574526761192828,0.0031897685024887324,-4.84118190407753,,,0.95,0.9,none,4.645919696255618,5.6443030226005435,0.23934295532743338,0.0,-78.571655,2560.501771370124,25.925785
279,1784838569.5625007,,8.0,,8.0,,6.0,,6.0,,10.0,,10.0,,1.0,,1.0,,4.0,,4.0,,2.0,,2.0,,5.0,,5.0,,8.0,,8.0,,7.811738495947793,,6.276224359869957,,9.574833085760474,,1.0511316675692797,,3.882918471470475,,2.0387516944902018,,4.7881207605823874,,7.875,0.11905090510845184,-0.0001844629878178239,0.003935824635846075,2.6732190400362015,0.19489847123622894,0.9015151262283325,0.15070775151252747,0.22568899393081665,0.289853036403656,0.49795740842819214,0.013875206932425499,8192,0.5989170074462891,5.41234016418457,0.018673637881875038,45744128,52618,22336,1396,27.070984,0.00816269843635382,0.005413599187158979,-5.074862757325173,2.5183353,0.018361197144258767,0.006151077578397235,-4.8323236256837845,,,0.95,0.9,none,4.511921682485829,5.505786237413872,0.15072496206330094,0.0,-67.50934,2595.11509439352,27.070984
280,1784838634.5229635,,8.0,,8.0,,6.0,,6.0,,10.0,,10.0,,1.0,,1.0,,4.0,,4.0,,2.0,,2.0,,5.0,,5.0,,8.0,,8.0,,8.11365790432319,,6.313972006551921,,9.54649693891406,,0.9411320332437754,,4.109432214143453,,2.013606311753392,,4.790229083009763,,7.75,0.05657845363020897,-0.00047329923836514354,0.0012277198475203477,2.673902675509453,0.28821924328804016,0.9124078154563904,0.23248085379600525,-0.16375192999839783,0.14429229497909546,0.5443133115768433,0.018190382048487663,8192,0.6068922281265259,5.4473161697387695,0.03271330147981644,45907968,52814,22416,1401,23.923056,0.011104852025164291,0.003186492914392147,-5.086548003554344,-36.166485,0.02280852820840664,0.002548383596877102,-4.823014092445374,,,0.95,0.9,none,4.422194875220336,5.441528400584912,0.17190651547020372,0.0,-69.97299,2522.149463673294,23.923056
281,1784838697.5288382,,8.0,,8.0,,6.0,,6.0,,10.0,,10.0,,1.0,,1.0,,4.0,,4.0,,2.0,,2.0,,5.0,,5.0,,8.0,,8.0,,8.023523767013103,,5.934982342645526,,9.527883525937796,,1.2670871415175498,,4.079378147609532,,2.006466705352068,,4.765881774947047,,8.125,0.10077689588069916,-0.0024679996713530272,0.007783688211929984,2.6825204268097878,0.16632992029190063,0.896739661693573,0.1489987075328827,-0.012106106616556644,0.2669204771518707,0.5755594372749329,0.019802577793598175,8192,0.5999425649642944,5.466274738311768,0.02561921440064907,46071808,52986,22496,1406,27.188293,0.008038799736823421,0.0050736281264107674,-5.082734063267708,-0.5604499,0.017094852952868677,0.0040264218820084356,-4.859994027018547,,,0.95,0.9,none,4.7952118465026,5.847802448626854,0.21941125985200438,0.0,-75.03557,2600.392431564187,27.188293
282,1784838763.0663893,,8.0,,8.0,,6.0,,6.0,,10.0,,10.0,,1.0,,1.0,,4.0,,4.0,,2.0,,2.0,,5.0,,5.0,,8.0,,8.0,,7.991028488613665,,5.932359231635928,,9.671762626618147,,0.9299948080442846,,3.78683990589343,,1.9071942949685763,,4.7702337969094515,,8.0,0.15513688325881958,-0.0006133502465672791,0.008304117567604408,2.6846993565559387,0.2424764782190323,0.8362295627593994,0.22699704766273499,0.2320460081100464,0.37055185437202454,0.6559423208236694,0.014425868168473244,8192,0.592320442199707,5.373676300048828,0.01914300210773945,46235648,53154,22576,1411,26.859476,0.008457361969340127,0.007796639793377835,-5.054489099979401,-20.066097,0.019043789437273518,0.0026163515030930284,-4.882297033071518,,,0.95,0.9,none,4.673935278854915,5.105268386569739,0.15938305123465096,0.0,-76.5121,2499.9405604186304,26.859476
283,1784838827.19831,,8.0,,8.0,,6.0,,6.0,,10.0,,10.0,,1.0,,1.0,,4.0,,4.0,,2.0,,2.0,,5.0,,5.0,,8.0,,8.0,,7.585858144797385,,6.229349311441183,,9.355787586420774,,0.9243420786224306,,3.975772445788607,,1.9246053732931614,,4.822883350774646,,7.75,0.06757386773824692,-0.003211594477761537,0.0015597460223943926,2.6852695047855377,0.12365703284740448,0.8278100490570068,0.10728558152914047,-0.16118212044239044,0.18098142743110657,0.5043350458145142,0.014918476343154907,8192,0.5571593642234802,5.321074962615967,0.012528076767921448,46399488,53341,22656,1416,16.261076,0.01082100484345574,0.0033261328338994645,-5.072133859992027,-7.3372498,0.010003225295804441,0.004003571519569959,-4.869455543160439,,,0.95,0.9,none,4.53133081045548,6.602058736726559,0.16496087454451025,0.0,-81.097336,2554.7339934023007,16.261076
284,1784838890.4976308,,8.0,,8.0,,6.0,,6.0,,10.0,,10.0,,1.0,,1.0,,4.0,,4.0,,2.0,,2.0,,5.0,,5.0,,8.0,,8.0,,8.282418521121144,,5.905292263254523,,9.438920374959707,,0.9082299820147455,,4.040026627480984,,2.161796067011892,,4.757203199027572,,8.0625,0.06365758925676346,-0.0011883366387337446,0.002877438244468067,2.6886802092194557,0.32521578669548035,0.8508183360099792,0.2792133688926697,-0.3164411783218384,0.17191721498966217,0.494727224111557,0.016792062669992447,8192,0.5965911746025085,5.444548606872559,0.036907169967889786,46563328,53541,22736,1421,26.278896,0.010062913539877627,0.004630011326662497,-5.052016678452492,-32.485542,0.026022970740450548,0.0020737083363201237,-4.845452067255974,,,0.95,0.9,none,4.578762673036856,4.848550558689544,0.19060606055642937,0.0,-75.97793,2588.3376917370956,26.278896
285,1784838953.091094,,8.0,,8.0,,6.0,,6.0,,10.0,,10.0,,1.0,,1.0,,4.0,,4.0,,2.0,,2.0,,5.0,,5.0,,8.0,,8.0,,8.543221233412623,,6.079890437424183,,9.909259317442775,,1.1835202099755406,,4.256854074075818,,2.4062620624899864,,4.957887365017086,,8.6875,0.09989834576845169,-0.00023065239656716585,0.00438282078539487,2.691057175397873,0.33945387601852417,0.8207831382751465,0.29457104206085205,0.17996591329574585,0.26940909028053284,0.6084007620811462,0.014134500175714493,8192,0.4851924479007721,5.753049850463867,0.017176812514662743,46727168,53709,22816,1426,9.061122,0.009604140666488093,0.005071481681079603,-5.042575043439865,-4.582382,0.008123566419817508,0.004618393664713949,-4.875095537304878,,,0.95,0.9,none,4.920693918118731,5.55801998303248,0.27160809671765446,0.0,-74.43814,2617.5261567875323,9.061122
286,1784839016.3923326,,8.0,,8.0,,6.0,,6.0,,10.0,,10.0,,1.0,,1.0,,4.0,,4.0,,2.0,,2.0,,5.0,,5.0,,8.0,,8.0,,8.486561678815633,,6.628571100533009,,9.848758205771446,,1.2941874526441097,,4.179499160032719,,2.2851222953759134,,4.84942052513361,,8.5,0.08784060925245285,-0.0004158841329626739,0.0021661693099304102,2.693606063723564,0.27308523654937744,0.8823928833007812,0.23932719230651855,0.20509111881256104,0.25376832485198975,0.5545480251312256,0.015440099872648716,8192,0.4725692868232727,5.759015083312988,0.023374265059828758,46891008,53879,22896,1431,26.889584,0.009078133961884305,0.004928347477834905,-5.068070250749588,-53.622154,0.02403452779399231,0.003176616893324535,-4.902507203817367,,,0.95,0.9,none,4.747523001050995,4.689334157896785,0.16616368725486858,0.0,-77.13994,2588.2582845435113,26.889584
287,1784839078.7225533,,8.0,,8.0,,6.0,,6.0,,10.0,,10.0,,1.0,,1.0,,4.0,,4.0,,2.0,,2.0,,5.0,,5.0,,8.0,,8.0,,8.347853364422917,,6.285205477848649,,9.673467837739736,,1.0608988952590153,,4.04751461558044,,2.111878009745851,,4.792410930618644,,8.0,0.038450825959444046,-0.00018810841720551252,0.0010240373103442835,2.6999878734350204,0.13656504452228546,0.7336410284042358,0.116690993309021,0.11037717759609222,0.10292959958314896,0.49628740549087524,0.014664717018604279,8192,0.5697711706161499,5.53990364074707,0.011863933876156807,47054848,54047,22976,1436,17.655556,0.010089706824510358,0.003507741754583549,-5.064681077003479,-44.8876,0.011018236514064483,0.0037899377173744144,-4.89323213994503,,,0.95,0.9,none,4.538186582088236,6.096020448629204,0.15855549351307596,0.0,-74.70553,2628.5805481010675,17.655556
288,1784839141.2304876,,8.0,,8.0,,6.0,,6.0,,10.0,,10.0,,1.0,,1.0,,4.0,,4.0,,2.0,,2.0,,5.0,,5.0,,8.0,,8.0,,7.647135578095913,,5.67658019810915,,9.460067773237824,,0.8449667729437351,,3.832330015487969,,1.8018982842040714,,4.708989289589226,,7.4375,0.17476941645145416,-0.005162664572708309,0.026021349476650357,2.704691529273987,0.16761736571788788,0.8444817662239075,0.1304435431957245,-0.19878432154655457,0.49153760075569153,0.5588765144348145,0.016071317717432976,8192,0.5628506541252136,5.176183700561523,0.01758626662194729,47218688,54220,23056,1441,17.656155,0.008561034730519168,0.0031920491252094506,-5.043991747498512,-30.523245,0.010960553525364958,0.0017468611287768,-4.9042756974697115,,,0.95,0.9,none,4.695133354765106,5.801639902441057,0.22558908744374662,0.0,-74.85206,2621.108303944472,17.656155
289,1784839203.637211,,8.0,,8.0,,6.0,,6.0,,10.0,,10.0,,1.0,,1.0,,4.0,,4.0,,2.0,,2.0,,5.0,,5.0,,8.0,,8.0,,8.178484281525016,,6.374358879867941,,9.666392773098778,,1.3137520840391517,,4.183140410110354,,2.030525826383382,,4.768971155397594,,8.125,0.10252904891967773,-0.00296071486081928,0.0068546358234016225,2.710213780403137,0.19915392994880676,0.7661940455436707,0.1669236123561859,0.14487724006175995,0.2725986838340759,0.6113439798355103,0.009999305009841919,8192,0.5735941529273987,5.580077648162842,0.0131826875731349,47382528,54382,23136,1446,26.749115,0.00975964659883175,0.0033502516904263756,-5.043470796942711,0.67164516,0.006075200799386948,0.003918391281331424,-4.928802978992462,,,0.95,0.9,none,4.179995555312473,6.024214079810634,0.21087626035310714,0.0,-80.4792,2625.3572694120503,26.749115
290,1784839265.922517,,8.0,,8.0,,6.0,,6.0,,10.0,,10.0,,1.0,,1.0,,4.0,,4.0,,2.0,,2.0,,5.0,,5.0,,8.0,,8.0,,8.001710271462798,,6.336037253960967,,9.791216731071472,,1.0409057307988405,,4.148134140996262,,2.051259665749967,,4.847409514943138,,8.0,0.14792557060718536,-0.000649715366307646,0.019096602452918887,2.7126663103699684,0.27512162923812866,0.812110185623169,0.1777614802122116,0.038461264222860336,0.41075408458709717,0.6262345910072327,0.010444999672472477,8192,0.5933646559715271,5.527083873748779,0.012099701911211014,47546368,54553,23216,1451,-2.3162696,0.015180377315846271,0.0037635653949109837,-5.05461765229702,-14.505147,0.008005430139019155,0.004305757637484931,-4.945798218250275,,,0.95,0.9,none,4.545135198573634,6.2333992667210385,0.16646948612379492,0.0,-81.47345,2630.475732922355,-2.3162696
291,1784839328.4282107,,8.0,,8.0,,6.0,,6.0,,10.0,,10.0,,1.0,,1.0,,4.0,,4.0,,2.0,,2.0,,5.0,,5.0,,8.0,,8.0,,8.768818024545908,,6.532602669671178,,9.82108162716031,,1.1213029087521136,,4.17565985256806,,2.302691198885441,,4.848980661248788,,7.9375,0.11487646400928497,3.530224785208702e-05,0.007640898082172498,2.714404486119747,0.19011664390563965,0.914636492729187,0.1928834766149521,-0.39845508337020874,0.2872876524925232,0.6114814281463623,0.012915404513478279,8192,0.5237935781478882,5.688579559326172,0.010095500387251377,47710208,54720,23296,1456,9.664095,0.01381407752924133,0.0037016806076280774,-5.0451876550912855,-17.850168,0.008212928922148421,0.004581493356090505,-4.947408482432365,,,0.95,0.9,none,4.454917554984082,5.528870472913967,0.2119347648270568,0.0,-77.7568,2621.20121188269,9.664095
292,1784839390.7517695,,8.0,,8.0,,6.0,,6.0,,10.0,,10.0,,1.0,,1.0,,4.0,,4.0,,2.0,,2.0,,5.0,,5.0,,8.0,,8.0,,8.601833794265985,,6.429699731525034,,9.863225276581943,,1.3083495236933231,,4.406694777309895,,2.312602915801108,,4.897900913376361,,8.75,0.052194852381944656,0.00015754462219774723,0.0036166670543025248,2.716705821454525,0.17851844429969788,0.6795803904533386,0.13902166485786438,0.2444259226322174,0.15549087524414062,0.40172600746154785,0.013400578871369362,8192,0.44070911407470703,5.821288108825684,0.02739306166768074,47874048,54903,23376,1461,-3.2290673,0.012262690911302342,0.003532008499314543,-5.106536820530891,-54.66044,0.013098104714299553,0.00238448415620951,-4.978061786293983,,,0.95,0.9,none,4.5034056926348285,5.839414098009968,0.19720183815227194,0.0,-79.29161,2628.86143381173,-3.2290673
293,1784839455.0936687,,8.0,,8.0,,6.0,,6.0,,10.0,,10.0,,1.0,,1.0,,4.0,,4.0,,2.0,,2.0,,5.0,,5.0,,8.0,,8.0,,8.22471272572875,,6.587268700590357,,9.67238588258624,,0.9645332805812359,,4.230872522108257,,1.9983689431101084,,4.904345944523811,,8.25,0.11379161477088928,-0.0003447143826633692,0.005884106270968914,2.719572030007839,0.2847711443901062,0.734333872795105,0.22170472145080566,-0.2815057933330536,0.313231498003006,0.5379619002342224,0.01789805479347706,8192,0.5536414384841919,5.604061603546143,0.12805353105068207,48037888,55088,23456,1466,1.1867456,0.01007372355525149,0.001148018054664135,-5.059179905056953,-64.46523,0.03642642737831921,0.0029426902830891775,-4.986476123332977,,,0.95,0.9,none,3.9969378090673224,5.641187530674133,0.1521923664811515,0.0,-38.393772,2546.3967039047848,1.1867456
294,1784839516.9982736,,8.0,,8.0,,6.0,,6.0,,10.0,,10.0,,1.0,,1.0,,4.0,,4.0,,2.0,,2.0,,5.0,,5.0,,8.0,,8.0,,8.320989514701068,,5.654265392571688,,9.73500114493072,,0.9710296289995313,,4.115237112157047,,1.8031865386983554,,4.7495214734226465,,8.1875,0.10413769632577896,-0.0012994892022106797,0.0027165337232872844,2.722976341843605,0.23922546207904816,0.7978053689002991,0.1678173840045929,0.001918453723192215,0.28790339827537537,0.5533926486968994,0.019275926053524017,8192,0.596412718296051,5.442091941833496,0.028991324827075005,48201728,55262,23536,1471,26.267456,0.007452999607630772,0.004969187774258898,-5.012770199775696,-32.89534,0.013275623662048019,0.0035585211706347765,-4.966173768043518,,,0.95,0.9,none,4.637937403081934,5.898057439358682,0.1375574329960999,0.0,-82.084785,2646.652817159007,26.267456
295,1784839579.151799,,8.0,,8.0,,6.0,,6.0,,10.0,,10.0,,1.0,,1.0,,4.0,,4.0,,2.0,,2.0,,5.0,,5.0,,8.0,,8.0,,8.007481936365366,,6.311630977317691,,9.549672562628984,,0.9765085717663169,,4.15027747071872,,2.2493679840117693,,4.932534000836313,,8.125,0.060707420110702515,-0.002688580076210201,0.0013057370524620637,2.727354906499386,0.1903901994228363,1.020141839981079,0.09291152656078339,0.04440772905945778,0.14421159029006958,0.541303813457489,0.012774933129549026,8192,0.5902930498123169,5.537809371948242,0.011755993589758873,48365568,55428,23616,1476,6.4967165,0.011495598216424697,0.0031485260667977856,-4.933954334259033,-21.333908,0.006579629208135884,0.003919429861707613,-5.001981592178344,,,0.95,0.9,none,4.642788122398879,5.7620683645792194,0.18701184229492357,0.0,-76.205734,2636.0532773740233,6.4967165
296,1784839641.149284,,8.0,,8.0,,6.0,,6.0,,10.0,,10.0,,1.0,,1.0,,4.0,,4.0,,2.0,,2.0,,5.0,,5.0,,8.0,,8.0,,7.985580388456583,,5.386284842155874,,9.35972187295556,,0.7646422330290079,,4.014813263434917,,2.1232998718041927,,4.780401865020394,,7.8125,0.13202202320098877,-0.0013975230976939201,0.0043612893496174365,2.728591188788414,0.21789725124835968,0.9337310194969177,0.17817796766757965,0.18797306716442108,0.36744263768196106,0.456847220659256,0.013633372262120247,8192,0.5510504841804504,5.27840518951416,0.02563430555164814,48529408,55623,23696,1481,24.809156,0.008528035096242092,0.0055291083597694525,-4.979664403200149,-16.23492,0.0076298576896078885,0.0043224393091804815,-4.997684025764466,,,0.95,0.9,none,4.931096583866851,6.065353737754159,0.13450035477143268,0.0,-76.32131,2642.68785048276,24.809156
297,1784839703.8819556,,8.0,,8.0,,6.0,,6.0,,10.0,,10.0,,1.0,,1.0,,4.0,,4.0,,2.0,,2.0,,5.0,,5.0,,8.0,,8.0,,8.16055572219193,,5.897884605452418,,9.40896313637495,,1.097903793444857,,3.848740893881768,,1.7775043239817023,,4.823373137100134,,8.125,0.05913306400179863,-8.895143400877714e-05,0.003796431741648121,2.7335774824023247,0.2588951289653778,0.797502338886261,0.21618962287902832,-0.24137188494205475,0.18332979083061218,0.5038984417915344,0.01620197668671608,8192,0.5766533613204956,5.392490386962891,0.010388709604740143,48693248,55800,23776,1486,16.836958,0.008000374531548005,0.004780174000916304,-4.982378393411636,-7.9523096,0.006549785744573456,0.002516851051041158,-5.019140347838402,,,0.95,0.9,none,4.896518474710453,5.752337766539723,0.14610258682097238,0.0,-74.40106,2611.717196252263,16.836958
298,1784839768.2401195,,8.0,,8.0,,6.0,,6.0,,10.0,,10.0,,1.0,,1.0,,4.0,,4.0,,2.0,,2.0,,5.0,,5.0,,8.0,,8.0,,7.594803365180269,,5.788748625665903,,9.729822613298893,,1.0419769790023565,,4.04542144946754,,2.0651588831096888,,4.822768593556248,,8.0,0.14856843650341034,-0.0025838214496616274,0.010384079549112357,2.7366087287664413,0.18390224874019623,0.822227418422699,0.13999901711940765,0.05099523812532425,0.3881291151046753,0.4145204722881317,0.01612292043864727,8192,0.5892972946166992,5.386087417602539,0.01379275694489479,48857088,55978,23856,1491,25.034168,0.009337312057323289,0.003896407477441244,-5.00205046236515,-40.732353,0.013362078528734856,0.0033504253384307957,-5.009861746430397,,,0.95,0.9,none,4.22980077649537,5.947405041031378,0.19117671399855252,0.0,-84.380356,2545.754456432906,25.034168
299,1784839832.156098,,8.0,,8.0,,6.0,,6.0,,10.0,,10.0,,1.0,,1.0,,4.0,,4.0,,2.0,,2.0,,5.0,,5.0,,8.0,,8.0,,8.309573952108622,,5.801421025651507,,9.54897015541792,,1.058712936937809,,4.015958753414452,,1.9066594503819942,,4.767757684458047,,7.75,0.11481805145740509,-0.003464705660007894,0.009603261962183751,2.7391887307167053,0.15042464435100555,0.7685114145278931,0.13207967579364777,-0.08156771957874298,0.30290865898132324,0.49738258123397827,0.018347423523664474,8192,0.5959180593490601,5.394881725311279,0.027348315343260765,49020928,56152,23936,1496,25.425472,0.00861341912241187,0.0025779736613912975,-4.976022490859032,-28.839334,0.009154201170895248,0.004222336479870137,-5.020860153436661,,,0.95,0.9,none,4.128802001165951,6.9912448560193186,0.16983012558470184,0.0,-80.73149,2563.365215934907,25.425472
300,1784839895.0480394,,8.0,,8.0,,6.0,,6.0,,10.0,,10.0,,1.0,,1.0,,4.0,,4.0,,2.0,,2.0,,5.0,,5.0,,8.0,,8.0,,8.157784606330097,,5.822224709205329,,9.407941525685601,,0.7433584006503225,,4.084566196426749,,1.9757046718150377,,4.8419191632419825,,7.625,0.10421157628297806,-0.0001894157030619681,0.009888021988444962,2.7404482066631317,0.1950717717409134,0.8830028176307678,0.16024307906627655,0.18557913601398468,0.28252366185188293,0.5056791305541992,0.013901472091674805,8192,0.5642050504684448,5.332312107086182,0.020625242963433266,49184768,56319,24016,1501,17.102772,0.007872283752658405,0.0032084096790640617,-4.950552320480346,-41.009518,0.014994438269059173,0.0023692858711001465,-4.989570987224579,,,0.95,0.9,none,4.113069943170405,5.478450753355855,0.18894307787891784,0.0,-75.40785,2605.1020949588933,17.102772
301,1784839958.381451,,8.0,,8.0,,6.0,,6.0,,10.0,,10.0,,1.0,,1.0,,4.0,,4.0,,2.0,,2.0,,5.0,,5.0,,8.0,,8.0,,7.84782974421978,,5.619166359305382,,9.772288288921118,,0.7739878473803401,,4.072376993484795,,2.1248977594077587,,4.774609827436507,,7.9375,0.0950920358300209,-0.0032436891924589872,0.00294581227353774,2.7420301288366318,0.16415682435035706,0.8391369581222534,0.1347023844718933,-0.46216142177581787,0.2593722343444824,0.3997246026992798,0.016914604231715202,8192,0.6115331053733826,5.365331649780273,0.0230034738779068,49348608,56507,24096,1506,-11.359877,0.014807343513530214,0.002133770519139944,-4.952159342169762,-30.50835,0.009307465719757602,0.0017814519189414569,-5.0158954620361325,,,0.95,0.9,none,4.104110697653909,5.781137440819888,0.1369371954962171,0.0,-81.47673,2586.943991860044,-11.359877
302,1784840021.483725,,8.0,,8.0,,6.0,,6.0,,10.0,,10.0,,1.0,,1.0,,4.0,,4.0,,2.0,,2.0,,5.0,,5.0,,8.0,,8.0,,8.191423431038857,,6.481964889913797,,9.661089692264795,,1.0558558377379086,,4.105994523313711,,2.1686473730951548,,4.927912402898073,,8.4375,0.13622529804706573,-0.0006267698481678963,0.01901821931824088,2.7441836670041084,0.16010940074920654,0.7324199080467224,0.15042376518249512,-0.17780646681785583,0.38047271966934204,0.47483640909194946,0.01715034432709217,8192,0.5690076351165771,5.628798484802246,0.021031713113188744,49512448,56680,24176,1511,25.959751,0.007974078264669514,0.005400615106191253,-4.962691536545753,-27.958164,0.009237436564581003,0.002572019696526695,-5.016089048981667,,,0.95,0.9,none,4.505346222716261,5.578386508775477,0.1629651315724149,0.0,-72.13873,2596.4199592795167,25.959751
303,1784840083.505011,,8.0,,8.0,,6.0,,6.0,,10.0,,10.0,,1.0,,1.0,,4.0,,4.0,,2.0,,2.0,,5.0,,5.0,,8.0,,8.0,,8.8411476444453,,6.667678629048169,,9.800112841650844,,1.197346399538219,,4.300596948713064,,2.362517962785205,,4.9218654641881585,,8.625,0.06898327171802521,-0.0004633893840946257,0.002040416726231342,2.7480525970458984,0.18926610052585602,0.8333358764648438,0.16551703214645386,0.18641337752342224,0.17765401303768158,0.49059978127479553,0.01703324168920517,8192,0.4314509928226471,5.83953332901001,0.059841446578502655,49676288,56866,24256,1516,-41.50965,0.02075992496102117,0.003371985352714546,-4.965946006774902,-38.21734,0.014721130003454163,0.0008331690049089957,-5.01338500380516,,,0.95,0.9,none,4.467122502529118,5.52742539120686,0.21332433641078963,0.0,-77.93073,2641.67372384661,-41.50965
304,1784840147.6299205,,8.0,,8.0,,6.0,,6.0,,10.0,,10.0,,1.0,,1.0,,4.0,,4.0,,2.0,,2.0,,5.0,,5.0,,8.0,,8.0,,7.957129700109363,,5.801230694167316,,9.510302701964974,,1.0357535884249955,,4.127659658144694,,2.1107995400670916,,4.750009513110854,,7.75,0.0722307413816452,-0.001598027884028852,0.003972771140979603,2.752892091870308,0.3619893193244934,0.7734553217887878,0.2991640567779541,-0.06446346640586853,0.1981159895658493,0.5454872846603394,0.01988750882446766,8192,0.5830236077308655,5.380361080169678,0.03537936136126518,49840128,57042,24336,1521,0.4057188,0.009718095898278989,0.004037172107200604,-5.002249190211296,-56.582275,0.02407652500551194,0.003040779063303489,-5.044326850771904,,,0.95,0.9,none,4.523993582752256,5.792752611109118,0.1504451708212628,0.0,-80.25115,2555.013339624616,0.4057188
305,1784840198.9797862,,8.0,,8.0,,6.0,,6.0,,10.0,,10.0,,1.0,,1.0,,4.0,,4.0,,2.0,,2.0,,5.0,,5.0,,8.0,,8.0,,8.179709636606276,,6.457788290455937,,9.61708540096879,,1.021106187487021,,3.9819238539785147,,2.1573353786952794,,4.820036608725786,,7.625,0.06794235855340958,-0.0008110976777970791,0.003428940151934512,2.7546504959464073,0.3015463054180145,0.920185923576355,0.1570168137550354,0.022940652444958687,0.1890338957309723,0.5595657229423523,0.030046220868825912,8192,0.5624560713768005,5.4824981689453125,0.012641936540603638,49971200,57188,24400,1525,6.0737944,0.010244393009634223,0.003716770289611304,-4.948501506447792,-36.995075,0.015238892938941716,0.003018586040707305,-5.0768336087465284,,,0.95,0.9,none,4.082382962854533,6.407395670387176,0.1933714207570829,0.0,-74.10431,3190.662403710153,6.0737944
