# _tick,_time,plr_track_ground_roughness,track_ground_roughness,plr_track_student_ground_roughness,track_student_ground_roughness,plr_track_pit_gap_low,track_pit_gap_low,plr_track_student_pit_gap_low,track_student_pit_gap_low,plr_track_pit_gap_high,track_pit_gap_high,plr_track_student_pit_gap_high,track_student_pit_gap_high,plr_track_stump_height_low,track_stump_height_low,plr_track_student_stump_height_low,track_student_stump_height_low,plr_track_stump_height_high,track_stump_height_high,plr_track_student_stump_height_high,track_student_stump_height_high,plr_track_stair_height_low,track_stair_height_low,plr_track_student_stair_height_low,track_student_stair_height_low,plr_track_stair_height_high,track_stair_height_high,plr_track_student_stair_height_high,track_student_stair_height_high,plr_track_stair_steps,track_stair_steps,plr_track_student_stair_steps,track_student_stair_steps,plr_track_ued_ground_roughness,track_ued_ground_roughness,plr_track_ued_pit_gap_low,track_ued_pit_gap_low,plr_track_ued_pit_gap_high,track_ued_pit_gap_high,plr_track_ued_stump_height_low,track_ued_stump_height_low,plr_track_ued_stump_height_high,track_ued_stump_height_high,plr_track_ued_stair_height_low,track_ued_stair_height_low,plr_track_ued_stair_height_high,track_ued_stair_height_high,plr_track_ued_stair_steps,track_ued_stair_steps,mean_env_return,adversary_env_pg_loss,adversary_env_value_loss,adversary_env_dist_entropy,steps,total_episodes,total_seeds,total_student_grad_updates,mean_agent_return,agent_value_loss,agent_pg_loss,agent_dist_entropy,mean_adversary_agent_return,adversary_value_loss,adversary_pg_loss,adversary_dist_entropy,kl_loss_advagent_agent,kl_loss_agent_advagent,dps_lambda_skill,dps_lambda_target,dps_mode,agent_grad_norm,adversary_grad_norm,adversary_env_grad_norm,solved_rate:BipedalWalker-MADS-Hard-Eval-v0,test_returns:BipedalWalker-MADS-Hard-Eval-v0,sps,target_agent_return
0,1784820024.354311,,8.0,,8.0,,6.0,,6.0,,10.0,,10.0,,1.0,,1.0,,4.0,,4.0,,2.0,,2.0,,5.0,,5.0,,8.0,,8.0,,7.740371698746458,,5.870991423144005,,9.584373359626625,,0.923838104121387,,3.7978678825311363,,1.9393170992843807,,4.7799361073412,,7.5,-1.625135064125061,-0.026160343666560948,0.31646036403253675,1.4189649000763893,32768,501,16,1,-114.431274,0.6623496172949672,-0.002617726256721653,5.675457552075386,-117.61076,0.24674904467538,-0.00264166489650961,5.669272494316101,,,0.95,0.9,both,0.4138120320553691,0.36085922754552147,1.3500399063791952,0.0,-110.79928,2143.7593710959727,-114.431274
1,1784820096.7445054,,8.0,,8.0,,6.0,,6.0,,10.0,,10.0,,1.0,,1.0,,4.0,,4.0,,2.0,,2.0,,5.0,,5.0,,8.0,,8.0,,8.825206291861832,,6.234276523813605,,9.871277961879969,,1.301923518301919,,4.19480913085863,,2.083454363979399,,4.944317625835538,,8.3125,-2.009918451309204,-0.00015588049427606165,0.1287284072022885,1.4216900989413261,196608,1637,96,6,-107.349464,0.2278760511428118,-0.002605698064144235,5.64229907989502,-108.576744,0.22294200723990798,-0.0026699777255998923,5.6198281913995745,,,0.95,0.9,both,0.3225099379127586,0.3118578411627282,0.9323534560323021,0.0,-120.060074,2263.291435214139,-107.349464
2,1784820171.6763692,,8.0,,8.0,,6.0,,6.0,,10.0,,10.0,,1.0,,1.0,,4.0,,4.0,,2.0,,2.0,,5.0,,5.0,,8.0,,8.0,,7.721097540576011,,5.619433911284432,,9.723200907930732,,0.8134972681291401,,3.968009295873344,,1.8442523892590543,,4.805556722451001,,7.75,-0.22350409626960754,-0.004807999124750495,0.04502550058532506,1.4228793680667877,360448,2875,176,11,-123.13609,0.061485085426829754,-0.006095424402155913,5.57087764441967,-109.69495,0.06275374938268215,-0.0042110045673325654,5.5698917478322985,,,0.95,0.9,both,0.2987081942264257,0.28001807563771564,1.0208666434756577,0.0,-122.78788,2186.518253437537,-123.13609
3,1784820245.7202907,,8.0,,8.0,,6.0,,6.0,,10.0,,10.0,,1.0,,1.0,,4.0,,4.0,,2.0,,2.0,,5.0,,5.0,,8.0,,8.0,,7.511086530983448,,5.652435492258519,,9.645167196402326,,0.8217053271364421,,3.969933577347547,,1.8792505315504968,,4.847118250327185,,7.875,-0.02452355995774269,-0.012022067443467677,0.003927155015844619,1.417630486190319,524288,3202,256,16,-120.02173,0.0077436481369659305,-0.0044060914631700145,5.389372396469116,-108.28279,0.023396289558149874,-0.0042049615163705315,5.457382962107658,,,0.95,0.9,both,0.28529069149363984,0.2664081172135028,0.6127970297380494,0.0,-130.58853,2212.7420872158073,-120.02173
4,1784820319.271984,,8.0,,8.0,,6.0,,6.0,,10.0,,10.0,,1.0,,1.0,,4.0,,4.0,,2.0,,2.0,,5.0,,5.0,,8.0,,8.0,,7.57406385926879,,5.913830405799672,,9.530671197921038,,0.8601333776023239,,3.7385128205642104,,1.8801843049004674,,4.768880833871663,,7.75,-0.05240314453840256,0.00028766971081495285,0.022895995003636926,1.4169044755399227,688128,3457,336,21,-119.13435,0.006322393167647533,-0.0028266790497582404,5.166873893141746,-124.272606,0.02269372991868295,-0.0019285791815491394,5.239025166630745,,,0.95,0.9,both,0.31022674198407546,0.33040592305483363,0.9721214421515671,0.0,-123.96675,2227.548772449841,-119.13435
5,1784820392.122418,,8.0,,8.0,,6.0,,6.0,,10.0,,10.0,,1.0,,1.0,,4.0,,4.0,,2.0,,2.0,,5.0,,5.0,,8.0,,8.0,,8.176379904150963,,6.3073136219754815,,9.894741965457797,,1.1668167327297851,,4.130269396526273,,2.160525133833289,,4.922456982894801,,7.8125,-0.07119585573673248,-0.004570408957079053,0.04007360420655459,1.4244593679904938,851968,3722,416,26,-120.7985,0.008125669788569212,-0.0026065384881803766,4.980182263255119,-118.65929,0.019603119336534292,-0.0021760597708635034,5.059929889440537,,,0.95,0.9,both,0.3336506930571702,0.3251470585615665,1.1980442162879283,0.0,-140.86551,2248.9910935118373,-120.7985
6,1784820462.8996723,,8.0,,8.0,,6.0,,6.0,,10.0,,10.0,,1.0,,1.0,,4.0,,4.0,,2.0,,2.0,,5.0,,5.0,,8.0,,8.0,,8.548131300136447,,6.3785292257671244,,9.892483748495579,,1.2906630574725568,,4.156032223021612,,2.3970813509076834,,4.988608424551785,,8.6875,-0.051765888929367065,0.0003153823781758547,0.027232719905441627,1.4256273470818996,1015808,3952,496,31,-115.16193,0.005534384094062261,-0.004944558249553666,4.739121013879776,-114.796,0.023750151292188094,-0.0011171548962011003,4.849279275536537,,,0.95,0.9,both,0.4158849226375869,0.376428472099994,0.9066278537023027,0.0,-107.17914,2314.867272833205,-115.16193
7,1784820534.3240848,,8.0,,8.0,,6.0,,6.0,,10.0,,10.0,,1.0,,1.0,,4.0,,4.0,,2.0,,2.0,,5.0,,5.0,,8.0,,8.0,,8.03198703750968,,5.723459871485829,,9.890920787584037,,0.8662330268416554,,3.9922505659633316,,1.9438473318987235,,4.874365225434303,,7.875,-0.13860002160072327,-0.008374384604394436,0.01453947409754619,1.4362156055867672,1179648,4200,576,36,-137.92142,0.01577791477320716,-0.0021207839003182017,4.525590941309929,-107.57562,0.024724006216274574,-0.0018313710912480018,4.658603915572167,,,0.95,0.9,both,0.4484187454341836,0.3861838495306686,0.804290348448939,0.0,-107.375595,2293.8943659543033,-137.92142
8,1784820605.9289243,,8.0,,8.0,,6.0,,6.0,,10.0,,10.0,,1.0,,1.0,,4.0,,4.0,,2.0,,2.0,,5.0,,5.0,,8.0,,8.0,,8.59287286363542,,6.568558622035198,,9.941978516988456,,1.2436462407931685,,4.174390370491892,,2.2096562109072693,,4.942327255383134,,8.375,-0.06949207931756973,-0.00010589102748781443,0.008361526517546736,1.4392645433545113,1343488,4488,656,41,-130.05403,0.012937809171853587,-0.002479579209466465,4.344802513718605,-107.499466,0.0281721857492812,-0.0011800359956396279,4.465804094076157,,,0.95,0.9,both,0.49626251795239523,0.5076188946108832,0.7491252497554377,0.0,-110.593285,2288.1124961316405,-130.05403
9,1784820675.8835666,,8.0,,8.0,,6.0,,6.0,,10.0,,10.0,,1.0,,1.0,,4.0,,4.0,,2.0,,2.0,,5.0,,5.0,,8.0,,8.0,,7.509882317390293,,5.444771746173501,,9.382416598498821,,0.6953375060111284,,3.8516240189783275,,1.732411451288499,,4.800174432806671,,7.4375,-0.2074057161808014,-0.004489279701374471,0.02531345012539532,1.4526104964315891,1507328,4802,736,46,-133.05281,0.01886230647796765,-0.002156734366144519,4.196372246742248,-106.090256,0.03326453310437501,-0.0021176339607336557,4.316002771258354,,,0.95,0.9,both,0.5269463063486974,0.49635489520550047,0.5380185648673171,0.0,-104.77419,2342.0900137724816,-133.05281
10,1784820745.12185,,8.0,,8.0,,6.0,,6.0,,10.0,,10.0,,1.0,,1.0,,4.0,,4.0,,2.0,,2.0,,5.0,,5.0,,8.0,,8.0,,7.909052732400596,,5.577023371588439,,9.727325963787735,,0.8989749068859965,,3.805816378444433,,1.9108649059198797,,4.81223086733371,,7.4375,-0.31468406319618225,-0.0004905638052150607,0.062312940193805844,1.4607810974121094,1671168,5099,816,51,-126.92118,0.018633545754710212,-0.0018046869779936969,3.9979363098740577,-108.72616,0.05170889957807958,-0.0017228206270374358,4.149035349488258,,,0.95,0.9,both,0.6014328486791355,0.49436284852712015,1.1150552870652328,0.0,-98.64409,2366.320914864998,-126.92118
11,1784820815.3925648,,8.0,,8.0,,6.0,,6.0,,10.0,,10.0,,1.0,,1.0,,4.0,,4.0,,2.0,,2.0,,5.0,,5.0,,8.0,,8.0,,8.096756311831996,,6.038844541180879,,9.873724550474435,,1.1955416966229677,,4.241734989918768,,2.175781542202458,,4.882747899275273,,8.0,-0.15725645422935486,-0.00424837414175272,0.0493472192902118,1.4654228538274765,1835008,5392,896,56,-116.23728,0.016292338352650405,-0.0015356772564700805,3.80713986903429,-109.43764,0.05036821906687692,-0.002115196839440614,3.9766823947429657,,,0.95,0.9,both,0.5850473490867145,0.4945254596706503,0.8087645975598866,0.0,-108.77354,2331.5535154314007,-116.23728
12,1784820886.3222826,,8.0,,8.0,,6.0,,6.0,,10.0,,10.0,,1.0,,1.0,,4.0,,4.0,,2.0,,2.0,,5.0,,5.0,,8.0,,8.0,,8.425575900822878,,6.2648471721913666,,9.87015045620501,,1.220125273684971,,4.093142993166111,,2.161035744473338,,4.885987889021635,,8.25,-0.10290877521038055,-0.0005817851633764803,0.0155195317347534,1.4792210161685944,1998848,5656,976,61,-99.97262,0.013359524100087583,-0.0017623563922825269,3.624952921271324,-91.64302,0.025815159105695783,-0.0005289355394779705,3.761608411371708,,,0.95,0.9,both,0.6727498105677975,0.6164664231613981,0.6740536278708238,0.0,-105.7926,2309.8931824450306,-99.97262
13,1784820955.6972692,,8.0,,8.0,,6.0,,6.0,,10.0,,10.0,,1.0,,1.0,,4.0,,4.0,,2.0,,2.0,,5.0,,5.0,,8.0,,8.0,,8.077754390003975,,6.103314265143126,,9.53947985265404,,0.8388359282398596,,4.033759431447834,,2.074601529398933,,4.890253834659234,,7.6875,-0.2792845666408539,-0.007094253320246935,0.03664041677257046,1.4916010163724422,2162688,5946,1056,66,-94.87793,0.010374510576366448,-0.0020815716139622963,3.412004308402538,-96.74492,0.04248011641902849,-0.002250212860235479,3.546059638261795,,,0.95,0.9,both,0.8232862111227061,0.5479835053769124,0.6253216265905708,0.0,-99.29384,2361.65704919264,-94.87793
14,1784821025.4530983,,8.0,,8.0,,6.0,,6.0,,10.0,,10.0,,1.0,,1.0,,4.0,,4.0,,2.0,,2.0,,5.0,,5.0,,8.0,,8.0,,8.188048858195543,,6.050610305508599,,9.80926516535692,,1.0235766255063936,,4.127060136466753,,2.0212645636638626,,4.873770279111341,,8.3125,-0.1222221627831459,-0.0018933305400423706,0.01954674767330289,1.4897077232599258,2326528,6210,1136,71,-91.83533,0.01191406769794412,-0.0013924332008173224,3.252914108335972,-100.00856,0.0226600568392314,-0.002060787136724684,3.35357898324728,,,0.95,0.9,both,0.7812796696933191,0.6673661743374631,0.785135122826033,0.0,-99.11155,2348.765313864662,-91.83533
15,1784821096.7519848,,8.0,,8.0,,6.0,,6.0,,10.0,,10.0,,1.0,,1.0,,4.0,,4.0,,2.0,,2.0,,5.0,,5.0,,8.0,,8.0,,7.837883046129718,,5.502765553537756,,9.728954315651208,,0.9150982772116549,,3.9255665867822245,,1.8596107765333727,,4.87764117133338,,7.625,-0.18280205130577087,-0.015101124939974397,0.0029358075516938698,1.49079030752182,2490368,6472,1216,76,-94.11986,0.010117110257851891,-0.0014242164470488206,3.076439011096954,-100.821144,0.01737721628160216,-0.0024227301655628253,3.158877378702164,,,0.95,0.9,both,0.8049525920831403,0.7299228125641173,0.7478768128508505,0.0,-106.98003,2297.9310966802013,-94.11986
16,1784821167.6908877,,8.0,,8.0,,6.0,,6.0,,10.0,,10.0,,1.0,,1.0,,4.0,,4.0,,2.0,,2.0,,5.0,,5.0,,8.0,,8.0,,7.421035134932026,,5.45062402728945,,9.319406115449965,,0.6327834255062044,,3.6942703063832596,,1.8289977740496397,,4.569780767895281,,7.375,-0.14513516426086426,-0.0010354002006351948,0.010703703694161959,1.4863948933780193,2654208,6711,1296,81,-98.89231,0.01347175961418543,-0.0011265392546192742,2.881591822206974,-108.76113,0.01662203096493613,-0.001598011217720341,2.968763905763626,,,0.95,0.9,both,0.8215070308708263,0.7002480493612635,0.6059166757035199,0.0,-95.73297,2309.5931195829116,-98.89231
17,1784821238.0018191,,8.0,,8.0,,6.0,,6.0,,10.0,,10.0,,1.0,,1.0,,4.0,,4.0,,2.0,,2.0,,5.0,,5.0,,8.0,,8.0,,8.192199064476881,,6.415804132819176,,9.805114578455687,,1.0787405516020954,,4.145162055225228,,2.1451336491154507,,4.879493002197705,,8.6875,-0.23044632375240326,-0.004015811486169696,0.023341186402831227,1.4801667146384716,2818048,6985,1376,86,-73.881485,0.008994600077858194,-0.0010749750348622912,2.739038850367069,-99.36286,0.026316510362084954,-0.0016291252613882534,2.8565844774246214,,,0.95,0.9,both,0.9804137554513053,0.6813915690353396,0.6732198141346368,0.0,-92.96858,2330.2208613728153,-73.881485
18,1784821307.3023539,,8.0,,8.0,,6.0,,6.0,,10.0,,10.0,,1.0,,1.0,,4.0,,4.0,,2.0,,2.0,,5.0,,5.0,,8.0,,8.0,,8.049958364572376,,5.982915760716423,,9.654505099635571,,0.9440679181134328,,3.989575211366173,,1.9120984519831836,,4.842070285929367,,7.75,-0.11428982019424438,-0.007914125453680754,0.008487092512950767,1.478539828211069,2981888,7242,1456,91,-79.42375,0.007768616583780386,-0.0005493793520145118,2.5571408078074453,-92.89755,0.012136896030278876,-0.0012369535572361201,2.6993891134858132,,,0.95,0.9,both,0.9682645214886264,0.8197593689003323,0.8517019595385873,0.0,-90.70291,2364.1956980242244,-79.42375
19,1784821377.3090262,,8.0,,8.0,,6.0,,6.0,,10.0,,10.0,,1.0,,1.0,,4.0,,4.0,,2.0,,2.0,,5.0,,5.0,,8.0,,8.0,,8.104535033460706,,6.059972999501042,,9.888289316557348,,0.9500544408801943,,4.123967370484024,,2.148186454549432,,4.836214177659713,,8.25,-0.08945707976818085,9.30389214772731e-05,0.06351402463042177,1.4780864529311657,3145728,7472,1536,96,-58.601616,0.004330517104244791,-0.0017325051783700473,2.3335286036133764,-88.168655,0.013247798010706902,-0.000630638912844006,2.4671577870845796,,,0.95,0.9,both,0.9877071338394169,0.7608902167072829,1.2332995178091881,0.0,-96.08915,2340.3479744202086,-58.601616
20,1784821445.3898976,,8.0,,8.0,,6.0,,6.0,,10.0,,10.0,,1.0,,1.0,,4.0,,4.0,,2.0,,2.0,,5.0,,5.0,,8.0,,8.0,,8.639577912632376,,6.588879480492324,,9.94480581022799,,1.3497931631281972,,4.353000786155462,,2.3132897786563262,,4.983177467249334,,8.5,-0.34696444869041443,-0.002836952917277813,0.044595593702979386,1.480562087148428,3309568,7757,1616,101,-59.57151,0.007806016656104475,-0.00044195517693879083,2.1397079840302466,-95.13385,0.03813146927859634,-0.0012369475851301103,2.307160158455372,,,0.95,0.9,both,0.8617015740818271,0.8125705790418198,0.825858371477795,0.0,-89.4576,2406.5497143034304,-59.57151
21,1784821516.6152008,,8.0,,8.0,,6.0,,6.0,,10.0,,10.0,,1.0,,1.0,,4.0,,4.0,,2.0,,2.0,,5.0,,5.0,,8.0,,8.0,,8.176165600307286,,6.069717713398859,,9.64376825839281,,0.9989295387640595,,3.8962939141783863,,2.0322426365455613,,4.878563397098333,,8.0,-0.32494091987609863,-0.0002811799058690667,0.020295497903134674,1.485272727906704,3473408,8054,1696,106,-49.73191,0.0037573371635517107,-0.0007162170302763115,1.9449574112892152,-100.56593,0.02600587823544629,-0.000342764645756688,2.1267660930752754,,,0.95,0.9,both,1.1376917816805765,0.9247387690762991,0.66081467408873,0.0,-91.939095,2300.3061347131647,-49.73191
22,1784821586.7524378,,8.0,,8.0,,6.0,,6.0,,10.0,,10.0,,1.0,,1.0,,4.0,,4.0,,2.0,,2.0,,5.0,,5.0,,8.0,,8.0,,8.214035971090198,,6.385932301171124,,9.880571981942921,,1.1415803208947182,,4.247790357330814,,2.0120499189361,,4.952278075739741,,8.3125,-0.505730390548706,-0.0020342800999060273,0.14364451018627733,1.4873500540852547,3637248,8376,1776,111,-60.46582,0.00846318521653302,0.0001089654237148352,1.7654488384723663,-85.34062,0.04887436639983207,-0.00023996001909836194,1.973135182261467,,,0.95,0.9,both,1.1779817753105386,0.9448512861105444,1.2904063644417592,0.0,-102.520615,2335.9916578589005,-60.46582
23,1784821657.7975454,,8.0,,8.0,,6.0,,6.0,,10.0,,10.0,,1.0,,1.0,,4.0,,4.0,,2.0,,2.0,,5.0,,5.0,,8.0,,8.0,,8.874365226365626,,6.827858455479145,,9.927503628656268,,1.3594621471129358,,4.341524695977569,,2.3463998651131988,,5.0,,8.8125,-0.11534464359283447,-0.002448352228384465,0.031384211586555466,1.4898929484188557,3801088,8744,1856,116,-49.03477,0.005469779403938446,-8.99070015293546e-05,1.5790927819907665,-88.02319,0.027852878189878538,-0.0015623667175532318,1.827421709150076,,,0.95,0.9,both,1.0868653477177102,0.9949218084425674,0.7136206653509959,0.0,-86.38969,2306.1404947397546,-49.03477
24,1784821728.4503427,,8.0,,8.0,,6.0,,6.0,,10.0,,10.0,,1.0,,1.0,,4.0,,4.0,,2.0,,2.0,,5.0,,5.0,,8.0,,8.0,,7.622385254595429,,5.914549521636218,,9.475686325225979,,0.79858134733513,,3.78851111442782,,1.9196200808510184,,4.766336505068466,,7.75,-0.22649738192558289,0.00011723896022886038,0.038733319932362065,1.5027683228254318,3964928,9035,1936,121,-38.328472,0.0045680177339818325,-0.0006983244369621388,1.3858335211873054,-84.31376,0.014443845121422782,-0.0018852927314583212,1.584824039041996,,,0.95,0.9,both,1.264478604392679,0.9867684675620698,0.9314481561444033,0.0,-82.26585,2318.9456508960216,-38.328472
25,1784821801.5236762,,8.0,,8.0,,6.0,,6.0,,10.0,,10.0,,1.0,,1.0,,4.0,,4.0,,2.0,,2.0,,5.0,,5.0,,8.0,,8.0,,7.775478626368567,,5.476557778718416,,9.576458356692456,,0.8966889339499176,,3.837214440573007,,1.8303030519746244,,4.861593656940386,,7.4375,-0.1741328239440918,0.0005794169846922159,0.03233675815863535,1.5108100399374962,4128768,9361,2016,126,-34.771893,0.0031314254134485963,-0.0007305846927920356,1.17390304133296,-87.26912,0.022731748531805353,-3.943864576285705e-05,1.3512895591557026,,,0.95,0.9,both,1.3258761838578714,1.1295864886378886,0.5477685853660077,0.0,-88.6573,2242.1312842240764,-34.771893
26,1784821873.3282452,,8.0,,8.0,,6.0,,6.0,,10.0,,10.0,,1.0,,1.0,,4.0,,4.0,,2.0,,2.0,,5.0,,5.0,,8.0,,8.0,,7.492048722109757,,5.704635235306341,,9.43114984408021,,0.9156006467528641,,3.770334929227829,,1.7807067063986324,,4.709347697906196,,7.625,-0.6097302436828613,-0.0007520623039454222,0.07416843104874715,1.5113062001764774,4292608,9730,2096,131,-32.548897,0.00360865853872383,-0.0006864354945719242,0.9823606599122285,-90.123955,0.031303158757509664,-0.0010706507469876668,1.1492913968861103,,,0.95,0.9,both,1.3614101203361182,1.0242618622777235,0.6979548101749082,0.0,-71.52484,2281.748911760784,-32.548897
27,1784821942.194243,,8.0,,8.0,,6.0,,6.0,,10.0,,10.0,,1.0,,1.0,,4.0,,4.0,,2.0,,2.0,,5.0,,5.0,,8.0,,8.0,,8.152801949123386,,6.046366723487154,,9.610713705420494,,0.9544605786213651,,4.058169089606963,,1.9725479111075401,,4.861441903058221,,8.1875,-0.1968756914138794,-0.002459612733218819,0.059979216544888914,1.5187798589468002,4456448,10077,2176,136,-38.0138,0.005449553368089255,0.00040747136081336065,0.7951906703412532,-83.25723,0.0240748557029292,-9.673332242527976e-05,0.9665492523461581,,,0.95,0.9,both,1.4527968451108864,1.4433249100518792,0.9567881338305111,0.0,-87.02697,2379.113055551074,-38.0138
28,1784822011.6640573,,8.0,,8.0,,6.0,,6.0,,10.0,,10.0,,1.0,,1.0,,4.0,,4.0,,2.0,,2.0,,5.0,,5.0,,8.0,,8.0,,7.449248018674552,,5.603259206283838,,9.31469695456326,,0.7847834528656676,,3.759602981619537,,1.6198854590766132,,4.721263316459954,,7.625,-0.3472486138343811,-0.0013924651429988444,0.09661886200774461,1.514673676341772,4620288,10429,2256,141,-28.533878,0.003302051363425562,-0.0007889930362580344,0.621824262291193,-84.160614,0.02619160618633032,0.0008237755770096556,0.7913756545633077,,,0.95,0.9,both,1.5871031904810984,1.6976302717945468,0.8025509606344594,0.0,-92.897705,2358.4343933101713,-28.533878
29,1784822081.5604088,,8.0,,8.0,,6.0,,6.0,,10.0,,10.0,,1.0,,1.0,,4.0,,4.0,,2.0,,2.0,,5.0,,5.0,,8.0,,8.0,,8.198194333352149,,6.40740441030357,,9.988235981203616,,1.2482880125753582,,4.254575768485665,,2.1723033748567104,,4.943230902776122,,8.5625,-0.939217746257782,0.00048359273932874203,0.13609226909466088,1.5190494805574417,4784128,10874,2336,146,-26.8667,0.004148892589728348,0.0003506863853544928,0.48098131380975245,-83.57102,0.03820274277823046,-0.0005377146655519028,0.645077669993043,,,0.95,0.9,both,1.6109520561182833,1.4043242954844222,1.153656266830883,0.0,-69.28385,2344.0422507937674,-26.8667
30,1784822152.5441217,,8.0,,8.0,,6.0,,6.0,,10.0,,10.0,,1.0,,1.0,,4.0,,4.0,,2.0,,2.0,,5.0,,5.0,,8.0,,8.0,,8.15114531177096,,6.244741407921538,,9.932452742941678,,1.0619970922125503,,4.118849449674599,,2.2467952594161034,,4.915542663540691,,8.3125,-0.9779666066169739,-2.9148010071367025e-05,0.08288875932339579,1.5236523188650608,4947968,11323,2416,151,-31.482586,0.004147037889924832,-0.0007691052909649443,0.3073180606588721,-82.07756,0.04083842525724322,0.0009853826923063025,0.5007789973169565,,,0.95,0.9,both,1.6221046280571045,1.4291907479938264,0.7149284939407552,0.0,-76.001976,2308.135102505372,-31.482586
31,1784822221.8072057,,8.0,,8.0,,6.0,,6.0,,10.0,,10.0,,1.0,,1.0,,4.0,,4.0,,2.0,,2.0,,5.0,,5.0,,8.0,,8.0,,7.679427557392046,,5.829589311731979,,9.67225993424654,,0.8541348554281285,,3.8382071054074913,,1.930594403645955,,4.709333154372871,,7.5,-0.6068091988563538,-0.0010649750183802098,0.14229704136960208,1.5351713374257088,5111808,11758,2496,156,-29.766586,0.004140554771583993,-0.0001484247753978707,0.14091755906119943,-82.0092,0.040629653248470274,-0.0005991264857584611,0.33212172985076904,,,0.95,0.9,both,1.691914335644514,1.5259661051221678,0.8412387305004794,0.0,-80.07518,2365.473636249954,-29.766586
32,1784822292.7946699,,8.0,,8.0,,6.0,,6.0,,10.0,,10.0,,1.0,,1.0,,4.0,,4.0,,2.0,,2.0,,5.0,,5.0,,8.0,,8.0,,7.976840826682746,,6.070905756670982,,9.622954744147137,,1.1223125723772682,,4.061275077285245,,2.1444372221594676,,4.871390817686915,,8.0625,-0.5542479753494263,-0.015554300480289385,0.10967651731334627,1.5380565449595451,5275648,12188,2576,161,-33.599945,0.0044055695136194116,0.0005026062455726788,-0.025577758997678758,-83.477745,0.03247164648491889,0.0008660389416036196,0.17615617588162422,,,0.95,0.9,both,1.869900237894401,1.6551618229340828,0.5554129301529402,0.0,-85.8872,2308.0131805271403,-33.599945
33,1784822361.4119215,,8.0,,8.0,,6.0,,6.0,,10.0,,10.0,,1.0,,1.0,,4.0,,4.0,,2.0,,2.0,,5.0,,5.0,,8.0,,8.0,,8.209989938884974,,6.4275037525221705,,9.85635619983077,,1.1171682919957675,,4.170631177141331,,2.0448311801301315,,4.930488568206783,,8.5,-0.48150908946990967,0.00025087594985961914,0.14818893908523023,1.5494830273091793,5439488,12661,2656,166,-29.255772,0.006018962936650496,0.0005677913799445377,-0.11881160736083984,-81.9503,0.0427735501434654,-0.000373372042668052,0.04034603387117386,,,0.95,0.9,both,1.8144682014993296,1.7700393357366546,0.8723057111795037,0.0,-95.27633,2387.7376997089345,-29.255772
34,1784822429.8282428,,8.0,,8.0,,6.0,,6.0,,10.0,,10.0,,1.0,,1.0,,4.0,,4.0,,2.0,,2.0,,5.0,,5.0,,8.0,,8.0,,7.8150310181081295,,5.7520313281565905,,9.397418547421694,,0.7433823070314247,,3.9339036664459854,,1.810447074007243,,4.734819780569524,,7.6875,-0.7253966331481934,-0.007473493868019432,0.15991081669926643,1.5567824840545654,5603328,13165,2736,171,-23.584412,0.005524234048789367,0.0018254215799970552,-0.2785414673388004,-81.88425,0.05030727192061022,0.00028101430580136367,-0.11552617549896241,,,0.95,0.9,both,1.9779899817604956,1.6059445150687295,0.5538651432707258,0.0,-84.84746,2394.750785977324,-23.584412
35,1784822500.2305,,8.0,,8.0,,6.0,,6.0,,10.0,,10.0,,1.0,,1.0,,4.0,,4.0,,2.0,,2.0,,5.0,,5.0,,8.0,,8.0,,7.523789098486304,,5.416863466612995,,9.644624227657914,,0.8033346111769788,,3.789208518806845,,1.7338088729884475,,4.723162370501086,,7.5,-0.768132746219635,-0.0035752085968852043,0.2108064298518002,1.558290883898735,5767168,13630,2816,176,-29.097265,0.004783381152083166,0.0008679639504407533,-0.39981645848602054,-83.523994,0.052556650689803065,0.0002554852428147569,-0.24037060383707284,,,0.95,0.9,both,1.8961200425454205,1.6967994418648646,0.7789376070693965,0.0,-92.67662,2327.1975983923294,-29.097265
36,1784822568.9319568,,8.0,,8.0,,6.0,,6.0,,10.0,,10.0,,1.0,,1.0,,4.0,,4.0,,2.0,,2.0,,5.0,,5.0,,8.0,,8.0,,8.030660343822092,,6.028031221823767,,9.672311907052062,,1.1090186602668837,,4.015690012369305,,2.0066302189370617,,4.883119867765345,,8.0,-0.5761282444000244,-0.0024091476225294173,0.1519580737221986,1.561327077448368,5931008,14074,2896,181,-17.07291,0.003690370657568565,0.0011872733739437535,-0.4732738060876727,-88.57333,0.035700057644862684,0.0013494075756170787,-0.3376046663150191,,,0.95,0.9,both,2.008772758219398,2.0590424150894835,0.8615183137652066,0.0,-86.698715,2384.811116190654,-17.07291
37,1784822638.4978106,,8.0,,8.0,,6.0,,6.0,,10.0,,10.0,,1.0,,1.0,,4.0,,4.0,,2.0,,2.0,,5.0,,5.0,,8.0,,8.0,,7.774071143940091,,5.88455949886702,,9.55959958396852,,0.7599688379559666,,3.816505314782262,,1.7748517992440611,,4.687084371747915,,7.625,-0.5384129881858826,-4.151364555582404e-05,0.08881666627712548,1.559585377573967,6094848,14511,2976,186,-15.019114,0.004559290468750987,0.0018701497960137204,-0.6333827305585146,-74.98581,0.04157098240684718,0.0005238409794401377,-0.48104624189436435,,,0.95,0.9,both,2.0684981509366835,1.9341633353260022,0.6294683218824767,0.0,-95.215706,2355.178562518628,-15.019114
38,1784822710.0887275,,8.0,,8.0,,6.0,,6.0,,10.0,,10.0,,1.0,,1.0,,4.0,,4.0,,2.0,,2.0,,5.0,,5.0,,8.0,,8.0,,7.8428026721812785,,5.624812489841133,,9.655877030454576,,0.9726188415661454,,3.878051510779187,,1.8771408810280263,,4.80295661179116,,7.875,-0.5265113115310669,-0.006485420279204845,0.14936782594304532,1.5631617493927479,6258688,14934,3056,191,-31.462519,0.0053901848979876375,0.000583853512944188,-0.7530124019831419,-89.400604,0.034164946048986164,0.001311637624166906,-0.6015200242400169,,,0.95,0.9,both,1.8146743551928133,1.774713758850675,1.2892612163532484,0.0,-63.9533,2288.5590126176617,-31.462519
39,1784822782.2905986,,8.0,,8.0,,6.0,,6.0,,10.0,,10.0,,1.0,,1.0,,4.0,,4.0,,2.0,,2.0,,5.0,,5.0,,8.0,,8.0,,7.8498659883625805,,6.080505623482168,,9.536913285031915,,0.8715827369596809,,4.078815616900101,,1.958970531821251,,4.730601885356009,,8.0,-0.6050238013267517,0.0001016331952996552,0.08864593203179538,1.5631709806621075,6422528,15391,3136,196,-12.714159,0.005174228582473006,0.0030419283895753322,-0.8447384554892778,-77.95675,0.029105846292804927,0.0011564896471099929,-0.7096154145896435,,,0.95,0.9,both,2.277332861859191,2.158280032732672,1.0204458129277092,0.0,-70.80153,2269.1927005837438,-12.714159
40,1784822852.491712,,8.0,,8.0,,6.0,,6.0,,10.0,,10.0,,1.0,,1.0,,4.0,,4.0,,2.0,,2.0,,5.0,,5.0,,8.0,,8.0,,8.709912264719605,,6.51306528551504,,10.0,,1.2598311022302369,,4.260324795090128,,2.1566357035189867,,4.942202175036073,,8.5,-0.5997230410575867,0.0010889631230384111,0.13467253791168332,1.5675830617547035,6586368,15819,3216,201,-11.789281,0.003324450206855545,0.0019600927698775195,-0.9731670442968607,-81.78071,0.03326564277522266,0.00040835184627212583,-0.8407530460506678,,,0.95,0.9,both,2.3414996969550548,1.9354462336717553,1.0215672115992702,0.0,-67.4651,2333.8661044245937,-11.789281
41,1784822920.4327407,,8.0,,8.0,,6.0,,6.0,,10.0,,10.0,,1.0,,1.0,,4.0,,4.0,,2.0,,2.0,,5.0,,5.0,,8.0,,8.0,,7.935809005284682,,6.16748199891299,,9.837882846593857,,1.2153110466897488,,4.1415254443418235,,2.143993010860868,,4.870834955014288,,7.875,-0.4302765130996704,-0.00023569288896396756,0.05473191919736564,1.5698334500193596,6750208,16218,3296,206,-27.513165,0.005216176748217549,0.001618919959582854,-1.0794396676123141,-80.98122,0.029180803010240196,0.0011473924860183615,-0.9618409134447574,,,0.95,0.9,both,2.288446746537968,2.1474729322784905,0.6605184045600514,0.0,-79.066086,2411.50309058065,-27.513165
42,1784822989.8406107,,8.0,,8.0,,6.0,,6.0,,10.0,,10.0,,1.0,,1.0,,4.0,,4.0,,2.0,,2.0,,5.0,,5.0,,8.0,,8.0,,7.7494941600598395,,5.805205640383065,,9.453012948855758,,0.7441703844815493,,4.113074546214193,,2.0020094667561352,,4.847868787590414,,8.25,-1.1552011966705322,-0.0005607163766399026,0.1135750983376056,1.5786283239722252,6914048,16704,3376,211,-19.915655,0.006823357274697628,0.002201616009551799,-1.1895151697099209,-82.895775,0.0430067328736186,0.0018242348189232871,-1.0535242043435573,,,0.95,0.9,both,2.1733094021756427,2.4502999904253526,0.8054406267361953,0.0,-62.38141,2360.539161727831,-19.915655
43,1784823061.5110145,,8.0,,8.0,,6.0,,6.0,,10.0,,10.0,,1.0,,1.0,,4.0,,4.0,,2.0,,2.0,,5.0,,5.0,,8.0,,8.0,,7.327126812917413,,5.826424574479461,,9.455521336989477,,0.6987222940952051,,3.8282004930078983,,1.7481580097228289,,4.686568293722303,,7.5625,-0.9132291078567505,0.00016056897584348917,0.2147402144037187,1.5831839591264725,7077888,17207,3456,216,-16.093882,0.004288929732865654,0.0019803384726401418,-1.2839737713336945,-83.06067,0.03724099927349016,0.0008125635256874375,-1.160186092555523,,,0.95,0.9,both,2.4642075753811854,2.377665741765642,1.4191362501845344,0.0,-94.901405,2286.020475513654,-16.093882
44,1784823134.5666323,,8.0,,8.0,,6.0,,6.0,,10.0,,10.0,,1.0,,1.0,,4.0,,4.0,,2.0,,2.0,,5.0,,5.0,,8.0,,8.0,,8.103189080022275,,6.1714994420763105,,9.66168350353837,,1.1592504112049937,,4.127416231072857,,2.0737953553907573,,4.8758176090195775,,8.25,-0.7344302535057068,-0.004979269928298891,0.2063365033827722,1.5865159779787064,7241728,17652,3536,221,-20.894032,0.004513007806963287,0.0021787464211229235,-1.4076087027788162,-73.497826,0.03480948334326968,0.002646523961448111,-1.2571879290044308,,,0.95,0.9,both,2.38453328792954,2.646787894784348,0.9417768466708019,0.0,-58.6858,2242.674781584524,-20.894032
45,1784823206.2253697,,8.0,,8.0,,6.0,,6.0,,10.0,,10.0,,1.0,,1.0,,4.0,,4.0,,2.0,,2.0,,5.0,,5.0,,8.0,,8.0,,8.192038526991382,,6.28034283220768,,9.480696456041187,,1.1255900929681957,,4.0170798022300005,,2.093463736353442,,4.885236742818961,,7.8125,-0.4800107181072235,-0.009513484488707036,0.17928346141707152,1.5942610315978527,7405568,18120,3616,226,-16.140482,0.003514620516943978,-0.0003738301951671019,-1.5237610571086406,-79.3945,0.023201180365867914,0.0012130839233577718,-1.3784245528280734,,,0.95,0.9,both,2.108560832250512,2.4808004273404487,1.5295701039237304,0.0,-71.813095,2286.3924913525666,-16.140482
46,1784823275.1754448,,8.0,,8.0,,6.0,,6.0,,10.0,,10.0,,1.0,,1.0,,4.0,,4.0,,2.0,,2.0,,5.0,,5.0,,8.0,,8.0,,7.2666988228447735,,5.631467453204095,,9.54907013848424,,0.7132286382839084,,3.669685313012451,,1.7148543592193164,,4.694261937402189,,7.4375,-0.6756357550621033,-0.0005576035473495722,0.10841012001037598,1.5973145551979542,7569408,18544,3696,231,-5.574675,0.003143517932767281,0.0017353571536659728,-1.657461016625166,-75.82398,0.025573643180541693,0.0018346015058341436,-1.5202410794794559,,,0.95,0.9,both,2.5818997814834383,2.724066555677761,0.4920020237987673,0.0,-82.633354,2376.2120673401478,-5.574675
47,1784823345.603802,,8.0,,8.0,,6.0,,6.0,,10.0,,10.0,,1.0,,1.0,,4.0,,4.0,,2.0,,2.0,,5.0,,5.0,,8.0,,8.0,,7.926909198751673,,6.150422322563827,,9.586896713357419,,1.0334203224629164,,4.052159368467983,,1.9235486943507567,,4.825537089258432,,7.875,-0.7604895830154419,-0.0015747763682156801,0.1113514059688896,1.6036182455718517,7733248,19021,3776,236,-36.028152,0.0054306735779391605,0.0029223402423667723,-1.774682965874672,-79.36661,0.03944555021589622,0.0015815800506970845,-1.6452165484428405,,,0.95,0.9,both,2.704017323800148,2.5543475489253415,0.8940429454262682,0.0,-65.730515,2326.3356666762975,-36.028152
48,1784823414.9899566,,8.0,,8.0,,6.0,,6.0,,10.0,,10.0,,1.0,,1.0,,4.0,,4.0,,2.0,,2.0,,5.0,,5.0,,8.0,,8.0,,8.33958835247904,,6.340289779996965,,9.906287768855691,,1.0670446145813912,,4.323587191684055,,2.185625260695815,,4.848139020614326,,8.0625,-0.8146857023239136,-0.009391420520842075,0.10654870909638703,1.6095761060714722,7897088,19454,3856,241,-3.4988847,0.005090594473585952,0.002115379582392052,-1.8377468757331372,-80.84179,0.026776483678258956,0.0008633549441583455,-1.7641612850129604,,,0.95,0.9,both,2.647966346737334,2.7514153494698936,0.6936753158701994,0.0,-72.37787,2361.2780774159896,-3.4988847
49,1784823484.6256354,,8.0,,8.0,,6.0,,6.0,,10.0,,10.0,,1.0,,1.0,,4.0,,4.0,,2.0,,2.0,,5.0,,5.0,,8.0,,8.0,,7.627400715718977,,5.563366534901434,,9.607397299725562,,0.8345166882490958,,3.7410375009058043,,1.9627140058437362,,4.80014032125473,,7.8125,-0.8979601263999939,-0.0039753137389197946,0.18959113769233227,1.6072677001357079,8060928,19910,3936,246,-16.904158,0.004191772914782632,0.002402635719772661,-1.9272076532244682,-66.10293,0.03760777522111312,0.0014305375589174218,-1.8322523437440394,,,0.95,0.9,both,2.7950875368064927,2.7201837372559776,1.2912556449056098,0.0,-80.34876,2352.816850143915,-16.904158
50,1784823555.247493,,8.0,,8.0,,6.0,,6.0,,10.0,,10.0,,1.0,,1.0,,4.0,,4.0,,2.0,,2.0,,5.0,,5.0,,8.0,,8.0,,7.180327400797978,,5.142636243253946,,9.115792393684387,,0.5766486674547195,,3.7297881697304547,,1.6194706805981696,,4.59724463429302,,7.0625,-0.5401139259338379,-0.0032164984149858356,0.03326244361232966,1.612139843404293,8224768,20366,4016,251,-8.493862,0.003940848216006998,0.003939152678503888,-2.0048269033432007,-82.73481,0.020927487616427244,0.0015732284358819016,-1.931043890118599,,,0.95,0.9,both,2.7831142203730805,2.9093346304690377,0.4955277557166653,0.0,-79.72009,2319.9624424734147,-8.493862
51,1784823626.6829245,,8.0,,8.0,,6.0,,6.0,,10.0,,10.0,,1.0,,1.0,,4.0,,4.0,,2.0,,2.0,,5.0,,5.0,,8.0,,8.0,,7.6606862542103045,,5.846983943600208,,9.446296155452728,,0.9257078583759721,,4.082143230363727,,2.0145263088925276,,4.869927331805229,,7.9375,-0.5222144722938538,-0.009309973916970193,0.13609553477726877,1.6200048252940178,8388608,20834,4096,256,-8.957153,0.004079592246853281,0.0019667989618028514,-2.0802545323967934,-80.093605,0.027495122223626822,0.0026359665353083983,-2.008731085062027,,,0.95,0.9,both,2.5500088599507853,3.187225993639821,0.6195198394084303,0.0,-72.95263,2293.5390539061627,-8.957153
52,1784823696.9570422,,8.0,,8.0,,6.0,,6.0,,10.0,,10.0,,1.0,,1.0,,4.0,,4.0,,2.0,,2.0,,5.0,,5.0,,8.0,,8.0,,8.352847795700654,,6.543551494600251,,9.79760078433901,,1.2532655694521964,,4.095051764510572,,2.1643456034362316,,4.969104524352588,,8.1875,-0.7724025249481201,-0.002371692069573328,0.09137389156967402,1.6227145716547966,8552448,21341,4176,261,-7.971917,0.003720905404770747,0.003171195709728636,-2.131515438854694,-76.13643,0.037735512503422795,0.0019002259519766084,-2.0545237556099893,,,0.95,0.9,both,2.7446522179457276,2.513155844836251,0.5826118327437839,0.0,-80.94315,2331.441626992912,-7.971917
53,1784823765.9009233,,8.0,,8.0,,6.0,,6.0,,10.0,,10.0,,1.0,,1.0,,4.0,,4.0,,2.0,,2.0,,5.0,,5.0,,8.0,,8.0,,7.695483431220055,,5.485294906422496,,9.512051268015057,,0.7133870371617377,,3.6938441433012486,,1.7466021375730634,,4.764662214904092,,7.6875,-0.611131489276886,-0.0039484501467086375,0.13413540227338672,1.6221915669739246,8716288,21786,4256,266,-0.477427,0.0035877128299034665,0.004552643741772044,-2.201660004258156,-80.82005,0.03960801486391574,0.00238743974477984,-2.125103805959225,,,0.95,0.9,both,3.0794566048900505,2.7131625746477845,0.7983414954128922,0.0,-79.99563,2376.4254468489335,-0.477427
54,1784823835.980236,,8.0,,8.0,,6.0,,6.0,,10.0,,10.0,,1.0,,1.0,,4.0,,4.0,,2.0,,2.0,,5.0,,5.0,,8.0,,8.0,,8.080398291349411,,6.252674550516531,,9.706803193315864,,1.0984936952590942,,3.9807485854253173,,2.1237682378850877,,4.911979275755584,,8.3125,-0.7086906433105469,-0.0010105663095600903,0.12465944327414036,1.6333932727575302,8880128,22211,4336,271,-14.592844,0.004152420282480307,0.0030334846873302014,-2.279541017115116,-89.38473,0.028005476715043186,0.0027174723203643226,-2.2276602670550347,,,0.95,0.9,both,3.1121328012637126,3.1260427888686086,0.656227459632821,0.0,-72.49011,2337.922349030891,-14.592844
55,1784823906.2269754,,8.0,,8.0,,6.0,,6.0,,10.0,,10.0,,1.0,,1.0,,4.0,,4.0,,2.0,,2.0,,5.0,,5.0,,8.0,,8.0,,8.497828056104481,,6.439795612823218,,9.90827065333724,,1.2619094857946038,,4.228970130439848,,2.1895005768164992,,4.993523271288723,,8.5,-0.7958739995956421,-0.0015062540769577026,0.0837418525479734,1.6326694749295712,9043968,22685,4416,276,-15.370076,0.004275781154865399,0.0032825876129209063,-2.360607071220875,-81.666176,0.027963836106937378,0.0028068249215721154,-2.306304085254669,,,0.95,0.9,both,3.027494597522769,3.130993185048803,0.5101707733083753,0.0,-84.688675,2332.3504816092036,-15.370076
56,1784823975.0636928,,8.0,,8.0,,6.0,,6.0,,10.0,,10.0,,1.0,,1.0,,4.0,,4.0,,2.0,,2.0,,5.0,,5.0,,8.0,,8.0,,7.646168592385948,,5.650105071719736,,9.314299199730158,,0.8700117329135537,,3.8250325061380863,,1.8811606813687831,,4.689545770175755,,7.3125,-0.698228657245636,0.0004824445641133934,0.0821778872050345,1.6273213475942612,9207808,23131,4496,281,-46.30935,0.00660466437402647,0.004542904817208182,-2.4145850956439974,-73.23996,0.026208046759711577,0.002989983891893644,-2.396849478781223,,,0.95,0.9,both,3.2883554158957553,3.1156937507763423,0.7697060882846181,0.0,-81.0427,2380.1249052074327,-46.30935
57,1784824045.565339,,8.0,,8.0,,6.0,,6.0,,10.0,,10.0,,1.0,,1.0,,4.0,,4.0,,2.0,,2.0,,5.0,,5.0,,8.0,,8.0,,7.450385661330074,,5.521628288552165,,9.447532347403467,,0.7109845287632197,,3.669075616518967,,1.6992384815821424,,4.656371260527521,,7.3125,-0.47007837891578674,0.00014779216144233942,0.09882091893814504,1.6448116675019264,9371648,23598,4576,286,-21.587933,0.0047614087918191215,0.003041589005442802,-2.4751619577407835,-74.16823,0.03555315698031336,0.00413744598190533,-2.421755161881447,,,0.95,0.9,both,3.0918140174121675,3.5526373410108874,0.5636995982713078,0.0,-71.47572,2323.9173586375523,-21.587933
58,1784824115.7094567,,8.0,,8.0,,6.0,,6.0,,10.0,,10.0,,1.0,,1.0,,4.0,,4.0,,2.0,,2.0,,5.0,,5.0,,8.0,,8.0,,7.838925723859575,,6.0092828151537105,,9.643872406333685,,0.7659343325067312,,3.947850366937928,,1.9366191043518484,,4.795010262168944,,7.9375,-0.5616815090179443,-0.003995795093942434,0.14114916324615479,1.6435534320771694,9535488,24068,4656,291,-20.91518,0.005576254287734628,0.0016708403505617752,-2.5710772797465324,-66.90324,0.02419263618066907,0.0038900663479580545,-2.4786979049444198,,,0.95,0.9,both,3.1800658554985883,3.3362235374164975,0.8049193149434599,0.0,-83.17586,2335.7624602137184,-20.91518
59,1784824185.9161646,,8.0,,8.0,,6.0,,6.0,,10.0,,10.0,,1.0,,1.0,,4.0,,4.0,,2.0,,2.0,,5.0,,5.0,,8.0,,8.0,,8.199280123226345,,6.111081374809146,,9.736754731740803,,1.111173675628379,,4.03949851449579,,2.1387725598178804,,4.843124789185822,,8.0625,-0.5972859859466553,-0.002715132271987386,0.1671015095198527,1.648863099515438,9699328,24530,4736,296,-14.362025,0.004739607174997218,0.0032043717495980673,-2.634324757754803,-77.10239,0.03014703418593854,0.0038257603446254507,-2.576743294298649,,,0.95,0.9,both,3.291325374513278,3.517410609776698,0.5520894137269069,0.0,-76.84263,2333.6805451589275,-14.362025
60,1784824256.300731,,8.0,,8.0,,6.0,,6.0,,10.0,,10.0,,1.0,,1.0,,4.0,,4.0,,2.0,,2.0,,5.0,,5.0,,8.0,,8.0,,8.768071197438985,,6.590608863858506,,9.989545843563974,,1.2475134830456227,,4.332220716401935,,2.195141116157174,,5.0,,8.4375,-0.9052532315254211,-0.00522361759794876,0.18467843532562256,1.6486315317451954,9863168,24982,4816,301,2.7266994,0.004392319232283626,0.002491095279401634,-2.6992891639471055,-80.70494,0.03160637157270685,0.0037037046320619995,-2.6708507508039476,,,0.95,0.9,both,3.0185340117225463,3.3994178123036725,0.7253854162777975,0.0,-80.44802,2327.7826283220115,2.7266994
61,1784824326.8512855,,8.0,,8.0,,6.0,,6.0,,10.0,,10.0,,1.0,,1.0,,4.0,,4.0,,2.0,,2.0,,5.0,,5.0,,8.0,,8.0,,8.383686820976436,,6.239514719694853,,9.539435060694814,,1.1409973497502506,,4.030657788272947,,2.269247825490311,,4.936511806910858,,8.3125,-0.6979343891143799,-0.007831837516278028,0.14507021359167993,1.6482811458408833,10027008,25360,4896,306,-26.455133,0.004816422997100745,0.002811879500222858,-2.7856677934527396,-78.25148,0.02463661376386881,0.0028995209606364368,-2.7392347887158395,,,0.95,0.9,both,3.278956397971259,3.621216283740533,0.6527811052763869,0.0,-68.49629,2322.3064073966375,-26.455133
62,1784824396.640936,,8.0,,8.0,,6.0,,6.0,,10.0,,10.0,,1.0,,1.0,,4.0,,4.0,,2.0,,2.0,,5.0,,5.0,,8.0,,8.0,,7.971681535243988,,5.354553680866957,,9.395868003019132,,0.7967755738645792,,3.7358417687937617,,1.8470790864666924,,4.849814584478736,,7.5625,-0.3267572820186615,-0.0031358313499367796,0.11777302774135023,1.658439502120018,10190848,25812,4976,311,-34.538494,0.0049483903974760325,0.004853099149477203,-2.901942306756973,-80.34236,0.025592929078266026,0.003359864190861117,-2.79913265556097,,,0.95,0.9,both,3.6324030919871904,3.6166233229564058,0.6245719859469374,0.0,-70.91937,2347.6260203807246,-34.538494
63,1784824466.8132854,,8.0,,8.0,,6.0,,6.0,,10.0,,10.0,,1.0,,1.0,,4.0,,4.0,,2.0,,2.0,,5.0,,5.0,,8.0,,8.0,,7.974333433434367,,5.939335694420151,,9.764948058873415,,0.7662099124863744,,3.980690168682486,,1.936464556492865,,4.882606353145093,,8.3125,-0.785141110420227,-0.014136050129309297,0.07747986470349133,1.6601972915232182,10354688,26228,5056,316,-4.6518197,0.003991243401833345,0.0036616993427742274,-2.951542244851589,-79.6316,0.024349957262165843,0.0019998984498670325,-2.871340398490429,,,0.95,0.9,both,3.503442044702054,3.408752748967257,0.4481322587748554,0.0,-75.35834,2334.8227529687842,-4.6518197
64,1784824536.4520156,,8.0,,8.0,,6.0,,6.0,,10.0,,10.0,,1.0,,1.0,,4.0,,4.0,,2.0,,2.0,,5.0,,5.0,,8.0,,8.0,,7.833180865738541,,5.770124344155192,,9.608478630892932,,0.8961984680499882,,3.8019876061007385,,1.79516107076779,,4.75377370044589,,7.4375,-0.7857038974761963,-0.003735318867256865,0.10606763022951782,1.6596798673272133,10518528,26606,5136,321,-10.375283,0.0036051564864465037,0.0028813240118324757,-3.024053780734539,-81.512596,0.024389272613916546,0.0013213566635386087,-2.953680218756199,,,0.95,0.9,both,4.25093676025561,3.697998982410199,0.5726794005446281,0.0,-79.65559,2352.7137425200467,-10.375283
65,1784824605.3143055,,8.0,,8.0,,6.0,,6.0,,10.0,,10.0,,1.0,,1.0,,4.0,,4.0,,2.0,,2.0,,5.0,,5.0,,8.0,,8.0,,7.535694063873962,,5.806044491473585,,9.797391388565302,,1.0294681014493108,,4.107352379243821,,2.066983863711357,,4.69704888574779,,7.75,-0.5831868648529053,-0.015362809121143073,0.0604322908911854,1.6569847948849201,10682368,26980,5216,326,-19.588541,0.0041634480410721155,0.0034030886650725733,-3.052818179130554,-80.89699,0.019513928249944003,0.00279762215068331,-3.004411283135414,,,0.95,0.9,both,3.3914026020688652,3.558813081112264,0.6963144934338014,0.0,-68.03664,2379.241240878087,-19.588541
66,1784824676.5666587,,8.0,,8.0,,6.0,,6.0,,10.0,,10.0,,1.0,,1.0,,4.0,,4.0,,2.0,,2.0,,5.0,,5.0,,8.0,,8.0,,7.870843450073153,,5.499369155149907,,9.588689604424872,,0.8074827119708061,,3.914904985605972,,1.87096027424559,,4.680832106620073,,7.3125,-0.4867861270904541,0.0003631457220762968,0.04554773209383711,1.6574094966053963,10846208,27363,5296,331,3.5654263,0.0038707538638846017,0.0023643822394660676,-3.108828030526638,-67.751526,0.015189498057588935,0.0015339340490754694,-3.0740920916199683,,,0.95,0.9,both,3.6603699587330842,3.6968864924015405,0.49521325825865015,0.0,-71.71392,2299.432864859381,3.5654263
67,1784824744.5757434,,8.0,,8.0,,6.0,,6.0,,10.0,,10.0,,1.0,,1.0,,4.0,,4.0,,2.0,,2.0,,5.0,,5.0,,8.0,,8.0,,8.33703949674964,,6.4146173456683755,,9.829044489189982,,1.212669508298859,,4.397177105769515,,2.252412961097434,,4.912092303857207,,8.625,-0.5350201725959778,-0.0015521146124228835,0.04192741200677119,1.6630444154143333,11010048,27699,5376,336,-13.244662,0.0038751609783503225,0.0025584698101738467,-3.1541044607758524,-82.01309,0.025012399832485245,0.003431488792557502,-3.1113620147109033,,,0.95,0.9,both,3.7052768948372377,3.544301444604539,0.6222355247948865,0.0,-88.906525,2409.0898723556725,-13.244662
68,1784824813.1290526,,8.0,,8.0,,6.0,,6.0,,10.0,,10.0,,1.0,,1.0,,4.0,,4.0,,2.0,,2.0,,5.0,,5.0,,8.0,,8.0,,8.713438590522856,,6.7312632175162435,,9.939585037529469,,1.2953454018570483,,4.376781123923138,,2.315782372606918,,4.981737622991204,,8.8125,-0.47436293959617615,-0.0009912039386108518,0.05510388780385256,1.662926010787487,11173888,28053,5456,341,-25.703823,0.0038896868150914087,0.0037513421470066533,-3.200171020627022,-63.614155,0.02162518140976317,0.003400519042043015,-3.2001381427049638,,,0.95,0.9,both,3.9490320012465903,3.980313175143908,0.6367424073092334,0.0,-70.83989,2389.96486856439,-25.703823
69,1784824883.081096,,8.0,,8.0,,6.0,,6.0,,10.0,,10.0,,1.0,,1.0,,4.0,,4.0,,2.0,,2.0,,5.0,,5.0,,8.0,,8.0,,7.473247657995671,,5.789951360784471,,9.765630049398169,,0.828404029365629,,3.7484193549025804,,1.7468598359264433,,4.7592368349432945,,7.9375,-0.6593315601348877,-0.0027777035138569772,0.018471010349458084,1.6697032116353512,11337728,28362,5536,346,-7.023997,0.003833427824429236,0.0032935895229456945,-3.2977807849645613,-74.94826,0.01654024560120888,0.0035524670616723596,-3.263921855390072,,,0.95,0.9,both,3.7527752187886207,4.097634019723836,0.36520392976157334,0.0,-44.284016,2342.176553079839,-7.023997
70,1784824952.2923477,,8.0,,8.0,,6.0,,6.0,,10.0,,10.0,,1.0,,1.0,,4.0,,4.0,,2.0,,2.0,,5.0,,5.0,,8.0,,8.0,,7.290280058659846,,5.356267526745796,,9.433435017243028,,0.7508580721914768,,3.755858324468136,,1.7175095935817808,,4.594478107057512,,7.6875,-0.7102025747299194,-0.004600029467837885,0.05760859895963222,1.6706366054713726,11501568,28682,5616,351,6.4581785,0.004170013104157988,0.0030460253314231523,-3.35643480271101,-80.14751,0.021909486834192648,0.003062307654909091,-3.3296730890870094,,,0.95,0.9,both,3.458910841824325,3.4507687949660366,0.5174859212385852,0.0,-89.234055,2367.244655116677,6.4581785
71,1784825021.494139,,8.0,,8.0,,6.0,,6.0,,10.0,,10.0,,1.0,,1.0,,4.0,,4.0,,2.0,,2.0,,5.0,,5.0,,8.0,,8.0,,8.472587080206722,,6.694992741104215,,9.76209381595254,,1.1004879908869043,,4.248483818140812,,2.1794884358532727,,4.954376196488738,,8.75,-0.5606510639190674,-0.0010040960041806102,0.08198950823862106,1.6712712496519089,11665408,29045,5696,356,-13.41815,0.004741878146887757,0.003540169057669118,-3.410550482571125,-75.98893,0.026334213477093728,0.003673901510774158,-3.365803049504757,,,0.95,0.9,both,3.4699583168252532,4.039346595614108,0.5648309381718706,0.0,-58.618298,2367.5687714382943,-13.41815
72,1784825090.3389053,,8.0,,8.0,,6.0,,6.0,,10.0,,10.0,,1.0,,1.0,,4.0,,4.0,,2.0,,2.0,,5.0,,5.0,,8.0,,8.0,,7.891129502502736,,5.917249922640622,,9.501188391586766,,0.8886596295051277,,3.8882862013415433,,1.9708365785190836,,4.8771962580576655,,7.8125,-0.573833167552948,-0.005424823815701529,0.05730572872562334,1.6825239174067974,11829248,29380,5776,361,-29.843113,0.0049960024785832505,0.003530886836233549,-3.4502846166491508,-79.26924,0.023374946601688863,0.0025925249894498846,-3.4328901022672653,,,0.95,0.9,both,3.6783332451874835,3.691338447703065,0.4332013334276208,0.0,-71.92014,2379.846832901658,-29.843113
73,1784825160.160361,,8.0,,8.0,,6.0,,6.0,,10.0,,10.0,,1.0,,1.0,,4.0,,4.0,,2.0,,2.0,,5.0,,5.0,,8.0,,8.0,,7.494638565462083,,5.502913903445005,,9.246095847338438,,0.7378245762083679,,3.774858670309186,,1.7553084347164258,,4.647624901495874,,7.3125,-0.4450405240058899,-0.0019606842542998493,0.07348691415973008,1.678793117403984,11993088,29708,5856,366,-6.9021387,0.004217000357311917,0.003386405725905206,-3.4914176225662232,-83.964714,0.01987402752856724,0.003456540443585254,-3.4562016412615777,,,0.95,0.9,both,4.006832036631357,3.842292961726519,0.4800011505466024,0.0,-47.20803,2346.5566580250866,-6.9021387
74,1784825231.1198478,,8.0,,8.0,,6.0,,6.0,,10.0,,10.0,,1.0,,1.0,,4.0,,4.0,,2.0,,2.0,,5.0,,5.0,,8.0,,8.0,,7.239416886121035,,5.377421155571938,,9.35516926087439,,0.8624923679744825,,3.696074603125453,,1.6843540989793837,,4.602548172697425,,7.125,-0.6379711031913757,-0.00014076451770961285,0.05493062091409229,1.6749605983495712,12156928,30006,5936,371,-10.139856,0.003722526249475777,0.0025877204643620644,-3.5281365737318993,-76.241394,0.022524911793880165,0.0028899048498715273,-3.486625202000141,,,0.95,0.9,both,3.9368690853290773,3.4856241492442486,0.7106405348050202,0.0,-38.42533,2308.9231296332177,-10.139856
75,1784825297.1091022,,8.0,,8.0,,6.0,,6.0,,10.0,,10.0,,1.0,,1.0,,4.0,,4.0,,2.0,,2.0,,5.0,,5.0,,8.0,,8.0,,8.476543471508194,,5.888939204276539,,9.826360599603504,,1.0827157915337011,,3.9856261720415205,,2.0865829116664827,,4.85799011727795,,8.4375,-0.4019356369972229,-0.00025694791111163795,0.08635971660260111,1.677564088255167,12320768,30281,6016,376,-4.687249,0.004050949914380908,0.0048096648752107285,-3.5388001576066017,-77.51478,0.011269357561832293,0.004728270682971924,-3.5444517239928244,,,0.95,0.9,both,4.18074109895044,5.0598197161741165,0.6391678486561305,0.0,-75.87651,2482.8292439003117,-4.687249
76,1784825364.6123,,8.0,,8.0,,6.0,,6.0,,10.0,,10.0,,1.0,,1.0,,4.0,,4.0,,2.0,,2.0,,5.0,,5.0,,8.0,,8.0,,7.885849768295884,,6.066322683589533,,9.821313224732876,,1.030217242660001,,3.9754722469951957,,2.041471585747786,,4.8616633045021445,,7.625,-0.6170554161071777,-0.007919286203105003,0.03973740330548026,1.6732801795005798,12484608,30583,6096,381,-12.611817,0.004210466805670876,0.004635599382891087,-3.5697650626301765,-79.72435,0.020760741404956207,0.005139375972794369,-3.5952000230550767,,,0.95,0.9,both,4.345456563021196,4.579908973858352,0.4256547226989982,0.0,-70.0604,2427.1435388806644,-12.611817
77,1784825431.5790303,,8.0,,8.0,,6.0,,6.0,,10.0,,10.0,,1.0,,1.0,,4.0,,4.0,,2.0,,2.0,,5.0,,5.0,,8.0,,8.0,,8.67608629539609,,6.3984990594908595,,9.922412059269845,,1.291847201064229,,4.3884465345181525,,2.3646762426942587,,4.907415163703263,,8.4375,-0.45115119218826294,-0.0008740517077967525,0.019365612737601623,1.678475245833397,12648448,30870,6176,386,1.230015,0.004000797627668362,0.0038304687375784853,-3.611053428053856,-70.46776,0.015228390990523621,0.003215462458319962,-3.642778480052948,,,0.95,0.9,both,3.929040971258823,3.697446701219384,0.50338999615741,0.0,-63.473145,2446.5879337051865,1.230015
78,1784825498.1088338,,8.0,,8.0,,6.0,,6.0,,10.0,,10.0,,1.0,,1.0,,4.0,,4.0,,2.0,,2.0,,5.0,,5.0,,8.0,,8.0,,7.494587118271738,,5.489451845176518,,9.20703866891563,,0.8776999568799511,,3.6561673486139625,,1.7837161836214364,,4.71792608872056,,7.5,-0.48686683177948,-0.001637290872167796,0.03394820133689791,1.6818887516856194,12812288,31141,6256,391,-8.407024,0.003513644278427819,0.004895788487920072,-3.6779782503843306,-61.285553,0.013959268765756861,0.0027053254314523658,-3.6482661351561547,,,0.95,0.9,both,4.554018335909649,4.590963148910626,0.6291761987626776,0.0,-64.59153,2462.6562877929273,-8.407024
79,1784825565.1724985,,8.0,,8.0,,6.0,,6.0,,10.0,,10.0,,1.0,,1.0,,4.0,,4.0,,2.0,,2.0,,5.0,,5.0,,8.0,,8.0,,7.496046779677272,,5.607959155924618,,9.509641323704273,,0.8250152934342623,,3.7770890375832096,,1.9675963580812095,,4.751672269310802,,7.625,-0.5753344297409058,-0.008165194478351623,0.04622773948358372,1.6812873892486095,12976128,31419,6336,396,-13.030096,0.0037971236612065694,0.0036219978210283443,-3.704098145663738,-75.10095,0.014352306979708374,0.0028245134933968076,-3.699761466681957,,,0.95,0.9,both,4.476362642340988,3.7998140626073225,0.6007958072554374,0.0,-79.27328,2443.051241582308,-13.030096
80,1784825633.8057914,,8.0,,8.0,,6.0,,6.0,,10.0,,10.0,,1.0,,1.0,,4.0,,4.0,,2.0,,2.0,,5.0,,5.0,,8.0,,8.0,,8.35418417584151,,6.336848949547857,,9.823299307143316,,1.0339684514328837,,4.018122022156604,,2.1896341629326344,,4.854687404353172,,8.3125,-0.5056114196777344,-0.00277935853227973,0.024591541645349935,1.687480192631483,13139968,31675,6416,401,-3.8909912,0.0033758193683752326,0.004997843242017552,-3.727154663205147,-81.61435,0.010674250769079663,0.0030622198995843065,-3.7389991492033006,,,0.95,0.9,both,4.3153666561609,4.533586367596936,0.7055355334224138,0.0,-64.07148,2387.179572413186,-3.8909912
81,1784825700.5881343,,8.0,,8.0,,6.0,,6.0,,10.0,,10.0,,1.0,,1.0,,4.0,,4.0,,2.0,,2.0,,5.0,,5.0,,8.0,,8.0,,7.436395875876769,,5.938848078716546,,9.433859268203378,,0.7793865003623068,,3.7054456803016365,,1.7430432523833588,,4.769151609769324,,7.5625,-0.37323495745658875,-0.006154036906082183,0.0187910572567489,1.6978568881750107,13303808,31903,6496,406,-0.011887741,0.0034089185341144913,0.004373200543341227,-3.7208905175328253,-82.181145,0.0059574118189630095,0.0025429688990698195,-3.7421891525387765,,,0.95,0.9,both,4.282959856224683,4.344614452005382,0.3967986379649042,0.0,-78.06037,2453.34356330468,-0.011887741
82,1784825766.5183492,,8.0,,8.0,,6.0,,6.0,,10.0,,10.0,,1.0,,1.0,,4.0,,4.0,,2.0,,2.0,,5.0,,5.0,,8.0,,8.0,,7.874332144623622,,5.853148867900018,,9.584697731770575,,1.0216697049327195,,4.094002761412412,,2.0884288870729506,,4.864762617275119,,8.125,-0.37316736578941345,-0.002299554063938558,0.015330085821915418,1.7028781920671463,13467648,32126,6576,411,-4.9066973,0.003831224657187704,0.0035570992971770466,-3.810453251004219,-73.67647,0.007192088122246787,0.003694034092768561,-3.770319353044033,,,0.95,0.9,both,4.153111217373111,4.625113018456714,0.39312159146536496,0.0,-61.865715,2485.0513834733065,-4.9066973
83,1784825834.0588098,,8.0,,8.0,,6.0,,6.0,,10.0,,10.0,,1.0,,1.0,,4.0,,4.0,,2.0,,2.0,,5.0,,5.0,,8.0,,8.0,,7.83266960689798,,5.936669665621594,,9.6894377656281,,0.9534589677932672,,4.128532509319484,,2.084734803880565,,4.825042857322842,,7.875,-0.31773027777671814,-0.007918990799225867,0.013609529720270075,1.7019373700022697,13631488,32370,6656,416,2.15147,0.003368859786132816,0.0034683659949223513,-3.8627083778381346,-64.94844,0.007855798283708281,0.004512747285480146,-3.8459118738770486,,,0.95,0.9,both,4.128655647868342,5.007200002305775,0.5934470497832056,0.0,-79.35508,2425.8051350603287,2.15147
84,1784825901.256713,,8.0,,8.0,,6.0,,6.0,,10.0,,10.0,,1.0,,1.0,,4.0,,4.0,,2.0,,2.0,,5.0,,5.0,,8.0,,8.0,,7.619631319306791,,5.961500095218071,,9.282336015763576,,0.9166167696239427,,3.915501638315618,,1.755605853162706,,4.82425253582187,,7.6875,-0.30744341015815735,-0.0035764683270826936,0.04866940440842882,1.7022007033228874,13795328,32609,6736,421,-8.285007,0.004225741615664446,0.0036571517230186146,-3.9128220692276954,-77.42519,0.00795131289632991,0.0039472932665375994,-3.886132988333702,,,0.95,0.9,both,4.362623580888668,5.098234996675183,0.6479458116291001,0.0,-86.49162,2438.171380445933,-8.285007
85,1784825966.9398577,,8.0,,8.0,,6.0,,6.0,,10.0,,10.0,,1.0,,1.0,,4.0,,4.0,,2.0,,2.0,,5.0,,5.0,,8.0,,8.0,,7.75899428059347,,5.7028931910172105,,9.588727552909404,,0.8190996713237837,,3.9556879261508584,,1.9507043212652206,,4.841398913413286,,7.6875,-0.49458062648773193,-0.0030928688356652856,0.026442659727763385,1.7051022127270699,13959168,32814,6816,426,-16.732716,0.004022880824049935,0.0063823304779361935,-3.9437870755791664,-68.95821,0.006588509771972895,0.004357780654390808,-3.917355236411095,,,0.95,0.9,both,4.614384320659599,4.643132899598259,0.4141739465067904,0.0,-75.58497,2494.3993748226185,-16.732716
86,1784826031.6774154,,8.0,,8.0,,6.0,,6.0,,10.0,,10.0,,1.0,,1.0,,4.0,,4.0,,2.0,,2.0,,5.0,,5.0,,8.0,,8.0,,8.138208085671067,,6.118921205401421,,9.821232691407204,,1.0858197547495365,,4.2322305997950025,,2.077808419475332,,4.918580534867942,,8.0,-0.393083781003952,-2.9814662411808968e-05,0.010796408780151978,1.711662370711565,14123008,32998,6896,431,5.6704254,0.004134392776177265,0.004257907156716101,-3.975339813530445,-61.065033,0.006008676264900714,0.0021930887145572343,-3.953410620987415,,,0.95,0.9,both,4.556043409447008,3.8257397264355406,0.5464716643499448,0.0,-101.752014,2530.8338218630183,5.6704254
87,1784826099.4076114,,8.0,,8.0,,6.0,,6.0,,10.0,,10.0,,1.0,,1.0,,4.0,,4.0,,2.0,,2.0,,5.0,,5.0,,8.0,,8.0,,8.284152606967837,,6.429607683094218,,9.686404820531607,,1.2200381392613053,,4.087899460457265,,2.078573260223493,,4.8797120954841375,,8.1875,-0.12976232171058655,-0.0001746678026393056,0.15438891225494444,1.7140001468360424,14286848,33244,6976,436,-5.526422,0.004565431301307399,0.003441801943699829,-3.981323179602623,-69.852356,0.012936509048449807,0.003404088805837091,-3.951143407821655,,,0.95,0.9,both,4.3583946069455335,4.142786762242305,0.5043834369576294,0.0,-30.380152,2419.010282032877,-5.526422
88,1784826167.5646975,,8.0,,8.0,,6.0,,6.0,,10.0,,10.0,,1.0,,1.0,,4.0,,4.0,,2.0,,2.0,,5.0,,5.0,,8.0,,8.0,,8.136428458616138,,6.434563902206719,,9.76171231456101,,1.0493188236723654,,4.284869467606768,,2.1152707436704077,,4.903944994090125,,8.1875,-0.6235803961753845,-0.0003021814627572894,0.07482599833747372,1.7099110260605812,14450688,33501,7056,441,-0.16256103,0.004752540752815548,0.0037045253950054756,-4.036295029520988,-85.76202,0.028769944445230067,0.004299879509198945,-4.012374240159988,,,0.95,0.9,both,4.148234090104227,3.942536557867831,0.6402643050345711,0.0,-59.963512,2403.8581583166633,-0.16256103
89,1784826235.866355,,8.0,,8.0,,6.0,,6.0,,10.0,,10.0,,1.0,,1.0,,4.0,,4.0,,2.0,,2.0,,5.0,,5.0,,8.0,,8.0,,7.464572298340499,,5.464267920702696,,9.4087656121701,,0.8227497458574362,,3.793521495303139,,1.659988808678463,,4.687922132201493,,7.5,-0.45733726024627686,-0.0025716559612192214,0.09922249685041606,1.7091680727899075,14614528,33752,7136,446,7.2265053,0.0063295269283116795,0.005943398467206862,-4.049851298332214,-78.63726,0.024556944495998323,0.0046752816553635055,-4.022526019811631,,,0.95,0.9,both,4.382862012888522,4.877297637040657,0.36089991915727304,0.0,-67.25674,2398.7708450348355,7.2265053
90,1784826305.9532678,,8.0,,8.0,,6.0,,6.0,,10.0,,10.0,,1.0,,1.0,,4.0,,4.0,,2.0,,2.0,,5.0,,5.0,,8.0,,8.0,,8.44972857576795,,6.6707708616741,,10.0,,1.2590790810063481,,4.378202949184924,,2.2038856820436195,,4.970463993027806,,8.5,-0.5107117891311646,-0.004473472537938505,0.05836681684013456,1.7134029641747475,14778368,34080,7216,451,-5.038927,0.005010097898775712,0.0036459332492086104,-4.0988802194595335,-76.459496,0.021597459918120877,0.0037094393963343466,-4.040180730819702,,,0.95,0.9,both,4.322302818739958,4.464935864482271,0.4085748039149063,0.0,-74.50679,2337.669127025306,-5.038927
91,1784826374.273584,,8.0,,8.0,,6.0,,6.0,,10.0,,10.0,,1.0,,1.0,,4.0,,4.0,,2.0,,2.0,,5.0,,5.0,,8.0,,8.0,,8.18551268056035,,6.344459648244083,,9.569917534012347,,0.9234562525525689,,3.99947371968301,,2.135304965544492,,4.856934752780944,,8.125,-0.3699084222316742,-0.006617993989493698,0.029993790201842785,1.7288336493074894,14942208,34370,7296,456,-8.334309,0.005176747443329077,0.005830867233453318,-4.076215162873268,-63.848755,0.00885641917702742,0.0027466442610602827,-4.0844922184944155,,,0.95,0.9,both,4.356122355783585,4.816032259009427,0.42574405700910367,0.0,-63.967247,2398.1147419316094,-8.334309
92,1784826440.3406558,,8.0,,8.0,,6.0,,6.0,,10.0,,10.0,,1.0,,1.0,,4.0,,4.0,,2.0,,2.0,,5.0,,5.0,,8.0,,8.0,,7.525242016650736,,5.341693754307926,,9.563665100373328,,0.780628546141088,,3.7118438275065273,,1.7327275765128434,,4.771574771031737,,7.5625,-0.4990413188934326,0.0002937484532594681,0.07128349161939695,1.738642331212759,15106048,34629,7376,461,-3.8140388,0.004568455779372016,0.004809465302241733,-4.078261688351631,-79.52171,0.01494498088140972,0.005499370870529674,-4.090773472189904,,,0.95,0.9,both,4.496035259356669,4.951641443482395,0.37245294881933155,0.0,-62.81728,2479.904030559744,-3.8140388
93,1784826509.9321272,,8.0,,8.0,,6.0,,6.0,,10.0,,10.0,,1.0,,1.0,,4.0,,4.0,,2.0,,2.0,,5.0,,5.0,,8.0,,8.0,,8.113358322530985,,6.22509684949182,,9.587554099969566,,1.127639376791194,,4.073181785883207,,2.1038962942548096,,4.821636820022832,,8.25,-0.48434874415397644,-0.004025169066153467,0.01674346419167705,1.7330109551548958,15269888,34859,7456,466,-1.152115,0.004192909528501332,0.004058109151083044,-4.135004991292954,-64.51334,0.01741263898438774,0.004278080220683478,-4.136739364266395,,,0.95,0.9,both,4.430574779700187,4.017068644797858,0.4030568953617844,0.0,-42.653343,2354.312226993237,-1.152115
94,1784826579.0635192,,8.0,,8.0,,6.0,,6.0,,10.0,,10.0,,1.0,,1.0,,4.0,,4.0,,2.0,,2.0,,5.0,,5.0,,8.0,,8.0,,8.00693730916828,,6.128626252058893,,9.669935483951122,,0.7982030704151839,,4.265773223189171,,2.090538339689374,,4.912226207088679,,8.1875,-0.7222222089767456,-0.003231306851375848,0.13094833225477487,1.7380196936428547,15433728,35057,7536,471,-6.0518465,0.0038888658287760335,0.003679243767692242,-4.179269254207611,-69.86354,0.027396855980623514,0.003057044520392083,-4.158394610881805,,,0.95,0.9,both,4.518832954441981,3.1901258981214236,0.5438836701970682,0.0,-64.28656,2369.9790797264914,-6.0518465
95,1784826647.232162,,8.0,,8.0,,6.0,,6.0,,10.0,,10.0,,1.0,,1.0,,4.0,,4.0,,2.0,,2.0,,5.0,,5.0,,8.0,,8.0,,7.85932063346263,,5.84698152448982,,9.59835810190998,,0.9985986121464521,,3.831596057600109,,1.8032511984929442,,4.778506705537438,,7.8125,-0.629101037979126,-0.0028707903111353517,0.053656024974770844,1.7460403703153133,15597568,35294,7616,476,-8.89984,0.004383361853251699,0.0035426143389486243,-4.2084453970193865,-79.62023,0.020573068104567938,0.003584771417808952,-4.172661274671555,,,0.95,0.9,both,4.266516849437499,3.5408451215682026,0.48888314466665295,0.0,-64.60201,2403.4510428265053,-8.89984
96,1784826713.9892247,,8.0,,8.0,,6.0,,6.0,,10.0,,10.0,,1.0,,1.0,,4.0,,4.0,,2.0,,2.0,,5.0,,5.0,,8.0,,8.0,,8.203447986394167,,6.455907753901556,,9.886034723371267,,1.1854699891991913,,4.144628834081232,,2.094699407927692,,4.943210355006158,,8.375,-0.5004523992538452,-0.0003018533461727202,0.053935011790599674,1.7549652680754662,15761408,35528,7696,481,-8.911367,0.004669951001415029,0.0040323678098502565,-4.211417561769485,-82.307755,0.017613012361107395,0.003798507822648389,-4.199415278434754,,,0.95,0.9,both,4.321848085062874,4.005846678825119,0.4077939421282164,0.0,-62.240257,2454.2724507431853,-8.911367
97,1784826779.0049253,,8.0,,8.0,,6.0,,6.0,,10.0,,10.0,,1.0,,1.0,,4.0,,4.0,,2.0,,2.0,,5.0,,5.0,,8.0,,8.0,,8.098038443364203,,5.847261871211231,,9.562819885089993,,0.9687556643038988,,3.9063029367825948,,1.892581405583769,,4.815432588802651,,7.75,-0.4383752644062042,-0.01242227223701775,0.032435860513942316,1.758714310824871,15925248,35772,7776,486,-22.786541,0.005183515271346551,0.0051977329581859525,-4.233472821116448,-77.81547,0.010029572795610875,0.004234537946467753,-4.2028812825679776,,,0.95,0.9,both,4.663878248569109,4.998882524155428,0.5086988076291884,0.0,-76.91673,2520.006359442172,-22.786541
98,1784826844.304924,,8.0,,8.0,,6.0,,6.0,,10.0,,10.0,,1.0,,1.0,,4.0,,4.0,,2.0,,2.0,,5.0,,5.0,,8.0,,8.0,,8.00319536915049,,5.840854728361592,,9.571893021464348,,0.9352182172005996,,4.069718088954687,,1.9618432612041943,,4.824593648780137,,7.8125,-0.48667964339256287,-0.0015668346313759685,0.03214098297758028,1.7646432258188725,16089088,36031,7856,491,7.158438,0.005350138666108251,0.005218024986970704,-4.238729122281074,-58.203316,0.01292930471827276,0.0030655596317956226,-4.218749290704727,,,0.95,0.9,both,4.435604256919352,4.616998205408963,0.4558411322373915,0.0,-89.92642,2509.0352865262153,7.158438
99,1784826912.0086865,,8.0,,8.0,,6.0,,6.0,,10.0,,10.0,,1.0,,1.0,,4.0,,4.0,,2.0,,2.0,,5.0,,5.0,,8.0,,8.0,,7.9510641226079315,,6.065695037599653,,9.697426135186106,,1.0393632846535183,,4.013253234210424,,1.9665500605478883,,4.926649666012963,,8.125,-0.7773104906082153,0.00019664355204440653,0.12486474390607327,1.7716568298637867,16252928,36273,7936,496,-4.07848,0.0057708164327777926,0.004421085451031104,-4.269186878204346,-68.07287,0.028780668327817692,0.0033373251666489524,-4.248050114512443,,,0.95,0.9,both,4.250365939908147,3.6719027604074577,0.4383269096232061,0.0,-72.296555,2419.954090392645,-4.07848
100,1784826980.5738893,,8.0,,8.0,,6.0,,6.0,,10.0,,10.0,,1.0,,1.0,,4.0,,4.0,,2.0,,2.0,,5.0,,5.0,,8.0,,8.0,,7.920486092101783,,5.868259102571756,,9.514768573804758,,0.9560896386392415,,4.000648100860417,,1.9529334921389818,,4.850387268699706,,7.875,-1.1117908954620361,-0.005305240978486836,0.15794657007791102,1.7748610712587833,16416768,36537,8016,501,-16.743715,0.005265011510346085,0.003153652655601036,-4.239667516946793,-74.13008,0.033080190024338665,0.006500398390926421,-4.260746461153031,,,0.95,0.9,both,4.22315582094357,4.612780809233337,1.0200651531015361,0.0,-44.08437,2389.5503441162864,-16.743715
101,1784827048.2169251,,8.0,,8.0,,6.0,,6.0,,10.0,,10.0,,1.0,,1.0,,4.0,,4.0,,2.0,,2.0,,5.0,,5.0,,8.0,,8.0,,8.236863527446985,,6.333933286368847,,9.866304910174222,,1.346420170739293,,4.124443835229613,,2.0451502389041707,,4.935082536190748,,8.375,-0.40169328451156616,-0.0012559077586047351,0.0978496620664373,1.7707945629954338,16580608,36838,8096,506,-13.909762,0.006450070306891575,0.004734970218851231,-4.261335366964341,-57.863087,0.02316554193967022,0.004237353707139846,-4.244820329546928,,,0.95,0.9,both,4.646222461350945,4.5107365732382965,0.35830173361322704,0.0,-74.6494,2422.12663845749,-13.909762
102,1784827117.3668432,,8.0,,8.0,,6.0,,6.0,,10.0,,10.0,,1.0,,1.0,,4.0,,4.0,,2.0,,2.0,,5.0,,5.0,,8.0,,8.0,,8.212714035995305,,6.073598442599177,,9.80203508300474,,1.045841948245652,,4.115687743527815,,2.0433248495100997,,4.90881736879237,,8.3125,-0.8148331046104431,-0.002133333240635693,0.15944711409974843,1.7677484266459942,16744448,37099,8176,511,7.5128098,0.009490424934483599,0.003443113705725409,-4.219900369644165,-87.14424,0.03716429849155247,0.0045062849210808055,-4.211609873175621,,,0.95,0.9,both,3.6089723570341787,3.4367141123856455,0.5043000799257833,0.0,-87.72875,2369.344837266811,7.5128098
103,1784827187.7827966,,8.0,,8.0,,6.0,,6.0,,10.0,,10.0,,1.0,,1.0,,4.0,,4.0,,2.0,,2.0,,5.0,,5.0,,8.0,,8.0,,8.427985597401857,,5.899209960938606,,9.653084145626053,,1.3566832640208304,,4.118046431802213,,2.172388588252943,,4.912718692794442,,8.3125,-0.5211875438690186,9.05041815713048e-06,0.16584273288026452,1.7656046710908413,16908288,37359,8256,516,-10.394877,0.005266721401130781,0.005891473863448482,-4.206085193157196,-80.27054,0.02747902213013731,0.0033634744570008477,-4.196766191720963,,,0.95,0.9,both,4.615580590304161,4.35617914670344,0.4114792743074629,0.0,-63.00425,2326.745466655459,-10.394877
104,1784827258.9848073,,8.0,,8.0,,6.0,,6.0,,10.0,,10.0,,1.0,,1.0,,4.0,,4.0,,2.0,,2.0,,5.0,,5.0,,8.0,,8.0,,7.317526592873037,,5.4986019637435675,,9.374384677736089,,0.7660251413471997,,3.683988101198338,,1.6922975400229916,,4.653345772065222,,7.75,-0.5109252333641052,-0.0019355452386662364,0.04009832697920501,1.7648704014718533,17072128,37626,8336,521,9.336454,0.005361075834662188,0.004285390498262131,-4.212114796042442,-94.92427,0.02170792433898896,0.004065914585225983,-4.192242777347564,,,0.95,0.9,both,4.267240685629986,4.429235490504188,0.5813381353100742,0.0,-62.10019,2301.0586133194734,9.336454
105,1784827327.9136496,,8.0,,8.0,,6.0,,6.0,,10.0,,10.0,,1.0,,1.0,,4.0,,4.0,,2.0,,2.0,,5.0,,5.0,,8.0,,8.0,,8.3471858818084,,6.191883310908452,,9.73305980116129,,1.2649946077726781,,4.189952328801155,,2.0401952902320772,,4.827591648790985,,8.125,-0.47834309935569763,0.0002169169019907713,0.06600584788247943,1.7625021934509277,17235968,37879,8416,526,7.9310675,0.004973552916635526,0.005426703685952816,-4.27074793279171,-72.87418,0.024195281136780978,0.004326129857508932,-4.200909811258316,,,0.95,0.9,both,4.326340155881759,3.4053185884574284,0.3601983209699009,0.0,-86.59784,2376.9451533847005,7.9310675
106,1784827394.2843966,,8.0,,8.0,,6.0,,6.0,,10.0,,10.0,,1.0,,1.0,,4.0,,4.0,,2.0,,2.0,,5.0,,5.0,,8.0,,8.0,,7.698893707245588,,5.974024784110952,,9.596955540124327,,0.876899782801047,,3.8432414421404246,,2.1439967239275575,,4.780910170869902,,7.9375,-0.5795299410820007,-0.008688094560056925,0.03478884435025975,1.7643008418381214,17399808,38149,8496,531,-6.8588552,0.0056755839730612935,0.0057875703139870895,-4.302983435988426,-83.00838,0.013702485163230449,0.004076325008645654,-4.229875272512436,,,0.95,0.9,both,4.999767175674588,5.771085156843225,0.6123095527403826,0.0,-50.1185,2468.5561810121562,-6.8588552
107,1784827459.0525353,,8.0,,8.0,,6.0,,6.0,,10.0,,10.0,,1.0,,1.0,,4.0,,4.0,,2.0,,2.0,,5.0,,5.0,,8.0,,8.0,,8.739477457478642,,6.234511910151923,,9.850855890665116,,1.107061903225258,,3.946808936074376,,2.144154818204697,,4.902639974374324,,8.4375,-0.8345659971237183,0.00012883928138762712,0.1029746854910627,1.7651959210634232,17563648,38381,8576,536,-26.359152,0.004812314816081198,0.005614274891559035,-4.347470811009407,-73.40216,0.02582595217390917,0.003115722944494337,-4.274162271618843,,,0.95,0.9,both,4.426663250692706,3.5879762485366613,0.40999130140667017,0.0,-74.5127,2529.638831152598,-26.359152
108,1784827523.3636408,,8.0,,8.0,,6.0,,6.0,,10.0,,10.0,,1.0,,1.0,,4.0,,4.0,,2.0,,2.0,,5.0,,5.0,,8.0,,8.0,,8.007594011723995,,6.203157472424209,,9.639632168691605,,1.0719093573279679,,4.066921001649462,,2.0865101397503167,,4.930713617242873,,8.0625,-0.7707162499427795,-0.010631513257976621,0.15781795349903405,1.7693692445755005,17727488,38637,8656,541,-10.073733,0.0054374431347241625,0.004320161460782401,-4.323506388068199,-78.98716,0.025455473084002735,0.004160704026799067,-4.289853402972222,,,0.95,0.9,both,4.113667599770184,4.5599607325397375,0.5295731564527187,0.0,-81.69493,2547.6159937921507,-10.073733
109,1784827588.5891218,,8.0,,8.0,,6.0,,6.0,,10.0,,10.0,,1.0,,1.0,,4.0,,4.0,,2.0,,2.0,,5.0,,5.0,,8.0,,8.0,,7.8644105941057205,,5.731023687403649,,9.54428754420951,,0.8725906629115343,,3.8880156863015145,,2.055444060009904,,4.718327009119093,,8.0625,-0.8560251593589783,-0.00574352330295369,0.10101948759984225,1.7705391496419907,17891328,38879,8736,546,8.2035885,0.005659581795043778,0.005024712092563277,-4.3248589605093,-71.34604,0.027549401426222177,0.006130824434512761,-4.2819470942020414,,,0.95,0.9,both,4.171937431214611,3.72961934409928,0.6055139613238492,0.0,-89.127365,2511.9018903866045,8.2035885
110,1784827655.4651682,,8.0,,8.0,,6.0,,6.0,,10.0,,10.0,,1.0,,1.0,,4.0,,4.0,,2.0,,2.0,,5.0,,5.0,,8.0,,8.0,,8.228200669575017,,6.263282432220876,,9.628201005980372,,1.0575513130170293,,4.216321891639382,,1.923431640083436,,4.793762844754383,,8.1875,-0.796698272228241,-0.0009036504634423181,0.10039689182303846,1.7717631086707115,18055168,39129,8816,551,9.508163,0.007258570080739446,0.00564207304159936,-4.340855675935745,-78.79741,0.017672910244436936,0.004446017793088686,-4.267164972424507,,,0.95,0.9,both,4.8194111076788655,4.6823128400351965,0.6487591932646746,0.0,-41.853363,2449.9054405620905,9.508163
111,1784827721.585572,,8.0,,8.0,,6.0,,6.0,,10.0,,10.0,,1.0,,1.0,,4.0,,4.0,,2.0,,2.0,,5.0,,5.0,,8.0,,8.0,,7.998703844146803,,5.664027103222907,,9.615496829152107,,0.8432786257471889,,3.9646380129270256,,1.9906983172986656,,4.853249430656433,,7.625,-0.8759692907333374,-0.00461066554998979,0.08219041663687676,1.7803206220269203,18219008,39381,8896,556,-3.8441715,0.005102666418679291,0.004499621447030222,-4.389247086644173,-65.90529,0.023572788055753337,0.004834394162753597,-4.3161316305398945,,,0.95,0.9,both,4.648306738179601,4.136959211096071,0.5464447164192181,0.0,-50.281174,2477.903813347548,-3.8441715
112,1784827787.0094078,,8.0,,8.0,,6.0,,6.0,,10.0,,10.0,,1.0,,1.0,,4.0,,4.0,,2.0,,2.0,,5.0,,5.0,,8.0,,8.0,,8.080674001306761,,6.016335400287062,,9.608920382335782,,1.0825257643591613,,3.922732803504914,,2.1002501300536096,,4.820915203308687,,8.125,-0.5323342084884644,-0.001462044136133045,0.07036871579475701,1.7805322222411633,18382848,39595,8976,561,0.59449804,0.004627199403330451,0.00480185334381531,-4.389639595150948,-57.933605,0.007665534163243138,0.003643560589989647,-4.295660910010338,,,0.95,0.9,both,4.747826650711049,4.95345578060001,0.5479407300796655,0.0,-80.75436,2504.2860967746437,0.59449804
113,1784827851.2356899,,8.0,,8.0,,6.0,,6.0,,10.0,,10.0,,1.0,,1.0,,4.0,,4.0,,2.0,,2.0,,5.0,,5.0,,8.0,,8.0,,7.604147353209555,,5.70707132620737,,9.740266664652154,,1.0577239620615728,,3.9457944228779525,,1.913510910468176,,4.701589963398874,,8.125,-1.0345436334609985,-0.0005449574091471732,0.15256127202883363,1.769911777228117,18546688,39831,9056,566,-3.427585,0.005251250039873412,0.005217932627419941,-4.377867063879966,-85.04506,0.025550682249013336,0.004633704874140676,-4.313784900307655,,,0.95,0.9,both,4.549679341856963,3.829148848838628,0.6646650194662875,0.0,-68.42365,2550.9810237297943,-3.427585
114,1784827916.2425056,,8.0,,8.0,,6.0,,6.0,,10.0,,10.0,,1.0,,1.0,,4.0,,4.0,,2.0,,2.0,,5.0,,5.0,,8.0,,8.0,,7.432944622269133,,5.1290431041270494,,9.161692643538117,,0.5915670695248991,,3.5851993958931416,,1.5735979359596968,,4.590902620926499,,7.1875,-0.6877608299255371,3.729970194399357e-05,0.06714755366556346,1.7688721753656864,18710528,40069,9136,571,8.261985,0.004400856465508696,0.004592365448479541,-4.394705519080162,-71.32036,0.010197662902646698,0.0021226396318525078,-4.341471654176712,,,0.95,0.9,both,4.543440360532739,4.787255608721631,0.608215193000347,0.0,-69.925186,2520.3507221596974,8.261985
115,1784827982.5899112,,8.0,,8.0,,6.0,,6.0,,10.0,,10.0,,1.0,,1.0,,4.0,,4.0,,2.0,,2.0,,5.0,,5.0,,8.0,,8.0,,7.809466113802046,,6.002002495457418,,9.51370951347053,,0.9317919458262622,,3.8431742452885373,,2.07420789389289,,4.818590693175793,,8.125,-0.877269446849823,-0.0031965532689355314,0.11592299921903759,1.7704670429229736,18874368,40321,9216,576,-6.213873,0.005060995498206466,0.004585599226993508,-4.387768232822419,-54.420673,0.02135771350003779,0.0038626697729341685,-4.363575872778893,,,0.95,0.9,both,4.4257417999930215,3.713789444636782,0.6654955613861668,0.0,-76.704216,2469.4258212644763,-6.213873
116,1784828050.9923744,,8.0,,8.0,,6.0,,6.0,,10.0,,10.0,,1.0,,1.0,,4.0,,4.0,,2.0,,2.0,,5.0,,5.0,,8.0,,8.0,,8.166120038367808,,6.652855812571943,,9.854884292930365,,1.1502016382291913,,4.262409800372552,,2.1089356462471187,,4.9292117189615965,,8.5625,-1.140298843383789,-0.0025369484210386872,0.25795718375593424,1.769970454275608,19038208,40585,9296,581,0.7002822,0.004278188579337439,0.003032377184717916,-4.408527663350105,-79.70959,0.04769245347706601,0.006096459677792154,-4.377768513560295,,,0.95,0.9,both,4.339066435485217,3.8262592314533252,0.5994257026228981,0.0,-48.314873,2395.2354760445733,0.7002822
117,1784828119.9688234,,8.0,,8.0,,6.0,,6.0,,10.0,,10.0,,1.0,,1.0,,4.0,,4.0,,2.0,,2.0,,5.0,,5.0,,8.0,,8.0,,7.967651329934597,,6.1871300376951694,,9.803514383733273,,1.280722615774721,,4.120399170322344,,2.158340278081596,,4.84512433828786,,8.5625,-0.6640241146087646,-0.0021542219910770655,0.08514582109637558,1.7714363262057304,19202048,40823,9376,586,0.33515587,0.004287397588632303,0.0059197310314630155,-4.4110026329755785,-90.535324,0.026067162625258787,0.00470517931971699,-4.370670780539513,,,0.95,0.9,both,4.900389092478528,3.8851495748008973,0.4692669494721835,0.0,-74.35188,2375.303769527794,0.33515587
118,1784828188.2908885,,8.0,,8.0,,6.0,,6.0,,10.0,,10.0,,1.0,,1.0,,4.0,,4.0,,2.0,,2.0,,5.0,,5.0,,8.0,,8.0,,7.568445477169007,,5.5890492184553295,,9.453160093864426,,0.6814156882464886,,3.646613010438159,,1.7152305730778608,,4.75938586704433,,7.5625,-0.7085292339324951,0.0002309417468495667,0.11634875542949885,1.7689339071512222,19365888,41064,9456,591,9.09922,0.00424669155763695,0.0031608359087840652,-4.456461554765701,-68.63423,0.02073956074891612,0.004850145915406756,-4.41772812306881,,,0.95,0.9,both,4.455777349461565,3.9730923219615093,0.4844656207286129,0.0,-67.06036,2398.053870797634,9.09922
119,1784828255.2887232,,8.0,,8.0,,6.0,,6.0,,10.0,,10.0,,1.0,,1.0,,4.0,,4.0,,2.0,,2.0,,5.0,,5.0,,8.0,,8.0,,8.343059765174985,,6.33287925645709,,9.826313244411722,,1.1887289406731725,,4.288840834982693,,2.2030974850058556,,4.926503022201359,,8.0,-0.9927026033401489,-0.0030594049603678286,0.29153519100509584,1.7614960595965385,19529728,41303,9536,596,1.5107961,0.004219794512027875,0.0068378738171304574,-4.466460421681404,-72.25719,0.046441843779757616,0.004991688326117583,-4.3922879785299305,,,0.95,0.9,both,5.019913512508833,3.785794508409397,0.7516002028494481,0.0,-50.292236,2445.4518741192765,1.5107961
120,1784828321.7821205,,8.0,,8.0,,6.0,,6.0,,10.0,,10.0,,1.0,,1.0,,4.0,,4.0,,2.0,,2.0,,5.0,,5.0,,8.0,,8.0,,8.136873967945576,,5.839798452099785,,9.74241677671671,,0.94951740372926,,3.8841409985907376,,1.9908089614473283,,4.8451349548995495,,8.0625,-0.6150189638137817,-0.002916624362114817,0.06297854380682111,1.7613223046064377,19693568,41523,9616,601,8.741495,0.0038626490597380323,0.003735847270581871,-4.442466443777084,-58.77172,0.014939959428738802,0.0028282346087507904,-4.401436313986778,,,0.95,0.9,both,4.409005360409628,3.5713936337431447,0.7414549704255456,0.0,-68.16581,2464.00405331216,8.741495
121,1784828389.2408361,,8.0,,8.0,,6.0,,6.0,,10.0,,10.0,,1.0,,1.0,,4.0,,4.0,,2.0,,2.0,,5.0,,5.0,,8.0,,8.0,,8.42700434057042,,6.358167708618566,,9.912320317933336,,1.220805467106402,,4.221289788722061,,2.1325302557088435,,4.899474513833411,,8.3125,-0.7659223079681396,-0.003626602760050446,0.09627689444459975,1.761122789233923,19857408,41731,9696,606,8.391478,0.0036894217228109483,0.003994218945445027,-4.463715243339538,-62.14144,0.016177507568500005,0.002345827509998344,-4.41405571103096,,,0.95,0.9,both,4.609214153165564,3.763169270982761,0.6726192135724574,0.0,-47.977318,2428.7448158862317,8.391478
122,1784828458.9537685,,8.0,,8.0,,6.0,,6.0,,10.0,,10.0,,1.0,,1.0,,4.0,,4.0,,2.0,,2.0,,5.0,,5.0,,8.0,,8.0,,8.057218391331844,,5.599817832931876,,9.621452286839485,,0.7513501006178558,,3.853289279039018,,1.8049285484012216,,4.776959921233356,,7.625,-0.4923914074897766,-0.011251130432356149,0.04695456783520058,1.7652421668171883,20021248,41960,9776,611,1.2906891,0.004935882295831107,0.005082142501487396,-4.498309090733528,-85.71692,0.014615284150931985,0.002144748349383008,-4.447877457737922,,,0.95,0.9,both,4.707853561115012,4.617489092958695,0.3994791292041111,0.0,-34.9654,2350.209459384993,1.2906891
123,1784828526.352066,,8.0,,8.0,,6.0,,6.0,,10.0,,10.0,,1.0,,1.0,,4.0,,4.0,,2.0,,2.0,,5.0,,5.0,,8.0,,8.0,,8.200533438357525,,6.090506170410663,,9.76793441735208,,1.1417306866496801,,3.9612945122644305,,2.0461024827091023,,4.870549732935615,,8.125,-0.4769258499145508,-0.014886143850162625,0.04942152358125895,1.7705040387809277,20185088,42165,9856,616,-12.55081,0.003995573679276276,0.0038670325207931454,-4.550909775495529,-65.66372,0.01367634120688308,0.003471494738914771,-4.486199274659157,,,0.95,0.9,both,5.1252728515327615,4.083029791548159,0.4223812194509491,0.0,-48.060913,2430.921969329452,-12.55081
124,1784828594.3352184,,8.0,,8.0,,6.0,,6.0,,10.0,,10.0,,1.0,,1.0,,4.0,,4.0,,2.0,,2.0,,5.0,,5.0,,8.0,,8.0,,7.941803453257307,,5.8974745366722345,,9.794462839141488,,0.9118180968798697,,4.158779209014028,,2.073528239503503,,4.882622407400049,,7.8125,-0.9641925692558289,0.00019699055701494217,0.19324514199979603,1.771392561495304,20348928,42379,9936,621,-1.7408764,0.0031060660570801702,0.00501285791688133,-4.566969558596611,-68.01297,0.03537588324979879,0.006232426836504601,-4.488029497861862,,,0.95,0.9,both,5.05765893302641,3.6603866266968694,0.6235937431873799,0.0,-75.77806,2410.0088566984023,-1.7408764
125,1784828662.1397295,,8.0,,8.0,,6.0,,6.0,,10.0,,10.0,,1.0,,1.0,,4.0,,4.0,,2.0,,2.0,,5.0,,5.0,,8.0,,8.0,,8.43407553434372,,6.208905211009551,,9.751924806274474,,1.3570945563260466,,4.240593747235835,,2.107165899127722,,4.968631985364482,,8.375,-0.814684271812439,-7.350492523983121e-05,0.12101787060964853,1.7729766070842743,20512768,42623,10016,626,-0.28157148,0.003291371410159627,0.0050350699399132285,-4.590594363212586,-73.91466,0.03055751224164851,0.0041218599595595155,-4.452824944257737,,,0.95,0.9,both,4.9110282641877925,4.056034534787275,0.5811604357331586,0.0,-42.152832,2416.358906043086,-0.28157148
126,1784828729.8680067,,8.0,,8.0,,6.0,,6.0,,10.0,,10.0,,1.0,,1.0,,4.0,,4.0,,2.0,,2.0,,5.0,,5.0,,8.0,,8.0,,8.123419316951185,,6.266386790666729,,9.868402993306518,,1.155498391133733,,3.9819140957843047,,2.0762991700321436,,4.898040532134473,,8.25,-0.8096107244491577,0.0002648172667250037,0.14058066334109753,1.771489705890417,20676608,42836,10096,631,-12.186425,0.0034817889012629167,0.004531486293126363,-4.620605337619781,-79.89068,0.01849639497231692,0.0044968833477469165,-4.502761405706406,,,0.95,0.9,both,5.171732618534512,4.076261856959652,0.4732684567956325,0.0,-34.159523,2419.0777458359235,-12.186425
127,1784828796.7334359,,8.0,,8.0,,6.0,,6.0,,10.0,,10.0,,1.0,,1.0,,4.0,,4.0,,2.0,,2.0,,5.0,,5.0,,8.0,,8.0,,8.211642440175638,,6.553840909851715,,9.828369077295065,,0.9081866394262761,,4.157337654614821,,2.1288480097427964,,4.867667168611661,,8.3125,-0.7299189567565918,-0.004621944681275636,0.29913847940042615,1.7717874012887478,20840448,43070,10176,636,-0.68758357,0.0038085578504251315,0.004876950544712599,-4.622873136401177,-77.57821,0.031985112611437216,0.004039695889514405,-4.511301362514496,,,0.95,0.9,both,5.083289705323085,4.019020728878983,0.4414979515144547,0.0,-64.31477,2450.2946085400295,-0.68758357
128,1784828862.9318805,,8.0,,8.0,,6.0,,6.0,,10.0,,10.0,,1.0,,1.0,,4.0,,4.0,,2.0,,2.0,,5.0,,5.0,,8.0,,8.0,,7.377564551308751,,5.4342370219528675,,9.448808318004012,,0.9041329684550874,,3.9613694220315665,,1.8631715257652104,,4.74258700106293,,7.75,-0.7074171900749207,-0.0028592017479240894,0.1571501026628539,1.7787957340478897,21004288,43307,10256,641,2.411042,0.003804382738599088,0.0038472485954116563,-4.632390475273132,-69.65976,0.030581279622856526,0.004302804413600825,-4.518334782123565,,,0.95,0.9,both,4.783814461105214,4.880984794978545,0.665914310917769,0.0,-64.62329,2474.9825874419475,2.411042
129,1784828928.618693,,8.0,,8.0,,6.0,,6.0,,10.0,,10.0,,1.0,,1.0,,4.0,,4.0,,2.0,,2.0,,5.0,,5.0,,8.0,,8.0,,8.451681214384735,,6.131593785248697,,9.733657645061612,,1.0972150708548725,,3.921324792318046,,2.0919958639424294,,4.922058931784704,,8.3125,-0.9349609613418579,-0.011521261185407639,0.3105229292996228,1.7664499878883362,21168128,43526,10336,646,2.0371459,0.003547476861422183,0.0037388951939647088,-4.636618617177009,-85.04185,0.03473180774599314,0.005294528535887366,-4.544234356284141,,,0.95,0.9,both,4.793425478660619,3.7625949365142572,0.5511553395882041,0.0,-40.66735,2494.260148002509,2.0371459
130,1784828995.1125066,,8.0,,8.0,,6.0,,6.0,,10.0,,10.0,,1.0,,1.0,,4.0,,4.0,,2.0,,2.0,,5.0,,5.0,,8.0,,8.0,,8.098398375557736,,6.161439429502934,,9.627922930754721,,1.2278930116444826,,4.188721624203026,,2.145690329372883,,4.91760999977123,,8.5625,-0.58888840675354,-0.003519622958265245,0.3677698918618262,1.7691433615982533,21331968,43755,10416,651,5.847451,0.004327193563949549,0.005276583154773107,-4.682773718237877,-78.48754,0.021413769910577685,0.0038996141258394344,-4.569482353329659,,,0.95,0.9,both,5.60141933486086,5.126469718213368,0.5033481241513524,0.0,-44.916912,2463.9886374393154,5.847451
131,1784829060.417589,,8.0,,8.0,,6.0,,6.0,,10.0,,10.0,,1.0,,1.0,,4.0,,4.0,,2.0,,2.0,,5.0,,5.0,,8.0,,8.0,,7.672515515238047,,6.063750907429494,,9.740488163428381,,0.9074348303256556,,4.010010714409873,,1.976235588081181,,4.797316750511527,,8.0,-0.7489947080612183,-0.0007664642762392759,0.08241364499554038,1.7656634114682674,21495808,43996,10496,656,10.905316,0.004274574496230343,0.0058200592531648,-4.705066084861755,-48.641975,0.03126529743894935,0.004522888617066201,-4.569729998707771,,,0.95,0.9,both,5.192936438599513,4.398472959287065,0.5625153029457488,0.0,-76.43858,2508.8404174706916,10.905316
132,1784829125.5926933,,8.0,,8.0,,6.0,,6.0,,10.0,,10.0,,1.0,,1.0,,4.0,,4.0,,2.0,,2.0,,5.0,,5.0,,8.0,,8.0,,7.388010007794946,,5.347440818324685,,9.508284330368042,,0.7293732326943427,,3.6772994669154286,,1.661548312753439,,4.625089549459517,,7.625,-0.6710540056228638,-0.006021507258992642,0.061612047895323485,1.768260445445776,21659648,44247,10576,661,10.660369,0.004257392959698336,0.004870331153506413,-4.720944499969482,-73.33314,0.018219219939783215,0.0030046985571971162,-4.607555431127548,,,0.95,0.9,both,4.6933347427521035,4.560008900032087,0.7050128078650089,0.0,-65.34972,2513.842812847852,10.660369
133,1784829190.807866,,8.0,,8.0,,6.0,,6.0,,10.0,,10.0,,1.0,,1.0,,4.0,,4.0,,2.0,,2.0,,5.0,,5.0,,8.0,,8.0,,8.506960273953155,,6.6754490948078455,,9.842518305405974,,1.2460970496758819,,4.174732353771105,,2.230238776654005,,4.956907773390412,,8.625,-0.7415552139282227,-5.963078001514077e-05,0.18217703432310373,1.7776943258941174,21823488,44455,10656,666,-2.258004,0.005371809194184607,0.0044519155620946545,-4.735113394260407,-88.54568,0.01980871394625865,0.006238090213446412,-4.626654037833214,,,0.95,0.9,both,4.520457234216158,4.2214650695168086,0.4528709931534053,0.0,-47.28588,2512.298839864624,-2.258004
134,1784829257.6366687,,8.0,,8.0,,6.0,,6.0,,10.0,,10.0,,1.0,,1.0,,4.0,,4.0,,2.0,,2.0,,5.0,,5.0,,8.0,,8.0,,7.606816099956632,,5.8217630632570945,,9.43775836378336,,0.7533131004311144,,3.890122469747439,,1.851440160535276,,4.878690833691508,,7.75,-0.740811824798584,-0.0010795977432280779,0.0922821726417169,1.775515966117382,21987328,44706,10736,671,9.702219,0.004420444686547853,0.005342347759869881,-4.734022071957588,-59.86637,0.01982251660665497,0.0030531040669302457,-4.649167144298554,,,0.95,0.9,both,5.113527795500673,4.3189045262467225,0.4502719376187143,0.0,-76.98909,2451.637529673471,9.702219
135,1784829323.7008018,,8.0,,8.0,,6.0,,6.0,,10.0,,10.0,,1.0,,1.0,,4.0,,4.0,,2.0,,2.0,,5.0,,5.0,,8.0,,8.0,,8.007722938258667,,6.573473498225212,,9.700272449757904,,1.0403481029206887,,4.246844891924411,,2.0331951030530035,,4.873015688965097,,8.3125,-1.4906952381134033,-7.007241947576404e-05,0.5011689141392708,1.7778501398861408,22151168,44956,10816,676,1.1649185,0.005184709389868658,0.006164012073713821,-4.784567904472351,-90.858025,0.06487013043370098,0.004895538160053547,-4.661688232421875,,,0.95,0.9,both,4.735507965317358,4.091014440612918,0.5195051997393327,0.0,-82.69264,2480.014387155686,1.1649185
136,1784829391.1033397,,8.0,,8.0,,6.0,,6.0,,10.0,,10.0,,1.0,,1.0,,4.0,,4.0,,2.0,,2.0,,5.0,,5.0,,8.0,,8.0,,7.95268750237301,,6.045171803794801,,9.746199131011963,,1.1405496434308589,,4.039851666486356,,2.089870418421924,,4.730566613376141,,8.1875,-1.195053219795227,-0.023789098166162148,0.2622665190137923,1.774363711476326,22315008,45230,10896,681,1.3255234,0.004957194207236171,0.005798170795605984,-4.772308987379074,-92.50056,0.04866800298914313,0.003742328306543641,-4.661255526542663,,,0.95,0.9,both,5.38430584890545,4.056904213600986,0.5316683447254078,0.0,-45.003857,2430.7691771633636,1.3255234
137,1784829458.799171,,8.0,,8.0,,6.0,,6.0,,10.0,,10.0,,1.0,,1.0,,4.0,,4.0,,2.0,,2.0,,5.0,,5.0,,8.0,,8.0,,8.561267925426364,,6.50974448164925,,9.930172447115183,,1.199847815441899,,4.3144703563302755,,2.2625967650674284,,4.977058979682624,,8.5,-0.7564339637756348,-0.002695085946470499,0.17738435813225806,1.771382361650467,22478848,45491,10976,686,1.2042109,0.003950972535676556,0.004401778583996929,-4.776136890053749,-79.96196,0.03134831035276875,0.003361895080888644,-4.7077849298715595,,,0.95,0.9,both,5.539035525927471,4.119542878580549,0.5991157593723613,0.0,-33.381653,2420.2374116564583,1.2042109
138,1784829525.1544042,,8.0,,8.0,,6.0,,6.0,,10.0,,10.0,,1.0,,1.0,,4.0,,4.0,,2.0,,2.0,,5.0,,5.0,,8.0,,8.0,,7.782783007714897,,5.923223486170173,,9.484750173985958,,0.8207373456680216,,3.909447123296559,,1.96699970937334,,4.804019015253289,,7.875,-0.4210304319858551,0.00016732641961425543,0.08323380793444812,1.7795720733702183,22642688,45725,11056,691,0.82407534,0.004338444099994376,0.005946663349095616,-4.793476340174675,-38.009686,0.012627069829613901,0.00280532103497535,-4.728168421983719,,,0.95,0.9,both,5.57479594348084,5.083517808734685,0.5085664497835104,0.0,-65.05829,2469.1346996878237,0.82407534
139,1784829590.628816,,8.0,,8.0,,6.0,,6.0,,10.0,,10.0,,1.0,,1.0,,4.0,,4.0,,2.0,,2.0,,5.0,,5.0,,8.0,,8.0,,7.698548809858039,,5.754427899606526,,9.49007511511445,,0.9199648462235928,,3.7490266615059227,,2.0143986963666975,,4.695484162308276,,8.0625,-0.6778364777565002,-0.0005660552415065467,0.2140300627797842,1.778868068009615,22806528,45920,11136,696,-10.482005,0.0038066779779910576,0.0028523299959488215,-4.827778291702271,-53.15882,0.02189749209792353,0.007207329534867313,-4.737601625919342,,,0.95,0.9,both,5.169675908851569,4.199515178058616,0.4367388677301462,0.0,-46.455177,2502.3515714104906,-10.482005
140,1784829656.7517414,,8.0,,8.0,,6.0,,6.0,,10.0,,10.0,,1.0,,1.0,,4.0,,4.0,,2.0,,2.0,,5.0,,5.0,,8.0,,8.0,,7.543254846612399,,5.720098773948848,,9.453871855512261,,0.762022533454001,,3.7377640027552843,,1.928517238004133,,4.738789682509378,,7.375,-0.8791359663009644,-0.0038113854243420064,0.16125379514414817,1.771824475377798,22970368,46125,11216,701,-19.336529,0.003881980528967688,0.004096258745994419,-4.851749113202095,-65.078384,0.025691034621559083,0.004409643902909011,-4.766018736362457,,,0.95,0.9,both,5.452707849380602,3.745190015083805,0.6274285598059859,0.0,-50.756115,2477.8092931075275,-19.336529
141,1784829722.423933,,8.0,,8.0,,6.0,,6.0,,10.0,,10.0,,1.0,,1.0,,4.0,,4.0,,2.0,,2.0,,5.0,,5.0,,8.0,,8.0,,8.449389025568962,,6.289418163825758,,9.696071032434702,,1.1845763218589127,,3.9527035573264584,,2.206512383883819,,4.855504755862057,,8.0,-0.4853776693344116,-0.00446550699416548,0.047426381381228566,1.7711486332118511,23134208,46341,11296,706,-34.35428,0.004373384331120178,0.004904948793409858,-4.850843495130539,-51.934242,0.009673800598829985,0.0031497243286139564,-4.745583629608154,,,0.95,0.9,both,5.867618148406064,4.164416721687236,0.48066495347965266,0.0,-71.75382,2494.815429518235,-34.35428
142,1784829787.5805244,,8.0,,8.0,,6.0,,6.0,,10.0,,10.0,,1.0,,1.0,,4.0,,4.0,,2.0,,2.0,,5.0,,5.0,,8.0,,8.0,,8.39385487139225,,6.448084952309728,,9.917759766802192,,1.1507370620965958,,4.285820930148475,,2.3681887253187597,,4.967252895701677,,8.5625,-1.0751992464065552,-0.004347509937360883,0.22954266192391515,1.7706090547144413,23298048,46555,11376,711,11.092985,0.004121090956323315,0.004566822866036091,-4.895239827036858,-81.83789,0.034200515161501244,0.005031797499395907,-4.794981616735458,,,0.95,0.9,both,5.010552580638556,4.074584796539883,0.501767796549829,0.0,-81.09017,2514.5576009596493,11.092985
143,1784829852.3922007,,8.0,,8.0,,6.0,,6.0,,10.0,,10.0,,1.0,,1.0,,4.0,,4.0,,2.0,,2.0,,5.0,,5.0,,8.0,,8.0,,8.31680727051571,,5.831647051498294,,9.755702114664018,,1.067168312962167,,4.079094155691564,,2.032802400586661,,4.886586428387091,,8.0625,-0.8891432285308838,-0.0005440172972157598,0.19220695970579982,1.774093672633171,23461888,46803,11456,716,-11.578775,0.004207600628433283,0.005621089419582859,-4.911567202210426,-74.29209,0.030222490994492545,0.00458240767911775,-4.798885464668274,,,0.95,0.9,both,5.476552044703713,4.003366823927223,0.4032128291480298,0.0,-87.61903,2527.939538063727,-11.578775
144,1784829920.4576669,,8.0,,8.0,,6.0,,6.0,,10.0,,10.0,,1.0,,1.0,,4.0,,4.0,,2.0,,2.0,,5.0,,5.0,,8.0,,8.0,,7.408846762962639,,5.650375880300999,,9.240303415805101,,0.7028998133027926,,3.8189871814101934,,1.7663775223772973,,4.67538881720975,,7.9375,-0.9272254705429077,-0.005134670180268586,0.2593220705166459,1.790778823196888,23625728,47043,11536,721,-6.318521,0.004987841678666882,0.004197434346133377,-4.931813886761665,-60.612804,0.03473642274038866,0.0054051562823588025,-4.850188273191452,,,0.95,0.9,both,5.3795571314331765,4.329590581845835,0.583117312947251,0.0,-50.09513,2407.094354651592,-6.318521
145,1784829989.8471785,,8.0,,8.0,,6.0,,6.0,,10.0,,10.0,,1.0,,1.0,,4.0,,4.0,,2.0,,2.0,,5.0,,5.0,,8.0,,8.0,,7.91218901128741,,6.093437051284127,,9.5831527300179,,1.0512518209870905,,3.934099628124386,,1.9907062981510535,,4.916366206249222,,8.0625,-0.6910428404808044,7.877632742747664e-05,0.11972571024671197,1.7919794134795666,23789568,47264,11616,726,-9.491154,0.004427699121879414,0.005190980926272459,-4.967080822587013,-59.0956,0.021733156708069145,0.003182622436725069,-4.863022947311402,,,0.95,0.9,both,5.514667164276693,3.939911388311723,0.35786816258169,0.0,-50.8915,2361.1637642775904,-9.491154
146,1784830058.2538886,,8.0,,8.0,,6.0,,6.0,,10.0,,10.0,,1.0,,1.0,,4.0,,4.0,,2.0,,2.0,,5.0,,5.0,,8.0,,8.0,,8.172881737351418,,6.2203319780528545,,9.864982476457953,,1.1779781603254378,,4.085569522576407,,2.1637469169218093,,4.8852632865309715,,8.5,-0.5925483107566833,-0.005265263200271875,0.12221553176641464,1.7973843179643154,23953408,47471,11696,731,-29.596228,0.005445424464414828,0.003351795332855545,-5.022981455922126,-47.71075,0.022384404385229574,0.004469291989516932,-4.86157144010067,,,0.95,0.9,both,5.037063792473894,3.760772577069045,0.4532623783272512,0.0,-56.8372,2395.086676657623,-29.596228
147,1784830127.5653758,,8.0,,8.0,,6.0,,6.0,,10.0,,10.0,,1.0,,1.0,,4.0,,4.0,,2.0,,2.0,,5.0,,5.0,,8.0,,8.0,,7.233681814279407,,5.528662660624832,,9.464678050018847,,0.656200585886836,,3.8732996471226215,,1.9037475155782886,,4.707532523199916,,7.4375,-0.855502724647522,-0.0037514360155910254,0.17714799148961902,1.7974323108792305,24117248,47688,11776,736,-15.525141,0.00488376782159321,0.003278109066741308,-5.03630585372448,-59.291542,0.024734032124979422,0.004493054593331181,-4.874575459957123,,,0.95,0.9,both,5.46321127884495,4.450542340888241,0.8648652578838,0.0,-33.746696,2363.8217132494246,-15.525141
148,1784830192.869194,,8.0,,8.0,,6.0,,6.0,,10.0,,10.0,,1.0,,1.0,,4.0,,4.0,,2.0,,2.0,,5.0,,5.0,,8.0,,8.0,,8.084960786858574,,6.05182047560811,,9.673699365943321,,1.1055292282253504,,4.068108530365862,,1.8565972778014839,,4.886521918931976,,7.375,-0.5591811537742615,-0.015696705493610352,0.14595433720387518,1.7943943962454796,24281088,47898,11856,741,0.73127997,0.004708738616318442,0.005314785073278472,-4.973482486605644,-55.861206,0.018006124554085547,0.005078390984272119,-4.889612394571304,,,0.95,0.9,both,5.195485824434814,4.22580659795795,0.5791029807064478,0.0,-67.13015,2508.8885346778648,0.73127997
149,1784830259.7374356,,8.0,,8.0,,6.0,,6.0,,10.0,,10.0,,1.0,,1.0,,4.0,,4.0,,2.0,,2.0,,5.0,,5.0,,8.0,,8.0,,8.563154810108244,,6.549420000985265,,9.90648186719045,,1.2507713241502643,,4.236113386810757,,2.201070925220847,,4.965977054554969,,8.5,-0.5475472807884216,0.00020815792959183455,0.14864563569426537,1.7956973500549793,24444928,48162,11936,746,10.511851,0.004528605620726012,0.004786051987321116,-4.9807451397180555,-74.745865,0.023750020848819987,0.0043298204487655315,-4.885929104685784,,,0.95,0.9,both,4.9576816727546955,4.094703829189055,0.39901501876085765,0.0,-47.648438,2450.191574806733,10.511851
150,1784830326.585725,,8.0,,8.0,,6.0,,6.0,,10.0,,10.0,,1.0,,1.0,,4.0,,4.0,,2.0,,2.0,,5.0,,5.0,,8.0,,8.0,,7.900473617017269,,5.590455188415945,,9.682623784989119,,0.9215230775153032,,3.8861922188661993,,1.9656752811279148,,4.799884780193679,,7.3125,-0.5411181449890137,-0.002196402696426958,0.053100175282452255,1.7967419512569904,24608768,48417,12016,751,2.3968081,0.005378239035781007,0.0054831491026561706,-5.01409978568554,-55.627686,0.013735312625067308,0.003531012414896395,-4.885345169901848,,,0.95,0.9,both,5.694612416358216,5.75004312107667,0.6027443342003377,0.0,-64.3609,2450.9233735857706,2.3968081
151,1784830392.5497582,,8.0,,8.0,,6.0,,6.0,,10.0,,10.0,,1.0,,1.0,,4.0,,4.0,,2.0,,2.0,,5.0,,5.0,,8.0,,8.0,,7.197494056075811,,5.184455898124725,,9.293281652033329,,0.6509897298528813,,3.6158628636039793,,1.6275496296584606,,4.68898553121835,,7.4375,-0.6481145620346069,0.00016173894982784986,0.08718189946375787,1.8037857972085476,24772608,48664,12096,756,1.8075444,0.005662021090392955,0.004713864498626208,-5.0470876604318615,-66.97212,0.015757178131025285,0.003698651632294059,-4.936420258879662,,,0.95,0.9,both,4.950718781479765,5.280176115400659,0.5460701283561675,0.0,-61.40163,2483.7772013641616,1.8075444
152,1784830460.9120278,,8.0,,8.0,,6.0,,6.0,,10.0,,10.0,,1.0,,1.0,,4.0,,4.0,,2.0,,2.0,,5.0,,5.0,,8.0,,8.0,,8.80958704650402,,6.620283714146353,,9.93549226783216,,1.3531362288631499,,4.370062338653952,,2.2977567799389362,,4.95466167293489,,8.5625,-1.0170783996582031,-0.003825995125225745,0.2410451138857752,1.8192676305770874,24936448,48897,12176,761,-3.61264,0.006488301976060029,0.005829966139572207,-5.077639812231064,-80.990486,0.043497676006518306,0.005877723840239923,-4.990945610404014,,,0.95,0.9,both,4.941603311068887,4.164111070886025,0.5548062988536397,0.0,-66.79002,2396.643749805633,-3.61264
153,1784830528.2816575,,8.0,,8.0,,6.0,,6.0,,10.0,,10.0,,1.0,,1.0,,4.0,,4.0,,2.0,,2.0,,5.0,,5.0,,8.0,,8.0,,7.423143969383091,,5.32223543577129,,9.305574644356966,,0.7782299989485182,,3.6603501699864864,,1.6751436507329345,,4.714895223907661,,7.75,-0.918367326259613,-0.0012215154711157084,0.23025685735046864,1.820485282689333,25100288,49147,12256,766,-10.14067,0.005446300802577753,0.004781727314548334,-5.086043721437454,-84.26701,0.042823237914126365,0.006721037987881573,-5.011042609810829,,,0.95,0.9,both,5.113735095033708,5.4618313765459545,0.5790587541896928,0.0,-66.13023,2431.957391903238,-10.14067
154,1784830596.2841153,,8.0,,8.0,,6.0,,6.0,,10.0,,10.0,,1.0,,1.0,,4.0,,4.0,,2.0,,2.0,,5.0,,5.0,,8.0,,8.0,,7.393864680081606,,5.371776841580868,,9.533984317444265,,0.8179086917079985,,3.809186108643189,,1.6503221578896046,,4.654803166165948,,7.5625,-0.7038393616676331,-0.0007669834885746241,0.03551147767575458,1.8286678902804852,25264128,49389,12336,771,-5.5752883,0.005142391426488757,0.003706695961591322,-5.10223842561245,-69.930214,0.01388674666523002,0.005334019271685975,-5.018205913901329,,,0.95,0.9,both,5.3703432994656195,6.643749425581943,0.3269978773831402,0.0,-63.938007,2409.3235979182195,-5.5752883
155,1784830661.2647722,,8.0,,8.0,,6.0,,6.0,,10.0,,10.0,,1.0,,1.0,,4.0,,4.0,,2.0,,2.0,,5.0,,5.0,,8.0,,8.0,,7.399097351357341,,5.332598650595173,,9.223400411196053,,0.6456089694984257,,3.594190038740635,,1.755614373832941,,4.6144891660660505,,7.1875,-0.6672301292419434,0.0004033974255435169,0.10149393486790359,1.827279906719923,25427968,49641,12416,776,3.3588283,0.005649838573299348,0.004756723854370648,-5.1103755861520765,-57.61413,0.013864153748727404,0.003235840063280193,-5.026143282651901,,,0.95,0.9,both,5.187767660072785,4.7403664594883805,0.5594285587385687,0.0,-80.22441,2521.365734330061,3.3588283
156,1784830728.4950588,,8.0,,8.0,,6.0,,6.0,,10.0,,10.0,,1.0,,1.0,,4.0,,4.0,,2.0,,2.0,,5.0,,5.0,,8.0,,8.0,,8.185852564871311,,5.909036435186863,,9.754104543011636,,1.067317085340619,,4.024419550318271,,1.8464195597916842,,4.827010159264319,,7.75,-0.8962655663490295,-0.0002536847023293376,0.11939746886491776,1.8273593336343765,25591808,49893,12496,781,-29.279236,0.006439919525291771,0.004450658774294425,-5.076293823122978,-78.38402,0.02966539494227618,0.003510284490039339,-5.029611301422119,,,0.95,0.9,both,4.966167248217927,4.261214077591807,0.36917666437292973,0.0,-92.06254,2436.9969567128614,-29.279236
157,1784830796.9723985,,8.0,,8.0,,6.0,,6.0,,10.0,,10.0,,1.0,,1.0,,4.0,,4.0,,2.0,,2.0,,5.0,,5.0,,8.0,,8.0,,8.272303669480607,,6.188499809242785,,9.723255958408117,,1.009466570947552,,4.092248772736639,,2.07240354467649,,4.877113504102454,,8.0,-1.0459165573120117,-0.00036380591336637735,0.10241785657126456,1.8349434323608875,25755648,50179,12576,786,12.553211,0.005735449279018212,0.00444176859309664,-5.079638808965683,-91.28831,0.03414158222731203,0.004716489723068662,-5.036139842867851,,,0.95,0.9,both,5.0650846793223305,4.6045390121166365,0.6217561124336402,0.0,-67.28275,2392.616366860802,12.553211
158,1784830865.217241,,8.0,,8.0,,6.0,,6.0,,10.0,,10.0,,1.0,,1.0,,4.0,,4.0,,2.0,,2.0,,5.0,,5.0,,8.0,,8.0,,8.0277702473104,,6.119979697396047,,9.830960005521774,,1.1421974282711744,,4.092414669226855,,2.1729400858748704,,4.925322393188253,,8.25,-0.6614468097686768,-0.0002093009534291923,0.2056033390108496,1.8348497971892357,25919488,50525,12656,791,0.8138998,0.006386842015490402,0.006050390732707456,-5.092901688814163,-65.975586,0.03304298175498843,0.004162660952715669,-5.051114791631699,,,0.95,0.9,both,4.965808707686987,4.998331920639186,0.34952512008346837,0.0,-74.32512,2400.767362687947,0.8138998
159,1784830928.5549433,,8.0,,8.0,,6.0,,6.0,,10.0,,10.0,,1.0,,1.0,,4.0,,4.0,,2.0,,2.0,,5.0,,5.0,,8.0,,8.0,,8.020273623988032,,5.693844802677631,,9.597937285900116,,1.0078685921616852,,3.9959783158265054,,2.0204728795215487,,4.795589134562761,,7.875,-0.9480551481246948,-0.0005997217958793044,0.11825749604031444,1.8383142687380314,26083328,50823,12736,796,2.8331847,0.004755273344926536,0.004514382064371603,-5.1044664740562435,-67.14252,0.03184606077265926,0.006840168364578858,-5.045692160725594,,,0.95,0.9,both,5.199835432687445,4.813982492045396,0.5716686507108623,0.0,-72.34287,2586.7689033543666,2.8331847
160,1784830994.3750544,,8.0,,8.0,,6.0,,6.0,,10.0,,10.0,,1.0,,1.0,,4.0,,4.0,,2.0,,2.0,,5.0,,5.0,,8.0,,8.0,,7.157486243289895,,5.156833230052143,,9.254766497761011,,0.6736457925289869,,3.645864828489721,,1.5717746559530497,,4.645634038140997,,7.25,-0.33791273832321167,0.0004412048729136586,0.06620929308701307,1.839331902563572,26247168,51081,12816,801,-6.544596,0.005011206459312234,0.0034331942595599687,-5.127890589833259,-55.864464,0.0130560321820667,0.0036079877405427395,-5.04973067343235,,,0.95,0.9,both,5.389070548898839,5.763579895962907,0.6345305703284946,0.0,-67.99849,2489.2088340577584,-6.544596
161,1784831061.511615,,8.0,,8.0,,6.0,,6.0,,10.0,,10.0,,1.0,,1.0,,4.0,,4.0,,2.0,,2.0,,5.0,,5.0,,8.0,,8.0,,7.5297158705070615,,6.130132396472618,,9.727505039423704,,0.8936891597695649,,3.8622155447956175,,1.9488851963542402,,4.727762820082717,,7.6875,-0.5606192350387573,-0.006060085026547313,0.05830306955613196,1.8403634913265705,26411008,51279,12896,806,-8.141872,0.0050210998088005,0.0030727635879884475,-5.084972921013832,-83.77046,0.014112199735245667,0.004250944011437241,-5.047041639685631,,,0.95,0.9,both,5.654287385907546,4.547235326681978,0.46981159010922013,0.0,-59.044544,2440.399520555848,-8.141872
162,1784831127.9962611,,8.0,,8.0,,6.0,,6.0,,10.0,,10.0,,1.0,,1.0,,4.0,,4.0,,2.0,,2.0,,5.0,,5.0,,8.0,,8.0,,8.748248792253435,,6.548180811107159,,9.870053961873055,,1.3808492757380009,,3.9961674250662327,,2.2974827705475036,,4.9370958670042455,,8.4375,-0.6407674551010132,-0.0001548267318867147,0.028403477044776082,1.8363809399306774,26574848,51497,12976,811,11.994184,0.004752812653896399,0.0033822346733359153,-5.080158632993698,-68.94426,0.01109734473284334,0.003513121646392392,-5.06759352684021,,,0.95,0.9,both,4.827062405665113,5.6730831805980975,0.5037916912551459,0.0,-71.98735,2464.3279707285424,11.994184
163,1784831196.3672802,,8.0,,8.0,,6.0,,6.0,,10.0,,10.0,,1.0,,1.0,,4.0,,4.0,,2.0,,2.0,,5.0,,5.0,,8.0,,8.0,,8.197245441609994,,6.179852714762092,,9.935393502935767,,1.246499293250963,,4.3165252562612295,,2.1349798314040527,,4.938383428030647,,8.4375,-0.9083791375160217,-0.001362432012683712,0.2886177790351212,1.8299551457166672,26738688,51740,13056,816,9.483861,0.005564874604169745,0.005197516654152423,-5.112777107954026,-59.20286,0.027802016446366908,0.004092501611739863,-5.057288518548011,,,0.95,0.9,both,5.056452764648567,5.194123235909773,0.39599472490787135,0.0,-87.19953,2396.3370388267053,9.483861
164,1784831267.4706419,,8.0,,8.0,,6.0,,6.0,,10.0,,10.0,,1.0,,1.0,,4.0,,4.0,,2.0,,2.0,,5.0,,5.0,,8.0,,8.0,,8.235183335840702,,6.0943268679548055,,9.744761447887868,,1.188487803330645,,4.017986391671002,,2.1358876273516216,,4.87117584515363,,8.1875,-0.6937747597694397,-0.004549017292447388,0.13595349341630936,1.8295676223933697,26902528,51977,13136,821,10.390123,0.00545311003079405,0.006344922992866486,-5.12308409512043,-64.00757,0.0325007859733887,0.004671584832249209,-5.085352602601051,,,0.95,0.9,both,5.715608881589603,5.2044413919231385,0.4644193231767568,0.0,-39.61421,2304.250986888045,10.390123
165,1784831337.6286101,,8.0,,8.0,,6.0,,6.0,,10.0,,10.0,,1.0,,1.0,,4.0,,4.0,,2.0,,2.0,,5.0,,5.0,,8.0,,8.0,,8.621469481382519,,6.387837444897741,,9.767470432445407,,1.4010917972773314,,4.19909656944219,,2.121861108345911,,4.908353262580931,,8.4375,-0.5632715225219727,-0.0009293807670474052,0.336039159912616,1.828603856265545,27066368,52177,13216,826,-13.28345,0.00542049917858094,0.006031102340602956,-5.12775490283966,-76.78508,0.030052971589611843,0.005056696797691984,-5.0627863019704815,,,0.95,0.9,both,5.565805534511516,4.84470187994039,0.5824548200380111,0.0,-41.477634,2335.301390654029,-13.28345
166,1784831406.2112286,,8.0,,8.0,,6.0,,6.0,,10.0,,10.0,,1.0,,1.0,,4.0,,4.0,,2.0,,2.0,,5.0,,5.0,,8.0,,8.0,,7.710371126886457,,5.707162476144731,,9.575262635014951,,0.7405482362955809,,3.6721354990731925,,1.696987684816122,,4.599380338564515,,7.375,-0.6493312120437622,0.00012317800428718328,0.10135066614020616,1.825271762907505,27230208,52385,13296,831,0.6445157,0.004362877635867335,0.0036831474244536366,-5.1523442953825,-71.831924,0.017118520202348008,0.0029685469911783003,-5.110422700643539,,,0.95,0.9,both,5.545264403502479,4.8120826641840555,0.4719638970916921,0.0,-56.087585,2388.9438045789534,0.6445157
167,1784831474.4683359,,8.0,,8.0,,6.0,,6.0,,10.0,,10.0,,1.0,,1.0,,4.0,,4.0,,2.0,,2.0,,5.0,,5.0,,8.0,,8.0,,7.232055954635143,,5.256401749327779,,9.313266482204199,,0.5531918941996992,,3.6528831627219915,,1.6625350499525666,,4.671166276675649,,7.1875,-0.26629841327667236,-0.003692671103635803,0.1414700250606984,1.8264465853571892,27394048,52588,13376,836,6.6607847,0.005440019730303902,0.004717276130395476,-5.151613998413086,-37.266052,0.007969000533921643,0.004382092544983607,-5.123462122678757,,,0.95,0.9,both,5.600489641394146,5.331167385060338,0.6199548706872899,0.0,-57.859333,2400.3358281846636,6.6607847
168,1784831541.4477532,,8.0,,8.0,,6.0,,6.0,,10.0,,10.0,,1.0,,1.0,,4.0,,4.0,,2.0,,2.0,,5.0,,5.0,,8.0,,8.0,,8.483326248824596,,6.454107168363407,,9.936649208306335,,1.2146758452872746,,4.160187577363104,,2.1827606363222003,,4.96695766877383,,8.25,-0.7560776472091675,-0.00040815124521031976,0.15383976139128208,1.8240330778062344,27557888,52810,13456,841,-12.503157,0.007106684644531925,0.004164483715430834,-5.146866890788078,-54.54209,0.021683501440566032,0.006075835696901777,-5.125695517659187,,,0.95,0.9,both,4.932346299874448,5.814653109677711,0.5149508023789163,0.0,-64.642136,2446.124603667747,-12.503157
169,1784831608.902335,,8.0,,8.0,,6.0,,6.0,,10.0,,10.0,,1.0,,1.0,,4.0,,4.0,,2.0,,2.0,,5.0,,5.0,,8.0,,8.0,,7.922489135817159,,5.475452829618007,,9.385593556566164,,0.834088597795926,,3.7222364912740886,,1.8412579775322229,,4.672260802704841,,7.5625,-1.142551302909851,-0.0064417990506626666,0.23521246982272714,1.8168408013880253,27721728,53068,13536,846,13.0102215,0.0051022817759076135,0.003225880692480132,-5.1874981969594955,-64.878586,0.02478310001315549,0.0039026957165333442,-5.124190992116928,,,0.95,0.9,both,4.8746686235044905,5.800901517445151,0.5187668864891667,0.0,-78.960495,2428.8935669594557,13.0102215
170,1784831675.508624,,8.0,,8.0,,6.0,,6.0,,10.0,,10.0,,1.0,,1.0,,4.0,,4.0,,2.0,,2.0,,5.0,,5.0,,8.0,,8.0,,7.505677211331204,,5.691756643820554,,9.417860554531217,,0.9210597055498511,,3.8129718030104414,,1.6723166164010763,,4.783024319680408,,7.1875,-0.4378370940685272,-0.002641597355250269,0.03345524234464392,1.8197263590991497,27885568,53278,13616,851,4.0231986,0.005422361037199152,0.004598385568533559,-5.15661196410656,-38.76719,0.005652558027941268,0.004886769552831538,-5.120093894004822,,,0.95,0.9,both,5.125433245846091,6.1517752135691905,0.42671657345834635,0.0,-51.878773,2459.8277070987,4.0231986
171,1784831741.4518332,,8.0,,8.0,,6.0,,6.0,,10.0,,10.0,,1.0,,1.0,,4.0,,4.0,,2.0,,2.0,,5.0,,5.0,,8.0,,8.0,,7.584441993152723,,5.604090561158955,,9.66937625175342,,0.9354177101049572,,3.9365893648937345,,1.8365820713806897,,4.751414498314261,,7.5625,-0.5898256301879883,-6.783480057492852e-05,0.03733176365494728,1.8217372260987759,28049408,53508,13696,856,11.5880375,0.00513540011306759,0.004307299057109049,-5.130921992659569,-38.58443,0.005328491699765436,0.003688507758488413,-5.1100963860750195,,,0.95,0.9,both,5.338781006708436,6.065407219218589,0.5313245458451804,0.0,-53.006714,2484.5622168703208,11.5880375
172,1784831808.4062927,,8.0,,8.0,,6.0,,6.0,,10.0,,10.0,,1.0,,1.0,,4.0,,4.0,,2.0,,2.0,,5.0,,5.0,,8.0,,8.0,,8.469723928486928,,6.186136614851421,,9.898564787814394,,1.1694558401432005,,4.246022677747533,,2.039097867847886,,4.907367316074669,,8.3125,-0.47863125801086426,-0.004386293876450509,0.11304358951747417,1.8219292983412743,28213248,53710,13776,861,-11.400139,0.006039859502925538,0.0052480714657576755,-5.145840829610824,-85.912865,0.025975420291069896,0.005132969273836352,-5.100273638963699,,,0.95,0.9,both,5.432859650094897,4.292736578231167,0.4609288837682681,0.0,-45.542774,2447.0364815548824,-11.400139
173,1784831876.0969965,,8.0,,8.0,,6.0,,6.0,,10.0,,10.0,,1.0,,1.0,,4.0,,4.0,,2.0,,2.0,,5.0,,5.0,,8.0,,8.0,,7.792652124073356,,5.718095557298511,,9.618746655527502,,0.8434753796318546,,3.780304520216305,,1.8394065364263952,,4.702685313532129,,7.5625,-0.618809700012207,-0.020023239543661475,0.05820252059493214,1.817655235528946,28377088,53934,13856,866,5.463468,0.004879679265286541,0.004439405188168166,-5.14626977443695,-67.65885,0.013383926855749451,0.003504392805189127,-5.083914276957512,,,0.95,0.9,both,5.135909356854337,4.571907459246967,0.47918175767198834,0.0,-26.200039,2420.4208247248234,5.463468
174,1784831942.3249106,,8.0,,8.0,,6.0,,6.0,,10.0,,10.0,,1.0,,1.0,,4.0,,4.0,,2.0,,2.0,,5.0,,5.0,,8.0,,8.0,,8.726353330654092,,6.400229367427528,,9.72521935030818,,1.2239767452701926,,4.122816382907331,,2.3010368653049227,,4.943729063495994,,8.625,-0.9487212896347046,-0.003234954900108278,0.06282941089011729,1.8285975642502308,28540928,54157,13936,871,-4.399004,0.006466897382051684,0.005039170301461127,-5.154695266485215,-60.61399,0.018391126181813888,0.004157321139064152,-5.092403626441955,,,0.95,0.9,both,5.239035729155246,4.318405685611556,0.5167800093583906,0.0,-27.804718,2473.8813892193252,-4.399004
175,1784832007.4540877,,8.0,,8.0,,6.0,,6.0,,10.0,,10.0,,1.0,,1.0,,4.0,,4.0,,2.0,,2.0,,5.0,,5.0,,8.0,,8.0,,8.022539590951055,,6.249655168503523,,9.9322566667106,,1.0567379313288257,,4.075986883311998,,2.106841337867081,,4.807605023175711,,8.0625,-0.4245123863220215,-0.003562942787539214,0.09126772917807102,1.8353086151182652,28704768,54353,14016,876,13.602325,0.0048860598450119145,0.007023213001957629,-5.125390940904618,-39.309216,0.009950005411519669,0.005193674546899274,-5.08575157225132,,,0.95,0.9,both,5.575981027892776,5.419779912125226,0.42539510879070586,0.0,-50.92462,2515.615986755832,13.602325
176,1784832076.0284033,,8.0,,8.0,,6.0,,6.0,,10.0,,10.0,,1.0,,1.0,,4.0,,4.0,,2.0,,2.0,,5.0,,5.0,,8.0,,8.0,,8.842274826020002,,6.769285762682557,,9.987713783048093,,1.3290306185372176,,4.4016978442668915,,2.4582076016813517,,4.972879361361265,,8.875,-0.8702850341796875,0.0006020709406584501,0.14443502813810483,1.8321160338819027,28868608,54586,14096,881,-7.4326677,0.009259186158305965,0.005544898398511577,-5.066129410266877,-64.22002,0.0294566432479769,0.004484276155562838,-5.057114171981811,,,0.95,0.9,both,5.4650957442562955,5.043130440964287,0.6119954485161297,0.0,-40.675484,2389.2327241121893,-7.4326677
177,1784832142.7679076,,8.0,,8.0,,6.0,,6.0,,10.0,,10.0,,1.0,,1.0,,4.0,,4.0,,2.0,,2.0,,5.0,,5.0,,8.0,,8.0,,7.3504030238837,,5.394094415940344,,9.273998071439564,,0.6516919205896556,,3.6213473817333584,,1.6181564647704363,,4.6069838888943195,,7.625,-0.39936333894729614,-0.0058721708483062685,0.12710610940121114,1.8404541425406933,29032448,54778,14176,886,-1.9859593,0.006785291974665597,0.0053687604784499856,-5.022535067796707,-31.214008,0.010782757145352661,0.002664296322473092,-5.055482357740402,,,0.95,0.9,both,4.808102194259106,5.546098451874161,0.6263732359865924,0.0,-74.182434,2454.9178553526235,-1.9859593
178,1784832210.4162552,,8.0,,8.0,,6.0,,6.0,,10.0,,10.0,,1.0,,1.0,,4.0,,4.0,,2.0,,2.0,,5.0,,5.0,,8.0,,8.0,,7.267907197587192,,5.634549186914228,,9.337709431303665,,0.613471049699001,,3.698849096894264,,1.52204180508852,,4.54742862097919,,7.25,-0.6869851350784302,-0.0013574826589319855,0.09035903576295823,1.8484735786914825,29196288,54999,14256,891,-20.076105,0.006429692202073056,0.005463328369660303,-5.027622267603874,-71.47726,0.019542445411207154,0.003334692874341272,-5.0500065088272095,,,0.95,0.9,both,5.2400796202559095,5.176237696443904,0.46478463594766417,0.0,-53.315277,2421.9364109452104,-20.076105
179,1784832277.4726298,,8.0,,8.0,,6.0,,6.0,,10.0,,10.0,,1.0,,1.0,,4.0,,4.0,,2.0,,2.0,,5.0,,5.0,,8.0,,8.0,,8.050719685656077,,6.315173899754882,,9.762105979025364,,1.1765909264813672,,4.13988180924207,,2.099040477973176,,4.953519980888814,,8.25,-0.4810484051704407,-0.008272261184174567,0.02949116996023804,1.8468149155378342,29360128,55209,14336,896,1.1604805,0.0062741953501245,0.005253837890631985,-5.011639586091041,-58.167713,0.008774719812208787,0.0031138843216467647,-5.042678081989289,,,0.95,0.9,both,4.574208467989243,4.949702436889822,0.36169360530010375,0.0,-46.519287,2443.3174580834866,1.1604805
180,1784832344.8383777,,8.0,,8.0,,6.0,,6.0,,10.0,,10.0,,1.0,,1.0,,4.0,,4.0,,2.0,,2.0,,5.0,,5.0,,8.0,,8.0,,7.737905470658006,,5.841462834505364,,9.387030279263854,,0.7812968054786325,,3.855848011211492,,1.7832956459606066,,4.804228930734098,,7.625,-0.4813859760761261,-0.005338678776752204,0.22918950556777418,1.8478703647851944,29523968,55409,14416,901,2.194732,0.004659151811210904,0.0044103795487899335,-5.072010314464569,-78.81154,0.01862383386469446,0.0031915295752696694,-5.032544973492622,,,0.95,0.9,both,5.327364831936436,4.859055965872335,0.4384084152596479,0.0,-47.870827,2432.0963814920983,2.194732
181,1784832411.5147822,,8.0,,8.0,,6.0,,6.0,,10.0,,10.0,,1.0,,1.0,,4.0,,4.0,,2.0,,2.0,,5.0,,5.0,,8.0,,8.0,,8.80287681054324,,6.818854302517138,,10.0,,1.3607980702072382,,4.402563136070967,,2.2803510641679168,,4.963338267523795,,8.625,-0.37396085262298584,-0.00025470054242759943,0.08561576623469591,1.8558059558272362,29687808,55591,14496,906,12.64709,0.004507302407728275,0.0061641035601496695,-5.104442128539086,-55.980324,0.009079224185552449,0.004696113977115601,-5.0848662734031675,,,0.95,0.9,both,5.738871299633006,5.820144734885416,0.8281331580611816,0.0,-44.053596,2457.241094997257,12.64709
182,1784832478.8989406,,8.0,,8.0,,6.0,,6.0,,10.0,,10.0,,1.0,,1.0,,4.0,,4.0,,2.0,,2.0,,5.0,,5.0,,8.0,,8.0,,8.191173635423183,,6.477584077976644,,9.684372663497925,,1.265135265130084,,4.1669396157958545,,2.092698957072571,,4.884514617035165,,8.0625,-0.3959980010986328,0.0004558853688649833,0.07620705384761095,1.8621082678437233,29851648,55760,14576,911,7.2224054,0.004846417433145689,0.0029504882877517957,-5.158574640750885,-36.81469,0.003897127092932351,0.002446900498762261,-5.126675298810005,,,0.95,0.9,both,4.925754991125862,5.6057423944065015,0.46477004770528496,0.0,-21.562445,2431.431981570492,7.2224054
183,1784832546.7671087,,8.0,,8.0,,6.0,,6.0,,10.0,,10.0,,1.0,,1.0,,4.0,,4.0,,2.0,,2.0,,5.0,,5.0,,8.0,,8.0,,7.7370149083435535,,5.916436700354097,,9.733444483019412,,0.9940612893551588,,4.037412791978568,,2.0447796707740054,,4.792835093103349,,7.9375,-0.4706389307975769,-4.5624386984854937e-05,0.033395648293662816,1.8618688359856606,30015488,55959,14656,916,11.985443,0.005063462727412116,0.0057434975191426926,-5.15375172495842,-58.47887,0.006145052079227753,0.004193839288927847,-5.132109934091568,,,0.95,0.9,both,5.19621492377896,5.825633397891828,0.3495528497118458,0.0,-64.937706,2414.092069267856,11.985443
184,1784832615.3670173,,8.0,,8.0,,6.0,,6.0,,10.0,,10.0,,1.0,,1.0,,4.0,,4.0,,2.0,,2.0,,5.0,,5.0,,8.0,,8.0,,8.766860077157617,,6.8101509334519506,,9.95235851407051,,1.2674005161970854,,4.345315255850437,,2.406342742033303,,4.995215271599591,,8.9375,-0.5053025484085083,-0.00023792043793946505,0.19314118777401745,1.8676746971905231,30179328,56174,14736,921,3.5806127,0.005554307812417392,0.005264894484571414,-5.1476448148489,-36.497498,0.017906142529682256,0.0071104105023550804,-5.173075458407402,,,0.95,0.9,both,4.974174777331113,4.782080105802886,0.4213268956082431,0.0,-42.623787,2388.3413378582795,3.5806127
185,1784832683.5577397,,8.0,,8.0,,6.0,,6.0,,10.0,,10.0,,1.0,,1.0,,4.0,,4.0,,2.0,,2.0,,5.0,,5.0,,8.0,,8.0,,8.642248164396733,,6.23466578964144,,9.906481694430113,,1.3253590818494558,,4.162968049175106,,2.344139396212995,,4.912420931272209,,8.4375,-0.549162745475769,-0.00041471997974440455,0.020312211097916588,1.8744094632565975,30343168,56383,14816,926,-17.265675,0.008353234731475822,0.006063676155463327,-5.154251927137375,-43.864967,0.0070158221598831,0.0020301820171880537,-5.138017961382866,,,0.95,0.9,both,5.402050732686815,4.477384279759099,0.30596082685154113,0.0,-44.602203,2402.6729111065074,-17.265675
186,1784832750.4069545,,8.0,,8.0,,6.0,,6.0,,10.0,,10.0,,1.0,,1.0,,4.0,,4.0,,2.0,,2.0,,5.0,,5.0,,8.0,,8.0,,8.662102352594957,,6.569110531359911,,9.874633967876434,,1.2958470350131392,,4.259109602309763,,2.2363439209293574,,4.941255577839911,,8.8125,-0.6460174918174744,-0.0019159461371600628,0.030364828242454678,1.8682554699480534,30507008,56584,14896,931,4.9084444,0.00537995488703018,0.003433247148495866,-5.167223098874092,-59.848938,0.0049071188594098205,0.001697461878939066,-5.146007841825485,,,0.95,0.9,both,4.814281805772257,5.784926113038152,0.47239694826958367,0.0,-57.231743,2450.888905829363,4.9084444
187,1784832818.5335872,,8.0,,8.0,,6.0,,6.0,,10.0,,10.0,,1.0,,1.0,,4.0,,4.0,,2.0,,2.0,,5.0,,5.0,,8.0,,8.0,,8.466139569878578,,6.57540753018111,,9.942067626863718,,1.3235797957750037,,4.369639416690916,,2.2274595089256763,,4.9328910880722106,,8.375,-0.31649768352508545,-0.004002563946414739,0.021725090104155242,1.8760125003755093,30670848,56787,14976,936,10.738253,0.006063002222799696,0.005570008732320275,-5.1711797446012495,-20.332531,0.009256737856776453,0.004170644491387066,-5.172649958729744,,,0.95,0.9,both,5.17499346255141,5.8777100329162195,0.4924897418668167,0.0,-87.08046,2404.933305437617,10.738253
188,1784832886.4633214,,8.0,,8.0,,6.0,,6.0,,10.0,,10.0,,1.0,,1.0,,4.0,,4.0,,2.0,,2.0,,5.0,,5.0,,8.0,,8.0,,7.666877031326294,,5.499884782009758,,9.229355150833726,,0.7628531120717525,,3.6967650507576764,,1.6652141681406647,,4.734551161527634,,7.375,-0.31920427083969116,-0.0013680157717317343,0.18353039846988395,1.892418548464775,30834688,57000,15056,941,12.726444,0.004903494907921413,0.004720524314325303,-5.151088765263557,-53.768116,0.009593988404958509,0.004779033336672,-5.1376400411129,,,0.95,0.9,both,5.038130536886927,6.162491733266224,0.5804179248711872,0.0,-59.67671,2411.9038816649286,12.726444
189,1784832952.7082167,,8.0,,8.0,,6.0,,6.0,,10.0,,10.0,,1.0,,1.0,,4.0,,4.0,,2.0,,2.0,,5.0,,5.0,,8.0,,8.0,,8.482572625856847,,6.755293341353536,,9.914154710248113,,1.2069844547659159,,4.367203263565898,,2.27530959318392,,4.977731232531369,,8.75,-0.6897203326225281,0.0005365199176594615,0.21081324410624802,1.899015512317419,30998528,57232,15136,946,-4.374205,0.003909009751077974,0.005628478847938823,-5.185410010814667,-41.852455,0.014089873086777515,0.003547237331804354,-5.144290405511856,,,0.95,0.9,both,5.309345759621037,5.4114454030467085,0.5591734891652806,0.0,-63.564415,2473.2474823695015,-4.374205
190,1784833023.2837198,,8.0,,8.0,,6.0,,6.0,,10.0,,10.0,,1.0,,1.0,,4.0,,4.0,,2.0,,2.0,,5.0,,5.0,,8.0,,8.0,,8.372926296200603,,6.607330473023467,,9.76384993456304,,1.0430863264482468,,4.197679778560996,,2.2179664723807946,,4.919075626181439,,8.6875,-0.4767259359359741,-0.00203576689818874,0.05090888205450028,1.9036437347531319,31162368,57474,15216,951,13.874127,0.005302951682824642,0.0042433410533703865,-5.179800257086754,-48.203117,0.01375239533081185,0.005131237667228561,-5.172443985939026,,,0.95,0.9,both,4.954809535189591,6.080859479765472,0.38341828080044316,0.0,-34.74665,2321.4851878657396,13.874127
191,1784833091.7622943,,8.0,,8.0,,6.0,,6.0,,10.0,,10.0,,1.0,,1.0,,4.0,,4.0,,2.0,,2.0,,5.0,,5.0,,8.0,,8.0,,7.6535968612879515,,5.624646134678187,,9.394547974690795,,0.8920121090486646,,3.9040263649076223,,1.6267320374026895,,4.666448446689174,,7.4375,-0.9024438261985779,0.0002657304285094142,0.1802252591587603,1.8992418758571148,31326208,57711,15296,956,-4.9388614,0.0053501301124924796,0.005993349420896266,-5.2370101571083065,-68.19948,0.022675724630244077,0.00509161887166556,-5.1976681381464,,,0.95,0.9,both,5.382355285746532,5.220812857792222,0.6154941846634987,0.0,-87.317535,2392.5734911019026,-4.9388614
192,1784833159.1093304,,8.0,,8.0,,6.0,,6.0,,10.0,,10.0,,1.0,,1.0,,4.0,,4.0,,2.0,,2.0,,5.0,,5.0,,8.0,,8.0,,8.732669146731496,,6.454769021831453,,9.846154726110399,,1.2689595186384395,,4.311411075294018,,2.414365784265101,,4.980181192979217,,8.875,-0.5617513656616211,-0.001528624794445932,0.05797002313192934,1.9129912815988064,31490048,57976,15376,961,7.031652,0.005269385210704058,0.0036945892476069274,-5.244871497154236,-52.9953,0.012439797900151461,0.004138882740517147,-5.201903891563416,,,0.95,0.9,both,4.913836407917708,5.394789123059951,0.39799175178564783,0.0,-52.243275,2432.7719395401077,7.031652
193,1784833224.0975277,,8.0,,8.0,,6.0,,6.0,,10.0,,10.0,,1.0,,1.0,,4.0,,4.0,,2.0,,2.0,,5.0,,5.0,,8.0,,8.0,,7.248524626716971,,5.353945410286542,,9.395465644076467,,0.7134381071664393,,3.7118146778084338,,1.5931919999420643,,4.56945725902915,,7.375,-0.3969598114490509,-0.0004361959872767329,0.1370796905248426,1.9200627319514751,31653888,58206,15456,966,5.1420155,0.004460299592028605,0.005025161898811348,-5.254886931180954,-52.457928,0.008323554374510423,0.003910852383705787,-5.223936194181443,,,0.95,0.9,both,5.49075681824363,5.828845548592504,0.394052290751453,0.0,-79.42972,2521.0730940845333,5.1420155
194,1784833291.7028923,,8.0,,8.0,,6.0,,6.0,,10.0,,10.0,,1.0,,1.0,,4.0,,4.0,,2.0,,2.0,,5.0,,5.0,,8.0,,8.0,,8.45042204298079,,5.992910950444639,,9.772102863062173,,1.0900681295024697,,4.0194552154280245,,2.0132159567438066,,4.870034350082278,,7.875,-0.6787937879562378,-0.000859426218084991,0.19361789361573756,1.9313184022903442,31817728,58431,15536,971,4.40388,0.005667006010480691,0.003934641982777975,-5.2447170376777645,-68.38924,0.015300292934989556,0.00464127871528035,-5.235810136795044,,,0.95,0.9,both,4.698400267676497,6.636303271099028,0.3564827641295011,0.0,-51.51594,2423.4762889952326,4.40388
195,1784833360.1129694,,8.0,,8.0,,6.0,,6.0,,10.0,,10.0,,1.0,,1.0,,4.0,,4.0,,2.0,,2.0,,5.0,,5.0,,8.0,,8.0,,7.916166381910443,,6.293290296569467,,9.640935758128762,,1.177433870267123,,4.092904378718231,,2.166708939585078,,4.91946247825399,,8.375,-0.5069297552108765,-0.0015060349251143634,0.05085392470937222,1.9357748217880726,31981568,58635,15616,976,13.914621,0.004943420551717282,0.005616390847717412,-5.284708988666535,-56.543987,0.010433510213624686,0.004875402004108765,-5.207085436582565,,,0.95,0.9,both,5.595587453148572,6.455125410188617,0.3737191158848613,0.0,-48.9914,2394.9687895112056,13.914621
196,1784833427.6585429,,8.0,,8.0,,6.0,,6.0,,10.0,,10.0,,1.0,,1.0,,4.0,,4.0,,2.0,,2.0,,5.0,,5.0,,8.0,,8.0,,8.080025920644403,,6.388445888645947,,9.832968931645155,,1.1701711860077921,,4.024271079339087,,2.161587609734852,,4.88170220865868,,8.3125,-0.37639233469963074,-0.010424464358948171,0.04251781362108886,1.9450961463153362,32145408,58826,15696,981,3.7819016,0.004361499820515746,0.00484107427255367,-5.308303493261337,-67.6729,0.009750219827401452,0.0045972647130838595,-5.234292057156563,,,0.95,0.9,both,5.6602610862006255,6.189867300935069,0.38189191884906326,0.0,-65.90654,2425.6215745127015,3.7819016
197,1784833493.9119713,,8.0,,8.0,,6.0,,6.0,,10.0,,10.0,,1.0,,1.0,,4.0,,4.0,,2.0,,2.0,,5.0,,5.0,,8.0,,8.0,,7.214507945813239,,5.144134795293212,,9.132007798179984,,0.6774495374411345,,3.6604603230953217,,1.7537936512380838,,4.617044307291508,,7.3125,-0.48981231451034546,-0.005064121709438041,0.0698921246221289,1.9471605122089386,32309248,59017,15776,986,2.5141995,0.004873047677392606,0.004768201434490038,-5.322954142093659,-59.350075,0.014942529355175793,0.005640947901702021,-5.272617414593697,,,0.95,0.9,both,5.846632938713294,4.523623578426965,0.5620555191221652,0.0,-49.936157,2472.9288502535073,2.5141995
198,1784833560.2452643,,8.0,,8.0,,6.0,,6.0,,10.0,,10.0,,1.0,,1.0,,4.0,,4.0,,2.0,,2.0,,5.0,,5.0,,8.0,,8.0,,8.44625546282623,,6.713335152715445,,9.793528489768505,,1.3217504564672709,,4.3846318162977695,,2.4072023548651487,,4.943333785515279,,8.625,-0.3418987989425659,-0.003941916103940457,0.04637047357391566,1.9433755427598953,32473088,59210,15856,991,14.45278,0.00563607153162593,0.004057462875789497,-5.346352869272232,-44.54873,0.005881083074200433,0.0036949919449398294,-5.275563281774521,,,0.95,0.9,both,5.0323237362830096,6.2437658990047264,0.49650174444344963,0.0,-45.0195,2469.9510289853242,14.45278
199,1784833626.8904088,,8.0,,8.0,,6.0,,6.0,,10.0,,10.0,,1.0,,1.0,,4.0,,4.0,,2.0,,2.0,,5.0,,5.0,,8.0,,8.0,,7.563715340103954,,5.3861851543188095,,9.512996511533856,,0.8730108616873622,,3.6646239808760583,,1.7773608764400706,,4.74474399164319,,7.4375,-0.5338385701179504,-0.0008483272395096719,0.08262416440993547,1.9409142956137657,32636928,59395,15936,996,11.343467,0.006223588294960791,0.0051602333653136155,-5.33138378560543,-35.693367,0.013014177567674779,0.002963780977006536,-5.278244733810425,,,0.95,0.9,both,5.336654446984619,4.249031123959597,0.33382442765853393,0.0,-23.96222,2458.3936421743674,11.343467
200,1784833693.717476,,8.0,,8.0,,6.0,,6.0,,10.0,,10.0,,1.0,,1.0,,4.0,,4.0,,2.0,,2.0,,5.0,,5.0,,8.0,,8.0,,7.474988887552172,,5.558486930793151,,9.408468315377831,,0.7650618931365898,,3.9043552213988733,,1.7435413682833314,,4.787249182569212,,7.5,-0.8661864399909973,-0.000529858807567507,0.236283709295094,1.9397536739706993,32800768,59651,16016,1001,6.0276527,0.005151979078073054,0.005835646633931902,-5.308388343453407,-76.63963,0.026280982134630905,0.0038307663824525664,-5.283853206038475,,,0.95,0.9,both,5.361265621855415,5.2730180728092035,0.38942481289271025,0.0,-35.439247,2451.701760494751,6.0276527
201,1784833760.9870372,,8.0,,8.0,,6.0,,6.0,,10.0,,10.0,,1.0,,1.0,,4.0,,4.0,,2.0,,2.0,,5.0,,5.0,,8.0,,8.0,,8.66410892183194,,6.587646043626592,,9.704292849171907,,1.3337398095754907,,4.117632695182692,,2.229580474377144,,4.898901963606477,,8.5625,-0.4810158312320709,0.00018385506700724363,0.03176127962069586,1.9411271326243877,32964608,59846,16096,1006,6.966481,0.004375239131331909,0.0042202550459478514,-5.335558888316155,-43.955578,0.0070359186938731,0.005512663137051277,-5.334159567952156,,,0.95,0.9,both,4.999236875842126,6.911083998821117,0.4412366098393764,0.0,-36.153812,2435.57381432726,6.966481
202,1784833824.691009,,8.0,,8.0,,6.0,,6.0,,10.0,,10.0,,1.0,,1.0,,4.0,,4.0,,2.0,,2.0,,5.0,,5.0,,8.0,,8.0,,8.405168924480677,,6.628081296104938,,9.939247891306877,,1.2004733145004138,,4.011309126392007,,2.275796100497246,,4.95177616388537,,8.75,-0.5505125522613525,-0.0020763170905411243,0.06215520092519,1.9470714069902897,33128448,60032,16176,1011,-4.7985296,0.006808803987223655,0.004843607185466681,-5.308993095159531,-45.96424,0.011939788470044732,0.004599567705008667,-5.271321326494217,,,0.95,0.9,both,4.026281583995454,4.048470781447987,0.3219722246354151,0.0,-62.188538,2571.8958002135937,-4.7985296
203,1784833889.7418902,,8.0,,8.0,,6.0,,6.0,,10.0,,10.0,,1.0,,1.0,,4.0,,4.0,,2.0,,2.0,,5.0,,5.0,,8.0,,8.0,,8.133119948208332,,5.914714504033327,,9.403336562216282,,0.8832114276010543,,3.9218019027030095,,1.963902659364976,,4.825441685388796,,7.6875,-0.6819639801979065,-5.88585389778018e-05,0.17817230965010822,1.9525628164410591,33292288,60221,16256,1016,6.895346,0.004461111437558429,0.0052535744027409235,-5.342381078004837,-41.961266,0.008837598601530772,0.004554517881479115,-5.287764862179756,,,0.95,0.9,both,5.607269135875795,5.089714446676221,0.470321867620314,0.0,-29.5634,2518.643822043667,6.895346
204,1784833956.1685383,,8.0,,8.0,,6.0,,6.0,,10.0,,10.0,,1.0,,1.0,,4.0,,4.0,,2.0,,2.0,,5.0,,5.0,,8.0,,8.0,,8.22816866915673,,6.65190093498677,,9.837788473814726,,1.382410352351144,,4.351684901863337,,2.3489916338585317,,4.941171384882182,,8.625,-0.28645622730255127,-0.0020053298212587833,0.044829228485468775,1.954684428870678,33456128,60414,16336,1021,-9.074457,0.00470891530130757,0.004026844698091736,-5.322182422876358,-55.298485,0.008387404726818204,0.0033896352091687732,-5.320883679389953,,,0.95,0.9,both,5.466958889116884,6.158043349720008,0.5149036292130541,0.0,-19.259989,2466.4800484235825,-9.074457
205,1784834021.5902374,,8.0,,8.0,,6.0,,6.0,,10.0,,10.0,,1.0,,1.0,,4.0,,4.0,,2.0,,2.0,,5.0,,5.0,,8.0,,8.0,,7.52592438692227,,5.856324455467984,,9.68233569082804,,0.812583910941612,,3.840936508466257,,1.9999184967018664,,4.708395984023809,,8.125,-0.4589617848396301,-0.005792560405097902,0.03364427055930719,1.9550682492554188,33619968,60601,16416,1026,13.20125,0.0048316523723769935,0.005398341282852925,-5.31567599773407,-47.989803,0.006178432628803421,0.0026559313060715794,-5.311647447943687,,,0.95,0.9,both,5.641910989965546,5.96074528617366,0.3079512111327112,0.0,-38.98074,2504.367856836015,13.20125
206,1784834087.0021484,,8.0,,8.0,,6.0,,6.0,,10.0,,10.0,,1.0,,1.0,,4.0,,4.0,,2.0,,2.0,,5.0,,5.0,,8.0,,8.0,,8.792485348880291,,6.556862116791308,,9.999548592080828,,1.4309466648846865,,4.21061986067798,,2.398599172011018,,4.999188925721683,,8.75,-0.3077528476715088,0.00034668834996409714,0.09917417209362611,1.9579380378127098,33783808,60787,16496,1031,5.523503,0.004377368646964896,0.003156972292345017,-5.2995520532131195,-48.81574,0.007845086956513115,0.003667284197581466,-5.294465392827988,,,0.95,0.9,both,5.01722326919093,4.133592228352201,0.4633474346161895,0.0,-39.926865,2504.7431048540225,5.523503
207,1784834155.200404,,8.0,,8.0,,6.0,,6.0,,10.0,,10.0,,1.0,,1.0,,4.0,,4.0,,2.0,,2.0,,5.0,,5.0,,8.0,,8.0,,8.840689381584525,,6.8203032072633505,,10.0,,1.458420251030475,,4.4477591859176755,,2.424037968739867,,4.969771197065711,,8.9375,-0.3693631887435913,0.00025699299294501543,0.03331384091870859,1.968886200338602,33947648,60981,16576,1036,3.132073,0.004781663168978411,0.005753671099955682,-5.310211127996444,-50.140842,0.006822689629188972,0.0034116177397663706,-5.281912836432457,,,0.95,0.9,both,5.5671396181196915,3.8803292237138947,0.5574577818015604,0.0,-42.82765,2402.4070321470203,3.132073
208,1784834221.540207,,8.0,,8.0,,6.0,,6.0,,10.0,,10.0,,1.0,,1.0,,4.0,,4.0,,2.0,,2.0,,5.0,,5.0,,8.0,,8.0,,7.466888140887022,,5.350240932311863,,9.324002519249916,,0.6244587785331532,,3.7220806404948235,,1.717157580627827,,4.7959352005127585,,7.4375,-0.4871309995651245,-0.00029759510653093457,0.05014091555494815,1.9790037237107754,34111488,61169,16656,1041,6.027497,0.005555860241292976,0.006166233756084693,-5.321499663591385,-34.472694,0.007194050496036652,0.002830727063701488,-5.283575904369354,,,0.95,0.9,both,5.255329390477549,4.79215781394623,0.41622623913063916,0.0,-52.642296,2469.7088278656006,6.027497
209,1784834288.640697,,8.0,,8.0,,6.0,,6.0,,10.0,,10.0,,1.0,,1.0,,4.0,,4.0,,2.0,,2.0,,5.0,,5.0,,8.0,,8.0,,7.70212726527825,,5.213470505550504,,9.466587334871292,,0.7484989131335169,,3.922807878581807,,1.8143051746301353,,4.69787154905498,,7.625,-0.48698872327804565,-0.0013165874406695366,0.03536658245138824,1.9909539371728897,34275328,61349,16736,1046,4.1502366,0.005461311638646294,0.005264005667413585,-5.35893906056881,-44.816113,0.011697889490460512,0.003144612658797996,-5.309561398625374,,,0.95,0.9,both,5.64923707715525,3.9366040302072998,0.3283129925326243,0.0,-49.899403,2441.710921447642,4.1502366
210,1784834357.2783024,,8.0,,8.0,,6.0,,6.0,,10.0,,10.0,,1.0,,1.0,,4.0,,4.0,,2.0,,2.0,,5.0,,5.0,,8.0,,8.0,,7.7655350412242115,,5.429904893040657,,9.423486553132534,,0.8645627901423723,,3.694451730232686,,1.822763834381476,,4.763022587634623,,7.5625,-0.24824850261211395,0.00018747930880635977,0.16483348980545998,2.0047841295599937,34439168,61523,16816,1051,10.684921,0.004864690760587109,0.005338400414620992,-5.394729024171829,-54.377747,0.005443035170901567,0.0023929496281198228,-5.352016797661781,,,0.95,0.9,both,5.438260904802799,5.7758187759123985,0.40165862984975453,0.0,-37.103596,2387.029735111229,10.684921
211,1784834427.010086,,8.0,,8.0,,6.0,,6.0,,10.0,,10.0,,1.0,,1.0,,4.0,,4.0,,2.0,,2.0,,5.0,,5.0,,8.0,,8.0,,8.131716177798808,,6.585370888933539,,9.794425147061702,,1.0388451991602778,,4.094672589097172,,1.9792224885895848,,4.830356906866655,,8.25,-0.5447291731834412,-0.012912948615849018,0.045166483090724796,2.0086973905563354,34603008,61724,16896,1056,5.257772,0.004685932911525015,0.00675406352020218,-5.414493492245674,-60.197716,0.007924986866419204,0.0032893048555706628,-5.336050409078598,,,0.95,0.9,both,5.985144985310973,4.157056438319815,0.3605683152134872,0.0,-51.931927,2349.574226851726,5.257772
212,1784834494.9146867,,8.0,,8.0,,6.0,,6.0,,10.0,,10.0,,1.0,,1.0,,4.0,,4.0,,2.0,,2.0,,5.0,,5.0,,8.0,,8.0,,8.185926189646125,,6.475301073398441,,9.6964913001284,,1.3486439790576696,,4.2195070390589535,,2.1647438860381953,,4.809058309067041,,8.25,-0.41294559836387634,0.00019778695423156023,0.04285338299814612,2.0105775967240334,34766848,61909,16976,1061,4.948847,0.004409651903552003,0.00499078526345329,-5.435274761915207,-36.660275,0.0044869379678857515,0.003065808772225864,-5.340483096241951,,,0.95,0.9,both,5.741027388008903,5.4478746673610825,0.3305304735872632,0.0,-44.51084,2412.796675423291,4.948847
213,1784834562.6640465,,8.0,,8.0,,6.0,,6.0,,10.0,,10.0,,1.0,,1.0,,4.0,,4.0,,2.0,,2.0,,5.0,,5.0,,8.0,,8.0,,7.230240115895867,,5.198479438200593,,9.41227872298623,,0.6146477114525624,,3.72395530436188,,1.5785983446985483,,4.586438613478094,,7.3125,-0.49486902356147766,-3.9337086491286755e-05,0.06573030794970691,2.0109571740031242,34930688,62090,17056,1066,-1.5223384,0.004934496912756004,0.004096269578440115,-5.443154332041741,-42.07644,0.008006682289124,0.0024298989916132995,-5.372719013690949,,,0.95,0.9,both,6.463360145585737,4.398520328579885,0.3545840718298402,0.0,-55.189087,2418.3254861925,-1.5223384
214,1784834629.9754426,,8.0,,8.0,,6.0,,6.0,,10.0,,10.0,,1.0,,1.0,,4.0,,4.0,,2.0,,2.0,,5.0,,5.0,,8.0,,8.0,,7.689634268172085,,5.412605558522046,,9.616165258921683,,0.7263757758773863,,3.7244735113345087,,1.854594134609215,,4.628443127498031,,7.3125,-0.5186859369277954,0.00039411699981428683,0.06732925574760884,2.0239601135253906,35094528,62273,17136,1071,-3.5455666,0.0049480034955195155,0.00422510939242784,-5.427112865447998,-29.839016,0.009758018667344003,0.0032375781243899836,-5.386265552043914,,,0.95,0.9,both,5.447394122957407,6.1721296691199115,0.4674950549197861,0.0,-18.262625,2434.0602541415456,-3.5455666
215,1784834696.170562,,8.0,,8.0,,6.0,,6.0,,10.0,,10.0,,1.0,,1.0,,4.0,,4.0,,2.0,,2.0,,5.0,,5.0,,8.0,,8.0,,8.633969340473413,,6.721981892362237,,9.855452757328749,,1.3129466425161809,,4.367348732426763,,2.178684324026108,,4.9064562218263745,,8.8125,-0.5857534408569336,-0.0011010285816155374,0.08603003213647753,2.0205861926078796,35258368,62452,17216,1076,15.800768,0.004387744123960147,0.003468775099463528,-5.429597756266594,-35.412636,0.009457349443982821,0.005669868183758808,-5.415410140156746,,,0.95,0.9,both,5.8593006035687605,4.4803524989683945,0.5751445325739453,0.0,-39.43427,2475.1070240139325,15.800768
216,1784834763.160557,,8.0,,8.0,,6.0,,6.0,,10.0,,10.0,,1.0,,1.0,,4.0,,4.0,,2.0,,2.0,,5.0,,5.0,,8.0,,8.0,,7.250497870147228,,5.198280526790768,,9.052032575011253,,0.5209912611171603,,3.540757379727438,,1.5709886327385902,,4.50906721316278,,7.25,-0.6729686856269836,0.0008241237374022603,0.03914574708323926,2.0222280398011208,35422208,62633,17296,1081,3.56251,0.003975140336115146,0.007371527161740232,-5.439150309562683,-33.80367,0.0037236953219689896,0.0036687688319943846,-5.428770101070404,,,0.95,0.9,both,5.737690061956527,6.293328259860661,0.5994885198254024,0.0,-37.030945,2445.738309961161,3.56251
217,1784834830.7790282,,8.0,,8.0,,6.0,,6.0,,10.0,,10.0,,1.0,,1.0,,4.0,,4.0,,2.0,,2.0,,5.0,,5.0,,8.0,,8.0,,7.345204164274037,,5.3909592889249325,,9.48301475867629,,0.7887526347767562,,3.6941175358369946,,1.6355678541585803,,4.676371518522501,,7.5,-0.5489510893821716,-0.003802333550993353,0.14691129187121987,2.0128832161426544,35586048,62804,17376,1086,0.39849073,0.00568022360530449,0.006152232057138463,-5.449692866206169,-37.66504,0.008819070132449269,0.004263874035677873,-5.456843993067741,,,0.95,0.9,both,6.229116692146441,5.611816729589901,0.42352678964507473,0.0,-17.491507,2423.0065840467228,0.39849073
218,1784834897.2566984,,8.0,,8.0,,6.0,,6.0,,10.0,,10.0,,1.0,,1.0,,4.0,,4.0,,2.0,,2.0,,5.0,,5.0,,8.0,,8.0,,8.504980765515938,,6.490102205425501,,9.922469463199377,,1.3670038112904876,,4.291318180970848,,2.360924305394292,,4.9586661802604795,,8.5,-0.7072033882141113,0.00025565485702827573,0.03673172078561038,2.010131075978279,35749888,62978,17456,1091,-9.737628,0.005102271659416147,0.003849169066961622,-5.443711471557617,-64.62977,0.010202024549653289,0.005021495603432413,-5.464214465022087,,,0.95,0.9,both,5.870687135943983,4.8212632700780835,0.4919835527970101,0.0,-45.94857,2464.5870016225535,-9.737628
219,1784834960.6189282,,8.0,,8.0,,6.0,,6.0,,10.0,,10.0,,1.0,,1.0,,4.0,,4.0,,2.0,,2.0,,5.0,,5.0,,8.0,,8.0,,7.996502548456192,,6.274010442197323,,9.419523274526,,0.9228040382731706,,3.854290275950916,,1.913709918037057,,4.831567743327469,,7.6875,-0.6500403881072998,-0.01219152135308832,0.08780693734297529,2.0031232088804245,35913728,63155,17536,1096,-11.038488,0.006160131964134052,0.005550131650670665,-5.452268660068512,-62.50869,0.013208135444438085,0.004359202975319931,-5.4612839877605435,,,0.95,0.9,both,5.00561087999946,4.617931116201477,0.39476769782091303,0.0,-62.30694,2585.7675513737863,-11.038488
220,1784835026.7300901,,8.0,,8.0,,6.0,,6.0,,10.0,,10.0,,1.0,,1.0,,4.0,,4.0,,2.0,,2.0,,5.0,,5.0,,8.0,,8.0,,7.528231310658157,,5.98260011151433,,9.524171752855182,,0.9037899387767538,,3.9465279607102275,,1.788005443289876,,4.75613989494741,,7.4375,-0.2606102228164673,-0.0033412001212127507,0.030783130147028714,1.9992517791688442,36077568,63334,17616,1101,6.9274597,0.004913935606600717,0.004013804232818075,-5.463651877641678,-32.17639,0.0033517770614707844,0.004499742829648312,-5.44385507106781,,,0.95,0.9,both,5.254555824272142,6.190275673365775,0.434926208938335,0.0,-18.1402,2478.2502315977863,6.9274597
221,1784835090.8968008,,8.0,,8.0,,6.0,,6.0,,10.0,,10.0,,1.0,,1.0,,4.0,,4.0,,2.0,,2.0,,5.0,,5.0,,8.0,,8.0,,8.886045008897781,,6.82268875464797,,9.902889277786016,,1.4099837886169553,,4.459150737617165,,2.441502862609923,,4.9876183504238725,,8.9375,-0.6223511099815369,-6.613665027543902e-05,0.1896641766652465,2.0044354647397995,36241408,63506,17696,1106,-2.4221158,0.004209894719679141,0.005525652644428192,-5.4487938523292545,-44.503555,0.012800144476932474,0.003893207885994343,-5.433907490968704,,,0.95,0.9,both,5.519411679697031,4.5060260071550555,0.725821955969293,0.0,-77.54767,2553.3489258870295,-2.4221158
222,1784835156.8366563,,8.0,,8.0,,6.0,,6.0,,10.0,,10.0,,1.0,,1.0,,4.0,,4.0,,2.0,,2.0,,5.0,,5.0,,8.0,,8.0,,8.446043760050088,,6.146670373156667,,9.716450480744243,,1.0870757480151951,,4.1391639148350805,,2.1017657262273133,,4.920519593870267,,8.5625,-0.42095890641212463,-0.006057320395484567,0.022525053878780454,2.0119709223508835,36405248,63672,17776,1111,16.33502,0.0038884843677806204,0.00509072118657059,-5.459251388907433,-20.212109,0.002515207223041216,0.002445600951614324,-5.427899956703186,,,0.95,0.9,both,5.559857962437144,5.50591238509155,0.3629230439471516,0.0,-19.2633,2484.6884231072127,16.33502
223,1784835221.6188202,,8.0,,8.0,,6.0,,6.0,,10.0,,10.0,,1.0,,1.0,,4.0,,4.0,,2.0,,2.0,,5.0,,5.0,,8.0,,8.0,,8.292544949799776,,6.473852258641273,,9.775746977888048,,1.1720551433973014,,4.15199638530612,,2.0202895998954773,,4.760437596589327,,8.1875,-0.2076728790998459,7.094559259712696e-05,0.064890714478679,2.0136338472366333,36569088,63845,17856,1116,-10.595194,0.004416716683772392,0.004753787383378949,-5.483527559041977,-42.019966,0.0040692879745620305,0.003955471127119381,-5.465974727272988,,,0.95,0.9,both,5.891729386572598,6.000574816589401,0.3282306921584486,0.0,-64.71929,2529.0913378244445,-10.595194
224,1784835288.5690126,,8.0,,8.0,,6.0,,6.0,,10.0,,10.0,,1.0,,1.0,,4.0,,4.0,,2.0,,2.0,,5.0,,5.0,,8.0,,8.0,,8.01335224416107,,6.124389267060906,,9.699638961348683,,1.0165450729546137,,4.05612908693729,,2.01785433137411,,4.859811397269368,,7.8125,-0.5589401721954346,-0.006625807494856417,0.04839975864160806,2.0067315325140953,36732928,64034,17936,1121,-0.20336084,0.005758927445276641,0.005875181905867066,-5.521384164690971,-45.089695,0.013333881422295236,0.0035903448282624596,-5.478110614418983,,,0.95,0.9,both,5.878170785141288,5.077532162046588,0.26133100751663324,0.0,-33.331947,2447.1924333592065,-0.20336084
225,1784835355.409062,,8.0,,8.0,,6.0,,6.0,,10.0,,10.0,,1.0,,1.0,,4.0,,4.0,,2.0,,2.0,,5.0,,5.0,,8.0,,8.0,,8.123483445495367,,5.793055003276095,,9.716820567380637,,0.9831509323557839,,4.061507407925092,,1.9603570795152336,,4.912387520540506,,8.0625,-0.26819074153900146,-1.8253980670124292e-05,0.03572488512145355,2.0094165578484535,36896768,64231,18016,1126,2.5967574,0.006065331153513398,0.004129185358760878,-5.565956956148147,-40.08091,0.008063774832407944,0.004437764096655883,-5.5098279297351835,,,0.95,0.9,both,5.714381988885864,6.378539749460863,0.26241528207356307,0.0,-32.254845,2451.224785465523,2.5967574
226,1784835423.7751493,,8.0,,8.0,,6.0,,6.0,,10.0,,10.0,,1.0,,1.0,,4.0,,4.0,,2.0,,2.0,,5.0,,5.0,,8.0,,8.0,,8.14585255086422,,6.328067332971841,,9.77599124237895,,0.9987047561444342,,4.20958196464926,,2.2680643652565777,,4.8804640751332045,,8.3125,-0.259890079498291,-0.0052960176253691316,0.07999979768646881,2.017387792468071,37060608,64423,18096,1131,6.351458,0.004809841427049833,0.005175330715428572,-5.579103282094001,-44.2114,0.004979173038736917,0.003200871867738897,-5.540302932262421,,,0.95,0.9,both,5.67141707016607,6.1196854473983375,0.397773842370417,0.0,-28.41161,2396.5098476814455,6.351458
227,1784835490.263544,,8.0,,8.0,,6.0,,6.0,,10.0,,10.0,,1.0,,1.0,,4.0,,4.0,,2.0,,2.0,,5.0,,5.0,,8.0,,8.0,,8.615676458925009,,6.410097889602184,,9.860961293801665,,1.3212018804624677,,4.275277768261731,,2.3760461769998074,,4.959123323438689,,8.6875,-0.6061379313468933,-0.0021892767399549484,0.13596020778641105,2.021331951022148,37224448,64656,18176,1136,11.242783,0.005656359787099064,0.005545349961903412,-5.593493500351906,-74.3478,0.019821038440568373,0.004597275456762873,-5.533533200621605,,,0.95,0.9,both,5.871893964203624,5.45783248944471,0.3853740536981821,0.0,-24.306637,2464.189449209465,11.242783
228,1784835556.8470788,,8.0,,8.0,,6.0,,6.0,,10.0,,10.0,,1.0,,1.0,,4.0,,4.0,,2.0,,2.0,,5.0,,5.0,,8.0,,8.0,,7.578069250565022,,5.8803848549723625,,9.666378130204976,,0.8632577568932902,,3.825211559422314,,2.0041583852726035,,4.9253473225981,,7.9375,-0.8111631274223328,-0.0037004122277721763,0.13747901376336813,2.0273586213588715,37388288,64851,18256,1141,5.4297686,0.005876149058167357,0.005484311117470497,-5.582018196582794,-56.71869,0.014384755305945874,0.003033703481196426,-5.561440864205361,,,0.95,0.9,both,5.352724306939263,6.052970288570746,0.3819016613621452,0.0,-32.779762,2460.6683802525663,5.4297686
229,1784835623.4137344,,8.0,,8.0,,6.0,,6.0,,10.0,,10.0,,1.0,,1.0,,4.0,,4.0,,2.0,,2.0,,5.0,,5.0,,8.0,,8.0,,8.847511202096939,,6.877584354951978,,9.897425066679716,,1.3436524621210992,,4.313169918954372,,2.3785591972991824,,5.0,,8.875,-0.3315964341163635,-0.0023329735558945686,0.03977882576873526,2.029856078326702,37552128,65062,18336,1146,-2.5662525,0.0062087216138024814,0.002978844147583004,-5.606017124652863,-45.659916,0.006490496391779743,0.0053798337932676075,-5.584597325325012,,,0.95,0.9,both,5.62282572007218,6.910145698017618,0.34760340775237303,0.0,-43.50121,2461.2926529512065,-2.5662525
230,1784835688.3394856,,8.0,,8.0,,6.0,,6.0,,10.0,,10.0,,1.0,,1.0,,4.0,,4.0,,2.0,,2.0,,5.0,,5.0,,8.0,,8.0,,8.118136934004724,,6.186569949379191,,9.861365426331758,,1.2316460814327002,,4.194044370815391,,2.2474908428266644,,4.910332728177309,,8.125,-0.2913782596588135,-0.0006854537641629577,0.15631839260458946,2.031171701848507,37715968,65256,18416,1151,-6.0318947,0.005661656336451415,0.006285907835990656,-5.633695730566979,-36.17957,0.00607443884073291,0.00371063333877828,-5.584282729029655,,,0.95,0.9,both,6.13067415620961,5.984013430973972,0.3148604855254955,0.0,-56.81228,2523.4976792124758,-6.0318947
231,1784835754.9981675,,8.0,,8.0,,6.0,,6.0,,10.0,,10.0,,1.0,,1.0,,4.0,,4.0,,2.0,,2.0,,5.0,,5.0,,8.0,,8.0,,7.6961471535032615,,5.690700009465218,,9.452067555859685,,0.8318400005809963,,3.898737455252558,,1.801026001921855,,4.756157617317513,,7.9375,-0.34650707244873047,-0.0014986181631684303,0.10961655073333532,2.0378428772091866,37879808,65481,18496,1156,-6.260789,0.006117758368782233,0.004787006891274359,-5.6601519078016285,-64.26874,0.014170609874418006,0.003519885912828613,-5.574800330400467,,,0.95,0.9,both,5.656115310743057,5.123411395866372,0.35232760357062026,0.0,-31.983105,2457.8943168557,-6.260789
232,1784835819.6995292,,8.0,,8.0,,6.0,,6.0,,10.0,,10.0,,1.0,,1.0,,4.0,,4.0,,2.0,,2.0,,5.0,,5.0,,8.0,,8.0,,7.269853733479977,,5.147701393812895,,9.326714167138562,,0.5733444560319185,,3.5888349822489545,,1.6121747875586152,,4.617701593786478,,7.5,-0.538158655166626,-0.00024187075905501842,0.12061309046112001,2.034258835017681,38043648,65727,18576,1161,2.4731421,0.005596145696472377,0.005875867434951942,-5.639096593856811,-47.815662,0.009786969370907173,0.004069845618505497,-5.590538868308068,,,0.95,0.9,both,5.851926961183658,7.034542358162957,0.6685749758409714,0.0,-56.793568,2532.249682402443,2.4731421
233,1784835885.3375227,,8.0,,8.0,,6.0,,6.0,,10.0,,10.0,,1.0,,1.0,,4.0,,4.0,,2.0,,2.0,,5.0,,5.0,,8.0,,8.0,,7.416543419472873,,5.576667716144584,,9.248756118118763,,0.6212677033618093,,3.74248593300581,,1.7732486503664404,,4.694318103604019,,7.5,-0.3171565532684326,-0.0036707213439513,0.11146430391818285,2.027366116642952,38207488,65936,18656,1166,8.296761,0.005554237696924247,0.005230005353951128,-5.623405835032463,-32.704285,0.006047015979129355,0.00375563619309105,-5.590397271513939,,,0.95,0.9,both,5.999140799834878,6.484600465390852,0.47109689200528326,0.0,-48.649086,2496.1153150377977,8.296761
234,1784835950.6229882,,8.0,,8.0,,6.0,,6.0,,10.0,,10.0,,1.0,,1.0,,4.0,,4.0,,2.0,,2.0,,5.0,,5.0,,8.0,,8.0,,8.570539127802476,,6.527505196863785,,9.953113369178027,,1.3007824984379113,,4.270155952312052,,2.3081862011167686,,4.997234763810411,,8.6875,-0.3610770106315613,-0.0014577878755517304,0.021743973455158994,2.028597414493561,38371328,66152,18736,1171,-26.7798,0.00790314574551303,0.005462442013958934,-5.559564793109894,-64.562645,0.008428331455797888,0.0045917491785075985,-5.626645016670227,,,0.95,0.9,both,5.776047715112287,5.200051473098009,0.2754799034161499,0.0,-54.629982,2509.5938037514334,-26.7798
235,1784836016.1801143,,8.0,,8.0,,6.0,,6.0,,10.0,,10.0,,1.0,,1.0,,4.0,,4.0,,2.0,,2.0,,5.0,,5.0,,8.0,,8.0,,7.990957475267351,,5.621004545420874,,9.519243543036282,,0.8008599927416071,,3.926252720877528,,2.1919732643000316,,4.795841463841498,,7.5625,-0.607404887676239,-0.008341272943653166,0.03623798571061343,2.034254476428032,38535168,66362,18816,1176,-9.255919,0.005657185391464736,0.0047300836420618,-5.5254207968711855,-53.929466,0.007566889401641674,0.0028761800873326137,-5.563618898391724,,,0.95,0.9,both,5.095206419606063,5.115622939562985,0.3683349405564858,0.0,-29.54012,2499.195259965077,-9.255919
236,1784836083.7303255,,8.0,,8.0,,6.0,,6.0,,10.0,,10.0,,1.0,,1.0,,4.0,,4.0,,2.0,,2.0,,5.0,,5.0,,8.0,,8.0,,7.702592425048351,,5.6580245876684785,,9.618774067610502,,0.8081662566401064,,3.872140670660883,,1.6709598302841187,,4.706787276081741,,7.375,-0.2697557210922241,-0.00258294417290017,0.06358924496453255,2.0225627794861794,38699008,66532,18896,1181,-11.289001,0.006170384585857391,0.00504463220568141,-5.567115378379822,-45.760067,0.004582980043778662,0.005218993945163675,-5.549727636575699,,,0.95,0.9,both,5.5084920141766975,5.961394064134213,0.2852969668810357,0.0,-56.39866,2425.454269070752,-11.289001
237,1784836151.7307122,,8.0,,8.0,,6.0,,6.0,,10.0,,10.0,,1.0,,1.0,,4.0,,4.0,,2.0,,2.0,,5.0,,5.0,,8.0,,8.0,,8.8385448907502,,6.98322419077158,,10.0,,1.4254927542060614,,4.458184542134404,,2.4537925329059362,,4.994796371087432,,8.9375,-0.2342718243598938,0.00032941694371402264,0.036346884560771286,2.019194968044758,38862848,66724,18976,1186,7.508409,0.0054700782682630235,0.004641596748842858,-5.5499766051769255,-54.950794,0.006094657303765416,0.0047154056141152974,-5.541710045933724,,,0.95,0.9,both,5.570218250972134,4.790494246914053,0.6283539237972608,0.0,-33.889427,2409.3979762881468,7.508409
238,1784836218.4846575,,8.0,,8.0,,6.0,,6.0,,10.0,,10.0,,1.0,,1.0,,4.0,,4.0,,2.0,,2.0,,5.0,,5.0,,8.0,,8.0,,7.142086077714339,,5.047232743352652,,9.214493993706128,,0.6759804324246943,,3.675038995221257,,1.6040731258690357,,4.60622543701902,,7.25,-0.5497974157333374,-0.004556610714644194,0.030196937907021493,2.02459055185318,39026688,66915,19056,1191,-6.934095,0.0053878049802733585,0.004354122682707384,-5.521906721591949,-11.916686,0.00616828404890839,0.0023592169796756934,-5.516445764899254,,,0.95,0.9,both,5.449947006902992,4.677318109266247,0.5468790611768518,0.0,-36.449867,2454.386895147652,-6.934095
239,1784836285.0433886,,8.0,,8.0,,6.0,,6.0,,10.0,,10.0,,1.0,,1.0,,4.0,,4.0,,2.0,,2.0,,5.0,,5.0,,8.0,,8.0,,8.363147247582674,,6.25225015624892,,9.790043137967587,,0.9129675421863794,,4.172769742202945,,2.144649631343782,,4.909263366833329,,8.0,-0.25934600830078125,-0.007812432770151645,0.03293384175049141,2.033760406076908,39190528,67125,19136,1196,13.83341,0.004779426226014039,0.004720197344431654,-5.524446675181389,-49.825798,0.006424571070238016,0.002495673813245958,-5.51178697347641,,,0.95,0.9,both,5.001135770691061,6.547137636710571,0.43952411842637806,0.0,-47.757378,2461.5852353191763,13.83341
240,1784836348.7271404,,8.0,,8.0,,6.0,,6.0,,10.0,,10.0,,1.0,,1.0,,4.0,,4.0,,2.0,,2.0,,5.0,,5.0,,8.0,,8.0,,8.665347140282393,,6.710888696834445,,9.941945265978575,,1.3762743147090077,,4.289643393422011,,2.27268457156606,,4.885340724140406,,8.5,-0.41705384850502014,-0.0012458770070225,0.04946890159044415,2.0363017171621323,39354368,67325,19216,1201,3.9512146,0.005797703957068734,0.0046996738681627905,-5.53840863108635,-53.718147,0.009980371549318079,0.005117809823423159,-5.465709686279297,,,0.95,0.9,both,5.581605130103956,4.802092803533329,0.4421537946931017,0.0,-78.067825,2572.7127583243805,3.9512146
241,1784836413.3731518,,8.0,,8.0,,6.0,,6.0,,10.0,,10.0,,1.0,,1.0,,4.0,,4.0,,2.0,,2.0,,5.0,,5.0,,8.0,,8.0,,7.1423517391085625,,5.675013372674584,,9.240100509487092,,0.771140999160707,,3.6873086545383558,,1.7935210284776986,,4.712911264970899,,7.5,-1.0988130569458008,-0.0039160968735814095,0.2795987166464329,2.0450401604175568,39518208,67525,19296,1206,6.760829,0.005192306780372746,0.004444101722037885,-5.545530819892884,-30.835571,0.017098461044952273,0.003699300163134467,-5.492243388295174,,,0.95,0.9,both,5.348231786426396,5.355834669472688,0.49904911281367514,0.0,-25.629528,2534.417864936228,6.760829
242,1784836477.520736,,8.0,,8.0,,6.0,,6.0,,10.0,,10.0,,1.0,,1.0,,4.0,,4.0,,2.0,,2.0,,5.0,,5.0,,8.0,,8.0,,8.072519177105278,,5.815639514476061,,9.706178342923522,,0.9987232831772417,,3.9495676036458462,,1.8651163037866354,,4.823290446773171,,7.75,-0.6417714357376099,-0.0007214858196675777,0.1050310832215473,2.0475360304117203,39682048,67713,19376,1211,3.279848,0.00543249787951936,0.005484598945622565,-5.533333179354668,-48.82417,0.017361497436650098,0.006342789504560642,-5.502434238791466,,,0.95,0.9,both,5.580043458349662,4.060009588355032,0.2691800978614046,0.0,-85.45739,2554.1101528673116,3.279848
243,1784836542.1898706,,8.0,,8.0,,6.0,,6.0,,10.0,,10.0,,1.0,,1.0,,4.0,,4.0,,2.0,,2.0,,5.0,,5.0,,8.0,,8.0,,8.390394842252135,,6.512636411935091,,9.818223444744945,,1.0621695136651397,,4.174897686752956,,2.1746225106180646,,4.898674812167883,,8.25,-0.37890005111694336,-0.005594977643340826,0.0548390377080068,2.047418490052223,39845888,67906,19456,1216,4.9320626,0.0052001680371176915,0.005091193110274617,-5.504015877842903,-42.780823,0.01015707966289483,0.001352889808549662,-5.478966647386551,,,0.95,0.9,both,5.552455054221758,5.269493585481571,0.4065522712465304,0.0,-49.970253,2533.5115325263405,4.9320626
244,1784836607.0729668,,8.0,,8.0,,6.0,,6.0,,10.0,,10.0,,1.0,,1.0,,4.0,,4.0,,2.0,,2.0,,5.0,,5.0,,8.0,,8.0,,8.139973624027334,,6.51986761088483,,9.741853585466743,,0.9789336344692856,,4.005835401825607,,2.0654719034209847,,4.901340830139816,,7.6875,-0.5514206290245056,8.528830949217081e-05,0.1612629070878029,2.0559985861182213,40009728,68091,19536,1221,-0.6113704,0.005643190065893577,0.003536287166934926,-5.493307238817215,-62.471184,0.018686777842231096,0.0036587103488272986,-5.4470353573560715,,,0.95,0.9,both,5.084337880326092,3.8589347873595705,0.31264947188018677,0.0,-55.61419,2525.1569346829624,-0.6113704
245,1784836674.3493552,,8.0,,8.0,,6.0,,6.0,,10.0,,10.0,,1.0,,1.0,,4.0,,4.0,,2.0,,2.0,,5.0,,5.0,,8.0,,8.0,,8.498067541513592,,6.818338111042976,,9.94010829180479,,1.1530389646068215,,4.281050021294504,,2.3098902367055416,,4.973256240598857,,8.625,-0.3630421459674835,-0.0034777767141349614,0.07665100204758346,2.0637228339910507,40173568,68304,19616,1226,0.55246866,0.005659113492583856,0.0038596198530285617,-5.515277227759361,-26.178806,0.012355127198679839,0.0011906167055713013,-5.4486745476722716,,,0.95,0.9,both,5.347529742530012,3.5815449202101335,0.27784145462691323,0.0,-57.627724,2435.3269112141647,0.55246866
246,1784836738.8169148,,8.0,,8.0,,6.0,,6.0,,10.0,,10.0,,1.0,,1.0,,4.0,,4.0,,2.0,,2.0,,5.0,,5.0,,8.0,,8.0,,8.053928856737912,,6.084080962464213,,9.434082690626383,,0.9821146810427308,,4.167186814593151,,1.9243646152317524,,4.793247344903648,,7.625,-0.6228517293930054,-0.008201898483093828,0.14629155467264354,2.0663105696439743,40337408,68513,19696,1231,13.834883,0.005203174432972446,0.005581286714732414,-5.4959920078516005,-55.49995,0.026094286399893463,0.0038272025136393494,-5.442301318049431,,,0.95,0.9,both,5.603130349085024,4.174455384140834,0.28881256039351844,0.0,-70.08644,2541.4332888821823,13.834883
247,1784836804.6918826,,8.0,,8.0,,6.0,,6.0,,10.0,,10.0,,1.0,,1.0,,4.0,,4.0,,2.0,,2.0,,5.0,,5.0,,8.0,,8.0,,7.240308245178312,,5.489879189059138,,9.448070529673714,,0.7102513974532485,,3.7668763250112534,,1.636705731973052,,4.690144633874297,,7.25,-0.47163885831832886,9.965384379029274e-05,0.05257493647513911,2.05827347189188,40501248,68696,19776,1236,9.690134,0.004920244207460201,0.004295660323987249,-5.468558037281037,-33.973404,0.007931383953837213,0.0024504837187123486,-5.41407743692398,,,0.95,0.9,both,5.039100681627476,3.943112145696803,0.35443654797020085,0.0,-37.906387,2487.135921627862,9.690134
248,1784836873.4695618,,8.0,,8.0,,6.0,,6.0,,10.0,,10.0,,1.0,,1.0,,4.0,,4.0,,2.0,,2.0,,5.0,,5.0,,8.0,,8.0,,8.796746955253184,,6.718250265344977,,9.96170487254858,,1.471346888691187,,4.411691138520837,,2.3253845563158393,,4.9747232750523835,,8.625,-0.38554754853248596,0.0003851703950203955,0.07469497510464862,2.0630763471126556,40665088,68910,19856,1241,16.000502,0.005319562624936225,0.004301515264887712,-5.488067489862442,-42.85309,0.008033732589683495,0.002070658931916114,-5.443903788924217,,,0.95,0.9,both,5.184496830257677,4.843222864116347,0.5253881518130692,0.0,-20.936224,2382.1682060209546,16.000502
249,1784836940.015516,,8.0,,8.0,,6.0,,6.0,,10.0,,10.0,,1.0,,1.0,,4.0,,4.0,,2.0,,2.0,,5.0,,5.0,,8.0,,8.0,,8.394134841801133,,6.590865456266329,,9.786093149334192,,1.355390478798654,,4.22627885825932,,2.157442134222947,,4.917965247746906,,8.25,-0.3989419639110565,-0.0031200372031889856,0.04036948474822566,2.072660319507122,40828928,69109,19936,1246,2.6717772,0.00512519284748123,0.005197619950922672,-5.483282083272934,-25.55518,0.007670354342553765,0.005306364901480265,-5.442829123139381,,,0.95,0.9,both,5.775928442043968,6.12502459048823,0.31805735873498964,0.0,-37.017853,2462.0582466439273,2.6717772
250,1784837006.7167659,,8.0,,8.0,,6.0,,6.0,,10.0,,10.0,,1.0,,1.0,,4.0,,4.0,,2.0,,2.0,,5.0,,5.0,,8.0,,8.0,,8.480875472538173,,6.328336297767237,,9.964246053248644,,1.3482871167361736,,4.2374602106865495,,2.331782959634438,,4.893651910126209,,8.5,-0.428339421749115,-0.0008656361023895442,0.06983613560441881,2.084579922258854,40992768,69288,20016,1251,-6.717101,0.005321016324887751,0.003963745587680023,-5.477812638878822,-44.98778,0.009877698100171983,0.0029991912859259175,-5.434539490938187,,,0.95,0.9,both,5.404573278639548,3.875910888823462,0.27791570721685444,0.0,-48.6222,2456.325504918259,-6.717101
251,1784837073.6817968,,8.0,,8.0,,6.0,,6.0,,10.0,,10.0,,1.0,,1.0,,4.0,,4.0,,2.0,,2.0,,5.0,,5.0,,8.0,,8.0,,8.107823515543714,,6.316606054082513,,9.650022202869877,,1.0332183432765305,,3.833763591130264,,2.0961064235307276,,4.735573564656079,,7.875,-0.6225197315216064,-0.0003146996605210006,0.10587725322693586,2.0954362899065018,41156608,69510,20096,1256,1.4593983,0.006537647344521247,0.004028418401139789,-5.469876298308373,-70.36111,0.011036339533166028,0.003030133915308397,-5.45679235458374,,,0.95,0.9,both,4.932387862378978,6.299813377098073,0.3114943777500218,0.0,-26.067917,2446.650261189093,1.4593983
252,1784837142.1565514,,8.0,,8.0,,6.0,,6.0,,10.0,,10.0,,1.0,,1.0,,4.0,,4.0,,2.0,,2.0,,5.0,,5.0,,8.0,,8.0,,8.585384063626407,,6.408815446309745,,9.849555119872093,,1.241640679887496,,4.248422971228138,,2.218627391383052,,4.971433941274881,,8.6875,-0.45143499970436096,-0.0003292296314612031,0.03743311812286265,2.1020664870738983,41320448,69726,20176,1261,1.4205503,0.005546908425458241,0.0038824735405796674,-5.478376477956772,-62.03723,0.010703085581189953,0.0036758715417818167,-5.446200352907181,,,0.95,0.9,both,5.101337143571078,5.273996664142521,0.4389440343679092,0.0,-50.121178,2392.706553949982,1.4205503
253,1784837212.5194788,,8.0,,8.0,,6.0,,6.0,,10.0,,10.0,,1.0,,1.0,,4.0,,4.0,,2.0,,2.0,,5.0,,5.0,,8.0,,8.0,,8.609219433739781,,6.2264388762414455,,9.710660077631474,,1.13558179885149,,4.132102226983989,,2.199198969945428,,4.912870662286878,,8.375,-0.33526208996772766,-3.8625497836619616e-05,0.10566342086531222,2.107721909880638,41484288,69951,20256,1266,6.4078903,0.006048741337872343,0.005780651464010589,-5.474757525324821,-57.108917,0.014531309803714976,0.001580807073332835,-5.457209074497223,,,0.95,0.9,both,5.225263527748039,5.092489944215375,0.2894256659489325,0.0,-52.630363,2328.4994997478457,6.4078903
254,1784837282.0949364,,8.0,,8.0,,6.0,,6.0,,10.0,,10.0,,1.0,,1.0,,4.0,,4.0,,2.0,,2.0,,5.0,,5.0,,8.0,,8.0,,7.44590528216213,,5.320245506241918,,9.134333272464573,,0.7489500162810145,,3.7062321812845767,,1.745927685406059,,4.634450471960008,,7.4375,-0.3269548714160919,8.164503378793597e-05,0.03843804815551266,2.0989802554249763,41648128,70159,20336,1271,15.860331,0.005382807937712642,0.004585135605884716,-5.456284865736961,-48.251015,0.004312381731142523,0.0032475297019118445,-5.433145976066589,,,0.95,0.9,both,4.747461492013624,5.426285588650835,0.5338460681349584,0.0,-44.398228,2354.8529941685188,15.860331
255,1784837349.2749581,,8.0,,8.0,,6.0,,6.0,,10.0,,10.0,,1.0,,1.0,,4.0,,4.0,,2.0,,2.0,,5.0,,5.0,,8.0,,8.0,,7.936722193757305,,6.124941993504763,,9.384876437485218,,0.9875551708973944,,4.033663233916741,,1.871825225185603,,4.658074294216931,,7.75,-0.3440321087837219,-0.0015482960734516382,0.13396114844363183,2.108654387295246,41811968,70362,20416,1276,1.6881202,0.006101944216061384,0.005221307450847234,-5.4131015747785565,-61.484657,0.011915533884894103,0.0033093817051849327,-5.3981924772262575,,,0.95,0.9,both,5.116559731311482,5.1126523136166435,0.323814556450044,0.0,-54.128227,2438.8200088757435,1.6881202
256,1784837417.2900252,,8.0,,8.0,,6.0,,6.0,,10.0,,10.0,,1.0,,1.0,,4.0,,4.0,,2.0,,2.0,,5.0,,5.0,,8.0,,8.0,,7.822539817541838,,5.474626107607037,,9.314134638756514,,0.8176921117119491,,3.7928709502739366,,1.8583241610904224,,4.69477376062423,,7.9375,-0.4555434584617615,-0.005568938853684813,0.04594611091306433,2.108638808131218,41975808,70573,20496,1281,-13.46331,0.006270125893206568,0.003227578151563648,-5.4017448872327805,-60.626842,0.007787092064972967,0.003611194399127271,-5.397668087482453,,,0.95,0.9,both,5.061756080893026,5.46514680474884,0.357899685614805,0.0,-47.734596,2408.878033921475,-13.46331
257,1784837483.5921276,,8.0,,8.0,,6.0,,6.0,,10.0,,10.0,,1.0,,1.0,,4.0,,4.0,,2.0,,2.0,,5.0,,5.0,,8.0,,8.0,,8.716830369085073,,6.70072034932673,,9.978827510029078,,1.4186069965362549,,4.3471518768928945,,2.3450257771182805,,5.0,,8.6875,-0.5653057098388672,0.0001757427817210555,0.15154661145061255,2.11016783118248,42139648,70774,20576,1286,-12.888056,0.006010531865467783,0.005508950172952609,-5.376170966029167,-56.668266,0.021324807102791964,0.006665729408268817,-5.357109570503235,,,0.95,0.9,both,5.366668002859011,3.9907502282020113,0.46001463371988227,0.0,-46.33911,2471.113242661553,-12.888056
258,1784837550.5381632,,8.0,,8.0,,6.0,,6.0,,10.0,,10.0,,1.0,,1.0,,4.0,,4.0,,2.0,,2.0,,5.0,,5.0,,8.0,,8.0,,8.762708968482912,,6.696327049285173,,9.888881145045161,,1.2149641669820994,,4.305415996350348,,2.3219158807769418,,4.995231072418392,,8.625,-0.39218512177467346,-0.004632633936125785,0.028620912751648575,2.10617895424366,42303488,70950,20656,1291,-5.0410047,0.005843991799338255,0.0035594407738244625,-5.365192118287086,-32.877937,0.0048406060552224515,0.0013212133213528431,-5.319148367643356,,,0.95,0.9,both,4.944655824775138,5.158038822805404,0.4699022290434025,0.0,-52.271355,2447.344383549532,-5.0410047
259,1784837619.2457566,,8.0,,8.0,,6.0,,6.0,,10.0,,10.0,,1.0,,1.0,,4.0,,4.0,,2.0,,2.0,,5.0,,5.0,,8.0,,8.0,,8.165031443350017,,6.2832631572382525,,9.62557815015316,,1.041181224922184,,4.165766918100417,,1.939324516337365,,4.8175207991153,,8.0,-0.4428136646747589,-0.0014505470171570778,0.03356896649347618,2.1012846902012825,42467328,71146,20736,1296,-0.9250313,0.005208029103232548,0.003308608903171262,-5.346233680844307,-51.2469,0.004995313189283479,0.0020960494461178315,-5.302170270681382,,,0.95,0.9,both,5.217028357996769,5.262970571130242,0.27483808114489616,0.0,-27.009878,2384.598165089834,-0.9250313
260,1784837685.927893,,8.0,,8.0,,6.0,,6.0,,10.0,,10.0,,1.0,,1.0,,4.0,,4.0,,2.0,,2.0,,5.0,,5.0,,8.0,,8.0,,8.228690461721271,,6.165780225768685,,9.548451086506248,,1.1230424222521833,,3.9371699693147093,,2.2278070631437004,,4.8790412549860775,,8.125,-0.41352158784866333,-8.859344234224409e-05,0.05631545890355483,2.106081038713455,42631168,71322,20816,1301,-1.0093441,0.005402205036079977,0.004359696749452269,-5.3334248721599575,-48.988464,0.006087208709504921,0.002300960697903065,-5.32303064763546,,,0.95,0.9,both,5.088508657767328,5.16110666597991,0.38880975225550274,0.0,-44.56271,2457.0307018338476,-1.0093441
261,1784837752.6394837,,8.0,,8.0,,6.0,,6.0,,10.0,,10.0,,1.0,,1.0,,4.0,,4.0,,2.0,,2.0,,5.0,,5.0,,8.0,,8.0,,7.173512510955334,,5.210639752447605,,9.211862189695239,,0.6774226427078247,,3.676112114917487,,1.737967886030674,,4.612019610591233,,7.3125,-0.04859822988510132,-0.0003943291958421469,0.07260125037282705,2.104966200888157,42795008,71485,20896,1306,15.000809,0.005323140325344866,0.006534625851782039,-5.360260131955147,-25.27338,0.005652526125777513,0.0022821188948000783,-5.3397029638290405,,,0.95,0.9,both,5.024628737506088,4.854526411003373,0.5098991888560847,0.0,-38.41804,2455.944794626457,15.000809
262,1784837819.7808824,,8.0,,8.0,,6.0,,6.0,,10.0,,10.0,,1.0,,1.0,,4.0,,4.0,,2.0,,2.0,,5.0,,5.0,,8.0,,8.0,,7.490962256677449,,5.642174206674099,,9.153316940646619,,0.7834407510235906,,3.6106761579867452,,1.6798834011424333,,4.646140975644812,,7.3125,0.018928829580545425,-0.0014066415606066585,0.05827963619958609,2.101390242576599,42958848,71662,20976,1311,13.553423,0.004913293779827655,0.004412271174805938,-5.396165934205055,-28.958658,0.0049931058383663185,0.0016734549528337084,-5.331756174564362,,,0.95,0.9,both,5.051258337249136,5.547225327452743,0.5608135198959568,0.0,-36.85874,2440.222541023032,13.553423
263,1784837888.5739613,,8.0,,8.0,,6.0,,6.0,,10.0,,10.0,,1.0,,1.0,,4.0,,4.0,,2.0,,2.0,,5.0,,5.0,,8.0,,8.0,,7.994782474823296,,6.285159707069397,,9.771500762552023,,1.1546865541022273,,3.9154903134331107,,2.132981810718775,,4.770586360245943,,8.125,-0.5520662069320679,-0.0024672544095665216,0.08274651446845382,2.1042720675468445,43122688,71833,21056,1316,-3.3337944,0.00488072836669744,0.005318491398065816,-5.423314866423607,-44.36636,0.0037839333461306525,0.00282574906013906,-5.365062245726586,,,0.95,0.9,both,5.312978723267154,5.551187536761084,0.331134671693034,0.0,-27.492191,2381.634854138217,-3.3337944
264,1784837956.9884207,,8.0,,8.0,,6.0,,6.0,,10.0,,10.0,,1.0,,1.0,,4.0,,4.0,,2.0,,2.0,,5.0,,5.0,,8.0,,8.0,,8.293345980113372,,6.653523715212941,,9.842050150036812,,1.2730783768929541,,4.331444319337606,,2.1230504957493395,,4.944781572557986,,8.375,-0.4300578236579895,-4.5370543375611305e-06,0.0194510658911895,2.100437641143799,43286528,72009,21136,1321,15.083468,0.0041230599505070135,0.004642258731473703,-5.441303169727325,-14.542265,0.0028430724298232233,0.001712642605707515,-5.388400998711586,,,0.95,0.9,both,5.458060355764102,5.4939941939816395,0.2882329756105876,0.0,-9.137439,2394.8154531276505,15.083468
265,1784838026.0147758,,8.0,,8.0,,6.0,,6.0,,10.0,,10.0,,1.0,,1.0,,4.0,,4.0,,2.0,,2.0,,5.0,,5.0,,8.0,,8.0,,8.370259930379689,,6.560532015748322,,9.895392045378685,,1.1186481593176723,,4.205629670061171,,2.1231959068682045,,4.957498148083687,,8.375,-0.6161497235298157,-0.0043238426733296365,0.12312578654382378,2.091546908020973,43450368,72193,21216,1326,9.325617,0.004846633010311052,0.0031488471628108527,-5.470437091588974,-71.69423,0.0073613153450423855,0.0030088614439591765,-5.413430541753769,,,0.95,0.9,both,5.352802427369764,5.692908632395165,0.2720964250063562,0.0,-14.458865,2373.5861650703705,9.325617
266,1784838094.550348,,8.0,,8.0,,6.0,,6.0,,10.0,,10.0,,1.0,,1.0,,4.0,,4.0,,2.0,,2.0,,5.0,,5.0,,8.0,,8.0,,8.903527945280075,,6.732228947803378,,10.0,,1.4464088631793857,,4.460353319998831,,2.383359160274267,,4.984231946989894,,8.875,-0.175824373960495,5.958153633400798e-05,0.18123329349327832,2.09575517475605,43614208,72378,21296,1331,6.447028,0.004274823065497912,0.0036476595589192582,-5.468842986226082,-61.80509,0.006219039537245408,0.004163087073538918,-5.417441061139106,,,0.95,0.9,both,5.965836074147541,5.821514140225723,0.7757323436145,0.0,-20.906422,2390.5832856429265,6.447028
267,1784838163.17393,,8.0,,8.0,,6.0,,6.0,,10.0,,10.0,,1.0,,1.0,,4.0,,4.0,,2.0,,2.0,,5.0,,5.0,,8.0,,8.0,,8.332017239183187,,6.208884508349001,,9.8216294310987,,1.136154420208186,,4.059633960947394,,1.9855953943915665,,4.907372619956732,,8.3125,-0.4919983744621277,-0.003615863621234894,0.05195270851254463,2.0897402092814445,43778048,72572,21376,1336,-7.2447457,0.005118380287603941,0.0039119571847550105,-5.45954207777977,-26.730122,0.008064101362833753,0.002591058373218402,-5.432482713460923,,,0.95,0.9,both,5.600352877483419,4.997225699499163,0.38860565224344534,0.0,-53.18761,2387.517532340924,-7.2447457
268,1784838232.248518,,8.0,,8.0,,6.0,,6.0,,10.0,,10.0,,1.0,,1.0,,4.0,,4.0,,2.0,,2.0,,5.0,,5.0,,8.0,,8.0,,8.18338314536959,,6.630540688056499,,9.813551496714354,,1.2606251992983744,,4.26698232954368,,2.0652562192990445,,4.941946184262633,,8.75,-0.48802685737609863,5.05566131323576e-05,0.043127471988555044,2.104372948408127,43941888,72748,21456,1341,-2.2865329,0.0050080085384252016,0.004724821450508898,-5.471054670214653,-19.485481,0.0019395850100409006,0.0022611335465626326,-5.457196417450905,,,0.95,0.9,both,5.861724358520709,5.7649482584510086,0.28454995736552346,0.0,-30.98887,2371.928707490628,-2.2865329
269,1784838298.609116,,8.0,,8.0,,6.0,,6.0,,10.0,,10.0,,1.0,,1.0,,4.0,,4.0,,2.0,,2.0,,5.0,,5.0,,8.0,,8.0,,8.64049668237567,,6.766470599919558,,9.951403617858887,,1.3685676415916532,,4.310343585908413,,2.2443779869936407,,4.978572215884924,,9.0,-0.6879459619522095,5.2279443480074406e-05,0.06955773965455592,2.1075100004673004,44105728,72916,21536,1346,16.232716,0.005152458516386104,0.005999576725298539,-5.476703280210495,-42.630814,0.00317890100486693,0.001026679855567636,-5.458507317304611,,,0.95,0.9,both,5.786237435549252,5.692478432715207,0.4911795232607893,0.0,-46.445755,2468.9349333487557,16.232716
270,1784838364.8014224,,8.0,,8.0,,6.0,,6.0,,10.0,,10.0,,1.0,,1.0,,4.0,,4.0,,2.0,,2.0,,5.0,,5.0,,8.0,,8.0,,8.026558195415419,,5.894473584368825,,9.819845423102379,,0.9612841072957963,,4.15208472753875,,1.8606499874731526,,4.796619249507785,,8.0,-0.40039706230163574,-0.0002599665895104408,0.038976947660557926,2.110228292644024,44269568,73084,21616,1351,14.360552,0.004584619765228126,0.003996879381884355,-5.4878417432308195,-18.744717,0.0027517589885974305,0.002731211694481317,-5.483805307745934,,,0.95,0.9,both,5.069468055388269,6.269058937018551,0.2887939294588404,0.0,-43.329216,2475.2125774810743,14.360552
271,1784838432.0825112,,8.0,,8.0,,6.0,,6.0,,10.0,,10.0,,1.0,,1.0,,4.0,,4.0,,2.0,,2.0,,5.0,,5.0,,8.0,,8.0,,8.212115682661533,,6.356220453977585,,9.61936740577221,,1.042322849854827,,4.20175069430843,,2.2938064001573366,,4.964759468566626,,8.25,-0.4493182599544525,-0.0003267981519456953,0.13325061625801027,2.1157103404402733,44433408,73249,21696,1356,-5.5586543,0.005505524241016246,0.0024794342112727462,-5.508759874105453,-39.782677,0.003922011642134749,0.00464461450901581,-5.493328416347504,,,0.95,0.9,both,5.628322439853044,6.563062874221894,0.26821326740372287,0.0,-36.49404,2435.156564968163,-5.5586543
272,1784838497.1983259,,8.0,,8.0,,6.0,,6.0,,10.0,,10.0,,1.0,,1.0,,4.0,,4.0,,2.0,,2.0,,5.0,,5.0,,8.0,,8.0,,8.80564472079277,,6.927708741277456,,9.904224842786789,,1.4616023637354374,,4.291881910292432,,2.4208815125748515,,4.9494054317474365,,8.875,-0.5369383692741394,0.0003366399178048596,0.04222243605181575,2.1161170825362206,44597248,73413,21776,1361,7.6187286,0.004551269145304104,0.0032975954600260593,-5.530705350637436,-24.589727,0.002142008607916068,0.0032165370939765126,-5.528017443418503,,,0.95,0.9,both,5.28966494365937,6.238599049012983,0.611564478221527,0.0,-61.528175,2516.1321011086175,7.6187286
273,1784838565.5649426,,8.0,,8.0,,6.0,,6.0,,10.0,,10.0,,1.0,,1.0,,4.0,,4.0,,2.0,,2.0,,5.0,,5.0,,8.0,,8.0,,8.307793701183982,,6.119558525970206,,9.849810417741537,,1.2044348185881972,,4.060404214658774,,2.2648959420621395,,4.880608141887933,,8.25,-0.4467836022377014,9.408453479409218e-05,0.04243218095507473,2.1143729463219643,44761088,73592,21856,1366,6.7362185,0.00477829514129553,0.003819653519167332,-5.531750485301018,-26.54877,0.0030576789344195277,0.002680029450857546,-5.51005856692791,,,0.95,0.9,both,5.237416712229721,5.6855656384953,0.29741052705318427,0.0,-7.1730194,2396.4911817071784,6.7362185
274,1784838635.0131402,,8.0,,8.0,,6.0,,6.0,,10.0,,10.0,,1.0,,1.0,,4.0,,4.0,,2.0,,2.0,,5.0,,5.0,,8.0,,8.0,,7.574517182074487,,5.524609255604446,,9.36185662727803,,0.7831188177224249,,4.086127961287275,,1.8245355682447553,,4.614337048726156,,7.3125,-0.48540401458740234,-0.0002943031722679734,0.13225631858222187,2.1131677851080894,44924928,73755,21936,1371,9.625662,0.004579138319968479,0.003103538470168132,-5.55226956307888,-31.970608,0.006668640134012094,0.0038925853419641498,-5.506565648317337,,,0.95,0.9,both,5.3751626851380205,4.705673146054889,0.36280021017257935,0.0,-28.736362,2359.1684942695174,9.625662
275,1784838701.8495076,,8.0,,8.0,,6.0,,6.0,,10.0,,10.0,,1.0,,1.0,,4.0,,4.0,,2.0,,2.0,,5.0,,5.0,,8.0,,8.0,,7.2658926378935575,,5.269801886752248,,9.204001650214195,,0.561267570592463,,3.68608224397758,,1.7212271336466074,,4.704831771552563,,7.125,-0.5603898167610168,4.029308911412954e-06,0.06237584154587239,2.1103498488664627,45088768,73925,22016,1376,12.517477,0.004838522127829492,0.004429087587050162,-5.575770235061645,-34.46308,0.002695895353826927,0.0019150693871779368,-5.529182735085487,,,0.95,0.9,both,5.612602742453463,5.720624163616117,0.5573909092655429,0.0,-28.51413,2451.3600254635644,12.517477
276,1784838770.2467737,,8.0,,8.0,,6.0,,6.0,,10.0,,10.0,,1.0,,1.0,,4.0,,4.0,,2.0,,2.0,,5.0,,5.0,,8.0,,8.0,,7.542468952015042,,5.7097483005491085,,9.43548445776105,,0.8193692141212523,,3.588771587703377,,1.7880835384130478,,4.666194161400199,,7.5625,-0.23046967387199402,5.022611003369093e-05,0.047956684429664165,2.1154646202921867,45252608,74091,22096,1381,11.386603,0.003919279290857958,0.0027838175803481134,-5.562227717041969,-6.6411057,0.003170769562711939,0.0034701640463026704,-5.5504436701536175,,,0.95,0.9,both,5.932934030306383,5.769969437388012,0.45965432917812127,0.0,-41.044994,2395.417402467576,11.386603
277,1784838837.822893,,8.0,,8.0,,6.0,,6.0,,10.0,,10.0,,1.0,,1.0,,4.0,,4.0,,2.0,,2.0,,5.0,,5.0,,8.0,,8.0,,7.319473687559366,,5.183918739436194,,9.193889455869794,,0.8245223533012904,,3.608327188063413,,1.7085877996869385,,4.652362179476768,,7.125,-0.48693883419036865,0.0003831823414657265,0.04905722686089575,2.1151522621512413,45416448,74278,22176,1386,3.054046,0.00559838411572855,0.0047777170781046156,-5.596828278899193,-34.87086,0.0037195911463641096,0.002626107096148189,-5.57325587272644,,,0.95,0.9,both,5.411208155041376,5.728633135053097,0.5013053940813015,0.0,-37.774483,2424.525240211458,3.054046
278,1784838905.642095,,8.0,,8.0,,6.0,,6.0,,10.0,,10.0,,1.0,,1.0,,4.0,,4.0,,2.0,,2.0,,5.0,,5.0,,8.0,,8.0,,8.599618693813682,,6.715309496968985,,9.937884006649256,,1.4892610926181078,,4.405420335009694,,2.4235776723362505,,5.0,,8.4375,-0.5794788599014282,0.0007776468992233276,0.16168553166789934,2.118535540997982,45580288,74458,22256,1391,7.127263,0.005049653798050713,0.003725157778535504,-5.615870094299316,-14.332617,0.008057300111977384,0.003215540948440321,-5.558909338712692,,,0.95,0.9,both,5.607671356372421,5.269656496928806,0.5701988417670293,0.0,-22.344112,2415.8350382418735,7.127263
279,1784838974.8962312,,8.0,,8.0,,6.0,,6.0,,10.0,,10.0,,1.0,,1.0,,4.0,,4.0,,2.0,,2.0,,5.0,,5.0,,8.0,,8.0,,7.408937018364668,,5.4602952292189,,9.443450952414423,,0.8953322373272385,,3.7898608427494764,,1.6553088072687387,,4.760405371605884,,7.5625,-0.46778789162635803,-0.0018367721349932253,0.052715478581376374,2.1247130259871483,45744128,74632,22336,1396,5.6072474,0.004384970599494409,0.0014439317004871556,-5.6277011901140215,-43.10251,0.004485953559924383,0.0029621702975418883,-5.614221128821373,,,0.95,0.9,both,5.27869744119488,6.270086834322181,0.35463536746434765,0.0,-22.968216,2365.7791528084144,5.6072474
280,1784839043.8063881,,8.0,,8.0,,6.0,,6.0,,10.0,,10.0,,1.0,,1.0,,4.0,,4.0,,2.0,,2.0,,5.0,,5.0,,8.0,,8.0,,8.564569016452879,,6.778384156525135,,10.0,,1.4757488314062357,,4.41476209834218,,2.415615504840389,,5.0,,8.9375,-0.37417593598365784,0.0003051091334782541,0.052605591947212815,2.1244005039334297,45907968,74809,22416,1401,6.2730737,0.004074719047639519,0.0022595185655518435,-5.617369452118874,-41.688683,0.0034395487178699113,0.002328341093380004,-5.630040213465691,,,0.95,0.9,both,5.553803768417637,5.60348684981828,0.5037847118250899,0.0,-45.44669,2377.5888226699944,6.2730737
281,1784839110.2408013,,8.0,,8.0,,6.0,,6.0,,10.0,,10.0,,1.0,,1.0,,4.0,,4.0,,2.0,,2.0,,5.0,,5.0,,8.0,,8.0,,7.508722845930606,,5.588661253452301,,9.319922965019941,,0.5455261861206964,,3.642958188429475,,1.5509698241949081,,4.550001887488179,,7.25,-0.3803594708442688,0.00046708149602636695,0.08872014959342778,2.1300171464681625,46071808,74984,22496,1406,10.711873,0.00471032704517711,0.006454289165412774,-5.66745325922966,-17.862764,0.002541210599883925,0.003617426454729866,-5.644009763002396,,,0.95,0.9,both,5.87205794991713,6.247054897088261,0.44709679265532265,0.0,-27.658686,2466.191381503776,10.711873
282,1784839178.3228247,,8.0,,8.0,,6.0,,6.0,,10.0,,10.0,,1.0,,1.0,,4.0,,4.0,,2.0,,2.0,,5.0,,5.0,,8.0,,8.0,,7.992190927267075,,6.1070153042674065,,9.618265726603568,,1.0712250627111644,,3.9739164480706677,,2.269036461832002,,4.793681031093001,,8.0625,-0.4756113290786743,-0.004239346191752702,0.059678683639504015,2.1301762238144875,46235648,75163,22576,1411,-3.479184,0.006086964556016028,0.005096659222908783,-5.6869162827730175,-40.462532,0.003632540263060946,0.002511817026970675,-5.668160942196846,,,0.95,0.9,both,5.686156012243053,6.017618534869692,0.3667648748910487,0.0,-33.70623,2406.5089588921646,-3.479184
283,1784839247.5464716,,8.0,,8.0,,6.0,,6.0,,10.0,,10.0,,1.0,,1.0,,4.0,,4.0,,2.0,,2.0,,5.0,,5.0,,8.0,,8.0,,7.381837038323283,,5.741573503240943,,9.29812253639102,,0.9009072978515178,,3.702352304069791,,1.6706795186037198,,4.654356152750552,,7.6875,-0.5313965082168579,-7.799657760187984e-05,0.042809339822269976,2.1335553228855133,46399488,75366,22656,1416,12.346011,0.005081059853546321,0.005204875348135829,-5.681079462170601,-42.633446,0.007502646639477461,0.002915487792051863,-5.66765418946743,,,0.95,0.9,both,5.2662637679830695,5.995826354275754,0.3403355817919608,0.0,-23.304678,2366.821752535455,12.346011
284,1784839317.041913,,8.0,,8.0,,6.0,,6.0,,10.0,,10.0,,1.0,,1.0,,4.0,,4.0,,2.0,,2.0,,5.0,,5.0,,8.0,,8.0,,8.819598352536559,,6.8424753863946535,,9.925607219338417,,1.3438285212032497,,4.355105048045516,,2.382498808670789,,4.997555158799514,,8.8125,-0.7726594805717468,-0.0002786682453006506,0.0374777601682581,2.12436231225729,46563328,75552,22736,1421,9.728371,0.005053895940363873,0.0057618031947640706,-5.697361239790917,-38.512978,0.0038283015201159287,0.0044091949850553645,-5.659563195705414,,,0.95,0.9,both,5.22803066997501,5.8606031679529895,0.4601937566921846,0.0,-22.740337,2357.564356313847,9.728371
285,1784839386.5520988,,8.0,,8.0,,6.0,,6.0,,10.0,,10.0,,1.0,,1.0,,4.0,,4.0,,2.0,,2.0,,5.0,,5.0,,8.0,,8.0,,7.055569790303707,,5.1951269479468465,,9.07920441031456,,0.5904958378523588,,3.63579742051661,,1.6072781344410032,,4.533896145410836,,7.375,-0.8867695927619934,0.0003387589822523296,0.036355249292682856,2.1203268840909004,46727168,75742,22816,1426,14.841418,0.0049381671742594335,0.0029820442214258946,-5.693967425823212,-40.921577,0.00652989446389256,0.003594317722308915,-5.674084234237671,,,0.95,0.9,both,4.8030054440409335,6.154485400891806,0.6026499972539148,0.0,-16.57604,2357.064503970377,14.841418
286,1784839452.320928,,8.0,,8.0,,6.0,,6.0,,10.0,,10.0,,1.0,,1.0,,4.0,,4.0,,2.0,,2.0,,5.0,,5.0,,8.0,,8.0,,8.299789542332292,,6.630006431601942,,9.68501990288496,,1.0548724411055446,,4.214385429979302,,2.09627016633749,,4.9218602972105145,,8.5625,-0.562860369682312,-0.002209882717579603,0.07965147390495986,2.1236214488744736,46891008,75923,22896,1431,9.264901,0.00569467201421503,0.004039636951347347,-5.709139838814735,-39.310905,0.003594052502012346,0.003491712248069234,-5.712590569257737,,,0.95,0.9,both,4.816487269349315,6.000975406338664,0.3236188532599005,0.0,-52.908966,2491.150526138159,9.264901
287,1784839518.3515675,,8.0,,8.0,,6.0,,6.0,,10.0,,10.0,,1.0,,1.0,,4.0,,4.0,,2.0,,2.0,,5.0,,5.0,,8.0,,8.0,,7.00595336407423,,5.151662521995604,,9.035157926380634,,0.546543468721211,,3.5883917049504817,,1.5284115998074412,,4.529534372501075,,7.0625,-0.6352030038833618,0.0006886371993459761,0.04578079772181809,2.1307525858283043,47054848,76118,22976,1436,1.0423646,0.005982718724408187,0.0037009935913374647,-5.721746033430099,-47.9367,0.006854335636307951,0.0038408715787227265,-5.696785202622413,,,0.95,0.9,both,5.036399452360713,5.795488826216148,0.669702851039218,0.0,-71.90952,2481.271531868433,1.0423646
288,1784839584.1335616,,8.0,,8.0,,6.0,,6.0,,10.0,,10.0,,1.0,,1.0,,4.0,,4.0,,2.0,,2.0,,5.0,,5.0,,8.0,,8.0,,8.248652622023656,,6.342501145787537,,9.94351138570346,,1.2516158325597644,,4.294298412278295,,2.2242488153278828,,4.898183303419501,,8.375,-0.42743074893951416,-0.0006203614757396281,0.05106545373564586,2.146936424076557,47218688,76340,23056,1441,-4.688628,0.005679497061646543,0.005730314976244699,-5.704109713435173,-34.40769,0.0064631963134161195,0.0024860791396349668,-5.6956463873386385,,,0.95,0.9,both,5.451217282310756,5.462289251279138,0.3049683477390097,0.0,-48.01231,2490.651645288445,-4.688628
289,1784839653.2404406,,8.0,,8.0,,6.0,,6.0,,10.0,,10.0,,1.0,,1.0,,4.0,,4.0,,2.0,,2.0,,5.0,,5.0,,8.0,,8.0,,7.43354694917798,,5.332148123532534,,9.335926078259945,,0.546872531529516,,3.66416563175153,,1.6282558385282755,,4.58954403270036,,7.125,-0.7711109519004822,-0.0020725916838273406,0.0720506029902026,2.151666112244129,47382528,76557,23136,1446,6.7647552,0.00567298302994459,0.0058222605810442475,-5.71728638112545,-60.84065,0.0070470298276632095,0.003618961910251528,-5.729143857955933,,,0.95,0.9,both,5.396478665662329,6.001097515361048,0.5218261115680288,0.0,-41.720352,2370.8199654380596,6.7647552
290,1784839721.6896472,,8.0,,8.0,,6.0,,6.0,,10.0,,10.0,,1.0,,1.0,,4.0,,4.0,,2.0,,2.0,,5.0,,5.0,,8.0,,8.0,,7.208648355677724,,5.0994936022907495,,9.200379606336355,,0.5795168553013355,,3.507398245856166,,1.6961428364738822,,4.636049258522689,,7.0625,-0.5135807991027832,-0.00040312029886990786,0.10278371907770634,2.150797486305237,47546368,76761,23216,1451,-0.52103233,0.005247121687716572,0.004513581497303676,-5.705732265114785,-55.96997,0.008539080095943063,0.0021571666533418466,-5.715895029902458,,,0.95,0.9,both,5.356535396512759,5.788339003372589,0.41840140131765113,0.0,-45.28356,2393.599727799648,-0.52103233
291,1784839789.4966831,,8.0,,8.0,,6.0,,6.0,,10.0,,10.0,,1.0,,1.0,,4.0,,4.0,,2.0,,2.0,,5.0,,5.0,,8.0,,8.0,,8.92852181289345,,6.892706099897623,,9.961623870331096,,1.437543861567974,,4.368605297058821,,2.486346200108528,,5.0,,8.875,-0.6126641035079956,0.0003419408603804186,0.06460023659747094,2.1555755957961082,47710208,76950,23296,1456,17.06136,0.005127989875472849,0.004229605539876502,-5.689385297894478,-49.74423,0.0073148991825291885,0.0029898357242927887,-5.711727121472359,,,0.95,0.9,both,5.229163826556687,6.581842068013924,0.4869678959889562,0.0,-33.109955,2416.2685084575924,17.06136
292,1784839857.6066284,,8.0,,8.0,,6.0,,6.0,,10.0,,10.0,,1.0,,1.0,,4.0,,4.0,,2.0,,2.0,,5.0,,5.0,,8.0,,8.0,,7.137150460854173,,5.312531931209378,,9.01622224226594,,0.7163711804896593,,3.6256358632817864,,1.7224750719033182,,4.524020506069064,,7.3125,-0.4776266813278198,-0.0012218772899359465,0.04872951761353761,2.147151865065098,47874048,77130,23376,1461,12.951749,0.0053294354293029755,0.005493273299362045,-5.711750358343124,-63.47939,0.006974937490304001,0.0037396920939499977,-5.7056742936372755,,,0.95,0.9,both,5.648009382458824,6.641863811784944,0.4089092208972136,0.0,-43.80128,2405.5227027356505,12.951749
293,1784839925.2598948,,8.0,,8.0,,6.0,,6.0,,10.0,,10.0,,1.0,,1.0,,4.0,,4.0,,2.0,,2.0,,5.0,,5.0,,8.0,,8.0,,7.261042043566704,,5.384926921571605,,9.162901785224676,,0.7216146865393966,,3.6673351621138863,,1.780664042569697,,4.585040147881955,,7.5,-0.42792749404907227,-0.00042421172838658094,0.026755163562484086,2.1603353545069695,48037888,77313,23456,1466,14.602,0.005220808763260721,0.0038119241027743554,-5.705352422595024,-22.901302,0.005944643387920223,0.0009102998170419596,-5.66153694987297,,,0.95,0.9,both,5.065601492319719,5.438125288297934,0.37990884723740365,0.0,-39.14443,2421.7601470740065,14.602
294,1784839992.785296,,8.0,,8.0,,6.0,,6.0,,10.0,,10.0,,1.0,,1.0,,4.0,,4.0,,2.0,,2.0,,5.0,,5.0,,8.0,,8.0,,7.812385956756771,,5.813967019319534,,9.714788977988064,,0.9400125625543296,,3.7695675515569746,,1.7765524459537119,,4.764678463339806,,7.75,-0.5991197228431702,-0.006621572538278997,0.058268408523872495,2.161900147795677,48201728,77500,23536,1471,13.258753,0.004857400155742653,0.0034385863866191356,-5.662588939070702,-45.770573,0.005878941943228711,0.0015734869317384436,-5.660612034797668,,,0.95,0.9,both,5.012679345563413,6.106447991771211,0.3055581048309672,0.0,-19.00412,2426.3460296671656,13.258753
295,1784840061.6213074,,8.0,,8.0,,6.0,,6.0,,10.0,,10.0,,1.0,,1.0,,4.0,,4.0,,2.0,,2.0,,5.0,,5.0,,8.0,,8.0,,7.056392911821604,,5.082655748352408,,9.20874835550785,,0.5225914400070906,,3.5153442677110434,,1.585783176124096,,4.632814596872777,,7.125,-0.5959004759788513,0.0002956529497168958,0.029149091336876154,2.171691872179508,48365568,77679,23616,1476,13.744028,0.005311444999824744,0.003017572306271177,-5.606786552071571,-33.502815,0.0058736437043990005,0.0030783063040871637,-5.637267529964447,,,0.95,0.9,both,4.784053270021753,5.815530780892391,0.5185364835449666,0.0,-15.791675,2380.1495311772665,13.744028
296,1784840130.6093102,,8.0,,8.0,,6.0,,6.0,,10.0,,10.0,,1.0,,1.0,,4.0,,4.0,,2.0,,2.0,,5.0,,5.0,,8.0,,8.0,,7.299620162695646,,5.407741695642471,,9.355970699340105,,0.6555165576282889,,3.7167139472439885,,1.7625157188158482,,4.6490083653479815,,7.5625,-0.41369500756263733,-0.001718855055514723,0.03672734124120325,2.1795540526509285,48529408,77855,23696,1481,4.886368,0.004939369346539024,0.0038534797364263794,-5.609758070111274,-61.89187,0.006001718198240269,0.002475496893748641,-5.635185390710831,,,0.95,0.9,both,4.860903523098157,6.378843494675236,0.3057852727666769,0.0,-45.747643,2374.9059890550157,4.886368
297,1784840197.4667606,,8.0,,8.0,,6.0,,6.0,,10.0,,10.0,,1.0,,1.0,,4.0,,4.0,,2.0,,2.0,,5.0,,5.0,,8.0,,8.0,,7.3427719827741385,,5.42463400401175,,9.176406163722277,,0.5901166424155235,,3.731240850640461,,1.6888563220854849,,4.711590286460705,,7.1875,-0.7102473974227905,0.0003015798865817487,0.09922311059199274,2.1939983293414116,48693248,78049,23776,1486,2.6073127,0.005692226006067358,0.0033713281867676415,-5.630262613296509,-48.73884,0.009743101644562557,0.0018733559205429628,-5.644711607694626,,,0.95,0.9,both,5.0162328287429885,4.849153648085583,0.5551530393661703,0.0,-49.65107,2450.586723897024,2.6073127
298,1784840265.9295778,,8.0,,8.0,,6.0,,6.0,,10.0,,10.0,,1.0,,1.0,,4.0,,4.0,,2.0,,2.0,,5.0,,5.0,,8.0,,8.0,,7.05131670832634,,5.316043695085682,,9.242983680218458,,0.5237252525985241,,3.662692191777751,,1.5701339934021235,,4.532815165817738,,7.0625,-0.6468085050582886,-0.0005774918827228248,0.26579697942361236,2.192089304327965,48857088,78237,23856,1491,13.388094,0.0054495815296832,0.003708016699238215,-5.597413918375969,-54.095173,0.014093930838862434,0.002238493056211155,-5.619661700725556,,,0.95,0.9,both,4.853951043453165,5.7433731930691945,0.41453822598081735,0.0,-33.288322,2393.1238063078526,13.388094
299,1784840332.3472095,,8.0,,8.0,,6.0,,6.0,,10.0,,10.0,,1.0,,1.0,,4.0,,4.0,,2.0,,2.0,,5.0,,5.0,,8.0,,8.0,,7.2849252303130925,,5.165584869682789,,9.428329043090343,,0.8183313515037298,,3.7419818798080087,,1.64291559625417,,4.66227320022881,,7.625,-0.5537083148956299,-0.0013702677097171545,0.059416760806925595,2.1956746950745583,49020928,78441,23936,1496,4.4965515,0.005147196743928361,0.00406249310617568,-5.639464458823204,-60.52777,0.008122439487488009,0.0020216609671479093,-5.583259990811348,,,0.95,0.9,both,5.3289965598387505,6.254133087322925,0.31805541148185124,0.0,-43.645264,2466.8155735167625,4.4965515
300,1784840400.3418846,,8.0,,8.0,,6.0,,6.0,,10.0,,10.0,,1.0,,1.0,,4.0,,4.0,,2.0,,2.0,,5.0,,5.0,,8.0,,8.0,,8.038328181952238,,5.811859552748501,,9.384542934363708,,1.0256547940080054,,4.107978699030355,,1.7641120643820614,,4.650187889114022,,7.5625,-0.691382884979248,-0.010534882138017565,0.08060232369462028,2.1962396800518036,49184768,78630,24016,1501,4.1930647,0.006120256740541663,0.0035420775471720844,-5.585021895170212,-34.768196,0.00969896359310951,0.0014470934205746745,-5.615718066692352,,,0.95,0.9,both,5.006518644637217,4.713654274984444,0.3532961680854134,0.0,-30.714787,2409.5997991019462,4.1930647
301,1784840469.1569648,,8.0,,8.0,,6.0,,6.0,,10.0,,10.0,,1.0,,1.0,,4.0,,4.0,,2.0,,2.0,,5.0,,5.0,,8.0,,8.0,,7.603760565631092,,5.553655531257391,,9.212773442268372,,0.6640094965696335,,3.683420293033123,,1.6743227469705744,,4.646108089014888,,7.3125,-0.7699410319328308,-0.004963951942045242,0.18349685543216765,2.193407915532589,49348608,78841,24096,1506,10.928168,0.006490284016763326,0.0032355273724533617,-5.603079900145531,-27.272114,0.012490199130843394,0.0031127537455176934,-5.592664700746536,,,0.95,0.9,both,4.742881080331553,5.545507756141876,0.45947688320532926,0.0,-31.06712,2380.8735001243185,10.928168
302,1784840537.2364385,,8.0,,8.0,,6.0,,6.0,,10.0,,10.0,,1.0,,1.0,,4.0,,4.0,,2.0,,2.0,,5.0,,5.0,,8.0,,8.0,,8.684704132843763,,6.85581224784255,,9.890017233788967,,1.2694762060418725,,4.419554688036442,,2.4427512887632474,,4.969390427228063,,8.9375,-0.4180198013782501,-0.0013021373306401074,0.11652013298589736,2.188935212790966,49512448,79021,24176,1511,-3.3997834,0.006103775926749222,0.005451074111624621,-5.550120133161545,-21.641539,0.005358662764774635,0.003328299755230546,-5.602187913656235,,,0.95,0.9,both,5.2052644902850105,5.905351758336193,0.4208799381168784,0.0,-20.293774,2406.599836759771,-3.3997834
303,1784840607.5777905,,8.0,,8.0,,6.0,,6.0,,10.0,,10.0,,1.0,,1.0,,4.0,,4.0,,2.0,,2.0,,5.0,,5.0,,8.0,,8.0,,7.527831280254759,,5.738958788453601,,9.577499350067228,,0.778314970433712,,3.8291290082852356,,1.8975796946906485,,4.767247428768314,,7.5625,-0.5585929751396179,-0.002799026668071747,0.04982512176502496,2.1903815791010857,49676288,79235,24256,1516,12.514355,0.0057996778326923955,0.0042508776838076304,-5.598073834180832,-40.82418,0.010239880933659152,0.002293808424292365,-5.5902109205722805,,,0.95,0.9,both,5.513629018914566,4.796681942181708,0.26563915506066504,0.0,-26.278763,2329.212475107687,12.514355
304,1784840678.7384508,,8.0,,8.0,,6.0,,6.0,,10.0,,10.0,,1.0,,1.0,,4.0,,4.0,,2.0,,2.0,,5.0,,5.0,,8.0,,8.0,,7.721043358789757,,6.084656805032864,,9.542448847554624,,0.9090420822612941,,3.837249096017331,,1.9033899114001542,,4.844304715283215,,7.8125,-0.5020788311958313,0.00015735789202153683,0.05544266995275393,2.187620982527733,49840128,79440,24336,1521,4.4289656,0.005447443040611688,0.004316928563639522,-5.610532414913178,-35.37713,0.004197922541061416,0.0023756300550303424,-5.5979412496089935,,,0.95,0.9,both,5.532344945648873,5.656650701991763,0.33505810626686605,0.0,-38.68919,2302.396183717544,4.4289656
305,1784840733.2932868,,8.0,,8.0,,6.0,,6.0,,10.0,,10.0,,1.0,,1.0,,4.0,,4.0,,2.0,,2.0,,5.0,,5.0,,8.0,,8.0,,7.047614250332117,,5.263638611882925,,9.325408873148263,,0.7061251378618181,,3.7277432838454843,,1.5180570986121893,,4.603231966495514,,7.3125,-0.6741865277290344,0.0003406075411476195,0.05207962519489229,2.1937733367085457,49971200,79601,24400,1525,8.233743,0.005835488060256466,0.003597938092570985,-5.567139586806297,-61.500874,0.009388244414003566,0.0030750066245673223,-5.600587007403374,,,0.95,0.9,both,4.767410004017783,5.538813536270826,0.4049587218880291,0.0,-50.67266,3003.218305119271,8.233743
