# _tick,_time,plr_track_ground_roughness,track_ground_roughness,plr_track_student_ground_roughness,track_student_ground_roughness,plr_track_pit_gap_low,track_pit_gap_low,plr_track_student_pit_gap_low,track_student_pit_gap_low,plr_track_pit_gap_high,track_pit_gap_high,plr_track_student_pit_gap_high,track_student_pit_gap_high,plr_track_stump_height_low,track_stump_height_low,plr_track_student_stump_height_low,track_student_stump_height_low,plr_track_stump_height_high,track_stump_height_high,plr_track_student_stump_height_high,track_student_stump_height_high,plr_track_stair_height_low,track_stair_height_low,plr_track_student_stair_height_low,track_student_stair_height_low,plr_track_stair_height_high,track_stair_height_high,plr_track_student_stair_height_high,track_student_stair_height_high,plr_track_stair_steps,track_stair_steps,plr_track_student_stair_steps,track_student_stair_steps,plr_track_ued_ground_roughness,track_ued_ground_roughness,plr_track_ued_pit_gap_low,track_ued_pit_gap_low,plr_track_ued_pit_gap_high,track_ued_pit_gap_high,plr_track_ued_stump_height_low,track_ued_stump_height_low,plr_track_ued_stump_height_high,track_ued_stump_height_high,plr_track_ued_stair_height_low,track_ued_stair_height_low,plr_track_ued_stair_height_high,track_ued_stair_height_high,plr_track_ued_stair_steps,track_ued_stair_steps,mean_env_return,adversary_env_pg_loss,adversary_env_value_loss,adversary_env_dist_entropy,dces_l_pi,dces_l_delta,dces_l_tot,dces_q_delta,dces_q_delta_std,dces_w1,dces_w2,dces_buf,dces_c_std,dces_c_absmean,dces_reg_std,steps,total_episodes,total_seeds,total_student_grad_updates,mean_agent_return,agent_value_loss,agent_pg_loss,agent_dist_entropy,mean_adversary_agent_return,adversary_value_loss,adversary_pg_loss,adversary_dist_entropy,kl_loss_advagent_agent,kl_loss_agent_advagent,dps_lambda_skill,dps_lambda_target,dps_mode,agent_grad_norm,adversary_grad_norm,adversary_env_grad_norm,solved_rate:BipedalWalker-MADS-Hard-Eval-v0,test_returns:BipedalWalker-MADS-Hard-Eval-v0,sps,target_agent_return
0,1784881142.0037541,,8.0,,8.0,,6.0,,6.0,,10.0,,10.0,,1.0,,1.0,,4.0,,4.0,,2.0,,2.0,,5.0,,5.0,,8.0,,8.0,,8.186261674389243,,6.244438608173368,,9.709469906287268,,0.9883060927968472,,4.064578563906252,,1.9313449095352553,,4.954362271353602,,8.4375,-3.725290298461914e-09,-0.011770972341764718,0.03066734946332872,1.4175648614764214,1.0218851566314697,0.0,1.026324987411499,0.31419187784194946,0.004707831423729658,0.6584758758544922,0.6917300224304199,16,0.4124008119106293,5.564533233642578,0.19673962891101837,32768,170,16,1,-115.78518,0.16686551803722977,-0.0025529020887915975,5.66711155474186,-112.75759,0.24741381406784058,-0.003323466085566906,5.677207216620445,,,0.95,0.9,both,0.3696981419670727,0.3725320831561375,0.946285241439262,0.0,-107.95642,2170.9838885525824,-115.78518
1,1784881218.3096194,,8.0,,8.0,,6.0,,6.0,,10.0,,10.0,,1.0,,1.0,,4.0,,4.0,,2.0,,2.0,,5.0,,5.0,,8.0,,8.0,,7.625558475992875,,5.814510280149989,,9.587331621383782,,0.9026309566397686,,3.776762222900288,,1.9526366696227342,,4.813690822105855,,7.875,0.0,-0.005766894522821531,0.019524368515703827,1.4183277152478695,1.0082802772521973,0.9357753396034241,1.0043262243270874,0.03352583944797516,0.005468268413096666,0.6876605153083801,0.6766659021377563,96,0.433203786611557,5.293514728546143,0.06712276488542557,196608,706,96,6,-129.18224,0.02909232980455272,-0.003345890909258742,5.6103195428848265,-121.71122,0.07297251101117581,-0.0026795887140906418,5.652302631735802,,,0.95,0.9,both,0.27198394156125677,0.2409890089761956,1.1280597349823913,0.0,-139.73337,2147.1491286720543,-129.18224
2,1784881295.6057692,,8.0,,8.0,,6.0,,6.0,,10.0,,10.0,,1.0,,1.0,,4.0,,4.0,,2.0,,2.0,,5.0,,5.0,,8.0,,8.0,,8.423549436731264,,6.2939166784635745,,9.870633055455983,,1.07013048697263,,4.211748803267255,,2.242354749352671,,4.941945033962838,,8.0625,0.0,-0.003318847855553031,0.01291127620061161,1.42023004591465,0.9571403861045837,0.9341668486595154,0.9359662532806396,-0.01249063853174448,0.004818242508918047,0.6540690660476685,0.6891270875930786,176,0.37372952699661255,5.639597415924072,0.044927991926670074,360448,943,176,11,-125.7026,0.012715201207902283,-0.003053648526838515,5.390339651703835,-129.75383,0.023217783781001346,-0.0025060642379685304,5.5005508959293365,,,0.95,0.9,both,0.27606496241480855,0.23571426366624065,0.8333145997198337,0.0,-132.11087,2119.639652595512,-125.7026
3,1784881370.7090948,,8.0,,8.0,,6.0,,6.0,,10.0,,10.0,,1.0,,1.0,,4.0,,4.0,,2.0,,2.0,,5.0,,5.0,,8.0,,8.0,,7.393270440865308,,5.204903768375516,,9.244651798624545,,0.6787725978065282,,3.672181449830532,,1.7202674597501755,,4.747591070365161,,7.375,0.0,-0.003632614971138537,0.0007563847975688986,1.4213426485657692,0.8873459100723267,0.9328452944755554,0.8192832469940186,-0.007898952811956406,0.003757647704333067,0.7831072807312012,0.6801074147224426,256,0.32852470874786377,5.004579544067383,0.01687697507441044,524288,1144,256,16,-114.77965,0.009437183500267565,-0.004125029186252504,5.112725427746772,-130.6154,0.010406826026155613,-0.0025712895032484083,5.270039674639702,,,0.95,0.9,both,0.30285788421851983,0.292256371742922,0.7330744165898362,0.0,-120.80025,2181.5281135500977,-114.77965
4,1784881446.054265,,8.0,,8.0,,6.0,,6.0,,10.0,,10.0,,1.0,,1.0,,4.0,,4.0,,2.0,,2.0,,5.0,,5.0,,8.0,,8.0,,8.013187369215302,,6.273410830646753,,9.87205152399838,,1.1991921128355898,,4.033943927381188,,1.9496926413848996,,4.858855885686353,,8.125,1.3969838619232178e-09,-0.0075694991974160075,0.005667320954671595,1.428059034049511,0.717501699924469,0.9313845634460449,0.5634528994560242,0.018939262256026268,0.0038351176772266626,1.0596833229064941,0.7124268412590027,336,0.4029686152935028,5.540666580200195,0.020849313586950302,688128,1354,336,21,-111.337906,0.011050374165643006,-0.0062697286499314945,4.793544524908066,-115.63688,0.016216387687018143,-0.002362663579697255,4.982087978720665,,,0.95,0.9,both,0.347721628878468,0.3299233590251044,0.777010218853746,0.0,-118.70056,2174.525521166775,-111.337906
5,1784881520.8156927,,8.0,,8.0,,6.0,,6.0,,10.0,,10.0,,1.0,,1.0,,4.0,,4.0,,2.0,,2.0,,5.0,,5.0,,8.0,,8.0,,8.578280722722411,,6.360234635067172,,9.8867904022336,,1.1403038329444826,,4.206841945997439,,2.2298478512093425,,4.932606657966971,,8.625,-1.1641532182693481e-10,-0.0028790581272915006,0.015866584857576527,1.4314605258405209,0.6238124966621399,0.9268244504928589,0.43642497062683105,0.00298264529556036,0.008688150905072689,1.4614388942718506,0.7641398310661316,416,0.34903809428215027,5.744987964630127,0.015867674723267555,851968,1594,416,26,-142.87892,0.01667072179261595,-0.003726772229856579,4.559072571992874,-111.07583,0.012774750945391133,-0.0029151392518542707,4.7154981911182405,,,0.95,0.9,both,0.38391203043902145,0.3819979072457993,0.8165434458257597,0.0,-115.43746,2191.5046897174566,-142.87892
6,1784881596.8984282,,8.0,,8.0,,6.0,,6.0,,10.0,,10.0,,1.0,,1.0,,4.0,,4.0,,2.0,,2.0,,5.0,,5.0,,8.0,,8.0,,8.138629795284942,,6.114430541405454,,9.718564035370946,,1.0036118729040027,,3.9899675823980942,,1.9501761930878274,,4.816525453643408,,7.875,4.656612873077393e-10,-0.010661706866812892,0.04637443681713194,1.4335931912064552,0.6332852840423584,0.9220492243766785,0.43686115741729736,0.04885115474462509,0.018592579290270805,1.4973621368408203,0.7516778707504272,496,0.39307141304016113,5.450863361358643,0.03370743989944458,1015808,1840,496,31,-136.41342,0.018789213371928782,-0.0032314161289832555,4.347719728946686,-118.489624,0.016208077664487064,-0.0028325758248683996,4.43854173719883,,,0.95,0.9,both,0.42460270666925737,0.39615746149486986,1.223726438381981,0.0,-127.30359,2153.4467129372665,-136.41342
7,1784881670.014321,,8.0,,8.0,,6.0,,6.0,,10.0,,10.0,,1.0,,1.0,,4.0,,4.0,,2.0,,2.0,,5.0,,5.0,,8.0,,8.0,,8.131426584906876,,5.913285666654701,,9.645106261887122,,0.8160252437228337,,4.064135476364754,,1.9900694763055071,,4.937815682031214,,8.125,1.3969838619232178e-09,-0.011854273383505642,0.014769109846383799,1.432868666946888,0.36136168241500854,0.9194449186325073,0.18299543857574463,-0.013991101644933224,0.04275035113096237,1.2219935655593872,0.7462149262428284,576,0.41598546504974365,5.452857971191406,0.02990487962961197,1179648,2156,576,36,-115.951645,0.026892683107871563,-0.0018745057299383917,4.097425705194473,-100.12656,0.033699219522532076,-0.002840686065610498,4.224829536676407,,,0.95,0.9,both,0.4953928105399771,0.4543887467890825,0.8436993717390318,0.0,-117.978806,2240.8242200301647,-115.951645
8,1784881743.0889754,,8.0,,8.0,,6.0,,6.0,,10.0,,10.0,,1.0,,1.0,,4.0,,4.0,,2.0,,2.0,,5.0,,5.0,,8.0,,8.0,,7.907828324474394,,5.913195812827325,,9.775131971837254,,0.8288815403357148,,3.942959351465106,,1.9877682756632566,,4.7553467894904315,,7.875,-2.7939677238464355e-09,0.0004523213719949126,0.001291607915845816,1.433151114732027,0.5550928115844727,0.942771315574646,0.38340428471565247,-0.022978466004133224,0.07153946161270142,1.1010186672210693,0.7359316945075989,656,0.45499396324157715,5.373263835906982,0.055189911276102066,1343488,2460,656,41,-123.863625,0.024214648420456796,-0.0019314012592076325,3.918195278942585,-107.41514,0.03392874546116218,-0.002578675460244995,3.99896110445261,,,0.95,0.9,both,0.5313143529100681,0.5452276583169995,0.5336409247380881,0.0,-106.507034,2242.090129922628,-123.863625
9,1784881815.8603318,,8.0,,8.0,,6.0,,6.0,,10.0,,10.0,,1.0,,1.0,,4.0,,4.0,,2.0,,2.0,,5.0,,5.0,,8.0,,8.0,,7.993487922707573,,5.995000850409269,,9.539995617233217,,0.865602801553905,,3.9151678271591663,,1.8556266748346388,,4.7551194364205,,7.625,1.862645149230957e-09,-0.012452041322831064,0.013047187123447657,1.4352803565561771,0.29591333866119385,0.9119110107421875,0.2767922282218933,0.15978077054023743,0.05532698333263397,1.114870309829712,0.7353507280349731,736,0.45055294036865234,5.318125247955322,0.052393797785043716,1507328,2736,736,46,-101.437805,0.016035721340449526,-0.002955834036401939,3.6420977234840395,-97.23768,0.03246699683368206,-0.0025426778171095065,3.8059292048215867,,,0.95,0.9,both,0.5645488803412901,0.5607445715775528,0.8736475670965212,0.0,-99.86599,2251.435587918156,-101.437805
10,1784881891.7084205,,8.0,,8.0,,6.0,,6.0,,10.0,,10.0,,1.0,,1.0,,4.0,,4.0,,2.0,,2.0,,5.0,,5.0,,8.0,,8.0,,8.02478432096541,,5.914068781712558,,9.81583393245819,,1.0405705239754752,,3.978111292934045,,2.0994102468248457,,4.862204294418916,,7.875,0.0,0.0003973002312704921,0.002065922733891057,1.438434787094593,0.34739208221435547,0.9203904271125793,0.24783870577812195,0.0366722047328949,0.0861320048570633,0.9807314872741699,0.6608282327651978,816,0.4362393617630005,5.451247692108154,0.03632473573088646,1671168,3049,816,51,-107.43611,0.019553600321523847,-0.0019191588624380528,3.4763206869363783,-102.692245,0.044024031318258494,-0.0020843464022618718,3.604905405640602,,,0.95,0.9,both,0.6212374871792987,0.6118992423761038,0.5397390992583927,0.0,-111.18306,2160.1073507799147,-107.43611
11,1784881964.1329303,,8.0,,8.0,,6.0,,6.0,,10.0,,10.0,,1.0,,1.0,,4.0,,4.0,,2.0,,2.0,,5.0,,5.0,,8.0,,8.0,,8.438076655380428,,6.276089292718098,,9.786474926397204,,1.1291714101098478,,4.121063813170622,,2.0522720847802702,,4.901353031396866,,8.25,-9.313225746154785e-10,-0.0005033469060435891,0.0023661231934966054,1.448799952864647,0.27481400966644287,0.8527970910072327,0.1936640590429306,-0.024075210094451904,0.024812104180455208,0.8901489973068237,0.6019110083580017,896,0.40928488969802856,5.619312763214111,0.062459781765937805,1835008,3428,896,56,-96.128105,0.01397777116508223,-0.002301671035820618,3.287788513302803,-91.92149,0.04177189697511494,-0.0024101604445604607,3.397171987593174,,,0.95,0.9,both,0.7431661299359471,0.7145777074120547,0.7184608560911288,0.0,-96.50128,2262.2165507515515,-96.128105
12,1784882039.055502,,8.0,,8.0,,6.0,,6.0,,10.0,,10.0,,1.0,,1.0,,4.0,,4.0,,2.0,,2.0,,5.0,,5.0,,8.0,,8.0,,8.279069955344312,,6.331412180094048,,9.89193251542747,,1.1952909862156957,,4.2926133195869625,,2.3621527422219515,,4.956098853610456,,8.25,0.0,-0.00041855324525386095,0.016986007933155634,1.453959334641695,0.36233073472976685,0.9213309288024902,0.24643319845199585,0.01258808746933937,0.14785465598106384,0.785133957862854,0.5742404460906982,976,0.3695729970932007,5.694820880889893,0.053989656269550323,1998848,3829,976,61,-93.325325,0.019425702723674478,-0.0028096007270505654,3.077307978272438,-93.51401,0.06864110212773085,-0.0007337678864132613,3.218548892438412,,,0.95,0.9,both,0.7290344814183788,0.6664583626945891,0.7784578157312338,0.0,-93.162766,2186.7921844604925,-93.325325
13,1784882112.665824,,8.0,,8.0,,6.0,,6.0,,10.0,,10.0,,1.0,,1.0,,4.0,,4.0,,2.0,,2.0,,5.0,,5.0,,8.0,,8.0,,7.750672474343446,,5.889445538399741,,9.766789775443613,,0.875414928101236,,3.873245597584173,,1.9536403196398169,,4.763479094952345,,8.0625,-1.862645149230957e-09,-0.0026981240953318775,0.00495806873368565,1.4622720628976822,0.38321608304977417,0.8994894623756409,0.2636125087738037,-0.012061960995197296,0.0944233164191246,0.7207400798797607,0.5199450254440308,1056,0.38849079608917236,5.366898059844971,0.06021954491734505,2162688,4255,1056,66,-93.95409,0.01426901001832448,-0.003901052362198243,2.905494694411755,-90.93756,0.03256748685380444,-0.0005879154123249464,3.0169386968016623,,,0.95,0.9,both,0.8052288214182195,0.8099176743924765,0.6952132440068874,0.0,-87.8867,2225.7735564763157,-93.95409
14,1784882188.0034742,,8.0,,8.0,,6.0,,6.0,,10.0,,10.0,,1.0,,1.0,,4.0,,4.0,,2.0,,2.0,,5.0,,5.0,,8.0,,8.0,,8.677257712930441,,6.565302378963679,,9.92897717654705,,1.353643111186102,,4.326293507125229,,2.177448458271101,,4.980576807633042,,8.5625,-1.862645149230957e-09,0.0005536226672120392,0.011750087898690253,1.4712984822690487,0.32519376277923584,0.8832569718360901,0.242592453956604,0.04888916015625,0.15441808104515076,0.6856088638305664,0.4830721914768219,1136,0.30311039090156555,5.821499824523926,0.07208454608917236,2326528,4738,1136,71,-94.146774,0.015227611013688146,-0.0018192303454270587,2.710043188929558,-97.76753,0.07056553279981018,-0.0004638017329853028,2.8433362767100334,,,0.95,0.9,both,0.8876700804206396,0.8279370272298305,0.8446413049851615,0.0,-86.06738,2174.7431600571836,-94.146774
15,1784882265.4653473,,8.0,,8.0,,6.0,,6.0,,10.0,,10.0,,1.0,,1.0,,4.0,,4.0,,2.0,,2.0,,5.0,,5.0,,8.0,,8.0,,8.08157274813857,,6.263440212700516,,9.917589819058776,,1.1063732858165167,,4.035275177564472,,2.043381047900766,,4.953998962882906,,8.375,9.313225746154785e-10,-0.0036565741756930947,0.002014556010180968,1.4781722538173199,0.17735137045383453,0.9263411164283752,0.16702218353748322,-0.04039681702852249,0.07802603393793106,0.8465925455093384,0.4430566430091858,1216,0.4346123933792114,5.597078800201416,0.040251195430755615,2490368,5211,1216,76,-94.15291,0.01889389830175787,-0.002168754791637184,2.515827737748623,-86.14876,0.045223377831280234,-0.0016797753094579093,2.66902594268322,,,0.95,0.9,both,0.9115761589726059,0.916805347758929,0.562865849287762,0.0,-102.17769,2115.1061920099396,-94.15291
16,1784882339.8673363,,8.0,,8.0,,6.0,,6.0,,10.0,,10.0,,1.0,,1.0,,4.0,,4.0,,2.0,,2.0,,5.0,,5.0,,8.0,,8.0,,8.199078193807509,,6.1916139931418,,9.752325580921024,,0.9699520012363791,,4.079287984714028,,1.9752823286689818,,4.797425150871277,,7.9375,9.313225746154785e-10,-0.0034298263781238347,0.002712058452743804,1.4756132699549198,0.2874945402145386,0.8545093536376953,0.2118213176727295,0.03596014529466629,0.09955628216266632,0.7041075229644775,0.3842787444591522,1296,0.43112796545028687,5.4878082275390625,0.06180625408887863,2654208,5636,1296,81,-88.09141,0.01497694621211849,-0.0023456040711607785,2.3604868441820144,-83.72723,0.05367656629532576,-0.0005361686329706572,2.4746905371546744,,,0.95,0.9,both,0.9394598680411065,0.9970749268675597,0.5656464888152921,0.0,-79.87589,2202.0908299245802,-88.09141
17,1784882414.562639,,8.0,,8.0,,6.0,,6.0,,10.0,,10.0,,1.0,,1.0,,4.0,,4.0,,2.0,,2.0,,5.0,,5.0,,8.0,,8.0,,8.273117920383811,,6.136824120767415,,9.831229857169092,,1.131601663888432,,4.152191456058063,,2.0434690947877243,,4.874262368655764,,8.125,7.450580596923828e-09,9.642529767006636e-05,0.06488773808814585,1.4741922169923782,0.2615521550178528,0.9295940399169922,0.19978371262550354,-0.04950752854347229,0.1839253008365631,0.7778156995773315,0.34651321172714233,1376,0.4077414870262146,5.570961952209473,0.05607245862483978,2818048,6037,1376,86,-89.61589,0.013539940107148141,-0.001383512539905496,2.1527980834245684,-90.275536,0.03906860038405284,0.00016462907078675925,2.3183508932590486,,,0.95,0.9,both,1.0165735519631267,0.9473559996895944,1.1841162313298605,0.0,-80.397095,2193.444320178291,-89.61589
18,1784882488.8184955,,8.0,,8.0,,6.0,,6.0,,10.0,,10.0,,1.0,,1.0,,4.0,,4.0,,2.0,,2.0,,5.0,,5.0,,8.0,,8.0,,7.577561946585774,,5.669197268784046,,9.719590922351927,,0.8609919815789908,,3.942623846232891,,1.9177440567873418,,4.820552319753915,,7.5625,9.313225746154785e-09,-0.012588062207214534,0.009800324369280133,1.4766566753387451,0.22162339091300964,0.9501222372055054,0.16941159963607788,0.06898979097604752,0.13547487556934357,0.6509463787078857,0.3018127679824829,1456,0.4096238613128662,5.258845329284668,0.06770379841327667,2981888,6482,1456,91,-73.856476,0.007379051225143485,-0.0009590075904270634,1.9416567996144294,-73.82766,0.03389297971734777,-0.0011995659515378065,2.149135190248489,,,0.95,0.9,both,1.075555341417282,1.0523256524567208,0.7407960349088947,0.0,-88.16261,2206.425291230912,-73.856476
19,1784882563.0872521,,8.0,,8.0,,6.0,,6.0,,10.0,,10.0,,1.0,,1.0,,4.0,,4.0,,2.0,,2.0,,5.0,,5.0,,8.0,,8.0,,8.248787764459848,,6.1277567248325795,,9.869720041519031,,1.1428978370968252,,4.017104770056903,,2.149520020466298,,4.964695281814784,,7.8125,5.587935447692871e-09,0.0009649700368754566,0.012524285208201036,1.487204223871231,0.13692964613437653,0.9367901086807251,0.2689177393913269,-0.1214580312371254,0.12243904173374176,0.8040403127670288,0.29802271723747253,1536,0.43398499488830566,5.541623115539551,0.07061115652322769,3145728,6919,1536,96,-59.264435,0.006108987858169712,-0.0008169095759512857,1.6745483830571175,-77.60982,0.05256545066367835,-0.0008898174070054665,1.9315506763756276,,,0.95,0.9,both,1.1628989025398249,1.1895052729935476,0.8148696270183347,0.0,-79.1802,2206.041958645018,-59.264435
20,1784882635.5296485,,8.0,,8.0,,6.0,,6.0,,10.0,,10.0,,1.0,,1.0,,4.0,,4.0,,2.0,,2.0,,5.0,,5.0,,8.0,,8.0,,7.379915473051369,,5.277279707603157,,9.277322586625814,,0.7387265200959519,,3.59553270181641,,1.6738236024975777,,4.714616133947857,,7.4375,3.725290298461914e-09,-0.0020718364976346493,0.09170649608131498,1.4771460741758347,0.23350639641284943,0.9147068858146667,0.19527259469032288,0.04208057373762131,0.11370719224214554,0.7160849571228027,0.28124332427978516,1616,0.3283470869064331,5.011839389801025,0.08878245204687119,3309568,7414,1616,101,-57.420998,0.008055415129638277,-0.0012438022247806657,1.4868680365383624,-70.90682,0.04670016481541097,0.0007070939522236585,1.698216123878956,,,0.95,0.9,both,1.249619161476709,1.30262086306257,1.5674473851108621,0.0,-78.324776,2261.658494762254,-57.420998
21,1784882709.9232273,,8.0,,8.0,,6.0,,6.0,,10.0,,10.0,,1.0,,1.0,,4.0,,4.0,,2.0,,2.0,,5.0,,5.0,,8.0,,8.0,,8.172546648653224,,5.894134560599923,,9.878655510023236,,1.177698323270306,,4.064839670434594,,2.114696644421201,,4.876557001291076,,8.125,-3.4924596548080444e-09,0.0005629921797662973,0.00442604753334308,1.487668015062809,0.16606184840202332,0.8918347954750061,0.14302200078964233,-0.019809316843748093,0.12837257981300354,0.6768887639045715,0.2647530734539032,1696,0.4070294499397278,5.538015842437744,0.09430338442325592,3473408,7921,1696,106,-52.93112,0.006186874452396296,-0.0011739493755158037,1.288015992194414,-84.95904,0.04684179929317907,-0.0003908780519850552,1.5025574289262296,,,0.95,0.9,both,1.1825777754632558,1.3466774848556515,0.7363874504218053,0.0,-77.83334,2202.341376227592,-52.93112
22,1784882783.8623285,,8.0,,8.0,,6.0,,6.0,,10.0,,10.0,,1.0,,1.0,,4.0,,4.0,,2.0,,2.0,,5.0,,5.0,,8.0,,8.0,,8.03948714165017,,6.1485648326342925,,9.814559402409941,,0.9349675496341661,,4.005342119373381,,2.064858137804549,,4.90241098520346,,8.125,-1.862645149230957e-09,-0.004410458146594465,0.024043219469604082,1.4981035813689232,0.16956476867198944,0.8415044546127319,0.13500209152698517,-0.06724041700363159,0.1906723976135254,0.6954300403594971,0.25378328561782837,1776,0.4509231448173523,5.504398345947266,0.08144311606884003,3637248,8378,1776,111,-107.671616,0.017782047390937805,7.19198229489848e-05,1.1040610752999782,-77.19623,0.034644188557285814,0.0005274839779303875,1.3103710532188415,,,0.95,0.9,both,1.3854014243630046,1.414282396854285,0.8443183702199444,0.0,-70.39589,2215.8771138581656,-107.671616
23,1784882858.3702507,,8.0,,8.0,,6.0,,6.0,,10.0,,10.0,,1.0,,1.0,,4.0,,4.0,,2.0,,2.0,,5.0,,5.0,,8.0,,8.0,,8.017962550744414,,5.988717288943008,,9.826761189848185,,1.0121191430225736,,4.03847634466365,,2.0327204063069075,,4.90972073469311,,8.0,2.3283064365386963e-09,-0.01057754730572924,0.004442769364686683,1.500732533633709,0.2932637631893158,0.8746843934059143,0.23654495179653168,0.02549918182194233,0.11067957431077957,0.7514393925666809,0.23877273499965668,1856,0.4295925796031952,5.478309154510498,0.11871937662363052,3801088,8869,1856,116,-64.89449,0.007129709953733254,7.591101748403162e-05,0.9902870330959559,-84.45409,0.084612966934219,-6.380687409546226e-05,1.165280470252037,,,0.95,0.9,both,1.4413135897277174,1.4341382856842557,0.6548983161660118,0.0,-76.85899,2198.961365493607,-64.89449
24,1784882932.0346081,,8.0,,8.0,,6.0,,6.0,,10.0,,10.0,,1.0,,1.0,,4.0,,4.0,,2.0,,2.0,,5.0,,5.0,,8.0,,8.0,,7.577465185895562,,5.959532914450392,,9.634605541825294,,0.94212860846892,,3.8218649856280535,,1.9808545953128487,,4.777962937951088,,7.6875,-1.955777406692505e-08,-3.404135350137949e-05,0.03093008158612065,1.492676068097353,0.3446919322013855,0.9051419496536255,0.2880405783653259,0.22191108763217926,0.13809257745742798,0.7602400779724121,0.2008410096168518,1936,0.47299906611442566,5.297739028930664,0.11445444822311401,3964928,9264,1936,121,-53.844017,0.008630911858926994,-0.00042570388759486375,0.8304652683436871,-69.51942,0.05143053198698908,-0.00011171637233928778,1.0223399855196476,,,0.95,0.9,both,1.3015694485227272,1.3039034206834592,0.8506283504957359,0.0,-73.455666,2224.141943848162,-53.844017
25,1784883004.549437,,8.0,,8.0,,6.0,,6.0,,10.0,,10.0,,1.0,,1.0,,4.0,,4.0,,2.0,,2.0,,5.0,,5.0,,8.0,,8.0,,8.42078426713124,,6.625408659689128,,9.900487218052149,,1.2100878958590329,,4.403509410098195,,2.3353103292174637,,4.987302934285253,,8.5625,7.450580596923828e-09,-0.0009261397644877434,0.03278422763105482,1.4927626736462116,0.22368425130844116,0.9019089937210083,0.18915432691574097,-0.06219591945409775,0.1279270350933075,0.6569274663925171,0.19346120953559875,2016,0.3394259810447693,5.805673122406006,0.11177694797515869,4128768,9747,2016,126,-44.380707,0.006888720068673138,0.0010391374496975913,0.6589188173413276,-74.01423,0.06447935125324875,0.0004222528790705837,0.8383736960589886,,,0.95,0.9,both,1.4548739466716962,1.4912241295092457,1.241853462227171,0.0,-87.8069,2259.3998850342277,-44.380707
26,1784883078.9083376,,8.0,,8.0,,6.0,,6.0,,10.0,,10.0,,1.0,,1.0,,4.0,,4.0,,2.0,,2.0,,5.0,,5.0,,8.0,,8.0,,7.385599562549032,,5.346376069821417,,9.24377079308033,,0.6471357177942991,,3.6031092014163733,,1.6426527186995372,,4.593836294487119,,7.25,3.725290298461914e-09,-0.0005148542113602161,0.0332624256843701,1.4935754351317883,0.15331889688968658,0.8683524131774902,0.13068503141403198,0.04182056337594986,0.1186680868268013,0.8534644842147827,0.1960577815771103,2096,0.31115755438804626,4.964060306549072,0.12033935636281967,4292608,10272,2096,131,-44.563946,0.005259037908399477,-0.00039683510694885624,0.4479145258665085,-70.3701,0.06408820927608758,0.0001562693971209228,0.6474664777517318,,,0.95,0.9,both,1.5643663802405805,1.6419684810635053,1.0723037510844828,0.0,-71.773796,2203.368503740778,-44.563946
27,1784883153.3915539,,8.0,,8.0,,6.0,,6.0,,10.0,,10.0,,1.0,,1.0,,4.0,,4.0,,2.0,,2.0,,5.0,,5.0,,8.0,,8.0,,8.198467484675348,,5.913590585114434,,9.699698440730572,,1.181729584466666,,3.9380174536490813,,2.0811377656646073,,4.901960570598021,,8.0625,-2.7939677238464355e-09,-0.001271266140975058,0.004850086523219943,1.5067166574299335,0.21850880980491638,0.8929875493049622,0.18153373897075653,0.05956726893782616,0.09373894333839417,0.7638164758682251,0.18429866433143616,2176,0.43360933661460876,5.497137546539307,0.09089323878288269,4456448,10733,2176,136,-55.05006,0.01308820637059398,0.0007382841002254281,0.331102242693305,-71.17395,0.043785504251718524,0.001216203041985864,0.46617359574884176,,,0.95,0.9,both,1.605510383867101,1.7585393871025847,0.6129104911660965,0.0,-73.94892,2199.689479070859,-55.05006
28,1784883227.213661,,8.0,,8.0,,6.0,,6.0,,10.0,,10.0,,1.0,,1.0,,4.0,,4.0,,2.0,,2.0,,5.0,,5.0,,8.0,,8.0,,8.623485516756773,,6.664513439871371,,9.943016367964447,,1.4146896041929724,,4.323022590717301,,2.2991870497353375,,4.947890366660431,,8.375,1.6763806343078613e-08,0.000998715404421091,0.004108799934328999,1.5003855414688587,0.204538956284523,0.8443456888198853,0.17534178495407104,0.2339209020137787,0.10463979840278625,0.773168683052063,0.18243014812469482,2256,0.3117563724517822,5.823850631713867,0.09418376535177231,4620288,11274,2256,141,-40.298443,0.006763802078785375,-0.0005039658150053583,0.16937664477154613,-80.37872,0.05683669187128544,0.0008715269665117376,0.3410682678222656,,,0.95,0.9,both,1.5166209556786323,1.7185721437070338,0.6019273154570406,0.0,-71.69121,2219.389537131544,-40.298443
29,1784883300.8812861,,8.0,,8.0,,6.0,,6.0,,10.0,,10.0,,1.0,,1.0,,4.0,,4.0,,2.0,,2.0,,5.0,,5.0,,8.0,,8.0,,7.856821592897177,,5.447920142672956,,9.536308198235929,,0.8346088901162148,,3.802640028297901,,1.8681000208016485,,4.699621396139264,,7.5625,-2.7939677238464355e-09,-0.004865126800723374,0.012804886217054445,1.5054259039461613,0.16835416853427887,0.9396966695785522,0.13577446341514587,0.05537070706486702,0.1107766181230545,0.8473981022834778,0.16211950778961182,2336,0.402853399515152,5.201064586639404,0.1189587339758873,4784128,11774,2336,146,-49.101963,0.012944111044635064,0.0005214701726799831,0.02084897384047508,-78.88133,0.061975538497790694,0.0021377875891630538,0.1858139080926776,,,0.95,0.9,both,1.7039975342471685,1.9720635380450875,0.8499428674421827,0.0,-67.744835,2224.0434417079136,-49.101963
30,1784883377.877813,,8.0,,8.0,,6.0,,6.0,,10.0,,10.0,,1.0,,1.0,,4.0,,4.0,,2.0,,2.0,,5.0,,5.0,,8.0,,8.0,,7.980589012615383,,6.01569708622992,,9.692124964669347,,1.1145626045763493,,4.050150195020251,,1.9978117545833811,,4.83149672858417,,7.9375,8.381903171539307e-09,-0.002315195801202208,0.08752680331235752,1.5090278312563896,0.19273634254932404,0.8347572088241577,0.15583881735801697,-0.09843407571315765,0.10955257713794708,0.8564490675926208,0.16394948959350586,2416,0.4086846113204956,5.452491760253906,0.10487331449985504,4947968,12308,2416,151,-36.457096,0.00755107690783916,0.001064690577914007,-0.09795051366090775,-76.41496,0.08629618210252374,0.0008969129208708182,0.07336441352963448,,,0.95,0.9,both,1.7563531062703124,1.8629192383607958,1.3290894683871017,0.0,-54.19817,2127.897992234136,-36.457096
31,1784883451.3762107,,8.0,,8.0,,6.0,,6.0,,10.0,,10.0,,1.0,,1.0,,4.0,,4.0,,2.0,,2.0,,5.0,,5.0,,8.0,,8.0,,8.00937903916929,,5.934715555980802,,9.594249629182741,,0.8249907388817519,,3.797905428451486,,1.8319020952330902,,4.802932985301595,,7.875,-3.725290298461914e-09,-0.0037984541850164533,0.012905209820019081,1.5130476355552673,0.218984916806221,0.8931586742401123,0.21944330632686615,-0.08115865290164948,0.2106805443763733,0.8723808526992798,0.14330968260765076,2496,0.3676948547363281,5.333884239196777,0.1762603521347046,5111808,12787,2496,156,-49.311825,0.011163911360199563,0.0021749130115495062,-0.24870944824069738,-74.6119,0.056884359614923594,0.0006464146164944396,-0.0614690512418747,,,0.95,0.9,both,1.8265934522659832,1.7192415874699762,0.652280619430833,0.0,-75.31893,2229.1527163099495,-49.311825
32,1784883525.4628367,,8.0,,8.0,,6.0,,6.0,,10.0,,10.0,,1.0,,1.0,,4.0,,4.0,,2.0,,2.0,,5.0,,5.0,,8.0,,8.0,,7.556572264293209,,6.115458939224482,,9.528417082503438,,0.9131146558647742,,3.9079013864393346,,1.8158693716395646,,4.783045674441382,,7.75,-9.313225746154785e-10,-0.006413722177967429,0.009705840777314734,1.5062652491033077,0.12305980175733566,0.8948954939842224,0.10851011425256729,-0.02553805708885193,0.10490759462118149,0.8183954358100891,0.1370372176170349,2576,0.44188228249549866,5.296297550201416,0.07612381875514984,5275648,13308,2576,161,-41.018135,0.007966458986629732,0.0013023046740272548,-0.384412750415504,-77.299355,0.0484743170440197,0.002637702351785265,-0.2557678375393152,,,0.95,0.9,both,1.7690372021338951,2.2029741491279617,0.5757154028728813,0.0,-81.07885,2211.4671264297453,-41.018135
33,1784883600.6307428,,8.0,,8.0,,6.0,,6.0,,10.0,,10.0,,1.0,,1.0,,4.0,,4.0,,2.0,,2.0,,5.0,,5.0,,8.0,,8.0,,8.41374937468936,,6.08672381658107,,9.735233892221004,,1.1957069148047594,,4.109806316060713,,2.0400252889376134,,4.897263742052019,,8.0,3.259629011154175e-09,0.0001240960555151105,0.02682328973605763,1.5101869478821754,0.3009120225906372,0.907215416431427,0.2574337124824524,0.0717376172542572,0.09407994151115417,0.9420359134674072,0.1279952973127365,2656,0.42436230182647705,5.559813499450684,0.08787639439105988,5439488,13783,2656,166,-23.317993,0.005892873936682008,0.001233426843828056,-0.4778938999399543,-75.92641,0.0478724621119909,0.00024727675918256864,-0.3320372384041548,,,0.95,0.9,both,1.9091770811057986,1.8519116090791616,0.6980923499033869,0.0,-65.78637,2179.6523415913716,-23.317993
34,1784883673.4028125,,8.0,,8.0,,6.0,,6.0,,10.0,,10.0,,1.0,,1.0,,4.0,,4.0,,2.0,,2.0,,5.0,,5.0,,8.0,,8.0,,7.650317208142951,,5.75826836010674,,9.522067569196224,,0.8073133993893862,,3.8458287958055735,,1.7145315781235695,,4.770326874218881,,7.9375,-8.381903171539307e-09,-0.011887053959071636,0.019549635515431874,1.4994603134691715,0.249452143907547,0.9357691407203674,0.23257902264595032,0.10346905887126923,0.18912342190742493,0.9279519319534302,0.13474348187446594,2736,0.4117431342601776,5.250769138336182,0.09323076158761978,5603328,14352,2736,171,-19.790104,0.004789251953479834,0.0016321766073815525,-0.6555076099932193,-70.46117,0.07360192961059511,0.0012909960139950271,-0.46379749234765766,,,0.95,0.9,both,1.9364981624557494,2.1504612203435003,0.830662563712951,0.0,-80.07525,2251.413565868085,-19.790104
35,1784883746.8119967,,8.0,,8.0,,6.0,,6.0,,10.0,,10.0,,1.0,,1.0,,4.0,,4.0,,2.0,,2.0,,5.0,,5.0,,8.0,,8.0,,7.1458042319864035,,5.198757914826274,,9.145320259034634,,0.5726089321542531,,3.574420806951821,,1.611567865125835,,4.63313321210444,,7.125,-3.725290298461914e-09,-0.000614246993791312,0.014933945778466295,1.4935205541551113,0.395588219165802,0.8175443410873413,0.3567117750644684,-0.210481196641922,0.09828759729862213,0.9640143513679504,0.12172211706638336,2816,0.2270689755678177,4.875826835632324,0.1349121630191803,5767168,14841,2816,176,-18.883955,0.00620759951416403,0.002227195662999293,-0.7932684741914272,-60.788673,0.059852749877609315,0.0022548180917510764,-0.5797190338373184,,,0.95,0.9,both,2.075425684950804,2.0528151339099034,0.9760529909316583,0.0,-60.640858,2231.8730833664326,-18.883955
36,1784883821.0539649,,8.0,,8.0,,6.0,,6.0,,10.0,,10.0,,1.0,,1.0,,4.0,,4.0,,2.0,,2.0,,5.0,,5.0,,8.0,,8.0,,8.164769775466993,,6.176364820450544,,9.802610857412219,,0.933118618093431,,4.074216406792402,,2.07711729046423,,4.868210164015181,,8.0,-3.725290298461914e-09,0.0008527752943336964,0.0035877661102858838,1.4863237924873829,0.3434557020664215,0.8766950368881226,0.2875528335571289,-0.05742193013429642,0.11755125969648361,1.0052993297576904,0.12459781765937805,2896,0.41410401463508606,5.512050628662109,0.26389557123184204,5931008,15424,2896,181,-29.99419,0.005363881892117206,0.0015207387375994585,-0.8763826284557581,-77.14078,0.15838553453795612,0.0014625313197029755,-0.7182773802429437,,,0.95,0.9,both,2.0513882435332986,2.0424822816635633,0.5309164228032888,0.0,-62.447643,2206.837318236689,-29.99419
37,1784883895.4682724,,8.0,,8.0,,6.0,,6.0,,10.0,,10.0,,1.0,,1.0,,4.0,,4.0,,2.0,,2.0,,5.0,,5.0,,8.0,,8.0,,7.324401375488378,,5.6408582935109735,,9.421505277045071,,0.7358560827560723,,3.7341166879050434,,1.6085762337897904,,4.744817228289321,,7.375,-3.259629011154175e-09,0.0002512936480343342,0.00734115052910056,1.4843475334346294,0.18975868821144104,0.9577733874320984,0.14432761073112488,-0.13843479752540588,0.1505116969347,1.0859851837158203,0.11257311701774597,2976,0.3616677522659302,5.073141098022461,0.1527969092130661,6094848,15994,2976,186,-15.91861,0.004582099043182098,0.0018149062991142273,-1.049959459155798,-67.59153,0.08455974268727004,0.0009737039319588803,-0.830301421135664,,,0.95,0.9,both,2.167742670693369,2.149467133264593,0.7027958973076636,0.0,-64.56314,2201.727158700537,-15.91861
38,1784883970.4914083,,8.0,,8.0,,6.0,,6.0,,10.0,,10.0,,1.0,,1.0,,4.0,,4.0,,2.0,,2.0,,5.0,,5.0,,8.0,,8.0,,8.138033327646554,,5.4600783756468445,,9.671182195699657,,0.8796481731114909,,3.961629645433277,,1.7937661947216839,,4.743497702293098,,7.75,-5.587935447692871e-09,0.001173952128738165,0.005922966185607947,1.4806484878063202,0.1998729556798935,0.9527215957641602,0.16143576800823212,-0.06934970617294312,0.15037328004837036,0.9826410412788391,0.11090347170829773,3056,0.41928133368492126,5.299729347229004,0.2136319875717163,6258688,16683,3056,191,-21.3396,0.005957128571753856,0.0018122262859833426,-1.1765850484371185,-90.57826,0.11892459085211157,0.0006933082549949177,-1.0071273971349002,,,0.95,0.9,both,2.257502834591285,2.286486774913793,0.7218967399693605,0.0,-56.6661,2183.859538879887,-21.3396
39,1784884041.9621382,,8.0,,8.0,,6.0,,6.0,,10.0,,10.0,,1.0,,1.0,,4.0,,4.0,,2.0,,2.0,,5.0,,5.0,,8.0,,8.0,,8.70953948609531,,6.668932710774243,,9.972498649731278,,1.3546697301790118,,4.374518987722695,,2.3362759687006474,,4.9840888131875545,,8.8125,1.862645149230957e-09,-0.00021916505647823215,0.004008495965535985,1.4783083759248257,0.2033635377883911,0.974315881729126,0.18112610280513763,0.015480102971196175,0.03836710378527641,0.9931952953338623,0.11368715763092041,3136,0.2642173767089844,5.901628494262695,0.202347531914711,6422528,17394,3136,196,-13.397116,0.006306915018649306,0.0015915059862891211,-1.3239734463393689,-90.332794,0.12305746963247657,0.0011049164837459101,-1.1693182051181794,,,0.95,0.9,both,2.3344264852100935,2.1974662213113683,0.7189206791901985,0.0,-76.0087,2292.407055228964,-13.397116
40,1784884113.4217203,,8.0,,8.0,,6.0,,6.0,,10.0,,10.0,,1.0,,1.0,,4.0,,4.0,,2.0,,2.0,,5.0,,5.0,,8.0,,8.0,,8.25729384738952,,6.55786740523763,,9.811793508008122,,1.1914990111836232,,4.259847401059233,,2.1504089077934623,,4.977512623183429,,8.5625,2.3283064365386963e-09,-0.012234377732966095,0.003517491826642072,1.4796901568770409,0.20033055543899536,0.8841951489448547,0.1914711743593216,0.04057035967707634,0.07358201593160629,0.9982665181159973,0.10858827829360962,3216,0.3762490749359131,5.721090316772461,0.1635969877243042,6586368,18083,3216,201,-21.679342,0.006338731999858282,0.00206685289304005,-1.447070660442114,-76.058205,0.10516341659240425,0.001136479273554869,-1.3048388183116912,,,0.95,0.9,both,2.3323100188581094,2.370342860484616,0.5741542100778805,0.0,-81.028885,2292.7651483288687,-21.679342
41,1784884186.7283177,,8.0,,8.0,,6.0,,6.0,,10.0,,10.0,,1.0,,1.0,,4.0,,4.0,,2.0,,2.0,,5.0,,5.0,,8.0,,8.0,,8.470213291235268,,6.485149231273681,,9.886646988801658,,1.2937604822218418,,4.178626640699804,,2.241481229662895,,4.9290732140652835,,8.3125,-1.3969838619232178e-09,-0.0003244079416617751,0.003601232869186788,1.475423339754343,0.19082897901535034,0.919335663318634,0.13648182153701782,0.14348042011260986,0.06164117529988289,1.0879384279251099,0.0968361347913742,3296,0.38172227144241333,5.724681377410889,0.09654571861028671,6750208,18662,3296,206,-10.956222,0.004669286453281529,0.0024527347442926837,-1.5521287962794303,-79.03752,0.04170251811156049,0.0008651993193780072,-1.4309971280395986,,,0.95,0.9,both,2.5179341604974375,2.5568037565801967,0.6390278851966638,0.0,-55.69445,2234.996090833193,-10.956222
42,1784884258.9036608,,8.0,,8.0,,6.0,,6.0,,10.0,,10.0,,1.0,,1.0,,4.0,,4.0,,2.0,,2.0,,5.0,,5.0,,8.0,,8.0,,8.441010165028274,,5.968753177905455,,9.72510395059362,,1.0350113367894664,,4.063033406593604,,2.1019703726269654,,4.842252898961306,,8.0625,2.7939677238464355e-09,-0.007156596926506609,0.010918722051428631,1.4813130423426628,0.13228222727775574,0.8625292778015137,0.10513340681791306,-0.029127806425094604,0.1261100172996521,1.131455898284912,0.09441731125116348,3376,0.38793838024139404,5.529954433441162,0.08834727853536606,6914048,19136,3376,211,-19.29966,0.00530030768859433,0.002430346100300085,-1.598834180086851,-82.68614,0.04293683171272278,0.0023488937338697726,-1.5190521158277988,,,0.95,0.9,both,2.463756065375553,2.8861527186595533,0.7748104698898446,0.0,-63.42144,2270.0302224481397,-19.29966
43,1784884332.2709596,,8.0,,8.0,,6.0,,6.0,,10.0,,10.0,,1.0,,1.0,,4.0,,4.0,,2.0,,2.0,,5.0,,5.0,,8.0,,8.0,,8.09871228900738,,5.958927309082355,,9.863170010969043,,1.154946936876513,,4.14547900063917,,2.0480186007916927,,4.8291870560497046,,8.0625,0.0,-0.00011673028348013759,0.005112677172292024,1.47941580042243,0.16097596287727356,0.9088257551193237,0.12961314618587494,-0.1582339107990265,0.13522279262542725,0.9677107930183411,0.09581513702869415,3456,0.4270913302898407,5.52011775970459,0.11017416417598724,7077888,19693,3456,216,-9.825487,0.004172938255214831,0.0042740328855870756,-1.7260202683508397,-76.90687,0.054815878672525284,0.002106599902617745,-1.6079470440745354,,,0.95,0.9,both,2.6299347162898314,2.828796699115067,0.5393679809361877,0.0,-58.44579,2233.1446385700347,-9.825487
44,1784884406.4795787,,8.0,,8.0,,6.0,,6.0,,10.0,,10.0,,1.0,,1.0,,4.0,,4.0,,2.0,,2.0,,5.0,,5.0,,8.0,,8.0,,8.893966222181916,,6.774676454253495,,10.0,,1.4693111423403025,,4.471315506845713,,2.3674842212349176,,5.0,,8.75,0.0,0.0005716740270145237,0.020919294329360127,1.482595719397068,0.17973873019218445,0.9279881119728088,0.13909046351909637,0.03149581328034401,0.07609129697084427,1.0063838958740234,0.10209503769874573,3536,0.16277432441711426,5.965844631195068,0.20381374657154083,7241728,20364,3536,221,-15.847659,0.005729167454410345,0.0031990370145649647,-1.8302053198218347,-75.25191,0.13729522963985802,0.0023258399553014895,-1.7076837196946144,,,0.95,0.9,both,2.6283989677105266,2.696747289487586,0.9875869560147676,0.0,-57.36065,2207.8299199119692,-15.847659
45,1784884480.3065848,,8.0,,8.0,,6.0,,6.0,,10.0,,10.0,,1.0,,1.0,,4.0,,4.0,,2.0,,2.0,,5.0,,5.0,,8.0,,8.0,,8.776574920862913,,6.738332763547078,,10.0,,1.3805938637815416,,4.4474332286044955,,2.3946724608540535,,4.979255913756788,,8.875,-4.656612873077393e-10,0.0003151628188788891,0.00317913220533228,1.4817741177976131,0.14232602715492249,0.9911714196205139,0.09538061171770096,-0.010395538993179798,0.03189302608370781,1.048107624053955,0.08588153123855591,3616,0.2245909869670868,5.9489827156066895,0.09383807331323624,7405568,20946,3616,226,-7.7849045,0.004192187708395067,0.00276707709490438,-1.9317377641797067,-72.19582,0.030040074849966913,0.0021132903260877357,-1.8074316330254079,,,0.95,0.9,both,2.601045275346534,3.1049767900120893,1.0051255391211296,0.0,-57.587547,2219.2426136548015,-7.7849045
46,1784884551.8425975,,8.0,,8.0,,6.0,,6.0,,10.0,,10.0,,1.0,,1.0,,4.0,,4.0,,2.0,,2.0,,5.0,,5.0,,8.0,,8.0,,7.067888148128986,,5.230393087491393,,9.094833036884665,,0.5910873097018339,,3.5903358461800963,,1.5791423469781876,,4.548541372641921,,7.0,0.0,0.00027164426865056157,0.0019412189794820733,1.4877221696078777,0.14396904408931732,0.9430686831474304,0.1262000948190689,0.15493112802505493,0.04516158625483513,1.0677838325500488,0.08955620229244232,3696,0.1529548317193985,4.837777614593506,0.14694350957870483,7569408,21490,3696,231,-14.455345,0.004727872894727625,0.003757442757341778,-2.017030395567417,-83.38422,0.07858552502002566,0.0027048525400459765,-1.90365269780159,,,0.95,0.9,both,2.7950324307927374,2.919503680790835,1.060689278053652,0.0,-80.83739,2290.3144345614314,-14.455345
47,1784884627.1707032,,8.0,,8.0,,6.0,,6.0,,10.0,,10.0,,1.0,,1.0,,4.0,,4.0,,2.0,,2.0,,5.0,,5.0,,8.0,,8.0,,8.868759956210852,,6.768646442331374,,10.0,,1.384264447260648,,4.334239533171058,,2.426761883776635,,4.998085949453525,,8.8125,1.862645149230957e-09,0.0019673071219585836,0.0005969196590740466,1.4918758794665337,0.16105782985687256,0.8976529240608215,0.12396809458732605,-0.10768435895442963,0.04484052583575249,0.9340003728866577,0.09185945242643356,3776,0.20542964339256287,5.949157238006592,0.16672922670841217,7733248,22279,3776,236,-6.7774224,0.005235208016529214,0.00413605917347013,-2.1115490198135376,-89.44405,0.0753076006891206,0.0032409807477961293,-1.9694482505321502,,,0.95,0.9,both,2.8605377592883094,2.967160872225331,1.2070254966018101,0.0,-44.754875,2175.0181074432307,-6.7774224
48,1784884700.8832605,,8.0,,8.0,,6.0,,6.0,,10.0,,10.0,,1.0,,1.0,,4.0,,4.0,,2.0,,2.0,,5.0,,5.0,,8.0,,8.0,,8.569301213603467,,6.784473341802368,,10.0,,1.325846813764656,,4.36295649711974,,2.389374803751707,,4.9666897021234035,,8.75,-1.862645149230957e-09,-0.0038993883645161986,0.0017082733374991221,1.492524053901434,0.16900719702243805,0.9579365253448486,0.16599656641483307,0.0719270184636116,0.05588123947381973,1.0329471826553345,0.08440458029508591,3856,0.2476504147052765,5.893580436706543,0.18140774965286255,7897088,22962,3856,241,-6.2422466,0.004402600206958596,0.005408383127360139,-2.1678780198097227,-82.438644,0.0885192658053711,0.0023953710493515245,-2.070036046206951,,,0.95,0.9,both,3.3039271562974037,3.0757469574178056,0.5946600190112694,0.0,-65.48126,2222.6878311571527,-6.2422466
49,1784884776.422733,,8.0,,8.0,,6.0,,6.0,,10.0,,10.0,,1.0,,1.0,,4.0,,4.0,,2.0,,2.0,,5.0,,5.0,,8.0,,8.0,,8.287645332631655,,6.39536411408335,,9.895628907717764,,1.0091262667265255,,4.196111603174359,,2.143767017929349,,4.889954927377403,,8.125,-4.656612873077393e-10,-0.002459237875882536,0.00958597358840052,1.4824407882988453,0.13646775484085083,0.8717583417892456,0.100937120616436,0.007455913349986076,0.03655657917261124,0.9261346459388733,0.08546978235244751,3936,0.399925172328949,5.617824554443359,0.1820775419473648,8060928,23624,3936,246,-5.810099,0.004369207668787567,0.0034342000435572118,-2.2847545474767683,-65.61931,0.09881236162036658,0.003019167071033735,-2.158205600082874,,,0.95,0.9,both,2.935788011290757,2.8597875324930917,0.8043104019503264,0.0,-31.177902,2168.9321461918303,-5.810099
50,1784884850.31051,,8.0,,8.0,,6.0,,6.0,,10.0,,10.0,,1.0,,1.0,,4.0,,4.0,,2.0,,2.0,,5.0,,5.0,,8.0,,8.0,,8.945493824779987,,6.983920354396105,,10.0,,1.4811186715960503,,4.422440031543374,,2.4679056769236922,,5.0,,8.9375,2.3283064365386963e-09,0.0012234814639668912,0.0012710094315480092,1.4911771714687347,0.16084107756614685,0.9452913999557495,0.14986617863178253,-0.06174982339143753,0.02648797258734703,0.999958872795105,0.07833952456712723,4016,0.08860556036233902,6.029797077178955,0.1705114096403122,8224768,24238,4016,251,-5.032949,0.0053473711770493535,0.00314657167182304,-2.3920539245009422,-75.172966,0.09393599634058773,0.003281642527144868,-2.2757457599043844,,,0.95,0.9,both,2.902824747122607,3.0290971353229623,1.3072713015554482,0.0,-59.3556,2217.4172429088167,-5.032949
51,1784884923.3503618,,8.0,,8.0,,6.0,,6.0,,10.0,,10.0,,1.0,,1.0,,4.0,,4.0,,2.0,,2.0,,5.0,,5.0,,8.0,,8.0,,7.122005839832127,,5.330706782639027,,9.253327958285809,,0.5725112138316035,,3.6235694997012615,,1.5388112477958202,,4.574712191475555,,7.125,4.656612873077393e-10,0.0007259828271344304,0.003339197632158175,1.4851294420659542,0.15666720271110535,0.9340886473655701,0.1384442001581192,-0.039463967084884644,0.04807708412408829,0.9752722382545471,0.07315999269485474,4096,0.23306545615196228,4.892580509185791,0.13654516637325287,8388608,24858,4096,256,-4.2171884,0.0046723637213290205,0.004098883390543051,-2.4779540613293647,-77.98893,0.05411230395548046,0.004181251894624438,-2.3683317571878435,,,0.95,0.9,both,3.053512395989568,3.5666478283585823,0.8140543975130468,0.0,-57.27659,2243.1591937325534,-4.2171884
52,1784884996.6883364,,8.0,,8.0,,6.0,,6.0,,10.0,,10.0,,1.0,,1.0,,4.0,,4.0,,2.0,,2.0,,5.0,,5.0,,8.0,,8.0,,8.244838580489159,,6.5000599573832005,,9.77544622309506,,1.1002714904025197,,4.205089055933058,,2.0391449272283353,,4.897722069872543,,8.4375,-6.05359673500061e-09,-0.011191370693268254,0.003985570463555632,1.4930006489157677,0.2070554941892624,0.8506215810775757,0.16497448086738586,0.12910214066505432,0.09841107577085495,0.9302883744239807,0.07238166779279709,4176,0.41250428557395935,5.6500091552734375,0.16547416150569916,8552448,25470,4176,261,-3.780405,0.004701057587226387,0.0035995114769320933,-2.5804324939846994,-74.23906,0.08190247311722487,0.003249648754717782,-2.4460401087999344,,,0.95,0.9,both,2.985394047186971,3.2250497764537975,0.5749181752717354,0.0,-50.678604,2234.040014736059,-3.780405
53,1784885069.0593393,,8.0,,8.0,,6.0,,6.0,,10.0,,10.0,,1.0,,1.0,,4.0,,4.0,,2.0,,2.0,,5.0,,5.0,,8.0,,8.0,,8.976728826761246,,6.945079147815704,,10.0,,1.470356984063983,,4.47896046563983,,2.4211876608897,,5.0,,9.0,-4.6566128730773926e-09,0.0004866564995609224,0.0005801425309073238,1.4927169755101204,0.19363604485988617,0.9192922115325928,0.17053669691085815,0.1445412039756775,0.017546767368912697,0.9460076093673706,0.07764943689107895,4256,0.041722316294908524,6.036539077758789,0.15112248063087463,8716288,26076,4256,266,-3.5180411,0.004396620106126648,0.004204657435911941,-2.6494785964488985,-69.09517,0.07418723425362259,0.0027623512170976026,-2.543668645620346,,,0.95,0.9,both,3.160737482296669,3.3805628708767217,1.1931212835145497,0.0,-54.441357,2263.8900114266075,-3.5180411
54,1784885140.0269234,,8.0,,8.0,,6.0,,6.0,,10.0,,10.0,,1.0,,1.0,,4.0,,4.0,,2.0,,2.0,,5.0,,5.0,,8.0,,8.0,,7.144368074834347,,5.059961382299662,,9.103989079594612,,0.5904648238793015,,3.5348451752215624,,1.5413669049739838,,4.528805665671825,,7.1875,-9.313225746154785e-10,0.00040702748810872436,0.0009108285412366968,1.4835508987307549,0.22624236345291138,0.9431549310684204,0.13850492238998413,0.022644348442554474,0.05921086668968201,1.005753755569458,0.0658777579665184,4336,0.17464329302310944,4.83641242980957,0.11709636449813843,8880128,26553,4336,271,-9.966227,0.005939923594996799,0.003369849051523488,-2.731856979429722,-72.22294,0.034140043705701825,0.0034204713971121236,-2.579654633998871,,,0.95,0.9,both,3.2283820734956405,3.550534102187356,1.0678755861202518,0.0,-52.517548,2308.660079468935,-9.966227
55,1784885209.9813654,,8.0,,8.0,,6.0,,6.0,,10.0,,10.0,,1.0,,1.0,,4.0,,4.0,,2.0,,2.0,,5.0,,5.0,,8.0,,8.0,,8.96940090879798,,6.985372945666313,,10.0,,1.4879481084644794,,4.4719547387212515,,2.4825284592807293,,5.0,,8.875,-3.725290298461914e-09,0.0010067062685266137,0.001282332663777197,1.493096962571144,0.1637919694185257,0.894546389579773,0.14523375034332275,-0.08612456172704697,0.06656553596258163,0.9303662180900574,0.07830986380577087,4416,0.07126647979021072,6.0340256690979,0.12185175716876984,9043968,27098,4416,276,-2.7007108,0.004524024260172154,0.0028545115157612598,-2.782383565604687,-75.17673,0.0701798066496849,0.003550033063220326,-2.6515864789485932,,,0.95,0.9,both,3.076368471933892,3.4293803293272687,1.9496901349860756,0.0,-76.605415,2342.096351914529,-2.7007108
56,1784885282.037227,,8.0,,8.0,,6.0,,6.0,,10.0,,10.0,,1.0,,1.0,,4.0,,4.0,,2.0,,2.0,,5.0,,5.0,,8.0,,8.0,,7.605033204425126,,5.411912490148097,,9.397438602522016,,0.6960420981049538,,3.709333509672433,,1.7740520741790533,,4.721090971957892,,7.4375,3.725290298461914e-09,0.0012681749649345875,0.007562058613984846,1.5018206387758255,0.4556731879711151,0.9790898561477661,0.3955768346786499,-0.024836108088493347,0.15831536054611206,0.9186968803405762,0.07002423703670502,4496,0.39232584834098816,5.09404993057251,0.1881222426891327,9207808,27565,4496,281,-9.674391,0.006339543176000007,0.002598753626079997,-2.8133675888180734,-75.280716,0.04774367157369852,0.0034551581120467745,-2.70161452293396,,,0.95,0.9,both,3.0382523065829106,3.032843972331029,0.8740327647847614,0.0,-57.398247,2273.790236765331,-9.674391
57,1784885354.6896358,,8.0,,8.0,,6.0,,6.0,,10.0,,10.0,,1.0,,1.0,,4.0,,4.0,,2.0,,2.0,,5.0,,5.0,,8.0,,8.0,,8.763599478174001,,6.8066709181293845,,9.961248725187033,,1.3654785747639835,,4.3886035771574825,,2.3980444367043674,,4.998359230929054,,8.875,9.313225746154785e-10,4.920549690723419e-05,0.0229968154017115,1.5183453857898712,0.13437731564044952,0.8021687865257263,0.13110145926475525,-0.08873292058706284,0.07310829311609268,1.0156738758087158,0.0725756362080574,4576,0.2168593853712082,5.944625377655029,0.08790554851293564,9371648,28094,4576,286,-1.9322052,0.004648208079015603,0.003768765069253277,-2.8954482942819597,-64.67839,0.04661262169247493,0.0032174585008760913,-2.7812924459576607,,,0.95,0.9,both,3.258767979125852,3.313869804899619,0.8220445845612341,0.0,-50.138588,2255.122020960163,-1.9322052
58,1784885425.1777012,,8.0,,8.0,,6.0,,6.0,,10.0,,10.0,,1.0,,1.0,,4.0,,4.0,,2.0,,2.0,,5.0,,5.0,,8.0,,8.0,,7.0425355695188046,,5.058713972568512,,9.054200913757086,,0.5224027596414089,,3.516384059563279,,1.5538935903459787,,4.548571985214949,,7.0625,2.3283064365386963e-10,0.002748805098235607,0.004478132035728777,1.5189872272312641,0.12128505110740662,0.83493971824646,0.1053127869963646,-0.005016280338168144,0.01930958405137062,0.8110202550888062,0.07403500378131866,4656,0.11394236981868744,4.794900894165039,0.12788167595863342,9535488,28674,4656,291,-2.3476367,0.004296171999885701,0.005188834200089332,-2.953417809307575,-75.70186,0.03161857270170003,0.002919586950156372,-2.885176682472229,,,0.95,0.9,both,3.3460567886907677,3.816629038038961,1.6848888825427628,0.0,-73.80102,2324.364665477993,-2.3476367
59,1784885498.6211913,,8.0,,8.0,,6.0,,6.0,,10.0,,10.0,,1.0,,1.0,,4.0,,4.0,,2.0,,2.0,,5.0,,5.0,,8.0,,8.0,,8.656839963863604,,6.552252569235861,,9.944667307659984,,1.3033823054283857,,4.315443903207779,,2.265257420949638,,4.9947099587880075,,8.4375,0.0,-0.002319190854905173,0.027184684353414923,1.5284124352037907,0.09723223000764847,0.9594900608062744,0.07656091451644897,0.05283240228891373,0.28247299790382385,0.9568065404891968,0.07625135779380798,4736,0.3221365511417389,5.8087568283081055,0.10004246979951859,9699328,29198,4736,296,-10.02586,0.005281493603251875,0.002861669457342941,-2.9864714205265046,-71.1733,0.05991420408245176,0.0024292450383654796,-2.9385487541556357,,,0.95,0.9,both,3.1887898364227163,3.376808955723262,0.6448488256457977,0.0,-32.92923,2230.831020704577,-10.02586
60,1784885571.0783832,,8.0,,8.0,,6.0,,6.0,,10.0,,10.0,,1.0,,1.0,,4.0,,4.0,,2.0,,2.0,,5.0,,5.0,,8.0,,8.0,,8.75649447645992,,6.645458346698433,,9.903496135026217,,1.1735449988627806,,4.223188174888492,,2.165952680632472,,4.9642153810709715,,8.5625,-4.656612873077393e-10,-0.008478812756948173,0.0061224543387652375,1.525040127336979,0.17707397043704987,0.9294688105583191,0.159718856215477,-0.0028373505920171738,0.09894188493490219,0.9039641618728638,0.07843989878892899,4816,0.3346193730831146,5.799356460571289,0.09596217423677444,9863168,29729,4816,301,-16.810347,0.006790778708818834,0.0031202630125335418,-3.044087585806847,-68.45741,0.04151103914482519,0.0034681858203839512,-2.9982360705733297,,,0.95,0.9,both,3.4653878385538968,3.5723473898857194,0.8311676660030548,0.0,-55.083412,2261.1972975490926,-16.810347
61,1784885640.3627582,,8.0,,8.0,,6.0,,6.0,,10.0,,10.0,,1.0,,1.0,,4.0,,4.0,,2.0,,2.0,,5.0,,5.0,,8.0,,8.0,,8.354459386318922,,6.3509305184707046,,9.877463842392899,,0.9179539983160794,,4.122925065923482,,2.059675403579604,,4.848018981516361,,8.1875,-9.313225746154785e-10,-0.0005990396020933986,0.004091805130883586,1.5306751765310764,0.11917586624622345,0.9120981097221375,0.10258166491985321,-0.004649585112929344,0.09661895036697388,0.9443082809448242,0.08312688767910004,4896,0.441518634557724,5.589865684509277,0.10864866524934769,10027008,30252,4896,306,-8.777868,0.005014043014671188,0.004102270441944711,-3.0659818440675735,-70.85589,0.05514589345548302,0.0028501828899607064,-3.036192809045315,,,0.95,0.9,both,3.090183192184057,3.676955703297075,0.48010346097030315,0.0,-82.39633,2364.746626796839,-8.777868
62,1784885711.2456324,,8.0,,8.0,,6.0,,6.0,,10.0,,10.0,,1.0,,1.0,,4.0,,4.0,,2.0,,2.0,,5.0,,5.0,,8.0,,8.0,,7.2880288866581395,,5.220007189549506,,9.131073432043195,,0.5972966831159283,,3.613558155717328,,1.612949075177312,,4.642967605032027,,7.0625,-1.862645149230957e-09,0.0008676420547999442,0.00354870400406071,1.5466160364449024,0.13928578794002533,0.8664830923080444,0.1122429296374321,-0.05614117905497551,0.07208554446697235,0.9776701927185059,0.07751019299030304,4976,0.2275409698486328,4.896048069000244,0.08303595334291458,10190848,30778,4976,311,-3.0299468,0.004853883421310457,0.004836902936222032,-3.125665356218815,-76.71942,0.04838435670826584,0.004628104658331722,-3.0855155393481253,,,0.95,0.9,both,3.5214977550435114,3.4998493730022604,0.9103141626003098,0.0,-62.009033,2311.4187910515666,-3.0299468
63,1784885779.814028,,8.0,,8.0,,6.0,,6.0,,10.0,,10.0,,1.0,,1.0,,4.0,,4.0,,2.0,,2.0,,5.0,,5.0,,8.0,,8.0,,7.167323981411755,,5.124858435243368,,9.028949964791536,,0.5285382112488151,,3.557277831248939,,1.524642864242196,,4.508019531145692,,7.0625,9.313225746154785e-10,0.000409261672757566,0.0014982472039264394,1.5486347749829292,0.117176353931427,0.9113593101501465,0.08690431714057922,-0.024315092712640762,0.04743251949548721,0.9576377868652344,0.07971365004777908,5056,0.12476015090942383,4.812763690948486,0.1377849131822586,10354688,31278,5056,316,-2.7387977,0.004557166632002918,0.005342368692072341,-3.1833028733730315,-71.40482,0.056631523207761346,0.004013638282776811,-3.118365064263344,,,0.95,0.9,both,3.4370784787906503,3.861507332021906,0.8930198571625994,0.0,-55.508656,2389.438826181428,-2.7387977
64,1784885846.7244494,,8.0,,8.0,,6.0,,6.0,,10.0,,10.0,,1.0,,1.0,,4.0,,4.0,,2.0,,2.0,,5.0,,5.0,,8.0,,8.0,,8.499144473928027,,6.3015454933047295,,9.909570714458823,,1.1211473135044798,,4.006119872909039,,2.080578025721479,,4.912260477547534,,8.25,4.190951585769653e-09,-0.0006111898110248148,0.007193494318926241,1.544192511588335,0.10660730302333832,1.0368094444274902,0.09413760155439377,0.044025737792253494,0.07369817793369293,0.8483514785766602,0.08754316717386246,5136,0.41924989223480225,5.635045528411865,0.10834179818630219,10518528,31810,5136,321,-9.201506,0.004785934666870162,0.00795889965374954,-3.232030373811722,-73.85864,0.06561576533131301,0.004891832431894727,-3.1894725605845453,,,0.95,0.9,both,3.8138092701922632,3.6265958100889804,0.5386259883144819,0.0,-77.270035,2448.6472460340033,-9.201506
65,1784885913.5917463,,8.0,,8.0,,6.0,,6.0,,10.0,,10.0,,1.0,,1.0,,4.0,,4.0,,2.0,,2.0,,5.0,,5.0,,8.0,,8.0,,8.954757288098335,,6.971080459654331,,10.0,,1.4691149233840406,,4.492452377453446,,2.4908404145389795,,5.0,,8.9375,-9.313225746154785e-10,0.0013271896750666201,0.0006231712723092642,1.555709134787321,0.10873323678970337,0.8838261365890503,0.10328592360019684,0.03363610804080963,0.016248522326350212,0.9369872212409973,0.08409333229064941,5216,0.06611953675746918,6.039468765258789,0.15370281040668488,10682368,32406,5216,326,-1.5702536,0.0038538176195288543,0.004429967061150819,-3.3017660453915596,-76.381035,0.07211553726810963,0.004107968539756257,-3.260372281074524,,,0.95,0.9,both,3.3395964987269835,3.617526613548192,1.4422871856979866,0.0,-61.961395,2450.2255436975224,-1.5702536
66,1784885980.062371,,8.0,,8.0,,6.0,,6.0,,10.0,,10.0,,1.0,,1.0,,4.0,,4.0,,2.0,,2.0,,5.0,,5.0,,8.0,,8.0,,7.795232066651806,,5.85501764761284,,9.761426446959376,,0.9598338832220179,,4.049623490311205,,1.8355068969540298,,4.768089238321409,,7.8125,1.862645149230957e-09,-0.0011649478110484779,0.000251272607329156,1.5624868981540203,0.15656830370426178,0.9616603851318359,0.13738039135932922,-0.09043406695127487,0.0322846993803978,0.9095316529273987,0.08853976428508759,5296,0.45935389399528503,5.354653835296631,0.14953932166099548,10846208,33023,5296,331,0.0426037,0.003872270007559564,0.0038561649998882785,-3.3573476508259774,-82.72154,0.12037938395515084,0.005056683866132517,-3.3216845840215683,,,0.95,0.9,both,3.4602102864609896,3.9956955519387094,0.47655221054037605,0.0,-67.68297,2464.848243947815,0.0426037
67,1784886046.205713,,8.0,,8.0,,6.0,,6.0,,10.0,,10.0,,1.0,,1.0,,4.0,,4.0,,2.0,,2.0,,5.0,,5.0,,8.0,,8.0,,7.611441089771688,,5.502554545644671,,9.506931243930012,,0.8753067858051509,,3.7354568699374795,,1.7199836154468358,,4.732431840151548,,7.5625,3.725290298461914e-09,-0.007379583490546793,0.003503422405628953,1.5544263273477554,0.1243646964430809,0.9300669431686401,0.13186392188072205,0.0316639170050621,0.09252914786338806,0.9532876014709473,0.08916415274143219,5376,0.39327216148376465,5.155825614929199,0.12014897167682648,11010048,33589,5376,336,0.5516117,0.0045280862468644045,0.005168398177193012,-3.4232461407780646,-69.4186,0.07153280570637435,0.004011597835051362,-3.3498273894190786,,,0.95,0.9,both,3.5925774832905475,4.1353341114498665,0.5621835271150766,0.0,-61.989002,2477.0443781126123,0.5516117
68,1784886112.062199,,8.0,,8.0,,6.0,,6.0,,10.0,,10.0,,1.0,,1.0,,4.0,,4.0,,2.0,,2.0,,5.0,,5.0,,8.0,,8.0,,8.103440377730294,,5.912682133086491,,9.80087736574933,,0.958855920471251,,3.9966201200149953,,1.9361511738970876,,4.874785735853948,,7.875,-1.30385160446167e-08,0.0004754619440063834,0.001915044869747362,1.553986519575119,0.08201545476913452,0.886911153793335,0.06941644102334976,-0.2511930465698242,0.08725674450397491,0.8368232846260071,0.08597669750452042,5456,0.4667072594165802,5.4323015213012695,0.08069118112325668,11173888,34171,5456,341,1.1543818,0.004629810171900317,0.007153201606706716,-3.4651400983333587,-59.895164,0.050422366824932396,0.004190787182596978,-3.4256813779473303,,,0.95,0.9,both,4.114724799151392,4.064569230427951,0.5168881326475616,0.0,-52.829834,2487.833921602684,1.1543818
69,1784886176.1977298,,8.0,,8.0,,6.0,,6.0,,10.0,,10.0,,1.0,,1.0,,4.0,,4.0,,2.0,,2.0,,5.0,,5.0,,8.0,,8.0,,8.282572216819972,,6.256136551499367,,9.726126519963145,,1.0483468132442795,,3.9578253041254357,,2.1160719017498195,,4.894238663138822,,8.0625,0.0,0.0008755716844461858,0.006047451446647756,1.5472791343927383,0.08992797136306763,0.9100083112716675,0.0756334438920021,0.04642227292060852,0.15058577060699463,0.8872385025024414,0.08760158717632294,5536,0.4350467324256897,5.542977333068848,0.09381207823753357,11337728,34827,5536,346,2.1999571,0.004455257063091267,0.004522405525494833,-3.566445621848106,-74.14438,0.053666481387335804,0.004494022770813899,-3.4522040665149687,,,0.95,0.9,both,3.9372450533417194,4.095615065713259,0.4928695626879901,0.0,-81.26085,2554.590329904622,2.1999571
70,1784886242.9276414,,8.0,,8.0,,6.0,,6.0,,10.0,,10.0,,1.0,,1.0,,4.0,,4.0,,2.0,,2.0,,5.0,,5.0,,8.0,,8.0,,8.365836816374213,,6.264515999704599,,9.731087618973106,,1.2378483689390123,,4.00316321849823,,2.2088566387537867,,4.833036746829748,,8.1875,-2.7939677238464355e-09,-0.0023374344455078244,0.006413848343072459,1.5596353150904179,0.13352110981941223,0.9826479554176331,0.11649459600448608,-0.0762428492307663,0.16109754145145416,0.9623507261276245,0.08336209505796432,5616,0.44472065567970276,5.603980541229248,0.16574423015117645,11501568,35431,5616,351,1.9113842,0.006355948158307001,0.0050632259539270304,-3.6182431429624557,-76.05613,0.07312721882481128,0.0035437081241980195,-3.5164369866251945,,,0.95,0.9,both,3.5507294726210836,3.941156805696912,0.618386651523996,0.0,-55.256886,2455.2706989530006,1.9113842
71,1784886311.4472973,,8.0,,8.0,,6.0,,6.0,,10.0,,10.0,,1.0,,1.0,,4.0,,4.0,,2.0,,2.0,,5.0,,5.0,,8.0,,8.0,,7.375850887037814,,5.1083557810634375,,9.222856935113668,,0.5889884971547872,,3.6191478921100497,,1.622553922701627,,4.587382071651518,,7.25,-9.313225746154785e-10,0.001151902397396043,0.0023993199902179185,1.5655595026910305,0.17443513870239258,0.9250037670135498,0.15706413984298706,0.11335869133472443,0.08849063515663147,0.9215141534805298,0.07895095646381378,5696,0.23439468443393707,4.9218926429748535,0.18810641765594482,11665408,36056,5696,356,-6.053616,0.005461769641988213,0.005932750571810174,-3.67262416779995,-72.530365,0.06195772674400359,0.0036434379435377195,-3.5804689541459083,,,0.95,0.9,both,3.8697166383022092,3.9979106989477238,0.9473418459576468,0.0,-24.984467,2391.138836054668,-6.053616
72,1784886378.8071432,,8.0,,8.0,,6.0,,6.0,,10.0,,10.0,,1.0,,1.0,,4.0,,4.0,,2.0,,2.0,,5.0,,5.0,,8.0,,8.0,,8.987766928970814,,6.978512421250343,,10.0,,1.4925193600356579,,4.49465954862535,,2.459534840658307,,5.0,,9.0,-9.313225746154785e-10,0.000950684305280447,0.0005901077017824718,1.560987927019596,0.1991460770368576,0.935732364654541,0.23087187111377716,0.025900043547153473,0.0019261379493400455,0.8418302536010742,0.08286415785551071,5776,0.018864959478378296,6.051623821258545,0.13499408960342407,11829248,36641,5776,361,1.4292209,0.004396547844226007,0.005457738013501512,-3.679552048444748,-84.24202,0.05613535149022937,0.004431999352527782,-3.5970962032675744,,,0.95,0.9,both,3.897554719147139,3.8616314590270924,1.5078011576116972,0.0,-37.470642,2432.3096040072655,1.4292209
73,1784886446.3348007,,8.0,,8.0,,6.0,,6.0,,10.0,,10.0,,1.0,,1.0,,4.0,,4.0,,2.0,,2.0,,5.0,,5.0,,8.0,,8.0,,8.64316739467904,,6.775755371898413,,9.91360855801031,,1.3135757357813418,,4.411525514442474,,2.3719712267629802,,4.983807889511809,,8.6875,-3.725290298461914e-09,-0.000596114550717175,0.0029739651836280245,1.562333445996046,0.09672193229198456,0.809203028678894,0.0787745863199234,0.018695548176765442,0.11058126389980316,1.0012953281402588,0.08306562900543213,5856,0.2662299573421478,5.8876142501831055,0.11859644949436188,11993088,37269,5856,366,-15.515454,0.005667485597950872,0.006839308027701918,-3.722764414548874,-74.945694,0.06339334119111299,0.004404319782042876,-3.6811718598008154,,,0.95,0.9,both,3.688715925337866,4.167064643195464,0.9039475401286268,0.0,-49.539238,2426.2650475525807,-15.515454
74,1784886510.8111167,,8.0,,8.0,,6.0,,6.0,,10.0,,10.0,,1.0,,1.0,,4.0,,4.0,,2.0,,2.0,,5.0,,5.0,,8.0,,8.0,,8.855857452377677,,6.953044302761555,,10.0,,1.438599697314203,,4.467411196790636,,2.4657872077077627,,5.0,,8.6875,-9.313225746154785e-10,-0.0012831491185352206,0.013009717316890601,1.5659931115806103,0.09571179002523422,0.8461084365844727,0.08487150818109512,-0.02442285604774952,0.028747186064720154,0.9391622543334961,0.07984672486782074,5936,0.12418682873249054,5.983524799346924,0.09996867179870605,12156928,37878,5936,371,-5.7603197,0.0071852568988106215,0.0037172404401644597,-3.7490364253520965,-70.46304,0.04408220933983102,0.0034059669604175726,-3.727552832663059,,,0.95,0.9,both,3.7166033707643598,4.117321081506617,1.0641912647436491,0.0,-63.392406,2541.0881218659206,-5.7603197
75,1784886576.2914107,,8.0,,8.0,,6.0,,6.0,,10.0,,10.0,,1.0,,1.0,,4.0,,4.0,,2.0,,2.0,,5.0,,5.0,,8.0,,8.0,,7.470199387986213,,5.608025039546192,,9.39902085904032,,0.6995953805744648,,3.604669612366706,,1.7265209658071399,,4.727069801665493,,7.1875,7.450580596923828e-09,-0.009072397369891405,0.011992756553809159,1.5690309330821037,0.08979035168886185,0.8061347007751465,0.0613684318959713,-0.016433078795671463,0.22090502083301544,1.008622407913208,0.07029418647289276,6016,0.3537844121456146,5.052825450897217,0.09330543130636215,12320768,38401,6016,376,2.869412,0.0055356251541525126,0.005918506572197657,-3.794851003587246,-76.57663,0.02127189504681155,0.002910894295928301,-3.7607173427939413,,,0.95,0.9,both,3.910065665722894,3.9737768649313763,0.3987308064806031,0.0,-52.980206,2502.126834229454,2.869412
76,1784886639.426952,,8.0,,8.0,,6.0,,6.0,,10.0,,10.0,,1.0,,1.0,,4.0,,4.0,,2.0,,2.0,,5.0,,5.0,,8.0,,8.0,,8.975765775889158,,6.8629925064742565,,10.0,,1.4838798232376575,,4.443294751225039,,2.4822621885687113,,5.0,,8.9375,-4.6566128730773926e-09,0.0011209191870875657,0.005770218707766617,1.5747779682278633,0.054348159581422806,0.8670189380645752,0.053682778030633926,-0.1163720041513443,0.04327384755015373,0.7620891332626343,0.09385920315980911,6096,0.10269691050052643,6.023211479187012,0.08820711076259613,12484608,39046,6096,381,-13.458995,0.007404377522470895,0.004732543666614219,-3.8587564438581468,-71.05855,0.037408963707275686,0.003980477180448361,-3.8021955341100693,,,0.95,0.9,both,3.9016573007592115,4.481067304098195,1.1925887660940557,0.0,-79.35707,2595.0518054080258,-13.458995
77,1784886703.1992517,,8.0,,8.0,,6.0,,6.0,,10.0,,10.0,,1.0,,1.0,,4.0,,4.0,,2.0,,2.0,,5.0,,5.0,,8.0,,8.0,,7.210072353482246,,5.290417153388262,,9.193726526107639,,0.7907714918255806,,3.5879620974883437,,1.6751952725462615,,4.6036886549554765,,7.125,-4.6566128730773926e-09,-0.0031146050605457276,0.008120158832753077,1.5804746486246586,0.09216994047164917,0.984882652759552,0.08355554938316345,-0.06543734669685364,0.17779961228370667,0.933623731136322,0.08099342882633209,6176,0.3045215308666229,4.934604167938232,0.11437925696372986,12648448,39557,6176,386,-24.199064,0.008140546512731817,0.004174998414237052,-3.901818384230137,-70.33849,0.0409496683627367,0.003871894492476713,-3.882155218720436,,,0.95,0.9,both,3.849319116261931,4.295886994273798,0.5159944682528104,0.0,-53.075245,2569.140250178655,-24.199064
78,1784886768.5325944,,8.0,,8.0,,6.0,,6.0,,10.0,,10.0,,1.0,,1.0,,4.0,,4.0,,2.0,,2.0,,5.0,,5.0,,8.0,,8.0,,8.68169533193577,,6.702345924451947,,9.939129836857319,,1.4297294768402935,,4.413395209237933,,2.2603722629137337,,4.987222200259566,,8.6875,1.862645149230957e-09,9.965623030439019e-05,0.005058592636487447,1.5769509449601173,0.11446791142225266,0.8971148729324341,0.10279098153114319,0.07464313507080078,0.14490415155887604,0.8441306352615356,0.0962848961353302,6256,0.29689300060272217,5.887673854827881,0.13487102091312408,12812288,40250,6256,391,-30.742758,0.00485366226057522,0.005540460070187691,-3.951572461426258,-82.3676,0.0992214254103601,0.004859216084878426,-3.928584262728691,,,0.95,0.9,both,4.186415849403621,4.146259833034174,0.8779426423890229,0.0,-47.50928,2507.7551712600944,-30.742758
79,1784886831.9165192,,8.0,,8.0,,6.0,,6.0,,10.0,,10.0,,1.0,,1.0,,4.0,,4.0,,2.0,,2.0,,5.0,,5.0,,8.0,,8.0,,8.14250794192776,,5.824724087258801,,9.637761691992637,,1.2204485097900033,,4.1071697060833685,,2.104970211163163,,4.869730230420828,,8.375,-1.4901161193847656e-08,-0.0002980252029374242,0.005906463404244278,1.5855508632957935,0.08284392207860947,0.8611768484115601,0.07648037374019623,0.26646214723587036,0.08185484260320663,0.8940944075584412,0.08946029841899872,6336,0.42916107177734375,5.535289287567139,0.10018181800842285,12976128,40842,6336,396,1.7757075,0.005629367601068224,0.006300259989802726,-4.016599905490875,-73.976036,0.04315330942627042,0.004241389366507064,-3.995200602710247,,,0.95,0.9,both,4.017750030557716,4.292717204036649,0.5397566964890467,0.0,-58.857544,2584.882383608093,1.7757075
80,1784886895.0690296,,8.0,,8.0,,6.0,,6.0,,10.0,,10.0,,1.0,,1.0,,4.0,,4.0,,2.0,,2.0,,5.0,,5.0,,8.0,,8.0,,8.601141170598567,,6.160364457638934,,9.911240376590285,,1.2481422815471888,,4.293886719504371,,2.169904367707204,,4.995508147869259,,8.375,4.656612873077393e-10,-0.0043609278509393334,0.004436338487721514,1.591793943196535,0.16440314054489136,0.9018470048904419,0.18715794384479523,3.4617260098457336e-06,0.10949653387069702,0.9971825480461121,0.07833217084407806,6416,0.38800811767578125,5.719398498535156,0.16358788311481476,13139968,41377,6416,401,1.1011217,0.00449622902306146,0.007103391470445785,-4.054843175411224,-88.99725,0.10299168950878083,0.00364892216748558,-4.036659315228462,,,0.95,0.9,both,4.054355627757924,4.041918966801835,0.6865655588937654,0.0,-52.46296,2594.3545724389805,1.1011217
81,1784886958.5865166,,8.0,,8.0,,6.0,,6.0,,10.0,,10.0,,1.0,,1.0,,4.0,,4.0,,2.0,,2.0,,5.0,,5.0,,8.0,,8.0,,7.864295010687783,,5.735564484726638,,9.373789872974157,,0.777477313997224,,3.7845778407063335,,1.7210665568709373,,4.71216721041128,,7.4375,3.725290298461914e-09,-0.0038542835391126573,0.009814635894144885,1.5882651396095753,0.24731209874153137,0.8496505618095398,0.21954789757728577,0.017293639481067657,0.1878911852836609,0.88443922996521,0.07463705539703369,6496,0.4134988486766815,5.175804615020752,0.09987547248601913,13303808,41863,6496,406,3.7959862,0.004389149824419292,0.0052771123955608346,-4.0890389531850815,-66.15612,0.04222153651062399,0.003578231472056359,-4.039266669750214,,,0.95,0.9,both,4.0545066090437665,4.082330936726783,0.5145603737316304,0.0,-82.63191,2579.447078572923,3.7959862
82,1784887024.1532516,,8.0,,8.0,,6.0,,6.0,,10.0,,10.0,,1.0,,1.0,,4.0,,4.0,,2.0,,2.0,,5.0,,5.0,,8.0,,8.0,,8.280879804166034,,6.0777323464863,,9.749222565675154,,1.0264766151085496,,3.868575256317854,,2.1258071879128693,,4.849334267433733,,8.0625,9.313225746154785e-10,-0.013300688413437456,0.006657491750956979,1.5859881788492203,0.06544382125139236,0.9730213284492493,0.05636809766292572,-0.011605381965637207,0.15189771354198456,0.8560477495193481,0.08879436552524567,6576,0.4862067401409149,5.505066394805908,0.11009224504232407,13467648,42367,6576,411,3.444259,0.004988280701945768,0.008453432946407703,-4.095601478219033,-77.23799,0.04052357792388648,0.0036372789400047623,-4.063065281510353,,,0.95,0.9,both,4.000982276971318,4.438050436634355,0.5949234495433986,0.0,-56.03308,2498.8283208823905,3.444259
83,1784887087.9164379,,8.0,,8.0,,6.0,,6.0,,10.0,,10.0,,1.0,,1.0,,4.0,,4.0,,2.0,,2.0,,5.0,,5.0,,8.0,,8.0,,7.053064953535795,,5.1009203642606735,,9.13261192291975,,0.6100385803729296,,3.5850214124657214,,1.643814830109477,,4.564861884340644,,7.3125,6.984919309616089e-09,0.0002428038278594613,0.0030240802952903323,1.5894686616957188,0.09724562615156174,0.8748161196708679,0.09078218042850494,-0.043519504368305206,0.07378285378217697,0.8286467790603638,0.07604527473449707,6656,0.2231408655643463,4.875354290008545,0.09144420176744461,13631488,42814,6656,416,3.424005,0.004781102551351069,0.007185316220420646,-4.13034598827362,-80.71807,0.031057541677728295,0.00474493137007812,-4.107933092117309,,,0.95,0.9,both,4.299555306917574,4.447377587440831,0.9289639947332281,0.0,-77.85809,2569.5074012524483,3.424005
84,1784887151.478595,,8.0,,8.0,,6.0,,6.0,,10.0,,10.0,,1.0,,1.0,,4.0,,4.0,,2.0,,2.0,,5.0,,5.0,,8.0,,8.0,,7.7066456290194765,,5.607456439291127,,9.49224204220809,,0.8747247991268523,,3.8101111561991274,,1.8395921604242176,,4.805922160856426,,7.5,9.313225746154785e-10,-0.003656620974652469,0.006169832544401288,1.5910656601190567,0.08659789711236954,0.9543036222457886,0.06067001819610596,-0.03630680590867996,0.09315184503793716,0.8862084150314331,0.07614559680223465,6736,0.43781623244285583,5.204586982727051,0.09276292473077774,13795328,43327,6736,421,4.371044,0.004559609378338792,0.0036931725262547843,-4.152690151333809,-62.60438,0.04827875946648419,0.003921879045083188,-4.129107177257538,,,0.95,0.9,both,3.6998033587369763,4.4492980864673655,0.6223345730897248,0.0,-72.279976,2577.6341795789904,4.371044
85,1784887213.2813954,,8.0,,8.0,,6.0,,6.0,,10.0,,10.0,,1.0,,1.0,,4.0,,4.0,,2.0,,2.0,,5.0,,5.0,,8.0,,8.0,,7.083720035851002,,5.459415677469224,,9.374069603160024,,0.6909383344464004,,3.754928066948196,,1.6765939261531457,,4.6173641966306604,,7.25,1.862645149230957e-09,0.0006123299244791269,0.0009388096441398375,1.5886455476284027,0.08799506723880768,0.8890386819839478,0.065825454890728,0.04584848880767822,0.06092831492424011,0.9306818246841431,0.0724857896566391,6816,0.3140258193016052,4.988379001617432,0.08941410481929779,13959168,43760,6816,426,4.1863184,0.004744788756943308,0.005422898818505928,-4.1858739197254184,-79.94509,0.034574119560420516,0.0032099883566843344,-4.14117893576622,,,0.95,0.9,both,3.8488991149471765,4.254441143535702,0.7733736957710255,0.0,-48.124542,2651.012732777104,4.1863184
86,1784887277.2523818,,8.0,,8.0,,6.0,,6.0,,10.0,,10.0,,1.0,,1.0,,4.0,,4.0,,2.0,,2.0,,5.0,,5.0,,8.0,,8.0,,8.605860860086977,,6.385497190058231,,9.97226707264781,,1.3670613700523973,,4.38812171574682,,2.4224378308281302,,5.0,,8.6875,3.259629011154175e-09,-0.0010668651084415615,0.002416344195808051,1.5988092385232449,0.0856722891330719,0.9337073564529419,0.07346566021442413,-0.0990157350897789,0.09872807562351227,0.8827086091041565,0.08058835566043854,6896,0.2948543429374695,5.853593349456787,0.07886341959238052,14123008,44140,6896,431,5.031107,0.0049090570697444495,0.004750329059606884,-4.210401120781898,-48.425247,0.025894337170757353,0.003691435571818147,-4.191250658035278,,,0.95,0.9,both,3.6838118212366417,4.393532723469093,0.4919548414215186,0.0,-24.591938,2561.1608641698926,5.031107
87,1784887340.5016768,,8.0,,8.0,,6.0,,6.0,,10.0,,10.0,,1.0,,1.0,,4.0,,4.0,,2.0,,2.0,,5.0,,5.0,,8.0,,8.0,,7.720535557717085,,5.841660678037442,,9.691478332038969,,0.8731048342306167,,3.9538735125679523,,1.829557920107618,,4.724558374029584,,7.5,-3.725290298461914e-09,-0.010403783904621378,0.01044808141887188,1.603173442184925,0.07142628729343414,0.9592901468276978,0.057760901749134064,0.11583308130502701,0.07869779318571091,0.8772398829460144,0.07615269720554352,6976,0.43280959129333496,5.266845703125,0.09388761222362518,14286848,44601,6976,436,4.555704,0.004659056848322507,0.005664033316134009,-4.248769471049309,-70.78961,0.03591437850845978,0.006144224606396164,-4.225691276788711,,,0.95,0.9,both,3.972990914097943,4.549393468671324,0.6082305216899784,0.0,-51.082268,2590.3850355035,4.555704
88,1784887402.8930304,,8.0,,8.0,,6.0,,6.0,,10.0,,10.0,,1.0,,1.0,,4.0,,4.0,,2.0,,2.0,,5.0,,5.0,,8.0,,8.0,,7.015378642827272,,5.100311581045389,,9.073376454412937,,0.5420419108122587,,3.5230503417551517,,1.60671117156744,,4.616362497676164,,7.0,-2.7939677238464355e-09,-0.0007331701926887035,0.011954123256145976,1.6069609820842743,0.11917729675769806,0.9381358027458191,0.07821936160326004,0.04007607325911522,0.07500133663415909,0.8983623385429382,0.07733352482318878,7056,0.11914677917957306,4.809654235839844,0.10714515298604965,14450688,45046,7056,441,4.8452787,0.004627680974954274,0.004976979142520576,-4.27516283094883,-49.85689,0.04398612549994141,0.0056290425316547045,-4.263460075855255,,,0.95,0.9,both,4.232087940419379,4.8296687421601465,1.2694121505671623,0.0,-65.61935,2626.004498162261,4.8452787
89,1784887465.2448258,,8.0,,8.0,,6.0,,6.0,,10.0,,10.0,,1.0,,1.0,,4.0,,4.0,,2.0,,2.0,,5.0,,5.0,,8.0,,8.0,,8.658481270103948,,6.653716619126499,,9.83641242980957,,1.4342444688081741,,4.461713780649006,,2.3570869988761842,,4.965045434772037,,8.875,0.0,6.397184915840626e-05,0.0004589148593368009,1.6129987798631191,0.10242389887571335,0.8504121899604797,0.08871517330408096,0.04258383437991142,0.03801064193248749,0.8142998218536377,0.08462466299533844,7136,0.2785212993621826,5.905212879180908,0.08491365611553192,14614528,45475,7136,446,5.5440216,0.004871102544711903,0.004465300422452856,-4.312290513515473,-73.043564,0.04603493944741786,0.004321546838764334,-4.268419602513314,,,0.95,0.9,both,3.6984214358554395,4.034444527140841,0.6851374853428525,0.0,-61.367577,2627.6713359456458,5.5440216
90,1784887528.012838,,8.0,,8.0,,6.0,,6.0,,10.0,,10.0,,1.0,,1.0,,4.0,,4.0,,2.0,,2.0,,5.0,,5.0,,8.0,,8.0,,8.929216098040342,,6.973287470638752,,10.0,,1.4291794709861279,,4.484321316704154,,2.471891412511468,,4.9804530423134565,,8.9375,-1.4901161193847656e-08,0.0008070877520367503,0.0020760099705512403,1.6173206456005573,0.11943899095058441,0.9177297353744507,0.10298312455415726,0.23818658292293549,0.019582951441407204,0.8644121885299683,0.07977408915758133,7216,0.10862748324871063,6.025731563568115,0.09417137503623962,14778368,45938,7216,451,-2.5777848,0.005875863377877977,0.004365454225626309,-4.325177785754204,-73.67985,0.07566283561754972,0.003126297562994296,-4.312365379929543,,,0.95,0.9,both,3.743606772781404,4.127151389257047,0.8889349270149124,0.0,-64.76759,2610.246303113999,-2.5777848
91,1784887591.6143022,,8.0,,8.0,,6.0,,6.0,,10.0,,10.0,,1.0,,1.0,,4.0,,4.0,,2.0,,2.0,,5.0,,5.0,,8.0,,8.0,,8.32954251288902,,6.542793414788321,,9.910767869791016,,1.201000981964171,,4.151560103753582,,2.267419159412384,,4.95416947780177,,8.5,1.862645149230957e-09,-0.0019502978539094329,0.007212099582829978,1.6170102395117283,0.08323194086551666,0.8732698559761047,0.06980418413877487,0.055848512798547745,0.14710357785224915,0.8581782579421997,0.08118192106485367,7296,0.3552539050579071,5.732156276702881,0.10951323062181473,14942208,46384,7296,456,5.3273096,0.00537992356767063,0.005508128728251904,-4.338820040225983,-60.105217,0.04682768709026277,0.0036966362909879535,-4.326777172088623,,,0.95,0.9,both,3.80191165438042,4.35872348988544,0.5435655366983483,0.0,-40.008434,2576.0413129473727,5.3273096
92,1784887654.6142392,,8.0,,8.0,,6.0,,6.0,,10.0,,10.0,,1.0,,1.0,,4.0,,4.0,,2.0,,2.0,,5.0,,5.0,,8.0,,8.0,,8.970755483955145,,6.961101531982422,,10.0,,1.4330210637999699,,4.481122057884932,,2.463506461121142,,5.0,,8.9375,-4.656612873077393e-10,0.0005321158096194267,0.0029190501663833857,1.6157146133482456,0.09938591718673706,0.8692351579666138,0.09288320690393448,-0.10254232585430145,0.03285111114382744,0.837331235408783,0.08495353907346725,7376,0.07705933600664139,6.0308756828308105,0.1393449455499649,15106048,46937,7376,461,-2.8818955,0.004920354975911323,0.00630865700513823,-4.361849293112755,-75.11278,0.06545978744979948,0.005686678488564212,-4.349420785903931,,,0.95,0.9,both,4.03982235717128,4.712187576905896,0.8383831134423048,0.0,-58.77165,2600.63752081829,-2.8818955
93,1784887716.0689454,,8.0,,8.0,,6.0,,6.0,,10.0,,10.0,,1.0,,1.0,,4.0,,4.0,,2.0,,2.0,,5.0,,5.0,,8.0,,8.0,,7.373884737491608,,5.464205298572779,,9.451507234713063,,0.6800213532987982,,3.7187766348943114,,1.706731902435422,,4.645423021167517,,7.625,0.0,-0.012578759691677988,0.003925466975488234,1.6140457205474377,0.14184972643852234,0.9722289443016052,0.14573930203914642,-0.016064707189798355,0.12731754779815674,0.7575416564941406,0.08543183654546738,7456,0.41557663679122925,5.083194255828857,0.12117926776409149,15269888,47488,7456,466,2.5228534,0.005856873109587468,0.005389922503673006,-4.405370807647705,-71.19924,0.05384067890699953,0.004548959914973239,-4.380921325087547,,,0.95,0.9,both,3.775116984241374,4.298185605718915,0.4981034591140143,0.0,-76.853584,2666.0285263123824,2.5228534
94,1784887780.212849,,8.0,,8.0,,6.0,,6.0,,10.0,,10.0,,1.0,,1.0,,4.0,,4.0,,2.0,,2.0,,5.0,,5.0,,8.0,,8.0,,8.193493761122227,,5.754041061503813,,9.608473618514836,,0.9203146772924811,,3.9069960275664926,,1.9835477354936302,,4.790487349033356,,8.0,3.725290298461914e-09,-0.004243856354150921,0.005034621091908775,1.622525915503502,0.07917945086956024,0.9745901226997375,0.06687583774328232,-0.05458510294556618,0.12017712742090225,0.9301095008850098,0.08880449086427689,7536,0.4887174069881439,5.394669532775879,0.062049176543951035,15433728,47966,7536,471,-22.034588,0.005156276026536943,0.007055257977117435,-4.426743656396866,-75.25249,0.03909860806306824,0.005747760010126513,-4.40031181871891,,,0.95,0.9,both,4.268638722097643,4.714876062457874,0.47783102311836023,0.0,-37.268555,2554.2569295376675,-22.034588
95,1784887842.8301404,,8.0,,8.0,,6.0,,6.0,,10.0,,10.0,,1.0,,1.0,,4.0,,4.0,,2.0,,2.0,,5.0,,5.0,,8.0,,8.0,,8.732063518837094,,6.435447298921645,,9.916260757949203,,1.0645784852094948,,4.297466602292843,,2.3671917567262426,,4.981039573671296,,8.4375,-9.313225746154785e-10,0.0006767312879674137,0.0020834391434618738,1.6298619881272316,0.06935784965753555,0.9138461351394653,0.06441003084182739,-0.06696029752492905,0.08680222183465958,0.816429615020752,0.08920938521623611,7616,0.36255115270614624,5.7789435386657715,0.09923821687698364,15597568,48517,7616,476,5.196152,0.005168964241602225,0.0067822733079083266,-4.451848128437996,-59.47921,0.03739025025861338,0.004067968987510539,-4.434671464562416,,,0.95,0.9,both,3.787839780930386,4.506145574318927,0.6723949205884101,0.0,-51.759705,2616.529661478181,5.196152
96,1784887905.5904734,,8.0,,8.0,,6.0,,6.0,,10.0,,10.0,,1.0,,1.0,,4.0,,4.0,,2.0,,2.0,,5.0,,5.0,,8.0,,8.0,,8.010704911168432,,6.234773302916437,,9.804140951484442,,1.0602729130769148,,3.8933287849649787,,2.1391299851238728,,4.922122330870479,,7.6875,3.725290298461914e-09,-0.0031662423571106046,0.026113921849173494,1.6343555375933647,0.08332473039627075,0.8883970379829407,0.07034502178430557,0.09789562970399857,0.23968175053596497,0.9090932607650757,0.07887062430381775,7696,0.438469797372818,5.468996524810791,0.0717596560716629,15761408,48969,7696,481,5.254348,0.005302570221829228,0.0044675686454866085,-4.457820293307305,-52.132244,0.03497169609181583,0.005570931323018158,-4.4295699268579485,,,0.95,0.9,both,3.844062725260623,4.491480706773547,0.6504881913064233,0.0,-45.06656,2610.566952970258,5.254348
97,1784887966.9313836,,8.0,,8.0,,6.0,,6.0,,10.0,,10.0,,1.0,,1.0,,4.0,,4.0,,2.0,,2.0,,5.0,,5.0,,8.0,,8.0,,8.48750607855618,,6.226453235838562,,9.89757164567709,,1.2562137627974153,,4.264258857583627,,2.3278155368752778,,4.942881439812481,,8.4375,0.0,-0.0037004188998253085,0.0011344356207700912,1.644664492458105,0.11879637092351913,0.8114751577377319,0.09903055429458618,-0.13437889516353607,0.06330589205026627,0.8078353404998779,0.07423010468482971,7776,0.4317830502986908,5.730025291442871,0.081138014793396,15925248,49424,7776,486,-3.1652796,0.005282778770197183,0.004935517351259478,-4.45895701944828,-76.25634,0.05091419396921992,0.004312912530440372,-4.424614903330803,,,0.95,0.9,both,3.9023726871864532,4.115519454333372,0.5094394356334138,0.0,-70.41167,2670.9733384258484,-3.1652796
98,1784888027.9712365,,8.0,,8.0,,6.0,,6.0,,10.0,,10.0,,1.0,,1.0,,4.0,,4.0,,2.0,,2.0,,5.0,,5.0,,8.0,,8.0,,8.617432345519774,,6.561157186864875,,9.965835984796286,,1.2820863611996174,,4.346758382860571,,2.3463132213801146,,4.93473481759429,,8.8125,3.725290298461914e-09,-0.0007092271116562188,0.00543886907689739,1.6563482992351055,0.13336682319641113,0.8465942144393921,0.14154919981956482,0.0163651742041111,0.08838372677564621,0.9222925901412964,0.07341577112674713,7856,0.3015817403793335,5.858352184295654,0.0930245891213417,16089088,49918,7856,491,5.879495,0.00516453349191579,0.004891996263177134,-4.462190255522728,-76.40422,0.04707275441614911,0.004218023641442414,-4.468981602787972,,,0.95,0.9,both,3.688707935355949,4.377119100615306,0.6226091726764047,0.0,-80.47504,2684.148059499575,5.879495
99,1784888090.1979506,,8.0,,8.0,,6.0,,6.0,,10.0,,10.0,,1.0,,1.0,,4.0,,4.0,,2.0,,2.0,,5.0,,5.0,,8.0,,8.0,,7.124739978462458,,5.075737493112683,,9.05932105705142,,0.5164506062865257,,3.554965036921203,,1.5655848989263177,,4.50926754064858,,7.0,3.725290298461914e-09,0.0003710698219947517,0.002935393182269763,1.6497450806200504,0.18896791338920593,0.9489216804504395,0.17354410886764526,-0.08401088416576385,0.046216681599617004,0.7993513345718384,0.07909823954105377,7936,0.11763057857751846,4.800757884979248,0.09455444663763046,16252928,50369,7936,496,-23.05241,0.00595156747076544,0.0031323921415605583,-4.475560596585273,-82.845505,0.04476806151214987,0.003966298265731893,-4.48715848326683,,,0.95,0.9,both,3.711254572121335,4.014221966402426,1.3963235243617138,0.0,-63.69912,2632.9531470009088,-23.05241
100,1784888152.582373,,8.0,,8.0,,6.0,,6.0,,10.0,,10.0,,1.0,,1.0,,4.0,,4.0,,2.0,,2.0,,5.0,,5.0,,8.0,,8.0,,7.427428568247706,,5.310414866777137,,9.320935210213065,,0.757371133309789,,3.788495125132613,,1.6410371419042349,,4.638789219316095,,7.5,-3.725290298461914e-09,-0.0017860516090877354,0.0020204575412208214,1.6587062068283558,0.06654459238052368,0.9309094548225403,0.05175592750310898,0.026057418435811996,0.07862462848424911,0.8447116613388062,0.08353058993816376,8016,0.39274245500564575,5.04805850982666,0.08834794908761978,16416768,50883,8016,501,-11.458491,0.006784535317274276,0.0035327202480402776,-4.543956479430198,-71.15196,0.02768762777559459,0.00423764264996862,-4.5053342461586,,,0.95,0.9,both,4.0374244362318255,4.704456123747732,0.45641065609215364,0.0,-45.787884,2626.2962730931145,-11.458491
101,1784888216.2841828,,8.0,,8.0,,6.0,,6.0,,10.0,,10.0,,1.0,,1.0,,4.0,,4.0,,2.0,,2.0,,5.0,,5.0,,8.0,,8.0,,8.579806100577116,,6.604328258894384,,9.997917365515605,,1.392148061771877,,4.274214752251282,,2.336884271353483,,4.983449975028634,,8.6875,0.0,0.0008022179245017469,0.009105086312047206,1.6662363037467003,0.17950847744941711,0.9152008295059204,0.1889830082654953,-0.015012404881417751,0.07614985853433609,0.8497496843338013,0.08422204852104187,8096,0.3138570189476013,5.857030868530273,0.12152548134326935,16580608,51363,8096,506,-3.7177663,0.004727543378248811,0.004125422427750891,-4.547100552916527,-77.83309,0.038465705281123516,0.0033564952595042997,-4.521404102444649,,,0.95,0.9,both,3.7189340532795283,4.833828548754795,0.892696325365657,0.0,-48.138603,2571.983408283518,-3.7177663
102,1784888277.0217557,,8.0,,8.0,,6.0,,6.0,,10.0,,10.0,,1.0,,1.0,,4.0,,4.0,,2.0,,2.0,,5.0,,5.0,,8.0,,8.0,,8.281299552880228,,6.618899310939014,,9.813681257888675,,1.2757781771942973,,4.369970478117466,,2.3193576242774725,,4.92379052285105,,8.8125,-1.3969838619232178e-09,-0.0005128154880367219,0.006415689204004593,1.670549925416708,0.053217701613903046,0.9712124466896057,0.04466972127556801,0.08856086432933807,0.16295361518859863,0.8118119835853577,0.07908222824335098,8176,0.3324722647666931,5.801909446716309,0.07358305901288986,16744448,51863,8176,511,4.014961,0.004808210430928739,0.0048663031324394975,-4.584717124700546,-51.559437,0.034722018125467005,0.0024781423358945175,-4.550091734528541,,,0.95,0.9,both,3.8708930498742133,4.245173945570498,0.6875804942413151,0.0,-79.77143,2697.5072919470554,4.014961
103,1784888339.2686827,,8.0,,8.0,,6.0,,6.0,,10.0,,10.0,,1.0,,1.0,,4.0,,4.0,,2.0,,2.0,,5.0,,5.0,,8.0,,8.0,,7.168512613745406,,5.128268100321293,,9.080305710434914,,0.5356963854283094,,3.5068712811917067,,1.5473955031484365,,4.530488166958094,,7.25,5.122274160385132e-09,0.0005161028238944709,0.0004693289959050162,1.6889152340590954,0.09451019018888474,0.8722741007804871,0.07875718176364899,-0.12208575010299683,0.03170851618051529,0.7990216016769409,0.07772278785705566,8192,0.1838546246290207,4.843442440032959,0.08197975158691406,16908288,52375,8256,516,-2.9369712,0.0048250942760205365,0.004430679489450995,-4.593621608614922,-62.154594,0.02407664458733052,0.0031400854131788947,-4.5765109837055205,,,0.95,0.9,both,3.7604400921304526,4.711777614876565,0.7010956730839701,0.0,-60.09142,2632.097176547047,-2.9369712
104,1784888403.38437,,8.0,,8.0,,6.0,,6.0,,10.0,,10.0,,1.0,,1.0,,4.0,,4.0,,2.0,,2.0,,5.0,,5.0,,8.0,,8.0,,7.064641636796296,,5.040329672396183,,9.05725372955203,,0.5169090759009123,,3.5431329887360334,,1.5417126329848543,,4.502222303301096,,7.0,1.1641532182693481e-10,0.0008303002105094492,5.6237612000131776e-05,1.6785623282194138,0.11204090714454651,0.8086154460906982,0.11409343779087067,-0.002420550212264061,0.014470282010734081,0.7960572242736816,0.08649013191461563,8192,0.08775878697633743,4.783275127410889,0.12284140288829803,17072128,52874,8336,521,5.710721,0.00473405543671106,0.005961891558399657,-4.567241621017456,-76.88909,0.05659535895101726,0.00432998970936751,-4.591382884979248,,,0.95,0.9,both,4.0019865591254336,5.010560629673882,1.1051371603229785,0.0,-29.418503,2555.380835506932,5.710721
105,1784888466.468678,,8.0,,8.0,,6.0,,6.0,,10.0,,10.0,,1.0,,1.0,,4.0,,4.0,,2.0,,2.0,,5.0,,5.0,,8.0,,8.0,,7.4620327884331346,,5.540867344941944,,9.360191961750388,,0.7047851810930297,,3.7615750085096806,,1.7741362689994276,,4.695779465138912,,7.6875,1.862645149230957e-09,0.0005202070460654795,0.004478060880501289,1.674769565463066,0.1632186472415924,0.8830171823501587,0.16064362227916718,0.025644484907388687,0.13102568686008453,0.8562533259391785,0.06568898260593414,8192,0.40731117129325867,5.123358249664307,0.08886602520942688,17235968,53404,8416,526,-13.683451,0.004846110130165471,0.0037973360223986672,-4.585196936130524,-76.82602,0.04147596018156037,0.0037450265997904355,-4.608774974942207,,,0.95,0.9,both,3.839230623310729,4.294774106704933,0.5907423036020357,0.0,-46.52221,2597.1593360515467,-13.683451
106,1784888529.4495432,,8.0,,8.0,,6.0,,6.0,,10.0,,10.0,,1.0,,1.0,,4.0,,4.0,,2.0,,2.0,,5.0,,5.0,,8.0,,8.0,,8.219758815132082,,6.285301166120917,,9.949795843916945,,1.0658222783822566,,4.130097570945509,,2.070835459511727,,4.8959041215712205,,8.375,-3.725290298461914e-09,-0.0014210893423296511,0.0113490996445762,1.6654669418931007,0.10977138578891754,0.9718249440193176,0.08423788100481033,-0.20387153327465057,0.17337892949581146,0.9074881076812744,0.06362012028694153,8192,0.42936646938323975,5.6240644454956055,0.08115053176879883,17399808,53879,8496,531,4.4072075,0.004387031979422318,0.0039190489609609355,-4.574024015665055,-65.356094,0.03974618781358004,0.0035480489445035347,-4.612039315700531,,,0.95,0.9,both,3.6739669902473877,4.402211804741343,0.45375732510667244,0.0,-48.040577,2601.425223418358,4.4072075
107,1784888591.734918,,8.0,,8.0,,6.0,,6.0,,10.0,,10.0,,1.0,,1.0,,4.0,,4.0,,2.0,,2.0,,5.0,,5.0,,8.0,,8.0,,8.475455180741847,,6.442331089638174,,9.922828763723373,,1.211013159248978,,4.091086740838364,,2.2821260327473283,,4.965644878800958,,8.4375,-2.7939677238464355e-09,-0.0006524792406708002,0.004910686955554411,1.6721511669456959,0.08506763726472855,0.9363555312156677,0.05835361033678055,0.061461664736270905,0.11702148616313934,0.8943870663642883,0.0677996501326561,8192,0.4080131947994232,5.728498458862305,0.09417568892240524,17563648,54349,8576,536,5.8543844,0.004419457331096055,0.005556603772856761,-4.58787040412426,-45.12043,0.03357882370473817,0.0023817874600354115,-4.6026439547538756,,,0.95,0.9,both,3.8388857045522125,4.039820523218937,0.4509705305540481,0.0,-66.17668,2630.473401300042,5.8543844
108,1784888653.5486467,,8.0,,8.0,,6.0,,6.0,,10.0,,10.0,,1.0,,1.0,,4.0,,4.0,,2.0,,2.0,,5.0,,5.0,,8.0,,8.0,,8.98649637028575,,6.974046215415001,,9.99818324088119,,1.4794298466295004,,4.455283980816603,,2.4246513321995735,,5.0,,9.0,-1.862645149230957e-09,0.0035304295015521348,0.003492016252494068,1.6815553903579712,0.0621190071105957,0.9810665249824524,0.055838074535131454,-0.16126084327697754,0.007106570992618799,0.8176420331001282,0.06825980544090271,8192,0.05533264949917793,6.039761543273926,0.07891510426998138,17727488,54849,8656,541,-6.3681507,0.005177059590641875,0.005771285837545293,-4.638131490349769,-75.85916,0.038052874198183415,0.0036156928828859234,-4.604408475756645,,,0.95,0.9,both,3.5987344395704226,4.129432410166851,1.6971618732919151,0.0,-74.54228,2650.5435634051623,-6.3681507
109,1784888715.8359776,,8.0,,8.0,,6.0,,6.0,,10.0,,10.0,,1.0,,1.0,,4.0,,4.0,,2.0,,2.0,,5.0,,5.0,,8.0,,8.0,,7.650810900144279,,5.772618965245783,,9.575070746708661,,0.6588725321926177,,3.8633483898593113,,1.6997457542456686,,4.704636175185442,,7.5625,9.313225746154785e-10,-0.005336558097042143,0.005102070412249304,1.687205072492361,0.10641658306121826,0.921536386013031,0.1200670376420021,0.002206019125878811,0.08966580033302307,0.8648478984832764,0.07297001779079437,8192,0.45768657326698303,5.18595027923584,0.10604246705770493,17891328,55408,8736,546,-1.9186192,0.005752720068267081,0.00596710844693007,-4.66706306040287,-68.98634,0.044310097792185844,0.003157016137993196,-4.606412494182587,,,0.95,0.9,both,3.7875175731356223,4.347671258919007,0.5881214196621234,0.0,-64.789474,2630.3907010534776,-1.9186192
110,1784888778.1365685,,8.0,,8.0,,6.0,,6.0,,10.0,,10.0,,1.0,,1.0,,4.0,,4.0,,2.0,,2.0,,5.0,,5.0,,8.0,,8.0,,7.531505384860793,,5.31859040632844,,9.108917293138802,,0.7065774433431216,,3.799879261991009,,1.8373693134635687,,4.7218221293296665,,7.625,1.862645149230957e-09,0.0004532860475592315,0.003773531221668236,1.686254721134901,0.08915768563747406,0.9027923345565796,0.08719877898693085,0.0022018924355506897,0.09685882925987244,0.7390459775924683,0.07474293559789658,8192,0.3778700530529022,5.081207752227783,0.08254443854093552,18055168,55896,8816,551,6.620955,0.005664384861302096,0.00615683786891168,-4.705759513378143,-70.60035,0.025543325918260962,0.003147302857541945,-4.654095983505249,,,0.95,0.9,both,4.067905135165785,4.365156756280629,0.6020503935354272,0.0,-44.22059,2629.830135544985,6.620955
111,1784888840.213659,,8.0,,8.0,,6.0,,6.0,,10.0,,10.0,,1.0,,1.0,,4.0,,4.0,,2.0,,2.0,,5.0,,5.0,,8.0,,8.0,,7.32604972133413,,5.0934519432485095,,9.275377679616213,,0.576092753559351,,3.65082860738039,,1.5778851201757789,,4.734262058511376,,7.1875,-9.313225746154785e-10,-0.0018903156742453575,0.006311982004262973,1.6789081022143364,0.07828295230865479,0.8634201884269714,0.06400737911462784,0.04402829334139824,0.02607038989663124,0.7471291422843933,0.08199207484722137,8192,0.26259535551071167,4.927680969238281,0.08772306144237518,18219008,56425,8896,556,7.378455,0.005099554053595056,0.005052631122816819,-4.712844881415367,-76.14453,0.042874571203719826,0.004205656176782213,-4.713167554140091,,,0.95,0.9,both,3.8994676069464136,4.675183316681832,0.6726466190899897,0.0,-53.81297,2639.2990299728417,7.378455
112,1784888902.3814414,,8.0,,8.0,,6.0,,6.0,,10.0,,10.0,,1.0,,1.0,,4.0,,4.0,,2.0,,2.0,,5.0,,5.0,,8.0,,8.0,,8.579283069819212,,6.90738439001143,,10.0,,1.3958289762958884,,4.443431092426181,,2.402790069230832,,4.986016229726374,,8.875,1.862645149230957e-09,-0.004239952482748777,0.005247275432338938,1.686254445463419,0.05374399945139885,0.9025320410728455,0.03920893371105194,0.1361270397901535,0.13436950743198395,0.8101224899291992,0.07884945720434189,8192,0.20685377717018127,5.948716640472412,0.07897710055112839,18382848,56906,8976,561,6.2205057,0.00489306297749863,0.005180494702653959,-4.756620094180107,-48.63053,0.028302498150151224,0.004267464717850089,-4.704047876596451,,,0.95,0.9,both,3.831538779443167,4.552073219183069,0.8295642109956407,0.0,-76.59877,2635.4485689950934,6.2205057
113,1784888963.904415,,8.0,,8.0,,6.0,,6.0,,10.0,,10.0,,1.0,,1.0,,4.0,,4.0,,2.0,,2.0,,5.0,,5.0,,8.0,,8.0,,7.101882908958942,,5.071581896394491,,9.114868287928402,,0.5362038444727659,,3.5233357455581427,,1.5304920803755522,,4.542502949945629,,7.1875,-7.450580596923828e-09,0.0004969334695488214,0.007727935000730213,1.689782079309225,0.14624667167663574,0.8948190212249756,0.22721268236637115,0.16801398992538452,0.02316795289516449,0.9103173017501831,0.0717957392334938,8192,0.15471802651882172,4.826045989990234,0.1338764876127243,18546688,57381,9056,566,7.700625,0.005034025636996375,0.004380815128388349,-4.769565758109093,-77.36753,0.051398337516002354,0.002743990097224014,-4.7374349504709246,,,0.95,0.9,both,3.8268605355762206,4.351726923947362,0.9321260258563493,0.0,-54.710243,2663.070214527459,7.700625
114,1784889026.3423827,,8.0,,8.0,,6.0,,6.0,,10.0,,10.0,,1.0,,1.0,,4.0,,4.0,,2.0,,2.0,,5.0,,5.0,,8.0,,8.0,,8.853408977389336,,6.900360986590385,,9.958420732989907,,1.352416212670505,,4.379968329332769,,2.428359986282885,,5.0,,8.75,-9.778887033462524e-09,-0.0006279715453274548,0.002101703776133945,1.6951582431793213,0.09044492244720459,0.9519839286804199,0.07794750481843948,0.187196284532547,0.054066628217697144,0.8153501749038696,0.08299046754837036,8192,0.1788269281387329,5.952866554260254,0.11156396567821503,18710528,57871,9136,571,7.9794602,0.005582801365380874,0.005558084321091883,-4.786468535661697,-73.85917,0.054571431851945816,0.003980185589898611,-4.74852446615696,,,0.95,0.9,both,3.644132067672004,4.391922090718743,0.5027264359079922,0.0,-47.24844,2624.044459936132,7.9794602
115,1784889087.6234891,,8.0,,8.0,,6.0,,6.0,,10.0,,10.0,,1.0,,1.0,,4.0,,4.0,,2.0,,2.0,,5.0,,5.0,,8.0,,8.0,,8.271318502957001,,6.416803821921349,,9.866677300073206,,0.910998463165015,,4.12968613859266,,2.2560820116341347,,4.8290462689474225,,8.25,-1.862645149230957e-09,-0.001833462796639651,0.004013646990642883,1.697177991271019,0.08856888115406036,0.9793236255645752,0.07061101496219635,-0.0846124142408371,0.09654298424720764,0.8311353921890259,0.07906607538461685,8192,0.4557730257511139,5.616326808929443,0.10366267710924149,18874368,58323,9216,576,7.5680733,0.005750402314879466,0.006825596064300043,-4.798840326070786,-67.463104,0.047421209898311646,0.00407371924520703,-4.726852467656135,,,0.95,0.9,both,3.819409653110378,4.301310529184815,0.5283681553563062,0.0,-73.36303,2673.5823427840223,7.5680733
116,1784889148.9996974,,8.0,,8.0,,6.0,,6.0,,10.0,,10.0,,1.0,,1.0,,4.0,,4.0,,2.0,,2.0,,5.0,,5.0,,8.0,,8.0,,8.156130452174693,,6.55462802760303,,9.855557104572654,,1.0402584243565798,,3.949719068245031,,2.103639504406601,,4.864511026069522,,8.25,1.862645149230957e-09,-0.0020055692875757813,0.0037089156758156605,1.6954391077160835,0.07311177253723145,0.8613124489784241,0.07004627585411072,-0.0373973473906517,0.12269765883684158,0.7551654577255249,0.08936285972595215,8192,0.4214755892753601,5.596805572509766,0.10008937865495682,19038208,58850,9296,581,-0.9100882,0.005596512036572676,0.0028661109652603047,-4.752557015419006,-62.022686,0.041040842817164955,0.004048469639383256,-4.7614202976226805,,,0.95,0.9,both,3.4807877787942756,4.168880525729181,0.43117568053886657,0.0,-79.45342,2669.436851558096,-0.9100882
117,1784889210.2209966,,8.0,,8.0,,6.0,,6.0,,10.0,,10.0,,1.0,,1.0,,4.0,,4.0,,2.0,,2.0,,5.0,,5.0,,8.0,,8.0,,7.900654961820692,,6.561020956374705,,9.84831362683326,,1.1206600035075098,,4.184622888453305,,2.1931372829712927,,4.940886100754142,,8.125,-9.313225746154785e-10,-0.010683611442800611,0.001737320562824607,1.697646800428629,0.08487838506698608,0.9374131560325623,0.06987787783145905,0.026148058474063873,0.07420151680707932,0.7863781452178955,0.08706629276275635,8192,0.4512377083301544,5.609286785125732,0.1094587966799736,19202048,59390,9376,586,7.834836,0.0057929011862142945,0.003722323235706426,-4.793931958079338,-68.394066,0.04520968324504793,0.0032959327290882356,-4.779310992360115,,,0.95,0.9,both,3.54123016536087,4.389507209482529,0.4612461694625461,0.0,-79.50614,2676.1927959802215,7.834836
118,1784889273.6415155,,8.0,,8.0,,6.0,,6.0,,10.0,,10.0,,1.0,,1.0,,4.0,,4.0,,2.0,,2.0,,5.0,,5.0,,8.0,,8.0,,8.607686114497483,,6.851976930163801,,10.0,,1.4369674241170287,,4.379494886728935,,2.3818808901123703,,4.987412413582206,,8.875,8.381903171539307e-09,-0.00020159818814136088,0.001554409494929132,1.7062825113534927,0.07508954405784607,0.8852721452713013,0.05971651151776314,0.1506045162677765,0.04713091626763344,0.8290445804595947,0.08035200834274292,8192,0.2382229119539261,5.940052032470703,0.11193633824586868,19365888,59870,9456,591,-0.59726185,0.00589557898347266,0.005328232707688585,-4.824800407886505,-69.854805,0.042588679597247395,0.0032629004741465905,-4.788350328803062,,,0.95,0.9,both,3.8276429131679977,4.392605050713501,0.6794190558317623,0.0,-36.897038,2583.3910574027504,-0.59726185
119,1784889334.9131606,,8.0,,8.0,,6.0,,6.0,,10.0,,10.0,,1.0,,1.0,,4.0,,4.0,,2.0,,2.0,,5.0,,5.0,,8.0,,8.0,,7.178786181844771,,5.197574815712869,,9.237949116155505,,0.6872089290991426,,3.589978074654937,,1.6122036348097026,,4.595058391336352,,7.125,-1.862645149230957e-09,-0.000361223123036325,0.0045784615649608895,1.7042889706790447,0.07188183814287186,0.9151774644851685,0.0516178123652935,-0.034705210477113724,0.04909782111644745,0.744085431098938,0.08870845288038254,8192,0.25345608592033386,4.902969837188721,0.10919460654258728,19529728,60422,9536,596,-0.8468164,0.0058088607984245755,0.007923077495070175,-4.815015080571174,-67.8636,0.03827244774438441,0.005598750219360227,-4.80543799996376,,,0.95,0.9,both,4.301273774116082,4.990838869761058,0.7106913984251265,0.0,-80.38713,2673.993806399548,-0.8468164
120,1784889397.5200996,,8.0,,8.0,,6.0,,6.0,,10.0,,10.0,,1.0,,1.0,,4.0,,4.0,,2.0,,2.0,,5.0,,5.0,,8.0,,8.0,,7.203330785501748,,5.116856040433049,,9.138968843966722,,0.5732357604429126,,3.5584235694259405,,1.586738299112767,,4.577253569383174,,7.25,-1.6763806343078613e-08,0.0015148910460993648,0.0016807024248919333,1.7092708311975002,0.1046595647931099,0.9248242378234863,0.07510849088430405,0.1761295050382614,0.036577850580215454,0.8303934335708618,0.07669930160045624,8192,0.2656554579734802,4.875600337982178,0.11649803817272186,19693568,60893,9616,601,7.665801,0.005399113242310705,0.002940300716727506,-4.851856151223183,-61.56997,0.030915949726477265,0.005072679447766859,-4.820663928985596,,,0.95,0.9,both,3.3618052090756985,4.724455483448162,0.9140725067705991,0.0,-50.765755,2616.9623558034,7.665801
121,1784889459.0997465,,8.0,,8.0,,6.0,,6.0,,10.0,,10.0,,1.0,,1.0,,4.0,,4.0,,2.0,,2.0,,5.0,,5.0,,8.0,,8.0,,7.064512377604842,,5.153092119842768,,9.032461918890476,,0.5059753600507975,,3.509778868407011,,1.5232944376766682,,4.5434471210464835,,7.0,3.259629011154175e-09,0.0003972644917666912,0.021109627137775533,1.7141435332596302,0.06794349104166031,0.8935883045196533,0.057749081403017044,0.04460238292813301,0.07312005013227463,0.7906979322433472,0.096860371530056,8192,0.09403683990240097,4.791569709777832,0.1247403547167778,19857408,61450,9696,606,7.3799524,0.005228213232476265,0.003763651392364409,-4.846728464961052,-73.0625,0.034274784848093987,0.004379052655713167,-4.830101579427719,,,0.95,0.9,both,3.503088087725767,4.587183137570444,1.2330901231768059,0.0,-75.37717,2660.6193707087023,7.3799524
122,1784889521.6054823,,8.0,,8.0,,6.0,,6.0,,10.0,,10.0,,1.0,,1.0,,4.0,,4.0,,2.0,,2.0,,5.0,,5.0,,8.0,,8.0,,8.870860097929835,,6.959462892264128,,9.997385002905503,,1.4423196893185377,,4.447820823639631,,2.4304023906588554,,5.0,,8.875,3.4924596548080444e-09,0.0004321538144722581,0.003612265627452871,1.722626220434904,0.08981695026159286,0.7791983485221863,0.06915858387947083,-0.026704128831624985,0.06952277570962906,0.8166990280151367,0.08571562170982361,8192,0.14890572428703308,6.002906322479248,0.11989634484052658,20021248,61999,9776,611,-16.29792,0.006882952229352668,0.004841829049837543,-4.878406772017479,-75.55783,0.0403004907653667,0.00213392181758536,-4.852876281738281,,,0.95,0.9,both,3.8290492673068925,4.36941600847194,0.7740438749712986,0.0,-52.153145,2621.200059456457,-16.29792
123,1784889584.1588743,,8.0,,8.0,,6.0,,6.0,,10.0,,10.0,,1.0,,1.0,,4.0,,4.0,,2.0,,2.0,,5.0,,5.0,,8.0,,8.0,,7.153884153813124,,5.204327374696732,,9.293597057461739,,0.5566186895594001,,3.5772457108832896,,1.5976681616157293,,4.554360205307603,,7.25,-1.862645149230957e-09,-0.0014626314950874075,0.0028265219589229673,1.7177778035402298,0.1409420222043991,0.854197084903717,0.1260080635547638,-0.020445682108402252,0.10823369026184082,0.7912495136260986,0.09777510166168213,8192,0.2775283753871918,4.898462772369385,0.14169996976852417,20185088,62543,9856,616,8.868864,0.005770074603060493,0.00427548074076185,-4.926573231816292,-63.269207,0.051685580611228944,0.003646022784960223,-4.88777234852314,,,0.95,0.9,both,3.689702626323495,4.638452004455354,0.5080834977854167,0.0,-45.145027,2619.2018734763874,8.868864
124,1784889647.3492098,,8.0,,8.0,,6.0,,6.0,,10.0,,10.0,,1.0,,1.0,,4.0,,4.0,,2.0,,2.0,,5.0,,5.0,,8.0,,8.0,,7.022796131670475,,5.0364085510373116,,9.064186949282885,,0.5341391712427139,,3.5285775689408183,,1.545822121668607,,4.503002123907208,,7.0,-9.313225746154785e-10,0.0016178409568965435,0.002414411628706148,1.7176026068627834,0.13378727436065674,0.8662459850311279,0.10790285468101501,-0.06659837067127228,0.034081801772117615,0.8193334341049194,0.07747858017683029,8192,0.06817659735679626,4.7793660163879395,0.11877197027206421,20348928,63106,9936,621,8.280455,0.005491047881514532,0.006261740683476092,-4.932332304120064,-76.97444,0.024138917040545493,0.0039891057822387666,-4.885346096754074,,,0.95,0.9,both,3.984465325742467,4.519111486614572,1.4496471047431276,0.0,-68.78257,2592.8015851549812,8.280455
125,1784889711.7724748,,8.0,,8.0,,6.0,,6.0,,10.0,,10.0,,1.0,,1.0,,4.0,,4.0,,2.0,,2.0,,5.0,,5.0,,8.0,,8.0,,7.012725658714771,,5.000836290419102,,9.00335156172514,,0.5012482479214668,,3.5044322479516268,,1.504080131649971,,4.5059235487133265,,7.0,-9.313225746154785e-10,0.0013091128785163164,0.013218774751294404,1.7259831614792347,0.10077402740716934,0.894964873790741,0.08989368379116058,0.1514354944229126,0.0022619767114520073,0.795099675655365,0.08339044451713562,8192,0.012609417550265789,4.754074573516846,0.076497383415699,20512768,63683,10016,626,-17.225351,0.007883696247881744,0.00466626260385965,-4.968776187300682,-58.48001,0.027744590362999588,0.0038696990013704635,-4.947905820608139,,,0.95,0.9,both,4.030136600849279,4.726697412974739,2.123744575667854,0.0,-37.13676,2543.1813460187363,-17.225351
126,1784889774.4591188,,8.0,,8.0,,6.0,,6.0,,10.0,,10.0,,1.0,,1.0,,4.0,,4.0,,2.0,,2.0,,5.0,,5.0,,8.0,,8.0,,7.1015099585056305,,5.36966420058161,,9.25023739039898,,0.6132956448709592,,3.569556647911668,,1.5864304032875225,,4.617943920195103,,7.3125,4.6566128730773926e-09,0.0008412707829847932,0.0050433083160896786,1.7195797115564346,0.09889371693134308,0.8906497359275818,0.09127503633499146,0.10749971866607666,0.07001234591007233,0.8543378114700317,0.09018932282924652,8192,0.2629269063472748,4.927642822265625,0.12705135345458984,20676608,64217,10096,631,7.729862,0.006058707811462227,0.00506016849540174,-5.023131912946701,-73.61008,0.031619485502596946,0.0031417352263815703,-4.974843281507492,,,0.95,0.9,both,3.9500265965254,4.863079116897468,0.7152942652885328,0.0,-60.92147,2613.634101282239,7.729862
127,1784889836.8475077,,8.0,,8.0,,6.0,,6.0,,10.0,,10.0,,1.0,,1.0,,4.0,,4.0,,2.0,,2.0,,5.0,,5.0,,8.0,,8.0,,7.878916448447853,,5.530444043688476,,9.477223243797198,,0.6976300571113825,,3.7534745801240206,,1.7075442110653967,,4.671511633321643,,7.5,-1.1175870895385742e-08,-0.002066466142423451,0.0032558542989136185,1.7270275354385376,0.13282394409179688,0.8553677797317505,0.1177816241979599,0.09141052514314651,0.11351725459098816,0.732965886592865,0.08916256576776505,8192,0.41354480385780334,5.152093410491943,0.13079790771007538,20840448,64801,10176,636,-8.235762,0.007178679798380471,0.005693425799836405,-5.029288372397422,-57.864582,0.04003823718521744,0.0036474911641562356,-5.027625143527985,,,0.95,0.9,both,3.726627031588028,4.625946982860842,0.39831782356004836,0.0,-58.198437,2626.129635114395,-8.235762
128,1784889900.6819248,,8.0,,8.0,,6.0,,6.0,,10.0,,10.0,,1.0,,1.0,,4.0,,4.0,,2.0,,2.0,,5.0,,5.0,,8.0,,8.0,,7.0261920019984245,,5.082835771143436,,9.130484018474817,,0.5649298820644617,,3.5552722606807947,,1.5276617873460054,,4.528368823230267,,7.0,9.313225746154785e-10,-0.00010946288239210844,0.002239552151877433,1.7362270280718803,0.08945777267217636,0.8810832500457764,0.05303596332669258,0.003784515894949436,0.030780989676713943,0.835311233997345,0.07333067059516907,8192,0.12197157740592957,4.801967620849609,0.09315375983715057,21004288,65236,10256,641,7.3427877,0.005967279551987304,0.004957078282313887,-5.007191199064255,-58.025658,0.01434158610063605,0.004259962815558538,-5.03624493777752,,,0.95,0.9,both,3.537141663479126,5.031508350154797,1.1992364257541306,0.0,-34.651863,2566.640974581107,7.3427877
129,1784889962.8808417,,8.0,,8.0,,6.0,,6.0,,10.0,,10.0,,1.0,,1.0,,4.0,,4.0,,2.0,,2.0,,5.0,,5.0,,8.0,,8.0,,8.39505535873468,,6.330056322505698,,9.684857171028852,,1.0863790547009557,,4.135495007736608,,2.286331720999442,,4.830624646507204,,8.375,0.0,-0.01023640122730285,0.0025647072616266087,1.747679054737091,0.06728789210319519,0.9988433122634888,0.05504602938890457,0.055464066565036774,0.09169425815343857,0.7412880659103394,0.08179260045289993,8192,0.44916245341300964,5.640474796295166,0.10121942311525345,21168128,65784,10336,646,6.6364374,0.005444421763968421,0.005956231951859081,-5.066040188074112,-68.18586,0.03352334302617237,0.0016260025615338237,-5.036206671595574,,,0.95,0.9,both,3.912390185108447,4.33506341668385,0.4118016802701566,0.0,-49.303875,2634.129145675265,6.6364374
130,1784890022.9974058,,8.0,,8.0,,6.0,,6.0,,10.0,,10.0,,1.0,,1.0,,4.0,,4.0,,2.0,,2.0,,5.0,,5.0,,8.0,,8.0,,7.188994323834777,,5.343355651944876,,9.188750218600035,,0.6209508385509253,,3.574689560569823,,1.6307451501488686,,4.6099364017136395,,7.125,0.0,0.00031484663486480713,0.006363535416312516,1.754411742091179,0.07471916079521179,0.9316667914390564,0.06779563426971436,-0.03605566918849945,0.16045455634593964,0.7745788097381592,0.07885221391916275,8192,0.2915486693382263,4.910302639007568,0.14007900655269623,21331968,66255,10416,651,5.081735,0.005749608938640449,0.003964412051573163,-5.019800171256065,-79.65005,0.04405253704171628,0.0038799753703642635,-5.022874727845192,,,0.95,0.9,both,3.580150688225183,4.994501512395866,0.6368514893745881,0.0,-73.15886,2725.3718204260513,5.081735
131,1784890085.0691142,,8.0,,8.0,,6.0,,6.0,,10.0,,10.0,,1.0,,1.0,,4.0,,4.0,,2.0,,2.0,,5.0,,5.0,,8.0,,8.0,,8.764601724222302,,6.866902993991971,,9.961899861693382,,1.3450050610117614,,4.322584779933095,,2.433076184242964,,5.0,,8.75,1.3969838619232178e-09,-0.000260406406596303,0.002530056324758334,1.7742935828864574,0.11864575743675232,0.8190168142318726,0.11795875430107117,-0.047519516199827194,0.07286866754293442,0.8739403486251831,0.07805407792329788,8192,0.2585681080818176,5.930509090423584,0.09519398212432861,21495808,66743,10496,656,-9.130435,0.006002728083694819,0.003963278678929783,-4.989958536624909,-67.001854,0.041547233052551744,0.003748031274881214,-4.986238893866539,,,0.95,0.9,both,3.5870901894784253,4.397765673938396,0.5880411672112924,0.0,-54.50295,2639.5277755955626,-9.130435
132,1784890148.4142008,,8.0,,8.0,,6.0,,6.0,,10.0,,10.0,,1.0,,1.0,,4.0,,4.0,,2.0,,2.0,,5.0,,5.0,,8.0,,8.0,,8.964548211544752,,6.908211095258594,,10.0,,1.46990648470819,,4.47839992493391,,2.47820115275681,,5.0,,9.0,9.313225746154785e-10,0.0010278549743816257,0.00016377902898057073,1.7726752236485481,0.07886818051338196,0.8696581125259399,0.049017395824193954,0.016453705728054047,0.012066975235939026,0.7112429141998291,0.09224480390548706,8192,0.06828537583351135,6.037408351898193,0.10787610709667206,21659648,67311,10576,661,-1.622538,0.006404751099762507,0.006048212628229521,-4.9778039187192915,-76.19468,0.031929234054405245,0.004859442080487497,-4.9716270685195925,,,0.95,0.9,both,3.778668668172126,4.835465259540213,1.4128330648776322,0.0,-35.95692,2586.4684891299194,-1.622538
133,1784890210.3776457,,8.0,,8.0,,6.0,,6.0,,10.0,,10.0,,1.0,,1.0,,4.0,,4.0,,2.0,,2.0,,5.0,,5.0,,8.0,,8.0,,7.729559055529535,,5.60843722615391,,9.454612225294113,,0.8682138791773468,,3.916340430499986,,1.7714217121247202,,4.702702238224447,,7.4375,-5.587935447692871e-09,-0.0019973484450019896,0.011334166847518645,1.7728981114923954,0.07622098922729492,0.9829179048538208,0.06975766271352768,-0.14297062158584595,0.21240580081939697,0.8214466571807861,0.09815052151679993,8192,0.4699363708496094,5.186098098754883,0.12914103269577026,21823488,67902,10656,666,8.184614,0.00562874647512217,0.003576255108055193,-4.98713947236538,-58.605976,0.05188293193932623,0.0036072613671422004,-4.99331348836422,,,0.95,0.9,both,3.7678770815527565,4.424034443185814,0.4140970676775697,0.0,-44.374134,2644.1385712661763,8.184614
134,1784890272.701326,,8.0,,8.0,,6.0,,6.0,,10.0,,10.0,,1.0,,1.0,,4.0,,4.0,,2.0,,2.0,,5.0,,5.0,,8.0,,8.0,,8.727438604459167,,6.615736480802298,,9.915415279581794,,1.355983362882398,,4.246752240462229,,2.3630567288491875,,4.964512355625629,,8.8125,2.7939677238464355e-09,-0.0033509297645650804,0.002913009811891243,1.7853295095264912,0.11215800046920776,0.9579644203186035,0.10630471259355545,0.08753818273544312,0.09642798453569412,0.7844876050949097,0.09010125696659088,8192,0.32494160532951355,5.875174522399902,0.10847511887550354,21987328,68425,10736,671,-3.1416488,0.006219223086372949,0.0035576603360823354,-5.011340177059173,-54.335743,0.031196321872994304,0.004100965899851872,-4.994666793942452,,,0.95,0.9,both,3.595061237371513,4.08830479116211,0.59520325770883,0.0,-51.497334,2628.8563262254293,-3.1416488
135,1784890333.7503383,,8.0,,8.0,,6.0,,6.0,,10.0,,10.0,,1.0,,1.0,,4.0,,4.0,,2.0,,2.0,,5.0,,5.0,,8.0,,8.0,,8.061782048083842,,6.350873177696485,,9.895340943709016,,1.1053572248201817,,4.08079781755805,,1.8385186856612563,,4.85955944028683,,8.125,7.450580596923828e-09,-0.009792454075068235,0.014263009885326028,1.789222627878189,0.046336859464645386,0.9323419332504272,0.041782114654779434,0.06147007644176483,0.2337520569562912,0.8577773571014404,0.08832851052284241,8192,0.47520506381988525,5.539653778076172,0.12694521248340607,22151168,68925,10816,676,7.3075743,0.00601464558421867,0.0046559488633647565,-5.007908660173416,-72.974686,0.021902567357756197,0.004686198924900964,-5.024891528487205,,,0.95,0.9,both,3.824989106059344,5.189931381987146,0.5245838653931442,0.0,-72.882744,2683.7459036412783,7.3075743
136,1784890395.6810138,,8.0,,8.0,,6.0,,6.0,,10.0,,10.0,,1.0,,1.0,,4.0,,4.0,,2.0,,2.0,,5.0,,5.0,,8.0,,8.0,,8.333157585468143,,6.153886671178043,,9.73016698146239,,1.0182821209309623,,3.8823700733482838,,1.9710359214805067,,4.9240607083484065,,8.1875,1.862645149230957e-09,-0.0031218257499858737,0.006964393935049884,1.7927957586944103,0.07300379127264023,1.0108181238174438,0.06505243480205536,-0.009397432208061218,0.1670721024274826,0.7023066282272339,0.09086893498897552,8192,0.4630286693572998,5.525057792663574,0.09269595146179199,22315008,69459,10896,681,-2.5975158,0.005830887365300441,0.00545987522782525,-5.048486667871475,-38.779602,0.0316980718751438,0.0039009469124721362,-5.032704150676727,,,0.95,0.9,both,4.17442473467216,4.106536986020152,0.3949549373572741,0.0,-64.20533,2645.5383114219094,-2.5975158
137,1784890455.5631952,,8.0,,8.0,,6.0,,6.0,,10.0,,10.0,,1.0,,1.0,,4.0,,4.0,,2.0,,2.0,,5.0,,5.0,,8.0,,8.0,,7.261572492308915,,5.258635591715574,,9.255907776765525,,0.6251270156353712,,3.5400300547480583,,1.6291326428763568,,4.573053434025496,,7.4375,9.313225746154785e-10,-0.0032565898145549,0.002524168205127353,1.8012916035950184,0.25297361612319946,0.9580367207527161,0.2494676113128662,0.025217488408088684,0.09502595663070679,0.6803402900695801,0.07287462055683136,8192,0.27828073501586914,4.947619915008545,0.09030474722385406,22478848,70012,10976,686,-0.045079995,0.005397864236147143,0.004007655363238882,-5.0756999343633655,-56.82781,0.018376079539302738,0.0027576208849495742,-5.056540250778198,,,0.95,0.9,both,3.648683245142037,4.254525630179136,0.43481272786700154,0.0,-70.01036,2736.039155980101,-0.045079995
138,1784890519.1200182,,8.0,,8.0,,6.0,,6.0,,10.0,,10.0,,1.0,,1.0,,4.0,,4.0,,2.0,,2.0,,5.0,,5.0,,8.0,,8.0,,7.242242394742789,,5.345496515277773,,9.393710654228926,,0.6554632289335132,,3.734329623170197,,1.6046032497106353,,4.601217061281204,,7.4375,0.0,-0.003920389455743134,0.002163569224649109,1.8087333180010319,0.06502416729927063,0.8770530819892883,0.0624937005341053,-0.1190449595451355,0.09047453850507736,0.7990369200706482,0.08793805539608002,8192,0.3455316424369812,5.0018205642700195,0.15887564420700073,22642688,70552,11056,691,7.8464966,0.005832392102456651,0.0061220778814458756,-5.112320822477341,-74.21114,0.03223657994531095,0.002702741287794197,-5.091682979464531,,,0.95,0.9,both,4.178537933076067,4.607513950854864,0.36885222490600644,0.0,-20.755806,2577.850907660242,7.8464966
139,1784890581.7873013,,8.0,,8.0,,6.0,,6.0,,10.0,,10.0,,1.0,,1.0,,4.0,,4.0,,2.0,,2.0,,5.0,,5.0,,8.0,,8.0,,8.01757232658565,,6.274640400893986,,9.873543966561556,,1.0722136138938367,,4.071686451672576,,2.085292459698394,,4.811955857090652,,8.0625,-3.725290298461914e-09,9.931367821991444e-05,0.012641731067560613,1.8145598247647285,0.1689688265323639,0.9883590936660767,0.173137366771698,-0.03255711495876312,0.22609974443912506,0.6949328184127808,0.08970621973276138,8192,0.48369404673576355,5.533675670623779,0.09232723712921143,22806528,71093,11136,696,2.6826966,0.0052605858378228735,0.004079132620972814,-5.128604409098625,-40.76129,0.0300042363232933,0.003943089145832346,-5.10611837208271,,,0.95,0.9,both,3.9207233882315897,4.262944319830977,0.3704391326720624,0.0,-64.27613,2614.442023013053,2.6826966
140,1784890644.9562552,,8.0,,8.0,,6.0,,6.0,,10.0,,10.0,,1.0,,1.0,,4.0,,4.0,,2.0,,2.0,,5.0,,5.0,,8.0,,8.0,,8.67461155867204,,6.8863631300628185,,9.954763206420466,,1.3714260883862153,,4.31111075845547,,2.380684574134648,,4.968443489633501,,8.6875,-3.725290298461914e-09,-0.0006199695344548672,0.0027822128067782614,1.8185382373631,0.08160047233104706,0.9289882183074951,0.07776033133268356,0.09473765641450882,0.10663998872041702,0.7824275493621826,0.08651352673768997,8192,0.30128008127212524,5.90436315536499,0.0895998552441597,22970368,71522,11216,701,5.3656054,0.004933149283169768,0.003807313256402267,-5.154915216565132,-68.97437,0.0352843921398744,0.0027997582321404478,-5.121372199058532,,,0.95,0.9,both,3.6734740693688592,4.4631033871160755,0.6666102905268708,0.0,-38.466007,2593.6792587052423,5.3656054
141,1784890705.823073,,8.0,,8.0,,6.0,,6.0,,10.0,,10.0,,1.0,,1.0,,4.0,,4.0,,2.0,,2.0,,5.0,,5.0,,8.0,,8.0,,8.18052154686302,,6.356296680402011,,9.77218794170767,,1.0863511369097978,,4.262529915198684,,2.093991094676312,,4.926405965350568,,7.9375,1.862645149230957e-09,-0.0010554520995356143,0.003422948320803698,1.8230942152440548,0.05033201351761818,0.8821223974227905,0.04941059276461601,-0.06786179542541504,0.11765151470899582,0.7071036100387573,0.0867188349366188,8192,0.46026611328125,5.576972961425781,0.11352593451738358,23134208,72096,11296,706,5.694313,0.005174114001420094,0.002427853627887089,-5.189017584919929,-75.67335,0.021724690386326982,0.004186436686723027,-5.171511766314507,,,0.95,0.9,both,3.7228812577120847,4.798655682190164,0.28137452264063945,0.0,-68.96799,2691.7784786076886,5.694313
142,1784890769.3963761,,8.0,,8.0,,6.0,,6.0,,10.0,,10.0,,1.0,,1.0,,4.0,,4.0,,2.0,,2.0,,5.0,,5.0,,8.0,,8.0,,7.415367388166487,,5.178861949592829,,9.214650281908689,,0.5679038539528847,,3.6314439470879734,,1.8209666480543092,,4.606107688974589,,7.25,0.0,-0.0013875822769477963,0.0045443461822287645,1.8341514691710472,0.0635974332690239,0.9243852496147156,0.05062294751405716,0.09867125749588013,0.09186102449893951,0.7265953421592712,0.08685598522424698,8192,0.34500065445899963,4.960662841796875,0.17990681529045105,23298048,72762,11376,711,8.479723,0.005458852626179578,0.004064793970610481,-5.2269771814346315,-63.57908,0.03621490264777094,0.003743390488671139,-5.177510583400727,,,0.95,0.9,both,3.859689204517089,5.388776421475795,0.5859485484064044,0.0,-19.198174,2577.1836464328017,8.479723
143,1784890833.023558,,8.0,,8.0,,6.0,,6.0,,10.0,,10.0,,1.0,,1.0,,4.0,,4.0,,2.0,,2.0,,5.0,,5.0,,8.0,,8.0,,8.472048407420516,,6.271817143540829,,9.902087554335594,,1.300421795109287,,4.288986342726275,,2.26354404585436,,4.892302508465946,,8.1875,1.0244548320770264e-08,-0.0013079990749247372,0.018641736562130973,1.8437433540821075,0.13828176259994507,0.8937703371047974,0.11818740516901016,0.08756799250841141,0.23433631658554077,0.7699093818664551,0.08567719161510468,8192,0.42952585220336914,5.697338104248047,0.10731904953718185,23461888,73341,11456,716,-9.301378,0.0057731591063202355,0.004834405887231696,-5.2412359595298765,-60.727528,0.0374809461645782,0.004269569847383537,-5.208493787050247,,,0.95,0.9,both,3.9683207530203957,5.052367737095037,0.49398870052727295,0.0,-17.093817,2574.9990958176186,-9.301378
144,1784890895.792894,,8.0,,8.0,,6.0,,6.0,,10.0,,10.0,,1.0,,1.0,,4.0,,4.0,,2.0,,2.0,,5.0,,5.0,,8.0,,8.0,,8.847334887832403,,6.901614582631737,,9.953796617686749,,1.3955941784661263,,4.414034935645759,,2.3427521606208757,,5.0,,8.625,5.587935447692871e-09,0.00035845633829012513,0.004928435846522916,1.851766649633646,0.048046909272670746,0.9817497134208679,0.03449363633990288,-0.09918040037155151,0.05729401111602783,0.7508091330528259,0.08060918748378754,8192,0.2713264524936676,5.93501615524292,0.08508525788784027,23625728,73937,11536,721,7.481836,0.005208239912462886,0.0033110017036960928,-5.262023934721947,-69.47709,0.0405400954419747,0.0035826940453262067,-5.228401607275009,,,0.95,0.9,both,3.8967221026170265,4.539247528348691,0.6816837585932782,0.0,-44.602093,2610.191856964262,7.481836
145,1784890957.17871,,8.0,,8.0,,6.0,,6.0,,10.0,,10.0,,1.0,,1.0,,4.0,,4.0,,2.0,,2.0,,5.0,,5.0,,8.0,,8.0,,7.166144381277263,,5.037958070635796,,9.045143082737923,,0.5878635942935944,,3.611632370389998,,1.6315331170335412,,4.568975398782641,,7.0,-1.862645149230957e-09,0.00045604922343045473,0.00022977158141657128,1.8603776209056377,0.0645378828048706,1.041487693786621,0.05986892059445381,0.04491344839334488,0.030873896554112434,0.8215404748916626,0.07010628283023834,8192,0.17456117272377014,4.831156253814697,0.14309343695640564,23789568,74469,11616,726,9.435114,0.005561249582387973,0.0037846508028451355,-5.302697217464447,-70.82863,0.03852605774300173,0.003388095363334287,-5.293886461853981,,,0.95,0.9,both,3.677902299172372,4.912197388392307,0.8567244167873517,0.0,-72.102936,2669.020322646351,9.435114
146,1784891019.163624,,8.0,,8.0,,6.0,,6.0,,10.0,,10.0,,1.0,,1.0,,4.0,,4.0,,2.0,,2.0,,5.0,,5.0,,8.0,,8.0,,7.184948481619358,,5.395917334361002,,9.162224099040031,,0.8047932544723153,,3.5983623943757266,,1.6177785666659474,,4.608485104516149,,7.3125,-5.587935447692871e-09,-0.0057312036224175245,0.0009804279907257296,1.8536683283746243,0.06366845220327377,0.9679594039916992,0.056582070887088776,-0.16772082448005676,0.06314557790756226,0.7163900136947632,0.07496245950460434,8192,0.36327996850013733,4.960626125335693,0.13082878291606903,23953408,75094,11696,731,8.074297,0.005966787345096236,0.0044072093351132935,-5.297491052746773,-80.59501,0.04140182847622782,0.0037804029445396735,-5.290143272280693,,,0.95,0.9,both,3.8187299318530874,4.7006585792721465,0.4410587918765308,0.0,-76.869705,2643.224054156243,8.074297
147,1784891081.5183125,,8.0,,8.0,,6.0,,6.0,,10.0,,10.0,,1.0,,1.0,,4.0,,4.0,,2.0,,2.0,,5.0,,5.0,,8.0,,8.0,,8.748510174453259,,6.734919657930732,,10.0,,1.3632730706594884,,4.455320556648076,,2.3517322367988527,,4.948264261242002,,8.9375,1.862645149230957e-09,-0.0020881034433841705,0.00386392253676604,1.8722637630999088,0.14914198219776154,0.8551760315895081,0.13188305497169495,-0.06196916103363037,0.09685743600130081,0.7856872081756592,0.058414045721292496,8192,0.24399349093437195,5.942440032958984,0.16543962061405182,24117248,75651,11776,736,9.248377,0.005425639875466004,0.0066659433279710354,-5.363278451561928,-85.32171,0.056475919438526034,0.004329943827178795,-5.303135591745376,,,0.95,0.9,both,4.193790999285921,4.2163346376705295,0.6740467944634017,0.0,-50.040627,2627.548614481853,9.248377
148,1784891144.9226315,,8.0,,8.0,,6.0,,6.0,,10.0,,10.0,,1.0,,1.0,,4.0,,4.0,,2.0,,2.0,,5.0,,5.0,,8.0,,8.0,,7.302451636642218,,5.070230567827821,,9.1889124289155,,0.6177885881043039,,3.544801676645875,,1.5799617106094956,,4.575279018841684,,7.0625,1.862645149230957e-09,0.0004353197291493416,0.0021481844305526465,1.8848381079733372,0.04266280680894852,0.9176375865936279,0.034977078437805176,-0.07482518255710602,0.05527801066637039,0.7408733367919922,0.057518161833286285,8192,0.2383800894021988,4.867740631103516,0.13230007886886597,24281088,76243,11856,741,9.918192,0.005600521234009647,0.004894012220029253,-5.366771677136422,-67.88396,0.02696571104461327,0.003716689511202276,-5.318693360686302,,,0.95,0.9,both,3.994566631082985,4.975889429115812,0.6966468799322438,0.0,-31.696087,2584.051070805061,9.918192
149,1784891206.1968784,,8.0,,8.0,,6.0,,6.0,,10.0,,10.0,,1.0,,1.0,,4.0,,4.0,,2.0,,2.0,,5.0,,5.0,,8.0,,8.0,,8.965795703232288,,6.985735148191452,,9.971482699736953,,1.4394281636923552,,4.4822394866496325,,2.4956249706447124,,5.0,,9.0,1.862645149230957e-09,0.0014826854458078742,0.0024678664212842705,1.8806924559175968,0.13893526792526245,0.9425598382949829,0.13039538264274597,-0.06610693037509918,0.012960272841155529,0.7777063846588135,0.05540062487125397,8192,0.06518224626779556,6.042538166046143,0.14723695814609528,24444928,76763,11936,746,0.8160718,0.006369771735626273,0.004960633711016271,-5.350532150268554,-66.10094,0.06143224723637104,0.006026436069805641,-5.331403523683548,,,0.95,0.9,both,3.9890397161022326,4.915074657878276,1.0235450082950164,0.0,-60.849144,2673.880499490412,0.8160718
150,1784891267.51699,,8.0,,8.0,,6.0,,6.0,,10.0,,10.0,,1.0,,1.0,,4.0,,4.0,,2.0,,2.0,,5.0,,5.0,,8.0,,8.0,,7.102687312406488,,5.071456953883171,,9.072652250528336,,0.5040300562977791,,3.5974592609563842,,1.5459305318072438,,4.568086969549768,,7.125,9.313225746154785e-10,0.0007043074583634734,0.007919878782558953,1.8696378208696842,0.05660656467080116,0.8628856539726257,0.05582427605986595,0.1720900982618332,0.06457099318504333,0.7880415916442871,0.06101026386022568,8192,0.1821768432855606,4.8234124183654785,0.11785707622766495,24608768,77364,12016,751,8.10062,0.0056177503844082825,0.0026127279801585247,-5.325755047798157,-67.706375,0.04468024431262165,0.0023925338660774286,-5.339660552144051,,,0.95,0.9,both,3.5766212439293867,4.517465664320773,0.8540371700607958,0.0,-50.788563,2671.8800561663843,8.10062
151,1784891330.6474478,,8.0,,8.0,,6.0,,6.0,,10.0,,10.0,,1.0,,1.0,,4.0,,4.0,,2.0,,2.0,,5.0,,5.0,,8.0,,8.0,,8.649957715708297,,6.660598871763796,,9.906143203377724,,1.3496829187497497,,4.311191149812657,,2.2359104230999947,,4.952097138855606,,8.75,0.0,-0.0036747315316461027,0.002847670437404304,1.8718970157206059,0.08618373423814774,0.9511680603027344,0.07599268853664398,0.057851873338222504,0.0595514178276062,0.7772945761680603,0.053058747202157974,8192,0.33501699566841125,5.851947784423828,0.09429390728473663,24772608,77958,12096,756,8.4965515,0.005324030583142303,0.0034229048927954865,-5.361436143517494,-76.60096,0.0389332165941596,0.003317921712732641,-5.3422467648983005,,,0.95,0.9,both,3.592274372056348,4.3398509299276204,0.5427388131755402,0.0,-34.739315,2595.2616591345923,8.4965515
152,1784891392.9963028,,8.0,,8.0,,6.0,,6.0,,10.0,,10.0,,1.0,,1.0,,4.0,,4.0,,2.0,,2.0,,5.0,,5.0,,8.0,,8.0,,8.447817718610168,,6.195954222232103,,9.871036421507597,,1.33816113229841,,4.214052080176771,,2.2484451099298894,,4.975099274655804,,8.375,1.862645149230957e-09,4.842743510380387e-05,0.0042870563629549,1.8898004777729511,0.07403784245252609,0.8483133912086487,0.07591192424297333,-0.09574595093727112,0.12946107983589172,0.7033307552337646,0.054205670952796936,8192,0.4287365674972534,5.70819616317749,0.08810368180274963,24936448,78543,12176,761,8.184103,0.005102999913651729,0.0036057023724424654,-5.364844933152199,-70.812,0.036652882385533304,0.003985691446723649,-5.352659291028976,,,0.95,0.9,both,3.8460168855827845,4.6276634789278175,0.37923293308666306,0.0,-48.759254,2627.7939392306357,8.184103
153,1784891454.6913335,,8.0,,8.0,,6.0,,6.0,,10.0,,10.0,,1.0,,1.0,,4.0,,4.0,,2.0,,2.0,,5.0,,5.0,,8.0,,8.0,,8.703375882701948,,6.620838535716757,,9.954133447259665,,1.4018571083433926,,4.412878209725022,,2.3950252989307046,,4.978424124419689,,8.8125,9.313225746154785e-10,-0.0037718546809628606,0.002054076892818557,1.9028645902872086,0.14032907783985138,0.8247223496437073,0.14755447208881378,-0.040228478610515594,0.0723976343870163,0.8380225300788879,0.05314081534743309,8192,0.3241755962371826,5.909879207611084,0.11507367342710495,25100288,79118,12256,766,0.768345,0.006086155334924115,0.0033816420851508155,-5.362832883000374,-87.72786,0.060137596423737706,0.004219642801035661,-5.36306314766407,,,0.95,0.9,both,3.8809279885616377,4.623396060580152,0.4488595725759606,0.0,-52.31822,2655.6433552796407,0.768345
154,1784891516.2835832,,8.0,,8.0,,6.0,,6.0,,10.0,,10.0,,1.0,,1.0,,4.0,,4.0,,2.0,,2.0,,5.0,,5.0,,8.0,,8.0,,7.9979909099056385,,5.931111021433026,,9.641511073336005,,0.9349091292824596,,4.111436470411718,,1.940748652385082,,4.833801374083123,,8.375,4.656612873077393e-10,-0.0060038609663024545,0.008502139862684999,1.8950893469154835,0.05425846576690674,0.8668643236160278,0.04636029154062271,-0.015412061475217342,0.10662748664617538,0.7376802563667297,0.05822346359491348,8192,0.5019540190696716,5.470813274383545,0.1160624623298645,25264128,79733,12336,771,-7.974059,0.005962908825313207,0.00465902841242496,-5.39150736629963,-78.33906,0.03333693286404014,0.002593438120675273,-5.375906831026077,,,0.95,0.9,both,3.8824881651180805,4.949295428674701,0.4612580034221395,0.0,-50.488255,2660.074975592801,-7.974059
155,1784891578.2800694,,8.0,,8.0,,6.0,,6.0,,10.0,,10.0,,1.0,,1.0,,4.0,,4.0,,2.0,,2.0,,5.0,,5.0,,8.0,,8.0,,8.91274999070447,,6.950090758502483,,9.941647041589022,,1.4580625107046217,,4.397749275667593,,2.4658177327364683,,5.0,,8.9375,1.3969838619232178e-08,0.0014316227461677045,0.002404704306172789,1.8908927217125893,0.037529028952121735,0.9041622281074524,0.03322342038154602,-0.17295698821544647,0.06819939613342285,0.7703115940093994,0.059186361730098724,8192,0.15619757771492004,6.007951736450195,0.11118536442518234,25427968,80307,12416,776,-26.655817,0.006098592214402743,0.004434795192355523,-5.379705429077148,-62.031597,0.025850842730142175,0.0043763090870925225,-5.3896693021059034,,,0.95,0.9,both,4.269044961595403,5.058320657854836,0.8520941213072803,0.0,-59.6327,2642.7306385390725,-26.655817
156,1784891638.9155416,,8.0,,8.0,,6.0,,6.0,,10.0,,10.0,,1.0,,1.0,,4.0,,4.0,,2.0,,2.0,,5.0,,5.0,,8.0,,8.0,,8.91430333442986,,6.968580957502127,,9.993265279568732,,1.4888693746179342,,4.4539563111029565,,2.4170997934415936,,5.0,,9.0,9.313225746154785e-10,-0.0008296016603708267,0.0014729339336554403,1.8805107846856117,0.0654521957039833,0.9807521104812622,0.05391297489404678,-0.07019932568073273,0.04112234339118004,0.7440972328186035,0.060348447412252426,8192,0.09471236169338226,6.0295090675354,0.09969624131917953,25591808,80842,12496,781,10.277961,0.005404881879803725,0.004148032802550006,-5.3530385285615925,-70.30307,0.04182737407973036,0.0024912479377235284,-5.384298771619797,,,0.95,0.9,both,3.6255053631906606,4.300121600348137,0.634254522746795,0.0,-76.88625,2702.0484668197205,10.277961
157,1784891701.30978,,8.0,,8.0,,6.0,,6.0,,10.0,,10.0,,1.0,,1.0,,4.0,,4.0,,2.0,,2.0,,5.0,,5.0,,8.0,,8.0,,8.8652188712731,,6.725683117285371,,10.0,,1.3617228076327592,,4.401587831787765,,2.423520540818572,,4.929872618988156,,8.6875,1.862645149230957e-09,6.968085654079914e-05,0.00545439086999977,1.8764878623187542,0.13766337931156158,0.9129176139831543,0.12312702089548111,-0.028943412005901337,0.14389176666736603,0.739675760269165,0.06041236221790314,8192,0.2673308253288269,5.9243879318237305,0.08175625652074814,25755648,81395,12576,786,9.221472,0.005314449407160282,0.00401785709473188,-5.379652073979377,-44.51938,0.031134194252081214,0.004430915997363627,-5.364374950528145,,,0.95,0.9,both,3.7191469644610122,4.607824310309974,0.559962351086687,0.0,-47.391167,2625.883488781198,9.221472
158,1784891765.9500425,,8.0,,8.0,,6.0,,6.0,,10.0,,10.0,,1.0,,1.0,,4.0,,4.0,,2.0,,2.0,,5.0,,5.0,,8.0,,8.0,,7.671068454394117,,5.465105650946498,,9.262544235214591,,0.70096923597157,,3.985012332908809,,1.9081684874836355,,4.764425132423639,,7.5625,4.6566128730773926e-09,-0.004247960139764473,0.0025844996016530786,1.8787823915481567,0.07425078004598618,0.8836669325828552,0.06672827154397964,0.02355264127254486,0.09400175511837006,0.7281265258789062,0.06903167068958282,8192,0.4722193777561188,5.164974212646484,0.1130201518535614,25919488,81944,12656,791,-7.535928,0.006733725960657466,0.005460151361330645,-5.3766834944486614,-75.25659,0.02593419518088922,0.004662268226093147,-5.375879085063934,,,0.95,0.9,both,4.122351828580466,4.963114319701532,0.4727720589541252,0.0,-20.960049,2534.6444721419325,-7.535928
159,1784891830.224864,,8.0,,8.0,,6.0,,6.0,,10.0,,10.0,,1.0,,1.0,,4.0,,4.0,,2.0,,2.0,,5.0,,5.0,,8.0,,8.0,,8.170492268167436,,6.186818546615541,,9.734772563446313,,1.0791384861804545,,4.0474951467476785,,1.9906631632475182,,4.883721434511244,,8.1875,0.0,-0.0036601938190869987,0.010041922621894628,1.8911956772208214,0.4044053554534912,0.9844332933425903,0.36989110708236694,-0.04152289405465126,0.20206286013126373,0.7433908581733704,0.0558808296918869,8192,0.5117998719215393,5.5350751876831055,0.09684069454669952,26083328,82467,12736,796,-9.051387,0.005922180143534206,0.003942851793544833,-5.372347900271416,-65.2257,0.022615143662551417,0.002897728967946023,-5.39279214143753,,,0.95,0.9,both,4.127127163126052,4.121296947685368,0.3425131501557992,0.0,-36.96409,2549.05511266342,-9.051387
160,1784891892.904827,,8.0,,8.0,,6.0,,6.0,,10.0,,10.0,,1.0,,1.0,,4.0,,4.0,,2.0,,2.0,,5.0,,5.0,,8.0,,8.0,,7.450972275575623,,5.413011045427993,,9.383786417543888,,0.835471723228693,,3.7533981867600232,,1.6966632064431906,,4.626313354820013,,7.4375,-3.725290298461914e-09,-0.0049359621189069,0.002274819209560519,1.883574042469263,0.059909820556640625,0.9254770874977112,0.050869788974523544,-0.04133665934205055,0.0957956314086914,0.7655304670333862,0.0755733847618103,8192,0.40183568000793457,5.074639797210693,0.10563736408948898,26247168,82978,12816,801,6.56213,0.005632160526147345,0.0032859002662007698,-5.368219569325447,-76.02612,0.02633697069250047,0.0040777439047815275,-5.379221469163895,,,0.95,0.9,both,3.830675212541416,4.761541259194345,0.4581337174141972,0.0,-66.056984,2613.911261011842,6.56213
161,1784891955.171508,,8.0,,8.0,,6.0,,6.0,,10.0,,10.0,,1.0,,1.0,,4.0,,4.0,,2.0,,2.0,,5.0,,5.0,,8.0,,8.0,,7.244053486734629,,5.305045362561941,,9.127358002588153,,0.6539926128461957,,3.630389293306507,,1.5377448331564665,,4.598136808723211,,7.125,-4.6566128730773926e-09,5.86087116971612e-05,0.0035778817473328672,1.886602971702814,0.1008577048778534,0.9176841378211975,0.10345783829689026,0.14298823475837708,0.06790091097354889,0.771407961845398,0.07937205582857132,8192,0.29968976974487305,4.90271520614624,0.1385076940059662,26411008,83513,12896,806,9.968914,0.005868875456508249,0.0035114027879899366,-5.396242648363113,-78.41123,0.03314465915318578,0.004215004705474712,-5.400943472981453,,,0.95,0.9,both,3.9174175823905117,5.197314644303828,0.4817251786737933,0.0,-35.889282,2631.2626125403585,9.968914
162,1784892016.374988,,8.0,,8.0,,6.0,,6.0,,10.0,,10.0,,1.0,,1.0,,4.0,,4.0,,2.0,,2.0,,5.0,,5.0,,8.0,,8.0,,8.438223697245121,,6.615168670832645,,9.912109591066837,,1.1079689303878695,,4.074996179842856,,2.2029244326986372,,4.873007850255817,,8.3125,-1.1175870895385742e-08,-0.003531402035150677,0.007726864336291328,1.8934480026364326,0.07163988053798676,0.937914252281189,0.07375135272741318,0.14048586785793304,0.16634944081306458,0.7568508982658386,0.08049904555082321,8192,0.4342133402824402,5.692112445831299,0.11072514951229095,26574848,84111,12976,811,9.945243,0.005787846670864382,0.004956161906011403,-5.407816526293755,-48.159622,0.02290940099628642,0.0033103968697105303,-5.381359934806824,,,0.95,0.9,both,4.103172379168839,4.597134591157181,0.4399036645617722,0.0,-47.674686,2676.9729519253565,9.945243
163,1784892076.4794192,,8.0,,8.0,,6.0,,6.0,,10.0,,10.0,,1.0,,1.0,,4.0,,4.0,,2.0,,2.0,,5.0,,5.0,,8.0,,8.0,,7.259533340111375,,5.2145691411569715,,9.297037683892995,,0.5392123982310295,,3.5758728804066777,,1.718734672118444,,4.624642683193088,,7.4375,1.862645149230957e-09,0.00038274991675280035,0.002159646563086426,1.8988743647933006,0.060088418424129486,0.9050108790397644,0.04911264777183533,-0.06665613502264023,0.056844018399715424,0.7546377778053284,0.07131151854991913,8192,0.3223939538002014,4.958387851715088,0.1378229707479477,26738688,84775,13056,816,9.505375,0.006547075105481781,0.002745513596164528,-5.382638677954674,-73.802505,0.03718340672785416,0.0026116945868125186,-5.409282475709915,,,0.95,0.9,both,3.603933450239256,5.073558183502081,0.5428141177872973,0.0,-74.353966,2725.921095094495,9.505375
164,1784892136.6764834,,8.0,,8.0,,6.0,,6.0,,10.0,,10.0,,1.0,,1.0,,4.0,,4.0,,2.0,,2.0,,5.0,,5.0,,8.0,,8.0,,7.898709395900369,,6.1383158973185346,,9.525324862450361,,1.004216233981424,,3.9735113536007702,,1.9173293294152245,,4.712121653370559,,7.9375,-1.1175870895385742e-08,-0.000808392243925482,0.01275580728542991,1.9042069241404533,0.042155083268880844,0.9338568449020386,0.042981941252946854,0.13971374928951263,0.200555220246315,0.8222166299819946,0.07207728922367096,8192,0.5082137584686279,5.388378620147705,0.12399689853191376,26902528,85345,13136,821,10.307811,0.006010144151514396,0.004971972077328246,-5.370671927928925,-74.495224,0.023231442586984487,0.0043733429149142465,-5.419401177763939,,,0.95,0.9,both,3.936790199032342,5.360329505538315,0.3778311216953524,0.0,-75.43538,2721.7281287709748,10.307811
165,1784892195.9583552,,8.0,,8.0,,6.0,,6.0,,10.0,,10.0,,1.0,,1.0,,4.0,,4.0,,2.0,,2.0,,5.0,,5.0,,8.0,,8.0,,7.967287696141284,,6.040272254496813,,9.741573743522167,,1.039876690134406,,3.9854945311089978,,2.107309056329541,,4.849090935662389,,7.9375,-1.4901161193847656e-08,-0.021993577654939145,0.021550810313783586,1.9123533330857754,0.13448850810527802,0.961756706237793,0.14404942095279694,0.28539493680000305,0.29376643896102905,0.7877079248428345,0.07803457975387573,8192,0.5064903497695923,5.458550930023193,0.12170345336198807,27066368,85885,13216,826,10.19732,0.0068590768336434845,0.005059642166452249,-5.389606520533562,-74.34803,0.03780789679149166,0.0036564262001775203,-5.430746996402741,,,0.95,0.9,both,3.822103028123209,4.906198883703739,0.4067475364433459,0.0,-75.91936,2763.7446709727096,10.19732
166,1784892255.7859592,,8.0,,8.0,,6.0,,6.0,,10.0,,10.0,,1.0,,1.0,,4.0,,4.0,,2.0,,2.0,,5.0,,5.0,,8.0,,8.0,,8.968246053904295,,6.900388494133949,,10.0,,1.4946379493921995,,4.4977105259895325,,2.497972359880805,,5.0,,8.9375,-1.862645149230957e-09,0.0006741831311956048,0.0008060472805482277,1.911471150815487,0.20131419599056244,0.9081937074661255,0.19357120990753174,-0.00977669283747673,0.0509369783103466,0.7281350493431091,0.05941546708345413,8192,0.09457513689994812,6.037056922912598,0.09553366899490356,27230208,86462,13296,831,6.983008,0.006269117639749311,0.0037573006105958485,-5.412609139084816,-61.807026,0.029064123012358323,0.001993802133074496,-5.401467874646187,,,0.95,0.9,both,3.4311680356372163,4.033338304197032,1.038708804832076,0.0,-77.93989,2738.535867693665,6.983008
167,1784892317.4506454,,8.0,,8.0,,6.0,,6.0,,10.0,,10.0,,1.0,,1.0,,4.0,,4.0,,2.0,,2.0,,5.0,,5.0,,8.0,,8.0,,7.0204897448420525,,5.007902693003416,,9.031648494303226,,0.5376565678743646,,3.555410711094737,,1.5228397957980635,,4.50907925516367,,7.0,2.7939677238464355e-09,0.0017563886940479279,0.00013165696157102502,1.913922257721424,0.038577619940042496,0.9618505239486694,0.035866688936948776,-0.18776503205299377,0.022064166143536568,0.8147822618484497,0.053300514817237854,8192,0.07762569934129715,4.773128509521484,0.12961146235466003,27394048,86977,13376,836,9.901051,0.005953144913655705,0.0038719043164746835,-5.381330972909927,-69.44696,0.020738552237162367,0.002204715597326867,-5.410780891776085,,,0.95,0.9,both,3.48585034413387,4.957987661516208,1.21778083151864,0.0,-68.40619,2656.9498988228543,9.901051
168,1784892377.029406,,8.0,,8.0,,6.0,,6.0,,10.0,,10.0,,1.0,,1.0,,4.0,,4.0,,2.0,,2.0,,5.0,,5.0,,8.0,,8.0,,7.078122925013304,,5.258970690774731,,9.08281884342432,,0.5388092482462525,,3.5810792001429945,,1.5465633808635175,,4.517688548192382,,7.125,-2.7939677238464355e-09,0.00021080792066641152,0.004408113682075054,1.9111363738775253,0.05126671493053436,0.9941014051437378,0.0408356711268425,-0.03263827785849571,0.0397023968398571,0.7211534976959229,0.06743212044239044,8192,0.19194096326828003,4.841131687164307,0.13377849757671356,27557888,87654,13456,841,-7.0117836,0.007683165530033875,0.0024632154338178223,-5.408487170934677,-73.13192,0.03816770018311218,0.002805567110772245,-5.420607894659042,,,0.95,0.9,both,3.517801972325759,4.7782194217720155,0.5898852543931004,0.0,-77.459724,2749.9729329964166,-7.0117836
169,1784892436.948377,,8.0,,8.0,,6.0,,6.0,,10.0,,10.0,,1.0,,1.0,,4.0,,4.0,,2.0,,2.0,,5.0,,5.0,,8.0,,8.0,,8.903466941788793,,6.733280623331666,,9.947783838957548,,1.3135588457225822,,4.321342932060361,,2.3833886575885117,,4.970799879869446,,8.6875,-3.725290298461914e-09,0.0003143170615658164,0.009092524815059733,1.9145007990300655,0.05293547734618187,0.901291012763977,0.04738723859190941,0.08583410084247589,0.15936563909053802,0.7600464820861816,0.05382796376943588,8192,0.29199346899986267,5.90764045715332,0.1358996480703354,27721728,88365,13536,846,9.934109,0.006606350540823769,0.0048682323009416,-5.4567391782999035,-50.546436,0.030300124327186494,0.003509254535310902,-5.420885318517685,,,0.95,0.9,both,3.9369465186826487,4.84401497287403,0.5930233066950378,0.0,-77.50377,2734.3594363571065,9.934109
170,1784892497.963235,,8.0,,8.0,,6.0,,6.0,,10.0,,10.0,,1.0,,1.0,,4.0,,4.0,,2.0,,2.0,,5.0,,5.0,,8.0,,8.0,,8.348890794441104,,6.4565078059677035,,9.650219708681107,,1.1407627519220116,,4.230099806096405,,2.1579401823692024,,4.911792074562982,,8.25,-9.313225746154785e-10,0.00021196933812461793,0.0009462900416110642,1.9163728766143322,0.19514791667461395,0.8762586712837219,0.1879929006099701,-0.002569408155977726,0.06005965545773506,0.7784275412559509,0.042090583592653275,8192,0.46042099595069885,5.643276691436768,0.0920947939157486,27885568,88940,13616,851,10.303477,0.0063390861774678346,0.006404214118811069,-5.42813158929348,-73.79244,0.05118714988930151,0.0019692125060828403,-5.400262120366096,,,0.95,0.9,both,3.722415982005198,4.206004779324614,0.35089296351322746,0.0,-51.478554,2685.2475155147663,10.303477
171,1784892559.9524992,,8.0,,8.0,,6.0,,6.0,,10.0,,10.0,,1.0,,1.0,,4.0,,4.0,,2.0,,2.0,,5.0,,5.0,,8.0,,8.0,,8.072245493531227,,6.021927791647613,,9.591344323416706,,0.9866498182527721,,4.00440411362797,,2.0077911662010592,,4.847132725641131,,8.125,7.450580596923828e-09,-0.0045318701304495335,0.0219022361561656,1.9223259948194027,0.12692055106163025,0.8021055459976196,0.09463384747505188,-0.11135329306125641,0.2951829135417938,0.7929203510284424,0.042005740106105804,8192,0.5280042886734009,5.457061767578125,0.07637954503297806,28049408,89436,13696,856,10.082298,0.006538506037759362,0.0037909784223302267,-5.419082123041153,-54.230755,0.029996044718427584,0.003943989917752333,-5.415730953216553,,,0.95,0.9,both,3.5887630276675337,4.037686860306715,0.37068653205919927,0.0,-48.61342,2643.039636277214,10.082298
172,1784892621.8828526,,8.0,,8.0,,6.0,,6.0,,10.0,,10.0,,1.0,,1.0,,4.0,,4.0,,2.0,,2.0,,5.0,,5.0,,8.0,,8.0,,8.005597959272563,,6.110949344467372,,9.507810100913048,,0.8588558463379741,,4.0107991537079215,,1.7582094073295593,,4.791324687190354,,7.8125,-1.862645149230957e-09,0.0002625960623845458,0.008827153927995823,1.9330884516239166,0.08642052859067917,0.9695070385932922,0.07668840885162354,-0.10806073248386383,0.18661533296108246,0.7074611783027649,0.05582992732524872,8192,0.5296629667282104,5.357006072998047,0.11434562504291534,28213248,90000,13776,861,1.4085894,0.007444025845325086,0.004420801233209204,-5.409032556414604,-63.91786,0.045783521537669,0.0032603404455585406,-5.400976902246475,,,0.95,0.9,both,3.8858015153392538,4.827307995779951,0.33859432491047536,0.0,-25.772251,2645.551150212485,1.4085894
173,1784892683.134323,,8.0,,8.0,,6.0,,6.0,,10.0,,10.0,,1.0,,1.0,,4.0,,4.0,,2.0,,2.0,,5.0,,5.0,,8.0,,8.0,,7.11553012393415,,5.140717674046755,,9.14032893627882,,0.6155731435865164,,3.645396839361638,,1.6269797747954726,,4.574434964451939,,7.1875,9.313225746154785e-10,-3.956869477406144e-06,0.003125886207271833,1.9272441379725933,0.08599407970905304,0.846803605556488,0.09687770158052444,-0.01862093061208725,0.09719874709844589,0.803814709186554,0.06073959171772003,8192,0.31045734882354736,4.880807876586914,0.1748528629541397,28377088,90557,13856,866,9.666388,0.006110140632517869,0.0017421315496903844,-5.410395804047584,-68.982956,0.03912580093601718,0.002732356864726171,-5.393504980206489,,,0.95,0.9,both,3.5827984974357663,4.536835510802814,0.5478186143983699,0.0,-49.74584,2674.874586206416,9.666388
174,1784892743.1670845,,8.0,,8.0,,6.0,,6.0,,10.0,,10.0,,1.0,,1.0,,4.0,,4.0,,2.0,,2.0,,5.0,,5.0,,8.0,,8.0,,8.579932060092688,,6.555780368391424,,9.83086820319295,,1.4241769826039672,,4.284751822706312,,2.1644480898976326,,4.972440681420267,,8.5625,0.0,0.0004700894933193922,0.004286727002181578,1.925877895206213,0.10691846162080765,0.9911118149757385,0.10275749862194061,-0.09187001734972,0.12698803842067719,0.8473633527755737,0.06403235346078873,8192,0.38114356994628906,5.7968621253967285,0.15616507828235626,28540928,91236,13936,871,0.49232084,0.006454464449780062,0.004023478318413254,-5.466847696900368,-68.98389,0.06276045008562506,0.0027379633058444595,-5.391019058227539,,,0.95,0.9,both,4.155645192536975,4.682363935064761,0.44334371514294696,0.0,-74.07271,2729.1764179414813,0.49232084
175,1784892803.86077,,8.0,,8.0,,6.0,,6.0,,10.0,,10.0,,1.0,,1.0,,4.0,,4.0,,2.0,,2.0,,5.0,,5.0,,8.0,,8.0,,8.429372008889914,,6.565834084060043,,9.869312958791852,,1.3075265055522323,,4.233667303575203,,2.25135591160506,,4.928972584195435,,8.75,-9.313225746154785e-10,-0.0006940395687706769,0.005023113175411709,1.9333965331315994,0.06793610006570816,0.9486346244812012,0.05480086803436279,-0.11944315582513809,0.14457698166370392,0.7243520617485046,0.0735500380396843,8192,0.4086732864379883,5.792004585266113,0.1537674367427826,28704768,91904,14016,876,-8.205008,0.006195819671847858,0.005270375168765895,-5.4736856639385225,-79.88467,0.04627321995794773,0.003401640584343113,-5.42192051410675,,,0.95,0.9,both,3.9735920541813483,4.879337910143665,0.4918338279360839,0.0,-45.20569,2699.457102538697,-8.205008
176,1784892865.0670023,,8.0,,8.0,,6.0,,6.0,,10.0,,10.0,,1.0,,1.0,,4.0,,4.0,,2.0,,2.0,,5.0,,5.0,,8.0,,8.0,,8.841422555968165,,6.964086323976517,,10.0,,1.3762680608779192,,4.428287437876861,,2.4752266202121973,,5.0,,8.9375,1.7462298274040222e-10,-0.0005896028596907854,0.0007781416015859577,1.9417164586484432,0.059283774346113205,0.9557031393051147,0.07227101922035217,0.00854415725916624,0.028109228238463402,0.8506036996841431,0.06382064521312714,8192,0.1378076821565628,6.0028486251831055,0.12928687036037445,28868608,92424,14096,881,-0.66149294,0.006514934131701011,0.004215258994372561,-5.476640671491623,-46.239906,0.040573984838556496,0.0028220507345395164,-5.471755814552307,,,0.95,0.9,both,3.7639488856061574,5.169800653027881,0.7068297303153339,0.0,-55.206196,2676.851585737785,-0.66149294
177,1784892924.8939335,,8.0,,8.0,,6.0,,6.0,,10.0,,10.0,,1.0,,1.0,,4.0,,4.0,,2.0,,2.0,,5.0,,5.0,,8.0,,8.0,,7.558699111454189,,5.442727029323578,,9.280583661049604,,0.7049241634085774,,3.7437045347178355,,1.7016067698277766,,4.6813705265522,,7.4375,-9.313225746154785e-10,-0.0035980995162390172,0.007327077022637241,1.951060127466917,0.0739666298031807,0.9069498777389526,0.0703134536743164,0.0037977201864123344,0.17409002780914307,0.7106435298919678,0.05914805456995964,8192,0.42138808965682983,5.068889617919922,0.10788282752037048,29032448,93005,14176,886,-6.5737777,0.006420114418142475,0.0040548695615143515,-5.463598158955574,-76.20766,0.027670814702287317,0.0038140682874654884,-5.460994824767113,,,0.95,0.9,both,3.7777365974860473,4.537221844887211,0.4517578000166682,0.0,-76.74631,2738.5660616126656,-6.5737777
178,1784892987.5034406,,8.0,,8.0,,6.0,,6.0,,10.0,,10.0,,1.0,,1.0,,4.0,,4.0,,2.0,,2.0,,5.0,,5.0,,8.0,,8.0,,7.02606575936079,,5.137262020260096,,9.05671230237931,,0.5588192450813949,,3.512429054826498,,1.5184539090842009,,4.568847696296871,,7.0,-1.3969838619232178e-09,0.0009095040586544201,0.0011900245872311643,1.9504257924854755,0.09648308902978897,0.8830682635307312,0.08896958827972412,0.02705937623977661,0.04044441878795624,0.7918357849121094,0.06871993839740753,8192,0.13571204245090485,4.797323703765869,0.13147124648094177,29196288,93617,14256,891,10.064756,0.007300492834474426,0.0030108279919659254,-5.502818650007248,-78.49743,0.03758727195672691,0.004325797453930136,-5.483686947822571,,,0.95,0.9,both,3.765962388230463,5.2571706193699965,0.8421261015837547,0.0,-9.076115,2616.854920860037,10.064756
179,1784893047.400887,,8.0,,8.0,,6.0,,6.0,,10.0,,10.0,,1.0,,1.0,,4.0,,4.0,,2.0,,2.0,,5.0,,5.0,,8.0,,8.0,,8.656445221451577,,6.63409665832296,,10.0,,1.344142188783735,,4.428514606319368,,2.3262363243848085,,5.0,,8.75,1.862645149230957e-09,0.0003450917429290712,0.0034297386555408593,1.9553068317472935,0.1840217262506485,0.8892707228660583,0.1849401891231537,0.07490649819374084,0.10219985991716385,0.723556399345398,0.04831339046359062,8192,0.3080494701862335,5.892428874969482,0.1091342344880104,29360128,94204,14336,896,10.182299,0.005962940720201005,0.0018105521725374275,-5.5243213921785355,-72.43016,0.0396414561313577,0.0030585342021367977,-5.500662827491761,,,0.95,0.9,both,3.7347479876976353,4.343436313351594,0.6257686798446734,0.0,-70.94513,2735.3420366395276,10.182299
180,1784893108.4454124,,8.0,,8.0,,6.0,,6.0,,10.0,,10.0,,1.0,,1.0,,4.0,,4.0,,2.0,,2.0,,5.0,,5.0,,8.0,,8.0,,7.020078856498003,,5.072148822247982,,9.054155420511961,,0.5090718939900398,,3.5069694723933935,,1.5032231230288744,,4.541350175626576,,7.125,-9.313225746154785e-10,0.001120380125939846,0.003378238372533815,1.9504823237657547,0.10628455132246017,0.8629521727561951,0.09795451164245605,-0.08046038448810577,0.017695946618914604,0.7369756698608398,0.04673768952488899,8192,0.09395983815193176,4.791499614715576,0.14529302716255188,29523968,94837,14416,901,10.32049,0.009365246802917681,0.003653715559630655,-5.543427410721779,-59.70577,0.050736648100428286,0.003420864266809076,-5.485674744844436,,,0.95,0.9,both,4.16947184362839,4.725291689630926,0.7623708770751056,0.0,-40.19701,2683.942575231918,10.32049
181,1784893170.787253,,8.0,,8.0,,6.0,,6.0,,10.0,,10.0,,1.0,,1.0,,4.0,,4.0,,2.0,,2.0,,5.0,,5.0,,8.0,,8.0,,7.0116179175674915,,5.074998238123953,,9.115785842761397,,0.5241699833422899,,3.518080135807395,,1.5471526851179078,,4.514092432335019,,7.1875,1.7695128917694092e-08,0.00023595831589773297,0.0050485546089475974,1.949777226895094,0.11479499936103821,0.8580417633056641,0.11044541001319885,0.2255801260471344,0.08792278915643692,0.7233150005340576,0.050559159368276596,8192,0.15017254650592804,4.81167459487915,0.13675054907798767,29687808,95458,14496,906,10.585724,0.0062858874851372095,0.0035777938574028667,-5.521099990606308,-73.14803,0.030834390548989177,0.003205365879694,-5.496748042106629,,,0.95,0.9,both,3.579485908491968,5.018397976626409,0.9256417576350998,0.0,-57.486584,2628.0907976560256,10.585724
182,1784893233.4662344,,8.0,,8.0,,6.0,,6.0,,10.0,,10.0,,1.0,,1.0,,4.0,,4.0,,2.0,,2.0,,5.0,,5.0,,8.0,,8.0,,8.463045014068484,,6.446829417254776,,9.88920016749762,,1.212817712686956,,4.141897645313293,,2.193258154205978,,4.906537713948637,,8.3125,0.0,6.055959966033697e-05,0.007276090778759681,1.9539730958640575,0.41968369483947754,0.8526023030281067,0.40512552857398987,0.023633085191249847,0.14979100227355957,0.7167968153953552,0.04229961335659027,8192,0.4553970396518707,5.695761203765869,0.0951589047908783,29851648,96156,14576,911,-7.990834,0.007210717198904604,0.004284337989520282,-5.544760766625404,-49.343018,0.019003635551780463,0.0032969093270367013,-5.517189955711364,,,0.95,0.9,both,3.9743249772504696,4.67311977416996,0.3846687323930407,0.0,-38.09859,2613.95411625309,-7.990834
183,1784893294.4319513,,8.0,,8.0,,6.0,,6.0,,10.0,,10.0,,1.0,,1.0,,4.0,,4.0,,2.0,,2.0,,5.0,,5.0,,8.0,,8.0,,8.59915273822844,,5.902045323513448,,9.835525962524116,,1.2750166398473084,,4.144020013511181,,2.2624592297361232,,4.828231669962406,,8.25,-5.587935447692871e-09,-0.004736975475680083,0.013890043104765937,1.948042906820774,0.07479988038539886,0.8854166269302368,0.08712713420391083,-0.06937845796346664,0.24004590511322021,0.8763642311096191,0.04794245585799217,8192,0.4586864113807678,5.637056350708008,0.10490985959768295,30015488,96769,14656,916,10.655106,0.0058531115995720025,0.0032135389134055003,-5.5456999212503435,-67.65487,0.044412648282013835,0.003013748544981354,-5.5540294498205185,,,0.95,0.9,both,3.8687074043938123,4.929506571205387,0.3369124353740727,0.0,-42.780857,2687.411952613794,10.655106
184,1784893354.7440975,,8.0,,8.0,,6.0,,6.0,,10.0,,10.0,,1.0,,1.0,,4.0,,4.0,,2.0,,2.0,,5.0,,5.0,,8.0,,8.0,,7.0199102982878685,,5.244935266673565,,9.095300073735416,,0.50622901879251,,3.5390117010101676,,1.5625265911221504,,4.519532613456249,,7.0625,-1.862645149230957e-09,0.0006607412360608578,0.003349201171658933,1.939479362219572,0.08330231159925461,0.9252078533172607,0.09418801963329315,0.007819868624210358,0.11409096419811249,0.7760028839111328,0.04219106584787369,8192,0.17663905024528503,4.8187432289123535,0.1435602903366089,30179328,97316,14736,921,8.637687,0.010438605956733227,0.0035102679088595324,-5.5784117609262465,-62.305504,0.026926444831769914,0.0033634628664003683,-5.575898224115372,,,0.95,0.9,both,4.524464362460455,4.890195778587808,0.9271060257250106,0.0,-60.35625,2716.5340774653723,8.637687
185,1784893415.1084802,,8.0,,8.0,,6.0,,6.0,,10.0,,10.0,,1.0,,1.0,,4.0,,4.0,,2.0,,2.0,,5.0,,5.0,,8.0,,8.0,,8.87308717466658,,6.850816668942571,,10.0,,1.2871354091912508,,4.3660766570828855,,2.401739505585283,,4.985503116156906,,8.8125,-4.656612873077393e-10,0.00023190886713564396,0.0011866374379678746,1.9365740157663822,0.05113322660326958,0.9305580854415894,0.04503995552659035,-0.0042796991765499115,0.03739314153790474,0.7413318157196045,0.04545893520116806,8192,0.25234225392341614,5.947107791900635,0.1157938539981842,30343168,97881,14816,926,-15.609192,0.007586754947260488,0.0013254888632218353,-5.606019699573517,-70.57712,0.031300862540956584,0.0027993143667117693,-5.595508003234864,,,0.95,0.9,both,3.472413968376648,4.844993429600481,0.8652661144981586,0.0,-44.53776,2714.1839240749246,-15.609192
186,1784893475.8825152,,8.0,,8.0,,6.0,,6.0,,10.0,,10.0,,1.0,,1.0,,4.0,,4.0,,2.0,,2.0,,5.0,,5.0,,8.0,,8.0,,7.166896544396877,,5.019311133772135,,9.216819141205633,,0.6078195117879659,,3.6502156779170036,,1.6235887384973466,,4.544286805205047,,7.0625,-9.313225746154785e-10,-0.004021580098196864,0.002741869964665966,1.9317069463431835,0.157180517911911,0.8929930925369263,0.18815506994724274,0.0317545048892498,0.09482412040233612,0.8326138257980347,0.046507496386766434,8192,0.21918505430221558,4.861429214477539,0.1426781564950943,30507008,98386,14896,931,6.6694784,0.0067090685901348476,0.002811747705709422,-5.583636164665222,-72.0438,0.03655488493386656,0.004575555229530437,-5.612542754411697,,,0.95,0.9,both,3.7955725994310123,5.612531954400275,0.5697893076871665,0.0,-46.027332,2695.8885167674566,6.6694784
187,1784893536.4680936,,8.0,,8.0,,6.0,,6.0,,10.0,,10.0,,1.0,,1.0,,4.0,,4.0,,2.0,,2.0,,5.0,,5.0,,8.0,,8.0,,8.774454998783767,,6.767884435132146,,9.879544769180939,,1.4134267475456,,4.39947913447395,,2.3150925321970135,,4.9798270193859935,,8.6875,3.259629011154175e-09,-0.004585121059790254,0.0015910706897557247,1.9383655041456223,0.08210466057062149,0.9788061380386353,0.06578733026981354,0.02452772483229637,0.08096200227737427,0.7469534873962402,0.05429992824792862,8192,0.3051117956638336,5.902151107788086,0.17529115080833435,30670848,98979,14976,936,9.130246,0.006269248310127295,0.005059116786287632,-5.586677354574204,-74.95311,0.038595233717933296,0.0017250192060600967,-5.617052948474884,,,0.95,0.9,both,4.027289540624038,4.66094147561931,0.4967043152225493,0.0,-60.187378,2704.273121766754,9.130246
188,1784893597.373035,,8.0,,8.0,,6.0,,6.0,,10.0,,10.0,,1.0,,1.0,,4.0,,4.0,,2.0,,2.0,,5.0,,5.0,,8.0,,8.0,,8.922420248389244,,6.938453068956733,,9.938982218503952,,1.476472464390099,,4.47051854734309,,2.4405103779863566,,5.0,,8.9375,-5.587935447692871e-09,0.000466302502900362,0.0011758383843698539,1.9532993882894516,0.05489199608564377,0.8734576106071472,0.046279653906822205,-0.10264928638935089,0.04560345783829689,0.7948705554008484,0.057669028639793396,8192,0.1401219666004181,6.0156073570251465,0.119322270154953,30834688,99549,15056,941,-8.249122,0.006995154380274471,0.004275848186807707,-5.589016458392143,-70.5941,0.03253308185376227,0.0030689354891364927,-5.598596328496933,,,0.95,0.9,both,3.9217096284020982,4.801956560945972,0.9731079880178198,0.0,-52.438183,2690.0936471579244,-8.249122
189,1784893659.640539,,8.0,,8.0,,6.0,,6.0,,10.0,,10.0,,1.0,,1.0,,4.0,,4.0,,2.0,,2.0,,5.0,,5.0,,8.0,,8.0,,8.982260450720787,,6.97328981757164,,9.9459134968929,,1.4935482889413834,,4.478101063519716,,2.4561049127951264,,5.0,,8.9375,3.725290298461914e-09,0.0017580089624971151,0.00020941347247571684,1.953810214996338,0.12108713388442993,0.9008445739746094,0.12859439849853516,0.10466869175434113,0.026218509301543236,0.7168927788734436,0.04700130224227905,8192,0.10350801795721054,6.033339500427246,0.09497203677892685,30998528,100160,15136,946,8.743558,0.006694476814300287,0.0019640575716039165,-5.566318908333779,-70.67822,0.036489844613242894,0.0021894553778111004,-5.583724629878998,,,0.95,0.9,both,3.600633707372316,4.473557481659698,0.9588696117831832,0.0,-48.813377,2631.227981167112,8.743558
190,1784893719.6639748,,8.0,,8.0,,6.0,,6.0,,10.0,,10.0,,1.0,,1.0,,4.0,,4.0,,2.0,,2.0,,5.0,,5.0,,8.0,,8.0,,8.822197580710053,,6.871653693728149,,10.0,,1.4031965360045433,,4.448216955177486,,2.396960555575788,,4.931127042509615,,8.9375,-2.3283064365386963e-09,-4.8457877710461617e-05,0.0036241388515918516,1.9480820037424564,0.07599962502717972,0.9036639928817749,0.05296456813812256,-0.16561134159564972,0.07369059324264526,0.7600827813148499,0.03931776434183121,8192,0.21324235200881958,5.976356506347656,0.10030782222747803,31162368,100669,15216,951,4.442412,0.006214919505873695,0.003481516566534992,-5.539386761188507,-70.5914,0.03542966974200681,0.002911456116999034,-5.563374263048172,,,0.95,0.9,both,3.8664920794041775,4.52852407904516,0.5105772259346837,0.0,-72.14776,2729.60042218846,4.442412
191,1784893779.305074,,8.0,,8.0,,6.0,,6.0,,10.0,,10.0,,1.0,,1.0,,4.0,,4.0,,2.0,,2.0,,5.0,,5.0,,8.0,,8.0,,8.957330137491226,,6.826935023069382,,10.0,,1.4337981157004833,,4.466703794896603,,2.4561625188216567,,5.0,,8.8125,-1.862645149230957e-09,-0.0020614336244761944,0.003926173241779907,1.9515235163271427,0.06949520856142044,0.9958696961402893,0.053756408393383026,-0.053922444581985474,0.11425068974494934,0.7447309494018555,0.0459601916372776,8192,0.1699162870645523,5.994178771972656,0.11414870619773865,31326208,101312,15296,956,1.6436485,0.00798235125694191,0.004618542305252049,-5.553080224990845,-67.558975,0.028464338276535273,0.0030398586204682942,-5.554562342166901,,,0.95,0.9,both,4.027439188663948,4.83769280252074,0.8455974087297834,0.0,-80.50769,2747.0998831364864,1.6436485
192,1784893843.0007334,,8.0,,8.0,,6.0,,6.0,,10.0,,10.0,,1.0,,1.0,,4.0,,4.0,,2.0,,2.0,,5.0,,5.0,,8.0,,8.0,,8.810656510293484,,6.837941900826991,,9.99977140230476,,1.3043262497521937,,4.3170533671509475,,2.301231166580692,,4.956581924110651,,8.75,2.7939677238464355e-09,-0.0010924450471065938,0.002133547099219868,1.9521265551447868,0.07556283473968506,0.8928403854370117,0.05919336527585983,0.16939938068389893,0.07046578824520111,0.7250016927719116,0.03502601385116577,8192,0.29302966594696045,5.909695625305176,0.12258857488632202,31490048,101867,15376,961,10.128847,0.0062392200692556795,0.005864766254671849,-5.526651254296302,-48.946594,0.029071928653866052,0.0023605987371411175,-5.554828581213951,,,0.95,0.9,both,3.693983591944014,4.428012053160478,0.35985724725390184,0.0,-21.851166,2572.2310157930433,10.128847
193,1784893905.319703,,8.0,,8.0,,6.0,,6.0,,10.0,,10.0,,1.0,,1.0,,4.0,,4.0,,2.0,,2.0,,5.0,,5.0,,8.0,,8.0,,8.980497684329748,,6.99154095724225,,10.0,,1.475023789331317,,4.485109420493245,,2.4923721849918365,,4.98866165522486,,9.0,1.4901161193847656e-08,0.0004283264570403844,5.1189730811529444e-05,1.959177490323782,0.0864604040980339,0.9334941506385803,0.06086428463459015,0.13656964898109436,0.013153373263776302,0.7406673431396484,0.048120252788066864,8192,0.030611369758844376,6.051650524139404,0.10925503820180893,31653888,102362,15456,966,1.3878194,0.006343323123292066,0.004375348528265021,-5.544844570755958,-58.118214,0.033886581182014194,0.0025291634912719017,-5.555343559384346,,,0.95,0.9,both,3.8928099821131568,4.67399540336824,1.0701781967463977,0.0,-41.36241,2629.054979380612,1.3878194
194,1784893966.7244496,,8.0,,8.0,,6.0,,6.0,,10.0,,10.0,,1.0,,1.0,,4.0,,4.0,,2.0,,2.0,,5.0,,5.0,,8.0,,8.0,,8.585085905273445,,6.591337889432907,,10.0,,1.3818194018676877,,4.321981424232945,,2.3258318793959916,,4.9963795598596334,,8.625,-3.725290298461914e-09,0.0003951294638682157,0.005102536633785348,1.951941043138504,0.0602564699947834,0.9377675652503967,0.05410371720790863,-0.14326275885105133,0.14343605935573578,0.7722248435020447,0.04380612075328827,8192,0.3593797981739044,5.853429794311523,0.18692554533481598,31817728,103016,15536,971,10.280775,0.006539706281182589,0.00445347083514207,-5.614686492085457,-75.365524,0.06000627391040325,0.003306113700091373,-5.576974576711654,,,0.95,0.9,both,3.9429354297398733,4.441684833056298,0.5596172771397189,0.0,-46.595436,2668.197637301719,10.280775
195,1784894027.4666064,,8.0,,8.0,,6.0,,6.0,,10.0,,10.0,,1.0,,1.0,,4.0,,4.0,,2.0,,2.0,,5.0,,5.0,,8.0,,8.0,,8.921532850712538,,6.6785885486751795,,9.903684336692095,,1.457345704548061,,4.450814054347575,,2.447372566908598,,4.9467018155846745,,8.8125,1.1641532182693481e-10,-0.0024945880577433854,0.0026575618503557052,1.9483219869434834,0.049755919724702835,0.8009176850318909,0.03902428224682808,-0.006149971857666969,0.09177263081073761,0.7438529133796692,0.03555609658360481,8192,0.23170965909957886,5.952317237854004,0.11264050751924515,31981568,103556,15616,976,1.1656555,0.006979112958651968,0.0032342959340894593,-5.633719485998154,-65.29421,0.027090079709887506,0.0027763899153796954,-5.603527376055718,,,0.95,0.9,both,3.638494065215299,5.009908793343707,0.5840680488565865,0.0,-51.43589,2697.302935538179,1.1656555
196,1784894089.4967942,,8.0,,8.0,,6.0,,6.0,,10.0,,10.0,,1.0,,1.0,,4.0,,4.0,,2.0,,2.0,,5.0,,5.0,,8.0,,8.0,,8.795466153416783,,6.743390046758577,,10.0,,1.4039002396166325,,4.359764589928091,,2.4615838546305895,,5.0,,8.8125,-1.862645149230957e-09,0.0016459348844364285,0.002279196778545156,1.9521005526185036,0.21464301645755768,0.931815505027771,0.19489337503910065,0.03518093749880791,0.07711876183748245,0.7294802069664001,0.03012276068329811,8192,0.23182813823223114,5.947075366973877,0.0705653503537178,32145408,104086,15696,981,0.1683174,0.006335514175589196,0.0035946078787674196,-5.611759278178215,-53.425438,0.017178531212266535,0.0034944530387292618,-5.628475493192672,,,0.95,0.9,both,3.5781188149611483,4.743106654473699,0.7203851964532249,0.0,-37.912643,2641.294727542765,0.1683174
197,1784894151.5495837,,8.0,,8.0,,6.0,,6.0,,10.0,,10.0,,1.0,,1.0,,4.0,,4.0,,2.0,,2.0,,5.0,,5.0,,8.0,,8.0,,8.545372655848041,,6.45518196746707,,9.859681869391352,,1.2243559528142214,,4.075789698399603,,2.433308360632509,,4.9621757925488055,,8.625,-4.6566128730773926e-09,-0.0013505379320122302,0.006191057000251021,1.9585274867713451,0.032826028764247894,0.9354281425476074,0.02717437781393528,-0.03787937015295029,0.1373000591993332,0.7289780378341675,0.043785981833934784,8192,0.4063267707824707,5.772608757019043,0.11481215804815292,32309248,104663,15776,986,9.500143,0.006005812442163005,0.0030348837259225546,-5.608721086382866,-49.178562,0.024870930914767088,0.002486903623503167,-5.624561902880669,,,0.95,0.9,both,3.5887601969638836,4.707958415082002,0.43046264975464754,0.0,-39.773598,2640.333791073588,9.500143
198,1784894213.1014533,,8.0,,8.0,,6.0,,6.0,,10.0,,10.0,,1.0,,1.0,,4.0,,4.0,,2.0,,2.0,,5.0,,5.0,,8.0,,8.0,,8.810178492916748,,6.598673045635223,,9.953558798879385,,1.2982871048152447,,4.29966922942549,,2.3255383130162954,,4.980505354702473,,8.9375,1.1175870895385742e-08,-5.639277515001595e-05,0.005873189620615449,1.9627421274781227,0.15006954967975616,0.9618575572967529,0.13647130131721497,-0.13994140923023224,0.13852714002132416,0.7686690092086792,0.05584198608994484,8192,0.2969859540462494,5.90048885345459,0.09823876619338989,32473088,105291,15856,991,-27.120441,0.007949972564529163,0.0013710432380321436,-5.567538377642632,-69.152626,0.039940484799444675,0.003069361542293336,-5.6101030796766285,,,0.95,0.9,both,3.483834661883216,4.750319989219359,0.396640651205577,0.0,-50.616844,2661.818676771956,-27.120441
199,1784894273.2496471,,8.0,,8.0,,6.0,,6.0,,10.0,,10.0,,1.0,,1.0,,4.0,,4.0,,2.0,,2.0,,5.0,,5.0,,8.0,,8.0,,8.89049469307065,,6.978365011513233,,10.0,,1.4801949653774502,,4.484363354742527,,2.466785093769431,,4.972672129049897,,8.9375,3.725290298461914e-09,0.0008066141162998974,0.0028065631122444756,1.9672844596207142,0.10661149770021439,0.920819878578186,0.11063871532678604,0.174076110124588,0.0801912248134613,0.7044670581817627,0.040580399334430695,8192,0.11172141134738922,6.026296615600586,0.10626658797264099,32636928,105992,15936,996,-27.032303,0.0061861342619522475,0.0019488086007186211,-5.564391043782234,-63.318214,0.0293129533296451,0.003869776000647107,-5.580907374620438,,,0.95,0.9,both,3.600034836001207,5.010645803039475,0.7961145705389078,0.0,-79.17196,2723.9388018663913,-27.032303
200,1784894336.0556748,,8.0,,8.0,,6.0,,6.0,,10.0,,10.0,,1.0,,1.0,,4.0,,4.0,,2.0,,2.0,,5.0,,5.0,,8.0,,8.0,,7.021856762468815,,5.151175677776337,,9.087061019614339,,0.5223454125225544,,3.518208611756563,,1.5332203079015017,,4.509925713762641,,7.3125,-2.7939677238464355e-09,0.0007190609467215836,0.002900109513575444,1.9751038514077663,0.09241501986980438,0.8842571377754211,0.10212509334087372,-0.027733296155929565,0.09951989352703094,0.8210729956626892,0.047495849430561066,8192,0.17341862618923187,4.83203649520874,0.1464594304561615,32800768,106611,16016,1001,0.6487734,0.006014171442075167,0.003793218500504736,-5.577611708641053,-73.43637,0.05695909319911152,0.0020336869623861276,-5.54649270772934,,,0.95,0.9,both,3.9514725246166593,4.906968064169433,0.837919874660556,0.0,-35.088135,2608.666798421698,0.6487734
201,1784894399.0440433,,8.0,,8.0,,6.0,,6.0,,10.0,,10.0,,1.0,,1.0,,4.0,,4.0,,2.0,,2.0,,5.0,,5.0,,8.0,,8.0,,7.1558889066800475,,5.068241808563471,,9.07886995561421,,0.5801569398026913,,3.5663004126399755,,1.5290367417037487,,4.569597270805389,,7.125,-4.190951585769653e-09,-0.0008106820459943265,0.00023320800823967147,1.978974349796772,0.09177279472351074,0.9287893772125244,0.09745624661445618,0.07528526335954666,0.026003805920481682,0.7747192978858948,0.04482049494981766,8192,0.19466553628444672,4.834136486053467,0.1582726538181305,32964608,107284,16096,1006,6.1860995,0.005921744111401494,0.003239604768168647,-5.5807682365179065,-62.31828,0.03689292600611225,0.003910530510620447,-5.572581785917282,,,0.95,0.9,both,3.8524951472750253,4.90011576663621,0.5440443290329775,0.0,-27.099188,2601.1152994391323,6.1860995
202,1784894461.793674,,8.0,,8.0,,6.0,,6.0,,10.0,,10.0,,1.0,,1.0,,4.0,,4.0,,2.0,,2.0,,5.0,,5.0,,8.0,,8.0,,8.989834286272526,,6.9862962663173676,,10.0,,1.4990631882101297,,4.489333499222994,,2.4403360448777676,,5.0,,9.0,5.587935447692871e-09,0.0007300958968698978,0.001707179689219629,1.9849324449896812,0.07064961642026901,0.9283887147903442,0.06701879948377609,-0.07015959918498993,0.014253675006330013,0.8506218791007996,0.04245741665363312,8192,0.03597313538193703,6.050607681274414,0.15129218995571136,33128448,107916,16176,1011,9.102625,0.005524487215734552,0.0031960329535650088,-5.559780842065811,-74.13392,0.053399691451340915,0.0020334007625933737,-5.59691047668457,,,0.95,0.9,both,3.448979879394784,4.232757531088578,1.1075590754130875,0.0,-35.472958,2611.011242729389,9.102625
203,1784894522.7331796,,8.0,,8.0,,6.0,,6.0,,10.0,,10.0,,1.0,,1.0,,4.0,,4.0,,2.0,,2.0,,5.0,,5.0,,8.0,,8.0,,8.996394384652376,,6.882385982666165,,10.0,,1.482698941603303,,4.485460510477424,,2.492660377174616,,4.97139198333025,,9.0,-1.4901161193847656e-08,0.0007826227811165154,0.0008159425888152327,1.9876558631658554,0.08506404608488083,0.9024448394775391,0.07756087929010391,0.3149648904800415,0.03492526710033417,0.7515509724617004,0.04093914106488228,8192,0.060154423117637634,6.03887414932251,0.10247150808572769,33292288,108472,16256,1016,-7.835706,0.006598529925395269,0.003135187654697802,-5.564718106389046,-69.04041,0.03069789460860193,0.0015847652233787813,-5.584647715091705,,,0.95,0.9,both,3.840453215211602,4.426156142897118,0.8574285332311267,0.0,-48.40043,2688.568272734567,-7.835706
204,1784894585.794919,,8.0,,8.0,,6.0,,6.0,,10.0,,10.0,,1.0,,1.0,,4.0,,4.0,,2.0,,2.0,,5.0,,5.0,,8.0,,8.0,,7.1440552938729525,,5.274246780201793,,9.117601954378188,,0.5266651045531034,,3.582495464012027,,1.647592339104449,,4.574890045274515,,7.125,0.0,-0.001061619957908988,0.0025532436156936456,1.9973176904022694,0.10729673504829407,0.9078497886657715,0.09452440589666367,-0.010898888111114502,0.09900128841400146,0.7813376188278198,0.05605631321668625,8192,0.26040196418762207,4.874068260192871,0.14976084232330322,33456128,109098,16336,1021,8.620343,0.005410806419968139,0.005043526127701625,-5.609254628419876,-68.94835,0.05815602520015091,0.0028083567507565022,-5.55958302617073,,,0.95,0.9,both,3.7939304697893563,4.7853739392744785,0.6904022104113494,0.0,-36.023277,2598.0885294483637,8.620343
205,1784894646.8102725,,8.0,,8.0,,6.0,,6.0,,10.0,,10.0,,1.0,,1.0,,4.0,,4.0,,2.0,,2.0,,5.0,,5.0,,8.0,,8.0,,7.970066286216024,,6.050612526014447,,9.71271038427949,,1.1146876690909266,,4.095718754455447,,1.9291332098655403,,4.847507955739275,,8.375,-1.30385160446167e-08,-0.0014265113277360797,0.014082384295761585,2.0001328699290752,0.042661018669605255,0.9617444276809692,0.03541431576013565,-0.06736470013856888,0.23230277001857758,0.7529338598251343,0.0494135282933712,8192,0.5125761032104492,5.511929035186768,0.1232537105679512,33619968,109620,16416,1026,6.74005,0.00576604039670201,0.004254842233785893,-5.628234100341797,-72.9297,0.020555044547654687,0.0015733941458165646,-5.5813856482505795,,,0.95,0.9,both,3.927247209834573,4.51757442201483,0.3289259829208543,0.0,-54.209923,2685.225764717726,6.74005
206,1784894705.621789,,8.0,,8.0,,6.0,,6.0,,10.0,,10.0,,1.0,,1.0,,4.0,,4.0,,2.0,,2.0,,5.0,,5.0,,8.0,,8.0,,7.852791792713106,,5.734426208771765,,9.722026444040239,,0.995993312477367,,3.9096796517260373,,2.0122497917618603,,4.745809542015195,,8.0,1.3969838619232178e-09,-0.0030879121040925384,0.004867849565926008,1.9991285800933838,0.06326520442962646,0.9031205177307129,0.04740545526146889,0.08134220540523529,0.09888976812362671,0.7657324075698853,0.05325974151492119,8192,0.5195235013961792,5.371622562408447,0.10981907695531845,33783808,110197,16496,1031,8.001791,0.005614335726568243,0.004019331371819135,-5.590452933311463,-75.51161,0.03450467805378139,0.0024144171977241056,-5.56907112300396,,,0.95,0.9,both,3.796579147197535,4.690392644396745,0.368800369822297,0.0,-70.67892,2785.848936611709,8.001791
207,1784894765.9517612,,8.0,,8.0,,6.0,,6.0,,10.0,,10.0,,1.0,,1.0,,4.0,,4.0,,2.0,,2.0,,5.0,,5.0,,8.0,,8.0,,8.53989964700304,,6.593215605709702,,9.95480624679476,,1.3522384262178093,,4.287992328656401,,2.3390437443740666,,4.975278487429023,,8.625,-1.862645149230957e-09,0.0004420359618961811,0.00442228576503112,1.9964469857513905,0.06552155315876007,0.942865788936615,0.06345473974943161,0.0020330622792243958,0.12053077667951584,0.7574976682662964,0.05171547457575798,8192,0.36512118577957153,5.833434581756592,0.1073555275797844,33947648,110796,16576,1036,0.3128724,0.005383687419816851,0.002594431066972902,-5.590872144699096,-71.00371,0.023411975323688237,0.003828576677915407,-5.60063488483429,,,0.95,0.9,both,3.9428170383043395,4.546316892445256,0.45836312480328056,0.0,-62.418205,2715.731410390992,0.3128724
208,1784894828.7045465,,8.0,,8.0,,6.0,,6.0,,10.0,,10.0,,1.0,,1.0,,4.0,,4.0,,2.0,,2.0,,5.0,,5.0,,8.0,,8.0,,8.97851275280118,,6.93622883399803,,10.0,,1.4925816543400288,,4.4627888314425945,,2.4960293266922235,,5.0,,9.0,-9.313225746154785e-10,0.0002779459609882906,0.0022512929290314787,2.006427362561226,0.09736048430204391,0.9347161650657654,0.07812295854091644,-0.03409924358129501,0.08130167424678802,0.818954586982727,0.03926844149827957,8192,0.04744960740208626,6.045767307281494,0.10265437513589859,34111488,111284,16656,1041,8.576704,0.0058068796643055975,0.0028212936129420997,-5.621245634555817,-68.44749,0.02103322312468663,0.0021029426410677844,-5.624141418933869,,,0.95,0.9,both,3.7161519965197725,4.542923726325937,0.923535906735373,0.0,-26.22388,2610.8801350899416,8.576704
209,1784894889.133505,,8.0,,8.0,,6.0,,6.0,,10.0,,10.0,,1.0,,1.0,,4.0,,4.0,,2.0,,2.0,,5.0,,5.0,,8.0,,8.0,,8.369905889034271,,6.555993012152612,,9.948718801140785,,1.2323359083384275,,4.209660751512274,,2.2753646899946034,,4.969021069584414,,8.4375,-3.725290298461914e-09,-0.008682117913849652,0.007604614627780393,2.018233858048916,0.07181212306022644,0.8797245025634766,0.060001619160175323,0.25503867864608765,0.17178909480571747,0.7382804155349731,0.052927713841199875,8192,0.41594433784484863,5.749812126159668,0.11391045153141022,34275328,111896,16736,1046,6.965223,0.006081112655374454,0.0019691061213961804,-5.600116765499115,-76.25937,0.04383797176415101,0.0023159429838415235,-5.64469712972641,,,0.95,0.9,both,3.7328552796614196,4.499561773434489,0.31121253270884436,0.0,-60.899372,2711.282905930842,6.965223
210,1784894950.098826,,8.0,,8.0,,6.0,,6.0,,10.0,,10.0,,1.0,,1.0,,4.0,,4.0,,2.0,,2.0,,5.0,,5.0,,8.0,,8.0,,7.141476300545037,,5.0926673505455256,,9.154000198468566,,0.701144433405716,,3.6007657293230295,,1.6083094580098987,,4.553899630904198,,7.125,-1.30385160446167e-08,-0.00025005615316331387,0.0027915612827200675,2.0180284082889557,0.0779661238193512,0.9385868906974792,0.06808564066886902,-0.19135408103466034,0.1076463907957077,0.7622871398925781,0.04589482396841049,8192,0.24073201417922974,4.872157573699951,0.14526133239269257,34439168,112424,16816,1051,-1.0482345,0.006484146181901451,0.002833768673008308,-5.6372926265001295,-75.8141,0.042069406155496834,0.002358382713282481,-5.657744994759559,,,0.95,0.9,both,4.074737274242616,4.665859731990755,0.3933973697182319,0.0,-47.38775,2687.429555830777,-1.0482345
211,1784895010.8716602,,8.0,,8.0,,6.0,,6.0,,10.0,,10.0,,1.0,,1.0,,4.0,,4.0,,2.0,,2.0,,5.0,,5.0,,8.0,,8.0,,7.045402562245727,,5.022160887718201,,9.060272999107838,,0.5199078433215618,,3.5034002102911472,,1.5540644014254212,,4.506552893668413,,7.0625,1.3969838619232178e-09,0.0013395033893175423,0.0008096470019154367,2.016202688217163,0.0833698958158493,0.8803814053535461,0.06793848425149918,0.02594497799873352,0.04798789322376251,0.7122515439987183,0.042801059782505035,8192,0.11021486669778824,4.784282684326172,0.14526918530464172,34603008,112966,16896,1056,7.384164,0.0058668162324465815,0.003844131981895771,-5.6407418042421344,-72.36826,0.03851672459859401,0.0027141432656208053,-5.673588100075722,,,0.95,0.9,both,4.027438622734737,4.656425280280231,0.8395237792346384,0.0,-57.892845,2695.9421511498394,7.384164
212,1784895072.786798,,8.0,,8.0,,6.0,,6.0,,10.0,,10.0,,1.0,,1.0,,4.0,,4.0,,2.0,,2.0,,5.0,,5.0,,8.0,,8.0,,8.997287821024656,,6.990564543753862,,10.0,,1.4990096297115088,,4.499701764434576,,2.4990780260413885,,5.0,,9.0,1.1175870895385742e-08,0.000730410567484796,0.0002498361437801577,2.0199557170271873,0.05162794888019562,0.8538427352905273,0.03889305144548416,-0.11958225071430206,0.007569172419607639,0.7834839820861816,0.03162915259599686,8192,0.004061433486640453,6.060705184936523,0.0954819768667221,34766848,113406,16976,1061,-35.25777,0.005712776332802605,0.0018646304670255631,-5.645090079307556,-69.128845,0.022010537789901717,0.0035729187613469547,-5.653981629014015,,,0.95,0.9,both,3.786646007787901,4.505261064125395,1.293242690673172,0.0,-42.783165,2646.201818443202,-35.25777
213,1784895133.1987522,,8.0,,8.0,,6.0,,6.0,,10.0,,10.0,,1.0,,1.0,,4.0,,4.0,,2.0,,2.0,,5.0,,5.0,,8.0,,8.0,,7.252014886587858,,5.435122563969344,,9.28030800074339,,0.7934927816968411,,3.651666705496609,,1.718641538755037,,4.699173045577481,,7.625,-4.6566128730773926e-09,-0.008029365562833846,0.006679112440906465,2.0265142172574997,0.08497242629528046,0.9110246896743774,0.0820542648434639,-0.1435558795928955,0.16513395309448242,0.663773775100708,0.0387059710919857,8192,0.4463222920894623,5.056927680969238,0.1401348114013672,34930688,113979,17056,1066,-8.437998,0.0072449746352504,0.003471441876172321,-5.669847574830055,-54.202106,0.03803919035708532,0.003702502339729108,-5.6818270802497866,,,0.95,0.9,both,4.3060896801464335,4.725191336921165,0.38941513164772956,0.0,-70.974625,2712.0459495630703,-8.437998
214,1784895195.95443,,8.0,,8.0,,6.0,,6.0,,10.0,,10.0,,1.0,,1.0,,4.0,,4.0,,2.0,,2.0,,5.0,,5.0,,8.0,,8.0,,7.196559756994247,,5.064534097909927,,9.120770935434848,,0.5455612251535058,,3.6280137333087623,,1.5645340401679277,,4.518029125407338,,7.25,4.190951585769653e-09,-3.295775968581438e-06,0.0009803258417377947,2.0309766605496407,0.07518047839403152,0.9418953657150269,0.06724966317415237,-0.11129366606473923,0.05018165707588196,0.7418964505195618,0.04232651740312576,8192,0.26398223638534546,4.8610005378723145,0.15061388909816742,35094528,114617,17136,1071,8.696247,0.005259282459155657,0.003893159709696192,-5.67868595123291,-78.619095,0.04071284661768004,0.0009500292610027828,-5.690691509842873,,,0.95,0.9,both,4.046952981674856,4.519832710188885,0.5651857229366986,0.0,-35.326164,2610.759765518185,8.696247
215,1784895257.3274956,,8.0,,8.0,,6.0,,6.0,,10.0,,10.0,,1.0,,1.0,,4.0,,4.0,,2.0,,2.0,,5.0,,5.0,,8.0,,8.0,,8.244400680996478,,6.437888314016163,,9.805781986564398,,1.2642265134491026,,4.267483404837549,,2.241567840334028,,4.971405622549355,,8.625,-1.862645149230957e-09,-0.00425495725357905,0.010750357381766662,2.0492755100131035,0.10118794441223145,0.9608402252197266,0.09441173821687698,0.02400866150856018,0.1999119520187378,0.7661689519882202,0.03396876901388168,8192,0.45007479190826416,5.7322187423706055,0.11616390943527222,35258368,115153,17216,1076,-0.58322906,0.00515336907847086,0.003568226993229473,-5.708459702134133,-72.603516,0.025323000794742256,0.0026371678126452026,-5.70713951587677,,,0.95,0.9,both,4.36916981549936,4.648243750176276,0.3694806549957975,0.0,-48.61808,2669.5768380746636,-0.58322906
216,1784895318.065381,,8.0,,8.0,,6.0,,6.0,,10.0,,10.0,,1.0,,1.0,,4.0,,4.0,,2.0,,2.0,,5.0,,5.0,,8.0,,8.0,,7.229711052030325,,5.0405772887170315,,9.024071380496025,,0.5018732659518719,,3.521435644477606,,1.5904583614319563,,4.507114378735423,,7.0,-7.450580596923828e-09,0.00041878732736222446,0.0035213240571465576,2.0567206367850304,0.0748540461063385,0.9623935222625732,0.0652824342250824,-0.14389480650424957,0.1203237771987915,0.7398427724838257,0.04286397248506546,8192,0.13851244747638702,4.801904678344727,0.14412492513656616,35422208,115726,17296,1081,-4.6639357,0.005474411931209034,0.003326652679243125,-5.687193951010704,-67.45164,0.04404379273764789,0.002991531603038311,-5.685615652799607,,,0.95,0.9,both,3.979001335764245,5.158992261812408,0.7967470320862526,0.0,-49.496864,2697.4908223340285,-4.6639357
217,1784895380.185536,,8.0,,8.0,,6.0,,6.0,,10.0,,10.0,,1.0,,1.0,,4.0,,4.0,,2.0,,2.0,,5.0,,5.0,,8.0,,8.0,,8.77107272297144,,6.702379370108247,,9.831724650342949,,1.1721883435966447,,4.334288809448481,,2.150602985173464,,4.989880740642548,,8.375,-1.862645149230957e-09,-0.001573775865836069,0.007335839240113273,2.062870278954506,0.1405191570520401,0.9867345094680786,0.1151323914527893,-0.0008454043418169022,0.13412226736545563,0.8451759815216064,0.02653127908706665,8192,0.4226149618625641,5.790892124176025,0.11750226467847824,35586048,116223,17376,1086,-3.1138313,0.0062813938988256265,0.0038857007282786073,-5.702384740114212,-86.58775,0.04845937633654103,0.001784067466360284,-5.702661874890327,,,0.95,0.9,both,4.668950831280952,4.437570778504809,0.3824128621432591,0.0,-52.706367,2637.4692330207295,-3.1138313
218,1784895442.4021168,,8.0,,8.0,,6.0,,6.0,,10.0,,10.0,,1.0,,1.0,,4.0,,4.0,,2.0,,2.0,,5.0,,5.0,,8.0,,8.0,,8.849086347967386,,6.822363890707493,,9.971833176910877,,1.4392108768224716,,4.367894468829036,,2.3607649449259043,,5.0,,8.75,3.725290298461914e-09,0.0008768689585849643,0.014532591885654256,2.0692348778247833,0.09731273353099823,0.9045931696891785,0.09773792326450348,-0.03551545366644859,0.1762789934873581,0.7180600762367249,0.043974898755550385,8192,0.29003971815109253,5.945143699645996,0.11183464527130127,35749888,116791,17456,1091,7.489419,0.00599713746632915,0.0057089276262558995,-5.720802423357964,-67.27923,0.04642393426038325,0.0037928682679194024,-5.747350093722344,,,0.95,0.9,both,4.144998955995814,4.871497986403066,0.7368781710216743,0.0,-49.851562,2633.381739768276,7.489419
219,1784895503.5448804,,8.0,,8.0,,6.0,,6.0,,10.0,,10.0,,1.0,,1.0,,4.0,,4.0,,2.0,,2.0,,5.0,,5.0,,8.0,,8.0,,7.325821600970812,,5.279703393578529,,9.31534582003951,,0.5656122076325119,,3.690430400893092,,1.5542459525167942,,4.598373401910067,,7.125,5.122274160385132e-09,-0.0011533391661942005,0.003737379374797456,2.0699579045176506,0.05673086643218994,0.9034066200256348,0.059684544801712036,0.05542368441820145,0.12149658799171448,0.812425971031189,0.032149575650691986,8192,0.37212926149368286,4.931816577911377,0.11802740395069122,35913728,117253,17536,1096,1.336415,0.00696905702498043,0.0029480537603376435,-5.728748345375061,-50.809353,0.026989893778227268,0.0032199516746914012,-5.746242800354958,,,0.95,0.9,both,4.281193687109491,4.763770047499536,0.4402134904795474,0.0,-42.535454,2679.630129011589,1.336415
220,1784895563.223773,,8.0,,8.0,,6.0,,6.0,,10.0,,10.0,,1.0,,1.0,,4.0,,4.0,,2.0,,2.0,,5.0,,5.0,,8.0,,8.0,,8.953586131334305,,6.820010490715504,,10.0,,1.394097157754004,,4.443328971043229,,2.379286234267056,,5.0,,9.0,-1.862645149230957e-09,0.00025352416560053825,0.0052510755540424725,2.0754754319787025,0.12034790962934494,0.9454379081726074,0.11305200308561325,0.14950084686279297,0.1331801563501358,0.7985255718231201,0.04602309688925743,8192,0.1541132628917694,5.998788833618164,0.10376719385385513,36077568,117844,17616,1101,9.73181,0.005140245372604113,0.004087915924174013,-5.755504801869392,-69.310265,0.0736646878765896,0.002889316440996481,-5.73508565723896,,,0.95,0.9,both,4.227347780814478,4.466130840304821,0.6186856019988329,0.0,-75.81227,2745.3593021773277,9.73181
221,1784895625.4757376,,8.0,,8.0,,6.0,,6.0,,10.0,,10.0,,1.0,,1.0,,4.0,,4.0,,2.0,,2.0,,5.0,,5.0,,8.0,,8.0,,8.597560461610556,,6.6097017005085945,,9.964866844005883,,1.4817653708159924,,4.30671277269721,,2.407317412085831,,4.929008059669286,,8.8125,1.862645149230957e-09,7.486843969672918e-05,0.0013675967547897017,2.068813778460026,0.14893636107444763,0.856395423412323,0.14963184297084808,0.039280034601688385,0.07513166218996048,0.7921546101570129,0.04645116999745369,8192,0.34155434370040894,5.888679027557373,0.14108723402023315,36241408,118320,17696,1106,9.280274,0.005113340554089518,0.002342912516905926,-5.776903608441353,-74.39105,0.04430060015292838,0.002844480266503524,-5.730380830168724,,,0.95,0.9,both,3.909448709490623,4.8195150603897785,0.31875157726361525,0.0,-55.03177,2631.884746122465,9.280274
222,1784895686.7823565,,8.0,,8.0,,6.0,,6.0,,10.0,,10.0,,1.0,,1.0,,4.0,,4.0,,2.0,,2.0,,5.0,,5.0,,8.0,,8.0,,7.205131646245718,,5.148960098624229,,9.007094088941813,,0.547558574937284,,3.7023105933330953,,1.508530830964446,,4.543029015883803,,7.0625,-6.984919309616089e-10,-0.0030732977902516723,0.005372940377128543,2.060044154524803,0.05388562008738518,0.8911280035972595,0.046805381774902344,0.015529334545135498,0.14950691163539886,0.6858099699020386,0.040742427110672,8192,0.21948613226413727,4.840638637542725,0.1591753363609314,36405248,118862,17776,1111,1.2089715,0.005512028431257932,0.002614470834669191,-5.787198176980018,-76.18638,0.04470808604964986,0.0026730583325843328,-5.733177325129509,,,0.95,0.9,both,4.073561826247878,4.63585741313383,0.5623621339612488,0.0,-58.929665,2672.468432736905,1.2089715
223,1784895747.000591,,8.0,,8.0,,6.0,,6.0,,10.0,,10.0,,1.0,,1.0,,4.0,,4.0,,2.0,,2.0,,5.0,,5.0,,8.0,,8.0,,8.984289895743132,,6.961759865283966,,9.959965139627457,,1.479559287428856,,4.45356750767678,,2.4737353837117553,,4.992017728276551,,9.0,4.656612873077393e-10,0.0006398154073394835,0.0009267968825952266,2.0547977834939957,0.1064765453338623,0.8725766539573669,0.10404889285564423,0.08698233962059021,0.029827862977981567,0.7273893356323242,0.03212844580411911,8192,0.0786939412355423,6.038112163543701,0.13049833476543427,36569088,119339,17856,1116,9.026999,0.005428419895179104,0.0032807473169668812,-5.790783852338791,-75.50081,0.056514855020213875,0.002164094945328543,-5.786646461486816,,,0.95,0.9,both,3.9538879593167335,4.665672983686493,0.8756715697803734,0.0,-44.4845,2720.771549528007,9.026999
224,1784895806.5968559,,8.0,,8.0,,6.0,,6.0,,10.0,,10.0,,1.0,,1.0,,4.0,,4.0,,2.0,,2.0,,5.0,,5.0,,8.0,,8.0,,8.030676401220262,,6.381247933371924,,9.663454618304968,,1.0832512603374198,,4.218241784721613,,2.202889760956168,,4.818397286813706,,8.0,2.1420419216156006e-08,-0.0003109197423327714,0.004641937346605118,2.0510726124048233,0.1236347034573555,0.8366896510124207,0.12887093424797058,0.16281092166900635,0.1259421557188034,0.8591964244842529,0.03483116626739502,8192,0.5410442352294922,5.549769878387451,0.12946195900440216,36732928,119797,17936,1121,0.5680545,0.005374234265036648,0.0016613365223747678,-5.785859352350235,-54.797516,0.042674094811081885,0.002794151668786071,-5.817138060927391,,,0.95,0.9,both,3.860497012854675,5.034379752379307,0.26193122714061573,0.0,-73.978676,2749.1645096926386,0.5680545
225,1784895867.7970078,,8.0,,8.0,,6.0,,6.0,,10.0,,10.0,,1.0,,1.0,,4.0,,4.0,,2.0,,2.0,,5.0,,5.0,,8.0,,8.0,,7.59085500985384,,5.709836773574352,,9.52489416487515,,0.8462693087039952,,3.8178469860431505,,1.8450723504647613,,4.662808925844729,,7.6875,-1.30385160446167e-08,-0.008010514080524445,0.004389933936181478,2.048548772931099,0.05378086864948273,0.8962792754173279,0.045534756034612656,0.17225900292396545,0.12408706545829773,0.7265192866325378,0.049612998962402344,8192,0.500225841999054,5.210635185241699,0.13733093440532684,36896768,120455,18016,1126,1.0683448,0.005305914403288625,0.004185403433803003,-5.805727678537369,-73.49279,0.03856564131565392,0.002555171967833303,-5.810312205553055,,,0.95,0.9,both,3.8565768566387555,4.612395063387654,0.30372623750572986,0.0,-64.77284,2677.1175417425634,1.0683448
226,1784895928.978421,,8.0,,8.0,,6.0,,6.0,,10.0,,10.0,,1.0,,1.0,,4.0,,4.0,,2.0,,2.0,,5.0,,5.0,,8.0,,8.0,,8.942327694967389,,6.99621394276619,,10.0,,1.4852547198534012,,4.37819607462734,,2.48187836445868,,5.0,,9.0,-7.916241884231567e-09,0.0003830731729976833,0.0002129195980842269,2.046062186360359,0.08480975031852722,0.8440731167793274,0.09278716892004013,-0.1464836150407791,0.008824109099805355,0.7739012241363525,0.03945174440741539,8192,0.06720223277807236,6.0354838371276855,0.10725349932909012,37060608,120942,18096,1131,-7.9769297,0.005276444881747011,0.004589552351535531,-5.838621842861175,-57.780113,0.03270794155541808,0.002828664478874998,-5.8273871332407,,,0.95,0.9,both,4.38436365973389,4.845679130197934,0.7837478444594721,0.0,-48.734154,2677.9375227782116,-7.9769297
227,1784895990.3289618,,8.0,,8.0,,6.0,,6.0,,10.0,,10.0,,1.0,,1.0,,4.0,,4.0,,2.0,,2.0,,5.0,,5.0,,8.0,,8.0,,7.399782035499811,,5.3880343697965145,,9.355447648908012,,0.7846139008179307,,3.7078089399583405,,1.8367975018918514,,4.718610682524741,,7.5,-2.7939677238464355e-09,0.00026205088943243027,0.002490631082764594,2.05102726072073,0.04992470145225525,0.8580564260482788,0.03824806958436966,-0.05925871059298515,0.09609951078891754,0.7351452708244324,0.044982630759477615,8192,0.4785839319229126,5.0863871574401855,0.12980076670646667,37224448,121567,18176,1136,9.617693,0.004940896464540856,0.003391235826711636,-5.8195894926786425,-78.27452,0.037751924071926624,0.0034909757305285893,-5.848519605398178,,,0.95,0.9,both,4.047799249879138,5.059736003664966,0.3378005195844058,0.0,-48.54714,2670.5550565944122,9.617693
228,1784896050.4893153,,8.0,,8.0,,6.0,,6.0,,10.0,,10.0,,1.0,,1.0,,4.0,,4.0,,2.0,,2.0,,5.0,,5.0,,8.0,,8.0,,7.192274564877152,,5.063496716320515,,9.188512266613543,,0.5054320339113474,,3.573072722181678,,1.605827821418643,,4.529674052260816,,7.0625,0.0,-0.0008870437741279602,0.006010887311276747,2.060484379529953,0.05578431487083435,0.9535390138626099,0.04159149155020714,-0.0403166264295578,0.08176211267709732,0.7474278211593628,0.03866119310259819,8192,0.21286793053150177,4.840098857879639,0.14151807129383087,37388288,122132,18256,1141,-7.0453405,0.006511683370626997,0.0036013269989780385,-5.8305388480424885,-72.559616,0.03623325490625575,0.0025913473160471766,-5.851181611418724,,,0.95,0.9,both,4.319387987565101,5.035916423765167,0.5593568419952958,0.0,-76.48978,2723.38826550821,-7.0453405
229,1784896109.5176804,,8.0,,8.0,,6.0,,6.0,,10.0,,10.0,,1.0,,1.0,,4.0,,4.0,,2.0,,2.0,,5.0,,5.0,,8.0,,8.0,,7.407087373547256,,5.190775379538536,,9.149870394729078,,0.579909186810255,,3.7200436098501086,,1.640120029449463,,4.549074288457632,,7.25,4.6566128730773926e-09,-0.0010072332224808633,0.0030094390458543785,2.065718539059162,0.06670479476451874,0.9134007692337036,0.054512668401002884,0.24142137169837952,0.10753075033426285,0.7282323837280273,0.03493839502334595,8192,0.3683502972126007,4.9358601570129395,0.13712996244430542,37552128,122637,18336,1146,10.595035,0.005812492782570189,0.004371256488957443,-5.832530653476715,-55.999897,0.04112357092089951,0.002032919762132224,-5.8224262535572056,,,0.95,0.9,both,4.38259119891801,4.753974642656815,0.45543864242243526,0.0,-78.65681,2775.61472674211,10.595035
230,1784896170.326271,,8.0,,8.0,,6.0,,6.0,,10.0,,10.0,,1.0,,1.0,,4.0,,4.0,,2.0,,2.0,,5.0,,5.0,,8.0,,8.0,,7.8058294323273,,5.3106962237507105,,9.318220738321543,,0.6352619659155607,,3.803111565299332,,1.7313517690636218,,4.670871262438595,,7.3125,0.0,-0.002406310639344156,0.005038945906562731,2.077161580324173,0.16819021105766296,0.8333872556686401,0.19290535151958466,0.16680192947387695,0.12183498591184616,0.7903982400894165,0.04060899838805199,8192,0.43896448612213135,5.073480129241943,0.14975669980049133,37715968,123208,18416,1151,0.0010174752,0.005669256861438043,0.004774041386554018,-5.850642430782318,-72.17428,0.045473637769464406,0.0024323510719113984,-5.853537106513977,,,0.95,0.9,both,4.29752214658817,5.068969499071299,0.3808373724150209,0.0,-60.120716,2694.35615187169,0.0010174752
231,1784896230.533863,,8.0,,8.0,,6.0,,6.0,,10.0,,10.0,,1.0,,1.0,,4.0,,4.0,,2.0,,2.0,,5.0,,5.0,,8.0,,8.0,,8.685784839442931,,6.899237919598818,,9.939612913876772,,1.3967540489975363,,4.42651467397809,,2.3140350226312876,,4.963957384228706,,8.625,1.862645149230957e-09,-0.0013839499442838132,0.001911864645080641,2.0787652134895325,0.09457191824913025,0.9108355045318604,0.08332953602075577,-0.07617385685443878,0.0662795901298523,0.7302073240280151,0.03409838676452637,8192,0.33531567454338074,5.906362056732178,0.07764449715614319,37879808,123748,18496,1156,9.972841,0.006079721575952135,0.003377728211489739,-5.857488143444061,-55.609943,0.033052845543716104,0.00374958225293085,-5.854124051332474,,,0.95,0.9,both,3.986196814153216,4.656364565036165,0.5505667763460084,0.0,-60.90797,2721.2515229959527,9.972841
232,1784896289.6536803,,8.0,,8.0,,6.0,,6.0,,10.0,,10.0,,1.0,,1.0,,4.0,,4.0,,2.0,,2.0,,5.0,,5.0,,8.0,,8.0,,8.524499450693838,,6.341096759773791,,9.818006217479706,,1.2602295791730285,,4.388968583196402,,2.3014801517128944,,4.898347891867161,,8.1875,3.4924596548080444e-09,-0.00015791127225384116,0.0019846351751766633,2.0797722414135933,0.05432802811264992,0.8147983551025391,0.04413418099284172,0.013815480284392834,0.08879873156547546,0.7483267188072205,0.04258543998003006,8192,0.46111437678337097,5.7150163650512695,0.11739682406187057,38043648,124344,18576,1161,1.5804408,0.006262102168693673,0.004279806283011567,-5.891576603055,-74.38304,0.03957962385611609,0.0032547733979299666,-5.869916126132011,,,0.95,0.9,both,4.209183495574997,5.089391449987509,0.24762072895671985,0.0,-76.08333,2771.3210949014715,1.5804408
233,1784896348.7815719,,8.0,,8.0,,6.0,,6.0,,10.0,,10.0,,1.0,,1.0,,4.0,,4.0,,2.0,,2.0,,5.0,,5.0,,8.0,,8.0,,7.816476959735155,,6.253571398323402,,9.48241703119129,,0.9264223198406398,,3.96515573002398,,1.8304889840073884,,4.697421051561832,,7.8125,2.7939677238464355e-09,-0.00041653180960565805,0.003311976950499229,2.082049198448658,0.04646947979927063,0.9577160477638245,0.040356822311878204,0.01530900876969099,0.11433564871549606,0.6983556151390076,0.04113848879933357,8192,0.5340947508811951,5.348056793212891,0.13581395149230957,38207488,124928,18656,1166,10.309879,0.005775379748956766,0.0030906726391549456,-5.9309747338294985,-32.8916,0.03380670980550349,0.0047095779300434515,-5.875217202305794,,,0.95,0.9,both,4.12585011650191,5.166999753645027,0.22669281118920886,0.0,-67.5032,2770.942790212842,10.309879
234,1784896410.16236,,8.0,,8.0,,6.0,,6.0,,10.0,,10.0,,1.0,,1.0,,4.0,,4.0,,2.0,,2.0,,5.0,,5.0,,8.0,,8.0,,7.253379050642252,,5.288199209608138,,9.209469012916088,,0.6434794361703098,,3.6162493033334613,,1.5655574798583984,,4.630193497054279,,7.375,5.587935447692871e-09,-0.0007392433471977711,0.00663748788065277,2.075573317706585,0.07396086305379868,0.887070894241333,0.06163620203733444,0.12912487983703613,0.16582851111888885,0.7449416518211365,0.04507960379123688,8192,0.3435584604740143,4.947690963745117,0.1669335514307022,38371328,125519,18736,1171,10.065901,0.00624019359020167,0.003518179895763751,-5.91747936308384,-72.67322,0.052803756087087095,0.0037132284764084035,-5.939725634455681,,,0.95,0.9,both,4.227723792841403,4.9910699919816865,0.4055916581924911,0.0,-56.404747,2669.2390754885328,10.065901
235,1784896470.966154,,8.0,,8.0,,6.0,,6.0,,10.0,,10.0,,1.0,,1.0,,4.0,,4.0,,2.0,,2.0,,5.0,,5.0,,8.0,,8.0,,8.729942433012184,,6.7911865040659904,,9.927032859995961,,1.384344813413918,,4.294881651410833,,2.19446498027537,,4.911401565535925,,8.6875,-3.725290298461914e-09,0.0002904251159634441,0.005885616263185511,2.0893027037382126,0.14312803745269775,0.9187419414520264,0.13577891886234283,0.07134886085987091,0.15080587565898895,0.8013561367988586,0.04910273477435112,8192,0.37827977538108826,5.865094184875488,0.10621235519647598,38535168,126111,18816,1176,10.445139,0.005832726253720466,0.003413257217835053,-5.923418700695038,-66.38616,0.05836356580257416,0.0030103286939265673,-5.931140869855881,,,0.95,0.9,both,4.2377338791667505,4.736536583390861,0.4906532703726313,0.0,-32.381195,2694.5687197198185,10.445139
236,1784896530.7444777,,8.0,,8.0,,6.0,,6.0,,10.0,,10.0,,1.0,,1.0,,4.0,,4.0,,2.0,,2.0,,5.0,,5.0,,8.0,,8.0,,7.667755355127156,,5.968929436057806,,9.42765712365508,,0.983244628412649,,3.8782621626742184,,1.7610386665910482,,4.804588925559074,,7.9375,-1.862645149230957e-09,-0.00016284745652228594,0.00950745576119516,2.0908287093043327,0.05711571127176285,0.8654834628105164,0.04638167470693588,-0.10320176184177399,0.19590003788471222,0.774941086769104,0.0405697338283062,8192,0.5094068050384521,5.303622245788574,0.11294392496347427,38699008,126702,18896,1181,-0.49933776,0.007166733469057362,0.004144079830439296,-5.905567759275437,-56.45294,0.035371723480056974,0.0025628494171542116,-5.945205003023148,,,0.95,0.9,both,4.443838666113048,5.060775626270281,0.26194345033441657,0.0,-76.0727,2740.7935369096563,-0.49933776
237,1784896589.925596,,8.0,,8.0,,6.0,,6.0,,10.0,,10.0,,1.0,,1.0,,4.0,,4.0,,2.0,,2.0,,5.0,,5.0,,8.0,,8.0,,7.648623080924153,,6.055204128846526,,9.239452756941319,,0.8018119211192243,,3.9339288836345077,,1.900572281330824,,4.826245971955359,,7.5,-1.1175870895385742e-08,-0.003674959880299866,0.01391101443732623,2.100418634712696,0.08507010340690613,0.8893132209777832,0.072633296251297,-0.1529226303100586,0.23411089181900024,0.7064526081085205,0.04150952771306038,8192,0.5112408399581909,5.238229751586914,0.1402149200439453,38862848,127230,18976,1186,10.12636,0.005790824598807376,0.002616490945365513,-5.947082582116127,-59.39455,0.04173642130335793,0.003178361215395853,-5.94368240237236,,,0.95,0.9,both,4.341042965488874,5.017052161952252,0.2784467203996088,0.0,-74.15959,2768.44985032152,10.12636
238,1784896652.2763014,,8.0,,8.0,,6.0,,6.0,,10.0,,10.0,,1.0,,1.0,,4.0,,4.0,,2.0,,2.0,,5.0,,5.0,,8.0,,8.0,,8.891768114641309,,6.791063559707254,,9.943781182169914,,1.3854858910199255,,4.359291419008514,,2.3142925263382494,,4.989773690700531,,8.5625,3.725290298461914e-09,-0.0027883833972737193,0.0031448689296667,2.1097878962755203,0.07909978926181793,0.9125427007675171,0.06457189470529556,-0.05199265480041504,0.07371024042367935,0.7306277751922607,0.04806753993034363,8192,0.28219369053840637,5.904744625091553,0.07515348494052887,39026688,127763,19056,1191,9.905768,0.006007769075222313,0.00499191913404502,-5.950370660424232,-68.8859,0.0415495459921658,0.0033779714081902056,-5.9661075413227085,,,0.95,0.9,both,4.396478149532792,4.786620093815411,0.4067205428583228,0.0,-39.499153,2627.717059610124,9.905768
239,1784896714.1240182,,8.0,,8.0,,6.0,,6.0,,10.0,,10.0,,1.0,,1.0,,4.0,,4.0,,2.0,,2.0,,5.0,,5.0,,8.0,,8.0,,8.598152365069836,,6.358354891184717,,9.947311211377382,,1.3540399204939604,,4.340317919850349,,2.2602638928219676,,4.92526240227744,,8.75,0.0,0.0001910520950332284,0.0024299950237036683,2.110657721757889,0.08348286896944046,0.912103533744812,0.06732149422168732,0.027733176946640015,0.09997028857469559,0.7589623332023621,0.03683104366064072,8192,0.41669121384620667,5.816712379455566,0.09801910072565079,39190528,128271,19136,1196,10.597707,0.006512499322707299,0.002019963203201769,-5.97432866692543,-68.658325,0.0322670872323215,0.002720414596842602,-5.942863067984581,,,0.95,0.9,both,3.897205679586906,4.767047305204603,0.4938386942975029,0.0,-52.933342,2649.0870314153763,10.597707
240,1784896774.976749,,8.0,,8.0,,6.0,,6.0,,10.0,,10.0,,1.0,,1.0,,4.0,,4.0,,2.0,,2.0,,5.0,,5.0,,8.0,,8.0,,8.374969608848915,,6.326864152491908,,9.781288024038076,,1.338297512382269,,4.044513577129692,,2.078179300064221,,4.852401174139231,,8.25,6.51925802230835e-09,-0.004910071613267064,0.005109254845592659,2.113591641187668,0.053458523005247116,0.8255002498626709,0.04991953447461128,0.008264550939202309,0.13281120359897614,0.697681188583374,0.05707041919231415,8192,0.48146629333496094,5.630814552307129,0.09804455935955048,39354368,128879,19216,1201,10.200197,0.0058199745828460435,0.004405142132600304,-5.986650913953781,-65.42499,0.0503108999109827,0.0036019587860209867,-5.992700999975204,,,0.95,0.9,both,4.0833224159530985,5.372858657476099,0.31403835153557846,0.0,-80.75654,2692.401775406349,10.200197
241,1784896836.1446874,,8.0,,8.0,,6.0,,6.0,,10.0,,10.0,,1.0,,1.0,,4.0,,4.0,,2.0,,2.0,,5.0,,5.0,,8.0,,8.0,,8.824078670702875,,6.772430303506553,,9.825807056040503,,1.195618818514049,,4.304959520697594,,2.293489602394402,,4.9592863116413355,,8.75,-1.862645149230957e-09,-0.002294323523528874,0.001871720189228654,2.1296969577670097,0.19423168897628784,0.9689295291900635,0.1856045424938202,0.1323762685060501,0.07999275624752045,0.7352316975593567,0.03888704627752304,8192,0.3712402284145355,5.865708351135254,0.10030239820480347,39518208,129421,19296,1206,2.7272847,0.007064295523741748,0.0011104929602879566,-6.0077604979276655,-71.412926,0.04403749501798302,0.0029422534185869153,-5.990856918692589,,,0.95,0.9,both,3.833209257579422,4.941652598505134,0.3424970144476836,0.0,-43.247307,2678.5274159018672,2.7272847
242,1784896897.3142574,,8.0,,8.0,,6.0,,6.0,,10.0,,10.0,,1.0,,1.0,,4.0,,4.0,,2.0,,2.0,,5.0,,5.0,,8.0,,8.0,,7.367547124624252,,5.6322827730327845,,9.17878887988627,,0.6439667651429772,,3.7458959254436195,,1.7056265409337357,,4.6873131326865405,,7.25,-1.862645149230957e-09,-0.0013211568584665656,0.014075735671212897,2.1337974444031715,0.057723626494407654,0.8645681738853455,0.047394972294569016,-0.0938248410820961,0.2230614721775055,0.7705208659172058,0.04044155031442642,8192,0.43326815962791443,5.026427745819092,0.14754340052604675,39682048,129973,19376,1211,10.194166,0.006001136224949732,0.003957298735622316,-5.992349314689636,-67.21123,0.041803912667091936,0.003749050959595479,-5.989840137958526,,,0.95,0.9,both,4.529735302222181,5.256045583613251,0.45753474480428125,0.0,-48.215656,2678.455984892342,10.194166
243,1784896957.1487055,,8.0,,8.0,,6.0,,6.0,,10.0,,10.0,,1.0,,1.0,,4.0,,4.0,,2.0,,2.0,,5.0,,5.0,,8.0,,8.0,,7.148831088095903,,5.219529398251325,,9.064092287793756,,0.620880498085171,,3.5618407242000103,,1.6941184415481985,,4.533636137843132,,7.125,0.0,-0.00034924165811389685,0.004282097272152896,2.136394180357456,0.09642008692026138,0.9186485409736633,0.0881924256682396,0.015487486496567726,0.12578272819519043,0.6747066974639893,0.040261410176754,8192,0.3194942772388458,4.870991230010986,0.13369937241077423,39845888,130543,19456,1216,2.7502272,0.0074512290055281484,0.0037206302862614394,-6.0073058843612674,-68.62148,0.04363696282962337,0.003620451330789365,-6.00288026034832,,,0.95,0.9,both,4.2840576198276015,4.942208086086584,0.6587229807921291,0.0,-68.263016,2738.221994624249,2.7502272
244,1784897018.2630029,,8.0,,8.0,,6.0,,6.0,,10.0,,10.0,,1.0,,1.0,,4.0,,4.0,,2.0,,2.0,,5.0,,5.0,,8.0,,8.0,,8.941872626543045,,6.933231391012669,,9.953305348055437,,1.3691408664453775,,4.4482948035001755,,2.4329401846043766,,5.0,,8.9375,-4.656612873077393e-10,0.0002625113702379167,0.00048068369414977496,2.1347040310502052,0.08709610998630524,0.8765802979469299,0.06838597357273102,0.027292005717754364,0.044348057359457016,0.8107932806015015,0.03439370542764664,8192,0.16241225600242615,6.002036094665527,0.1286974996328354,40009728,131023,19536,1221,8.787168,0.005721773469849723,0.004175008180027362,-6.054968985915184,-54.50058,0.03776074540801346,0.003476558830880094,-6.019164627790451,,,0.95,0.9,both,4.1804232827882375,4.9964713179747315,0.536127549865824,0.0,-48.336597,2680.8783712282593,8.787168
245,1784897080.1749063,,8.0,,8.0,,6.0,,6.0,,10.0,,10.0,,1.0,,1.0,,4.0,,4.0,,2.0,,2.0,,5.0,,5.0,,8.0,,8.0,,7.187248636968434,,5.439884360748692,,9.21649849275127,,0.5430382029153407,,3.645674147643149,,1.6838183623040095,,4.573580773547292,,7.3125,-2.7939677238464355e-09,-0.0001583196863066405,0.004369831051008077,2.1342308819293976,0.14888477325439453,0.9635294675827026,0.13140614330768585,-0.04534481465816498,0.10516075044870377,0.646489143371582,0.03732406347990036,8192,0.32586634159088135,4.950280666351318,0.13903561234474182,40173568,131571,19616,1226,8.756907,0.007375608431175351,0.0037767877263831908,-6.071119230985642,-64.654625,0.03437942599412054,0.0018560840057034512,-6.041436964273453,,,0.95,0.9,both,4.6451505900733725,4.966702259202596,0.4138915471949109,0.0,-16.790213,2646.3408663251944,8.756907
246,1784897142.5253158,,8.0,,8.0,,6.0,,6.0,,10.0,,10.0,,1.0,,1.0,,4.0,,4.0,,2.0,,2.0,,5.0,,5.0,,8.0,,8.0,,8.619392190594226,,6.329929448664188,,9.914845914114267,,1.1773312855511904,,4.251467757392675,,2.3463466726243496,,4.932908692164347,,8.3125,0.0,-0.003987512813182548,0.01745280291652307,2.1296200081706047,0.050146933645009995,0.9845975041389465,0.04451563209295273,0.024742035195231438,0.2549060583114624,0.7257677316665649,0.0415782704949379,8192,0.4774862229824066,5.73559045791626,0.13113774359226227,40337408,132140,19696,1231,2.963038,0.008037340927694458,0.0031554691497149177,-6.064481231570244,-70.949646,0.044015142438001933,0.0036286092377849854,-6.04923859834671,,,0.95,0.9,both,4.544393565886804,5.213178210904331,0.37174964072883787,0.0,-25.353447,2627.729325720758,2.963038
247,1784897203.3143744,,8.0,,8.0,,6.0,,6.0,,10.0,,10.0,,1.0,,1.0,,4.0,,4.0,,2.0,,2.0,,5.0,,5.0,,8.0,,8.0,,8.79463565745391,,6.872772254049778,,9.938007589429617,,1.4758608750998974,,4.46693648584187,,2.437528003938496,,4.94159671664238,,8.5,3.725290298461914e-09,-0.0016959955100901425,0.001824384591600392,2.134705327451229,0.1029643565416336,0.8664606809616089,0.08811948448419571,-0.20526063442230225,0.08702640980482101,0.7923669219017029,0.031941868364810944,8192,0.30047184228897095,5.928417205810547,0.07152236253023148,40501248,132591,19776,1236,11.348009,0.0049706856305419935,0.0011565559871087316,-6.074503564834595,-62.562824,0.027968062431318684,0.0025238087080651896,-6.061962428689003,,,0.95,0.9,both,3.94176191739556,4.674479905492477,0.6126922927931492,0.0,-58.101807,2695.2219265073504,11.348009
248,1784897264.6341383,,8.0,,8.0,,6.0,,6.0,,10.0,,10.0,,1.0,,1.0,,4.0,,4.0,,2.0,,2.0,,5.0,,5.0,,8.0,,8.0,,8.987883765250444,,6.7292526084929705,,9.985178240109235,,1.3877362543717027,,4.404638303909451,,2.456520114094019,,4.968960316851735,,8.6875,-3.725290298461914e-09,-0.0009158935281448066,0.0034666772444325034,2.131921201944351,0.10614366829395294,0.9089216589927673,0.095534548163414,-0.012441577389836311,0.11513965576887131,0.7065744400024414,0.04616774246096611,8192,0.2375083863735199,5.950958728790283,0.09593755006790161,40665088,133165,19856,1241,-10.450359,0.0054706215109035835,0.0038664369509206153,-6.0885931015014645,-65.284744,0.03543270113877952,0.003057977926800959,-6.070961573719979,,,0.95,0.9,both,4.707590757330858,5.190682743430628,0.4361255894279643,0.0,-59.664387,2671.8954067688996,-10.450359
249,1784897325.9955595,,8.0,,8.0,,6.0,,6.0,,10.0,,10.0,,1.0,,1.0,,4.0,,4.0,,2.0,,2.0,,5.0,,5.0,,8.0,,8.0,,7.142367605119944,,5.107827657833695,,9.459454521536827,,0.5409106453880668,,3.68043024931103,,1.6014953874982893,,4.65649564191699,,7.1875,-9.313225746154785e-10,-0.0001183347194455564,0.0021721269749832572,2.140123076736927,0.07957987487316132,0.9040369987487793,0.06908687204122543,0.021412011235952377,0.09453263133764267,0.6453734636306763,0.037704408168792725,8192,0.3250693380832672,4.922060489654541,0.09528402984142303,40828928,133712,19936,1246,10.847696,0.0069258520743460394,0.004095462985424092,-6.092854109406471,-55.802498,0.02751224326202646,0.0035451175397611225,-6.081053978204727,,,0.95,0.9,both,4.402195015160621,5.439568589824208,0.40013524349732466,0.0,-63.866596,2670.081553823242,10.847696
250,1784897386.7880437,,8.0,,8.0,,6.0,,6.0,,10.0,,10.0,,1.0,,1.0,,4.0,,4.0,,2.0,,2.0,,5.0,,5.0,,8.0,,8.0,,7.7371829729527235,,5.7389962580055,,9.296621656045318,,0.711929690092802,,3.693528185263858,,1.7912317961454391,,4.75637941993773,,7.8125,-5.587935447692871e-09,-0.002120649558492005,0.012927708026836626,2.1305986866354942,0.08497358858585358,0.9041640162467957,0.0785873755812645,-0.01689091883599758,0.2139693945646286,0.7216957807540894,0.03887394815683365,8192,0.5313898921012878,5.192296028137207,0.11310148984193802,40992768,134234,20016,1251,10.796504,0.005988567769236397,0.0026085047189553733,-6.0970909804105755,-65.41588,0.033642379101365805,0.0031029186138766818,-6.082695055007934,,,0.95,0.9,both,4.225187550028371,5.412115043437806,0.32829308454213474,0.0,-55.70852,2695.070017786887,10.796504
251,1784897447.439419,,8.0,,8.0,,6.0,,6.0,,10.0,,10.0,,1.0,,1.0,,4.0,,4.0,,2.0,,2.0,,5.0,,5.0,,8.0,,8.0,,7.608780219219625,,5.607808019965887,,9.442399074090645,,0.9048370937816799,,3.820463767275214,,1.8580651553347707,,4.808918022783473,,7.3125,-3.725290298461914e-09,-0.0014934196951799095,0.0077352912339847535,2.1340762823820114,0.1756817251443863,0.8645918369293213,0.15987777709960938,0.06295983493328094,0.16803786158561707,0.6218551993370056,0.03028853051364422,8192,0.5104344487190247,5.17047119140625,0.1028725653886795,41156608,134688,20096,1256,2.8141353,0.006551624019630253,0.005059653163334588,-6.056312051415444,-46.921894,0.026110720832366496,0.002432419312390266,-6.100983664393425,,,0.95,0.9,both,4.152870849800626,4.654402943202552,0.36918328725350247,0.0,-48.755318,2701.3403091449472,2.8141353
252,1784897508.8542738,,8.0,,8.0,,6.0,,6.0,,10.0,,10.0,,1.0,,1.0,,4.0,,4.0,,2.0,,2.0,,5.0,,5.0,,8.0,,8.0,,7.223884511171491,,5.176713073626161,,9.032508052885532,,0.5201221033930779,,3.5020660664886236,,1.5338645949959755,,4.576336566358805,,7.0625,2.7939677238464355e-09,-0.00025901332264766097,0.0016154279892361956,2.1286244988441467,0.11876943707466125,0.9238706827163696,0.15646347403526306,-0.046813659369945526,0.08087358623743057,0.8032576441764832,0.0377708375453949,8192,0.20164716243743896,4.8284993171691895,0.12071526050567627,41320448,135142,20176,1261,0.5792309,0.005358831341436598,0.001723320543533191,-6.063167640566826,-61.083656,0.0475069867214188,0.0028331246561720037,-6.073604130744934,,,0.95,0.9,both,4.231715569579141,5.034680981379036,0.6538102825085581,0.0,-55.606316,2667.7584131464187,0.5792309
253,1784897569.8550158,,8.0,,8.0,,6.0,,6.0,,10.0,,10.0,,1.0,,1.0,,4.0,,4.0,,2.0,,2.0,,5.0,,5.0,,8.0,,8.0,,7.960264714900404,,5.6645829835906625,,9.408955262042582,,0.9619447446893901,,3.7693321090191603,,1.8273839335888624,,4.761574576376006,,7.75,4.656612873077393e-10,-0.002721385913901031,0.024325110600329936,2.144194483757019,0.11097384989261627,0.9654669165611267,0.1028045266866684,-0.014532804489135742,0.31614574790000916,0.7538157105445862,0.04366849362850189,8192,0.5625825524330139,5.263004779815674,0.142874076962471,41484288,135639,20256,1266,0.5326787,0.008727875507611315,0.002872913176543079,-6.068038609623909,-54.22973,0.04134807597147301,0.002738627852522768,-6.060025462508202,,,0.95,0.9,both,4.926383067755412,5.390664459888576,0.24929079295959844,0.0,-37.884842,2685.86899454396,0.5326787
254,1784897632.5718272,,8.0,,8.0,,6.0,,6.0,,10.0,,10.0,,1.0,,1.0,,4.0,,4.0,,2.0,,2.0,,5.0,,5.0,,8.0,,8.0,,8.802864164113998,,6.6050748960115016,,10.0,,1.439367257989943,,4.389552690088749,,2.2816114663146436,,5.0,,8.75,2.0489096641540527e-08,-0.0021514745021704584,0.005622784374281764,2.1431284472346306,0.08518658578395844,1.0041675567626953,0.07170236110687256,0.22093723714351654,0.14882613718509674,0.6809380054473877,0.04780465364456177,8192,0.28794071078300476,5.9085588455200195,0.1309901475906372,41648128,136153,20336,1271,0.039623834,0.005600231108110166,0.002746712957014097,-6.08975912630558,-72.44304,0.04729000247316435,0.0022785970140830614,-6.077413418889046,,,0.95,0.9,both,4.341391053335569,5.185485143234545,0.4462097721769264,0.0,-25.089977,2612.377838085679,0.039623834
255,1784897696.9413376,,8.0,,8.0,,6.0,,6.0,,10.0,,10.0,,1.0,,1.0,,4.0,,4.0,,2.0,,2.0,,5.0,,5.0,,8.0,,8.0,,7.559454703703523,,5.411174826789647,,9.418620850890875,,0.7279584780335426,,3.7825493616983294,,1.6833751584636047,,4.746578436344862,,7.5,3.725290298461914e-09,-0.0024401135742664337,0.01050295919412747,2.1415165588259697,0.1496049016714096,0.830681562423706,0.13252422213554382,-0.030422739684581757,0.15429484844207764,0.6531140804290771,0.04118196293711662,8192,0.45116332173347473,5.1037139892578125,0.11157459765672684,41811968,136611,20416,1276,0.28341237,0.007326115452451631,0.002763141613104381,-6.128637799620629,-56.397083,0.02953410065965727,0.002178162791824434,-6.102854582667351,,,0.95,0.9,both,4.397887667085705,4.68096707597306,0.3997249720881114,0.0,-12.281388,2545.3047466377966,0.28341237
256,1784897758.927811,,8.0,,8.0,,6.0,,6.0,,10.0,,10.0,,1.0,,1.0,,4.0,,4.0,,2.0,,2.0,,5.0,,5.0,,8.0,,8.0,,8.811248160898685,,6.733273463207297,,10.0,,1.4726270930841565,,4.466527860611677,,2.4870218355208635,,5.0,,8.875,3.725290298461914e-09,-0.0017071663751266897,0.01094453877885826,2.144709497690201,0.05088966712355614,0.8447012901306152,0.045248135924339294,0.00557247269898653,0.2134532630443573,0.7053159475326538,0.05154179781675339,8192,0.2097128927707672,5.980711936950684,0.08505304902791977,41975808,137144,20496,1281,-6.475615,0.0060937246307730675,0.0014512394249322825,-6.131743773818016,-64.9713,0.027383383421692997,0.002081453296705149,-6.132066118717193,,,0.95,0.9,both,4.300802784097259,5.201342276092623,0.6947381905586257,0.0,-66.201515,2643.1572491057864,-6.475615
257,1784897821.4154294,,8.0,,8.0,,6.0,,6.0,,10.0,,10.0,,1.0,,1.0,,4.0,,4.0,,2.0,,2.0,,5.0,,5.0,,8.0,,8.0,,7.316066179424524,,5.400027992203832,,9.008737087249756,,0.5739295125531498,,3.6101593244820833,,1.7630542609840631,,4.5494598839432,,7.375,-9.313225746154785e-09,0.00016487290849909186,0.00566779867222067,2.1522885859012604,0.049941323697566986,0.9062326550483704,0.040995027869939804,-0.09858377277851105,0.12199722975492477,0.7188243269920349,0.04997634515166283,8192,0.3637833595275879,4.949554443359375,0.10723739117383957,42139648,137678,20576,1286,10.083034,0.005909276583406608,0.0045658653078135105,-6.162805032730103,-55.58564,0.03454488475108519,0.0023785213285009376,-6.131027549505234,,,0.95,0.9,both,4.666156721931557,5.220348910639028,0.4560336419427017,0.0,-36.490425,2621.958969204913,10.083034
258,1784897882.4575796,,8.0,,8.0,,6.0,,6.0,,10.0,,10.0,,1.0,,1.0,,4.0,,4.0,,2.0,,2.0,,5.0,,5.0,,8.0,,8.0,,7.362229374237359,,5.099441908299923,,9.171339963562787,,0.7412836784496903,,3.615251067094505,,1.5473169051110744,,4.556152585428208,,7.4375,4.6566128730773926e-09,-0.00582085142377764,0.005940418130194303,2.166660137474537,0.08722493052482605,0.9163009524345398,0.07227382063865662,0.11738570034503937,0.15687957406044006,0.6853584051132202,0.05284826457500458,8192,0.3634769022464752,4.941314220428467,0.1251014918088913,42303488,138289,20656,1291,10.259625,0.0057543237831851005,0.0032592583746009042,-6.191789522767067,-74.84348,0.04584784477483481,0.0027658300103212243,-6.1571316659450535,,,0.95,0.9,both,4.351743325282063,5.464178081616206,0.49298724549327555,0.0,-45.145332,2684.0469721259224,10.259625
259,1784897943.6350732,,8.0,,8.0,,6.0,,6.0,,10.0,,10.0,,1.0,,1.0,,4.0,,4.0,,2.0,,2.0,,5.0,,5.0,,8.0,,8.0,,7.747219567652792,,5.818508195690811,,9.629528367426246,,1.0499784532003105,,3.779234724745038,,1.980502306483686,,4.704710982739925,,7.6875,5.587935447692871e-09,-0.004051848081871867,0.004826490090636071,2.172603562474251,0.05134017392992973,0.85576331615448,0.04274103417992592,-0.10583817958831787,0.13623620569705963,0.6639417409896851,0.038589783012866974,8192,0.5441262125968933,5.299648284912109,0.12383947521448135,42467328,138875,20736,1296,10.020941,0.005441664961108472,0.003623364050872624,-6.191500797867775,-58.766766,0.02490865145227872,0.0010049186428659595,-6.164129009842872,,,0.95,0.9,both,4.2454137202897515,4.912602121395492,0.27287850208155673,0.0,-64.443405,2678.10910778073,10.020941
260,1784898004.3276997,,8.0,,8.0,,6.0,,6.0,,10.0,,10.0,,1.0,,1.0,,4.0,,4.0,,2.0,,2.0,,5.0,,5.0,,8.0,,8.0,,7.073528657434508,,5.213811284163967,,9.25336845451966,,0.6074205227778293,,3.533837627619505,,1.5853183697909117,,4.582352871075273,,7.125,-2.3283064365386963e-09,0.00030986362253315747,0.0018779358215397224,2.172639474272728,0.08971688896417618,0.9654757380485535,0.09502366930246353,-0.08660543709993362,0.07249198853969574,0.715569257736206,0.04253342002630234,8192,0.2640678584575653,4.871829986572266,0.14812345802783966,42631168,139403,20816,1301,10.706696,0.005701945567852818,0.0018699923268286512,-6.175580993294716,-77.03044,0.050566070177592334,0.0029772345078526996,-6.168615987896919,,,0.95,0.9,both,4.059911285460344,5.38674846870956,0.5241990857156231,0.0,-64.104576,2699.5041348836203,10.706696
261,1784898065.9067898,,8.0,,8.0,,6.0,,6.0,,10.0,,10.0,,1.0,,1.0,,4.0,,4.0,,2.0,,2.0,,5.0,,5.0,,8.0,,8.0,,8.587617207318544,,6.459566064178944,,9.927533976733685,,1.3754938626661897,,4.272798148915172,,2.0986474249511957,,4.9396012825891376,,8.125,3.725290298461914e-09,-0.004089110530912876,0.007590564084239304,2.1787758246064186,0.10793668776750565,0.8909140229225159,0.08641703426837921,-0.005840401165187359,0.17010535299777985,0.7335130572319031,0.04424010217189789,8192,0.47377362847328186,5.7232818603515625,0.10872440040111542,42795008,139942,20896,1306,11.15587,0.006960947873449186,0.002705181775672827,-6.2072767406702045,-69.27519,0.06687140457797795,0.0036251813879061958,-6.175958353281021,,,0.95,0.9,both,4.649826362298879,5.35921759863948,0.37425221381853335,0.0,-47.521618,2660.643664148066,11.15587
262,1784898126.7785456,,8.0,,8.0,,6.0,,6.0,,10.0,,10.0,,1.0,,1.0,,4.0,,4.0,,2.0,,2.0,,5.0,,5.0,,8.0,,8.0,,8.904842572286725,,6.772480380954221,,9.97862052731216,,1.4682702934369445,,4.43161700386554,,2.474881235510111,,5.0,,8.9375,0.0,0.0004145693383179605,0.010963621927658096,2.174410432577133,0.09032727777957916,0.9204226136207581,0.08518036454916,0.145950049161911,0.21379941701889038,0.685724139213562,0.037436652928590775,8192,0.1595236361026764,5.996026515960693,0.0889471024274826,42958848,140502,20976,1311,-7.0102744,0.009435679635498673,0.0030274573371571025,-6.232104647159576,-48.74233,0.03479014707263559,0.002956981803436065,-6.1925149202346805,,,0.95,0.9,both,4.7128032825591095,5.0986720831328505,0.4537866063106984,0.0,-62.961266,2691.5600872315476,-7.0102744
263,1784898186.6527746,,8.0,,8.0,,6.0,,6.0,,10.0,,10.0,,1.0,,1.0,,4.0,,4.0,,2.0,,2.0,,5.0,,5.0,,8.0,,8.0,,7.016875013709068,,5.0144132897257805,,9.027071323245764,,0.5026660487055779,,3.512449001893401,,1.5681314431130886,,4.53916828148067,,7.0,-1.862645149230957e-09,0.0006689493893645704,0.00022654237068309158,2.171221151947975,0.08707311004400253,0.9163748025894165,0.07075957953929901,0.041839599609375,0.027386082336306572,0.7300508618354797,0.052987322211265564,8192,0.07256980985403061,4.77259635925293,0.13842499256134033,43122688,141092,21056,1316,11.044118,0.005552512386930175,0.005161187911653542,-6.225509390234947,-79.657715,0.05574177023954689,0.0041366110948729325,-6.2101200133562084,,,0.95,0.9,both,4.445380049947184,5.809979908948994,0.6839580302978558,0.0,-77.47925,2736.4031851371487,11.044118
264,1784898245.6218674,,8.0,,8.0,,6.0,,6.0,,10.0,,10.0,,1.0,,1.0,,4.0,,4.0,,2.0,,2.0,,5.0,,5.0,,8.0,,8.0,,8.166797747835517,,6.1756297275424,,9.718597151339054,,0.9626421178691089,,4.14986765361391,,1.9012726238870528,,4.8389159818179905,,7.5,-1.862645149230957e-09,5.669367965310812e-05,0.01743868089397438,2.170517899096012,0.08984638750553131,0.9790064096450806,0.0752905085682869,0.06834433972835541,0.2605498135089874,0.7721084356307983,0.04857829958200455,8192,0.49733608961105347,5.42671537399292,0.1108756735920906,43286528,141662,21136,1321,-6.183365,0.0063168099382892254,0.0020370796526549386,-6.237718400359154,-66.95285,0.06087111919187009,0.0021570170792983845,-6.265959858894348,,,0.95,0.9,both,4.379477768572037,4.963456854399939,0.22692716996954618,0.0,-67.388435,2778.404032026967,-6.183365
265,1784898305.7228792,,8.0,,8.0,,6.0,,6.0,,10.0,,10.0,,1.0,,1.0,,4.0,,4.0,,2.0,,2.0,,5.0,,5.0,,8.0,,8.0,,7.444195620715618,,5.3366986364126205,,9.382878266274929,,0.6854650669265538,,3.759995108761359,,1.8054850632179296,,4.64363792957738,,7.5,9.313225746154785e-10,-0.006636624108068645,0.002784074913506629,2.1802183762192726,0.06522208452224731,0.899243950843811,0.06006622686982155,0.11240842938423157,0.10756547749042511,0.737208366394043,0.04042435437440872,8192,0.47460389137268066,5.069794654846191,0.12025345861911774,43450368,142257,21216,1326,10.503138,0.005864162229408975,0.002781805966515094,-6.251266050338745,-70.10905,0.04451828366145492,0.0034572413285786753,-6.268522089719772,,,0.95,0.9,both,4.294538226811237,5.504288579616663,0.2685944815188659,0.0,-43.426422,2726.077281078555,10.503138
266,1784898366.5224307,,8.0,,8.0,,6.0,,6.0,,10.0,,10.0,,1.0,,1.0,,4.0,,4.0,,2.0,,2.0,,5.0,,5.0,,8.0,,8.0,,8.7626894088462,,6.793091689236462,,9.924262235872447,,1.2900747247040272,,4.256232337094843,,2.400160163640976,,4.982510323636234,,8.6875,0.0,-0.00294935010606423,0.00263664041631273,2.191267639398575,0.07080649584531784,0.9858887791633606,0.062362559139728546,-0.1525586098432541,0.10456278920173645,0.7703215479850769,0.03339704871177673,8192,0.3532107472419739,5.8870649337768555,0.12509532272815704,43614208,142788,21296,1331,10.785887,0.005773505111574195,0.004453113090858096,-6.279876533150673,-37.713417,0.04408132475800812,0.002703489785926649,-6.274060922861099,,,0.95,0.9,both,4.346526249053679,5.198358237675559,0.4108005516071408,0.0,-58.301056,2694.75665747562,10.785887
267,1784898427.6555305,,8.0,,8.0,,6.0,,6.0,,10.0,,10.0,,1.0,,1.0,,4.0,,4.0,,2.0,,2.0,,5.0,,5.0,,8.0,,8.0,,7.197816159576178,,5.2301567369140685,,9.169036138802767,,0.843731158412993,,3.7688307710923254,,1.6325431127334014,,4.618720363359898,,7.375,-6.51925802230835e-09,-0.004452292982023209,0.002760024421149865,2.186391979455948,0.10887420922517776,0.8971929550170898,0.09891213476657867,-0.07158277183771133,0.10580563545227051,0.6769325733184814,0.03417138010263443,8192,0.39997541904449463,4.9794793128967285,0.05565613508224487,43778048,143323,21376,1336,11.568066,0.009016240217897575,0.003826815029606223,-6.302853435277939,-71.395424,0.036773945449385795,0.002691510865406599,-6.289813151955604,,,0.95,0.9,both,5.259726301359349,5.134487219439379,0.4393467803981179,0.0,-41.236492,2680.0539157373396,11.568066
268,1784898488.312913,,8.0,,8.0,,6.0,,6.0,,10.0,,10.0,,1.0,,1.0,,4.0,,4.0,,2.0,,2.0,,5.0,,5.0,,8.0,,8.0,,7.087880318984389,,5.182026047259569,,9.152197301387787,,0.5884292870759964,,3.5859602307900786,,1.5682523008435965,,4.56331683578901,,7.0625,-3.259629011154175e-09,5.5422307923436165e-05,0.002167492035368923,2.1923614144325256,0.14094138145446777,0.9882345199584961,0.1198977679014206,-0.022871922701597214,0.09304900467395782,0.7227226495742798,0.02393268793821335,8192,0.2792800962924957,4.848820209503174,0.07936082780361176,43941888,143819,21456,1341,2.849028,0.007487408095039427,0.003039665113465162,-6.322049853205681,-51.983166,0.016000380972400308,0.0036914015567163006,-6.304340827465057,,,0.95,0.9,both,5.2693612948685455,5.188946864902157,0.7547956938228555,0.0,-59.44508,2701.0731959337527,2.849028
269,1784898549.8814716,,8.0,,8.0,,6.0,,6.0,,10.0,,10.0,,1.0,,1.0,,4.0,,4.0,,2.0,,2.0,,5.0,,5.0,,8.0,,8.0,,7.259897330775857,,5.398992657661438,,9.272708511911333,,0.6307635372504592,,3.727302612736821,,1.5730944648385048,,4.687310326844454,,7.5,-3.725290298461914e-09,-0.0012991779949516058,0.0044997645454714075,2.2019420191645622,0.10283242911100388,0.9537524580955505,0.0873945876955986,-0.010163851082324982,0.13365024328231812,0.6938197612762451,0.03191274404525757,8192,0.41155341267585754,5.006258487701416,0.08779145032167435,44105728,144355,21536,1346,9.810994,0.007352548092603684,0.002875579895044211,-6.311284130811691,-72.78795,0.02965603310149163,0.003448841696081217,-6.327180808782577,,,0.95,0.9,both,5.263885094150818,5.422731813395299,0.4160229338596164,0.0,-47.650826,2661.0985946219994,9.810994
270,1784898610.6999521,,8.0,,8.0,,6.0,,6.0,,10.0,,10.0,,1.0,,1.0,,4.0,,4.0,,2.0,,2.0,,5.0,,5.0,,8.0,,8.0,,8.770368753001094,,6.727959927171469,,9.837714556604624,,1.4247089149430394,,4.290120671968907,,2.301170045568142,,4.973133886232972,,8.8125,1.862645149230957e-09,-0.0008969128539320081,0.0039551665577164385,2.1934766471385956,0.102387934923172,0.8767702579498291,0.09462812542915344,0.10075244307518005,0.1268368512392044,0.7151407599449158,0.03727250546216965,8192,0.37034446001052856,5.892209053039551,0.1154613196849823,44269568,144896,21616,1351,8.000971,0.005216271493554814,0.003619363470352255,-6.297370862960816,-58.92748,0.03773200310533866,0.004233641031896695,-6.283896443247795,,,0.95,0.9,both,4.342613041544692,5.488420743285627,0.4100699691661819,0.0,-59.139355,2693.9178783098614,8.000971
271,1784898671.2438104,,8.0,,8.0,,6.0,,6.0,,10.0,,10.0,,1.0,,1.0,,4.0,,4.0,,2.0,,2.0,,5.0,,5.0,,8.0,,8.0,,8.928662493824959,,6.820474662119523,,10.0,,1.300334113650024,,4.373558207415044,,2.42932353541255,,4.94711384922266,,8.875,-2.7939677238464355e-09,0.0006533563719131052,0.0057112678259727545,2.1910825967788696,0.06756415963172913,0.9102355241775513,0.064908966422081,0.11380187422037125,0.15317896008491516,0.6345734000205994,0.02983751706779003,8192,0.22657284140586853,5.959308624267578,0.10056737065315247,44433408,145417,21696,1356,10.549889,0.006146258251101244,0.0024280794968944974,-6.291367673873902,-53.473145,0.020562633191002534,0.0028444853945984506,-6.301835677027702,,,0.95,0.9,both,4.130561157200168,5.690801720188974,0.4387678185375301,0.0,-48.223568,2706.137523849213,10.549889
272,1784898732.8566732,,8.0,,8.0,,6.0,,6.0,,10.0,,10.0,,1.0,,1.0,,4.0,,4.0,,2.0,,2.0,,5.0,,5.0,,8.0,,8.0,,7.442624649964273,,5.386208708398044,,9.479285686276853,,0.9155518664047122,,3.8098389068618417,,1.777284337207675,,4.5930407252162695,,7.625,1.3969838619232178e-09,-0.0023411884903907776,0.004259107408870477,2.190757192671299,0.061352070420980453,0.9127978086471558,0.05177396535873413,0.08937568217515945,0.1317785680294037,0.6292526721954346,0.03678825870156288,8192,0.47820255160331726,5.128603935241699,0.1283629834651947,44597248,146000,21776,1361,-5.565104,0.007717670226702467,0.004087337378587108,-6.320529600977897,-67.2535,0.03529828373575583,0.0017587990456377155,-6.288990330696106,,,0.95,0.9,both,5.05495547476376,5.288242590715821,0.40959850660185804,0.0,-32.152256,2659.1844247089734,-5.565104
273,1784898793.726781,,8.0,,8.0,,6.0,,6.0,,10.0,,10.0,,1.0,,1.0,,4.0,,4.0,,2.0,,2.0,,5.0,,5.0,,8.0,,8.0,,8.964162539690733,,6.887586313998327,,10.0,,1.4347558245062828,,4.484744030982256,,2.485562674701214,,5.0,,9.0,-9.313225746154785e-10,0.00034087453968822956,0.0005404215348789876,2.187653347849846,0.053069256246089935,0.9590734839439392,0.04698043689131737,0.028171328827738762,0.0433441661298275,0.7060956954956055,0.04432482272386551,8192,0.0858905017375946,6.032101631164551,0.12449846416711807,44761088,146594,21856,1366,9.26886,0.005420643369143363,0.0035012582775379997,-6.335942494869232,-71.42382,0.05546241367701441,0.002805609603819903,-6.300147381424904,,,0.95,0.9,both,4.2325043648695955,5.286210644447918,0.4656429086772372,0.0,-53.359425,2691.6331895112185,9.26886
274,1784898853.3666844,,8.0,,8.0,,6.0,,6.0,,10.0,,10.0,,1.0,,1.0,,4.0,,4.0,,2.0,,2.0,,5.0,,5.0,,8.0,,8.0,,8.939427709206939,,6.951850429177284,,9.95918856933713,,1.4513160940259695,,4.487833574414253,,2.4266307475045323,,5.0,,8.9375,1.1175870895385742e-08,-0.0003176274476572871,0.0015519932285315008,2.20346150547266,0.10744823515415192,0.9811964631080627,0.09280352294445038,-0.1086924821138382,0.02835073694586754,0.6985962390899658,0.03487898409366608,8192,0.146220862865448,6.019218921661377,0.148310124874115,44924928,147141,21936,1371,12.082918,0.005643156800942961,0.003022707186755724,-6.33732903599739,-73.78212,0.044577665661927314,0.0029845469776773824,-6.332182991504669,,,0.95,0.9,both,4.411620639355251,5.019828154787641,0.7899202827753011,0.0,-78.81473,2747.1540591767284,12.082918
275,1784898913.4885466,,8.0,,8.0,,6.0,,6.0,,10.0,,10.0,,1.0,,1.0,,4.0,,4.0,,2.0,,2.0,,5.0,,5.0,,8.0,,8.0,,8.998638983815908,,6.864300047978759,,10.0,,1.3673776555806398,,4.483959618955851,,2.428181231021881,,5.0,,8.75,5.587935447692871e-09,-0.000264804984908551,0.0006045274876669282,2.20331346988678,0.08142859488725662,0.9016926288604736,0.07010198384523392,-0.11660861223936081,0.028633320704102516,0.7327883839607239,0.04997705668210983,8192,0.19619566202163696,5.9865570068359375,0.10795923322439194,45088768,147754,22016,1376,9.672247,0.005231734384869924,0.003873794876562897,-6.3621601074934,-63.86103,0.04513672416796908,0.0030563397565856578,-6.328728899359703,,,0.95,0.9,both,4.548000729973019,5.346920618766497,0.7432664124304187,0.0,-73.24785,2725.1317344894182,9.672247
276,1784898974.8829768,,8.0,,8.0,,6.0,,6.0,,10.0,,10.0,,1.0,,1.0,,4.0,,4.0,,2.0,,2.0,,5.0,,5.0,,8.0,,8.0,,7.857519133016467,,5.8323747524409555,,9.570321632549167,,0.9458217264837003,,4.06882882793434,,1.9243248810525984,,4.782066362444311,,7.6875,7.450580596923828e-09,-0.001933413092046976,0.01034907744906377,2.210022658109665,0.08864804357290268,0.8500227332115173,0.08152899146080017,0.1409474015235901,0.20398864150047302,0.6616477370262146,0.039194297045469284,8192,0.5294924974441528,5.33359432220459,0.13146141171455383,45252608,148308,22096,1381,12.57715,0.005472156414180062,0.004059863262227736,-6.353465515375137,-53.232777,0.0258540652343072,0.002646712701243814,-6.333329510688782,,,0.95,0.9,both,4.446293847053345,5.715124580183706,0.23133985973124133,0.0,-40.31795,2668.646011186393,12.57715
277,1784899035.4913423,,8.0,,8.0,,6.0,,6.0,,10.0,,10.0,,1.0,,1.0,,4.0,,4.0,,2.0,,2.0,,5.0,,5.0,,8.0,,8.0,,8.237720914650708,,6.0473309626977425,,9.367795258760452,,1.0125786741264164,,3.811315717641264,,2.0653131576254964,,4.847420142265037,,7.5625,4.6566128730773926e-09,-0.0012750488531310111,0.012106512658647262,2.2140044271945953,0.06798392534255981,0.8745434880256653,0.04910920560359955,-0.08330325782299042,0.21698586642742157,0.6837642788887024,0.03394763916730881,8192,0.5354136228561401,5.368996620178223,0.1136426329612732,45416448,148838,22176,1386,12.63494,0.00659709678584477,0.0022511119168484583,-6.381446042656899,-65.799324,0.03802934776758775,0.0029296311164216603,-6.360660913586616,,,0.95,0.9,both,4.004441409870692,5.3881677891168085,0.22918235378275648,0.0,-47.04722,2703.2573118328,12.63494
278,1784899095.6937075,,8.0,,8.0,,6.0,,6.0,,10.0,,10.0,,1.0,,1.0,,4.0,,4.0,,2.0,,2.0,,5.0,,5.0,,8.0,,8.0,,7.166811882518232,,5.748398147523403,,9.433423870243132,,0.6702684694901109,,3.8855744407046586,,1.8005083603784442,,4.7137284046038985,,7.5,-3.259629011154175e-09,-0.000435075256973505,0.007375023400527425,2.21172334253788,0.05414814502000809,0.9343611598014832,0.04861200228333473,-0.036726098507642746,0.15983040630817413,0.6875966787338257,0.046111203730106354,8192,0.4360301196575165,5.11483907699585,0.14900019764900208,45580288,149427,22256,1391,11.765632,0.00591122788755456,0.004966312457690946,-6.395717805624008,-62.277813,0.03857817836105824,0.003252216088003479,-6.3686940461397175,,,0.95,0.9,both,4.640919152466601,5.888188819419557,0.28277103550146476,0.0,-76.93361,2721.4878568091417,11.765632
279,1784899156.5814195,,8.0,,8.0,,6.0,,6.0,,10.0,,10.0,,1.0,,1.0,,4.0,,4.0,,2.0,,2.0,,5.0,,5.0,,8.0,,8.0,,7.205137810669839,,5.166554534109309,,9.132344499230385,,0.5582223739475012,,3.550256068818271,,1.6300216503441334,,4.543364178549382,,7.25,3.259629011154175e-09,-0.0013204532151576132,0.0008004822866496397,2.1986574083566666,0.18189409375190735,0.8658334612846375,0.18543806672096252,0.12063491344451904,0.05156920477747917,0.5938411355018616,0.03606171905994415,8192,0.31178566813468933,4.87948751449585,0.12161208689212799,45744128,149952,22336,1396,3.3816388,0.006378067035984714,0.004112733036163263,-6.403552362322808,-53.944267,0.02016650399309583,0.0030534649718902073,-6.368445950746536,,,0.95,0.9,both,4.393060810651727,5.561868785925775,0.38820436839398287,0.0,-48.08378,2690.8548949852798,3.3816388
280,1784899217.2169936,,8.0,,8.0,,6.0,,6.0,,10.0,,10.0,,1.0,,1.0,,4.0,,4.0,,2.0,,2.0,,5.0,,5.0,,8.0,,8.0,,7.0911397989839315,,5.265480317175388,,9.084595065563917,,0.6299078511074185,,3.5552434106357396,,1.6818921039812267,,4.567348092794418,,7.0625,6.05359673500061e-09,-0.0018683382659219205,0.008102340980258305,2.2054216489195824,0.09018690884113312,0.9142783284187317,0.07184422016143799,-0.1326054334640503,0.18342435359954834,0.6669142246246338,0.033029064536094666,8192,0.278854101896286,4.8672637939453125,0.1697491556406021,45907968,150526,22416,1401,11.817679,0.005957513471366837,0.0031940694814693417,-6.403867337107658,-56.87678,0.032020236935932186,0.002546808939951006,-6.395709073543548,,,0.95,0.9,both,4.204270253997873,5.546525461542425,0.5611184878675928,0.0,-43.49117,2702.0447270330337,11.817679
281,1784899279.4768276,,8.0,,8.0,,6.0,,6.0,,10.0,,10.0,,1.0,,1.0,,4.0,,4.0,,2.0,,2.0,,5.0,,5.0,,8.0,,8.0,,8.939136327244341,,6.885557030444033,,9.940059676766396,,1.3875773237086833,,4.366411665454507,,2.4456847244873643,,4.993416304234415,,9.0,0.0,-0.0015417268732562661,0.00027170244084118167,2.218026265501976,0.05580676719546318,0.8843173384666443,0.04716580733656883,0.04710964113473892,0.03350738808512688,0.6976791620254517,0.045710958540439606,8192,0.18966332077980042,5.994730472564697,0.129349023103714,46071808,151138,22496,1406,-4.772233,0.0069496018506470135,0.0032494730046892075,-6.440290322899818,-74.924126,0.041409417521208525,0.0015631596048478968,-6.397359400987625,,,0.95,0.9,both,4.497507765468484,4.975069415128606,0.5730016247640005,0.0,-30.142817,2631.551846389976,-4.772233
282,1784899349.1739595,,8.0,,8.0,,6.0,,6.0,,10.0,,10.0,,1.0,,1.0,,4.0,,4.0,,2.0,,2.0,,5.0,,5.0,,8.0,,8.0,,7.19417080655694,,5.345434410497546,,9.357257168740034,,0.5419417377561331,,3.6444842722266912,,1.7351271951192757,,4.681230326648802,,7.3125,1.862645149230957e-09,-0.0011470178724266589,0.004146258661421598,2.22267035394907,0.08493306487798691,0.8833608627319336,0.07508229464292526,0.04486358165740967,0.1313530057668686,0.7696546316146851,0.03504674509167671,8192,0.4032934308052063,4.976518154144287,0.13553398847579956,46235648,151740,22576,1411,10.555687,0.006069022540759761,0.0025499595067230985,-6.425495761632919,-50.225533,0.045196073909755795,0.0036263990914449096,-6.415891072154045,,,0.95,0.9,both,4.446309205278996,5.416283583721555,0.40222114200437253,0.0,-50.257217,2350.7421038541534,10.555687
283,1784899417.89486,,8.0,,8.0,,6.0,,6.0,,10.0,,10.0,,1.0,,1.0,,4.0,,4.0,,2.0,,2.0,,5.0,,5.0,,8.0,,8.0,,7.176375616341829,,5.374654392711818,,9.211468908935785,,0.7521683500963263,,3.7231719102710485,,1.5767736360430717,,4.618890780955553,,7.6875,-2.7939677238464355e-09,0.00011740124318748713,0.00721357961447211,2.2198475003242493,0.06747552752494812,0.9909992218017578,0.08556488156318665,0.0375964492559433,0.15326516330242157,0.8291915655136108,0.029964173212647438,8192,0.46082788705825806,5.015125274658203,0.12783724069595337,46399488,152224,22656,1416,1.9235656,0.0055098298820666965,0.0030190681500243954,-6.430670127272606,-67.40792,0.05330285900272429,0.004359136212588055,-6.44677582681179,,,0.95,0.9,both,4.530279046775155,6.495234994353659,0.4777204610025523,0.0,-42.78861,2384.1363474954123,1.9235656
284,1784899535.0562685,,8.0,,8.0,,6.0,,6.0,,10.0,,10.0,,1.0,,1.0,,4.0,,4.0,,2.0,,2.0,,5.0,,5.0,,8.0,,8.0,,8.83887243270874,,6.824047587811947,,9.95222844183445,,1.2500047601060942,,4.452688219957054,,2.4144039545208216,,5.0,,8.625,-2.3283064365386963e-09,-0.0019869869283866137,0.0030312234157463536,2.220440313220024,0.19802001118659973,0.8276301026344299,0.19680297374725342,0.01867801696062088,0.09900819510221481,0.7691786289215088,0.04014866426587105,8192,0.30502790212631226,5.9196553230285645,0.11254578828811646,46563328,152771,22736,1421,11.34562,0.005604746086464729,0.004136513121920871,-6.435609516501427,-68.36614,0.049265655828639864,0.0031395600206451492,-6.463013240695,,,0.95,0.9,both,4.576197129941496,5.412505264624632,0.4722446679036919,0.0,-49.48806,1398.4126968669152,11.34562
285,1784899659.2984395,,8.0,,8.0,,6.0,,6.0,,10.0,,10.0,,1.0,,1.0,,4.0,,4.0,,2.0,,2.0,,5.0,,5.0,,8.0,,8.0,,8.841235417872667,,6.774008605629206,,10.0,,1.460107784718275,,4.419153367169201,,2.446606257930398,,4.981371412053704,,8.9375,7.450580596923828e-09,0.0005178767314646393,0.0020426814426173223,2.2181530073285103,0.10939741879701614,0.9870319366455078,0.08147361129522324,-0.09688961505889893,0.07929517328739166,0.7372211217880249,0.04700266197323799,8192,0.21729345619678497,5.9824981689453125,0.1600450575351715,46727168,153400,22816,1426,4.6408186,0.006185021498095011,0.0040556669599027375,-6.4806188434362415,-59.27171,0.05185004500672221,0.0033231517067179085,-6.491516014933586,,,0.95,0.9,both,4.3901137739215885,5.88796860446317,0.6271671973964486,0.0,-66.54863,1318.7148749397486,4.6408186
286,1784899759.4456902,,8.0,,8.0,,6.0,,6.0,,10.0,,10.0,,1.0,,1.0,,4.0,,4.0,,2.0,,2.0,,5.0,,5.0,,8.0,,8.0,,8.657984755933285,,6.679805578198284,,9.889335790649056,,1.3578119408339262,,4.336118405684829,,2.331564766354859,,4.995880518108606,,8.875,-4.6566128730773926e-09,-0.0001388838718412444,0.004160330321610672,2.2249124497175217,0.05902789533138275,0.9251936674118042,0.054317839443683624,-0.224394753575325,0.0865798220038414,0.7935329675674438,0.03542778640985489,8192,0.36169785261154175,5.890438079833984,0.0855507180094719,46891008,153976,22896,1431,10.795497,0.005139316730492283,0.003909210056735901,-6.4647623091936115,-70.76756,0.044473926222417505,0.0021915144650847653,-6.487716603279114,,,0.95,0.9,both,4.581583780639202,5.3418126774431,0.5006899675222035,0.0,-48.75772,1635.9910131799022,10.795497
287,1784899851.907191,,8.0,,8.0,,6.0,,6.0,,10.0,,10.0,,1.0,,1.0,,4.0,,4.0,,2.0,,2.0,,5.0,,5.0,,8.0,,8.0,,7.160277416929603,,5.023136302828789,,9.242122879251838,,0.532657178118825,,3.601486414670944,,1.6781119597144425,,4.587728805840015,,7.0,-8.381903171539307e-09,0.00030554592376574874,0.0006607068644370884,2.231140047311783,0.04960769787430763,0.9128257632255554,0.040738046169281006,-0.08300448954105377,0.0495963916182518,0.7160775661468506,0.028107570484280586,8192,0.21784046292304993,4.853189945220947,0.08861551433801651,47054848,154497,22976,1436,13.355077,0.005784193841100205,0.002874265737773385,-6.5033895581960675,-69.56106,0.02037617178284563,0.00376375378400553,-6.468818479776383,,,0.95,0.9,both,4.510016365445558,5.74110175642585,0.4416079237364169,0.0,-48.126747,1771.9807235555795,13.355077
288,1784899915.9926255,,8.0,,8.0,,6.0,,6.0,,10.0,,10.0,,1.0,,1.0,,4.0,,4.0,,2.0,,2.0,,5.0,,5.0,,8.0,,8.0,,7.918408707715571,,6.159432925283909,,9.708483282476664,,0.9610360258957371,,4.097764304839075,,2.046363677829504,,4.80086720129475,,8.1875,0.0,-0.005771569791249931,0.008677550897118635,2.231879748404026,0.07824856787919998,0.9125109910964966,0.07369241863489151,-0.03386324271559715,0.18981364369392395,0.6302362084388733,0.028740037232637405,8192,0.5558212399482727,5.484982013702393,0.12442319840192795,47218688,155037,23056,1441,-4.728102,0.007742489191878121,0.00420806058391463,-6.448677399754525,-79.07376,0.025052519561722875,0.0020780324608494992,-6.461177694797516,,,0.95,0.9,both,5.6656337931351235,5.390798346586506,0.23564342502381735,0.0,-17.395227,2556.587202117365,-4.728102
289,1784899978.0584073,,8.0,,8.0,,6.0,,6.0,,10.0,,10.0,,1.0,,1.0,,4.0,,4.0,,2.0,,2.0,,5.0,,5.0,,8.0,,8.0,,8.380087595432997,,6.124627563171089,,9.913042632862926,,0.9938886305317283,,4.054848906584084,,2.217132333200425,,4.810214187949896,,8.4375,-1.6763806343078613e-08,-0.00995295838220045,0.008369693416170776,2.2306111082434654,0.07145575433969498,0.9692593812942505,0.07033839821815491,-0.14080388844013214,0.18610025942325592,0.7358120679855347,0.031052887439727783,8192,0.5181678533554077,5.61641788482666,0.10513702780008316,47382528,155547,23136,1446,-1.9970677,0.004967039413168095,0.0034075076779117807,-6.46949400305748,-78.15793,0.038362373609561476,0.003920176887186244,-6.4514972299337385,,,0.95,0.9,both,4.8971474988865085,5.608708479292832,0.24441328126843465,0.0,-46.435802,2639.780071869612,-1.9970677
290,1784900049.4983344,,8.0,,8.0,,6.0,,6.0,,10.0,,10.0,,1.0,,1.0,,4.0,,4.0,,2.0,,2.0,,5.0,,5.0,,8.0,,8.0,,8.902039349079132,,6.714898195117712,,9.843894854187965,,1.487895606085658,,4.289048639591783,,2.435716101899743,,4.965856570750475,,8.875,-8.381903171539307e-09,9.787664748728275e-05,0.0015204906176222721,2.238416902720928,0.06440772861242294,0.8981896638870239,0.052242591977119446,-0.0877707451581955,0.07110432535409927,0.7032755613327026,0.028759844601154327,8192,0.28606438636779785,5.939293384552002,0.08536390215158463,47546368,156049,23216,1451,11.227889,0.0054819955803395715,0.002625568072835449,-6.457099843025207,-56.02059,0.040782870643306525,0.0031178273660771084,-6.437598612904549,,,0.95,0.9,both,4.351136966144956,5.158165119590559,0.31880788220695877,0.0,-36.703438,2293.3963340287146,11.227889
291,1784900119.5312326,,8.0,,8.0,,6.0,,6.0,,10.0,,10.0,,1.0,,1.0,,4.0,,4.0,,2.0,,2.0,,5.0,,5.0,,8.0,,8.0,,8.532624610466883,,6.382333444431424,,9.661566264927387,,1.1073107122647343,,4.0377578204497695,,2.2127241380512714,,4.844905582838692,,7.8125,5.587935447692871e-09,-0.012956995167769492,0.0069043921830598265,2.2390413358807564,0.05552292242646217,0.7999188303947449,0.04993924871087074,-0.07144834101200104,0.16629911959171295,0.7206401824951172,0.03100995346903801,8192,0.5394024848937988,5.573965549468994,0.09574335813522339,47710208,156554,23296,1456,1.5672745,0.0055120819190051405,0.003875430212065112,-6.433305877447128,-69.62149,0.041960083832964304,0.003058666941069532,-6.454566693305969,,,0.95,0.9,both,4.606221473115246,5.380015758827111,0.28022790685598103,0.0,-53.15211,2339.4710298311115,1.5672745
292,1784900189.8412657,,8.0,,8.0,,6.0,,6.0,,10.0,,10.0,,1.0,,1.0,,4.0,,4.0,,2.0,,2.0,,5.0,,5.0,,8.0,,8.0,,8.720851190388203,,6.44897935539484,,9.876380804926157,,1.3488457931671292,,4.265365077066235,,2.275787105667405,,4.963172179181129,,8.625,-1.862645149230957e-09,-0.0007332912646234035,0.008358300707186572,2.2299293726682663,0.11138823628425598,0.9353825449943542,0.10075357556343079,-0.12431541830301285,0.165858656167984,0.8320084810256958,0.019977964460849762,8192,0.38176724314689636,5.815547943115234,0.08822691440582275,47874048,157015,23376,1461,13.47186,0.006354272180760745,0.0036010155912663323,-6.419803336262703,-42.613506,0.028755706816446035,0.003248440496099647,-6.4406750977039335,,,0.95,0.9,both,4.776601356903546,5.1743644930194135,0.4116673394652256,0.0,-44.392895,2330.250538547651,13.47186
293,1784900261.6081061,,8.0,,8.0,,6.0,,6.0,,10.0,,10.0,,1.0,,1.0,,4.0,,4.0,,2.0,,2.0,,5.0,,5.0,,8.0,,8.0,,8.852383021265268,,6.7617614306509495,,9.941608235239983,,1.4315095096826553,,4.451912333257496,,2.433006358332932,,5.0,,8.875,-9.313225746154785e-10,0.0001766167115420103,0.0010754953536888934,2.245296709239483,0.1659741997718811,0.9147453308105469,0.1511327028274536,-0.03659858554601669,0.06329995393753052,0.6792482733726501,0.02213110774755478,8192,0.297122597694397,5.968397617340088,0.08816573768854141,48037888,157466,23456,1466,-0.0061431886,0.005548245899262838,0.0026696388071286493,-6.438645008206367,-69.96748,0.023136210406664758,0.0026570300287858117,-6.429065737128258,,,0.95,0.9,both,4.408344824051999,5.092819033621088,0.6216418452804137,0.0,-54.02907,2282.9488661489477,-0.0061431886
294,1784900331.7229922,,8.0,,8.0,,6.0,,6.0,,10.0,,10.0,,1.0,,1.0,,4.0,,4.0,,2.0,,2.0,,5.0,,5.0,,8.0,,8.0,,8.535040179267526,,6.4269581225235015,,9.767997208517045,,1.1638543696608394,,4.128184146247804,,2.0637311046011746,,4.925717332400382,,8.3125,-8.381903171539307e-09,-0.000825536175398156,0.006928470291313715,2.2452729865908623,0.060897719115018845,0.8580476641654968,0.06543887406587601,-0.08110088855028152,0.16896067559719086,0.6933898329734802,0.02833741158246994,8192,0.5009475946426392,5.665497779846191,0.1081409677863121,48201728,157938,23536,1471,-1.6449134,0.006479931851208676,0.002999970082601067,-6.418043974041939,-74.00401,0.029815960873384027,0.002693811131757684,-6.4423488706350325,,,0.95,0.9,both,4.571332042379844,5.175356341657764,0.2678753598364996,0.0,-80.59782,2336.7358981501634,-1.6449134
295,1784900404.4845805,,8.0,,8.0,,6.0,,6.0,,10.0,,10.0,,1.0,,1.0,,4.0,,4.0,,2.0,,2.0,,5.0,,5.0,,8.0,,8.0,,7.350474627688527,,5.429766830056906,,9.13027247786522,,0.7857609966304153,,3.6458202432841063,,1.6407675854861736,,4.747405277448706,,7.3125,1.862645149230957e-09,-0.0027074081590399146,0.015040702055557631,2.2673420161008835,0.26403704285621643,0.832793653011322,0.26229870319366455,-0.05525178462266922,0.24580097198486328,0.5861138105392456,0.022158386185765266,8192,0.44400179386138916,5.005346775054932,0.1315763294696808,48365568,158509,23616,1476,4.331523,0.005413371074246243,0.003468839480774477,-6.436378535628319,-70.458755,0.034010844957083466,0.00409497323926189,-6.437078014016151,,,0.95,0.9,both,4.649024348499523,5.570961610865669,0.31132908426909167,0.0,-59.41938,2251.7374677322605,4.331523
296,1784900476.1410537,,8.0,,8.0,,6.0,,6.0,,10.0,,10.0,,1.0,,1.0,,4.0,,4.0,,2.0,,2.0,,5.0,,5.0,,8.0,,8.0,,8.770882688462734,,6.699110234156251,,9.93882654979825,,1.382786888629198,,4.3297039698809385,,2.354004956781864,,4.946158490260132,,8.75,2.7939677238464355e-09,-0.003738025698112324,0.006807545345509425,2.2733486592769623,0.043145161122083664,0.9602829217910767,0.030143382027745247,-0.10272961109876633,0.16632840037345886,0.6801639199256897,0.033871933817863464,8192,0.3690902292728424,5.8964338302612305,0.10395497828722,48529408,159083,23696,1481,3.1797771,0.0053561100219667425,0.0041683095041662455,-6.452726730704308,-54.74462,0.024592467315960674,0.0037079006717249284,-6.480431208014489,,,0.95,0.9,both,4.683431425130221,6.069541393520261,0.44502840292888024,0.0,-71.02005,2286.464890958016,3.1797771
297,1784900546.1277964,,8.0,,8.0,,6.0,,6.0,,10.0,,10.0,,1.0,,1.0,,4.0,,4.0,,2.0,,2.0,,5.0,,5.0,,8.0,,8.0,,8.859582506120205,,6.558098371140659,,9.8907983712852,,1.300613381783478,,4.437611016212031,,2.4144508680328727,,4.958350816741586,,8.875,3.725290298461914e-09,0.000562413944862783,0.012692772143054754,2.2775233909487724,0.07309278100728989,0.9197214841842651,0.06333079934120178,0.012810809537768364,0.2296697497367859,0.6447774767875671,0.03235612064599991,8192,0.3211519122123718,5.911813259124756,0.102424755692482,48693248,159652,23776,1486,12.922651,0.005502795516804326,0.004138937516836449,-6.476415452361107,-64.331215,0.039390329155139625,0.004073082194372546,-6.4855406284332275,,,0.95,0.9,both,4.605989634590664,5.492705515357632,0.413759817731654,0.0,-76.79366,2341.01481229543,12.922651
298,1784900615.2249079,,8.0,,8.0,,6.0,,6.0,,10.0,,10.0,,1.0,,1.0,,4.0,,4.0,,2.0,,2.0,,5.0,,5.0,,8.0,,8.0,,7.3716377494856715,,5.561452157766325,,9.549308536807075,,0.8328146751737222,,3.914391645230353,,1.7618198191630654,,4.675708629889414,,7.25,-1.862645149230957e-09,-0.011393239779863507,0.004475653367990162,2.2858856841921806,0.09166121482849121,0.8691707849502563,0.09016748517751694,-0.03993234038352966,0.13641393184661865,0.7608411312103271,0.030805472284555435,8192,0.450369268655777,5.1146416664123535,0.13264362514019012,48857088,160168,23856,1491,11.388845,0.005936939865205204,0.002426579929306172,-6.528626772761345,-60.240967,0.038624554488342254,0.0036771705919818485,-6.505301311612129,,,0.95,0.9,both,4.323604558580234,5.71027482714793,0.27289974049212573,0.0,-13.0753765,2371.1555368110526,11.388845
299,1784900682.9985213,,8.0,,8.0,,6.0,,6.0,,10.0,,10.0,,1.0,,1.0,,4.0,,4.0,,2.0,,2.0,,5.0,,5.0,,8.0,,8.0,,8.369556177407503,,6.457099647028372,,9.835225268267095,,1.2918452583253384,,4.276710289530456,,2.3751198053578264,,4.968858714448288,,8.4375,-1.862645149230957e-09,-0.0001286424812860787,0.0038582764427701477,2.2905148565769196,0.16933736205101013,0.9388430118560791,0.16541214287281036,0.0680672824382782,0.1165626272559166,0.700745701789856,0.023105839267373085,8192,0.4620226323604584,5.751489639282227,0.06803447008132935,49020928,160644,23936,1496,9.479647,0.004983881395310164,0.004470982261409517,-6.510095646977424,-63.525036,0.035913659166544674,0.0033852119246148503,-6.523026260733604,,,0.95,0.9,both,4.739508355647916,5.279659205922439,0.32560822816918294,0.0,-43.45611,2417.4598466751904,9.479647
300,1784900750.9881651,,8.0,,8.0,,6.0,,6.0,,10.0,,10.0,,1.0,,1.0,,4.0,,4.0,,2.0,,2.0,,5.0,,5.0,,8.0,,8.0,,8.872062273323536,,6.9204709734767675,,9.983280446380377,,1.4275097232311964,,4.439885477535427,,2.3609885280020535,,4.972856320440769,,8.875,7.450580596923828e-09,-7.763801841065288e-05,0.0020731315271405037,2.2962062880396843,0.11853834241628647,0.9283722639083862,0.11458233743906021,-0.08139670640230179,0.08530067652463913,0.6238914728164673,0.031838901340961456,8192,0.2085750699043274,5.98150634765625,0.1124943271279335,49184768,161265,24016,1501,-5.2236395,0.005187720451067435,0.0020560721823130734,-6.538070884346962,-52.30069,0.043828089255839586,0.00378502218372887,-6.542316398024559,,,0.95,0.9,both,4.534949539991567,5.348206879998371,0.36793166847680686,0.0,-56.3814,2409.7787182251654,-5.2236395
301,1784900817.9339352,,8.0,,8.0,,6.0,,6.0,,10.0,,10.0,,1.0,,1.0,,4.0,,4.0,,2.0,,2.0,,5.0,,5.0,,8.0,,8.0,,7.919245313853025,,5.3151411563158035,,9.5071957744658,,0.9170904369093478,,3.8733333893906092,,1.879761818330735,,4.703213124535978,,7.9375,7.450580596923828e-09,-0.01305260753724724,0.003170433970808517,2.299316957592964,0.0712660402059555,0.9524859189987183,0.06615696102380753,-0.18578873574733734,0.11360426247119904,0.6387503743171692,0.022555138915777206,8192,0.5382475852966309,5.256560325622559,0.07766641676425934,49348608,161746,24096,1506,0.07651367,0.005385084611771162,0.0032836731399584094,-6.545318430662155,-67.71149,0.026604203041642904,0.0040995823415869385,-6.560571104288101,,,0.95,0.9,both,4.395130700969476,5.3644338061885835,0.27817578138571025,0.0,-72.01497,2447.35407425731,0.07651367
302,1784900882.755962,,8.0,,8.0,,6.0,,6.0,,10.0,,10.0,,1.0,,1.0,,4.0,,4.0,,2.0,,2.0,,5.0,,5.0,,8.0,,8.0,,7.44253670796752,,5.535852087661624,,9.226086769253016,,0.8364218105562031,,3.614503492775839,,1.8116828853962943,,4.680260157212615,,7.375,-9.313225746154785e-10,-0.0017664831830188632,0.007027382685919292,2.284279026091099,0.10895252972841263,0.943600058555603,0.10112704336643219,0.026707962155342102,0.1700800508260727,0.7085102796554565,0.026086118072271347,8192,0.46209168434143066,5.065292835235596,0.06521822512149811,49512448,162169,24176,1511,9.761614,0.00474177185606095,0.0050016480454360135,-6.525137910246849,-75.30219,0.024828810518374666,0.003297852459945716,-6.536063224077225,,,0.95,0.9,both,4.72880250610031,5.507141057613852,0.2181864748585988,0.0,-79.52004,2527.5358388301306,9.761614
303,1784900948.933835,,8.0,,8.0,,6.0,,6.0,,10.0,,10.0,,1.0,,1.0,,4.0,,4.0,,2.0,,2.0,,5.0,,5.0,,8.0,,8.0,,8.921260556671768,,6.817833878914826,,9.628126023337245,,1.2046262128278613,,4.377652074210346,,2.3939060186967254,,4.943506691604853,,8.75,-5.122274160385132e-09,-4.593329504132271e-05,0.0007573471502837492,2.2864371314644814,0.10614526271820068,0.9389901161193848,0.10589514672756195,0.1387367695569992,0.05480382964015007,0.6751163601875305,0.02468309924006462,8192,0.3355409502983093,5.879613876342773,0.06274402886629105,49676288,162634,24256,1516,4.5791306,0.004805813832354034,0.004617176114697941,-6.49043416082859,-56.482384,0.01622347086085938,0.0029314052932022604,-6.532792103290558,,,0.95,0.9,both,4.730582758740743,5.700443449164319,0.3417805592147071,0.0,-77.06155,2475.752108609285,4.5791306
304,1784901018.4067063,,8.0,,8.0,,6.0,,6.0,,10.0,,10.0,,1.0,,1.0,,4.0,,4.0,,2.0,,2.0,,5.0,,5.0,,8.0,,8.0,,8.749089505523443,,6.675610832404345,,10.0,,1.3699276733677834,,4.227918237447739,,2.3891758620738983,,5.0,,8.8125,-2.3283064365386963e-09,-4.1727558709681034e-05,0.0011043294462069753,2.287393279373646,0.06847212463617325,0.9460264444351196,0.061634548008441925,-0.024986322969198227,0.05828676000237465,0.7699284553527832,0.029179129749536514,8192,0.3425388038158417,5.903027534484863,0.08910878002643585,49840128,163136,24336,1521,-4.4010053,0.004578841438342351,0.005577987442666199,-6.496346735954285,-58.30697,0.03148817351320758,0.0018170954499510117,-6.540479710698127,,,0.95,0.9,both,4.8870820591476445,5.018523428442515,0.5715341440421406,0.0,-41.074406,2358.3306165399194,-4.4010053
305,1784901071.4186049,,8.0,,8.0,,6.0,,6.0,,10.0,,10.0,,1.0,,1.0,,4.0,,4.0,,2.0,,2.0,,5.0,,5.0,,8.0,,8.0,,8.440732262097299,,6.7218951808754355,,9.837106060236692,,1.2954588644206524,,4.171593053615652,,2.440478779375553,,4.902515625581145,,8.4375,-9.313225746154785e-10,-0.0011754916049540043,0.009425817348528653,2.2922936901450157,0.03653762489557266,0.9615905284881592,0.030161436647176743,0.037356600165367126,0.19057750701904297,0.7217111587524414,0.03594621270895004,8192,0.42545270919799805,5.780910015106201,0.08900348842144012,49971200,163529,24400,1525,6.4989595,0.004749870797240874,0.002090258416137658,-6.521052059531212,-69.82668,0.02851390279829502,0.003601098869694397,-6.525886103510857,,,0.95,0.9,both,4.328362488384061,5.402943986519277,0.3191763534083302,0.0,-76.07498,3090.626967451707,6.4989595
