# _tick,_time,plr_track_ground_roughness,track_ground_roughness,plr_track_student_ground_roughness,track_student_ground_roughness,plr_track_pit_gap_low,track_pit_gap_low,plr_track_student_pit_gap_low,track_student_pit_gap_low,plr_track_pit_gap_high,track_pit_gap_high,plr_track_student_pit_gap_high,track_student_pit_gap_high,plr_track_stump_height_low,track_stump_height_low,plr_track_student_stump_height_low,track_student_stump_height_low,plr_track_stump_height_high,track_stump_height_high,plr_track_student_stump_height_high,track_student_stump_height_high,plr_track_stair_height_low,track_stair_height_low,plr_track_student_stair_height_low,track_student_stair_height_low,plr_track_stair_height_high,track_stair_height_high,plr_track_student_stair_height_high,track_student_stair_height_high,plr_track_stair_steps,track_stair_steps,plr_track_student_stair_steps,track_student_stair_steps,plr_track_ued_ground_roughness,track_ued_ground_roughness,plr_track_ued_pit_gap_low,track_ued_pit_gap_low,plr_track_ued_pit_gap_high,track_ued_pit_gap_high,plr_track_ued_stump_height_low,track_ued_stump_height_low,plr_track_ued_stump_height_high,track_ued_stump_height_high,plr_track_ued_stair_height_low,track_ued_stair_height_low,plr_track_ued_stair_height_high,track_ued_stair_height_high,plr_track_ued_stair_steps,track_ued_stair_steps,mean_env_return,adversary_env_pg_loss,adversary_env_value_loss,adversary_env_dist_entropy,dces_l_pi,dces_l_delta,dces_l_tot,dces_q_delta,dces_q_delta_std,dces_w1,dces_w2,dces_buf,dces_c_std,dces_c_absmean,dces_reg_std,steps,total_episodes,total_seeds,total_student_grad_updates,mean_agent_return,agent_value_loss,agent_pg_loss,agent_dist_entropy,mean_adversary_agent_return,adversary_value_loss,adversary_pg_loss,adversary_dist_entropy,kl_loss_advagent_agent,kl_loss_agent_advagent,dps_lambda_skill,dps_lambda_target,dps_mode,agent_grad_norm,adversary_grad_norm,adversary_env_grad_norm,solved_rate:BipedalWalker-MADS-Hard-Eval-v0,test_returns:BipedalWalker-MADS-Hard-Eval-v0,sps,target_agent_return
0,1784841677.3838487,,8.0,,8.0,,6.0,,6.0,,10.0,,10.0,,1.0,,1.0,,4.0,,4.0,,2.0,,2.0,,5.0,,5.0,,8.0,,8.0,,7.637245572637767,,5.457434665411711,,9.553249376360327,,0.8871162972063757,,3.812473941827193,,1.8464329580310732,,4.777448494860437,,8.0,0.001053584273904562,-0.011889957007952034,0.31403149862308055,1.417580645531416,1.0147440433502197,0.0,1.0339280366897583,0.11126872897148132,0.0028933589346706867,-0.1103825718164444,-0.16052621603012085,16,0.3913204073905945,5.246425151824951,0.026981748640537262,32768,126,16,1,-115.83644,0.2541833116672933,-0.002378137330379104,5.674902227520943,-146.19533,0.045624939654953775,-0.00449104676808929,5.656799897551537,,,0.95,0.9,both,0.3780865667487931,0.3620166060055344,2.1556593623882483,0.0,-116.75401,2179.2133911138035,-115.83644
1,1784841750.7039018,,8.0,,8.0,,6.0,,6.0,,10.0,,10.0,,1.0,,1.0,,4.0,,4.0,,2.0,,2.0,,5.0,,5.0,,8.0,,8.0,,7.522109817713499,,5.472659261431545,,9.509780729189515,,0.6309481576026883,,3.6139962170273066,,1.7601659060455859,,4.681633246131241,,7.25,0.0014197292039170861,-0.003915461769793183,0.06189707829616964,1.423776037991047,0.9677101969718933,0.9359076619148254,0.9961965084075928,0.01579608954489231,0.003789052367210388,0.02641253173351288,-0.18549615144729614,96,0.3285442888736725,5.055161476135254,0.0844743475317955,196608,636,96,6,-111.30772,0.08146279258653522,-0.002639924355025869,5.679301619529724,-120.52494,0.08193889502435922,-0.0021414472052128986,5.631091007590294,,,0.95,0.9,both,0.27660518709594134,0.25560834326580306,1.3706820090026377,0.0,-131.65942,2234.586397799116,-111.30772
2,1784841824.57388,,8.0,,8.0,,6.0,,6.0,,10.0,,10.0,,1.0,,1.0,,4.0,,4.0,,2.0,,2.0,,5.0,,5.0,,8.0,,8.0,,8.413223825860769,,6.55497523304075,,9.988503256812692,,1.307689394801855,,4.345204012468457,,2.179110690485686,,4.934483771954547,,8.6875,0.002081245416775346,0.0008891171019058675,0.06519475526874885,1.429411344230175,0.9056607484817505,0.9335479140281677,0.9198504686355591,0.015389736741781235,0.006007679738104343,0.24537408351898193,-0.17876815795898438,176,0.3295351564884186,5.801336288452148,0.04828938841819763,360448,1057,176,11,-112.47555,0.05717547531239688,-0.002097961194522213,5.610127702355385,-119.57982,0.04153940457617864,-0.0031127933209063484,5.549484685063362,,,0.95,0.9,both,0.2683002202085161,0.24205293527578647,1.2126164550102287,0.0,-102.72534,2217.95156829998,-112.47555
3,1784841898.85527,,8.0,,8.0,,6.0,,6.0,,10.0,,10.0,,1.0,,1.0,,4.0,,4.0,,2.0,,2.0,,5.0,,5.0,,8.0,,8.0,,8.449268628610298,,6.254082140221726,,9.804393741302192,,1.1294157169759274,,4.166750748991035,,2.261591751826927,,4.9675396487582475,,8.25,0.0025319531559944153,-0.005668282334227115,0.00019650000695037306,1.4305956289172173,0.8030034899711609,0.9321621060371399,0.7450063824653625,0.027892770245671272,0.007729606237262487,0.7173669934272766,-0.23330163955688477,256,0.3932501971721649,5.660380840301514,0.03131725266575813,524288,1451,256,16,-111.27427,0.014411532611120492,-0.005539888578641694,5.526308760046959,-116.52053,0.040716832934413104,-0.0023749317464535125,5.477752137184143,,,0.95,0.9,both,0.27288963275713796,0.2922870628821034,0.6150617145680839,0.0,-113.929054,2205.667408562568,-111.27427
4,1784841975.0900497,,8.0,,8.0,,6.0,,6.0,,10.0,,10.0,,1.0,,1.0,,4.0,,4.0,,2.0,,2.0,,5.0,,5.0,,8.0,,8.0,,7.804904857184738,,5.567202368751168,,9.669010609854013,,0.9426957627292722,,3.8719070449005812,,1.872129684779793,,4.733450290746987,,7.6875,0.005933007225394249,-0.0029522127006202936,0.06937458162428811,1.4295155070722103,0.8227180242538452,0.928747296333313,0.7151504158973694,0.004858871456235647,0.013710594736039639,1.3286434412002563,-0.3101978003978729,336,0.403810054063797,5.268599987030029,0.019926009699702263,688128,1720,336,21,-120.572105,0.016905040969140826,-0.0018841968438209733,5.339594596624375,-122.85701,0.021914791624294595,-0.0032769267112598755,5.354149675369262,,,0.95,0.9,both,0.27879747429677115,0.3019786770507089,1.347076773310297,0.0,-128.1917,2149.1505748064073,-120.572105
5,1784842053.0164902,,8.0,,8.0,,6.0,,6.0,,10.0,,10.0,,1.0,,1.0,,4.0,,4.0,,2.0,,2.0,,5.0,,5.0,,8.0,,8.0,,7.23107679001987,,5.291784910485148,,9.414295949041843,,0.6607590605854057,,3.621951757464558,,1.6772897588089108,,4.579165929928422,,7.1875,0.0028680958785116673,-0.0005440257955342531,0.029200504344771616,1.4334984086453915,0.6202642321586609,0.9231405854225159,0.3751385509967804,0.0775010958313942,0.01074949186295271,1.55311918258667,-0.24671369791030884,416,0.2767077684402466,4.957977771759033,0.03330419585108757,851968,1967,416,26,-124.11989,0.018642730300780386,-0.002543407434859546,5.145275819301605,-117.49223,0.03571247687796131,-0.0025994891417212783,5.174668470025063,,,0.95,0.9,both,0.32489139611555595,0.3251160072926301,1.0902240289650484,0.0,-113.1234,2102.496310923037,-124.11989
6,1784842128.6351442,,8.0,,8.0,,6.0,,6.0,,10.0,,10.0,,1.0,,1.0,,4.0,,4.0,,2.0,,2.0,,5.0,,5.0,,8.0,,8.0,,7.800293478183448,,5.752486628480256,,9.648405568674207,,1.066810057265684,,4.031110667390749,,1.885696752462536,,4.826085370033979,,8.0,0.017518088221549988,-0.0023182755103334785,0.0004883715746473172,1.4384886920452118,0.5779212117195129,0.9133843183517456,0.41078221797943115,-0.008862270042300224,0.04450698569417,1.1902685165405273,-0.20110073685646057,496,0.4242807924747467,5.376361846923828,0.030516451224684715,1015808,2238,496,31,-130.94029,0.02191196657367982,-0.0023257381631992756,4.968137553334236,-128.82535,0.03414427577517927,-0.0021976476855343208,4.993694311380386,,,0.95,0.9,both,0.3583779537324072,0.35486132895993955,0.6841542848236918,0.0,-117.10103,2166.659491802687,-130.94029
7,1784842204.8207874,,8.0,,8.0,,6.0,,6.0,,10.0,,10.0,,1.0,,1.0,,4.0,,4.0,,2.0,,2.0,,5.0,,5.0,,8.0,,8.0,,7.710284106433392,,5.931497812853195,,9.599848818965256,,0.9256309157062788,,3.81699053774355,,1.9002219904214144,,4.871372103691101,,7.875,0.010555790737271309,-0.005872496185475029,0.05705892309197225,1.4476909711956978,0.5325897336006165,0.866927981376648,0.3735475540161133,0.05473879352211952,0.028933456167578697,1.0354150533676147,-0.038688935339450836,576,0.40388020873069763,5.328855514526367,0.04211641848087311,1179648,2485,576,36,-126.378784,0.02018263628706336,-0.0013717084453674032,4.7609084963798525,-117.00063,0.04401953656924888,-0.002619104620316648,4.809257772564888,,,0.95,0.9,both,0.37720178177323166,0.38756429255326263,1.22750825793138,0.0,-112.53551,2150.537181411703,-126.378784
8,1784842279.2693872,,8.0,,8.0,,6.0,,6.0,,10.0,,10.0,,1.0,,1.0,,4.0,,4.0,,2.0,,2.0,,5.0,,5.0,,8.0,,8.0,,7.326530858874321,,5.3419638611376286,,9.190680291503668,,0.5826978604309261,,3.7395964392926544,,1.6816692636348307,,4.646183658798691,,7.125,0.021045103669166565,0.0003968368982896209,0.01741231937194243,1.4503551498055458,0.5767773985862732,0.8873224258422852,0.43988463282585144,0.16524210572242737,0.0643404945731163,0.9733256697654724,-0.15463538467884064,656,0.2924025058746338,4.954290390014648,0.03403420001268387,1343488,2713,656,41,-123.28839,0.02053723732242361,-0.002370184460596647,4.550163841247558,-128.81433,0.027852922084275634,-0.002205073305231053,4.59841990172863,,,0.95,0.9,both,0.40738063651698664,0.43598627729080697,0.898635076354735,0.0,-102.76593,2200.7139063904883,-123.28839
9,1784842355.6966376,,8.0,,8.0,,6.0,,6.0,,10.0,,10.0,,1.0,,1.0,,4.0,,4.0,,2.0,,2.0,,5.0,,5.0,,8.0,,8.0,,8.071724559180439,,6.226708784233779,,9.771012413548306,,0.9877503242169041,,4.108570891316049,,2.018751712050289,,4.770822526887059,,8.1875,0.049337491393089294,-0.003381173708476126,0.06035982278990559,1.4580099657177925,0.5263327360153198,0.8969905972480774,0.38010942935943604,-0.21212005615234375,0.12772627174854279,0.9517862796783447,-0.16004827618598938,736,0.45644503831863403,5.517855167388916,0.04179052263498306,1507328,2941,736,46,-131.09329,0.017500832345103846,-0.0018674775550607593,4.3210814714431764,-107.5659,0.03590374697232619,-0.001817872493120376,4.380375650525093,,,0.95,0.9,both,0.4847030333775216,0.516771365442618,1.2541393575695938,0.0,-113.80615,2143.7383381851982,-131.09329
10,1784842431.5672653,,8.0,,8.0,,6.0,,6.0,,10.0,,10.0,,1.0,,1.0,,4.0,,4.0,,2.0,,2.0,,5.0,,5.0,,8.0,,8.0,,7.176441403571516,,5.218226630240679,,9.033735856413841,,0.5294615067541599,,3.5360467210412025,,1.5507492765318602,,4.542118408717215,,7.125,0.01847446709871292,0.0008797493064776063,0.0001846471104727243,1.4551208913326263,0.6374853253364563,0.958960771560669,0.5823131203651428,0.022893382236361504,0.05662551522254944,0.9164221882820129,-0.06761235743761063,816,0.17935316264629364,4.838972091674805,0.026456298306584358,1671168,3172,816,51,-120.81189,0.03163178397808224,-0.0014201759127900004,4.126703938841819,-106.78151,0.027119707770179958,-0.0009530961164273321,4.188711005449295,,,0.95,0.9,both,0.5177654174048956,0.514193137056314,0.9906092718598967,0.0,-105.54915,2159.4645549138586,-120.81189
11,1784842507.1561604,,8.0,,8.0,,6.0,,6.0,,10.0,,10.0,,1.0,,1.0,,4.0,,4.0,,2.0,,2.0,,5.0,,5.0,,8.0,,8.0,,8.040863882924896,,6.5365214347839355,,9.735668746754527,,1.0434192118700594,,4.162026105623227,,2.0088784811960068,,4.869969015009701,,8.125,0.025123901665210724,-0.0008124403248075396,0.0163593799516093,1.4661400504410267,0.5093548893928528,0.8887035846710205,0.35723620653152466,-0.21240217983722687,0.07040784507989883,0.8949308395385742,-0.13137762248516083,896,0.3902016282081604,5.565293312072754,0.028520207852125168,1835008,3434,896,56,-109.83584,0.02538467787671834,-0.0025013422855408862,3.9767778173089026,-129.05733,0.03280538631370291,-0.0034846143185859545,4.029140588641167,,,0.95,0.9,both,0.556848979560909,0.6020977675245136,0.9035117538548016,0.0,-104.89235,2167.5133432515986,-109.83584
12,1784842583.3309133,,8.0,,8.0,,6.0,,6.0,,10.0,,10.0,,1.0,,1.0,,4.0,,4.0,,2.0,,2.0,,5.0,,5.0,,8.0,,8.0,,7.219606214086525,,5.252766829216853,,9.175713017582893,,0.732895796187222,,3.69400503160432,,1.6635468918830156,,4.679012450855225,,7.25,0.03792716935276985,-0.00030804943526163697,0.0016692360386514338,1.4675173312425613,0.41157129406929016,0.8401880264282227,0.26657143235206604,-0.051799044013023376,0.09916088730096817,0.7891474962234497,-0.03793153911828995,976,0.316144734621048,4.9584431648254395,0.037591006606817245,1998848,3679,976,61,-99.117775,0.019415819994173945,-0.001016539208649192,3.797384050488472,-101.84103,0.043107233964838086,-0.0023006478120805697,3.857333466410637,,,0.95,0.9,both,0.5890627493725296,0.5940518195528666,0.7430120951418206,0.0,-119.11096,2150.84452988128,-99.117775
13,1784842658.9822457,,8.0,,8.0,,6.0,,6.0,,10.0,,10.0,,1.0,,1.0,,4.0,,4.0,,2.0,,2.0,,5.0,,5.0,,8.0,,8.0,,8.074880879372358,,5.81722348369658,,9.651927249971777,,0.9747174945659935,,3.7907112219836563,,1.8712976777460426,,4.897244222462177,,7.8125,0.04864171892404556,-0.0026079188100993633,0.001611516481716535,1.4710740894079208,0.5225081443786621,0.8472258448600769,0.39746060967445374,-0.11979509145021439,0.12374178320169449,0.7771954536437988,0.05567476153373718,1056,0.42191624641418457,5.3613128662109375,0.0226299911737442,2162688,3872,1056,66,-89.61571,0.014726573752705007,-0.0019143752724630758,3.607003244757652,-114.80603,0.019675201806239783,-0.0018743899549008348,3.6775829419493675,,,0.95,0.9,both,0.6255930598227362,0.5857014223913424,0.5772693150170227,0.0,-105.33435,2165.7248390557174,-89.61571
14,1784842734.8011782,,8.0,,8.0,,6.0,,6.0,,10.0,,10.0,,1.0,,1.0,,4.0,,4.0,,2.0,,2.0,,5.0,,5.0,,8.0,,8.0,,8.031055425293744,,5.965985359624028,,9.718430444074329,,1.1922993304324336,,4.206322735059075,,2.1703453013906255,,4.943478712346405,,8.4375,0.06918251514434814,-0.01727595564443618,0.0021518102257687133,1.4747658371925354,0.4149441123008728,0.8931509852409363,0.20825132727622986,-0.08171053230762482,0.1814742088317871,0.9262080788612366,0.1034533753991127,1136,0.4219210743904114,5.583177089691162,0.02310597337782383,2326528,4064,1136,71,-96.45807,0.01823797199758701,-0.0001679336739471182,3.441640841960907,-108.84955,0.016518357180757448,-0.0011976828973274678,3.462462531030178,,,0.95,0.9,both,0.6889420926928878,0.6849693475031915,0.5697023826543509,0.0,-125.474144,2160.938834999178,-96.45807
15,1784842812.7686095,,8.0,,8.0,,6.0,,6.0,,10.0,,10.0,,1.0,,1.0,,4.0,,4.0,,2.0,,2.0,,5.0,,5.0,,8.0,,8.0,,8.184115782001754,,6.235146224498749,,9.901268281973898,,1.2402050897944719,,4.219913525826996,,2.36534707644023,,4.968355121323839,,8.4375,0.04649893194437027,-0.011290651746094227,0.00919446339685237,1.4762090630829334,0.5604680180549622,0.8640691637992859,0.40646201372146606,-0.016998616978526115,0.10815021395683289,0.8366894721984863,0.09363297373056412,1216,0.3649950623512268,5.693981170654297,0.03257487714290619,2490368,4274,1216,76,-89.52263,0.015629618387902156,-0.0011496372724650427,3.1911194682121278,-106.90584,0.022009439370594918,-0.0010891872952925041,3.2838950216770173,,,0.95,0.9,both,0.688895564305174,0.6880518482543473,0.7517756304042207,0.0,-97.05642,2101.3907861361818,-89.52263
16,1784842889.559761,,8.0,,8.0,,6.0,,6.0,,10.0,,10.0,,1.0,,1.0,,4.0,,4.0,,2.0,,2.0,,5.0,,5.0,,8.0,,8.0,,7.2281813360750675,,5.421900559216738,,9.307460842654109,,0.8617241269093938,,3.79761400813004,,1.6290985776577145,,4.671061478089541,,7.3125,0.03142029792070389,0.00019971223082393408,0.023901879860204645,1.478449746966362,0.5540246963500977,0.8172101974487305,0.36511707305908203,-0.31633445620536804,0.0791824534535408,0.8050768375396729,0.10333842784166336,1296,0.364051878452301,5.028693199157715,0.031127817928791046,2654208,4459,1296,81,-107.95559,0.016615355352405457,-0.001347271447593812,2.9844415932893753,-99.96471,0.021940189332235606,-0.002697428668034263,3.04973573833704,,,0.95,0.9,both,0.7534723739982626,0.7384577702096602,0.8219286382348363,0.0,-118.95512,2133.577627166012,-107.95559
17,1784842966.5379016,,8.0,,8.0,,6.0,,6.0,,10.0,,10.0,,1.0,,1.0,,4.0,,4.0,,2.0,,2.0,,5.0,,5.0,,8.0,,8.0,,7.593403102830052,,5.570557152153924,,9.346172289922833,,0.7855014586821198,,3.8395281522534788,,1.7872919351793826,,4.653388099977747,,7.6875,0.0362672433257103,-0.0004754648543894291,0.007992821847437881,1.4827855862677097,0.5294412970542908,0.8664625883102417,0.32148152589797974,0.2776660621166229,0.09072893112897873,1.0796186923980713,0.04817912355065346,1376,0.3842504322528839,5.1579179763793945,0.020617064088582993,2818048,4647,1376,86,-84.684685,0.019239446986466645,-0.0010287310826242902,2.826300337910652,-92.21915,0.015792130707995965,-0.000492946470330935,2.839279682934284,,,0.95,0.9,both,0.7942629255876505,0.7805977793216995,0.8270773006544537,0.0,-99.13026,2128.3970278524484,-84.684685
18,1784843044.7708426,,8.0,,8.0,,6.0,,6.0,,10.0,,10.0,,1.0,,1.0,,4.0,,4.0,,2.0,,2.0,,5.0,,5.0,,8.0,,8.0,,8.065011373517336,,5.967230126494542,,9.743732176721096,,1.1557526119286194,,4.047744570532814,,2.186384428758174,,4.952960265334696,,8.0625,0.10998472571372986,-0.0006741659599356353,0.01572250627214089,1.4862789511680603,0.64504474401474,0.8888639807701111,0.4735376834869385,0.09491447359323502,0.2731489837169647,0.6565112471580505,-0.04040110483765602,1456,0.4070794880390167,5.522665023803711,0.025600414723157883,2981888,4835,1456,91,-76.507065,0.009081071152468211,-0.0013914471521275118,2.5974679067730904,-98.623795,0.01805626415880397,-0.001082020194735378,2.665354163944721,,,0.95,0.9,both,0.8629387457735485,0.7912727174747831,0.7339177460846718,0.0,-91.54375,2094.257889064467,-76.507065
19,1784843120.6847718,,8.0,,8.0,,6.0,,6.0,,10.0,,10.0,,1.0,,1.0,,4.0,,4.0,,2.0,,2.0,,5.0,,5.0,,8.0,,8.0,,7.408233001828194,,5.38331657089293,,9.278529085218906,,0.6160692619159818,,3.7391598282847553,,1.8883315497078001,,4.7070073466748,,7.25,0.06140809878706932,0.0009277360513806343,0.011660860691335984,1.4880370125174522,0.39036187529563904,0.8450790643692017,0.209297776222229,-0.11597703397274017,0.17920146882534027,0.8931251764297485,-0.06597565114498138,1536,0.3708765506744385,5.033830642700195,0.022139841690659523,3145728,5021,1536,96,-61.915417,0.005728878555237316,-0.001937299084966071,2.3877427101135256,-96.55282,0.018284430977655575,-0.00082015586522175,2.458825947344303,,,0.95,0.9,both,0.9302582322745188,0.8569976478280174,0.957428785696794,0.0,-82.39707,2158.233883047335,-61.915417
20,1784843198.1367629,,8.0,,8.0,,6.0,,6.0,,10.0,,10.0,,1.0,,1.0,,4.0,,4.0,,2.0,,2.0,,5.0,,5.0,,8.0,,8.0,,8.384911875240505,,6.708139160182327,,9.9702886082232,,1.4096521873725578,,4.413416172377765,,2.3740978077985346,,4.996244991896674,,8.6875,0.046973031014204025,-0.0010405725333839655,0.0012552811758723692,1.4921876974403858,0.5469211935997009,0.83379065990448,0.3179047405719757,0.39689838886260986,0.11471697688102722,0.808803915977478,-0.08720923960208893,1616,0.2680639922618866,5.8680315017700195,0.03606516867876053,3309568,5217,1616,101,-58.039753,0.005908025505777914,-0.0010009432240622117,2.1533186018466948,-83.66043,0.016437999409390613,-0.0004988940869225189,2.255316969752312,,,0.95,0.9,both,0.9606670838519692,0.9377875989406397,0.5705660454315714,0.0,-81.76906,2115.374823048641,-58.039753
21,1784843275.4211767,,8.0,,8.0,,6.0,,6.0,,10.0,,10.0,,1.0,,1.0,,4.0,,4.0,,2.0,,2.0,,5.0,,5.0,,8.0,,8.0,,7.570412688481156,,5.337321043945849,,9.450817193835974,,0.7662854369264096,,3.8958531206590123,,1.7238067265716381,,4.747185838408768,,7.5,0.04541909694671631,-0.007273254683241248,0.0022958459667279385,1.4953413009643555,0.4244995713233948,0.8796704411506653,0.20622548460960388,-0.25034400820732117,0.11476945877075195,0.7655588388442993,-0.1536961793899536,1696,0.3872435688972473,5.123960018157959,0.02558647282421589,3473408,5402,1696,106,-60.158974,0.008771328756120056,-0.0007945455465232954,1.954353328049183,-84.50758,0.01618708812748082,-0.00044961447129026054,2.0445083871483805,,,0.95,0.9,both,0.9579447080172967,1.0477090789035075,0.5855512517420842,0.0,-84.45155,2119.9619594963156,-60.158974
22,1784843352.6439784,,8.0,,8.0,,6.0,,6.0,,10.0,,10.0,,1.0,,1.0,,4.0,,4.0,,2.0,,2.0,,5.0,,5.0,,8.0,,8.0,,7.304725615307689,,5.356351776048541,,9.377621224150062,,0.5758990617468953,,3.6883703409694135,,1.6879268679767847,,4.612507511861622,,7.5,0.03678877279162407,-0.0011130950879305601,0.00700875831535086,1.4934196472167969,0.34741732478141785,0.9153056144714355,0.18117795884609222,0.3327992558479309,0.09525605291128159,0.5115137100219727,-0.12627094984054565,1776,0.308810830116272,5.012925148010254,0.07017609477043152,3637248,5607,1776,111,-48.825977,0.00719072089123074,-0.0006865607938379981,1.7411283686757089,-72.926346,0.026457569317426533,-0.0004971816495526582,1.849762925505638,,,0.95,0.9,both,1.0516773898271379,1.0384208677223215,0.6447798755020104,0.0,-86.93136,2121.652680005806,-48.825977
23,1784843429.5985959,,8.0,,8.0,,6.0,,6.0,,10.0,,10.0,,1.0,,1.0,,4.0,,4.0,,2.0,,2.0,,5.0,,5.0,,8.0,,8.0,,8.36390626989305,,5.986030993051827,,9.926261723972857,,1.1894492559949867,,4.1349954404868186,,2.2263013179181144,,4.930761540075764,,8.25,0.04427594691514969,0.0005059194227214903,0.001522111542726634,1.5070061758160591,0.38013583421707153,0.9241019487380981,0.2686813175678253,0.18989473581314087,0.1089295893907547,0.29248982667922974,-0.09123455733060837,1856,0.3853524923324585,5.62596321105957,0.047607339918613434,3801088,5838,1856,116,-61.072845,0.007309265900403261,-0.0007658061163965613,1.561960406601429,-76.47905,0.01704206968424842,0.00013946993421996013,1.678255520761013,,,0.95,0.9,both,1.1100767423337685,1.1859467332040263,0.5515151293711686,0.0,-84.38226,2129.0471736535706,-61.072845
24,1784843504.4827173,,8.0,,8.0,,6.0,,6.0,,10.0,,10.0,,1.0,,1.0,,4.0,,4.0,,2.0,,2.0,,5.0,,5.0,,8.0,,8.0,,7.0892433533445,,5.187198124825954,,9.050729863345623,,0.5469810049980879,,3.5733273872174323,,1.5192152485251427,,4.513712888583541,,7.0,0.024077128618955612,0.00025563593953847885,0.007333419813221553,1.5087454169988632,0.23274065554141998,0.8378356695175171,0.2368469536304474,0.05380936712026596,0.07675257325172424,0.6439182758331299,-0.09803503751754761,1936,0.12083602696657181,4.810050964355469,0.0651567205786705,3964928,6103,1936,121,-42.757973,0.005552660071407445,-0.0018105262570315972,1.3699311532080174,-81.30878,0.04112873779376969,-0.00034100210323231297,1.5280015856027602,,,0.95,0.9,both,1.1829714741135988,1.1663325169240957,1.31912038814425,0.0,-75.182594,2187.9127653623764,-42.757973
25,1784843579.968486,,8.0,,8.0,,6.0,,6.0,,10.0,,10.0,,1.0,,1.0,,4.0,,4.0,,2.0,,2.0,,5.0,,5.0,,8.0,,8.0,,7.405033502029255,,5.392361217178404,,9.373826845549047,,0.681627023499459,,3.8138145776465535,,1.6768055334687233,,4.607496825512499,,7.375,0.04365420714020729,-9.080220479518175e-05,0.013960054609924555,1.5236457772552967,0.2633245587348938,0.8826848268508911,0.19532419741153717,-0.19479569792747498,0.12226559221744537,0.41995948553085327,-0.059947893023490906,2016,0.34452641010284424,5.040745258331299,0.04855223000049591,4128768,6370,2016,126,-38.95443,0.005584188598731998,0.00047277054109144955,1.2111933559179306,-67.06366,0.021722261898685247,-0.00015990536485332996,1.3340495921671391,,,0.95,0.9,both,1.291519093118471,1.2964035154440086,0.6674430723910734,0.0,-100.491135,2170.476785424725,-38.95443
26,1784843654.581294,,8.0,,8.0,,6.0,,6.0,,10.0,,10.0,,1.0,,1.0,,4.0,,4.0,,2.0,,2.0,,5.0,,5.0,,8.0,,8.0,,8.138649787055328,,6.135737161152065,,9.876203196123242,,1.1031608080957085,,3.9572244874434546,,2.0352019510464743,,4.900475813425146,,8.375,0.11229224503040314,-0.011329322354868054,0.013914642011513934,1.5269567109644413,0.25412169098854065,0.8275660872459412,0.20980620384216309,0.1896054744720459,0.26101216673851013,0.45365655422210693,-0.056397635489702225,2096,0.45739108324050903,5.565207481384277,0.024516236037015915,4292608,6658,2096,131,-41.778633,0.01008554593718145,-0.0006899471132783219,1.021378544718027,-69.99817,0.017873448302270844,-0.000257875511306338,1.1708663366734982,,,0.95,0.9,both,1.1448116305788663,1.24304904375881,0.7071029061935327,0.0,-79.170296,2195.868730306703,-41.778633
27,1784843729.382308,,8.0,,8.0,,6.0,,6.0,,10.0,,10.0,,1.0,,1.0,,4.0,,4.0,,2.0,,2.0,,5.0,,5.0,,8.0,,8.0,,7.505173701327294,,5.294359651394188,,9.48703487077728,,0.7479612687602639,,3.833306332002394,,1.8029031022451818,,4.651380062583485,,7.4375,0.03204198181629181,-0.0014330321573652327,0.005115777377795894,1.535535518079996,0.4026305377483368,0.9343128204345703,0.2807124853134155,0.233412504196167,0.08463261276483536,0.6578718423843384,-0.02283141016960144,2176,0.36629626154899597,5.094952583312988,0.03493113815784454,4456448,6907,2176,136,-35.97982,0.005378958061919547,0.0006215325207449496,0.8332339257001877,-79.566536,0.02750186239136383,-0.0003698580956552178,0.9640391200780869,,,0.95,0.9,both,1.3427109465960188,1.3272599766048612,0.5027792705724756,0.0,-65.821945,2190.3446184426466,-35.97982
28,1784843806.42094,,8.0,,8.0,,6.0,,6.0,,10.0,,10.0,,1.0,,1.0,,4.0,,4.0,,2.0,,2.0,,5.0,,5.0,,8.0,,8.0,,8.85165743343532,,6.632801506668329,,9.947878421284258,,1.3426098020281643,,4.378650262951851,,2.3338156351819634,,4.994352627079934,,8.6875,0.045939624309539795,0.0007101707742549479,0.03695969107502606,1.5456705056130886,0.1494026631116867,0.9070929288864136,0.12869976460933685,0.16561120748519897,0.10255313664674759,0.4306260347366333,-0.016295215114951134,2256,0.25340157747268677,5.896158218383789,0.049246758222579956,4620288,7226,2256,141,-31.246866,0.006189103255746886,0.00016688669420545922,0.6859153676778078,-79.74945,0.029835164337418972,0.00026163118163822217,0.7941469877958298,,,0.95,0.9,both,1.3859264889018765,1.357763103588161,0.9451545260714684,0.0,-79.33615,2126.7253447510743,-31.246866
29,1784843882.7632756,,8.0,,8.0,,6.0,,6.0,,10.0,,10.0,,1.0,,1.0,,4.0,,4.0,,2.0,,2.0,,5.0,,5.0,,8.0,,8.0,,7.809711360838264,,5.80180052947253,,9.706744607305154,,0.9167498934548348,,4.000751204323024,,1.9536216414999217,,4.82929364964366,,7.9375,0.04962718114256859,-0.004545095202047378,0.0016234636914305156,1.5559133812785149,0.2992008924484253,0.819171130657196,0.23731954395771027,-0.21127812564373016,0.12341686338186264,0.491584450006485,0.033821042627096176,2336,0.44719114899635315,5.369521141052246,0.021402806043624878,4784128,7544,2336,146,-33.591457,0.007612407990382053,-0.0005156453458766919,0.5402401320636272,-80.20093,0.018133444094564764,-0.0007925543424789794,0.6506403479725122,,,0.95,0.9,both,1.3532639522952168,1.4241312955099006,0.4648119035407774,0.0,-79.50933,2146.1228339366817,-33.591457
30,1784843958.8293643,,8.0,,8.0,,6.0,,6.0,,10.0,,10.0,,1.0,,1.0,,4.0,,4.0,,2.0,,2.0,,5.0,,5.0,,8.0,,8.0,,7.755450399592519,,6.030393168330193,,9.765678809955716,,0.8534862155793235,,4.017726891092025,,2.090595900757762,,4.8988657663576305,,8.0,0.07553399354219437,-0.008295787207316607,0.011853569551021792,1.564650621265173,0.16592064499855042,0.9022112488746643,0.11837410181760788,0.03428373858332634,0.17724654078483582,0.5722311735153198,-0.00540301576256752,2416,0.45035162568092346,5.426524639129639,0.06868524104356766,4947968,7919,2416,151,-39.425884,0.005931653287552763,0.00025583032038412057,0.37673266865313054,-74.07043,0.03295819893246517,0.00011204737529624254,0.5108428698033094,,,0.95,0.9,both,1.4048161482165016,1.5039744091849714,0.7044997230882974,0.0,-71.61365,2153.9159372357667,-39.425884
31,1784844036.4723759,,8.0,,8.0,,6.0,,6.0,,10.0,,10.0,,1.0,,1.0,,4.0,,4.0,,2.0,,2.0,,5.0,,5.0,,8.0,,8.0,,7.919963693246245,,5.710392275825143,,9.90583814587444,,0.928477335954085,,3.9962198836146854,,2.0016105690738186,,4.8491098689846694,,7.8125,0.09317861497402191,-0.0005175183177925646,0.036261308225221,1.5623174421489239,0.14177748560905457,0.8990445137023926,0.11378766596317291,0.24400673806667328,0.22272104024887085,0.5644633769989014,0.008057845756411552,2496,0.44147148728370667,5.390513896942139,0.0741078332066536,5111808,8245,2496,156,-22.996128,0.0072042216459522026,0.0004838218766963109,0.20070129204541445,-90.858505,0.03379821815760806,-0.00010565056727500633,0.36263741217553613,,,0.95,0.9,both,1.4511877207013817,1.4143046045328678,0.932402397271614,0.0,-74.17599,2110.171679202505,-22.996128
32,1784844113.6438417,,8.0,,8.0,,6.0,,6.0,,10.0,,10.0,,1.0,,1.0,,4.0,,4.0,,2.0,,2.0,,5.0,,5.0,,8.0,,8.0,,8.083261699415743,,6.215695940423757,,9.62967276130803,,1.1790246553719044,,4.101935661397874,,2.0910834262613207,,4.855902242009506,,8.1875,0.05919454246759415,-0.009136147447861731,0.010423446750792209,1.5588416866958141,0.19669494032859802,0.8592268228530884,0.12251844257116318,-0.043432943522930145,0.15255311131477356,0.5864005088806152,-0.056021884083747864,2576,0.4787434935569763,5.5430097579956055,0.07712578028440475,5275648,8642,2576,161,-20.96753,0.00543950212013442,-0.00029743287814198993,0.09566249474883079,-80.336136,0.04087279270170256,0.0011573121679248287,0.2166313256137073,,,0.95,0.9,both,1.4874904771751734,1.7272516580923418,0.7226935689874956,0.0,-72.34858,2123.0645521793317,-20.96753
33,1784844190.6600294,,8.0,,8.0,,6.0,,6.0,,10.0,,10.0,,1.0,,1.0,,4.0,,4.0,,2.0,,2.0,,5.0,,5.0,,8.0,,8.0,,7.428276797290891,,5.348331691231579,,9.356293816119432,,0.8200699337758124,,3.743645178852603,,1.653636827133596,,4.661712019704282,,7.4375,0.02795015275478363,-0.0027587038930505514,0.0027984907264908543,1.5596734955906868,0.3751097321510315,0.8749464154243469,0.2964106500148773,0.07869426906108856,0.09475945681333542,0.5735235810279846,-0.010825096629559994,2656,0.37748563289642334,5.056182861328125,0.06735705584287643,5439488,9015,2656,166,-20.28238,0.003930570604279637,0.00032943992118816823,-0.06787737011909485,-81.514145,0.04498634521150961,0.0009389496764924843,0.06622019335627556,,,0.95,0.9,both,1.6444880967993598,1.5950374853071982,0.4790734756268927,0.0,-77.313644,2127.3449770522257,-20.28238
34,1784844267.054386,,8.0,,8.0,,6.0,,6.0,,10.0,,10.0,,1.0,,1.0,,4.0,,4.0,,2.0,,2.0,,5.0,,5.0,,8.0,,8.0,,7.7772060190327466,,5.798640510998666,,9.508058320730925,,0.6672597178258002,,3.8344044072000543,,1.9068203007336706,,4.782537415623665,,7.625,0.03249171003699303,-0.003340095339808613,0.007080982621118892,1.565103955566883,0.13676272332668304,0.9149335622787476,0.10481293499469757,-0.06972842663526535,0.08873990178108215,0.597467303276062,0.001313003245741129,2736,0.40300771594047546,5.237490653991699,0.057450901716947556,5603328,9444,2736,171,-17.60529,0.0040891378695960155,0.0008647988957818598,-0.20058407271280884,-79.00509,0.0367239756626077,-0.0005979786452371627,-0.06173681542277336,,,0.95,0.9,both,1.6869646260470472,1.6631337300811109,0.6398374791184303,0.0,-73.88589,2144.6616603795255,-17.60529
35,1784844345.8710053,,8.0,,8.0,,6.0,,6.0,,10.0,,10.0,,1.0,,1.0,,4.0,,4.0,,2.0,,2.0,,5.0,,5.0,,8.0,,8.0,,7.35561490431428,,5.42738759284839,,9.342484626919031,,0.7200425004120916,,3.791893850895576,,1.6861398301552981,,4.6707137962803245,,7.5,0.024239134043455124,0.00046950887190178037,0.052433961420319974,1.5569454431533813,0.1209687814116478,0.8211631178855896,0.09060566872358322,-0.13139884173870087,0.06266666948795319,0.6723124384880066,0.025172701105475426,2816,0.3731445074081421,5.061784744262695,0.06616032123565674,5767168,9873,2816,176,-15.884619,0.003857109664386371,0.0009465351002290844,-0.3657547617331147,-63.627983,0.024812281248159707,0.0006398540223017335,-0.19835317013785242,,,0.95,0.9,both,1.693005130591906,1.7149939086266919,1.0560876782234452,0.0,-71.748116,2078.7486716569165,-15.884619
36,1784844420.564878,,8.0,,8.0,,6.0,,6.0,,10.0,,10.0,,1.0,,1.0,,4.0,,4.0,,2.0,,2.0,,5.0,,5.0,,8.0,,8.0,,8.29143341537565,,6.242316886782646,,9.914750918745995,,1.122358967011678,,4.069509093882516,,2.135632554301992,,4.939754799823277,,8.5,0.04192350059747696,0.0004359966842457652,0.019938136712880805,1.5574987567961216,0.24083928763866425,0.8722707033157349,0.2361670434474945,-0.2087712585926056,0.1156090497970581,0.5177887678146362,0.039019253104925156,2896,0.43576040863990784,5.6519694328308105,0.07348711043596268,5931008,10254,2896,181,-14.255289,0.004475846200512024,0.0008943374516093173,-0.47494280226528646,-74.54071,0.025756866799201816,0.0008761259989114479,-0.3390613192692399,,,0.95,0.9,both,1.7701822239147025,1.710646920586953,0.8177932221291581,0.0,-77.0683,2193.4859504283945,-14.255289
37,1784844495.3007445,,8.0,,8.0,,6.0,,6.0,,10.0,,10.0,,1.0,,1.0,,4.0,,4.0,,2.0,,2.0,,5.0,,5.0,,8.0,,8.0,,8.344695784151554,,6.303070519585162,,9.787439794279635,,1.0518698799423873,,4.220102303195745,,2.198896903777495,,4.925958023406565,,8.3125,0.06203250214457512,-0.00024644361110404134,0.0032322601109626703,1.560166873037815,0.17610326409339905,0.8745152354240417,0.13623687624931335,0.03621598333120346,0.16851015388965607,0.7141224145889282,0.053693998605012894,2976,0.44804713129997253,5.643065929412842,0.07488788664340973,6094848,10625,2976,186,-22.372688,0.004970170975138899,0.0011242265682085417,-0.6377114187926054,-78.21489,0.023518344113836066,0.0003657740431663115,-0.4837924862280488,,,0.95,0.9,both,1.8029196759503285,1.7435662865960793,0.5083146683078478,0.0,-76.52729,2192.2542382412153,-22.372688
38,1784844570.178358,,8.0,,8.0,,6.0,,6.0,,10.0,,10.0,,1.0,,1.0,,4.0,,4.0,,2.0,,2.0,,5.0,,5.0,,8.0,,8.0,,7.409717779606581,,5.787838035961613,,9.5335182644194,,0.770420016720891,,3.7355656241998076,,1.783328877936583,,4.61350791156292,,7.6875,0.06576721370220184,-0.0016443845815956593,0.007075858309690375,1.5635927431285381,0.13730327785015106,0.7809203267097473,0.11149263381958008,0.13400350511074066,0.15941478312015533,0.5752787590026855,0.047665711492300034,3056,0.4042932987213135,5.16517448425293,0.06607875227928162,6258688,11020,3056,191,-11.895159,0.00574308838986326,0.0017851949443866034,-0.7504442483186722,-77.86874,0.026017179409973324,0.000977057873387821,-0.6056496918201446,,,0.95,0.9,both,1.8749328162559131,1.8680375813418952,0.7019748049835246,0.0,-81.36942,2188.10342140283,-11.895159
39,1784844646.1152601,,8.0,,8.0,,6.0,,6.0,,10.0,,10.0,,1.0,,1.0,,4.0,,4.0,,2.0,,2.0,,5.0,,5.0,,8.0,,8.0,,8.143849905114621,,5.785759770369623,,9.766390388831496,,0.9046503944555297,,4.044776904513128,,2.0124541794502875,,4.78879422089085,,7.6875,0.01867631822824478,-0.010061546054203063,0.0037461625797732268,1.5715310387313366,0.25465020537376404,0.8446006774902344,0.2740877866744995,-0.0985371395945549,0.05301891267299652,0.4728526175022125,0.0202283076941967,3136,0.44169366359710693,5.391772270202637,0.041720930486917496,6422528,11468,3136,196,-10.432754,0.006843022348766681,0.0015900553713436238,-0.8794271130114794,-74.85312,0.02484455776284449,0.0008261841372586787,-0.7403296537697315,,,0.95,0.9,both,1.7574115745844545,1.825850807494485,0.6929702300830327,0.0,-84.99657,2157.5815396476078,-10.432754
40,1784844721.9202602,,8.0,,8.0,,6.0,,6.0,,10.0,,10.0,,1.0,,1.0,,4.0,,4.0,,2.0,,2.0,,5.0,,5.0,,8.0,,8.0,,8.437004150124267,,6.770744748413563,,9.968085248023272,,1.1664797391858883,,4.233212067745626,,2.3585008019581437,,4.93321022100281,,8.375,0.08233468234539032,-0.006440186989493668,0.010663159751857165,1.570264033973217,0.16405387222766876,0.8523331880569458,0.1580696552991867,-0.23702207207679749,0.1989980936050415,0.7276839017868042,0.029912371188402176,3216,0.3508603274822235,5.780279636383057,0.06592584401369095,6586368,11802,3216,201,-18.354872,0.005343101843027398,0.0018212559829407838,-0.9889346539974213,-76.28537,0.026585645927116274,0.001344643416814506,-0.8532920129597187,,,0.95,0.9,both,1.7648155371513377,1.999252729115605,0.751791714792621,0.0,-87.73521,2161.336062559198,-18.354872
41,1784844797.0326133,,8.0,,8.0,,6.0,,6.0,,10.0,,10.0,,1.0,,1.0,,4.0,,4.0,,2.0,,2.0,,5.0,,5.0,,8.0,,8.0,,8.859905685298145,,6.743225164944306,,10.0,,1.3947260952554643,,4.376646692166105,,2.4332154053263366,,5.0,,8.8125,0.03144245222210884,0.0005134121747687459,0.03732117517211009,1.5630742646753788,0.1901431381702423,0.8512425422668457,0.18156395852565765,0.09072237461805344,0.08337922394275665,0.5086342692375183,-0.018515273928642273,3296,0.19144704937934875,5.9525275230407715,0.0708950087428093,6750208,12186,3296,206,-28.334988,0.006995651320903562,0.0009555230102705536,-1.0368279755115508,-74.890305,0.021750872337725012,0.0014029934580321423,-0.9732774693518877,,,0.95,0.9,both,1.881604525900337,1.9726553652209962,1.094629642171074,0.0,-93.95267,2181.2639771733234,-28.334988
42,1784844872.205541,,8.0,,8.0,,6.0,,6.0,,10.0,,10.0,,1.0,,1.0,,4.0,,4.0,,2.0,,2.0,,5.0,,5.0,,8.0,,8.0,,7.351318734697998,,5.404667846625671,,9.369848450645804,,0.6131451865658164,,3.7066205106675625,,1.769392034271732,,4.739707473665476,,7.4375,0.05625399574637413,-0.004201350442599505,0.016740576538722962,1.5657855682075024,0.2642212510108948,0.9083384275436401,0.31097692251205444,-0.22573716938495636,0.13930870592594147,0.8070721626281738,-0.06477786600589752,3376,0.35894647240638733,5.04902458190918,0.08890808373689651,6914048,12531,3376,211,-8.826898,0.012509665751713328,0.0007555994568974711,-1.1202311038970947,-64.49063,0.03866584621137008,0.0006108207526267506,-1.0662983283400536,,,0.95,0.9,both,1.8640134433821642,2.067566624837772,0.9469157240249948,0.0,-67.253136,2179.5077783539105,-8.826898
43,1784844945.342215,,8.0,,8.0,,6.0,,6.0,,10.0,,10.0,,1.0,,1.0,,4.0,,4.0,,2.0,,2.0,,5.0,,5.0,,8.0,,8.0,,8.629125900100917,,6.779629185795784,,9.961207296699286,,1.4090671734884381,,4.346210142131895,,2.3102051122114062,,4.980998646467924,,8.6875,0.055305421352386475,-0.0038962426770012826,0.0011885650783369783,1.567389816045761,0.13542281091213226,0.8847138285636902,0.11194667220115662,0.18634001910686493,0.12878917157649994,0.6245826482772827,-0.1068398505449295,3456,0.2707180082798004,5.887992858886719,0.043793678283691406,7077888,12903,3456,216,-16.855038,0.009618290394428186,0.0010160439778701402,-1.2069357059895993,-73.62382,0.022297860332764687,0.0013495034305378794,-1.151110941171646,,,0.95,0.9,both,1.8876626531525846,2.242604329316962,0.7094410907304316,0.0,-75.82623,2240.188637735921,-16.855038
44,1784845022.7352252,,8.0,,8.0,,6.0,,6.0,,10.0,,10.0,,1.0,,1.0,,4.0,,4.0,,2.0,,2.0,,5.0,,5.0,,8.0,,8.0,,7.050307862460613,,5.055697441101074,,9.155513172969222,,0.5492789982818067,,3.53617499768734,,1.5779718570411205,,4.512139828875661,,7.0625,0.01809893175959587,0.00018406915478408337,0.0022498326434288174,1.579920470714569,0.19750778377056122,0.9084526300430298,0.18008707463741302,-0.09416539967060089,0.06446144729852676,0.666923463344574,-0.08950988948345184,3536,0.1503494381904602,4.812448024749756,0.032775551080703735,7241728,13296,3536,221,-12.493508,0.004886629301472567,0.0017611162773391697,-1.3236815921962262,-65.32286,0.02109926932025701,0.0013826357797370292,-1.2266180902719497,,,0.95,0.9,both,2.033559502098556,2.157496067748011,1.4065018802526996,0.0,-50.160835,2116.9876828235406,-12.493508
45,1784845097.744359,,8.0,,8.0,,6.0,,6.0,,10.0,,10.0,,1.0,,1.0,,4.0,,4.0,,2.0,,2.0,,5.0,,5.0,,8.0,,8.0,,8.764052043668926,,6.700368398829596,,9.970732087269425,,1.3466897122561932,,4.382211162243038,,2.4019872681237757,,4.9637192180380225,,8.75,0.03944148123264313,0.0004603715206030756,0.009784079178643879,1.5769781842827797,0.09047967940568924,0.9456565380096436,0.0767749547958374,-0.42191460728645325,0.11225417256355286,0.6811463832855225,0.001940747257322073,3616,0.23773624002933502,5.909969806671143,0.05584365874528885,7405568,13663,3616,226,-6.0041976,0.007753326203965116,0.002057891215372365,-1.3757225327193736,-66.95203,0.02371729934238829,0.00041615334048401565,-1.3242650911211968,,,0.95,0.9,both,1.9161431992752482,2.0736316606443763,0.9615119662864162,0.0,-72.00389,2184.2691803707735,-6.0041976
46,1784845174.7349815,,8.0,,8.0,,6.0,,6.0,,10.0,,10.0,,1.0,,1.0,,4.0,,4.0,,2.0,,2.0,,5.0,,5.0,,8.0,,8.0,,7.7143692234531045,,5.589270376600325,,9.437181815505028,,0.8683862297330052,,3.804735306883231,,1.7801132674794644,,4.7765293614938855,,7.5,0.04963769018650055,-0.00011096574598923326,0.012793778936611488,1.5896280631422997,0.16318517923355103,0.8293643593788147,0.13327017426490784,-0.23481342196464539,0.12885476648807526,0.7177558541297913,-0.01535505149513483,3696,0.3910363018512726,5.1838226318359375,0.06989124417304993,7569408,14078,3696,231,-10.744806,0.005123870362876914,0.001862186923972331,-1.4901230938732624,-65.6802,0.03442311050603166,0.00042390017406432887,-1.4093440361320972,,,0.95,0.9,both,2.0891067271809396,2.0286912864128137,0.7370101701716064,0.0,-70.969574,2128.0503917096207,-10.744806
47,1784845252.9580045,,8.0,,8.0,,6.0,,6.0,,10.0,,10.0,,1.0,,1.0,,4.0,,4.0,,2.0,,2.0,,5.0,,5.0,,8.0,,8.0,,8.755526670254767,,6.526747326832265,,9.821962842717767,,1.1700157164596021,,4.3424616027623415,,2.3399938391521573,,4.940598896937445,,8.5625,0.043502435088157654,-0.007914036948932335,0.0026015576113422867,1.600064069032669,0.11717328429222107,0.811493992805481,0.08246094733476639,0.25282829999923706,0.12205611914396286,0.7914132475852966,-0.01469016820192337,3776,0.3492351174354553,5.807475566864014,0.03612087666988373,7733248,14407,3776,236,-14.83062,0.010790432905196212,0.00046930317839724014,-1.5633758403360845,-73.6355,0.019704379636095837,0.0006342985871015117,-1.5104866951704026,,,0.95,0.9,both,1.9455725585711776,2.088675835603866,0.47659009874212244,0.0,-57.713875,2094.5243261624964,-14.83062
48,1784845328.504311,,8.0,,8.0,,6.0,,6.0,,10.0,,10.0,,1.0,,1.0,,4.0,,4.0,,2.0,,2.0,,5.0,,5.0,,8.0,,8.0,,7.222972143288644,,5.207251155748963,,9.31084744259715,,0.8206361606135033,,3.714417622424662,,1.7082841717638075,,4.681044713128358,,7.25,0.06610588729381561,-0.006900917971506715,0.0035302584365126677,1.6163291446864605,0.1648809313774109,0.957650363445282,0.16365349292755127,-0.395156592130661,0.18415093421936035,0.8180835247039795,-0.012587039731442928,3856,0.3285887837409973,4.989431858062744,0.07754810899496078,7897088,14758,3856,241,-14.255692,0.0067653122110641565,0.0014584250799089204,-1.6522419407963753,-70.621414,0.03768703843234107,0.0012633399994228967,-1.6004669927060604,,,0.95,0.9,both,2.1694191567805,2.19045296661339,0.7348050611812493,0.0,-69.28308,2168.735293285171,-14.255692
49,1784845406.2289581,,8.0,,8.0,,6.0,,6.0,,10.0,,10.0,,1.0,,1.0,,4.0,,4.0,,2.0,,2.0,,5.0,,5.0,,8.0,,8.0,,8.18778785620816,,6.029912303434685,,9.822215158725157,,1.0772294071502984,,4.091282187495381,,2.09436069522053,,4.895455062389374,,8.1875,0.0375446118414402,-0.0072370790876448154,0.01588368436205201,1.620145708322525,0.09794139862060547,0.7628746032714844,0.17490755021572113,0.24300357699394226,0.09042336791753769,0.9282147884368896,-0.022037744522094727,3936,0.45145654678344727,5.548217296600342,0.04371338337659836,8060928,15076,3936,246,-19.900373,0.005665577447507531,0.0015611696711857804,-1.7240313962101936,-75.31981,0.024113445286639036,0.0008759126132645179,-1.6603347204625607,,,0.95,0.9,both,2.0723901700490286,2.517227528989891,0.6782023734980628,0.0,-63.145275,2107.9547103110226,-19.900373
50,1784845482.3090162,,8.0,,8.0,,6.0,,6.0,,10.0,,10.0,,1.0,,1.0,,4.0,,4.0,,2.0,,2.0,,5.0,,5.0,,8.0,,8.0,,8.495213489513844,,6.771050085313618,,9.836625343188643,,1.1459715669043362,,4.278813313227147,,2.2933598943054676,,4.95650308765471,,8.3125,0.03108152374625206,-0.002974478993564844,0.0022374750615199446,1.6179454438388348,0.11121368408203125,0.9725096821784973,0.0915265679359436,0.13431891798973083,0.07807444036006927,0.6940864324569702,-0.029966726899147034,4016,0.3739756643772125,5.761254787445068,0.04133037105202675,8224768,15427,4016,251,-12.356557,0.004985243108239956,0.0014193982278811745,-1.7965065963566302,-73.56852,0.025428910285700112,0.0013180724388803355,-1.749247132241726,,,0.95,0.9,both,2.1108331259043425,2.154287129248501,0.4756229262021847,0.0,-71.97506,2153.52336290162,-12.356557
51,1784845556.9011679,,8.0,,8.0,,6.0,,6.0,,10.0,,10.0,,1.0,,1.0,,4.0,,4.0,,2.0,,2.0,,5.0,,5.0,,8.0,,8.0,,8.183127278462052,,6.266676222672686,,9.904850784689188,,1.1621786519390298,,4.085525831673294,,2.097249421523884,,4.895686847623438,,8.0,0.06384720653295517,-0.004402469960041344,0.019230303238146007,1.621653463691473,0.12876087427139282,0.8424561023712158,0.13874001801013947,0.1858639270067215,0.15331174433231354,0.8894376754760742,-0.0777045339345932,4096,0.4619046747684479,5.574411869049072,0.03974287584424019,8388608,15688,4096,256,-2.8940427,0.005146108305780217,0.0017622580962779466,-1.8994241803884506,-74.783066,0.026303336268756538,0.0011204882801393978,-1.833584064245224,,,0.95,0.9,both,2.267492384205675,2.461405182280734,0.7899549654068478,0.0,-73.67861,2196.4746266070883,-2.8940427
52,1784845633.4514723,,8.0,,8.0,,6.0,,6.0,,10.0,,10.0,,1.0,,1.0,,4.0,,4.0,,2.0,,2.0,,5.0,,5.0,,8.0,,8.0,,8.949117042124271,,6.981210846453905,,10.0,,1.4685360547155142,,4.474584072828293,,2.495141001418233,,5.0,,8.9375,0.005645472090691328,0.0011558703845366836,0.003885359781634179,1.6318415477871895,0.0960080549120903,0.7932608127593994,0.07224439084529877,0.052349429577589035,0.02850984036922455,0.7357351779937744,-0.021651001647114754,4176,0.06687210500240326,6.0382609367370605,0.029280226677656174,8552448,16067,4176,261,-7.683371,0.004328208449442173,0.001146645717381034,-1.996161574870348,-54.545044,0.026860076922457666,0.002534030417155009,-1.9261309929192065,,,0.95,0.9,both,2.1299813382204507,2.9405187454078776,1.2294435723245858,0.0,-58.08262,2140.291433966646,-7.683371
53,1784845706.6583486,,8.0,,8.0,,6.0,,6.0,,10.0,,10.0,,1.0,,1.0,,4.0,,4.0,,2.0,,2.0,,5.0,,5.0,,8.0,,8.0,,7.089731227606535,,5.065089415758848,,9.137685596942902,,0.5492643625475466,,3.571674283593893,,1.5744351167231798,,4.5727719059214,,7.125,0.00806988961994648,0.0012009978527203202,0.0004677326983255625,1.6373745501041412,0.14175806939601898,0.8425770998001099,0.10418005287647247,-0.1577456146478653,0.021459689363837242,0.7863602638244629,-0.0162624754011631,4256,0.16006599366664886,4.83570671081543,0.10286148637533188,8716288,16410,4256,266,-0.5637388,0.00411240760149667,0.0019505379597831052,-2.097221152484417,-79.00982,0.03113455353304744,0.0011243271423154511,-2.0268658354878424,,,0.95,0.9,both,2.298837805279347,2.6857205720031203,0.7738884742275668,0.0,-70.04292,2238.0427950547232,-0.5637388
54,1784845781.859525,,8.0,,8.0,,6.0,,6.0,,10.0,,10.0,,1.0,,1.0,,4.0,,4.0,,2.0,,2.0,,5.0,,5.0,,8.0,,8.0,,7.302499415178318,,5.482395480154082,,9.442635610699654,,0.7896913295262493,,3.7154778512194753,,1.7123256481718272,,4.662994648795575,,7.125,0.07414451241493225,-0.0016524720704182982,0.0021146113831491675,1.6450261324644089,0.13182246685028076,0.8734738826751709,0.12070704251527786,0.00020488351583480835,0.18217599391937256,0.7855244278907776,-0.04334564507007599,4336,0.32926973700523376,5.029127597808838,0.05779783055186272,8880128,16763,4336,271,1.2774056,0.004108960914891213,0.002915404719533399,-2.1641928762197495,-61.574944,0.026329115021508188,0.0010845422439160757,-2.1255442202091217,,,0.95,0.9,both,2.429875930114325,2.6378454862699385,0.3944881931333296,0.0,-61.929436,2178.6892123646685,1.2774056
55,1784845857.1981692,,8.0,,8.0,,6.0,,6.0,,10.0,,10.0,,1.0,,1.0,,4.0,,4.0,,2.0,,2.0,,5.0,,5.0,,8.0,,8.0,,8.238333050627261,,6.175669374177232,,9.772993995808065,,1.0549991277512163,,3.90361941838637,,1.9349841185030527,,4.829271133523434,,8.3125,0.060846250504255295,-0.008269208017736673,0.028699770657112822,1.656101681292057,0.10962806642055511,0.940216064453125,0.09816797077655792,0.3233819901943207,0.1571415662765503,0.8356161713600159,0.027845066040754318,4416,0.44865724444389343,5.527796268463135,0.04012352600693703,9043968,17093,4416,276,0.79566973,0.00429259385637124,0.0024863494458259084,-2.25666388720274,-46.25787,0.02031613278668374,0.0013048040418652818,-2.1706972122192383,,,0.95,0.9,both,2.410307683595643,2.740549543200262,0.8182096976889474,0.0,-63.368298,2174.714257127086,0.79566973
56,1784845933.2545772,,8.0,,8.0,,6.0,,6.0,,10.0,,10.0,,1.0,,1.0,,4.0,,4.0,,2.0,,2.0,,5.0,,5.0,,8.0,,8.0,,8.350254049524665,,6.176843624329194,,9.76211555628106,,1.0250129052437842,,4.2233387471642345,,2.089564603753388,,4.8899811609881,,8.25,0.04743050038814545,-0.0007578851655125618,0.001579095987835899,1.6679166741669178,0.1134229302406311,0.9644747376441956,0.08197586983442307,-0.06681063771247864,0.12361692637205124,0.771797776222229,-0.024748003110289574,4496,0.48295238614082336,5.595889091491699,0.05859130248427391,9207808,17453,4496,281,1.147777,0.004128450788266491,0.002841731630905997,-2.310132159292698,-68.67207,0.031238178047351538,0.001451137027470395,-2.237297847867012,,,0.95,0.9,both,2.499757995015758,2.7685465229471595,0.4209416618899211,0.0,-59.000023,2154.189900863285,1.147777
57,1784846011.3602357,,8.0,,8.0,,6.0,,6.0,,10.0,,10.0,,1.0,,1.0,,4.0,,4.0,,2.0,,2.0,,5.0,,5.0,,8.0,,8.0,,7.56998603977263,,5.914580999407917,,9.42248672246933,,0.8271431348985061,,3.793377439767937,,1.7251775246113539,,4.87699081748724,,7.375,0.0281039047986269,-0.0023576749954372644,0.0018382176604063716,1.6736782304942608,0.10901027172803879,0.8476331830024719,0.09995578229427338,-0.1801302134990692,0.07937522232532501,0.798391580581665,-0.06577306985855103,4576,0.4143674373626709,5.188093185424805,0.043520525097846985,9371648,17803,4576,286,0.810084,0.004260074866760988,0.0018159770756028593,-2.364540272951126,-78.261,0.025778874394018204,0.0012160642982053105,-2.329673025012016,,,0.95,0.9,both,2.445908975383422,2.7360928122145323,0.4913548881398824,0.0,-49.80694,2097.671135411327,0.810084
58,1784846086.3177826,,8.0,,8.0,,6.0,,6.0,,10.0,,10.0,,1.0,,1.0,,4.0,,4.0,,2.0,,2.0,,5.0,,5.0,,8.0,,8.0,,8.587685050442815,,6.371701754629612,,9.736226299777627,,1.1158706732094288,,4.34556924449862,,2.307154219597578,,4.952894274145365,,8.25,0.0814831480383873,-0.0030620666220784187,0.012247339109308086,1.676378607749939,0.09410922229290009,0.8950644135475159,0.07457392662763596,0.3222486972808838,0.24048228561878204,0.7341607213020325,-0.044187478721141815,4656,0.4212146997451782,5.70838737487793,0.05076819658279419,9535488,18136,4656,291,2.421517,0.004102821577544091,0.0017074689152650536,-2.4509255319833754,-60.955727,0.022125090978806838,0.0021207120400504207,-2.387920518219471,,,0.95,0.9,both,2.4069316589266707,3.101208093545149,0.58322637948812,0.0,-66.10839,2185.77054815539,2.421517
59,1784846160.9748094,,8.0,,8.0,,6.0,,6.0,,10.0,,10.0,,1.0,,1.0,,4.0,,4.0,,2.0,,2.0,,5.0,,5.0,,8.0,,8.0,,7.287798296660185,,5.2094708904623985,,9.117843478918076,,0.6915128622204065,,3.7058099844725803,,1.5783347375690937,,4.578871216624975,,7.5,0.06812413036823273,-0.0007490001735277474,0.014668898380477913,1.6795569397509098,0.3718475103378296,1.0244697332382202,0.25692427158355713,0.14349140226840973,0.1677435338497162,0.8981057405471802,-0.09141108393669128,4736,0.30965566635131836,4.958705425262451,0.020649345591664314,9699328,18390,4736,296,-4.2354364,0.004192358368163696,0.0028285031803534366,-2.5007144913077353,-54.092968,0.008318504595081322,0.0006378915175446309,-2.418237528204918,,,0.95,0.9,both,2.5868134946417074,2.589265963511621,0.7873414974426904,0.0,-68.446915,2194.5702628733084,-4.2354364
60,1784846236.0719087,,8.0,,8.0,,6.0,,6.0,,10.0,,10.0,,1.0,,1.0,,4.0,,4.0,,2.0,,2.0,,5.0,,5.0,,8.0,,8.0,,8.033514937967993,,6.0262166922912,,9.792235707864165,,0.9110893022152595,,3.919679401675239,,1.8612178089679219,,4.758137007243931,,7.75,0.08264870196580887,-0.012303765790420584,0.00695999177696649,1.690870013087988,0.1252867728471756,0.862454891204834,0.16866435110569,0.059225939214229584,0.19524115324020386,0.9116582870483398,-0.11617309600114822,4816,0.468496173620224,5.381511211395264,0.03173841908574104,9863168,18653,4816,301,2.746517,0.004346706446085591,0.0025730129884323103,-2.584898142516613,-49.728405,0.021776563773164524,0.001504394227231387,-2.4921555534005164,,,0.95,0.9,both,2.521654543383943,2.913893181235525,0.6544368662243945,0.0,-60.327465,2181.7070499533147,2.746517
61,1784846309.701997,,8.0,,8.0,,6.0,,6.0,,10.0,,10.0,,1.0,,1.0,,4.0,,4.0,,2.0,,2.0,,5.0,,5.0,,8.0,,8.0,,8.172912382986397,,6.330906257964671,,9.7958873398602,,0.9550727713503875,,4.055234063882381,,2.257422932307236,,4.905620182398707,,8.375,0.054229456931352615,-0.002431991510093212,0.0026173650003329385,1.6991410925984383,0.5127405524253845,0.8331177830696106,0.4418073892593384,0.26949211955070496,0.15032018721103668,0.7338733673095703,-0.07990534603595734,4896,0.4172276258468628,5.606007099151611,0.02625817432999611,10027008,18890,4896,306,4.358565,0.004191569596878253,0.002492030063876882,-2.682498797774315,-67.06854,0.009749515342991798,0.0024859210512659046,-2.5737523034214975,,,0.95,0.9,both,2.617182052546309,2.6159998479936872,0.48023016234912896,0.0,-63.04714,2225.17744492996,4.358565
62,1784846382.4264414,,8.0,,8.0,,6.0,,6.0,,10.0,,10.0,,1.0,,1.0,,4.0,,4.0,,2.0,,2.0,,5.0,,5.0,,8.0,,8.0,,7.313484906451777,,5.585163519717753,,9.311769858002663,,0.7275466602295637,,3.7602291187504306,,1.6691869520582259,,4.654740753292572,,7.375,0.06996287405490875,-0.0025151296285912395,0.00826834823237732,1.7013060674071312,0.187439426779747,0.8870806097984314,0.13745319843292236,-0.15034259855747223,0.17441843450069427,0.7832229137420654,-0.035878051072359085,4976,0.3866691589355469,5.049640655517578,0.020149368792772293,10190848,19150,4976,311,-7.113537,0.005769981993944384,0.0035133427190885413,-2.7430063813924788,-65.18269,0.01605920905712992,0.0016916243155719712,-2.6332082360982896,,,0.95,0.9,both,2.752968256685331,2.81459647107061,0.6323480054582079,0.0,-48.567894,2252.8875322927497,-7.113537
63,1784846454.5908825,,8.0,,8.0,,6.0,,6.0,,10.0,,10.0,,1.0,,1.0,,4.0,,4.0,,2.0,,2.0,,5.0,,5.0,,8.0,,8.0,,7.846624543890357,,5.267719771713018,,9.753916571848094,,0.7970847841352224,,3.8359810130205005,,1.7819524907972664,,4.7825193997705355,,7.75,0.041679371148347855,-0.018544814956840128,0.0014819002917647595,1.7076236829161644,0.1655227541923523,0.7990298867225647,0.1214171051979065,0.0864502340555191,0.1091463714838028,0.8634763956069946,0.004773847293108702,5056,0.44809532165527344,5.2269744873046875,0.020841674879193306,10354688,19366,5056,316,-14.221926,0.007882372956373729,0.002453982218867168,-2.774749535322189,-45.505898,0.01410374086117372,0.0005534534611797426,-2.687183265388012,,,0.95,0.9,both,2.583145729896736,2.674642261835886,0.47276810837272787,0.0,-52.91347,2270.369339899136,-14.221926
64,1784846528.1185644,,8.0,,8.0,,6.0,,6.0,,10.0,,10.0,,1.0,,1.0,,4.0,,4.0,,2.0,,2.0,,5.0,,5.0,,8.0,,8.0,,8.484952194616199,,6.6302203056402504,,9.953965530730784,,1.4046573303639889,,4.373741158982739,,2.434841963695362,,5.0,,8.9375,0.04463570564985275,-0.001661886170040816,0.0016884520455278107,1.7272354252636433,0.21123556792736053,0.937932014465332,0.4825401306152344,-0.14977571368217468,0.12269743531942368,0.9751415252685547,0.030034160241484642,5136,0.2706281840801239,5.902484893798828,0.06811342388391495,10518528,19603,5136,321,-8.52771,0.010634718072833494,0.0018815891118720174,-2.810046038031578,-66.71243,0.02240741842542775,0.0023059182058204897,-2.7686929166316987,,,0.95,0.9,both,2.573182863172973,3.2176005050028116,0.7519101583461467,0.0,-66.156105,2228.2773034592365,-8.52771
65,1784846604.1060445,,8.0,,8.0,,6.0,,6.0,,10.0,,10.0,,1.0,,1.0,,4.0,,4.0,,2.0,,2.0,,5.0,,5.0,,8.0,,8.0,,8.189854112453759,,6.105950474389829,,9.828179931966588,,1.1239504818804562,,4.048926143441349,,2.175101098138839,,4.8053811229765415,,8.375,0.11742407083511353,-0.0037428023642860353,0.007898343523265794,1.735367376357317,0.1096498966217041,0.7342102527618408,0.0898396223783493,-0.1693432480096817,0.293351411819458,0.7045071721076965,0.04802880063652992,5216,0.479338139295578,5.581543445587158,0.06461359560489655,10682368,19917,5216,326,3.362119,0.004224265954690054,0.0018455047909810673,-2.827694834768772,-78.72212,0.02683875154471025,0.0016219523749896325,-2.780237506330013,,,0.95,0.9,both,2.6328621721648444,3.0856947706581472,0.3901525847023366,0.0,-66.92421,2156.1456508168444,3.362119
66,1784846679.0139618,,8.0,,8.0,,6.0,,6.0,,10.0,,10.0,,1.0,,1.0,,4.0,,4.0,,2.0,,2.0,,5.0,,5.0,,8.0,,8.0,,8.305675568059087,,6.408973574521951,,9.778456388157792,,1.0209256503731012,,4.124886735342443,,1.9548689909279346,,4.9340033936314285,,8.375,0.09777792543172836,0.00027887069154530764,0.006663589345407672,1.7346916384994984,0.20752021670341492,0.8878116607666016,0.16466712951660156,-0.491971880197525,0.25403276085853577,0.8532857894897461,-0.01972733810544014,5296,0.4571966230869293,5.61284875869751,0.06259606778621674,10846208,20179,5296,331,-7.5289106,0.015847412741277368,0.0023015197075437754,-2.849971276521683,-78.827065,0.021539864112855866,0.0024354798646527343,-2.7986273989081383,,,0.95,0.9,both,2.5536734460173216,2.995226976099788,0.41830975462337583,0.0,-64.19367,2187.2189701631555,-7.5289106
67,1784846752.520186,,8.0,,8.0,,6.0,,6.0,,10.0,,10.0,,1.0,,1.0,,4.0,,4.0,,2.0,,2.0,,5.0,,5.0,,8.0,,8.0,,8.762353823520243,,6.588080452056602,,9.960428197868168,,1.316021173261106,,4.325996533967555,,2.3963649477809668,,5.0,,8.8125,0.02757994458079338,-0.00301326165208593,0.007532931118475972,1.7334341071546078,0.14269773662090302,0.9696506261825562,0.13480210304260254,0.6993718147277832,0.06671775132417679,0.7206087112426758,-0.037524495273828506,5376,0.2557525336742401,5.895218372344971,0.026937980204820633,11010048,20473,5376,336,-6.5681777,0.005664490151684731,0.0034384047939965967,-2.8933143958449365,-49.27297,0.008609262396930717,0.0024495474790455773,-2.8772906973958015,,,0.95,0.9,both,2.769137173199541,3.5343503403038854,0.5817561510660203,0.0,-78.088394,2228.925445500026,-6.5681777
68,1784846825.4613078,,8.0,,8.0,,6.0,,6.0,,10.0,,10.0,,1.0,,1.0,,4.0,,4.0,,2.0,,2.0,,5.0,,5.0,,8.0,,8.0,,8.755450821481645,,6.365437394473702,,10.0,,1.3897688949946314,,4.368187083862722,,2.3203746944200248,,4.98322976869531,,8.5,0.05274953693151474,-0.0011852225288748741,0.0018039530332316644,1.7298939861357212,0.5152367353439331,0.8676767349243164,0.4350091516971588,-0.03721033036708832,0.1371673196554184,0.8135136961936951,-0.0716841071844101,5456,0.3322662115097046,5.835306167602539,0.02709447406232357,11173888,20712,5456,341,-6.2950377,0.0059638907252519855,0.0019497008666803594,-2.961047004163265,-35.005123,0.007141633814899251,0.0023322575958445667,-2.8849914193153383,,,0.95,0.9,both,2.785220900883255,3.094481693980479,0.35024100245439566,0.0,-67.268425,2246.195541217277,-6.2950377
69,1784846899.4390798,,8.0,,8.0,,6.0,,6.0,,10.0,,10.0,,1.0,,1.0,,4.0,,4.0,,2.0,,2.0,,5.0,,5.0,,8.0,,8.0,,7.347774280235171,,5.25469881889876,,9.418822760693729,,0.8201687317341566,,3.754408954991959,,1.631298441439867,,4.639321104623377,,7.5,0.06458896398544312,-0.0003319697570987046,0.003064609605644364,1.737265881150961,0.1335248202085495,0.8007015585899353,0.12012859433889389,0.20812910795211792,0.16888244450092316,0.8704537749290466,0.005628760904073715,5536,0.3488938510417938,5.045811653137207,0.06843073666095734,11337728,21018,5536,346,4.91878,0.004777653938799631,0.003078009202727117,-3.045326015353203,-75.06725,0.023400203057099132,0.0005089857819257304,-2.9261541813611984,,,0.95,0.9,both,2.833148144598631,3.091734955333475,0.42319716616907843,0.0,-60.409874,2214.7190469716547,4.91878
70,1784846974.757814,,8.0,,8.0,,6.0,,6.0,,10.0,,10.0,,1.0,,1.0,,4.0,,4.0,,2.0,,2.0,,5.0,,5.0,,8.0,,8.0,,7.087635103613138,,5.195631021168083,,9.11141717620194,,0.5831521777436137,,3.5203461945056915,,1.6011990532279015,,4.543956129811704,,7.3125,0.055627670139074326,-0.003076781169511378,0.002911356175900437,1.7496335469186306,0.12117761373519897,0.86533123254776,0.08506898581981659,-0.0770045816898346,0.15103033185005188,0.8192795515060425,0.06325285136699677,5616,0.23866727948188782,4.869480133056641,0.03172692283987999,11501568,21264,5616,351,-28.023026,0.0040597866551252085,0.0030755711166420953,-3.1075017765164374,-54.222908,0.013807198882568627,0.0018570898108009714,-3.0337864443659783,,,0.95,0.9,both,3.0859829635760243,3.1635552460413923,0.8167912898637988,0.0,-57.271454,2175.290636302614,-28.023026
71,1784847049.082509,,8.0,,8.0,,6.0,,6.0,,10.0,,10.0,,1.0,,1.0,,4.0,,4.0,,2.0,,2.0,,5.0,,5.0,,8.0,,8.0,,8.557498074602336,,6.490664678160101,,9.719863023608923,,1.3065266562625766,,4.251307341270149,,2.200787491630763,,4.898998092627153,,8.5,0.08526239544153214,-0.005408546945545822,0.0026445790790603496,1.75744803622365,0.09870461374521255,0.8601288795471191,0.08658627420663834,-0.1751856803894043,0.2124091386795044,0.7364602088928223,0.10824286937713623,5696,0.4254571795463562,5.740705966949463,0.03685395047068596,11665408,21543,5696,356,-2.7714677,0.0043442720903840385,0.0032033178977144416,-3.183601713180542,-51.003185,0.016489384014857934,0.0004683185470639728,-3.1403234228491783,,,0.95,0.9,both,2.9334188261772747,2.9831798289937206,0.4523940007781502,0.0,-66.682846,2204.3808117139097,-2.7714677
72,1784847123.8670835,,8.0,,8.0,,6.0,,6.0,,10.0,,10.0,,1.0,,1.0,,4.0,,4.0,,2.0,,2.0,,5.0,,5.0,,8.0,,8.0,,8.467492739669979,,6.088037794455886,,9.836540304124355,,1.1448210657108575,,4.220604311674833,,2.1581553937867284,,4.878562184982002,,8.3125,0.07595573365688324,-0.0004750319058075547,0.006692899019981269,1.7562248334288597,0.2003847360610962,0.8536423444747925,0.1493995189666748,0.15071478486061096,0.22444306313991547,0.8114814162254333,0.03464795649051666,5776,0.4841609597206116,5.638339042663574,0.02783019281923771,11829248,21783,5776,361,-1.8870939,0.0038513689360115677,0.003782576770754531,-3.2700449228286743,-57.589794,0.010314827936235815,0.0018633092258824036,-3.200132504105568,,,0.95,0.9,both,3.0653406456685195,3.6306203031911806,0.43175208604281806,0.0,-30.59024,2190.8255711781558,-1.8870939
73,1784847198.664169,,8.0,,8.0,,6.0,,6.0,,10.0,,10.0,,1.0,,1.0,,4.0,,4.0,,2.0,,2.0,,5.0,,5.0,,8.0,,8.0,,7.734994010999799,,6.175554470159113,,9.766044301912189,,1.0491000112961046,,3.8120102015091106,,2.050173689611256,,4.8822742979973555,,7.9375,0.08733013272285461,-0.004386888002045453,0.007484930749342311,1.7645063623785973,0.1456652283668518,0.8443277478218079,0.1196189820766449,0.1425100564956665,0.2245662957429886,0.8057025074958801,0.0023679323494434357,5856,0.49441084265708923,5.4259562492370605,0.03174872323870659,11993088,22017,5856,366,-16.900381,0.00851524278987199,0.004228716475336114,-3.296312873065472,-67.27386,0.01700269315333571,0.0023480026109609755,-3.299396052956581,,,0.95,0.9,both,3.107562135526904,3.184561707796949,0.3977523288704095,0.0,-62.688526,2190.459870999878,-16.900381
74,1784847272.3663917,,8.0,,8.0,,6.0,,6.0,,10.0,,10.0,,1.0,,1.0,,4.0,,4.0,,2.0,,2.0,,5.0,,5.0,,8.0,,8.0,,8.450781633611768,,6.351804058998823,,9.7998823300004,,1.1863810364156961,,4.166080337949097,,2.056203187443316,,4.87779651209712,,8.3125,0.09064039587974548,-0.002215235261246562,0.0032827123250172008,1.7834149189293385,0.10751421749591827,0.9548171162605286,0.10702255368232727,-0.28568702936172485,0.25431257486343384,0.8346845507621765,-0.004596899263560772,5936,0.4825856685638428,5.650178909301758,0.030924756079912186,12156928,22268,5936,371,0.36231345,0.0052351408841786904,0.0024593246533186177,-3.3912194296717644,-56.507507,0.020919732458423823,0.002037850524357054,-3.35904226154089,,,0.95,0.9,both,3.156244776846593,3.157922622346118,0.5559621559726475,0.0,-45.073128,2222.999023674946,0.36231345
75,1784847345.2668333,,8.0,,8.0,,6.0,,6.0,,10.0,,10.0,,1.0,,1.0,,4.0,,4.0,,2.0,,2.0,,5.0,,5.0,,8.0,,8.0,,8.770244822837412,,6.696551354601979,,10.0,,1.3774809651076794,,4.455655252560973,,2.375714672380127,,4.9777243584394455,,8.8125,0.061187077313661575,0.0011377291521057487,0.025864838302368298,1.7804033644497395,0.28497591614723206,0.8968064785003662,0.21490193903446198,0.17771542072296143,0.18526211380958557,0.7886441946029663,-0.05512472987174988,6016,0.24243564903736115,5.933233737945557,0.025022044777870178,12320768,22499,6016,376,6.5910807,0.009422361917677336,0.003537076605425682,-3.4210455268621445,-52.849976,0.009142308330046945,0.0026712749429862017,-3.3768262788653374,,,0.95,0.9,both,3.0487762920386947,3.4269931489392915,0.8873733187544615,0.0,-65.57909,2247.4484452949105,6.5910807
76,1784847419.475516,,8.0,,8.0,,6.0,,6.0,,10.0,,10.0,,1.0,,1.0,,4.0,,4.0,,2.0,,2.0,,5.0,,5.0,,8.0,,8.0,,7.264097908511758,,5.515024923719466,,9.149072993546724,,0.6317523522302508,,3.5910958414897323,,1.5742349098436534,,4.621740631759167,,7.1875,0.04521770402789116,0.0005722663190681487,0.02238964068237692,1.780395481735468,0.13937096297740936,0.9053685069084167,0.07931867241859436,0.02710110694169998,0.13259227573871613,0.6678417921066284,-0.034820616245269775,6096,0.33250170946121216,4.94181489944458,0.03113628551363945,12484608,22764,6096,381,6.382118,0.006170648214174434,0.002576741533266613,-3.4614282310009004,-64.852646,0.018331854144344108,0.002011173786013387,-3.4074078008532522,,,0.95,0.9,both,2.9393589207750765,3.921460823785489,0.9395331788975103,0.0,-86.30727,2207.8290076371486,6.382118
77,1784847497.3013432,,8.0,,8.0,,6.0,,6.0,,10.0,,10.0,,1.0,,1.0,,4.0,,4.0,,2.0,,2.0,,5.0,,5.0,,8.0,,8.0,,8.035966273397207,,6.258034769445658,,9.681622600182891,,1.1413827249780297,,4.002409668304608,,1.9886175444116816,,4.853626343887299,,8.0,0.07989204674959183,-0.0027457986143417656,0.002794327592710033,1.7908354699611664,0.12534938752651215,0.8486217260360718,0.11053894460201263,0.05807650089263916,0.18840332329273224,0.8576521873474121,-0.01782960444688797,6176,0.46824410557746887,5.495207786560059,0.020167449489235878,12648448,22992,6176,386,-2.9821496,0.006241354423400481,0.004224327430711128,-3.5166173040866853,-59.50227,0.016482062061550097,0.0026134249987080694,-3.487082928419113,,,0.95,0.9,both,3.0046213958029453,3.4638308943442224,0.3670683981582881,0.0,-35.16092,2105.226592891904,-2.9821496
78,1784847571.3030226,,8.0,,8.0,,6.0,,6.0,,10.0,,10.0,,1.0,,1.0,,4.0,,4.0,,2.0,,2.0,,5.0,,5.0,,8.0,,8.0,,7.900829912163317,,5.518533602938987,,9.514080908382311,,0.7594789583235979,,3.77751449682728,,1.953133401926607,,4.644492938648909,,7.625,0.0840669572353363,-0.0011236981372348964,0.01005431227531517,1.7973714582622051,0.16418394446372986,0.7949429750442505,0.19850420951843262,0.21919968724250793,0.23761646449565887,0.813921332359314,-0.044979944825172424,6256,0.4887886643409729,5.211633205413818,0.039751432836055756,12812288,23225,6256,391,-20.580235,0.007768784720974508,0.003671096636389848,-3.591265469789505,-45.061226,0.013024499028688297,0.003165396276745014,-3.565839459002018,,,0.95,0.9,both,3.0849712604041786,3.9516486504359016,0.4735069163886054,0.0,-41.57554,2213.9890539380767,-20.580235
79,1784847645.600433,,8.0,,8.0,,6.0,,6.0,,10.0,,10.0,,1.0,,1.0,,4.0,,4.0,,2.0,,2.0,,5.0,,5.0,,8.0,,8.0,,8.594457554165274,,6.366586494259536,,9.925508528016508,,1.3825946485812892,,4.285325617529452,,2.217633747961372,,4.912663320079446,,8.25,0.1174413189291954,-0.007865150517318398,0.0037331783896661364,1.7988346181809902,0.2366398274898529,0.7925336360931396,0.21844053268432617,0.047563426196575165,0.27487409114837646,0.8210958242416382,0.008244117721915245,6336,0.4217345416545868,5.741846084594727,0.01740095764398575,12976128,23465,6336,396,7.8796067,0.007954764297755901,0.0038488482547109014,-3.636755545437336,-63.720436,0.026045785349560903,0.0017914458861923777,-3.5969637796282767,,,0.95,0.9,both,3.069456538122639,3.333734019583125,0.5909073800904966,0.0,-42.52114,2205.1913513328113,7.8796067
80,1784847718.0085266,,8.0,,8.0,,6.0,,6.0,,10.0,,10.0,,1.0,,1.0,,4.0,,4.0,,2.0,,2.0,,5.0,,5.0,,8.0,,8.0,,7.7469351114705205,,5.639649993274361,,9.742898247204721,,0.914922897820361,,3.8697443678975105,,1.9716051663272083,,4.91857954301031,,7.9375,0.09411010146141052,-0.005561752070207149,0.008014241589989979,1.803831335157156,0.1541309952735901,0.8924906253814697,0.12517260015010834,0.010618213564157486,0.26033133268356323,1.0085474252700806,0.04878269508481026,6416,0.5100299715995789,5.342729568481445,0.045863039791584015,13139968,23679,6416,401,8.049211,0.005714268078736495,0.002578254732361529,-3.6880167692899706,-75.54549,0.012584607565077021,0.0025331942400953268,-3.642381064593792,,,0.95,0.9,both,3.106574908759239,4.054253134266707,0.4402922590775676,0.0,-50.634277,2262.7311710181193,8.049211
81,1784847792.6100636,,8.0,,8.0,,6.0,,6.0,,10.0,,10.0,,1.0,,1.0,,4.0,,4.0,,2.0,,2.0,,5.0,,5.0,,8.0,,8.0,,7.912474053911865,,5.726598950102925,,9.33713436871767,,1.0213450278388336,,3.857956730760634,,1.8595070196024608,,4.722696034703404,,8.0625,0.04123944789171219,0.0002794100437313318,0.0018973220139741898,1.8082530833780766,0.1621818095445633,0.8575490117073059,0.12615105509757996,0.11438080668449402,0.10853967815637589,0.7801934480667114,0.06218115985393524,6496,0.4914678633213043,5.312526226043701,0.04250090569257736,13303808,23924,6496,406,-7.2004976,0.004217453250748804,0.0022384465410141274,-3.6994277432560922,-45.510815,0.01036574931931682,0.003181022657372523,-3.667754974961281,,,0.95,0.9,both,3.3075885167118075,4.224447012240079,0.3935570245660789,0.0,-44.439415,2196.2000783121334,-7.2004976
82,1784847864.897651,,8.0,,8.0,,6.0,,6.0,,10.0,,10.0,,1.0,,1.0,,4.0,,4.0,,2.0,,2.0,,5.0,,5.0,,8.0,,8.0,,7.438135821837932,,5.50188799087482,,9.303014072123915,,0.8245428511872888,,3.7106744842603803,,1.5838841141667217,,4.72405481338501,,7.25,0.04070955514907837,-0.0014707593945786357,0.008413653551542666,1.8139187693595886,0.17481517791748047,0.9206351637840271,0.12816646695137024,0.1356879472732544,0.11410688608884811,0.8916075825691223,0.005114505998790264,6576,0.3914179801940918,5.0420241355896,0.03697189316153526,13467648,24131,6576,411,1.5046188,0.004567285859957337,0.002957604931725655,-3.763802321255207,-63.351097,0.013665827971999533,0.0024741581168200356,-3.733980268239975,,,0.95,0.9,both,3.286877705986631,3.2844888808426163,0.5633320838978524,0.0,-81.297646,2266.5018879103236,1.5046188
83,1784847937.8163393,,8.0,,8.0,,6.0,,6.0,,10.0,,10.0,,1.0,,1.0,,4.0,,4.0,,2.0,,2.0,,5.0,,5.0,,8.0,,8.0,,7.313184824772179,,5.2376255444251,,9.258770228363574,,0.7463375246152282,,3.6449985541403294,,1.611580714583397,,4.640840786509216,,7.4375,0.06106241047382355,-0.00021739560179412365,0.004412108144606464,1.8114121556282043,0.2526997923851013,0.8622984290122986,0.17593511939048767,-0.32981497049331665,0.16193526983261108,0.8351221680641174,-0.0012792341876775026,6656,0.35627463459968567,4.986354351043701,0.029223525896668434,13631488,24348,6656,416,9.672332,0.004965261461620685,0.004080796254856978,-3.7931480810046194,-45.74653,0.013036894559627399,0.0021451965658343397,-3.7934765845537184,,,0.95,0.9,both,3.3306374535854233,3.6333720289751668,0.6850513967166802,0.0,-53.906513,2246.888656034184,9.672332
84,1784848012.1034975,,8.0,,8.0,,6.0,,6.0,,10.0,,10.0,,1.0,,1.0,,4.0,,4.0,,2.0,,2.0,,5.0,,5.0,,8.0,,8.0,,8.637311607599258,,6.534678018593695,,9.969624287448823,,1.3919583172537386,,4.449131184257567,,2.4102348117157817,,4.979400464333594,,8.875,0.14184455573558807,-0.000336310884449631,0.0065817568902275525,1.8179220743477345,0.1933060884475708,0.9240295886993408,0.22546766698360443,0.11654526740312576,0.37182649970054626,0.9147584438323975,0.035450078547000885,6736,0.29763123393058777,5.905918121337891,0.05534667894244194,13795328,24587,6736,421,8.697153,0.0046357934035768265,0.0029371312470175327,-3.8147053092718126,-51.274353,0.03083787113428116,0.004722821575705893,-3.781995026767254,,,0.95,0.9,both,3.2343127990234644,3.709364852293826,0.6770763849490565,0.0,-41.401257,2205.494985506385,8.697153
85,1784848085.702048,,8.0,,8.0,,6.0,,6.0,,10.0,,10.0,,1.0,,1.0,,4.0,,4.0,,2.0,,2.0,,5.0,,5.0,,8.0,,8.0,,7.837823532056063,,5.932467240840197,,9.517454377375543,,1.2336916585918516,,4.229980705538765,,1.8718541888520122,,4.885974111035466,,8.3125,0.07434326410293579,-0.003346521087223664,0.00738960734452121,1.813838753849268,0.29410648345947266,0.7654532194137573,0.17431503534317017,-0.09843243658542633,0.1945280283689499,0.9872145056724548,0.05975630134344101,6816,0.46415671706199646,5.477718830108643,0.019448677077889442,13959168,24779,6816,426,-1.8136219,0.0040728037522058,0.001858435687609017,-3.825088246166706,-52.83545,0.005912220300524495,0.002583340898854658,-3.7997705817222593,,,0.95,0.9,both,3.72563245699475,4.0691552933667925,0.4521448490840675,0.0,-48.029987,2226.1299505016455,-1.8136219
86,1784848155.8739564,,8.0,,8.0,,6.0,,6.0,,10.0,,10.0,,1.0,,1.0,,4.0,,4.0,,2.0,,2.0,,5.0,,5.0,,8.0,,8.0,,8.094439662527293,,5.80071971938014,,9.755886896979064,,0.8578368383459747,,3.904986958950758,,1.9115675848443061,,4.840419641579501,,7.75,0.09637393802404404,-0.0004875217564404011,0.005256668318907032,1.8244424611330032,0.35754019021987915,0.7315853834152222,0.24851897358894348,-0.1123141273856163,0.2432534396648407,0.9316449165344238,0.08789848536252975,6896,0.5193939805030823,5.364482402801514,0.02312716469168663,14123008,24962,6896,431,9.917367,0.004808511500596069,0.0029134533331671266,-3.8877857595682146,-21.079092,0.0044773834684747275,0.0007651252977666445,-3.846194049715996,,,0.95,0.9,both,3.3908017384244196,3.9448543078121547,0.40270496274360995,0.0,-72.81737,2334.836368598185,9.917367
87,1784848227.4691365,,8.0,,8.0,,6.0,,6.0,,10.0,,10.0,,1.0,,1.0,,4.0,,4.0,,2.0,,2.0,,5.0,,5.0,,8.0,,8.0,,7.410380740184337,,5.194922376424074,,9.323332644999027,,0.5884283710038289,,3.6672277096658945,,1.646491589024663,,4.722845596843399,,7.25,0.06483500450849533,-0.00222294416744262,0.003116615564067615,1.8427836820483208,0.1464095562696457,0.8964856863021851,0.14825130999088287,0.17064566910266876,0.1649869680404663,0.8887419700622559,0.03656519204378128,6976,0.32709842920303345,4.975453853607178,0.026930276304483414,14286848,25184,6976,436,9.695803,0.006440241643576883,0.0036592094038496725,-3.952042706310749,-75.361244,0.01138142023992259,0.0024968815210741012,-3.8620324239134787,,,0.95,0.9,both,3.47978422461834,4.436585631254081,0.4836631941996658,0.0,-43.287865,2288.422186606433,9.695803
88,1784848300.6470122,,8.0,,8.0,,6.0,,6.0,,10.0,,10.0,,1.0,,1.0,,4.0,,4.0,,2.0,,2.0,,5.0,,5.0,,8.0,,8.0,,8.223700613249093,,6.195290478528477,,9.605411618947983,,1.0580606777220964,,3.965083656599745,,1.9357186130946502,,4.793402968964074,,7.9375,0.14633958041667938,-0.014624569972511381,0.032202807429712266,1.8535675927996635,0.11764153838157654,0.9068659543991089,0.08966217190027237,0.23991189897060394,0.36543723940849304,0.8195294141769409,0.025775812566280365,7056,0.4859318435192108,5.46427059173584,0.024470841512084007,14450688,25385,7056,441,1.6473175,0.0049218104017199945,0.0018620418821228668,-4.022309535741806,-58.353313,0.007394475763430819,0.0025543251424096523,-3.9403421580791473,,,0.95,0.9,both,3.5331939040381912,4.406596359575124,0.6956205610508838,0.0,-57.92636,2238.9299585993076,1.6473175
89,1784848374.8153033,,8.0,,8.0,,6.0,,6.0,,10.0,,10.0,,1.0,,1.0,,4.0,,4.0,,2.0,,2.0,,5.0,,5.0,,8.0,,8.0,,7.849002674804069,,5.605460833758116,,9.750535608269274,,0.9639762663282454,,3.8843626705929637,,2.092247742752079,,4.754578757099807,,7.75,0.051281966269016266,-0.0032476187334395945,0.0051211465361120645,1.862756960093975,0.3806493282318115,0.8055089712142944,0.3628166913986206,-0.10042223334312439,0.1394815742969513,0.7940947413444519,0.10592764616012573,7136,0.4950471818447113,5.331270694732666,0.027603313326835632,14614528,25580,7136,446,-7.250367,0.0044298759763478305,0.0030371269909664988,-4.041326546669007,-42.915718,0.008950640315015334,0.0031215207105560693,-3.995957612991333,,,0.95,0.9,both,3.4356611781760167,4.066320878441926,0.4496097063675284,0.0,-53.590294,2209.029336013892,-7.250367
90,1784848445.9980826,,8.0,,8.0,,6.0,,6.0,,10.0,,10.0,,1.0,,1.0,,4.0,,4.0,,2.0,,2.0,,5.0,,5.0,,8.0,,8.0,,8.103824983350933,,6.047081856057048,,9.766309032216668,,1.0255093094310723,,4.018801974132657,,2.007325481623411,,4.840914821950719,,8.1875,0.05089053884148598,-0.010200066957622766,0.0031175389740383253,1.8653680309653282,0.22380918264389038,0.8975443840026855,0.21205370128154755,0.03991875424981117,0.131047785282135,0.7426316738128662,0.040451183915138245,7216,0.5069706439971924,5.499658584594727,0.025978537276387215,14778368,25809,7216,451,-36.856655,0.01301165524928365,0.004026877076830715,-4.054397919774056,-53.243214,0.006067569869628642,0.003760554977634456,-4.003935919702053,,,0.95,0.9,both,3.6567925712086464,4.364246747188829,0.4774427090351592,0.0,-66.65824,2301.6802973266576,-36.856655
91,1784848520.041074,,8.0,,8.0,,6.0,,6.0,,10.0,,10.0,,1.0,,1.0,,4.0,,4.0,,2.0,,2.0,,5.0,,5.0,,8.0,,8.0,,8.738986264914274,,6.674353146925569,,9.847233895212412,,1.3085265287736547,,4.363380828406662,,2.121998223941773,,4.917348164541181,,8.8125,0.05420009046792984,0.00021683116210624576,0.001692018882749835,1.8698374964296818,0.13675467669963837,0.7846837043762207,0.12057768553495407,0.01882833242416382,0.1480044722557068,0.8036144971847534,0.06783457845449448,7296,0.33013880252838135,5.848040580749512,0.016468172892928123,14942208,26029,7296,456,-40.547382,0.009099327858712059,0.004391554353060201,-4.057182702422142,-60.198017,0.01142233282153029,0.0034990915497473906,-4.014495584368706,,,0.95,0.9,both,3.729492822113257,3.6304968273573293,0.44267592437905423,0.0,-46.595474,2212.7685758129965,-40.547382
92,1784848594.7099605,,8.0,,8.0,,6.0,,6.0,,10.0,,10.0,,1.0,,1.0,,4.0,,4.0,,2.0,,2.0,,5.0,,5.0,,8.0,,8.0,,7.612414167262614,,5.856728391256183,,9.639476991258562,,0.8346171893645078,,3.8261280190199614,,1.8521766839548945,,4.652897331863642,,7.625,0.03885567933320999,-9.298132499679923e-05,0.007102719748218078,1.8715195544064045,0.2534816265106201,0.8158800005912781,0.19495974481105804,0.5220844745635986,0.1115037128329277,0.8344948887825012,0.026493433862924576,7376,0.46480903029441833,5.237429618835449,0.014784366823732853,15106048,26226,7376,461,9.25503,0.004822644345404114,0.002384495260048425,-4.079838645458222,-45.7789,0.004846448000171222,0.0024546621410991066,-4.060645258426666,,,0.95,0.9,both,3.502988852703877,4.047492158068822,0.42156484435937425,0.0,-53.08247,2194.220541752613,9.25503
93,1784848668.2648852,,8.0,,8.0,,6.0,,6.0,,10.0,,10.0,,1.0,,1.0,,4.0,,4.0,,2.0,,2.0,,5.0,,5.0,,8.0,,8.0,,8.146120325895026,,6.301866700290702,,9.863421643152833,,1.1560503118671477,,4.2760759240482,,2.148503391072154,,4.9494218858890235,,8.25,0.04873939976096153,0.0001854683505371213,0.0020900231902487576,1.877360176295042,0.13787640631198883,0.8006489276885986,0.11382585018873215,-0.03718515858054161,0.11856520920991898,0.8289326429367065,0.021978918462991714,7456,0.47381365299224854,5.636432647705078,0.02098945528268814,15269888,26431,7456,466,10.634547,0.005703958986850921,0.0028256777084607167,-4.126616409420967,-59.82667,0.009708490516641178,0.002815455496602226,-4.0756173729896545,,,0.95,0.9,both,3.0515909233295586,4.021138905488044,0.5387813194757518,0.0,-50.547127,2227.451364453232,10.634547
94,1784848743.4345586,,8.0,,8.0,,6.0,,6.0,,10.0,,10.0,,1.0,,1.0,,4.0,,4.0,,2.0,,2.0,,5.0,,5.0,,8.0,,8.0,,8.715316079556942,,6.817782833240926,,9.957363899797201,,1.3065106132999063,,4.325267668697052,,2.345721932128072,,4.999388891912531,,8.6875,0.058240074664354324,-0.0008739916374906898,0.0015307373760151677,1.8772607669234276,0.4019889831542969,0.8939067125320435,0.7083274722099304,-0.2356848269701004,0.1604255735874176,1.0557526350021362,0.04758993536233902,7536,0.32500389218330383,5.894356727600098,0.027624892070889473,15433728,26640,7536,471,0.9384085,0.004669693876348901,0.0035715446349058764,-4.193383646011353,-68.763664,0.020090706617338583,0.0020680435016402045,-4.126383274793625,,,0.95,0.9,both,3.6548397578511165,3.603660670040523,0.46608490602003966,0.0,-62.866188,2179.601255123567,0.9384085
95,1784848817.070993,,8.0,,8.0,,6.0,,6.0,,10.0,,10.0,,1.0,,1.0,,4.0,,4.0,,2.0,,2.0,,5.0,,5.0,,8.0,,8.0,,7.978275762638077,,5.832759654149413,,9.601213134359568,,1.114133098279126,,3.8076096422737464,,1.9831254910677671,,4.7823424763046205,,8.0,0.12585210800170898,-0.0005480573745444417,0.0063207416533259675,1.8761625364422798,0.15935832262039185,0.9199287295341492,0.1397619992494583,0.11837030947208405,0.30615636706352234,0.6739513874053955,0.0018072585808113217,7616,0.5043482184410095,5.38743257522583,0.015805087983608246,15597568,26856,7616,476,12.048822,0.004966410354245454,0.003456270457536448,-4.231988990306855,-52.89142,0.0076008527947124096,0.0027327201067237185,-4.1659589380025865,,,0.95,0.9,both,3.811667297279206,3.810264713868078,0.34847215227810047,0.0,-59.985046,2224.9854471244694,12.048822
96,1784848890.4051418,,8.0,,8.0,,6.0,,6.0,,10.0,,10.0,,1.0,,1.0,,4.0,,4.0,,2.0,,2.0,,5.0,,5.0,,8.0,,8.0,,7.94262998457998,,5.822055051394273,,9.431018892209977,,0.9177297719288617,,3.9080772404558957,,1.7522165526170284,,4.833001233171672,,7.9375,0.037136100232601166,-0.00975234736688435,0.0007453137641277863,1.8765938617289066,0.42674919962882996,0.8154242634773254,0.33393436670303345,0.17377589643001556,0.09424389898777008,0.8555148839950562,0.0521923266351223,7696,0.5099166035652161,5.318028450012207,0.027819769456982613,15761408,27052,7696,481,-1.2776862,0.005143046766170301,0.0045582337254018055,-4.258397290110588,-57.42616,0.012089146408834494,0.004629846484021982,-4.190402320027351,,,0.95,0.9,both,4.001127428409787,3.823035713892626,0.34598742604861266,0.0,-51.749073,2234.1582271264074,-1.2776862
97,1784848965.0433052,,8.0,,8.0,,6.0,,6.0,,10.0,,10.0,,1.0,,1.0,,4.0,,4.0,,2.0,,2.0,,5.0,,5.0,,8.0,,8.0,,7.461115995887667,,5.3927431013435125,,9.416413058526814,,0.7193301749648526,,3.7560454243794084,,2.043625235091895,,4.709934426471591,,7.375,0.06225702911615372,-0.005006506253266707,0.006918094084539916,1.8821219392120838,0.19559237360954285,0.8916143178939819,0.09022894501686096,-0.12566913664340973,0.14931578934192657,0.6587185859680176,-0.031109929084777832,7776,0.4254523515701294,5.109276294708252,0.04575227573513985,15925248,27291,7776,486,1.9914818,0.005238633665430825,0.004567191170644946,-4.273372733592987,-53.21814,0.023906779557000844,0.003717267700267257,-4.209677228331566,,,0.95,0.9,both,3.9286444007685497,3.9068150620551236,0.42337271751885536,0.0,-60.109356,2195.124039231719,1.9914818
98,1784849040.9950118,,8.0,,8.0,,6.0,,6.0,,10.0,,10.0,,1.0,,1.0,,4.0,,4.0,,2.0,,2.0,,5.0,,5.0,,8.0,,8.0,,7.526320749428123,,5.849582195747644,,9.698928444180638,,0.8839937392622232,,3.9154637567698956,,1.8855814659036696,,4.696960733854212,,8.125,0.07290147989988327,4.7315668780356646e-05,0.004503988413489424,1.877318400889635,0.14639568328857422,0.8841027617454529,0.13224801421165466,0.20081770420074463,0.19507168233394623,0.7224180102348328,-0.0010705934837460518,7856,0.5251108407974243,5.322729110717773,0.03256960213184357,16089088,27528,7856,491,4.3520646,0.005797472214908339,0.003259294625604525,-4.287986034154892,-54.33996,0.014766940422123297,0.00114743758313125,-4.259594807028771,,,0.95,0.9,both,3.6992764128344433,3.842389133778744,0.32699167896484316,0.0,-46.68815,2157.159618025537,4.3520646
99,1784849115.9796157,,8.0,,8.0,,6.0,,6.0,,10.0,,10.0,,1.0,,1.0,,4.0,,4.0,,2.0,,2.0,,5.0,,5.0,,8.0,,8.0,,7.049620360136032,,5.485056173987687,,9.171410243958235,,0.6814784945454448,,3.648762835073285,,1.6455737117212266,,4.628083570860326,,7.25,0.0650092139840126,-0.0019435286521911621,0.003114183036814211,1.887237437069416,0.12797559797763824,0.8876355886459351,0.06752962619066238,0.10401298105716705,0.15838061273097992,0.8118305206298828,-0.04120996594429016,7936,0.3046562075614929,4.944997787475586,0.02038457617163658,16252928,27747,7936,496,3.9034271,0.004752002282475587,0.003898168681189418,-4.343665343523026,-40.44073,0.005653198144864291,0.002315266312507447,-4.320674103498459,,,0.95,0.9,both,3.897385739815489,4.391401260572485,0.6023301274404597,0.0,-29.716574,2184.9809681993256,3.9034271
100,1784849190.9113455,,8.0,,8.0,,6.0,,6.0,,10.0,,10.0,,1.0,,1.0,,4.0,,4.0,,2.0,,2.0,,5.0,,5.0,,8.0,,8.0,,8.46570984320715,,6.684090728871524,,9.790510711725801,,1.223957471549511,,4.218465060694143,,2.353848565951921,,4.86055393749848,,8.5625,0.05242529511451721,-0.0026933877961710095,0.001284747557292576,1.8928337544202805,0.2116852104663849,0.8346993923187256,0.1904767006635666,0.03750549629330635,0.12577815353870392,0.5609801411628723,-0.058529485017061234,8016,0.4020266830921173,5.769954204559326,0.02158445492386818,16416768,27992,8016,501,-23.08339,0.007308248673507478,0.0034242724053910934,-4.381349405646324,-59.582855,0.009753087410354055,0.004220615861413535,-4.336376219987869,,,0.95,0.9,both,3.842145211945187,3.992929542558522,0.2907452971657642,0.0,-54.861702,2186.5249307323606,-23.08339
101,1784849262.6760335,,8.0,,8.0,,6.0,,6.0,,10.0,,10.0,,1.0,,1.0,,4.0,,4.0,,2.0,,2.0,,5.0,,5.0,,8.0,,8.0,,7.294216002337635,,5.430117114679888,,9.191614910960197,,0.663786888908362,,3.6244697514921427,,1.6976065977942199,,4.545079661067575,,7.6875,0.05779103934764862,7.337774150073528e-05,0.006055890818970511,1.9055161103606224,0.16248410940170288,0.8435670137405396,0.11677715182304382,0.012481631711125374,0.16234642267227173,0.6592138409614563,-0.03722352907061577,8096,0.38752031326293945,5.016799449920654,0.06210896372795105,16580608,28273,8096,506,-3.3813615,0.006747021233604755,0.004709522350458429,-4.4335016936063765,-67.573845,0.0349963917164132,0.0036666379528469406,-4.382861420512199,,,0.95,0.9,both,4.189885470714612,4.356644112782056,0.3857137605143769,0.0,-56.40635,2283.016362914143,-3.3813615
102,1784849335.083708,,8.0,,8.0,,6.0,,6.0,,10.0,,10.0,,1.0,,1.0,,4.0,,4.0,,2.0,,2.0,,5.0,,5.0,,8.0,,8.0,,7.489682891406119,,5.416422181762755,,9.218441493809223,,0.9217447899281979,,3.983227999531664,,1.7492950302548707,,4.709566005505621,,7.9375,0.029086332768201828,0.001210309099406004,0.0013425148763417383,1.910827063024044,0.10353228449821472,0.842469334602356,0.0876617580652237,-0.12950073182582855,0.07874247431755066,0.7542220950126648,0.046270787715911865,8176,0.43507859110832214,5.178235054016113,0.0270395465195179,16744448,28500,8176,511,-18.449001,0.010464457221678459,0.0023925619607325643,-4.4170918464660645,-63.410484,0.009955786485807038,0.0023157043251558207,-4.411117723584175,,,0.95,0.9,both,3.643900338622376,4.531513827795587,0.42226758615591625,0.0,-59.686134,2262.743956345943,-18.449001
103,1784849407.9946663,,8.0,,8.0,,6.0,,6.0,,10.0,,10.0,,1.0,,1.0,,4.0,,4.0,,2.0,,2.0,,5.0,,5.0,,8.0,,8.0,,8.12547727394849,,5.997597579378635,,9.523918299004436,,1.0438176426105201,,4.208611655980349,,1.9239136357791722,,4.92109307507053,,8.375,0.094005286693573,-0.00587525952141732,0.0038281270863080863,1.9100717566907406,0.1273789405822754,0.89568692445755,0.11085845530033112,-0.7187216281890869,0.2350812703371048,0.6290283203125,0.08957460522651672,8192,0.5167363882064819,5.514928340911865,0.06319120526313782,16908288,28733,8256,516,-14.429912,0.006132377119502053,0.004732830278226174,-4.429147726297378,-76.14154,0.023086675070226194,0.003761333708825987,-4.439811745285988,,,0.95,0.9,both,4.142745455119686,4.29806615552865,0.3974755126325235,0.0,-64.90635,2247.1242150704925,-14.429912
104,1784849480.837956,,8.0,,8.0,,6.0,,6.0,,10.0,,10.0,,1.0,,1.0,,4.0,,4.0,,2.0,,2.0,,5.0,,5.0,,8.0,,8.0,,8.022044029086828,,5.906294439919293,,9.599019579589367,,1.1504638587939553,,3.9598399363458157,,2.0475365021266043,,4.870174238982145,,7.9375,0.05065513774752617,-0.0021173619898036122,0.0071389954900951125,1.9013089202344418,0.13853484392166138,0.9080855846405029,0.10662894695997238,0.011296328157186508,0.12009009718894958,0.6521319150924683,-0.016749493777751923,8192,0.5230123996734619,5.436608791351318,0.03294651582837105,17072128,28999,8336,521,-4.172534,0.005060558351397048,0.0027462205580377486,-4.456167563796043,-60.40365,0.021994152321713045,0.0022161594315548427,-4.434327790141106,,,0.95,0.9,both,3.9306155407564356,4.216191945077439,0.46951249147236335,0.0,-47.852062,2249.2111162692627,-4.172534
105,1784849554.693503,,8.0,,8.0,,6.0,,6.0,,10.0,,10.0,,1.0,,1.0,,4.0,,4.0,,2.0,,2.0,,5.0,,5.0,,8.0,,8.0,,8.313805557554588,,6.6249545542523265,,9.84943138808012,,1.2312784407113213,,4.262780554592609,,2.1147131118923426,,4.958864687010646,,8.3125,0.08742080628871918,-0.00353143218671903,0.0060774153607781045,1.9031838178634644,0.3259892761707306,0.7193042635917664,0.2770064175128937,-0.01908927410840988,0.22125354409217834,0.8047342300415039,0.003220203099772334,8192,0.44748809933662415,5.708540439605713,0.009044140577316284,17235968,29209,8416,526,13.105841,0.0048350732628023255,0.004733195382868871,-4.445475712418556,-35.49276,0.004595219135808293,0.003395060468756128,-4.466606852412224,,,0.95,0.9,both,4.0495461428603505,4.5075791388962365,0.4443963615427695,0.0,-42.718315,2218.3861751159,13.105841
106,1784849627.7243526,,8.0,,8.0,,6.0,,6.0,,10.0,,10.0,,1.0,,1.0,,4.0,,4.0,,2.0,,2.0,,5.0,,5.0,,8.0,,8.0,,7.017367575317621,,5.108037433587015,,9.070156776346266,,0.5083218310028315,,3.5207814015448093,,1.7797593150753528,,4.516317253932357,,7.0,0.01507266890257597,0.0001665280433371663,0.005428775239124661,1.908023912459612,0.2521226406097412,0.8048754334449768,0.32597750425338745,-0.04260944947600365,0.053667593747377396,0.8326255083084106,0.008731343783438206,8192,0.12844783067703247,4.815093040466309,0.030114484950900078,17399808,29444,8496,531,10.2689085,0.007732320245122537,0.004651445362833328,-4.489535921812058,-69.44133,0.04211188781773671,0.002464558790961746,-4.4685576289892195,,,0.95,0.9,both,3.918746228146257,4.07604117443398,1.154733653941363,0.0,-62.65487,2243.4345519193653,10.2689085
107,1784849701.7211933,,8.0,,8.0,,6.0,,6.0,,10.0,,10.0,,1.0,,1.0,,4.0,,4.0,,2.0,,2.0,,5.0,,5.0,,8.0,,8.0,,7.372711904346943,,5.537047760561109,,9.370618436485529,,0.642573281773366,,3.847967422567308,,1.802482799073914,,4.651524643879384,,7.1875,0.04164284095168114,-0.00016974739264696836,0.0029734216441283934,1.9220951944589615,0.15486842393875122,0.8690218925476074,0.11727910488843918,0.12296106666326523,0.12184550613164902,0.8561669588088989,0.03866066038608551,8192,0.38974860310554504,5.051553249359131,0.047695327550172806,17563648,29679,8576,536,-30.45839,0.009170653515320737,0.005083789811760653,-4.4958418816328045,-68.52778,0.022342689760262147,0.0030734000421944073,-4.473329329490662,,,0.95,0.9,both,4.053183229095877,4.365813965923494,0.3987327427483245,0.0,-40.055367,2214.1480598386884,-30.45839
108,1784849774.372576,,8.0,,8.0,,6.0,,6.0,,10.0,,10.0,,1.0,,1.0,,4.0,,4.0,,2.0,,2.0,,5.0,,5.0,,8.0,,8.0,,7.635380506981164,,5.662791237235069,,9.281064132228494,,0.9932081806473434,,3.855067254975438,,1.799542983993888,,4.76137182675393,,7.875,0.044116612523794174,-0.010797176451887935,0.0026116473381989636,1.9272209517657757,0.19954390823841095,0.8592362403869629,0.13698333501815796,-0.04475522041320801,0.12442918121814728,0.7115194201469421,0.018134508281946182,8192,0.5035048723220825,5.23292875289917,0.04178743064403534,17727488,29909,8656,541,1.3030742,0.006623339833458886,0.0041445952374488115,-4.503335207700729,-71.33385,0.01711453709867783,0.003105827544641215,-4.488010710477829,,,0.95,0.9,both,3.9320335594018174,4.005504328055602,0.34078024288252196,0.0,-53.617615,2255.1538173043414,1.3030742
109,1784849846.2118556,,8.0,,8.0,,6.0,,6.0,,10.0,,10.0,,1.0,,1.0,,4.0,,4.0,,2.0,,2.0,,5.0,,5.0,,8.0,,8.0,,7.877942785387859,,5.826889451593161,,9.535575602203608,,0.8773974414507393,,3.776443750335602,,1.8306084852665663,,4.818463623523712,,7.5625,0.06031789630651474,-0.002484080905560404,0.011921872777747922,1.9253491275012493,0.2803000211715698,0.842954158782959,0.23580266535282135,-0.13034778833389282,0.15496794879436493,0.6951854228973389,-0.0031396925915032625,8192,0.5149811506271362,5.263227462768555,0.011328957974910736,17891328,30114,8736,546,-11.736319,0.005564317121752538,0.005457771109649912,-4.540047210454941,-41.957863,0.012426017786492594,0.0032093257803353483,-4.499089094996452,,,0.95,0.9,both,4.280321893696745,4.1567332288392596,0.48906085223456053,0.0,-58.701622,2280.64591412526,-11.736319
110,1784849918.588257,,8.0,,8.0,,6.0,,6.0,,10.0,,10.0,,1.0,,1.0,,4.0,,4.0,,2.0,,2.0,,5.0,,5.0,,8.0,,8.0,,8.575406424701214,,6.367410841397941,,9.815449512330815,,1.2571705265436321,,4.313135190925095,,2.2933659569825977,,4.936895519844256,,8.5625,0.13818342983722687,-0.0014000106311868876,0.07588226377265528,1.9245208874344826,0.0887267142534256,0.9532257318496704,0.06713004410266876,0.15993250906467438,0.42177581787109375,0.634189248085022,-0.021376891061663628,8192,0.44843944907188416,5.765166282653809,0.00955643318593502,18055168,30336,8816,551,3.903468,0.005058172029384878,0.004338817460666178,-4.555981987714768,-36.71243,0.010417279371176846,0.002333525160793215,-4.506495106220245,,,0.95,0.9,both,4.048720077372242,4.634366189145777,0.7581648876680332,0.0,-40.031906,2263.7218044419365,3.903468
111,1784849989.36831,,8.0,,8.0,,6.0,,6.0,,10.0,,10.0,,1.0,,1.0,,4.0,,4.0,,2.0,,2.0,,5.0,,5.0,,8.0,,8.0,,7.27974660275504,,5.17293843626976,,9.208772290498018,,0.6648521488532424,,3.611085092066787,,1.6504127797670662,,4.534245763905346,,7.0,0.026303276419639587,-0.0027117214049212635,0.0009599127638466598,1.9283774383366108,0.27679145336151123,0.8172886371612549,0.18556535243988037,0.02716928720474243,0.08414734899997711,0.9532307982444763,0.06259624660015106,8192,0.26001283526420593,4.890256404876709,0.022231727838516235,18219008,30534,8896,556,5.9141226,0.00539421295397915,0.004263355450530071,-4.559684789180755,-47.699806,0.005515083116188179,0.0023302944187889806,-4.5407519191503525,,,0.95,0.9,both,3.966875548278291,4.391909473157191,0.669424878491361,0.0,-41.79235,2314.776482516863,5.9141226
112,1784850061.9125547,,8.0,,8.0,,6.0,,6.0,,10.0,,10.0,,1.0,,1.0,,4.0,,4.0,,2.0,,2.0,,5.0,,5.0,,8.0,,8.0,,7.737087601330131,,6.059888124931604,,9.489950347226113,,0.8487814264371991,,3.7959096995182335,,1.9538063490763307,,4.71696975082159,,7.6875,0.06837008893489838,-0.0026515378849580884,0.002034221382928081,1.9357550591230392,0.09742610901594162,0.823715090751648,0.07626262307167053,0.19245575368404388,0.15934385359287262,0.8046761751174927,0.045391932129859924,8192,0.5083827376365662,5.286236763000488,0.02826535701751709,18382848,30735,8976,561,12.329674,0.005047403670323547,0.00475350017513847,-4.571689695119858,-52.534527,0.009588979749241843,0.0026468258176464586,-4.5483123630285265,,,0.95,0.9,both,3.9949220300862818,4.703026219924093,0.3259421676542205,0.0,-48.834473,2258.4829355192373,12.329674
113,1784850137.0489085,,8.0,,8.0,,6.0,,6.0,,10.0,,10.0,,1.0,,1.0,,4.0,,4.0,,2.0,,2.0,,5.0,,5.0,,8.0,,8.0,,7.411119091324508,,5.3469134056940675,,9.17143382690847,,0.7212870251387358,,3.6292109917849302,,1.5619376781396568,,4.615067332983017,,7.125,0.026395339518785477,-0.0007362178293988109,0.004467096961889183,1.944104179739952,0.1668509691953659,0.9006716012954712,0.1398845613002777,-0.08335818350315094,0.08125895261764526,0.6694983243942261,0.008249800652265549,8192,0.33989986777305603,4.947746753692627,0.03281744569540024,18546688,30956,9056,566,12.668241,0.00648776695743436,0.0034352304122876377,-4.568138000369072,-59.651012,0.01153813030978199,0.0042270404781447725,-4.551396584510803,,,0.95,0.9,both,3.7612707024000978,4.89344307679208,0.5899443822489314,0.0,-24.808186,2180.5697223032957,12.668241
114,1784850210.3836246,,8.0,,8.0,,6.0,,6.0,,10.0,,10.0,,1.0,,1.0,,4.0,,4.0,,2.0,,2.0,,5.0,,5.0,,8.0,,8.0,,8.72784669790417,,6.706407830119133,,9.941341754049063,,1.3556609060615301,,4.393931658938527,,2.454180787317455,,4.980457310564816,,8.75,0.04357284680008888,-0.00022906658705323935,0.0027228068429394625,1.9511031024158,0.4222449064254761,0.890972375869751,0.4279330372810364,-0.1489814817905426,0.11678268015384674,0.651796281337738,0.034700773656368256,8192,0.276893675327301,5.9137282371521,0.04467185214161873,18710528,31171,9136,571,2.4148366,0.006172216204868164,0.006598454833147116,-4.582664346694946,-20.323627,0.005017468557343818,0.0021752990913228134,-4.57721543610096,,,0.95,0.9,both,4.3640605666955326,5.055523600268737,0.4419146022782483,0.0,-22.495401,2234.140070918286,2.4148366
115,1784850281.4027212,,8.0,,8.0,,6.0,,6.0,,10.0,,10.0,,1.0,,1.0,,4.0,,4.0,,2.0,,2.0,,5.0,,5.0,,8.0,,8.0,,8.302466071676463,,6.047334798146039,,9.675648831995204,,0.9593852933030576,,3.9342538113705814,,2.1057057129219174,,4.908395808190107,,8.125,0.10673332214355469,-0.0025983096566051245,0.005234322336036712,1.9513410329818726,0.21364076435565948,0.8783081769943237,0.20323389768600464,-0.053399696946144104,0.2641957998275757,0.7087254524230957,-0.03867986053228378,8192,0.5187814831733704,5.5072736740112305,0.014029850251972675,18874368,31381,9216,576,2.2698777,0.006204784207511693,0.00609998654545052,-4.5971976786851885,-42.643677,0.01084269347775262,0.0020873191839200444,-4.585243546962738,,,0.95,0.9,both,4.518487708063302,4.614033197269284,0.30230340650373433,0.0,-65.63766,2306.9848526105675,2.2698777
116,1784850355.2412467,,8.0,,8.0,,6.0,,6.0,,10.0,,10.0,,1.0,,1.0,,4.0,,4.0,,2.0,,2.0,,5.0,,5.0,,8.0,,8.0,,7.468294768594205,,5.303715014830232,,9.075340310111642,,0.559109166264534,,3.6616241624578834,,1.6970540322363377,,4.711381113156676,,7.0625,0.05914352834224701,-0.00015569344395771623,0.011290772672509775,1.9611556455492973,0.2751263380050659,0.8441791534423828,0.276868999004364,0.12180016189813614,0.1467459350824356,0.5505969524383545,-0.01818890869617462,8192,0.3204377293586731,4.942377090454102,0.02200459875166416,19038208,31603,9296,581,4.780127,0.005647968052653596,0.003616066279937513,-4.611290475726127,-20.615643,0.010194038777262904,0.004168505062989425,-4.630146765708924,,,0.95,0.9,both,4.187135331602934,4.836064378963272,0.6139533990952591,0.0,-11.568011,2218.8962860815595,4.780127
117,1784850427.8041668,,8.0,,8.0,,6.0,,6.0,,10.0,,10.0,,1.0,,1.0,,4.0,,4.0,,2.0,,2.0,,5.0,,5.0,,8.0,,8.0,,7.327287965454161,,5.338149776682258,,9.526466473005712,,0.8682865984737873,,3.7595593489240855,,1.7888200080487877,,4.692321931943297,,7.5,0.026020552963018417,-0.00011371623259037733,0.0008993740211735712,1.9654300436377525,0.20490354299545288,0.7911373376846313,0.23754197359085083,-0.22402282059192657,0.07044270634651184,0.34637701511383057,0.016589561477303505,8192,0.4497412145137787,5.100111484527588,0.029934028163552284,19202048,31874,9376,586,-33.372475,0.00803302317217458,0.005920335738483118,-4.661519393324852,-46.46527,0.030409174435772002,0.003239009740354959,-4.639799475669861,,,0.95,0.9,both,4.092634365679057,4.43619061165751,0.32478753435149216,0.0,-36.57417,2257.9011461310424,-33.372475
118,1784850501.1951623,,8.0,,8.0,,6.0,,6.0,,10.0,,10.0,,1.0,,1.0,,4.0,,4.0,,2.0,,2.0,,5.0,,5.0,,8.0,,8.0,,8.53880745366041,,6.708819255349226,,9.997208732180297,,1.4162465427070856,,4.345112252514809,,2.4104746729135513,,4.929066430777311,,8.9375,0.058615654706954956,0.00044894905295223,0.004349973340140423,1.9582006447017193,0.33673095703125,0.8226945400238037,0.18170273303985596,-0.09282571077346802,0.15464939177036285,0.5985211730003357,0.052237413823604584,8192,0.28146252036094666,5.910404205322266,0.0391124002635479,19365888,32163,9456,591,-21.076395,0.009282800339860842,0.0037333804400986994,-4.671763181686401,-69.11958,0.026519626192748547,0.0031535771006019784,-4.671903291344643,,,0.95,0.9,both,3.9927773593406757,4.509301170868573,0.5639954810480267,0.0,-31.274694,2232.427820293458,-21.076395
119,1784850572.3967037,,8.0,,8.0,,6.0,,6.0,,10.0,,10.0,,1.0,,1.0,,4.0,,4.0,,2.0,,2.0,,5.0,,5.0,,8.0,,8.0,,8.899378751404583,,6.519720298238099,,9.917949402704835,,1.4410700143198483,,4.291123755974695,,2.4349568467587233,,4.986434428952634,,8.875,0.07742860913276672,-0.0019444049103185534,0.0072359854020760395,1.959659781306982,0.19731071591377258,0.8388833999633789,0.1162690594792366,0.28771862387657166,0.23330271244049072,0.6308724284172058,0.033225879073143005,8192,0.259039044380188,5.920704364776611,0.04316465184092522,19529728,32475,9536,596,-19.534447,0.013058078050380572,0.004300140132545494,-4.653073570132255,-57.032745,0.041403783892747015,0.0033618666711845435,-4.659207597374916,,,0.95,0.9,both,3.972645960395527,4.56260147653154,0.5118647896452903,0.0,-51.417866,2301.0722553196833,-19.534447
120,1784850644.0064244,,8.0,,8.0,,6.0,,6.0,,10.0,,10.0,,1.0,,1.0,,4.0,,4.0,,2.0,,2.0,,5.0,,5.0,,8.0,,8.0,,8.35580684687011,,6.774889466352761,,9.99891354655847,,1.3343100220663473,,4.288248423486948,,2.2546169203706086,,4.998955408111215,,8.9375,0.0545828640460968,-0.00472836586413905,0.0016180993261514232,1.967722199857235,0.21920865774154663,0.8679126501083374,0.23026332259178162,0.11750952154397964,0.1383940577507019,0.5400933027267456,0.08853119611740112,8192,0.2794595956802368,5.867905139923096,0.03560609370470047,19693568,32776,9616,601,-19.491005,0.010346269753063098,0.002667092036426766,-4.6299890041351315,-47.881046,0.01628037715854589,0.002945164957054658,-4.634976696968079,,,0.95,0.9,both,3.741617439038682,3.891629554975984,0.5748953263535415,0.0,-52.542286,2287.958434628291,-19.491005
121,1784850717.0567596,,8.0,,8.0,,6.0,,6.0,,10.0,,10.0,,1.0,,1.0,,4.0,,4.0,,2.0,,2.0,,5.0,,5.0,,8.0,,8.0,,7.928982378914952,,6.050942697096616,,9.39494918845594,,0.8385863578878343,,3.9413968920707703,,1.8502575112506747,,4.788632248528302,,7.75,0.12251152843236923,-0.004362122999737039,0.007340517084230669,1.9638545736670494,0.18435995280742645,1.0353338718414307,0.14785714447498322,-0.12181306630373001,0.29437264800071716,0.7323789596557617,0.034566909074783325,8192,0.529990017414093,5.317968368530273,0.0347391776740551,19857408,33064,9696,606,12.621187,0.006036629616573919,0.002093714148213621,-4.663182190060615,-50.98828,0.030968358891550453,0.0027532976208021866,-4.6602918922901155,,,0.95,0.9,both,3.7980011565178797,4.828537461170866,0.3239505497801375,0.0,-40.89324,2242.837196092487,12.621187
122,1784850788.0230122,,8.0,,8.0,,6.0,,6.0,,10.0,,10.0,,1.0,,1.0,,4.0,,4.0,,2.0,,2.0,,5.0,,5.0,,8.0,,8.0,,8.190431039780378,,6.107605905737728,,9.629379991441965,,1.0462398796807975,,4.214693687856197,,2.041680400259793,,4.892831502249464,,8.0,0.10846401751041412,-0.0015728912549093366,0.010583905837847851,1.9670136794447899,0.11488153785467148,0.8445801138877869,0.09694795310497284,0.3640742301940918,0.29124757647514343,0.6606513857841492,0.03116782195866108,8192,0.5110959410667419,5.515357971191406,0.06107766553759575,20021248,33318,9776,611,4.828145,0.010800897495937534,0.003960973456560169,-4.703231689333916,-67.02559,0.028006739815464244,0.0028723437630105765,-4.690105205774307,,,0.95,0.9,both,3.894796828112656,4.311139242414254,0.35961857193959557,0.0,-51.254723,2308.7019551991702,4.828145
123,1784850859.2272885,,8.0,,8.0,,6.0,,6.0,,10.0,,10.0,,1.0,,1.0,,4.0,,4.0,,2.0,,2.0,,5.0,,5.0,,8.0,,8.0,,8.554990461911075,,6.599398019025102,,9.956339981406927,,1.2930390480905771,,4.2826751274988055,,2.218978725373745,,4.910907182842493,,8.625,0.07021800428628922,0.00045125395990908146,0.0019196673711121548,1.9812653847038746,0.14662961661815643,0.9819784760475159,0.10160929709672928,-0.19056886434555054,0.16811072826385498,0.7708384990692139,0.0746929794549942,8192,0.3391702175140381,5.805166244506836,0.03113621473312378,20185088,33565,9856,616,-6.6933546,0.007328371585754212,0.0025524685028358363,-4.69914987385273,-40.451736,0.013562005519634112,0.004303039971273392,-4.6843177556991575,,,0.95,0.9,both,3.9215483759160863,4.688096760105339,0.4303654974019764,0.0,-66.599525,2300.98642585179,-6.6933546
124,1784850931.0514998,,8.0,,8.0,,6.0,,6.0,,10.0,,10.0,,1.0,,1.0,,4.0,,4.0,,2.0,,2.0,,5.0,,5.0,,8.0,,8.0,,8.779587650671601,,6.737443423829973,,10.0,,1.4419300893787295,,4.449561094865203,,2.406215322203934,,4.956033343914896,,8.625,0.05518601834774017,-0.001342262767138891,0.008521948417183012,1.9849969409406185,0.17255491018295288,0.9089436531066895,0.15569815039634705,-0.48328739404678345,0.17498670518398285,0.601226806640625,-0.04772058501839638,8192,0.24557463824748993,5.924471378326416,0.032997969537973404,20348928,33826,9936,621,-6.4886804,0.007205864331626799,0.00363696372078266,-4.762405371665954,-57.777702,0.023478135239565746,0.0011922126126592048,-4.661104774475097,,,0.95,0.9,both,4.247001608682456,4.023926041499786,0.6352815204432026,0.0,-65.1137,2281.1261351202384,-6.4886804
125,1784851004.0004058,,8.0,,8.0,,6.0,,6.0,,10.0,,10.0,,1.0,,1.0,,4.0,,4.0,,2.0,,2.0,,5.0,,5.0,,8.0,,8.0,,7.329937390983105,,5.226764955557883,,9.538943631574512,,0.9106651311740279,,3.7826017681509256,,1.7914839177392423,,4.65018815966323,,7.625,0.045960474759340286,-0.001967874704860151,0.001734493809635751,1.9970804639160633,0.1737300157546997,0.7637574076652527,0.161683589220047,-0.252093106508255,0.12630441784858704,0.5726155042648315,-0.037337202578783035,8192,0.42769184708595276,5.106947898864746,0.0596499927341938,20512768,34131,10016,626,-3.376664,0.006588605059369002,0.005101349420147017,-4.757953616976738,-85.66331,0.028073495277203618,0.0027261893315881024,-4.706914001703263,,,0.95,0.9,both,4.337707295024964,4.676398415411599,0.32672617679336796,0.0,-51.65555,2245.9550600604457,-3.376664
126,1784851076.752995,,8.0,,8.0,,6.0,,6.0,,10.0,,10.0,,1.0,,1.0,,4.0,,4.0,,2.0,,2.0,,5.0,,5.0,,8.0,,8.0,,8.784381322562695,,6.894725201651454,,10.0,,1.4581467509269714,,4.455997232347727,,2.452389158308506,,5.0,,8.75,0.025769665837287903,-0.0016087476396933198,0.0004355107889750798,1.995131030678749,0.5241292119026184,0.8661317229270935,0.4651865065097809,0.12242363393306732,0.06304625421762466,0.6789840459823608,-0.021238449960947037,8192,0.17781060934066772,5.974454879760742,0.010081213898956776,20676608,34364,10096,631,5.0594563,0.005715727066854015,0.004350154910935089,-4.770991170406342,-34.703934,0.004544712409551721,0.002005187021859456,-4.728518408536911,,,0.95,0.9,both,4.508849454187728,4.5144194778423845,0.61921483152057,0.0,-45.440254,2252.0160319708207,5.0594563
127,1784851147.3083067,,8.0,,8.0,,6.0,,6.0,,10.0,,10.0,,1.0,,1.0,,4.0,,4.0,,2.0,,2.0,,5.0,,5.0,,8.0,,8.0,,8.675686633214355,,6.895591309294105,,10.0,,1.3901463819202036,,4.495050145313144,,2.4064305503852665,,5.0,,9.0,0.0514516681432724,-0.00018547807121649384,0.006114744173828512,1.9964726492762566,0.16654889285564423,0.9141417145729065,0.12195619940757751,0.4232019782066345,0.13963475823402405,0.6697648763656616,0.0067450255155563354,8192,0.14479584991931915,5.98286247253418,0.016844427213072777,20840448,34593,10176,636,2.6341183,0.006252130461507477,0.004110654362011701,-4.7939322024583815,-49.027794,0.023397306370316073,0.003013697158894502,-4.780884647369385,,,0.95,0.9,both,4.19577219029968,4.493757227051185,0.5140208000190336,0.0,-63.429493,2322.1480394241257,2.6341183
128,1784851218.8045263,,8.0,,8.0,,6.0,,6.0,,10.0,,10.0,,1.0,,1.0,,4.0,,4.0,,2.0,,2.0,,5.0,,5.0,,8.0,,8.0,,7.471202159766108,,5.180858351290226,,9.354893777519464,,0.5521469321101904,,3.6848011097172275,,1.6241925386711955,,4.6722223362885416,,7.3125,0.033448684960603714,-0.0027454064111225307,0.007917428512882907,2.0004440806806087,0.15333397686481476,0.8215285539627075,0.1377544105052948,0.3122335374355316,0.09498976916074753,0.8137216567993164,0.02772463858127594,8192,0.39960265159606934,4.981601715087891,0.06594336777925491,21004288,34831,10256,641,-1.4286504,0.00576437201234512,0.004224122138111852,-4.788140028715134,-34.658653,0.023469153849873692,0.002897095623484347,-4.835360732674599,,,0.95,0.9,both,4.213329491401645,4.864727830317665,0.5630569161259417,0.0,-55.83499,2291.5897482332675,-1.4286504
129,1784851291.0577848,,8.0,,8.0,,6.0,,6.0,,10.0,,10.0,,1.0,,1.0,,4.0,,4.0,,2.0,,2.0,,5.0,,5.0,,8.0,,8.0,,8.21806063328404,,6.539871581364423,,9.733385084196925,,1.0536157930037007,,4.017748923855834,,2.129642116953619,,4.821237409953028,,8.375,0.061134859919548035,-0.002725596132222563,0.004350404637079919,2.0096396431326866,0.1631498783826828,0.9399448037147522,0.11826322972774506,-0.04347962141036987,0.17027005553245544,0.7292346358299255,0.07253056019544601,8192,0.4757254421710968,5.61107063293457,0.026016397401690483,21168128,35059,10336,646,3.7867236,0.005871427735837642,0.004243574250722304,-4.863037973642349,-30.18468,0.01319234089460224,0.00343600870546652,-4.8429270625114444,,,0.95,0.9,both,4.473836037765448,5.430570454286754,0.27491007388818217,0.0,-36.638756,2267.579382900717,3.7867236
130,1784851362.5551524,,8.0,,8.0,,6.0,,6.0,,10.0,,10.0,,1.0,,1.0,,4.0,,4.0,,2.0,,2.0,,5.0,,5.0,,8.0,,8.0,,8.360777098685503,,6.654758909717202,,9.79032003134489,,0.8952548586530611,,4.342053281143308,,2.3610380366444588,,4.926611294969916,,8.0,0.1049717366695404,0.0002530343481339514,0.004493889580771793,2.015759341418743,0.2867982089519501,0.8754907846450806,0.24287840723991394,0.06883230060338974,0.26094648241996765,0.779679536819458,0.0787138119339943,8192,0.46204519271850586,5.666351318359375,0.032135289162397385,21331968,35273,10416,651,13.706264,0.006155068858060986,0.005238892052148003,-4.876161476969719,-28.740194,0.006829799158731475,0.003035145319881849,-4.8527323484420775,,,0.95,0.9,both,4.320650649876835,5.249365588065343,0.3624051883632941,0.0,-34.064007,2291.552852440494,13.706264
131,1784851434.926987,,8.0,,8.0,,6.0,,6.0,,10.0,,10.0,,1.0,,1.0,,4.0,,4.0,,2.0,,2.0,,5.0,,5.0,,8.0,,8.0,,7.483032497577369,,5.417203694116324,,9.21055761585012,,0.7035144040128216,,3.722711181268096,,1.7887834114953876,,4.657405883073807,,7.3125,0.019752025604248047,-0.00039806088898330927,0.00019331701423652703,2.010066047310829,0.10551837086677551,0.9609434604644775,0.08190535008907318,-0.013604167848825455,0.05420909821987152,0.7045432925224304,0.06603921949863434,8192,0.4039786458015442,5.03696346282959,0.049044180661439896,21495808,35530,10496,656,14.1677265,0.005726889867219143,0.0047163156341412105,-4.8499401092529295,-51.417564,0.018152135552372783,0.0028711026403470895,-4.853330817818642,,,0.95,0.9,both,4.356709016470861,4.858745321808052,0.2928435142643828,0.0,-40.68489,2263.86501191028,14.1677265
132,1784851505.2999895,,8.0,,8.0,,6.0,,6.0,,10.0,,10.0,,1.0,,1.0,,4.0,,4.0,,2.0,,2.0,,5.0,,5.0,,8.0,,8.0,,7.799822846893221,,6.403828046983108,,9.720497887581587,,0.9234663818497211,,3.9716446726815775,,2.018620636605192,,4.898429331369698,,7.875,0.07398956269025803,-0.013292899704538286,0.010521719357711845,2.0196542739868164,0.17880649864673615,0.9185531139373779,0.15051963925361633,-0.08719101548194885,0.25034382939338684,0.6417409181594849,0.047930724918842316,8192,0.5097439289093018,5.451414108276367,0.02321389503777027,21659648,35785,10576,661,14.032995,0.0068220322966226375,0.003999832421686733,-4.8322671294212345,-50.447987,0.01094987464894075,0.002476942606153898,-4.83820689022541,,,0.95,0.9,both,4.061665833978283,4.799466349174842,0.312351532826307,0.0,-59.161766,2328.1646094011635,14.032995
133,1784851575.5607893,,8.0,,8.0,,6.0,,6.0,,10.0,,10.0,,1.0,,1.0,,4.0,,4.0,,2.0,,2.0,,5.0,,5.0,,8.0,,8.0,,7.763875087723136,,5.9079828122630715,,9.433781059458852,,0.8570806559873745,,3.8429601676762104,,2.0028180619701743,,4.6357719752704725,,7.5,0.036523330956697464,-0.002557998668635264,0.0013048527216596995,2.034089155495167,0.21439102292060852,0.8243498206138611,0.18272829055786133,0.4259708523750305,0.10112634301185608,0.7001307010650635,0.06320559978485107,8192,0.5018323659896851,5.243034362792969,0.022867068648338318,21823488,36032,10656,666,6.3218484,0.0054420440850662995,0.003573102525842842,-4.827594894170761,-39.90411,0.010376056752284058,0.0018712746925302782,-4.866015601158142,,,0.95,0.9,both,4.166563969597744,5.003322716865718,0.33809514329476054,0.0,-50.43035,2331.883532327016,6.3218484
134,1784851649.58319,,8.0,,8.0,,6.0,,6.0,,10.0,,10.0,,1.0,,1.0,,4.0,,4.0,,2.0,,2.0,,5.0,,5.0,,8.0,,8.0,,8.771734552457929,,6.913652777671814,,9.943075083196163,,1.1488671912811697,,4.332986559718847,,2.406226403079927,,5.0,,8.6875,0.04395156353712082,-0.0009154427098110318,0.004666490916861221,2.044300153851509,0.15253491699695587,0.8515346050262451,0.11964820325374603,-0.29399991035461426,0.17359691858291626,0.5965733528137207,0.02789047174155712,8192,0.3241206109523773,5.900505542755127,0.03798636794090271,21987328,36299,10736,671,-4.6716247,0.006298944077570923,0.003989967043162323,-4.862056547403336,-56.64743,0.025088541535660626,0.0036330355113022962,-4.855088245868683,,,0.95,0.9,both,4.309707515850954,4.544908501433121,0.625781783752059,0.0,-50.151543,2213.384237084096,-4.6716247
135,1784851720.7081323,,8.0,,8.0,,6.0,,6.0,,10.0,,10.0,,1.0,,1.0,,4.0,,4.0,,2.0,,2.0,,5.0,,5.0,,8.0,,8.0,,8.554006138816476,,6.573958870023489,,9.884875666350126,,1.2979243542067707,,4.318364079575986,,2.307552846497856,,4.926149799837731,,8.5,0.08115798979997635,0.0008183338213711977,0.011213078767468687,2.049999564886093,0.1562245488166809,0.8645033240318298,0.14779895544052124,0.13344520330429077,0.2264547049999237,0.5825826525688171,-0.0012085488997399807,8192,0.4170183837413788,5.795353889465332,0.047910209745168686,22151168,36609,10816,676,5.692124,0.005535623805189971,0.004456484607362654,-4.870289859175682,-45.625656,0.023398156114853918,0.002810706885793479,-4.863656929135322,,,0.95,0.9,both,4.093730490794353,4.64248565333293,0.6202965956106132,0.0,-57.690575,2303.5517205208885,5.692124
136,1784851791.3249774,,8.0,,8.0,,6.0,,6.0,,10.0,,10.0,,1.0,,1.0,,4.0,,4.0,,2.0,,2.0,,5.0,,5.0,,8.0,,8.0,,7.945346461609006,,5.600541215389967,,9.59130468184594,,0.9842082476243377,,3.858178989496082,,1.7687025493942201,,4.677158649079502,,7.625,0.07982785999774933,-0.00015201250789687037,0.011598391647567041,2.0473639965057373,0.17971941828727722,0.794888973236084,0.16692683100700378,0.032656461000442505,0.21258041262626648,0.7654542922973633,0.001056877663359046,8192,0.5232426524162292,5.256304740905762,0.036582715809345245,22315008,36884,10896,681,13.366493,0.005526395485503599,0.004013211109122494,-4.9080158323049545,-49.63867,0.02922847177833319,0.0022891858068760486,-4.888647109270096,,,0.95,0.9,both,4.017626993850908,5.162592793091186,0.42071351159611825,0.0,-53.76757,2320.126433735393,13.366493
137,1784851863.2095442,,8.0,,8.0,,6.0,,6.0,,10.0,,10.0,,1.0,,1.0,,4.0,,4.0,,2.0,,2.0,,5.0,,5.0,,8.0,,8.0,,8.978221636265516,,6.683774019125849,,9.97514645382762,,1.372945117065683,,4.395684349583462,,2.463797576725483,,5.0,,8.6875,0.03826174885034561,-0.0030990183586254716,0.001689703010924859,2.0511418655514717,0.16182191669940948,0.8223806619644165,0.1357835829257965,-0.07085129618644714,0.10897823423147202,0.6997507810592651,0.02737288922071457,8192,0.25627896189689636,5.944633483886719,0.046838946640491486,22478848,37155,10976,686,5.0274777,0.007582654654106591,0.005258900213812012,-4.887818172574043,-60.64619,0.025432283943518996,0.002137228775245603,-4.89735164642334,,,0.95,0.9,both,4.2925819143043045,5.433299057141615,0.5520691837385425,0.0,-50.75844,2279.210447445048,5.0274777
138,1784851933.366057,,8.0,,8.0,,6.0,,6.0,,10.0,,10.0,,1.0,,1.0,,4.0,,4.0,,2.0,,2.0,,5.0,,5.0,,8.0,,8.0,,7.282144708558917,,5.040291592478752,,9.165041425265372,,0.5364010948687792,,3.5527345864102244,,1.6898395949974656,,4.523200830444694,,7.0625,0.01525372639298439,0.0005633549299091101,0.0011676487588374584,2.0566497072577477,0.13442200422286987,0.961342453956604,0.09148047864437103,0.12059810757637024,0.04490203410387039,0.6667824983596802,-0.0013638905948027968,8192,0.2197706401348114,4.856518745422363,0.03899850323796272,22642688,37435,11056,691,-33.833603,0.010372990839823615,0.004678015732497443,-4.923178282380104,-47.151268,0.02229014693875797,0.0024122701055603103,-4.944295856356621,,,0.95,0.9,both,4.442002475630862,5.216146513183398,0.48016371035984,0.0,-55.16509,2335.348944641977,-33.833603
139,1784852004.6506014,,8.0,,8.0,,6.0,,6.0,,10.0,,10.0,,1.0,,1.0,,4.0,,4.0,,2.0,,2.0,,5.0,,5.0,,8.0,,8.0,,7.845984977670014,,5.811281862668693,,9.377520317211747,,0.8684876484330744,,4.059376355260611,,1.885028399527073,,4.732102736830711,,7.5,0.15422160923480988,0.0001767321373336017,0.014376038132468238,2.074298396706581,0.14736327528953552,0.8717155456542969,0.0964570865035057,-0.5811089873313904,0.3991659879684448,0.6436784863471985,0.040343284606933594,8192,0.5044297575950623,5.25997257232666,0.04171028733253479,22806528,37725,11136,696,-40.615242,0.011541954684071242,0.005607613263418898,-4.935133969783783,-70.28179,0.03340979056665674,0.0036033896074513906,-4.9517652004957196,,,0.95,0.9,both,4.836550342994251,5.220322989645692,0.25254520720450446,0.0,-44.848213,2298.395296731457,-40.615242
140,1784852075.1471035,,8.0,,8.0,,6.0,,6.0,,10.0,,10.0,,1.0,,1.0,,4.0,,4.0,,2.0,,2.0,,5.0,,5.0,,8.0,,8.0,,7.3309501216281205,,5.476586885750294,,9.234477136749774,,0.6057268991135061,,3.7413259972818196,,1.7551869321614504,,4.607665435411036,,7.3125,0.13356563448905945,-2.7755217161029577e-05,0.010062368717626669,2.0810821279883385,0.21310824155807495,0.9363551735877991,0.22710543870925903,-0.006128216162323952,0.33570951223373413,0.7656851410865784,0.025531506165862083,8192,0.4011421203613281,5.008052825927734,0.0511818528175354,22970368,38065,11216,701,-11.242673,0.009536818528431468,0.0041560825527994895,-4.9513134360313416,-66.28191,0.03651993396924809,0.003743433678027941,-4.938758134841919,,,0.95,0.9,both,4.0873969175342975,5.001301873863249,0.34444719805424034,0.0,-63.38146,2324.086037884982,-11.242673
141,1784852143.6901581,,8.0,,8.0,,6.0,,6.0,,10.0,,10.0,,1.0,,1.0,,4.0,,4.0,,2.0,,2.0,,5.0,,5.0,,8.0,,8.0,,8.771753773093224,,6.481166657060385,,9.919692996889353,,1.3198009631596506,,4.354507744312286,,2.1834235629066825,,4.969273017719388,,8.375,0.10200352221727371,-0.006163296173326671,0.009360941898194142,2.0847268775105476,0.38931405544281006,0.9161787033081055,0.31001150608062744,0.1680096536874771,0.23877057433128357,0.6949285268783569,0.0810999944806099,8192,0.43105238676071167,5.79682731628418,0.03383876755833626,23134208,38331,11296,706,5.914571,0.005250823499955004,0.003814409696497023,-4.989100694656372,-56.565205,0.011982833413640037,0.0031543137345579455,-4.973538771271706,,,0.95,0.9,both,4.41967520908926,4.6875607991071275,0.48912225565977374,0.0,-63.36532,2390.32361392507,5.914571
142,1784852214.336693,,8.0,,8.0,,6.0,,6.0,,10.0,,10.0,,1.0,,1.0,,4.0,,4.0,,2.0,,2.0,,5.0,,5.0,,8.0,,8.0,,8.547033051145263,,6.612595415208489,,9.906975883990526,,1.2934174444526434,,4.161916228942573,,2.193400210235268,,4.921171285677701,,8.6875,0.07174979150295258,-0.0007955926121212542,0.006615561764192535,2.086663104593754,0.10232585668563843,0.8341767191886902,0.07814904302358627,-0.18251825869083405,0.21712936460971832,0.8423998355865479,-0.01694854535162449,8192,0.4075159728527069,5.790501117706299,0.034528572112321854,23298048,38560,11376,711,4.168379,0.0063158304415992465,0.0027458888231194577,-5.020753183960915,-68.44625,0.012239167530788108,0.003025565981079126,-4.95503054857254,,,0.95,0.9,both,3.920425499192304,5.1237533880082955,0.3125040813574872,0.0,-41.384212,2319.1503133681017,4.168379
143,1784852285.4295957,,8.0,,8.0,,6.0,,6.0,,10.0,,10.0,,1.0,,1.0,,4.0,,4.0,,2.0,,2.0,,5.0,,5.0,,8.0,,8.0,,8.005584335391177,,6.0116100599989295,,9.696876963134855,,1.0857417937368155,,4.066412341897376,,2.215231306036003,,4.847477941773832,,8.25,0.11913913488388062,-0.0035915736807510257,0.010020354820881039,2.0965198650956154,0.10452023893594742,0.8732023239135742,0.1660308986902237,0.18980082869529724,0.3061179220676422,0.8571301698684692,0.01885724440217018,8192,0.5337125062942505,5.522367000579834,0.029995018616318703,23461888,38782,11456,716,8.091648,0.005565413496515248,0.003029061428969726,-5.044587433338165,-64.76711,0.018909140181494876,0.00276228892034851,-4.981610104441643,,,0.95,0.9,both,4.338116731871425,4.579976244315292,0.28464912881387705,0.0,-33.646477,2304.5899438053307,8.091648
144,1784852354.1149957,,8.0,,8.0,,6.0,,6.0,,10.0,,10.0,,1.0,,1.0,,4.0,,4.0,,2.0,,2.0,,5.0,,5.0,,8.0,,8.0,,7.386668757535517,,5.7794252063613385,,9.469273956492543,,0.8263616634067148,,3.9023429027292877,,1.7744613271206617,,4.7344958782196045,,7.3125,0.044669009745121,-0.008481175726046786,0.0021496089630090864,2.102125756442547,0.20786520838737488,0.8872478604316711,0.18593235313892365,0.1073545441031456,0.12829256057739258,0.9885736703872681,0.047590065747499466,8192,0.4655553698539734,5.148191452026367,0.027290167286992073,23625728,38980,11536,721,5.834152,0.005295478914194973,0.003775576023326721,-5.06007604598999,-53.03413,0.009477612245245837,0.003565772366710007,-5.023576271533966,,,0.95,0.9,both,4.165144598403442,4.978756382849492,0.2272769992073832,0.0,-80.15841,2385.369107600806,5.834152
145,1784852425.0350277,,8.0,,8.0,,6.0,,6.0,,10.0,,10.0,,1.0,,1.0,,4.0,,4.0,,2.0,,2.0,,5.0,,5.0,,8.0,,8.0,,8.777774332207628,,6.394758816808462,,9.833862761035562,,1.3408734928816557,,4.414544029626995,,2.232162225234788,,4.97592763567809,,8.5625,0.07251244783401489,-0.0034359681885689497,0.0025362582418893,2.1040003672242165,0.13933756947517395,0.9119784832000732,0.09697763621807098,0.28111758828163147,0.20511400699615479,0.9665414690971375,0.06665699928998947,8192,0.38472020626068115,5.816550254821777,0.017300715669989586,23789568,39172,11616,726,-4.2875834,0.005835552485950757,0.0054904272205021695,-5.0641885638237,-50.931053,0.009224261972121894,0.004098366990365321,-5.046804961562157,,,0.95,0.9,both,4.814377008607545,5.02798900608921,0.39481811820438606,0.0,-25.34042,2310.2072161643073,-4.2875834
146,1784852496.7092135,,8.0,,8.0,,6.0,,6.0,,10.0,,10.0,,1.0,,1.0,,4.0,,4.0,,2.0,,2.0,,5.0,,5.0,,8.0,,8.0,,8.411051125323866,,6.564234187826514,,9.89414838142693,,1.3166091120801866,,4.234019270632416,,2.1997524343896657,,4.954858601093292,,8.75,0.09654708206653595,-0.0002792741870507598,0.00614296029380057,2.1096531823277473,0.10375891625881195,0.8026193380355835,0.10372669994831085,0.1000281423330307,0.24689850211143494,0.7382005453109741,0.01343224011361599,8192,0.4136640727519989,5.790584087371826,0.0188700370490551,23953408,39363,11696,731,14.244354,0.005034256967337569,0.0037126090755918995,-5.083825871348381,-53.77416,0.013239574394538068,0.0027112114286865106,-5.0882612526416775,,,0.95,0.9,both,4.0763518217773,4.721076788939767,0.23734247960148502,0.0,-29.242468,2285.8996503313338,14.244354
147,1784852566.5607271,,8.0,,8.0,,6.0,,6.0,,10.0,,10.0,,1.0,,1.0,,4.0,,4.0,,2.0,,2.0,,5.0,,5.0,,8.0,,8.0,,8.439422837458551,,6.45351199619472,,9.768437404185534,,1.2292661120882258,,4.324299359694123,,2.1639133361168206,,4.885224479949102,,8.625,0.12355758249759674,-0.007478900079149753,0.009900908786221407,2.118313029408455,0.20155391097068787,0.9188966155052185,0.1987982541322708,-0.0786576047539711,0.3442589342594147,0.6019982099533081,0.005742204375565052,8192,0.45218396186828613,5.7361345291137695,0.012195334769785404,24117248,39600,11776,736,5.629358,0.005433143183472567,0.0031528938285191543,-5.095419231057167,-29.182327,0.005505544584593736,0.0028641829660045913,-5.0878553062677385,,,0.95,0.9,both,4.049872015288622,5.0904786655182495,0.3701259772387777,0.0,-53.84614,2345.5469732987685,5.629358
148,1784852637.8509867,,8.0,,8.0,,6.0,,6.0,,10.0,,10.0,,1.0,,1.0,,4.0,,4.0,,2.0,,2.0,,5.0,,5.0,,8.0,,8.0,,7.5496280351653695,,5.590392796206288,,9.65743587166071,,0.8892667780164629,,3.695886587491259,,1.9064558922545984,,4.71277239813935,,7.6875,0.047746073454618454,4.708778578788042e-05,0.0017588402024557581,2.1204155161976814,0.15476369857788086,0.8111610412597656,0.1289302408695221,-0.029791109263896942,0.12294499576091766,0.6297547817230225,0.03021835908293724,8192,0.4779842495918274,5.211167335510254,0.02659091353416443,24281088,39830,11856,741,15.587809,0.005769346361921635,0.007298094316502102,-5.111647623777389,-34.984856,0.013164364220574497,0.0033839605188404676,-5.088458117842674,,,0.95,0.9,both,4.635953025800868,4.723234253440028,0.1951148312562451,0.0,-35.46422,2298.2101263819964,15.587809
149,1784852708.658961,,8.0,,8.0,,6.0,,6.0,,10.0,,10.0,,1.0,,1.0,,4.0,,4.0,,2.0,,2.0,,5.0,,5.0,,8.0,,8.0,,7.840902975294739,,5.808404061477631,,9.537432122975588,,0.8942390978336334,,4.0848512118682265,,1.9080631569959223,,4.740734374150634,,7.9375,0.12618571519851685,4.5646505896002054e-05,0.012222848774399608,2.1270078644156456,0.2033427506685257,0.8156924247741699,0.15857559442520142,0.17925192415714264,0.3228372633457184,0.7172902226448059,-0.03687494248151779,8192,0.5387782454490662,5.344015121459961,0.043776679784059525,24444928,40047,11936,746,4.573991,0.005215173812757712,0.003709719079779461,-5.135337167978287,-51.01944,0.02021299480693415,0.004558815955533646,-5.096715524792671,,,0.95,0.9,both,4.246398073275065,5.33182943314352,0.3059887288223486,0.0,-33.64305,2313.8636259686327,4.573991
150,1784852779.9558754,,8.0,,8.0,,6.0,,6.0,,10.0,,10.0,,1.0,,1.0,,4.0,,4.0,,2.0,,2.0,,5.0,,5.0,,8.0,,8.0,,7.137951474636793,,5.17562298104167,,9.15086268633604,,0.6075774151831865,,3.5740081192925572,,1.605211030691862,,4.549458927474916,,7.125,0.02852156013250351,0.000859773310367018,0.0013039436680628569,2.1377294808626175,0.11957641690969467,0.8404221534729004,0.09033342450857162,0.011720402166247368,0.11211452633142471,0.5928091406822205,-0.031514838337898254,8192,0.27519094944000244,4.8657121658325195,0.03322248533368111,24608768,40289,12016,751,14.63212,0.0050515515191364106,0.0036785182484891264,-5.150726988911629,-55.931225,0.019674956111703067,0.0030074826350755756,-5.090665066242218,,,0.95,0.9,both,4.312342954773911,5.431826520154219,0.49164402460064593,0.0,-24.875198,2297.9967857703086,14.63212
151,1784852850.8389413,,8.0,,8.0,,6.0,,6.0,,10.0,,10.0,,1.0,,1.0,,4.0,,4.0,,2.0,,2.0,,5.0,,5.0,,8.0,,8.0,,8.471098174341023,,6.229899913072586,,9.834318228298798,,1.241376678517554,,4.251593463122845,,2.163881216198206,,4.946285534359049,,8.5,0.032008007168769836,-0.006587386014871299,0.0016358664452127414,2.159713953733444,0.17464053630828857,0.7860640287399292,0.24072298407554626,-0.2161978781223297,0.1033029779791832,0.8481990694999695,-0.01967310905456543,8192,0.5050612092018127,5.704806804656982,0.03463272750377655,24772608,40492,12096,756,-18.9733,0.007489963626721874,0.005422038595133927,-5.183055183291435,-49.17523,0.013993875088635832,0.002925053259241395,-5.134909498691559,,,0.95,0.9,both,4.5946807755888885,6.021441161402891,0.5242875221789881,0.0,-39.153175,2311.4113167039104,-18.9733
152,1784852920.7592077,,8.0,,8.0,,6.0,,6.0,,10.0,,10.0,,1.0,,1.0,,4.0,,4.0,,2.0,,2.0,,5.0,,5.0,,8.0,,8.0,,8.416158120147884,,6.573648626217619,,9.872895282693207,,1.1713858967414126,,4.116927597671747,,2.3300941679626703,,4.8958681132644415,,8.375,0.10070571303367615,-0.003619743190938607,0.004635297424101736,2.1635000184178352,0.22729891538619995,0.8424069285392761,0.06898932158946991,0.20347851514816284,0.27709242701530457,0.4463058114051819,-0.04166845232248306,8192,0.44618576765060425,5.718997478485107,0.036894477903842926,24936448,40792,12176,761,7.194003,0.005875956150703132,0.003973306124680676,-5.167665216326713,-58.138996,0.019985932571580635,0.004775009576405864,-5.1530957341194155,,,0.95,0.9,both,4.303007698563789,5.243365632189133,0.32390611876607156,0.0,-55.29706,2343.240503629869,7.194003
153,1784852989.9807305,,8.0,,8.0,,6.0,,6.0,,10.0,,10.0,,1.0,,1.0,,4.0,,4.0,,2.0,,2.0,,5.0,,5.0,,8.0,,8.0,,8.599441598169506,,6.511559926904738,,9.893114801496267,,1.3231882250402123,,4.333834100048989,,2.374632715014741,,4.898954031057656,,8.5625,0.07374639809131622,-0.002892239484935999,0.0033064619346987456,2.170756608247757,0.3285943567752838,0.8774270415306091,0.23011672496795654,-0.2962680757045746,0.18694180250167847,0.7396092414855957,0.007212697062641382,8192,0.4095481038093567,5.812153339385986,0.036076080054044724,25100288,41009,12256,766,15.170059,0.004750075169431512,0.0026118319117813373,-5.174637249112129,-30.808994,0.00860944044397911,0.001784937437332701,-5.156792685389519,,,0.95,0.9,both,4.015361374087585,4.485118368278085,0.33060185769091666,0.0,-61.418213,2366.89393254983,15.170059
154,1784853061.8799644,,8.0,,8.0,,6.0,,6.0,,10.0,,10.0,,1.0,,1.0,,4.0,,4.0,,2.0,,2.0,,5.0,,5.0,,8.0,,8.0,,7.89621726423502,,5.773514284752309,,9.436633365228772,,0.9380464805290103,,3.846087542362511,,1.9269758951268159,,4.721349293366075,,7.75,0.11392630636692047,-0.00021508493227884173,0.007082178417476825,2.176767274737358,0.19013041257858276,0.8379219770431519,0.15407514572143555,-0.12871775031089783,0.2957102656364441,0.8208746314048767,0.06680367887020111,8192,0.572704017162323,5.286103248596191,0.038022566586732864,25264128,41210,12336,771,7.441058,0.0047897435048071205,0.0036431367159821095,-5.146680474281311,-43.63996,0.014846317912451923,0.0038380328434868714,-5.144225764274597,,,0.95,0.9,both,4.6081954862877215,5.146980750147418,0.28577746427031037,0.0,-24.04149,2278.7447213321675,7.441058
155,1784853133.688271,,8.0,,8.0,,6.0,,6.0,,10.0,,10.0,,1.0,,1.0,,4.0,,4.0,,2.0,,2.0,,5.0,,5.0,,8.0,,8.0,,8.511571494862437,,6.29819309245795,,9.861105609685183,,1.1459652818739414,,4.173306175973266,,2.28875002451241,,4.8440684685483575,,8.5,0.06293259561061859,3.591517452150583e-05,0.002195386176026659,2.1790196374058723,0.13995565474033356,0.833208441734314,0.12829288840293884,0.19321538507938385,0.16445080935955048,0.5268827676773071,0.023325346410274506,8192,0.5041123628616333,5.702869892120361,0.02385720983147621,25427968,41468,12416,776,-6.9025474,0.007425386353861541,0.004429743556102039,-5.15154784321785,-74.08143,0.025548779708333313,0.002662303012039047,-5.158051720261573,,,0.95,0.9,both,4.378350484519624,5.314504643742237,0.25410578000413897,0.0,-25.32517,2281.630145027348,-6.9025474
156,1784853204.3945951,,8.0,,8.0,,6.0,,6.0,,10.0,,10.0,,1.0,,1.0,,4.0,,4.0,,2.0,,2.0,,5.0,,5.0,,8.0,,8.0,,7.743756994866999,,6.017109869047999,,9.563344907015562,,0.783882163465023,,3.8427366791293025,,1.9406239297240973,,4.80636712256819,,8.0,0.08040986955165863,-0.010083248009323142,0.003958183384384029,2.170486658811569,0.11163392663002014,0.7759063243865967,0.10528598725795746,-0.37245309352874756,0.19944824278354645,0.7000966668128967,0.113939069211483,8192,0.54570472240448,5.3372273445129395,0.0313296765089035,25591808,41689,12496,781,8.709683,0.0059592530757072385,0.0034306360568734815,-5.133003968000412,-56.303123,0.021539604000281543,0.003302108609932475,-5.150563243031502,,,0.95,0.9,both,4.126669582479089,4.532199688510265,0.3053721061029939,0.0,-32.41343,2317.19070129801,8.709683
157,1784853275.8139968,,8.0,,8.0,,6.0,,6.0,,10.0,,10.0,,1.0,,1.0,,4.0,,4.0,,2.0,,2.0,,5.0,,5.0,,8.0,,8.0,,7.742724325507879,,5.653683457523584,,9.356121739372611,,0.8209595857188106,,3.9196705580689013,,1.949492366053164,,4.747647702693939,,7.75,0.06893756240606308,-0.0027410987531766295,0.002767546497125295,2.174207165837288,0.10870897024869919,0.9351410865783691,0.08487439155578613,-0.12824364006519318,0.17998440563678741,0.5827122330665588,0.04751574248075485,8192,0.5296030640602112,5.242537498474121,0.047049377113580704,25755648,41947,12576,786,-15.949094,0.007202032607165165,0.006593932268879143,-5.128373223543167,-59.431873,0.02256710899528116,0.0035561752236390022,-5.1273814082145694,,,0.95,0.9,both,4.993411002645399,5.0864668985493635,0.2835056760133523,0.0,-44.806633,2294.054955546651,-15.949094
158,1784853347.639044,,8.0,,8.0,,6.0,,6.0,,10.0,,10.0,,1.0,,1.0,,4.0,,4.0,,2.0,,2.0,,5.0,,5.0,,8.0,,8.0,,7.318661401866848,,5.53064288944006,,9.260693058371544,,0.589190015103668,,3.6010481871198863,,1.7428566177841276,,4.5875130239874125,,7.4375,0.052314043045043945,-0.001857621711678803,0.002606007212307304,2.173124000430107,0.09487161040306091,0.9189733862876892,0.06727725267410278,0.07385433465242386,0.14443981647491455,0.7374951839447021,0.04153398424386978,8192,0.4183158278465271,5.008513450622559,0.02699676901102066,25919488,42198,12656,791,15.904512,0.004980817034083884,0.005636128728656331,-5.155645617842675,-67.02372,0.019441893917974084,0.0011912334375665523,-5.135399487614632,,,0.95,0.9,both,4.382776765429331,4.643777296796931,0.3812910377841716,0.0,-32.971962,2281.098210663186,15.904512
159,1784853417.799042,,8.0,,8.0,,6.0,,6.0,,10.0,,10.0,,1.0,,1.0,,4.0,,4.0,,2.0,,2.0,,5.0,,5.0,,8.0,,8.0,,7.081941714510322,,5.074361443519592,,9.196063881739974,,0.560250235022977,,3.635674862191081,,1.5955563518218696,,4.663855770602822,,7.125,0.016457177698612213,-0.001109573757275939,0.0037299110190360807,2.1824018135666847,0.2433260679244995,0.8092768788337708,0.18436086177825928,0.058871593326330185,0.05566343665122986,0.7564331889152527,0.03982599824666977,8192,0.23307301104068756,4.8665876388549805,0.028591834008693695,26083328,42398,12736,796,-0.5233345,0.005700814486772288,0.0025923781826350024,-5.196262314915657,-40.933323,0.01303561408421956,0.0021022988279582933,-5.155688771605492,,,0.95,0.9,both,4.4228335810365795,4.881454510473726,0.4216344893835606,0.0,-48.582996,2335.2330693282297,-0.5233345
160,1784853487.9424276,,8.0,,8.0,,6.0,,6.0,,10.0,,10.0,,1.0,,1.0,,4.0,,4.0,,2.0,,2.0,,5.0,,5.0,,8.0,,8.0,,7.484734294936061,,5.841462932759896,,9.287909984588623,,0.9419865133168059,,3.9434189000166953,,1.7698632227256894,,4.676097709685564,,7.3125,0.04528481140732765,-0.005745981412474066,0.0013910694287915248,2.1965158581733704,0.1490955799818039,0.8101868629455566,0.16843441128730774,-0.20647574961185455,0.11743179708719254,0.5638418197631836,0.06364407390356064,8192,0.4954095184803009,5.1572465896606445,0.024900194257497787,26247168,42663,12816,801,14.069204,0.005570811408688314,0.003479746647644788,-5.224339237809181,-47.70489,0.015980826393933965,0.003168267387809465,-5.167888870835304,,,0.95,0.9,both,4.349010203729963,5.285230683955961,0.38041107980661526,0.0,-61.00469,2335.786830589957,14.069204
161,1784853557.6667047,,8.0,,8.0,,6.0,,6.0,,10.0,,10.0,,1.0,,1.0,,4.0,,4.0,,2.0,,2.0,,5.0,,5.0,,8.0,,8.0,,7.185601435019635,,5.244986996054649,,9.187722321599722,,0.5883912621065974,,3.5516874399982044,,1.5336476601660252,,4.57026138342917,,7.0625,0.04125522822141647,-0.0010968015994876623,0.0034254608217452187,2.204287387430668,0.15162129700183868,0.8346520662307739,0.10470486432313919,0.10944363474845886,0.1449141502380371,0.6694984436035156,0.06162804365158081,8192,0.25632479786872864,4.865600109100342,0.030833978205919266,26411008,42909,12896,806,-27.836432,0.006827096670167521,0.003556806896813214,-5.267619729042053,-53.935722,0.022094122285488994,0.0038257216481724756,-5.200883683562279,,,0.95,0.9,both,4.428674276979585,5.196129802629571,0.43767418366906824,0.0,-67.46149,2349.827204943679,-27.836432
162,1784853627.1654208,,8.0,,8.0,,6.0,,6.0,,10.0,,10.0,,1.0,,1.0,,4.0,,4.0,,2.0,,2.0,,5.0,,5.0,,8.0,,8.0,,7.886959280818701,,5.5611476534977555,,9.38427867460996,,0.6466895579360425,,3.7744757058098912,,2.003008079249412,,4.696269628708251,,7.5625,0.04457968473434448,-0.0024657431058585644,0.002776615248876624,2.2222897186875343,0.15513092279434204,0.7111809253692627,0.15501126646995544,-0.08154436200857162,0.10770370811223984,0.4889439344406128,0.022216010838747025,8192,0.5218130946159363,5.18941593170166,0.035727184265851974,26574848,43202,12976,811,-17.874285,0.0072670539128012026,0.002658938296372071,-5.259094375371933,-55.608997,0.026166943495627492,0.002940368557756301,-5.212951394915581,,,0.95,0.9,both,4.63247481185965,4.829625165948036,0.30579795115508646,0.0,-87.18785,2357.4537362936753,-17.874285
163,1784853699.7615414,,8.0,,8.0,,6.0,,6.0,,10.0,,10.0,,1.0,,1.0,,4.0,,4.0,,2.0,,2.0,,5.0,,5.0,,8.0,,8.0,,7.787389811128378,,5.730999530293047,,9.283264745376073,,0.7391816023737192,,3.8551122213248163,,1.6232864926569164,,4.753465077839792,,8.0,0.049967121332883835,-0.0007630104664713144,0.0037037060319562443,2.2222347110509872,0.1162300556898117,0.8971937894821167,0.09517690539360046,-0.10030104964971542,0.13515810668468475,0.6173204779624939,0.06056048721075058,8192,0.49996668100357056,5.221587657928467,0.07371872663497925,26738688,43512,13056,816,-15.640251,0.008874562580604105,0.004716362204635516,-5.286255910992622,-67.85637,0.023623453528853134,0.0020287771585572045,-5.237540045380593,,,0.95,0.9,both,4.809654126276539,5.074296671124378,0.3599817335687447,0.0,-37.707314,2256.8697828482013,-15.640251
164,1784853772.587926,,8.0,,8.0,,6.0,,6.0,,10.0,,10.0,,1.0,,1.0,,4.0,,4.0,,2.0,,2.0,,5.0,,5.0,,8.0,,8.0,,7.168723628856242,,5.292090627364814,,9.445512857288122,,0.7819017404690385,,3.800612601917237,,1.764289390295744,,4.691767771728337,,7.75,0.0549686923623085,-0.0012974037090316415,0.00464795965126541,2.2153836488723755,0.2404865026473999,0.8464420437812805,0.22978921234607697,-0.2654823958873749,0.16693027317523956,0.5991846323013306,0.06824258714914322,8192,0.45400771498680115,5.086862564086914,0.023495055735111237,26902528,43798,13136,821,15.061562,0.005206243730935966,0.004882148491742555,-5.271053510904312,-41.411854,0.01125795095867943,0.0035127925089909694,-5.260053792595864,,,0.95,0.9,both,4.702663140889157,4.877309279664876,0.27816535192787084,0.0,-48.40404,2249.7340417086248,15.061562
165,1784853843.2562764,,8.0,,8.0,,6.0,,6.0,,10.0,,10.0,,1.0,,1.0,,4.0,,4.0,,2.0,,2.0,,5.0,,5.0,,8.0,,8.0,,7.374890580773354,,5.194018937647343,,9.3159005548805,,0.7112529023434035,,3.687894558534026,,1.7868989538401365,,4.675560154020786,,7.75,0.06295442581176758,-0.00025562691735103726,0.003099227564234752,2.2170210406184196,0.12413281202316284,0.9557023644447327,0.1025366559624672,-0.13438968360424042,0.18037618696689606,0.8243553042411804,0.09280849993228912,8192,0.45537567138671875,5.062052249908447,0.03482776880264282,27066368,44039,13216,826,6.371637,0.006505196949001401,0.0038564615853829308,-5.281973320245743,-53.749043,0.01771943899220787,0.0027306551921356,-5.248617246747017,,,0.95,0.9,both,4.516584388323151,4.509538765703442,0.3076563569841992,0.0,-63.47834,2318.435327511577,6.371637
166,1784853913.8273242,,8.0,,8.0,,6.0,,6.0,,10.0,,10.0,,1.0,,1.0,,4.0,,4.0,,2.0,,2.0,,5.0,,5.0,,8.0,,8.0,,7.74301731120795,,5.716302138753235,,9.318399164825678,,0.8975386684760451,,3.904963381588459,,1.854454739659559,,4.739056577498559,,7.625,0.11243339627981186,-0.0007269711932167411,0.004235988861182705,2.214308373630047,0.12183619290590286,0.903680145740509,0.0891655907034874,0.26824599504470825,0.28092825412750244,0.7646691799163818,0.05265302211046219,8192,0.5102729201316833,5.224841594696045,0.0404704213142395,27230208,44263,13296,831,-1.9872576,0.006146988811087795,0.004606870477437042,-5.287935987114906,-35.522873,0.012672583103994838,0.003836919977038633,-5.274318212270737,,,0.95,0.9,both,4.519750122966495,5.225916528662426,0.25491320029845244,0.0,-51.184135,2321.6330671105184,-1.9872576
167,1784853984.6614814,,8.0,,8.0,,6.0,,6.0,,10.0,,10.0,,1.0,,1.0,,4.0,,4.0,,2.0,,2.0,,5.0,,5.0,,8.0,,8.0,,8.458580756559968,,6.49706426076591,,9.919703355059028,,1.264777504839003,,4.308344704128103,,2.169942927081138,,4.93713665753603,,8.625,0.04639168828725815,0.0002871681936085224,0.0008256493083536043,2.212174341082573,0.27177709341049194,0.8444885611534119,0.23968282341957092,0.1087670549750328,0.11669803410768509,0.6724457740783691,0.0715189278125763,8192,0.45168542861938477,5.772569179534912,0.035953059792518616,27394048,44475,13376,836,-10.562708,0.00644325307366671,0.0032379187847254797,-5.285204553604126,-39.452663,0.02357880718773231,0.005595560627989471,-5.276220703125,,,0.95,0.9,both,4.789075440258591,4.284625264350865,0.3127397755071688,0.0,-55.353504,2313.0078635970513,-10.562708
168,1784854057.2467954,,8.0,,8.0,,6.0,,6.0,,10.0,,10.0,,1.0,,1.0,,4.0,,4.0,,2.0,,2.0,,5.0,,5.0,,8.0,,8.0,,8.64438958070241,,6.686974476091564,,9.918293572030962,,1.078273226856254,,4.327506671659648,,2.120553313754499,,4.968025507725542,,8.5625,0.05865544453263283,-0.002949546615127474,0.0034320422346354462,2.21675768494606,0.12766951322555542,0.8047394752502441,0.2248666137456894,-0.17311902344226837,0.15216493606567383,0.9220389127731323,0.029881443828344345,8192,0.43191736936569214,5.788314342498779,0.05992066115140915,27557888,44693,13456,841,0.6486638,0.006140737599343993,0.004200657039473299,-5.299071246385575,-68.8452,0.02057188511826098,0.003509266718174331,-5.249231997132301,,,0.95,0.9,both,4.687268168030957,4.484507684605807,0.2659232438947663,0.0,-45.942127,2257.2054692641104,0.6486638
169,1784854129.2456481,,8.0,,8.0,,6.0,,6.0,,10.0,,10.0,,1.0,,1.0,,4.0,,4.0,,2.0,,2.0,,5.0,,5.0,,8.0,,8.0,,7.2955983225256205,,5.288752930238843,,9.262835018336773,,0.7944262881064788,,3.780754567589611,,1.7174806324765086,,4.58604103140533,,7.25,0.06148345395922661,-0.006681287050014362,0.003042686170374509,2.224247746169567,0.14003220200538635,0.8084618449211121,0.0968184545636177,0.0015967190265655518,0.16061340272426605,0.6669629812240601,-0.01632726565003395,8192,0.3957529664039612,4.996985912322998,0.02746545523405075,27721728,44909,13536,846,16.799631,0.004967243094142759,0.0041100743008428255,-5.332346844673157,-48.607323,0.011890931386733427,0.00268241184821818,-5.3039341300725935,,,0.95,0.9,both,4.515112134242291,5.384041902667895,0.3104789654456097,0.0,-28.389404,2275.592755081212,16.799631
170,1784854200.1208024,,8.0,,8.0,,6.0,,6.0,,10.0,,10.0,,1.0,,1.0,,4.0,,4.0,,2.0,,2.0,,5.0,,5.0,,8.0,,8.0,,7.268742410466075,,5.660277172923088,,9.448985428200103,,0.9839064565021545,,3.9047032902017236,,1.6867107977159321,,4.5778583930805326,,8.0625,0.05623972415924072,-0.0036439768446143717,0.003247591928811744,2.2276482582092285,0.13971726596355438,0.8961161375045776,0.24488630890846252,-0.10509416460990906,0.14696158468723297,1.0093567371368408,0.02669302560389042,8192,0.5065118074417114,5.1992106437683105,0.015850083902478218,27885568,45107,13616,851,0.4945236,0.005335032389848493,0.004134453332517296,-5.333599904179573,-54.3426,0.011938968402682803,0.0033837585797300562,-5.34909750521183,,,0.95,0.9,both,4.955739294703891,5.83638708037804,0.3006860460620602,0.0,-32.81999,2311.669438203403,0.4945236
171,1784854272.0671744,,8.0,,8.0,,6.0,,6.0,,10.0,,10.0,,1.0,,1.0,,4.0,,4.0,,2.0,,2.0,,5.0,,5.0,,8.0,,8.0,,8.44160922896117,,6.5490147192031145,,9.923818248324096,,1.3371674381196499,,4.3440231485292315,,2.2561098374426365,,4.921333786100149,,8.25,0.056381337344646454,-0.0030641205157735385,0.00180481363349827,2.228665828704834,0.12170079350471497,0.7549874782562256,0.08843688666820526,-0.3504839241504669,0.15076448023319244,0.8309124708175659,0.07021060585975647,8192,0.4806841015815735,5.7528839111328125,0.01569354347884655,28049408,45295,13696,856,-4.6010456,0.006307533955259714,0.00514611982362112,-5.349399760365486,-61.68117,0.007339543198759202,0.0021127700732904487,-5.332483077049256,,,0.95,0.9,both,5.03694196404844,4.986033625835335,0.26816888892018986,0.0,-16.512396,2277.2517033246822,-4.6010456
172,1784854343.9468846,,8.0,,8.0,,6.0,,6.0,,10.0,,10.0,,1.0,,1.0,,4.0,,4.0,,2.0,,2.0,,5.0,,5.0,,8.0,,8.0,,8.10898850671947,,5.996361183468252,,9.54539016354829,,0.9937026109546423,,3.9226913466118276,,1.925816209986806,,4.844015287235379,,8.1875,0.16658468544483185,-0.00023722375044599175,0.012993824668228626,2.236675903201103,0.39667171239852905,0.8600336313247681,0.37626877427101135,0.44588786363601685,0.45869821310043335,0.5610970258712769,0.00214761751703918,8192,0.5704879760742188,5.440557956695557,0.03150360286235809,28213248,45495,13776,861,13.414691,0.004828814638312906,0.0027688933274475857,-5.346333840489388,-36.860752,0.00844849932618672,0.002650312388141174,-5.331038463115692,,,0.95,0.9,both,4.5958841508017025,4.252821652776648,0.26254523543316327,0.0,-68.66762,2279.364198760238,13.414691
173,1784854417.80779,,8.0,,8.0,,6.0,,6.0,,10.0,,10.0,,1.0,,1.0,,4.0,,4.0,,2.0,,2.0,,5.0,,5.0,,8.0,,8.0,,8.755983957089484,,6.603701811283827,,9.828549755737185,,1.3023532004663139,,4.219765086192638,,2.3148491391912103,,4.971859022974968,,8.375,0.10635125637054443,-0.008078537444816902,0.006284631468588486,2.2404274493455887,0.10893832892179489,0.9508054256439209,0.1562584936618805,0.26044589281082153,0.28141117095947266,0.8347567915916443,-0.016881436109542847,8192,0.4162781834602356,5.796507835388184,0.03517821058630943,28377088,45691,13856,866,13.355452,0.00524395604224992,0.003396518925728742,-5.374293583631515,-77.984474,0.011374772348790429,0.0035365453848498875,-5.313734143972397,,,0.95,0.9,both,4.649208990125852,5.592748269093807,0.3063437564239745,0.0,-29.962687,2218.223137414461,13.355452
174,1784854492.3664439,,8.0,,8.0,,6.0,,6.0,,10.0,,10.0,,1.0,,1.0,,4.0,,4.0,,2.0,,2.0,,5.0,,5.0,,8.0,,8.0,,7.790009088814259,,5.728819780051708,,9.466438034083694,,0.9383208160288632,,3.7105828169733286,,2.0073878886178136,,4.6745316227898,,7.875,0.09031018614768982,-0.0007157258805818856,0.007628471561474726,2.243265524506569,0.12301603704690933,0.8117713928222656,0.12132652848958969,-0.4885558485984802,0.2650264799594879,0.6932600736618042,-0.0190682802349329,8192,0.5624019503593445,5.273886203765869,0.07987701147794724,28540928,45904,13936,871,6.3012476,0.0051384028658503665,0.003952595241571544,-5.392646050453186,-65.44035,0.016674857068574057,0.0005061501360614784,-5.316125383973121,,,0.95,0.9,both,4.487221317785841,4.268191274189437,0.252042715292367,0.0,-45.210884,2197.4647157394897,6.3012476
175,1784854566.8482344,,8.0,,8.0,,6.0,,6.0,,10.0,,10.0,,1.0,,1.0,,4.0,,4.0,,2.0,,2.0,,5.0,,5.0,,8.0,,8.0,,8.56439347192645,,6.7392097058473155,,9.837963766651228,,1.252899409737438,,4.0881027763243765,,2.3173748683184385,,4.945372724439949,,8.5625,0.07501170784235,-0.0033662058413028717,0.004191755873762304,2.250834994018078,0.11189807951450348,0.9907338619232178,0.1068473681807518,0.02339642308652401,0.1980103850364685,0.5622459053993225,-0.09717412292957306,8192,0.43008363246917725,5.788477420806885,0.022445661947131157,28704768,46118,14016,876,15.792552,0.005269926345499698,0.002258309817261761,-5.415449634194374,-37.18925,0.01264428476570174,0.0035038049827562645,-5.308475276827812,,,0.95,0.9,both,4.500424848972364,4.4808072111829444,0.34523247778401617,0.0,-41.384747,2199.7320987977,15.792552
176,1784854639.8271785,,8.0,,8.0,,6.0,,6.0,,10.0,,10.0,,1.0,,1.0,,4.0,,4.0,,2.0,,2.0,,5.0,,5.0,,8.0,,8.0,,8.412033984437585,,6.2584787625819445,,9.694108069408685,,0.9140194279607385,,4.099571274826303,,2.0585488667420577,,4.8769361497834325,,8.25,0.09946992993354797,-0.010340701846871525,0.0060809623973909765,2.246560700237751,0.16178195178508759,0.9291181564331055,0.13847987353801727,0.26257777214050293,0.2708209156990051,0.5293981432914734,-0.008409446105360985,8192,0.5111998915672302,5.570462226867676,0.030600180849432945,28868608,46345,14096,881,15.646818,0.004488157121522817,0.004447249784425367,-5.429738533496857,-70.18107,0.01112677245400846,0.001478355143990484,-5.3427251547575,,,0.95,0.9,both,4.942009967353817,4.729626837383645,0.28424973813073917,0.0,-22.491533,2245.0310437892485,15.646818
177,1784854712.599935,,8.0,,8.0,,6.0,,6.0,,10.0,,10.0,,1.0,,1.0,,4.0,,4.0,,2.0,,2.0,,5.0,,5.0,,8.0,,8.0,,7.570816728286445,,5.44158786709886,,9.263938157819211,,0.7594927477184683,,3.8785685867769644,,1.658174921409227,,4.70750005915761,,7.4375,0.11588016897439957,-0.004180099087534472,0.0037145365567994304,2.2697602435946465,0.2319265902042389,0.8589706420898438,0.17827606201171875,0.1890614777803421,0.29676932096481323,0.6088564991950989,-0.05610328167676926,8192,0.47233572602272034,5.08969783782959,0.035633865743875504,29032448,46555,14176,886,12.993034,0.004605087156960508,0.0050917800850584175,-5.471432840824127,-60.748352,0.015256930227042175,0.005658747676352505,-5.401278179883957,,,0.95,0.9,both,4.839249073922586,5.234682390751104,0.33461392132895995,0.0,-27.622553,2251.392055983889,12.993034
178,1784854785.5530746,,8.0,,8.0,,6.0,,6.0,,10.0,,10.0,,1.0,,1.0,,4.0,,4.0,,2.0,,2.0,,5.0,,5.0,,8.0,,8.0,,8.745644436217844,,6.751305082812905,,9.726953737903386,,1.1706337318755686,,4.196360586211085,,2.2900722920894623,,4.96884416975081,,8.75,0.060907430946826935,-0.0006698062061332166,0.009744786017108709,2.273841105401516,0.16330064833164215,0.8248932361602783,0.1281500905752182,0.21600715816020966,0.26972877979278564,0.6076234579086304,-0.012239014729857445,8192,0.40921643376350403,5.824976921081543,0.016331300139427185,29196288,46761,14256,891,6.370643,0.005263489832577762,0.00684919560153503,-5.451294070482254,-61.325665,0.004384624773229007,0.0028779027008567935,-5.440551039576531,,,0.95,0.9,both,4.986982865773564,5.243855503159449,0.46819533049590023,0.0,-28.009441,2245.826657094952,6.370643
179,1784854856.963445,,8.0,,8.0,,6.0,,6.0,,10.0,,10.0,,1.0,,1.0,,4.0,,4.0,,2.0,,2.0,,5.0,,5.0,,8.0,,8.0,,8.257203977555037,,5.809501552954316,,9.621625032275915,,0.9182975576259196,,4.151864020386711,,2.1110383942723274,,4.845522135961801,,7.875,0.1110120415687561,-0.0022039569448679686,0.009491343938861974,2.2701200991868973,0.12625209987163544,0.8599188923835754,0.1803063452243805,0.2177678942680359,0.2917380630970001,0.883354663848877,0.018500283360481262,8192,0.5677775144577026,5.448756217956543,0.05114145204424858,29360128,46951,14336,896,4.466195,0.005018920128350146,0.0038129865235532632,-5.469226142764091,-21.377293,0.010775358806131407,0.004532904433290241,-5.4799916505813595,,,0.95,0.9,both,4.748869344147932,5.719608936750057,0.23314182764347705,0.0,-45.57969,2294.3430847186187,4.466195
180,1784854928.5199983,,8.0,,8.0,,6.0,,6.0,,10.0,,10.0,,1.0,,1.0,,4.0,,4.0,,2.0,,2.0,,5.0,,5.0,,8.0,,8.0,,7.6081641868222505,,5.4597985707223415,,9.432529134326614,,0.817375248298049,,3.776605476392433,,1.54758913628757,,4.6119536007754505,,7.125,0.05132043734192848,-0.008193803078029305,0.0051285390291013755,2.268755316734314,0.32454419136047363,0.9280139207839966,0.4459281861782074,0.19048818945884705,0.1218574270606041,0.7927606105804443,-0.027543019503355026,8192,0.43459513783454895,5.04737663269043,0.028492292389273643,29523968,47168,14416,901,4.112108,0.005880715683451854,0.006296696982462891,-5.493912634253502,-55.400574,0.01481347651570104,0.0027847955236211417,-5.470496678352356,,,0.95,0.9,both,5.139787500505008,5.515600631048258,0.37002811680761294,0.0,-63.205345,2289.6583660879505,4.112108
181,1784855001.8397663,,8.0,,8.0,,6.0,,6.0,,10.0,,10.0,,1.0,,1.0,,4.0,,4.0,,2.0,,2.0,,5.0,,5.0,,8.0,,8.0,,8.518091571517289,,6.459769437089562,,9.890426088124514,,1.3668429700192064,,4.416615401161835,,2.3153882026708743,,4.9362716265022755,,8.875,0.075833261013031,0.0001797593431547284,0.0031121998908929527,2.275520943105221,0.07998080551624298,0.8663155436515808,0.07364250719547272,0.5687474012374878,0.2212524265050888,0.6609030365943909,-0.03598761558532715,8192,0.39576953649520874,5.8473005294799805,0.013894799165427685,29687808,47377,14496,906,7.732268,0.005022733379155398,0.003172762561007403,-5.497936609387398,-46.27942,0.00935956759203691,0.0023836100168409756,-5.44453966319561,,,0.95,0.9,both,4.5268207945226475,5.342560869326138,0.35961830531710653,0.0,-41.705414,2234.5943742163495,7.732268
182,1784855074.3226962,,8.0,,8.0,,6.0,,6.0,,10.0,,10.0,,1.0,,1.0,,4.0,,4.0,,2.0,,2.0,,5.0,,5.0,,8.0,,8.0,,8.570369736116845,,6.494676496833563,,9.943711072206497,,1.429234143346548,,4.350498433224857,,2.4255483001470566,,5.0,,8.5,0.1468660682439804,3.4020020393654704e-05,0.005743097062804736,2.284050151705742,0.25338104367256165,0.8980448246002197,0.1697857677936554,0.1581905633211136,0.3837448060512543,0.6695422530174255,0.03946670889854431,8192,0.40335652232170105,5.839254379272461,0.009948289953172207,29851648,47561,14576,911,13.96464,0.0048777053380035795,0.003860082094615791,-5.527778619527817,-41.702988,0.0034624816224095413,0.00445575602716417,-5.4785261243581775,,,0.95,0.9,both,5.05506121766761,5.667124788731305,0.35321788714140057,0.0,-26.757767,2260.394423216782,13.96464
183,1784855146.8324919,,8.0,,8.0,,6.0,,6.0,,10.0,,10.0,,1.0,,1.0,,4.0,,4.0,,2.0,,2.0,,5.0,,5.0,,8.0,,8.0,,8.419389518443495,,6.4304913161322474,,9.73639241605997,,1.1805188627913594,,4.119464792311192,,2.2560381004586816,,4.8688916601240635,,8.25,0.0738370418548584,-0.009809370036236942,0.004207124547974672,2.279586799442768,0.1712222546339035,0.7985743284225464,0.1298452764749527,0.18179066479206085,0.22435720264911652,0.8317980766296387,0.0332769975066185,8192,0.5295892953872681,5.65764856338501,0.019461335614323616,30015488,47740,14656,916,16.876513,0.004773392324568704,0.0026362572534708306,-5.528970846533776,-27.818146,0.008175573335029185,0.005127378231554758,-5.526072800159454,,,0.95,0.9,both,4.706659519356444,4.889889535153951,0.29798444666561985,0.0,-38.28548,2259.558572756397,16.876513
184,1784855218.1667686,,8.0,,8.0,,6.0,,6.0,,10.0,,10.0,,1.0,,1.0,,4.0,,4.0,,2.0,,2.0,,5.0,,5.0,,8.0,,8.0,,7.601860052905977,,5.420388776808977,,9.275284994393587,,0.783941843546927,,3.6871400768868625,,1.8053555842489004,,4.615513670258224,,7.4375,0.06505703926086426,0.00012286653509363532,0.0022227089921216248,2.2889057621359825,0.1928960680961609,0.9248411655426025,0.1779332458972931,-0.2536407709121704,0.16585507988929749,0.6057764887809753,0.03876480832695961,8192,0.5071039795875549,5.078373432159424,0.029756981879472733,30179328,47951,14736,921,9.795194,0.006277732185844797,0.002747736779565457,-5.54243842959404,-29.159771,0.005836358235683292,0.002598285376734566,-5.520061764121055,,,0.95,0.9,both,4.752504468076059,6.05752855519548,0.3787441083604645,0.0,-72.54572,2296.790231665751,9.795194
185,1784855292.7418115,,8.0,,8.0,,6.0,,6.0,,10.0,,10.0,,1.0,,1.0,,4.0,,4.0,,2.0,,2.0,,5.0,,5.0,,8.0,,8.0,,7.534278989769518,,5.804916176944971,,9.499992132652551,,0.8174124686047435,,3.9022614567657,,1.8806272177025676,,4.725044466089457,,7.4375,0.0754263624548912,-0.001008909079246223,0.005452833152958192,2.2938844189047813,0.18211649358272552,0.734689474105835,0.24472549557685852,0.11628073453903198,0.1801232248544693,0.7586427927017212,0.03458999842405319,8192,0.5443243980407715,5.200253963470459,0.037414345890283585,30343168,48154,14816,926,-2.4141445,0.008220581903879065,0.0047556283869198525,-5.502228024601936,-70.76431,0.01871537600236479,0.0035872667001967786,-5.507945704460144,,,0.95,0.9,both,4.836698191808346,5.011095481728388,0.3452953887191058,0.0,-66.83999,2196.9815307810404,-2.4141445
186,1784855367.4735394,,8.0,,8.0,,6.0,,6.0,,10.0,,10.0,,1.0,,1.0,,4.0,,4.0,,2.0,,2.0,,5.0,,5.0,,8.0,,8.0,,7.638339141383767,,5.593974029325182,,9.428486030548811,,0.9124301192350686,,3.867357305949554,,1.7390992222353816,,4.703543208539486,,7.4375,0.04440278932452202,-0.005193197343032807,0.0016856514839673764,2.2977385967969894,0.14580291509628296,0.9079131484031677,0.11541089415550232,-0.020382175222039223,0.1297214925289154,0.5890430808067322,0.018401013687253,8192,0.5128188729286194,5.165091514587402,0.02949773333966732,30507008,48390,14896,931,16.833666,0.005991092097974615,0.004822895301185781,-5.47244373857975,-50.035164,0.017022717726649716,0.0043340631062164904,-5.529823619127273,,,0.95,0.9,both,4.551985759023214,5.4694737856865085,0.21844859871753564,0.0,-47.404564,2192.3760054587287,16.833666
187,1784855439.977722,,8.0,,8.0,,6.0,,6.0,,10.0,,10.0,,1.0,,1.0,,4.0,,4.0,,2.0,,2.0,,5.0,,5.0,,8.0,,8.0,,8.780117841437459,,6.1402272609993815,,9.863612117245793,,1.0868913987651467,,4.296265955083072,,2.0069278813898563,,4.832318173721433,,8.0,0.08298301696777344,-0.0032410500571131706,0.006626217960729264,2.304978184401989,0.5285606384277344,0.8959468007087708,0.46471625566482544,-0.22373102605342865,0.23067261278629303,0.5424121022224426,0.019712837412953377,8192,0.4999275505542755,5.625794887542725,0.0872512087225914,30670848,48624,14976,936,16.069376,0.005979321387712844,0.003738135497405892,-5.467608603835106,-51.737446,0.028347578749526293,0.0026148037766688505,-5.525416561961174,,,0.95,0.9,both,4.630323483627315,5.260399388150306,0.23971807670224235,0.0,-55.91441,2259.7309565705373,16.069376
188,1784855511.0343518,,8.0,,8.0,,6.0,,6.0,,10.0,,10.0,,1.0,,1.0,,4.0,,4.0,,2.0,,2.0,,5.0,,5.0,,8.0,,8.0,,7.509777416009456,,5.938771966379136,,9.34860753454268,,0.8268611195962876,,3.8856646874919534,,1.9001953648403287,,4.765979892574251,,7.875,0.10216298699378967,2.2817926947027445e-05,0.00502136824070476,2.307837314903736,0.1931457370519638,0.8528265357017517,0.18034780025482178,0.012003755196928978,0.2518220543861389,0.3440134823322296,0.022479303181171417,8192,0.5347985625267029,5.256357669830322,0.04439132288098335,30834688,48884,15056,941,4.065037,0.0064368522173026575,0.004956286042579449,-5.456617665290833,-52.879356,0.015385678922757506,0.0024106931188725865,-5.450937017798424,,,0.95,0.9,both,4.630372373558278,5.302056708514902,0.23073333298274507,0.0,-74.76411,2305.7665414515213,4.065037
189,1784855584.296436,,8.0,,8.0,,6.0,,6.0,,10.0,,10.0,,1.0,,1.0,,4.0,,4.0,,2.0,,2.0,,5.0,,5.0,,8.0,,8.0,,8.096594017930329,,6.540885497815907,,9.860438957810402,,0.991562589071691,,4.231882237596437,,2.1011678388458677,,4.80024266242981,,8.25,0.09749606996774673,-0.0030234268051572144,0.008745054481551051,2.307669937610626,0.10607773810625076,0.7535343170166016,0.06185862794518471,-0.3214136064052582,0.2722581923007965,0.5761128664016724,0.03393031656742096,8192,0.5151888132095337,5.609097003936768,0.02217387594282627,30998528,49145,15136,946,8.932388,0.005441181251080706,0.0036009704912430608,-5.473721924424171,-41.680042,0.013920507350121625,0.001707036272273399,-5.435058519244194,,,0.95,0.9,both,4.779120406032989,4.798147633414247,0.21334989208776436,0.0,-49.247444,2236.3546106030567,8.932388
190,1784855656.0660365,,8.0,,8.0,,6.0,,6.0,,10.0,,10.0,,1.0,,1.0,,4.0,,4.0,,2.0,,2.0,,5.0,,5.0,,8.0,,8.0,,7.5867253970354795,,5.476741726510227,,9.40138104557991,,0.8066570977680385,,3.921635486651212,,1.7865834420081228,,4.806790498812916,,7.75,0.1242481991648674,-0.0035204035229980946,0.005879137752344832,2.3013491854071617,0.17979568243026733,0.8014252781867981,0.1317548155784607,0.130628302693367,0.2862303555011749,0.6898337006568909,0.02054935321211815,8192,0.5384542942047119,5.192063808441162,0.02922883816063404,31162368,49346,15216,951,17.65781,0.005574321414314909,0.0038911615978577175,-5.465635669231415,-32.273106,0.008362012400175445,0.0014511185741866938,-5.440497979521751,,,0.95,0.9,both,4.544557401280995,4.536705749837262,0.24445702074680845,0.0,-40.386883,2282.860765205246,17.65781
191,1784855727.6287534,,8.0,,8.0,,6.0,,6.0,,10.0,,10.0,,1.0,,1.0,,4.0,,4.0,,2.0,,2.0,,5.0,,5.0,,8.0,,8.0,,8.838066831231117,,6.431528597604483,,9.845898440107703,,1.1743491783854552,,4.264003241667524,,2.1056324942037463,,4.9321582429111,,8.6875,0.08112075179815292,0.00011733180144801736,0.004961385071510449,2.308238960802555,0.25923481583595276,0.8990821242332458,0.2010556012392044,-0.050410330295562744,0.20561856031417847,0.6463510394096375,0.00597065594047308,8192,0.4281662106513977,5.784892559051514,0.03541981056332588,31326208,49550,15296,956,16.327747,0.0047466684256505685,0.004064945465142955,-5.450467258691788,-29.60725,0.011028733008424751,0.0040508262798539365,-5.446954047679901,,,0.95,0.9,both,4.45413742622597,5.279943345376732,0.3570895091767846,0.0,-46.12788,2289.4602626510996,16.327747
192,1784855799.2353017,,8.0,,8.0,,6.0,,6.0,,10.0,,10.0,,1.0,,1.0,,4.0,,4.0,,2.0,,2.0,,5.0,,5.0,,8.0,,8.0,,7.206339105963707,,5.541327590821311,,9.18134350888431,,0.7471455745398998,,3.7869137346278876,,1.6742032547481358,,4.60272198356688,,7.625,0.10082298517227173,-0.0017311823030468076,0.0042049240073538385,2.3133356645703316,0.163909450173378,0.8440200090408325,0.12683634459972382,0.24383652210235596,0.23537464439868927,0.6358513832092285,-0.01433190330862999,8192,0.446107417345047,5.045624256134033,0.018319007009267807,31490048,49753,15376,961,15.646286,0.005505430800258182,0.005368722409912152,-5.479522582888603,-59.982918,0.009635680526844225,0.004668505636800546,-5.462511119246483,,,0.95,0.9,both,4.7486721308289646,5.135338867240902,0.4358968141689279,0.0,-56.902443,2288.0588715462904,15.646286
193,1784855870.527162,,8.0,,8.0,,6.0,,6.0,,10.0,,10.0,,1.0,,1.0,,4.0,,4.0,,2.0,,2.0,,5.0,,5.0,,8.0,,8.0,,8.617913015186787,,6.839425537735224,,9.949069689959288,,1.453540122602135,,4.479576852172613,,2.3777470835484564,,4.991827618330717,,9.0,0.04540124535560608,-0.000317954458296299,0.0035376083205846953,2.3102105408906937,0.09447160363197327,0.928074300289154,0.07721368968486786,0.003957442939281464,0.15781180560588837,0.7671906352043152,-0.009395557455718517,8192,0.23017242550849915,5.963637351989746,0.030786391347646713,31653888,49938,15456,966,8.737134,0.005108414551068563,0.0027250741695752367,-5.479622799158096,-45.586784,0.006728531263070181,0.0014950403274269775,-5.443241366744042,,,0.95,0.9,both,4.25893326546479,4.288701176509149,0.3888687015600252,0.0,-55.186726,2298.158570837287,8.737134
194,1784855944.7389648,,8.0,,8.0,,6.0,,6.0,,10.0,,10.0,,1.0,,1.0,,4.0,,4.0,,2.0,,2.0,,5.0,,5.0,,8.0,,8.0,,7.174680187366903,,5.156510058790445,,9.161029813811183,,0.5181286372244358,,3.671589121222496,,1.7536510666832328,,4.562880547717214,,7.25,0.03546667471528053,-0.0007045702077448368,0.0036419648458831944,2.318425163626671,0.1378597617149353,0.8524712920188904,0.10277500003576279,-0.005842939950525761,0.09744564443826675,0.6725949645042419,0.009436400607228279,8192,0.3354480564594269,4.9060587882995605,0.020302647724747658,31817728,50157,15536,971,17.096111,0.00529178279612097,0.004285489729954861,-5.481703704595565,-48.629562,0.010300068679498509,0.004611642543750349,-5.4511421710252765,,,0.95,0.9,both,4.754686456793701,5.44243778487301,0.34404496745555346,0.0,-31.319489,2207.736871481625,17.096111
195,1784856016.9138181,,8.0,,8.0,,6.0,,6.0,,10.0,,10.0,,1.0,,1.0,,4.0,,4.0,,2.0,,2.0,,5.0,,5.0,,8.0,,8.0,,8.590273701702245,,6.57808062620461,,9.770676575601101,,1.401209817500785,,4.366400485858321,,2.302259050309658,,4.982604034245014,,8.3125,0.1442670375108719,0.00029724527848884463,0.013582792889792472,2.3303209841251373,0.14923061430454254,0.8308738470077515,0.11253077536821365,0.07742653787136078,0.37561580538749695,0.43277525901794434,0.005222619976848364,8192,0.4511784613132477,5.788000583648682,0.02656073309481144,31981568,50394,15616,976,17.287682,0.006389856405439787,0.005450653095613234,-5.473077973723411,-62.01122,0.016515793051803486,0.0037904079996224026,-5.45760163962841,,,0.95,0.9,both,4.668124068321001,4.873921860250256,0.3347495213247247,0.0,-66.340416,2270.0408219221254,17.287682
196,1784856089.113131,,8.0,,8.0,,6.0,,6.0,,10.0,,10.0,,1.0,,1.0,,4.0,,4.0,,2.0,,2.0,,5.0,,5.0,,8.0,,8.0,,8.123697168193758,,6.018363486975431,,9.631902473047376,,0.901022095233202,,4.219413552433252,,1.9149010789114982,,4.87287712469697,,8.125,0.10965147614479065,-0.003942872164770961,0.0035228811320848763,2.328249543905258,0.21904899179935455,0.9827157855033875,0.18361137807369232,-0.13026928901672363,0.2637624740600586,0.49179255962371826,0.01804647035896778,8192,0.5805634260177612,5.475897789001465,0.06739532947540283,32145408,50627,15696,981,7.413607,0.005571151673211716,0.003963519453100162,-5.452241685986519,-58.136528,0.024557943682884796,0.0048963432651362385,-5.431739872694015,,,0.95,0.9,both,4.42446717896433,4.725442197572174,0.1789416135797545,0.0,-51.522327,2269.2736667150425,7.413607
197,1784856163.062937,,8.0,,8.0,,6.0,,6.0,,10.0,,10.0,,1.0,,1.0,,4.0,,4.0,,2.0,,2.0,,5.0,,5.0,,8.0,,8.0,,7.288547148928046,,5.511619471013546,,9.382150419056416,,0.604140731273219,,3.717248762026429,,1.806219701655209,,4.664171972312033,,7.3125,0.11392224580049515,4.599749809131026e-05,0.004019911582872737,2.3287140876054764,0.1581116020679474,0.8903400897979736,0.15298576653003693,0.17469093203544617,0.27610746026039124,0.43325209617614746,-0.005272495094686747,8192,0.4076341688632965,5.035824775695801,0.017626715824007988,32309248,50866,15776,986,17.135178,0.00511496554245241,0.004909215573570691,-5.468759706616401,-65.020065,0.01757692593964748,0.003419332682096865,-5.457912164926529,,,0.95,0.9,both,4.503818306032791,4.692495316987996,0.21661836747819121,0.0,-58.150715,2215.557039536797,17.135178
198,1784856238.7201807,,8.0,,8.0,,6.0,,6.0,,10.0,,10.0,,1.0,,1.0,,4.0,,4.0,,2.0,,2.0,,5.0,,5.0,,8.0,,8.0,,8.385996668133885,,6.597273034509271,,9.98523900937289,,1.315187903586775,,4.339703519828618,,2.144933039089665,,4.969759069383144,,8.375,0.10256848484277725,2.9217975679785013e-05,0.007056930582621135,2.3288877606391907,0.26902392506599426,0.756752073764801,0.32848092913627625,-0.2554726004600525,0.2704314589500427,0.7582492828369141,0.02725141867995262,8192,0.43211042881011963,5.76413631439209,0.03270813450217247,32473088,51076,15856,991,14.816504,0.0060796594581915995,0.006234912697254913,-5.451035413146019,-76.55227,0.02120736891229171,0.0016377228690544142,-5.414950168132782,,,0.95,0.9,both,4.45809194155623,4.236269683403096,0.30952284530486907,0.0,-33.07834,2165.5558910601335,14.816504
199,1784856311.7851152,,8.0,,8.0,,6.0,,6.0,,10.0,,10.0,,1.0,,1.0,,4.0,,4.0,,2.0,,2.0,,5.0,,5.0,,8.0,,8.0,,7.401683575939387,,5.081969624385238,,9.061676762998104,,0.7253149506868795,,3.6073886239901185,,1.6245670065982267,,4.556194810196757,,7.4375,0.0893024131655693,-0.002105281106196344,0.0030102879245532677,2.3276243954896927,0.22484317421913147,0.8923645615577698,0.2980070412158966,-0.17885243892669678,0.21016556024551392,0.6759734153747559,-0.006614556070417166,8192,0.3072395324707031,4.937036514282227,0.04730192571878433,32636928,51298,15936,996,3.4978805,0.006262744097330142,0.004949212455539964,-5.449019050598144,-67.49446,0.01902503808378242,0.004213280716794543,-5.422904393076896,,,0.95,0.9,both,4.532421974008651,5.574992541284557,0.4613227797807907,0.0,-46.467876,2242.3888609131486,3.4978805
200,1784856386.9038002,,8.0,,8.0,,6.0,,6.0,,10.0,,10.0,,1.0,,1.0,,4.0,,4.0,,2.0,,2.0,,5.0,,5.0,,8.0,,8.0,,7.575464998371899,,5.275831814855337,,9.195984173566103,,0.7480253144167364,,3.7806950714439154,,1.683608690276742,,4.693233988247812,,7.3125,0.06855595111846924,0.00012204406084492803,0.008941658019466558,2.3247578516602516,0.1399017721414566,0.8059437274932861,0.14024481177330017,-0.755398154258728,0.22971640527248383,0.4440588653087616,-0.030205976217985153,8192,0.43243372440338135,5.033167839050293,0.03042941354215145,32800768,51524,16016,1001,14.719841,0.005261433598934673,0.0048977287326124495,-5.444725149869919,-47.656036,0.00886334565875586,0.0030260990097303875,-5.418018239736557,,,0.95,0.9,both,4.442608714608665,4.877425072341502,0.2511292683512324,0.0,-36.25313,2181.0818919547396,14.719841
201,1784856462.0406265,,8.0,,8.0,,6.0,,6.0,,10.0,,10.0,,1.0,,1.0,,4.0,,4.0,,2.0,,2.0,,5.0,,5.0,,8.0,,8.0,,8.202064734417945,,6.293288866057992,,9.681156368926167,,1.1688943840563297,,4.0855483203195035,,2.0197214550571516,,4.864703104598448,,8.0625,0.07645963132381439,-0.00040727597661316395,0.0058379983602208085,2.327377386391163,0.09818966686725616,1.0166544914245605,0.07619971036911011,-0.1475265473127365,0.2132594734430313,0.6723877787590027,0.03261803835630417,8192,0.5548365712165833,5.547235012054443,0.01734170690178871,32964608,51721,16096,1006,14.996852,0.005183506787579973,0.003550923073635204,-5.443836796283722,-25.393227,0.005654580326518044,0.001650835172040388,-5.439778605103493,,,0.95,0.9,both,4.482474613952876,5.272290135479357,0.21025141287784788,0.0,-36.669254,2180.555151947772,14.996852
202,1784856538.802823,,8.0,,8.0,,6.0,,6.0,,10.0,,10.0,,1.0,,1.0,,4.0,,4.0,,2.0,,2.0,,5.0,,5.0,,8.0,,8.0,,7.326533866114914,,5.392748998478055,,9.301328186877072,,0.6567791868001223,,3.7769491067156196,,1.584141823463142,,4.537770077586174,,7.5625,0.06754598021507263,-0.00041250436333939433,0.004530646390776383,2.337835483253002,0.23319154977798462,0.8601894378662109,0.1420275866985321,-0.2602449357509613,0.18922193348407745,0.6557713747024536,-0.06299436837434769,8192,0.443324476480484,5.017343997955322,0.024669155478477478,33128448,51901,16176,1011,15.952833,0.0054469145048642535,0.004303055253694765,-5.44375903904438,-40.454193,0.009204150730511174,0.0024937066104030237,-5.421323999762535,,,0.95,0.9,both,4.390238390834396,4.35888838069353,0.23387208363597753,0.0,-28.307037,2134.384319040623,15.952833
203,1784856614.2342896,,8.0,,8.0,,6.0,,6.0,,10.0,,10.0,,1.0,,1.0,,4.0,,4.0,,2.0,,2.0,,5.0,,5.0,,8.0,,8.0,,7.351598910288885,,5.287306912243366,,9.51458316296339,,0.7265975186601281,,3.761335442773998,,1.7539490358904004,,4.638485487550497,,7.4375,0.07719127088785172,-0.0008822786039672792,0.004418936303409282,2.3472454845905304,0.11035057157278061,0.8616496324539185,0.061632879078388214,0.10792332887649536,0.20124636590480804,0.7254441976547241,-0.07420507818460464,8192,0.47218456864356995,5.058919429779053,0.0301839429885149,33292288,52083,16256,1016,15.140546,0.005127093514602166,0.0029712559495237655,-5.440842533111573,-16.617802,0.005401979309681337,0.0020552332513034343,-5.4030619114637375,,,0.95,0.9,both,4.261072286633058,5.2448555766160245,0.2765598505658259,0.0,-38.492405,2172.0375257162204,15.140546
204,1784856689.2521358,,8.0,,8.0,,6.0,,6.0,,10.0,,10.0,,1.0,,1.0,,4.0,,4.0,,2.0,,2.0,,5.0,,5.0,,8.0,,8.0,,8.246909571811557,,6.00275432318449,,9.31339326989837,,0.8258589097531512,,3.7783046290278435,,1.8505539698526263,,4.8268970884382725,,7.8125,0.09106410294771194,0.00014250318054109812,0.014677603801828809,2.3587418273091316,0.1257801204919815,0.8000112771987915,0.08753490447998047,-0.3877003788948059,0.22200357913970947,0.45128417015075684,-0.11706279963254929,8192,0.5245603919029236,5.332146644592285,0.030265428125858307,33456128,52273,16336,1021,6.5266533,0.005435672526800772,0.002935308151063509,-5.437787038087845,-43.705402,0.009463239526667167,0.00358088661741931,-5.412805452942848,,,0.95,0.9,both,4.465879128073307,4.609433107004145,0.4008294813625467,0.0,-36.72805,2184.013933207152,6.5266533
205,1784856766.8300505,,8.0,,8.0,,6.0,,6.0,,10.0,,10.0,,1.0,,1.0,,4.0,,4.0,,2.0,,2.0,,5.0,,5.0,,8.0,,8.0,,8.690982497297227,,6.473013613373041,,9.811696567572653,,0.8785514277406037,,4.087213926482946,,2.1556320128729567,,4.86448079906404,,7.9375,0.050205327570438385,-0.00654740197933279,0.0018854693225875963,2.3651441410183907,0.1433984488248825,0.9301086068153381,0.17784066498279572,0.39610743522644043,0.1258774995803833,0.7710990905761719,-0.08176896721124649,8192,0.5080956220626831,5.612383842468262,0.030415432527661324,33619968,52459,16416,1026,0.3182641,0.0057400253499508835,0.003909167907841038,-5.451114398241043,-37.131233,0.0116610974422656,0.0022164132125908507,-5.424689644575119,,,0.95,0.9,both,4.371342712268006,4.338397504080077,0.2697991434175824,0.0,-17.178017,2111.941237364455,0.3182641
206,1784856841.7161596,,8.0,,8.0,,6.0,,6.0,,10.0,,10.0,,1.0,,1.0,,4.0,,4.0,,2.0,,2.0,,5.0,,5.0,,8.0,,8.0,,8.606661152094603,,6.581959401722997,,9.837928526103497,,1.4806667398661375,,4.389962435467169,,2.4445590265095234,,4.874538093805313,,8.1875,0.08458241075277328,0.000269788084551692,0.004894076115306234,2.36412762850523,0.09695804864168167,0.8851585984230042,0.08458578586578369,0.39268139004707336,0.20883706212043762,0.6901859641075134,-0.03334023058414459,8192,0.3987213671207428,5.800472259521484,0.022552840411663055,33783808,52634,16496,1031,9.901651,0.0051901255908887835,0.0055484833203081506,-5.43418196439743,-46.448944,0.005403995412052609,0.006679165429159184,-5.422707653045654,,,0.95,0.9,both,4.762543297286882,5.113084989019414,0.34601434122966024,0.0,-53.00176,2187.8554760048164,9.901651
207,1784856916.8791788,,8.0,,8.0,,6.0,,6.0,,10.0,,10.0,,1.0,,1.0,,4.0,,4.0,,2.0,,2.0,,5.0,,5.0,,8.0,,8.0,,8.612965639680624,,6.359336185269058,,9.808076958172023,,1.1583443116396666,,4.198907991871238,,2.4484398048371077,,4.9018049305304885,,8.5,0.07097723335027695,0.00014261738397181034,0.001571855853399029,2.377171866595745,0.0685843825340271,0.8238162994384766,0.05888171121478081,-0.2000691443681717,0.1733803153038025,0.4611622095108032,-0.018854262307286263,8192,0.45509809255599976,5.748485088348389,0.016235509887337685,33947648,52816,16576,1036,14.206484,0.006810244437656365,0.004860097308119293,-5.425979220867157,-31.34113,0.005245902313617989,0.0028763531125150623,-5.440654066205025,,,0.95,0.9,both,4.267436300596381,5.702567879561348,0.2536514395496793,0.0,-28.393848,2179.795312831839,14.206484
208,1784856989.8424125,,8.0,,8.0,,6.0,,6.0,,10.0,,10.0,,1.0,,1.0,,4.0,,4.0,,2.0,,2.0,,5.0,,5.0,,8.0,,8.0,,8.394384292885661,,6.118462470825762,,9.845567498356104,,1.414989756885916,,4.379115923249628,,2.190300725866109,,4.875446196645498,,8.25,0.14524662494659424,-0.00011291319970041513,0.013726663426496089,2.3807757571339607,0.24611537158489227,0.8312821388244629,0.1570262908935547,0.18850494921207428,0.3759158253669739,0.6714670658111572,-0.05692359805107117,8192,0.48113924264907837,5.683533191680908,0.01664450764656067,34111488,52981,16656,1041,12.372256,0.005458867691049818,0.0038777389898314142,-5.463043114542961,-24.672285,0.0028835172779508866,0.005909489568148274,-5.439999809861183,,,0.95,0.9,both,4.260481676443826,5.877456648070464,0.34151160396145624,0.0,-62.215534,2245.514485792184,12.372256
209,1784857066.4623485,,8.0,,8.0,,6.0,,6.0,,10.0,,10.0,,1.0,,1.0,,4.0,,4.0,,2.0,,2.0,,5.0,,5.0,,8.0,,8.0,,8.309583347756416,,5.922727502882481,,9.781811421038583,,1.0615486062597483,,4.02223586384207,,2.204142919741571,,4.834460006211884,,7.9375,0.09816925972700119,-0.0007003993960097432,0.004084794334630715,2.3913483545184135,0.10456186532974243,0.8888680934906006,0.1071530282497406,0.1673637181520462,0.29021328687667847,0.5941137075424194,-0.04545134678483009,8192,0.5301849246025085,5.509251594543457,0.008938094601035118,34275328,53156,16736,1046,16.116821,0.00507356535672443,0.0039382472547004,-5.446594601869583,-35.046875,0.006528038102260325,0.002649953901709523,-5.4054119348526,,,0.95,0.9,both,4.475857164114379,4.627850935636995,0.20142760989732694,0.0,-33.150887,2138.3468602579183,16.116821
210,1784857142.0567522,,8.0,,8.0,,6.0,,6.0,,10.0,,10.0,,1.0,,1.0,,4.0,,4.0,,2.0,,2.0,,5.0,,5.0,,8.0,,8.0,,7.292946079745889,,5.715112611884251,,9.508297475986183,,0.9976338217966259,,3.9419058284256607,,1.8671164251863956,,4.793206315487623,,7.8125,0.06663785874843597,-0.011313952971249819,0.0021166808910493273,2.392582982778549,0.24293676018714905,0.707913875579834,0.20326963067054749,0.16632916033267975,0.1682223528623581,0.37509703636169434,-0.01224636659026146,8192,0.546336829662323,5.241090297698975,0.02760748751461506,34439168,53334,16816,1051,8.015957,0.00483346954206354,0.003497587708989158,-5.469366875290871,-52.657837,0.008486430322227534,0.0013254235476779287,-5.391257965564728,,,0.95,0.9,both,4.562538650913445,4.547438098775431,0.25115606106364025,0.0,-37.043907,2167.356231771972,8.015957
211,1784857217.9125843,,8.0,,8.0,,6.0,,6.0,,10.0,,10.0,,1.0,,1.0,,4.0,,4.0,,2.0,,2.0,,5.0,,5.0,,8.0,,8.0,,8.114571860060096,,5.540868292097002,,9.798628561198711,,1.1690599482972175,,3.878100313653704,,2.1801215175073594,,4.8714620211103465,,8.375,0.14288407564163208,-0.0003152325807604939,0.007620452422997914,2.401568613946438,0.20399345457553864,0.8633049130439758,0.13909777998924255,0.4585340619087219,0.34319165349006653,0.6079193949699402,0.015383641235530376,8192,0.5328671932220459,5.490976810455322,0.04744049161672592,34603008,53512,16896,1056,15.666331,0.005012254547182238,0.0036004641944600733,-5.480033665895462,-62.1421,0.016991271001461427,0.002382789005059749,-5.411200138926506,,,0.95,0.9,both,4.560538073591784,4.397447963276932,0.1929585428463705,0.0,-19.375084,2159.8879241401255,15.666331
212,1784857295.4927468,,8.0,,8.0,,6.0,,6.0,,10.0,,10.0,,1.0,,1.0,,4.0,,4.0,,2.0,,2.0,,5.0,,5.0,,8.0,,8.0,,8.211649190634489,,6.404169511049986,,9.843941740691662,,1.137362231966108,,4.140068991109729,,1.9767264500260353,,4.9160198426106945,,8.5625,0.04066689684987068,-0.0026375672314316034,0.002655597618286265,2.4036217853426933,0.09694143384695053,0.931073009967804,0.08295551687479019,0.13443656265735626,0.12629687786102295,0.6512606143951416,0.009933189488947392,8192,0.5502969026565552,5.649055004119873,0.03543168678879738,34766848,53695,16976,1061,17.599558,0.005521853624668438,0.004298790873144753,-5.493465960025787,-41.229637,0.006763711998064537,0.0028574034236953593,-5.423857852816582,,,0.95,0.9,both,4.133429350736625,5.044179631386134,0.20046000421054788,0.0,-6.836859,2111.8789596257743,17.599558
213,1784857369.9679284,,8.0,,8.0,,6.0,,6.0,,10.0,,10.0,,1.0,,1.0,,4.0,,4.0,,2.0,,2.0,,5.0,,5.0,,8.0,,8.0,,7.460591979324818,,5.4705596482381225,,9.31116359680891,,0.91675567580387,,3.751361293718219,,1.9806758863851428,,4.762965576723218,,7.75,0.049562007188797,-0.005930994753725827,0.001532585625682259,2.3976568430662155,0.09854662418365479,0.7485988736152649,0.08179359138011932,0.12038681656122208,0.13288864493370056,0.5058541297912598,0.0024464093148708344,8192,0.5283352136611938,5.175508975982666,0.02180425450205803,34930688,53875,17056,1066,12.021235,0.004838096284220228,0.004988636054622475,-5.482807362079621,-57.046967,0.008776786076487042,0.0012916161402245052,-5.482319471240044,,,0.95,0.9,both,4.49534817666755,5.16829851538054,0.2603608606688319,0.0,-53.25077,2199.927640856608,12.021235
214,1784857447.8486729,,8.0,,8.0,,6.0,,6.0,,10.0,,10.0,,1.0,,1.0,,4.0,,4.0,,2.0,,2.0,,5.0,,5.0,,8.0,,8.0,,8.28715162537992,,6.003373332321644,,9.619180288165808,,1.056332241743803,,4.025661694817245,,1.9942679973319173,,4.876864079851657,,8.3125,0.16707539558410645,-0.0013325446052476764,0.01614807202713564,2.4042825922369957,0.4844752252101898,0.8490322232246399,0.47074180841445923,0.10500523447990417,0.4099472165107727,0.29925400018692017,0.0031948559917509556,8192,0.5669295191764832,5.521916389465332,0.016507117077708244,35094528,54064,17136,1071,-1.2455347,0.007416150893550366,0.0035544995276723056,-5.455853140354156,-4.715342,0.007690313531202264,5.232210387475789e-05,-5.455590674281121,,,0.95,0.9,both,4.180406288897512,3.215156192163979,0.16541157924956582,0.0,-23.636843,2103.7291848496698,-1.2455347
215,1784857523.7367363,,8.0,,8.0,,6.0,,6.0,,10.0,,10.0,,1.0,,1.0,,4.0,,4.0,,2.0,,2.0,,5.0,,5.0,,8.0,,8.0,,8.091465988196433,,6.0480708088725805,,9.674660507589579,,1.0602478981018066,,3.9937085802666843,,2.0379119953140616,,4.813067579641938,,8.3125,0.08418810367584229,-0.0010313597740605474,0.0028722959687002003,2.4060644060373306,0.28548943996429443,0.8492838144302368,0.2152053862810135,-0.09219750016927719,0.20580168068408966,0.6515265703201294,-0.03223547711968422,8192,0.5830349922180176,5.5039544105529785,0.017617259174585342,35258368,54233,17216,1076,9.910315,0.006040513949119486,0.003910907021781896,-5.4674499243497845,-16.015308,0.005473331043322105,0.002057176603557309,-5.47742777466774,,,0.95,0.9,both,4.26438570204243,4.154497548724787,0.17966893555012348,0.0,-52.684143,2158.9692588612393,9.910315
216,1784857600.7420647,,8.0,,8.0,,6.0,,6.0,,10.0,,10.0,,1.0,,1.0,,4.0,,4.0,,2.0,,2.0,,5.0,,5.0,,8.0,,8.0,,8.810789336217567,,6.316489167511463,,9.810255195014179,,1.2241540479008108,,4.331496169790626,,2.192882825882407,,4.893585570855066,,8.0625,0.06144322454929352,-0.0006537869921885431,0.0023936456054798327,2.413194105029106,0.19971008598804474,0.9439236521720886,0.16630573570728302,0.017810514196753502,0.16156604886054993,0.6081157922744751,0.027346542105078697,8192,0.46508586406707764,5.7052693367004395,0.02601446770131588,35422208,54410,17296,1081,4.792168,0.005977936282579322,0.0050094657242880205,-5.4741055309772495,-25.724766,0.006483448165818117,0.002729058259865269,-5.473408767580986,,,0.95,0.9,both,4.571162912948833,5.479707681440667,0.16556915541806455,0.0,-36.10431,2127.645206408464,4.792168
217,1784857677.1360366,,8.0,,8.0,,6.0,,6.0,,10.0,,10.0,,1.0,,1.0,,4.0,,4.0,,2.0,,2.0,,5.0,,5.0,,8.0,,8.0,,7.90012322133407,,6.037739288061857,,9.844429839402437,,1.1587390890344977,,4.0299729304388165,,2.1502415081486106,,4.954404496122152,,8.1875,0.13701525330543518,-0.003877040377119556,0.005179377862077672,2.4181101247668266,0.074882373213768,0.8742047548294067,0.07639431953430176,-0.15247900784015656,0.33592689037323,0.7597623467445374,0.07330814003944397,8192,0.5353150963783264,5.532894134521484,0.013884558342397213,35586048,54574,17376,1086,14.3943405,0.004857181016996037,0.0037638288406014906,-5.471381333470345,-26.664347,0.002932380796119105,0.0025268447963753713,-5.475796657800674,,,0.95,0.9,both,4.459455270655137,5.167542419042103,0.2145685077699017,0.0,-25.025879,2144.671707339972,14.3943405
218,1784857752.2581542,,8.0,,8.0,,6.0,,6.0,,10.0,,10.0,,1.0,,1.0,,4.0,,4.0,,2.0,,2.0,,5.0,,5.0,,8.0,,8.0,,8.58327419962734,,6.805813688784838,,9.78036704659462,,1.0577678079716861,,4.213880719617009,,2.2082319636829197,,4.879794107750058,,8.3125,0.04671511799097061,7.990619633346796e-05,0.0022342443498928333,2.4236259311437607,0.2610121965408325,0.7669155597686768,0.18371643126010895,0.11471346020698547,0.12553364038467407,0.5411505103111267,0.024177614599466324,8192,0.44234931468963623,5.730203628540039,0.026735009625554085,35749888,54739,17456,1091,-7.3851967,0.005644466716330498,0.0020686686228145847,-5.423317161202431,-25.052,0.0047951731212378945,0.0028405651930370366,-5.472688341140747,,,0.95,0.9,both,4.292604432929435,4.402882529371029,0.2705484854227659,0.0,-20.360168,2180.9820639674904,-7.3851967
219,1784857827.2097535,,8.0,,8.0,,6.0,,6.0,,10.0,,10.0,,1.0,,1.0,,4.0,,4.0,,2.0,,2.0,,5.0,,5.0,,8.0,,8.0,,8.69734013453126,,6.465308928396553,,9.71060225367546,,1.187643513083458,,4.284024016931653,,2.3269462378229946,,4.878810432739556,,8.25,0.15435875952243805,-0.0020159377600066364,0.00665824998577591,2.4236022904515266,0.08836418390274048,0.8183879852294922,0.15576763451099396,0.19243022799491882,0.35368114709854126,0.5565718412399292,0.025621499866247177,8192,0.5110039114952087,5.7250847816467285,0.03226366266608238,35913728,54914,17536,1096,-5.165891,0.006845702817372512,0.005120339212589897,-5.451499679684639,-13.439215,0.004623242950765416,0.0014263940945966169,-5.469963201880455,,,0.95,0.9,both,4.662792856909327,5.459023584987526,0.2389598150484178,0.0,-54.33596,2185.9443365905227,-5.165891
220,1784857903.894652,,8.0,,8.0,,6.0,,6.0,,10.0,,10.0,,1.0,,1.0,,4.0,,4.0,,2.0,,2.0,,5.0,,5.0,,8.0,,8.0,,8.018732213997282,,6.655260732397437,,9.700038374401629,,1.1664235861971974,,4.294347149902023,,2.0694729182869196,,4.880897090188228,,8.1875,0.06043657660484314,3.3469259506091475e-05,0.0029220348769740667,2.4107704758644104,0.1221238449215889,0.6807559132575989,0.1357816904783249,-0.0280795656144619,0.15707814693450928,0.2175389975309372,-0.0033696237951517105,8192,0.5141315460205078,5.621583938598633,0.016390731558203697,36077568,55108,17616,1101,15.300672,0.005903693288564682,0.003311114991083741,-5.423277714848519,-21.217571,0.008646133408183232,0.006408815084432718,-5.484636849164962,,,0.95,0.9,both,4.196743894926693,5.416347093565763,0.20440611555744514,0.0,-38.044952,2136.535012532906,15.300672
221,1784857978.6994073,,8.0,,8.0,,6.0,,6.0,,10.0,,10.0,,1.0,,1.0,,4.0,,4.0,,2.0,,2.0,,5.0,,5.0,,8.0,,8.0,,7.596543859690428,,5.562212850898504,,9.311151914298534,,0.8088186408858746,,3.790902857843321,,1.6479496974498034,,4.641327181831002,,7.625,0.11017130315303802,9.52403643168509e-05,0.016209594083193224,2.4187457635998726,0.0885712057352066,0.8102017641067505,0.06260707974433899,-0.2753787934780121,0.33585089445114136,0.4004822373390198,0.014929559081792831,8192,0.5307114124298096,5.122988224029541,0.03460252285003662,36241408,55308,17696,1106,-12.127713,0.007747153616219293,0.004252550621458795,-5.3960879176855086,-52.896606,0.008190927072428167,0.0022495275421533733,-5.437092199921608,,,0.95,0.9,both,4.288921922690848,5.1410377938040845,0.31476333603377427,0.0,-51.930187,2190.2353617905687,-12.127713
222,1784858054.5823557,,8.0,,8.0,,6.0,,6.0,,10.0,,10.0,,1.0,,1.0,,4.0,,4.0,,2.0,,2.0,,5.0,,5.0,,8.0,,8.0,,7.645419462583959,,5.457036050967872,,9.613305734470487,,0.9769565879832953,,3.902520079165697,,1.8070850828662515,,4.672888338100165,,7.8125,0.13651937246322632,5.7382218074053526e-05,0.004475482062844094,2.4309073835611343,0.22332707047462463,0.7956348657608032,0.16124752163887024,0.2681215703487396,0.3066290318965912,0.2979033589363098,0.03786737471818924,8192,0.5362467765808105,5.235963344573975,0.047095511108636856,36405248,55528,17776,1111,5.6489906,0.007247283970355056,0.0032651067442202473,-5.4515866339206696,-61.78463,0.023859599244315178,0.0026182885572779923,-5.411204797029495,,,0.95,0.9,both,4.431675886497062,5.336073606612473,0.20092104878674855,0.0,-45.1356,2159.114584207261,5.6489906
223,1784858131.328842,,8.0,,8.0,,6.0,,6.0,,10.0,,10.0,,1.0,,1.0,,4.0,,4.0,,2.0,,2.0,,5.0,,5.0,,8.0,,8.0,,8.652052067220211,,6.948933009058237,,9.766949437558651,,1.3279382358305156,,4.30287500936538,,2.413421087898314,,4.941558342427015,,8.8125,0.032842621207237244,-0.0003415504761505872,0.0036733431225002278,2.4401951283216476,0.07394322752952576,0.8138279914855957,0.06652610749006271,-0.19910013675689697,0.08555970340967178,0.572402834892273,0.06462949514389038,8192,0.33254408836364746,5.895778656005859,0.014076421968638897,36569088,55707,17856,1116,-0.019747734,0.00690598429646343,0.005621924863226014,-5.437904778122902,-46.987343,0.005116612192068715,0.0004047728143632412,-5.4311691403388975,,,0.95,0.9,both,4.876014521481501,5.038413274438255,0.4042973336165839,0.0,-18.070528,2134.8208982169385,-0.019747734
224,1784858206.24123,,8.0,,8.0,,6.0,,6.0,,10.0,,10.0,,1.0,,1.0,,4.0,,4.0,,2.0,,2.0,,5.0,,5.0,,8.0,,8.0,,7.9503159411251545,,6.2769874930381775,,9.720165713690221,,1.23190847504884,,4.0467790610855445,,2.0759053830988705,,4.824423840269446,,8.375,0.09146972745656967,-0.001651551079703495,0.004670059228374157,2.4415773674845695,0.1203974187374115,0.8419709801673889,0.12536326050758362,0.022046521306037903,0.22574414312839508,0.311978816986084,0.07605190575122833,8192,0.5593400597572327,5.562685489654541,0.030040232464671135,36732928,55914,17936,1121,5.8844233,0.006765224174887408,0.003875442010757979,-5.457379195094108,-55.498608,0.009719055629102514,0.0017140779717010445,-5.4531879991292955,,,0.95,0.9,both,4.401980757746952,4.475658319444113,0.1961200284004746,0.0,-48.711296,2187.088379006432,5.8844233
225,1784858282.8432922,,8.0,,8.0,,6.0,,6.0,,10.0,,10.0,,1.0,,1.0,,4.0,,4.0,,2.0,,2.0,,5.0,,5.0,,8.0,,8.0,,8.15649931691587,,5.4941670265980065,,9.20837812218815,,0.8680882205953822,,3.710300234146416,,1.8155280910432339,,4.82769460324198,,7.9375,0.11789833009243011,8.617434650659561e-05,0.006306191360636149,2.4440602883696556,0.13915207982063293,0.7842186689376831,0.0780576542019844,-0.45593881607055664,0.29283469915390015,0.5006570816040039,0.04767485707998276,8192,0.5344287157058716,5.252269268035889,0.013332908041775227,36896768,56101,18016,1126,15.636081,0.0065540790572413245,0.002344573307345854,-5.440982869267463,-23.139112,0.004903948702849448,0.00047050948196556417,-5.432601061463356,,,0.95,0.9,both,4.2233562610561135,4.817052360556414,0.2682695323030112,0.0,-43.8723,2138.8455822653295,15.636081
226,1784858360.3761165,,8.0,,8.0,,6.0,,6.0,,10.0,,10.0,,1.0,,1.0,,4.0,,4.0,,2.0,,2.0,,5.0,,5.0,,8.0,,8.0,,8.449047038331628,,6.7050948571413755,,9.863556653261185,,1.424008548259735,,4.244597553508356,,2.1095782390329987,,4.940092125441879,,8.6875,0.130020409822464,3.262859536334872e-05,0.005134758568601683,2.441809080541134,0.16395367681980133,0.845032811164856,0.1245015487074852,-0.3526272177696228,0.36848652362823486,0.5476092100143433,0.0916852056980133,8192,0.4401152431964874,5.802934169769287,0.01727174036204815,37060608,56297,18096,1131,7.166748,0.006662744699860923,0.005230578186456114,-5.462792131304741,-26.631653,0.008028192483470776,0.0018703548368648626,-5.430937126278877,,,0.95,0.9,both,4.262708698240203,5.612026280962889,0.2791765239696793,0.0,-28.012707,2113.169696247884,7.166748
227,1784858435.2065027,,8.0,,8.0,,6.0,,6.0,,10.0,,10.0,,1.0,,1.0,,4.0,,4.0,,2.0,,2.0,,5.0,,5.0,,8.0,,8.0,,7.921814334229566,,6.169568674173206,,9.711569304578006,,1.0868488475680351,,4.1648341892287135,,2.1165307462215424,,4.817251637578011,,8.0625,0.06242538243532181,1.299858558923006e-05,0.002681735008081887,2.4499238654971123,0.13378354907035828,0.8043823838233948,0.15891167521476746,-0.012043062597513199,0.16511966288089752,0.2632834315299988,0.05540594458580017,8192,0.5437558889389038,5.506364822387695,0.021356558427214622,37224448,56526,18176,1136,17.1834,0.005674803444708232,0.0037635846452758414,-5.4486165136098865,-58.821815,0.011937354574911296,0.004343598315608687,-5.43700048327446,,,0.95,0.9,both,4.311330823358335,5.078978467971413,0.1562765445028455,0.0,-49.920063,2189.4849440916205,17.1834
228,1784858510.2392714,,8.0,,8.0,,6.0,,6.0,,10.0,,10.0,,1.0,,1.0,,4.0,,4.0,,2.0,,2.0,,5.0,,5.0,,8.0,,8.0,,7.732077790424228,,5.679540313780308,,9.398027516901493,,0.9118477024603635,,4.028146229684353,,1.9125516535714269,,4.670068984851241,,7.5625,0.0722782164812088,0.0001233953662449494,0.0024402207309321966,2.457000032067299,0.3387155532836914,0.8345080614089966,0.12674817442893982,0.1127278059720993,0.19002197682857513,0.31370240449905396,0.04577077925205231,8192,0.5725860595703125,5.236844539642334,0.09192044287919998,37388288,56807,18256,1141,17.508446,0.005580193708010483,0.004078446228231769,-5.456940868496895,-68.66423,0.038066251028794795,0.0030711036859429443,-5.436435055732727,,,0.95,0.9,both,4.382781173398994,5.065749371524153,0.18129258809057067,0.0,-49.09487,2183.5790749226167,17.508446
229,1784858587.0578332,,8.0,,8.0,,6.0,,6.0,,10.0,,10.0,,1.0,,1.0,,4.0,,4.0,,2.0,,2.0,,5.0,,5.0,,8.0,,8.0,,8.012399918632582,,6.060383437201381,,9.526610988890752,,1.0352890314534307,,3.949945345404558,,2.2734423941001296,,4.835293314419687,,8.375,0.16142652928829193,-0.00020318367751315236,0.017918285127962008,2.4638384506106377,0.28619691729545593,0.8617605566978455,0.22557754814624786,0.049920711666345596,0.40972524881362915,0.50196373462677,0.039443373680114746,8192,0.5158364176750183,5.508545398712158,0.10361579805612564,37552128,57082,18336,1146,18.574444,0.005747512234665919,0.004501503892970504,-5.487642920017242,-77.79319,0.04048456561286003,0.0025274937448557465,-5.446299657225609,,,0.95,0.9,both,4.627651790984163,5.1328083853332185,0.19281067103455607,0.0,-30.013739,2132.8181665735865,18.574444
230,1784858665.3291185,,8.0,,8.0,,6.0,,6.0,,10.0,,10.0,,1.0,,1.0,,4.0,,4.0,,2.0,,2.0,,5.0,,5.0,,8.0,,8.0,,7.8141913576982915,,5.633185802027583,,9.464463889598846,,1.1256267630960792,,3.9285190887749195,,1.897080262657255,,4.8927553137764335,,8.0625,0.06900881230831146,-0.00454460724722594,0.002191473096900154,2.471746876835823,0.09850748628377914,0.9102669954299927,0.08829184621572495,0.12400662153959274,0.17067354917526245,0.3333292007446289,-0.0026655439287424088,8192,0.5649685859680176,5.352290153503418,0.0690731555223465,37715968,57360,18416,1151,10.359914,0.008230405914946459,0.0019152043016219978,-5.4956510156393055,-60.745705,0.01996536611695774,0.0019199129448679742,-5.444004228711128,,,0.95,0.9,both,3.7799860251340505,5.192402826670765,0.20735996341210156,0.0,-24.365887,2093.2323137248172,10.359914
231,1784858743.517799,,8.0,,8.0,,6.0,,6.0,,10.0,,10.0,,1.0,,1.0,,4.0,,4.0,,2.0,,2.0,,5.0,,5.0,,8.0,,8.0,,7.80534144770354,,6.29272167943418,,9.695667373016477,,1.0817736275494099,,4.035920912399888,,1.932367559056729,,4.792407636530697,,8.125,0.17571359872817993,-0.0016529072308912873,0.022210234979866073,2.472237080335617,0.2515692114830017,0.7538312077522278,0.24212226271629333,-0.014617031440138817,0.4537980854511261,0.3559423089027405,-0.011381585150957108,8192,0.5650815367698669,5.470149993896484,0.04682878777384758,37879808,57632,18496,1156,12.92246,0.006300195098447148,0.002828089897229802,-5.497903674840927,-23.237225,0.011280936884577385,0.0001972173195099458,-5.478765359520912,,,0.95,0.9,both,4.2863402755871265,4.589447215880275,0.2072572213702493,0.0,-26.53959,2095.444237943984,12.92246
232,1784858819.7217615,,8.0,,8.0,,6.0,,6.0,,10.0,,10.0,,1.0,,1.0,,4.0,,4.0,,2.0,,2.0,,5.0,,5.0,,8.0,,8.0,,8.300356060499325,,5.8113624304533005,,9.59761492535472,,1.3187334400136024,,4.1461390426702565,,1.861693665618077,,4.699798381130677,,8.0625,0.05279240012168884,-0.004284867784008384,0.0019250707264291123,2.4769933447241783,0.08293995261192322,0.9934136271476746,0.07574248313903809,-0.011167645454406738,0.141714408993721,0.5588961839675903,-0.00953146442770958,8192,0.5658203959465027,5.474775314331055,0.05057726427912712,38043648,57891,18576,1161,14.645551,0.005964530998608097,0.004562725176219829,-5.547420230507851,-70.026085,0.017079140845453367,0.0019076264114119112,-5.521254178881645,,,0.95,0.9,both,4.637224521884203,5.017815388922597,0.20955932539932998,0.0,-48.9729,2150.019352400914,14.645551
233,1784858895.8533623,,8.0,,8.0,,6.0,,6.0,,10.0,,10.0,,1.0,,1.0,,4.0,,4.0,,2.0,,2.0,,5.0,,5.0,,8.0,,8.0,,7.577308041974902,,5.386573061812669,,9.397344049997628,,0.7242269366979599,,3.8097355775535107,,1.8234596010297537,,4.642622150247917,,7.375,0.07576322555541992,-3.158929757773876e-06,0.0047630565240979195,2.482644811272621,0.0725821852684021,0.7861875295639038,0.05661648139357567,-0.05793016776442528,0.20000241696834564,0.4027291536331177,-0.006532450206577778,8192,0.4840738773345947,5.092033863067627,0.05821339040994644,38207488,58194,18656,1166,18.435377,0.006028509735187981,0.004406466442742385,-5.568000629544258,-62.19561,0.016052718547871336,0.0023908183415187524,-5.5397401571273805,,,0.95,0.9,both,4.638864106224924,5.084057166908812,0.21223044557082005,0.0,-57.859608,2152.0628884447697,18.435377
234,1784858971.7276947,,8.0,,8.0,,6.0,,6.0,,10.0,,10.0,,1.0,,1.0,,4.0,,4.0,,2.0,,2.0,,5.0,,5.0,,8.0,,8.0,,7.5971450712531805,,5.95631690043956,,9.704331260640174,,1.100489015923813,,4.145058935391717,,2.141052817925811,,4.790482021402568,,7.9375,0.10877728462219238,6.394789670594037e-05,0.020336869376478717,2.490322157740593,0.15625512599945068,0.931706964969635,0.1372034251689911,-0.8258767127990723,0.36032140254974365,0.3316038250923157,0.017609847709536552,8192,0.5685132145881653,5.421546936035156,0.033885639160871506,38371328,58471,18736,1171,13.938269,0.006232006910431664,0.003598506623529829,-5.573077324032783,-74.72024,0.023535823472775518,0.0028682665870292112,-5.5211032837629315,,,0.95,0.9,both,4.6794332890644785,4.7762956799502785,0.21589452616956967,0.0,-66.94242,2159.3599421911345,13.938269
235,1784859045.8909855,,8.0,,8.0,,6.0,,6.0,,10.0,,10.0,,1.0,,1.0,,4.0,,4.0,,2.0,,2.0,,5.0,,5.0,,8.0,,8.0,,7.526534937089309,,5.658408993855119,,9.41083275899291,,0.8183337594382465,,3.8631682968625682,,1.9206916140392423,,4.792233754880726,,8.0,0.09293496608734131,-0.0010199624230153859,0.005663868098054081,2.491900309920311,0.12811516225337982,0.7141287922859192,0.08456040918827057,-0.185028538107872,0.23006804287433624,0.3828008472919464,-0.005835933610796928,8192,0.551475465297699,5.248775005340576,0.08422484248876572,38535168,58769,18816,1176,7.5235457,0.005995905125746504,0.003692785820749123,-5.591382691264153,-61.819794,0.014284735126420856,0.002035784850886557,-5.531203165650368,,,0.95,0.9,both,4.5631165327327805,5.463671295339966,0.20205586755749527,0.0,-70.50545,2209.179166428473,7.5235457
236,1784859121.6745224,,8.0,,8.0,,6.0,,6.0,,10.0,,10.0,,1.0,,1.0,,4.0,,4.0,,2.0,,2.0,,5.0,,5.0,,8.0,,8.0,,7.7404852928593755,,6.016504014842212,,9.358795305714011,,0.813033837126568,,3.917289779521525,,1.8320097783580422,,4.711029670666903,,7.6875,0.18893954157829285,-9.133946150541306e-07,0.031939172302372754,2.495157092809677,0.29091188311576843,0.8240829110145569,0.2525189220905304,-0.1075315922498703,0.4911959171295166,0.4486711025238037,0.0010355660924687982,8192,0.5544919967651367,5.259580612182617,0.03145719692111015,38699008,58998,18896,1181,17.558357,0.006006910499127116,0.0034114456677343695,-5.600122565031052,-47.95068,0.00838137905811891,0.003157845391979208,-5.5418197244405745,,,0.95,0.9,both,4.571292608573154,5.138905740784693,0.2991052730975541,0.0,-32.552105,2161.9471709293744,17.558357
237,1784859196.616257,,8.0,,8.0,,6.0,,6.0,,10.0,,10.0,,1.0,,1.0,,4.0,,4.0,,2.0,,2.0,,5.0,,5.0,,8.0,,8.0,,8.130715671926737,,5.9640379208140075,,9.636345744132996,,1.061224339529872,,4.006602505687624,,2.2075846614316106,,4.806013868190348,,8.0,0.09924823045730591,-0.002594755496829748,0.0061249259451869875,2.4969278052449226,0.2322317361831665,0.8492761850357056,0.23204319179058075,-0.6862761974334717,0.25041040778160095,0.4510544538497925,0.0369262732565403,8192,0.5787104964256287,5.476565837860107,0.08457992970943451,38862848,59252,18976,1186,13.520915,0.005732098301814403,0.004209865348093445,-5.5875102311372755,-64.06717,0.027811959851533175,0.002516292933432851,-5.5596904188394545,,,0.95,0.9,both,4.6659601542408895,5.775092385973461,0.22458954797910669,0.0,-67.59508,2186.232836963101,13.520915
238,1784859272.8148587,,8.0,,8.0,,6.0,,6.0,,10.0,,10.0,,1.0,,1.0,,4.0,,4.0,,2.0,,2.0,,5.0,,5.0,,8.0,,8.0,,7.981586304988014,,6.048213809728622,,9.445001745596528,,0.9151083687320352,,3.8696297518908978,,1.9015800338238478,,4.815916853025556,,7.75,0.1653132438659668,0.00012288126163184643,0.0073791429022094235,2.4987159445881844,0.1676105558872223,0.8844925165176392,0.1108340248465538,0.22360257804393768,0.40772199630737305,0.3958717882633209,-0.021414153277873993,8192,0.5969621539115906,5.340879917144775,0.015659650787711143,39026688,59487,19056,1191,16.399847,0.005523836886277422,0.0025170972436171723,-5.5642501443624495,-52.52475,0.00801514523482183,0.0023197957780212164,-5.57414490878582,,,0.95,0.9,both,4.360933160712072,5.005158857342323,0.21668593535337494,0.0,-41.06652,2150.1699126691738,16.399847
239,1784859349.7394807,,8.0,,8.0,,6.0,,6.0,,10.0,,10.0,,1.0,,1.0,,4.0,,4.0,,2.0,,2.0,,5.0,,5.0,,8.0,,8.0,,7.724243191070855,,5.82719181664288,,9.687806818634272,,0.9005434680730104,,3.9779623989015818,,1.7968311025761068,,4.865645956248045,,8.0,0.07494856417179108,-0.0019598276121541858,0.002446987899020314,2.5025657191872597,0.16721591353416443,0.9115582704544067,0.13844266533851624,0.26969897747039795,0.17795658111572266,0.5165841579437256,-0.04093585163354874,8192,0.5782446265220642,5.347527980804443,0.05758045241236687,39190528,59743,19136,1196,15.8492565,0.005646774180058855,0.005221756345417816,-5.558138936758041,-51.220314,0.029302065214142203,0.00325649582882761,-5.571460583806038,,,0.95,0.9,both,4.488993229313581,5.723352992623508,0.20844612097405707,0.0,-46.35249,2129.87720430698,15.8492565
240,1784859423.2041764,,8.0,,8.0,,6.0,,6.0,,10.0,,10.0,,1.0,,1.0,,4.0,,4.0,,2.0,,2.0,,5.0,,5.0,,8.0,,8.0,,8.209992030635476,,6.405575453303754,,9.780549354851246,,1.203893787227571,,4.168460217188112,,2.23045227304101,,4.782335935160518,,8.1875,0.08752486109733582,0.0001930977450683713,0.004231924220221117,2.508469097316265,0.1272442638874054,0.9266952276229858,0.10197361558675766,-0.005941441282629967,0.21097707748413086,0.4643480181694031,0.003663345007225871,8192,0.5465182662010193,5.621095180511475,0.030064230784773827,39354368,59965,19216,1201,18.710148,0.006013966508180602,0.004179649159777909,-5.560948905348778,-60.771416,0.009853378805564717,0.002982677523687016,-5.596999078989029,,,0.95,0.9,both,4.3980894184776655,5.992428866586746,0.2518110494265542,0.0,-48.5803,2230.1864257581287,18.710148
241,1784859497.791236,,8.0,,8.0,,6.0,,6.0,,10.0,,10.0,,1.0,,1.0,,4.0,,4.0,,2.0,,2.0,,5.0,,5.0,,8.0,,8.0,,7.212115621194243,,5.5415162574499846,,9.648712453898042,,0.8927967017516494,,4.026970374863595,,1.775032124016434,,4.611564740538597,,7.625,0.060414984822273254,-0.0039492755313403904,0.001763264270266518,2.5089733228087425,0.1305929571390152,0.8036344647407532,0.10132326185703278,0.3616366982460022,0.15769001841545105,0.34871789813041687,0.024513326585292816,8192,0.4918043315410614,5.166713237762451,0.04196040332317352,39518208,60178,19296,1206,16.475918,0.0060709981386025905,0.005066146326134913,-5.592776414752007,-64.46482,0.016623303436790592,0.003376917891728226,-5.600637012720108,,,0.95,0.9,both,4.53427774611971,4.69187730161593,0.18168066889430878,0.0,-34.729183,2196.62773673402,16.475918
242,1784859572.271994,,8.0,,8.0,,6.0,,6.0,,10.0,,10.0,,1.0,,1.0,,4.0,,4.0,,2.0,,2.0,,5.0,,5.0,,8.0,,8.0,,8.029551069950685,,6.088562201242894,,9.610869260504842,,0.9569694721139967,,3.9185979617759585,,2.1943559516221285,,4.790323594585061,,7.625,0.09004012495279312,6.438361015170813e-05,0.0068615038580901455,2.51363954693079,0.1246718019247055,0.8122632503509521,0.11651014536619186,0.026068847626447678,0.26607200503349304,0.3394649028778076,-0.005506307817995548,8192,0.5718442797660828,5.401778697967529,0.07431650161743164,39682048,60449,19376,1211,1.3198916,0.007185451280383859,0.002492428891127929,-5.589755344390869,-68.35305,0.0235893749515526,0.00204187592753442,-5.551093670725822,,,0.95,0.9,both,4.2432523939932185,5.349472603522116,0.18593683197760094,0.0,-57.649586,2199.7635669735623,1.3198916
243,1784859647.393273,,8.0,,8.0,,6.0,,6.0,,10.0,,10.0,,1.0,,1.0,,4.0,,4.0,,2.0,,2.0,,5.0,,5.0,,8.0,,8.0,,8.327038235962391,,6.486288607120514,,9.847136702388525,,1.204002384096384,,4.4979391153901815,,2.228163590654731,,4.922672217711806,,8.4375,0.07140320539474487,-0.00042350904550403357,0.005650495979352854,2.513171151280403,0.10621222108602524,0.7586046457290649,0.10023243725299835,0.04115154966711998,0.21505345404148102,0.3105354309082031,-0.013750795274972916,8192,0.48218151926994324,5.743842601776123,0.09735884517431259,39845888,60709,19456,1216,9.983427,0.005757892427209299,0.004882998327593669,-5.5623555988073345,-49.517815,0.009515167967765591,0.0032549706760619302,-5.568308010697365,,,0.95,0.9,both,4.41936361194404,6.551137805600241,0.28276032335155965,0.0,-54.60628,2181.00614816269,9.983427
244,1784859724.2650774,,8.0,,8.0,,6.0,,6.0,,10.0,,10.0,,1.0,,1.0,,4.0,,4.0,,2.0,,2.0,,5.0,,5.0,,8.0,,8.0,,7.596145844087005,,5.450194313190877,,9.311814349144697,,0.7971329654101282,,3.605726056266576,,1.7120439957361668,,4.63369956612587,,7.4375,0.11010468006134033,4.050787538290024e-06,0.0033899739355547354,2.519485868513584,0.14473411440849304,0.8446012139320374,0.10134023427963257,0.05080287903547287,0.2587076723575592,0.5798690319061279,0.012012287974357605,8192,0.5114344358444214,5.0680317878723145,0.030642328783869743,40009728,60909,19536,1221,9.339185,0.00552820573648205,0.0024807418747514022,-5.581655517220497,-42.82364,0.012688329385127872,0.002443143108393997,-5.553484889864921,,,0.95,0.9,both,4.527041604418951,5.317357636609678,0.18581112629374966,0.0,-28.444569,2131.3408838038727,9.339185
245,1784859801.833563,,8.0,,8.0,,6.0,,6.0,,10.0,,10.0,,1.0,,1.0,,4.0,,4.0,,2.0,,2.0,,5.0,,5.0,,8.0,,8.0,,7.30495232809335,,5.446850107982755,,9.14237865805626,,0.7508937581442297,,3.62703875079751,,1.7970218464033678,,4.704329272732139,,7.625,0.057814259082078934,-0.003591196029447019,0.0019993731257272884,2.518112361431122,0.35441309213638306,0.9421504139900208,0.21627889573574066,0.2947826683521271,0.15591351687908173,0.717668890953064,0.01939094439148903,8192,0.4360140264034271,5.049807548522949,0.014929695054888725,40173568,61084,19616,1226,16.271803,0.005694720713654533,0.005313553295854945,-5.584481003880501,-18.928104,0.0028803435176087077,0.002685998406377621,-5.55717031955719,,,0.95,0.9,both,4.534764500679243,5.744149062177328,0.24958212095126717,0.0,-3.6896172,2112.197461177171,16.271803
246,1784859876.8571527,,8.0,,8.0,,6.0,,6.0,,10.0,,10.0,,1.0,,1.0,,4.0,,4.0,,2.0,,2.0,,5.0,,5.0,,8.0,,8.0,,8.243701236322522,,6.259892373811454,,9.616114735603333,,0.9056612474378198,,3.849694039672613,,1.9655388034880161,,4.749663204886019,,7.9375,0.11112561821937561,-0.0006569770630449057,0.009884199855150655,2.5256128534674644,0.07177530974149704,0.7282593250274658,0.21725906431674957,0.16883012652397156,0.30535224080085754,0.7721539735794067,-0.013387096114456654,8192,0.5866914987564087,5.440970420837402,0.023915907368063927,40337408,61265,19696,1231,16.244587,0.005890809852280654,0.004419939520448679,-5.621843308210373,-32.45611,0.006810510682407766,0.003720270047779195,-5.5768447577953335,,,0.95,0.9,both,4.576770508001738,6.193826546774178,0.19445635994741017,0.0,-28.994091,2183.846380257589,16.244587
247,1784859954.401831,,8.0,,8.0,,6.0,,6.0,,10.0,,10.0,,1.0,,1.0,,4.0,,4.0,,2.0,,2.0,,5.0,,5.0,,8.0,,8.0,,8.539079159498215,,6.505995910614729,,9.787561026401818,,1.321401673136279,,4.181230033747852,,2.3430853500030935,,4.922372536035255,,8.375,0.08609737455844879,-0.001513330586021766,0.0018930982623714954,2.5278544649481773,0.11959560215473175,0.8814740180969238,0.10371328890323639,-0.10827241837978363,0.236437126994133,0.2349722981452942,-0.06388808786869049,8192,0.5089460611343384,5.746965408325195,0.02789229340851307,40501248,61455,19776,1236,5.8827066,0.006118091109965462,0.004465607159363572,-5.5885294765234,-53.08305,0.010280695334949996,0.004256370582152158,-5.618914794921875,,,0.95,0.9,both,4.442622526530892,4.394702350415608,0.21968264469923837,0.0,-27.561375,2112.846680925544,5.8827066
248,1784860031.3836002,,8.0,,8.0,,6.0,,6.0,,10.0,,10.0,,1.0,,1.0,,4.0,,4.0,,2.0,,2.0,,5.0,,5.0,,8.0,,8.0,,7.796939382329583,,5.42710030451417,,9.400290492805652,,0.7746772040845826,,3.804327366873622,,1.8771260939538479,,4.740104070864618,,7.5,0.137447327375412,-0.0010710186907090247,0.00873663355014287,2.5259577110409737,0.23185771703720093,0.8249674439430237,0.25909534096717834,-0.20495161414146423,0.36523160338401794,0.4773661494255066,-0.04938313364982605,8192,0.5514696836471558,5.1650710105896,0.026857173070311546,40665088,61661,19856,1241,17.45361,0.005970523646101356,0.002706302246951964,-5.596546721458435,-53.25758,0.01602835551020689,0.002930777745496016,-5.594315707683563,,,0.95,0.9,both,4.327812850995378,6.023170442649987,0.28195877732512287,0.0,-14.915952,2128.295902296574,17.45361
249,1784860107.5573719,,8.0,,8.0,,6.0,,6.0,,10.0,,10.0,,1.0,,1.0,,4.0,,4.0,,2.0,,2.0,,5.0,,5.0,,8.0,,8.0,,8.827212250151206,,6.755349806509912,,10.0,,1.335665755905211,,4.44585301168263,,2.240798505023122,,4.967293460271321,,8.4375,0.04436899721622467,2.3816304747015238e-05,0.002691198011234519,2.5331418067216873,0.0873158797621727,0.9455931782722473,0.07595375925302505,-0.1763664186000824,0.14246106147766113,0.1629147082567215,0.011121171526610851,8192,0.35010427236557007,5.876209259033203,0.022799072787165642,40828928,61890,19936,1246,-23.373222,0.008260762599820736,0.007742159168992657,-5.61357910335064,-68.41488,0.014384818344842643,0.0025934350909665228,-5.589161801338196,,,0.95,0.9,both,4.792694613844626,4.776271212670368,0.23829962622877304,0.0,-35.0307,2150.871868315041,-23.373222
250,1784860181.9618685,,8.0,,8.0,,6.0,,6.0,,10.0,,10.0,,1.0,,1.0,,4.0,,4.0,,2.0,,2.0,,5.0,,5.0,,8.0,,8.0,,8.517845475114882,,6.2342299958691,,9.76798141375184,,1.3122463894833345,,4.2215389693155885,,2.2647894266992807,,4.8917406015098095,,8.1875,0.0451287105679512,5.898869130760431e-05,0.0024473057692375733,2.5375671982765198,0.13213498890399933,0.845166802406311,0.23916296660900116,0.08512791991233826,0.13283686339855194,0.6448612809181213,0.022810693830251694,8192,0.5074850916862488,5.674734115600586,0.04755833372473717,40992768,62082,20016,1251,16.771557,0.005572443420533091,0.0033545204652909886,-5.5939276844263075,-69.090996,0.013026538642589004,0.0018664356975932606,-5.577540662884712,,,0.95,0.9,both,4.5876207846262815,4.893177349719793,0.22203797997816258,0.0,-58.40517,2202.0172912003286,16.771557
251,1784860259.139785,,8.0,,8.0,,6.0,,6.0,,10.0,,10.0,,1.0,,1.0,,4.0,,4.0,,2.0,,2.0,,5.0,,5.0,,8.0,,8.0,,7.994281798164593,,5.46540237031877,,9.656472779810429,,1.1628533143521054,,3.8692635782063007,,2.278213228099048,,4.851014348678291,,8.5,0.06361854076385498,-0.00339285348309204,0.0031289738253690302,2.5400610715150833,0.10971429944038391,0.8286256790161133,0.08956602215766907,-0.5261999368667603,0.182320237159729,0.3702389895915985,-0.0038976394571363926,8192,0.5212805271148682,5.472187519073486,0.0245397686958313,41156608,62289,20096,1256,15.29021,0.005378730213851668,0.0028234245975909287,-5.567658030986786,-30.670496,0.01355561296804808,0.0018138115614419804,-5.570569941401482,,,0.95,0.9,both,4.144671666666973,4.9821826040674875,0.16863693786345507,0.0,-50.942924,2122.887289584752,15.29021
252,1784860337.185027,,8.0,,8.0,,6.0,,6.0,,10.0,,10.0,,1.0,,1.0,,4.0,,4.0,,2.0,,2.0,,5.0,,5.0,,8.0,,8.0,,8.314856128767133,,6.008455196395516,,9.734581511467695,,1.2058290040586144,,4.1286440482363105,,2.076979918871075,,4.859585087862797,,8.25,0.08154330402612686,-0.008204979239962995,0.0043978328249068,2.537720166146755,0.20631273090839386,0.8583868741989136,0.2024034857749939,-0.020668022334575653,0.21821513772010803,0.2224026322364807,-0.006863153073936701,8192,0.575640857219696,5.572366237640381,0.02422703616321087,41320448,62506,20176,1261,13.174086,0.006587446402409114,0.0041582755628041925,-5.532294449210167,-45.111164,0.011335351291927509,0.002794218366034329,-5.5457161366939545,,,0.95,0.9,both,4.062904573877865,4.2564873551677005,0.21474117722747227,0.0,-40.537605,2099.294851356892,13.174086
253,1784860414.0169306,,8.0,,8.0,,6.0,,6.0,,10.0,,10.0,,1.0,,1.0,,4.0,,4.0,,2.0,,2.0,,5.0,,5.0,,8.0,,8.0,,7.562641866505146,,5.3933953465893865,,9.160285856109113,,0.8115599877201021,,3.7571167312562466,,1.8029621469322592,,4.631383663509041,,7.625,0.09934916347265244,-0.00041143421549350023,0.0067083767062285915,2.541446976363659,0.0905662551522255,0.8160634636878967,0.07185347378253937,0.13582809269428253,0.25048500299453735,0.41614410281181335,-0.06267344951629639,8192,0.4953550100326538,5.093043327331543,0.033156171441078186,41484288,62745,20256,1266,-20.21854,0.006903472061094362,0.0032674606969521846,-5.519317245483398,-64.17073,0.010281736007891595,0.0014224372251192107,-5.543840804696083,,,0.95,0.9,both,4.304126160418576,5.515139562598918,0.22124638771138505,0.0,-17.131159,2132.4476010082844,-20.21854
254,1784860491.3739054,,8.0,,8.0,,6.0,,6.0,,10.0,,10.0,,1.0,,1.0,,4.0,,4.0,,2.0,,2.0,,5.0,,5.0,,8.0,,8.0,,8.064784774556756,,5.850103359669447,,9.329446628689766,,0.8823202522471547,,3.910330672748387,,1.9435164332389832,,4.834802300669253,,7.8125,0.06850079447031021,-0.012589471705723554,0.0017838948479038663,2.550627261400223,0.08242049813270569,0.8653393983840942,0.07733716815710068,0.0002270042896270752,0.18623903393745422,0.4647231698036194,-0.07131868600845337,8192,0.6008716225624084,5.328475475311279,0.027345122769474983,41648128,62961,20336,1271,12.973216,0.009797082048316951,0.005001151051692432,-5.473635178804398,-37.037815,0.008468766300939023,0.003168092558189528,-5.536240887641907,,,0.95,0.9,both,4.3133023551520715,5.330983597348242,0.21429147593336614,0.0,-21.761316,2117.9730799204917,12.973216
255,1784860567.554131,,8.0,,8.0,,6.0,,6.0,,10.0,,10.0,,1.0,,1.0,,4.0,,4.0,,2.0,,2.0,,5.0,,5.0,,8.0,,8.0,,7.302132535725832,,5.513279743492603,,9.187416499014944,,0.988068934995681,,3.876638237910811,,1.7069882117211819,,4.684536852873862,,7.375,0.05538381636142731,-0.009078357485122979,0.0019905313893104903,2.563715398311615,0.0707712471485138,0.7789124250411987,0.04325888305902481,-0.46235257387161255,0.14285102486610413,0.45682045817375183,-0.048067666590213776,8192,0.5110281109809875,5.079256534576416,0.03409198671579361,41811968,63187,20416,1276,14.726712,0.006191649970423896,0.001887778510717908,-5.493131345510482,-59.91445,0.00848340846132487,0.0021060562445200048,-5.490750631690025,,,0.95,0.9,both,4.044393997358368,5.0643387736130485,0.23313893157717386,0.0,-36.180267,2150.6893513688983,14.726712
256,1784860644.7462687,,8.0,,8.0,,6.0,,6.0,,10.0,,10.0,,1.0,,1.0,,4.0,,4.0,,2.0,,2.0,,5.0,,5.0,,8.0,,8.0,,7.4369184682145715,,5.382072363048792,,9.297142647206783,,0.6404983061365783,,3.5649792458862066,,1.822501859627664,,4.749997731298208,,7.25,0.05020251125097275,0.00010228942846879363,0.0035807870772259776,2.571982756257057,0.14385516941547394,0.7688049077987671,0.148526132106781,0.061205845326185226,0.1531602144241333,0.5081610679626465,-0.04911751672625542,8192,0.4289981722831726,5.018014430999756,0.04281279444694519,41975808,63422,20496,1281,-2.8450317,0.008762093044060748,0.003406049943441758,-5.5168751090765,-59.65203,0.02334133259137161,0.0023314515936363025,-5.508862885832786,,,0.95,0.9,both,4.335079433225141,4.5472238332923585,0.17745749078640433,0.0,-47.566692,2122.4960467197916,-2.8450317
257,1784860720.5670173,,8.0,,8.0,,6.0,,6.0,,10.0,,10.0,,1.0,,1.0,,4.0,,4.0,,2.0,,2.0,,5.0,,5.0,,8.0,,8.0,,8.602744559873827,,6.1563816965790465,,9.720439366996288,,1.1286605345085263,,4.251890965737402,,2.3208393398672342,,4.787891209125519,,8.3125,0.07387400418519974,-0.0010057738400064409,0.002079874411720084,2.573252260684967,0.38013339042663574,0.8033757209777832,0.36957454681396484,0.08056973665952682,0.19633080065250397,0.39908087253570557,-0.0172845721244812,8192,0.5437302589416504,5.660168647766113,0.03432575985789299,42139648,63618,20576,1286,16.091974,0.005662624535762007,0.0031780196783074643,-5.498898309469223,-27.243732,0.007254554229439237,0.0013775264545984101,-5.497224771976471,,,0.95,0.9,both,4.381497508967952,3.9929607599512393,0.18485482821254592,0.0,-18.576717,2160.8859210818364,16.091974
258,1784860797.0465684,,8.0,,8.0,,6.0,,6.0,,10.0,,10.0,,1.0,,1.0,,4.0,,4.0,,2.0,,2.0,,5.0,,5.0,,8.0,,8.0,,8.178121672943234,,6.028523663058877,,9.638438096269965,,1.1492606718093157,,4.172790923039429,,2.199648914858699,,4.894262693822384,,8.3125,0.10809975862503052,-0.005097696091979742,0.005471648008096963,2.57150499522686,0.18112340569496155,0.9807358980178833,0.354584276676178,0.1615191102027893,0.2564191520214081,0.764798641204834,0.02321474254131317,8192,0.5558169484138489,5.571693420410156,0.041954368352890015,42303488,63811,20656,1291,4.7020164,0.00642816568724811,0.0035600723895186093,-5.507621896266937,-52.050423,0.015396596502978355,0.0022432644153013827,-5.489871886372566,,,0.95,0.9,both,4.304344328613944,5.1454465034564105,0.20887479498525055,0.0,-32.6048,2142.272377018615,4.7020164
259,1784860872.8462863,,8.0,,8.0,,6.0,,6.0,,10.0,,10.0,,1.0,,1.0,,4.0,,4.0,,2.0,,2.0,,5.0,,5.0,,8.0,,8.0,,8.743653667159379,,6.627608127892017,,9.858541104011238,,1.1840276438742876,,4.143613375723362,,2.3127151124645025,,4.899474158883095,,8.375,0.0757720023393631,-0.0006208004779182374,0.004034893223433755,2.5764860957860947,0.341767281293869,0.7571812272071838,0.3077104389667511,0.3115383982658386,0.20530101656913757,0.29180535674095154,0.013997413218021393,8192,0.45955514907836914,5.7680792808532715,0.02297193557024002,42467328,64017,20736,1296,16.525019,0.006883216815185733,0.0015213338017929345,-5.553399160504341,-27.95831,0.004830031655728817,0.00154724235762842,-5.488611924648285,,,0.95,0.9,both,4.1861348615344705,4.8925235393256745,0.18279284361217513,0.0,-30.744614,2161.485178192829,16.525019
260,1784860948.616558,,8.0,,8.0,,6.0,,6.0,,10.0,,10.0,,1.0,,1.0,,4.0,,4.0,,2.0,,2.0,,5.0,,5.0,,8.0,,8.0,,7.4932572385296226,,5.830452371854335,,9.34692595154047,,0.9230280919000506,,3.7758433651179075,,1.810047090286389,,4.844668639823794,,7.8125,0.19339828193187714,-0.00014975317753851414,0.033161905652377754,2.575602538883686,0.13284078240394592,0.8150554895401001,0.16557835042476654,-0.22046241164207458,0.523679256439209,0.46517518162727356,-0.05981355905532837,8192,0.5403788685798645,5.22959041595459,0.03814037889242172,42631168,64207,20816,1301,1.1339674,0.006578668065776583,0.00494471010460984,-5.577684235572815,-51.61862,0.016131416632561013,0.0029929541124147363,-5.523667797446251,,,0.95,0.9,both,4.846702065665435,5.658963961912064,0.20476551420076497,0.0,-10.249301,2162.325732761284,1.1339674
261,1784861021.693178,,8.0,,8.0,,6.0,,6.0,,10.0,,10.0,,1.0,,1.0,,4.0,,4.0,,2.0,,2.0,,5.0,,5.0,,8.0,,8.0,,8.454537695273757,,5.989658056758344,,9.855350775644183,,1.1430712677538395,,4.16817913018167,,2.2489661164581776,,4.892437996342778,,8.0,0.07462166249752045,-0.0006571654812432826,0.003785897970374208,2.5836590006947517,0.11089397221803665,0.9592728614807129,0.09636469185352325,-0.39031875133514404,0.18581610918045044,0.29524049162864685,-0.07987691462039948,8192,0.5373569130897522,5.594025135040283,0.0292363278567791,42795008,64406,20896,1306,17.587988,0.006011315357318381,0.005571543809492141,-5.593951961398124,-48.013973,0.005094075792294461,0.001464070005749818,-5.543305152654648,,,0.95,0.9,both,4.601382920069949,5.084466594018096,0.19258725681248356,0.0,-36.47687,2242.030472284253,17.587988
262,1784861095.119137,,8.0,,8.0,,6.0,,6.0,,10.0,,10.0,,1.0,,1.0,,4.0,,4.0,,2.0,,2.0,,5.0,,5.0,,8.0,,8.0,,8.015206288546324,,6.1122578647919,,9.676076153293252,,1.1951808044686913,,4.258898989763111,,2.0663991812616587,,4.781882849056274,,8.25,0.11041513085365295,-0.003173559671267867,0.009079821524210274,2.588379219174385,0.32921427488327026,0.8303377628326416,0.2732774019241333,-0.8185431957244873,0.2876737415790558,0.25827592611312866,-0.043263599276542664,8192,0.5719093084335327,5.544487953186035,0.012200935743749142,42958848,64590,20976,1311,16.89671,0.005934843527211342,0.0051705318350286685,-5.597807323932647,-31.45368,0.0029428308502247092,0.0019485861237626522,-5.550104123353958,,,0.95,0.9,both,4.544302391808676,5.048523969512519,0.1873320037985017,0.0,-34.87199,2231.3633438800816,16.89671
263,1784861170.3922796,,8.0,,8.0,,6.0,,6.0,,10.0,,10.0,,1.0,,1.0,,4.0,,4.0,,2.0,,2.0,,5.0,,5.0,,8.0,,8.0,,7.82466621696949,,5.792266571894288,,9.40583885833621,,0.6755962854949757,,3.8292210614308715,,1.8494507437571883,,4.7246249839663506,,7.6875,0.11007556319236755,-0.001931745617184788,0.0072089331661118194,2.5925584211945534,0.1431768834590912,0.7245994806289673,0.10243035107851028,-0.10782449692487717,0.3019762635231018,0.5192386507987976,0.04493529722094536,8192,0.5578103065490723,5.223645210266113,0.042602311819791794,43122688,64762,21056,1316,16.381275,0.005944966088281945,0.003135499901691219,-5.60390253663063,-61.975994,0.008591305576555897,0.001575755157682579,-5.590897849202156,,,0.95,0.9,both,4.214616995991267,4.521737311875782,0.18515722460279993,0.0,-23.61151,2176.606268138592,16.381275
264,1784861246.3663623,,8.0,,8.0,,6.0,,6.0,,10.0,,10.0,,1.0,,1.0,,4.0,,4.0,,2.0,,2.0,,5.0,,5.0,,8.0,,8.0,,7.937743615359068,,6.018462276086211,,9.506695806980133,,0.8278081566095352,,3.9251653403043747,,1.8073112602578476,,4.684336664155126,,7.75,0.043782420456409454,-0.002272108045872301,0.0010056995270133484,2.593460239470005,0.11019747704267502,0.781785786151886,0.10023970901966095,0.16874538362026215,0.12119711190462112,0.28222423791885376,0.03212951123714447,8192,0.5834937691688538,5.307190418243408,0.026998769491910934,43286528,64940,21136,1321,8.143196,0.006727968623454217,0.004347656504251063,-5.578623989224434,-27.33135,0.008901592637994327,0.0021644432534230875,-5.582934752106667,,,0.95,0.9,both,4.498492463167722,4.545031175290726,0.16902437147683347,0.0,-28.168427,2156.526978670317,8.143196
265,1784861323.4463341,,8.0,,8.0,,6.0,,6.0,,10.0,,10.0,,1.0,,1.0,,4.0,,4.0,,2.0,,2.0,,5.0,,5.0,,8.0,,8.0,,8.535737594589591,,6.332424187101424,,9.721910200081766,,1.1052130721509457,,3.85974103002809,,2.080052331846673,,4.715076386928558,,8.4375,0.03772948309779167,-0.001076773158274591,0.0011516224021761445,2.5953864380717278,0.2900456488132477,0.9235343337059021,0.2311108410358429,-0.0543576255440712,0.10137873888015747,0.3921690583229065,0.0026370480190962553,8192,0.5392055511474609,5.598456859588623,0.012064982205629349,43450368,65112,21216,1326,17.718061,0.006327656806388404,0.0037545641214819627,-5.578177368640899,-10.648115,0.005275202561460901,0.002355412756151054,-5.545107370615005,,,0.95,0.9,both,4.3837588204774125,4.900351557910864,0.2031653426251867,0.0,-30.382055,2125.5827698437824,17.718061
266,1784861400.4428604,,8.0,,8.0,,6.0,,6.0,,10.0,,10.0,,1.0,,1.0,,4.0,,4.0,,2.0,,2.0,,5.0,,5.0,,8.0,,8.0,,7.29161586239934,,5.700542691978626,,9.176950110122561,,0.8958655429305509,,3.7444736510515213,,1.727793178986758,,4.635607062838972,,8.0,0.14436277747154236,-0.0037242157850414515,0.00665800351271173,2.5974448174238205,0.2548856735229492,0.9147598743438721,0.2951837480068207,0.41625314950942993,0.3114260137081146,0.4963158071041107,0.013167249038815498,8192,0.5356678366661072,5.146605968475342,0.04544977471232414,43614208,65289,21296,1331,18.170475,0.007379868565476499,0.004408649618562776,-5.599720996618271,-55.0206,0.0072757672474836,0.0014840225310763344,-5.565345710515976,,,0.95,0.9,both,4.457443568768011,5.739221993976335,0.25929195075454753,0.0,-36.870087,2127.8880585098527,18.170475
267,1784861476.8729653,,8.0,,8.0,,6.0,,6.0,,10.0,,10.0,,1.0,,1.0,,4.0,,4.0,,2.0,,2.0,,5.0,,5.0,,8.0,,8.0,,7.528805777430534,,5.578995992313139,,9.57271351851523,,1.138997895643115,,3.856372161768377,,1.7935987176606432,,4.737938579171896,,7.75,0.10947014391422272,-0.002432710723951459,0.005005798702768516,2.598298132419586,0.19244526326656342,0.942019522190094,0.17937827110290527,0.20098167657852173,0.2678801119327545,0.24017035961151123,0.040442727506160736,8192,0.5488405227661133,5.244677543640137,0.031169340014457703,43778048,65468,21376,1336,4.984337,0.006476168565859553,0.004390480298752664,-5.591644757986069,-31.95073,0.005864122546336148,0.0011414759341278114,-5.58200349509716,,,0.95,0.9,both,4.271981526435939,4.169135251466291,0.20653753114386944,0.0,-36.120674,2143.6584548096416,4.984337
268,1784861553.7152696,,8.0,,8.0,,6.0,,6.0,,10.0,,10.0,,1.0,,1.0,,4.0,,4.0,,2.0,,2.0,,5.0,,5.0,,8.0,,8.0,,7.4915218614041805,,5.874363468959928,,9.222013415768743,,0.619892418384552,,3.7012061420828104,,1.717211484676227,,4.6274692746810615,,7.3125,0.09945369511842728,-0.0014403630630113184,0.004895229627436493,2.5997258871793747,0.1462528258562088,0.8155213594436646,0.26626282930374146,-0.30523481965065,0.2334529459476471,0.5027118921279907,0.03911218047142029,8192,0.4961450695991516,5.070772171020508,0.02296549826860428,43941888,65642,21456,1341,16.253513,0.005884935196081642,0.003433800727361813,-5.59910649061203,-45.130703,0.008891117505845614,0.003170354884059634,-5.59607443511486,,,0.95,0.9,both,4.267932607658941,5.405711959128536,0.1971694915527164,0.0,-18.972172,2132.158272674916,16.253513
269,1784861629.969305,,8.0,,8.0,,6.0,,6.0,,10.0,,10.0,,1.0,,1.0,,4.0,,4.0,,2.0,,2.0,,5.0,,5.0,,8.0,,8.0,,8.013623115140945,,5.621066529303789,,9.286500040441751,,0.847686180844903,,3.867878520861268,,1.7725488655269146,,4.885916642844677,,7.4375,0.08193974941968918,-0.0039607999788131565,0.0025438968259550165,2.608562223613262,0.17339658737182617,0.730570912361145,0.09854579716920853,-0.18052144348621368,0.22537055611610413,0.5007433295249939,0.0647241622209549,8192,0.5649024248123169,5.216590404510498,0.025615936145186424,44105728,65809,21536,1346,17.35737,0.0060774524172302336,0.0033057924869353884,-5.59562064409256,-24.982046,0.003969362306088442,0.001568495694664307,-5.599096202850342,,,0.95,0.9,both,4.318345186705821,5.101990824945192,0.15158061562792646,0.0,-28.427216,2148.607649961519,17.35737
270,1784861708.7402637,,8.0,,8.0,,6.0,,6.0,,10.0,,10.0,,1.0,,1.0,,4.0,,4.0,,2.0,,2.0,,5.0,,5.0,,8.0,,8.0,,7.545360488657025,,5.687095981091261,,9.620313011109829,,1.0610313654178753,,3.8800329089863226,,1.7068392662331462,,4.775955010205507,,7.625,0.059386976063251495,-0.002747551945503801,0.0019376065538381226,2.6151351258158684,0.10711433738470078,0.9124375581741333,0.06778395920991898,0.05314846709370613,0.1642976552248001,0.32634419202804565,0.031887274235486984,8192,0.5632764101028442,5.237703323364258,0.01723552495241165,44269568,65998,21616,1351,17.217216,0.0072948542336234825,0.003976409490860533,-5.6292509496212,-35.739693,0.007740698414272629,0.0012906352305435576,-5.575667199492455,,,0.95,0.9,both,4.360408509563331,5.092768162541018,0.18090740539642947,0.0,-15.865271,2079.9545407389883,17.217216
271,1784861785.7477314,,8.0,,8.0,,6.0,,6.0,,10.0,,10.0,,1.0,,1.0,,4.0,,4.0,,2.0,,2.0,,5.0,,5.0,,8.0,,8.0,,7.901962517062202,,5.778511815704405,,9.624001731164753,,0.9791666595265269,,3.947157520800829,,1.978034592117183,,4.75165700353682,,7.8125,0.06480938196182251,-0.00034853024408221245,0.0013842929329257458,2.6158428341150284,0.11561113595962524,0.8086967468261719,0.08682797849178314,-0.1638554483652115,0.16711492836475372,0.3401002585887909,-0.005735720042139292,8192,0.5818377733230591,5.34662389755249,0.03178112581372261,44433408,66198,21696,1356,9.0202265,0.006317545281490311,0.0035210713187552754,-5.6197949886322025,-71.02171,0.01022702016925905,0.001760194457892794,-5.559278863668442,,,0.95,0.9,both,4.260302752563429,5.1235572456296925,0.17652283697819485,0.0,-23.986683,2127.5856209693184,9.0202265
272,1784861861.7262037,,8.0,,8.0,,6.0,,6.0,,10.0,,10.0,,1.0,,1.0,,4.0,,4.0,,2.0,,2.0,,5.0,,5.0,,8.0,,8.0,,8.037128606811166,,6.336338037624955,,9.57734159938991,,1.0268448907881975,,4.101743704173714,,2.0206325575709343,,4.919912945479155,,8.1875,0.21646371483802795,-0.00010865856893360615,0.017402710247552022,2.621736653149128,0.07417292147874832,0.8400525450706482,0.05134850740432739,-0.0407613106071949,0.48634639382362366,0.2750522494316101,-0.01837029866874218,8192,0.5619211792945862,5.525929927825928,0.10142830014228821,44597248,66391,21776,1361,19.333487,0.005931748998409603,0.003086439015169162,-5.630424317717552,-40.00288,0.010485227071330882,0.0021195952547714116,-5.592055597901345,,,0.95,0.9,both,4.18787266607044,4.873468396072208,0.17414561501584291,0.0,-44.875134,2156.4005275674276,19.333487
273,1784861937.586287,,8.0,,8.0,,6.0,,6.0,,10.0,,10.0,,1.0,,1.0,,4.0,,4.0,,2.0,,2.0,,5.0,,5.0,,8.0,,8.0,,8.622703214176,,6.0864270981401205,,9.822319328784943,,1.2685742487665266,,4.28516989108175,,2.219154450111091,,4.8537938836961985,,8.75,0.11671388149261475,0.00016700488049536943,0.007170785342168529,2.6296166107058525,0.1972416639328003,0.7993993759155273,0.19278106093406677,-0.35792556405067444,0.2868736684322357,0.2614530622959137,-0.025763889774680138,8192,0.4815484583377838,5.738518238067627,0.028477858752012253,44761088,66620,21856,1366,19.34518,0.005579662687523523,0.002858566227951087,-5.571779984235763,-36.18299,0.015747044028830714,0.00013103069795761257,-5.581224524974823,,,0.95,0.9,both,4.368883157372528,4.222853277090087,0.2582494270949369,0.0,-21.338068,2159.765357796218,19.34518
274,1784862011.9867756,,8.0,,8.0,,6.0,,6.0,,10.0,,10.0,,1.0,,1.0,,4.0,,4.0,,2.0,,2.0,,5.0,,5.0,,8.0,,8.0,,8.118934986181557,,6.508922174572945,,9.864384388551116,,1.178715519607067,,4.138720732647926,,2.2501436811871827,,4.79405723977834,,8.0625,0.07756360620260239,-0.0004398160963319242,0.0019630045753729064,2.63088721036911,0.16283635795116425,0.9137723445892334,0.12736302614212036,-0.13029302656650543,0.18965911865234375,0.2512437701225281,0.035087551921606064,8192,0.5570900440216064,5.614547252655029,0.03617578372359276,44924928,66811,21936,1371,16.694513,0.005777001100796042,0.003543694680411136,-5.589314496517181,-41.10469,0.008572975070273969,0.0014423752858419903,-5.585818728804588,,,0.95,0.9,both,4.4252704310504525,4.5791961922043045,0.16551463935910252,0.0,-25.47734,2202.136107871218,16.694513
275,1784862083.6679833,,8.0,,8.0,,6.0,,6.0,,10.0,,10.0,,1.0,,1.0,,4.0,,4.0,,2.0,,2.0,,5.0,,5.0,,8.0,,8.0,,8.123715007677674,,6.042524190153927,,9.580719863064587,,0.8943114904686809,,4.001707968302071,,1.901568004861474,,4.838403087109327,,7.8125,0.1652163714170456,3.134767757728696e-05,0.0103666410286678,2.637944333255291,0.09661796689033508,0.7792404890060425,0.09120271354913712,-0.452949196100235,0.3864557147026062,0.32335180044174194,0.049150772392749786,8192,0.596244752407074,5.399431228637695,0.028161736205220222,45088768,67002,22016,1376,9.44405,0.00716314692836022,0.0033025162978447043,-5.615122121572495,-47.709732,0.009819260815856979,0.002626787207555026,-5.6025165766477585,,,0.95,0.9,both,4.570480113347621,5.081625338866823,0.19665814409756638,0.0,-60.957684,2285.6757785826244,9.44405
276,1784862158.6708825,,8.0,,8.0,,6.0,,6.0,,10.0,,10.0,,1.0,,1.0,,4.0,,4.0,,2.0,,2.0,,5.0,,5.0,,8.0,,8.0,,8.084321001544595,,6.32952880859375,,9.81345633789897,,1.0921605832409114,,4.146658436773578,,2.0710831824690104,,4.860095696523786,,7.9375,0.12500986456871033,-0.0001749600633047521,0.011991302046226338,2.6457176879048347,0.11855468899011612,0.9021634459495544,0.12762944400310516,0.21015770733356476,0.33628585934638977,0.17432069778442383,-0.010148865170776844,8192,0.5559250712394714,5.541850566864014,0.048125118017196655,45252608,67222,22096,1381,19.333694,0.0065356926672393454,0.002532146104204003,-5.595834362506866,-68.944244,0.015574216211098247,0.0010743521372205578,-5.588450244069099,,,0.95,0.9,both,4.197420753533883,4.899354800587974,0.17546343450440285,0.0,-23.815516,2184.4491045872733,19.333694
277,1784862229.862619,,8.0,,8.0,,6.0,,6.0,,10.0,,10.0,,1.0,,1.0,,4.0,,4.0,,2.0,,2.0,,5.0,,5.0,,8.0,,8.0,,8.201112117618322,,5.80670122615993,,9.423625245690346,,0.9269316429272294,,3.8801024965941906,,1.992391130886972,,4.790631728246808,,7.875,0.08051006495952606,-0.003782442945521325,0.005019512347644195,2.6515252366662025,0.18773607909679413,1.0074526071548462,0.1732165515422821,0.24598751962184906,0.21848483383655548,0.2649667263031006,-0.024657152593135834,8192,0.6022781133651733,5.362062454223633,0.025999344885349274,45416448,67440,22176,1386,-1.68098,0.0068854915545671245,0.0023592780038597994,-5.613831505179405,-43.554207,0.01328261369781103,0.001583669126557652,-5.589097362756729,,,0.95,0.9,both,4.4020110443132685,4.7761684128240045,0.163756044695186,0.0,-62.063866,2301.3904791616537,-1.68098
278,1784862298.821294,,8.0,,8.0,,6.0,,6.0,,10.0,,10.0,,1.0,,1.0,,4.0,,4.0,,2.0,,2.0,,5.0,,5.0,,8.0,,8.0,,8.053200944326818,,5.924399136332795,,9.351501312106848,,0.706886391621083,,3.793484404683113,,1.979590498842299,,4.822667470842134,,7.3125,0.13910749554634094,-0.00769400194985792,0.008510870757163502,2.657050371170044,0.183750718832016,0.8159933090209961,0.13859806954860687,-0.3678724765777588,0.32334840297698975,0.5039730072021484,-0.022021666169166565,8192,0.5561227798461914,5.24302864074707,0.024378061294555664,45580288,67616,22256,1391,1.8117774,0.006410068523837254,0.0032947648389381355,-5.618520721793175,-46.129784,0.013042035602848046,0.0019370758993318305,-5.608311623334885,,,0.95,0.9,both,4.717906905973245,4.760608686273298,0.2220748961516238,0.0,-67.81453,2375.9157400398303,1.8117774
279,1784862368.3372145,,8.0,,8.0,,6.0,,6.0,,10.0,,10.0,,1.0,,1.0,,4.0,,4.0,,2.0,,2.0,,5.0,,5.0,,8.0,,8.0,,8.227258522529155,,5.759399810573086,,9.55321876751259,,0.8971389341168106,,4.049549827352166,,2.0220783930290054,,4.767239183187485,,8.0,0.08487439155578613,-0.002691707864869386,0.008671298928675242,2.65810663998127,0.09047622978687286,0.9258943200111389,0.10081164538860321,0.15191614627838135,0.24815164506435394,0.4361553192138672,-0.01564689166843891,8192,0.582981288433075,5.409485340118408,0.05180894210934639,45744128,67801,22336,1396,17.366207,0.0059944978063867895,0.002533085960749304,-5.608945113420487,-59.32016,0.011014638567576184,0.0016317902554874308,-5.607998532056809,,,0.95,0.9,both,4.437281233432522,4.906486010025034,0.1708251982942318,0.0,-58.785625,2356.870620644567,17.366207
280,1784862437.2228498,,8.0,,8.0,,6.0,,6.0,,10.0,,10.0,,1.0,,1.0,,4.0,,4.0,,2.0,,2.0,,5.0,,5.0,,8.0,,8.0,,8.099353269499261,,5.650863736867905,,9.496520238928497,,0.9723916091024876,,3.8497516149654984,,1.8606250181328505,,4.798986452631652,,8.25,0.12151667475700378,-0.0010665050358511508,0.006593192971195094,2.658024661242962,0.26138484477996826,0.8524854183197021,0.24412503838539124,0.22949469089508057,0.31199145317077637,0.15288138389587402,0.03270439803600311,8192,0.59062659740448,5.372311592102051,0.0319589339196682,45907968,68009,22416,1401,16.457233,0.005819906381657347,0.002882499573752284,-5.637302020192147,-39.77489,0.015830330591415986,0.0033352178768836895,-5.59986614882946,,,0.95,0.9,both,4.284231556840829,5.193149641160285,0.17042301816150643,0.0,-58.87635,2378.434480866271,16.457233
281,1784862508.3781347,,8.0,,8.0,,6.0,,6.0,,10.0,,10.0,,1.0,,1.0,,4.0,,4.0,,2.0,,2.0,,5.0,,5.0,,8.0,,8.0,,7.8179227616637945,,5.7837540782638825,,9.41760384128429,,0.7439692793413997,,3.791691421531141,,1.9211645824834704,,4.681877629598603,,7.6875,0.1019112840294838,-0.002666461281478405,0.0061325131537159905,2.664982058107853,0.10762859880924225,0.7426052093505859,0.08464088290929794,0.12706328928470612,0.25438445806503296,0.325122207403183,-0.006210268475115299,8192,0.5537066459655762,5.230685234069824,0.025753233581781387,46071808,68213,22496,1406,18.285625,0.0062670540704857555,0.003932606404850958,-5.602933898568153,-62.29241,0.009111423598369583,0.0007340166528592817,-5.583269327878952,,,0.95,0.9,both,4.3635430477972665,4.785208115838806,0.17329072768255482,0.0,-17.674927,2302.5696954264517,18.285625
282,1784862580.4004836,,8.0,,8.0,,6.0,,6.0,,10.0,,10.0,,1.0,,1.0,,4.0,,4.0,,2.0,,2.0,,5.0,,5.0,,8.0,,8.0,,8.364377232035622,,6.106449883431196,,9.75667979568243,,1.1808402986207511,,4.2074411222711205,,1.9113853042945266,,4.8138369070366025,,8.4375,0.11980757117271423,9.67297819443047e-05,0.007478031679056585,2.6687803864479065,0.10811722278594971,0.8542421460151672,0.10194650292396545,0.0314958281815052,0.2971203625202179,0.388367235660553,0.021208537742495537,8192,0.5710736513137817,5.59731388092041,0.055250611156225204,46235648,68397,22576,1411,19.287136,0.00588644567906158,0.004501361591974273,-5.561683803796768,-61.26111,0.011244693529442884,0.0009755311526532751,-5.548570936918258,,,0.95,0.9,both,4.507229853761382,4.266536885317228,0.17195835075627014,0.0,-44.340214,2274.849725956553,19.287136
283,1784862650.9289675,,8.0,,8.0,,6.0,,6.0,,10.0,,10.0,,1.0,,1.0,,4.0,,4.0,,2.0,,2.0,,5.0,,5.0,,8.0,,8.0,,8.657322568818927,,6.05482395272702,,9.83196697756648,,1.207669947296381,,4.058059116825461,,2.123291696421802,,4.836845485959202,,8.0625,0.12509332597255707,-0.005768487462773919,0.006449903652537614,2.6667375639081,0.14922037720680237,0.727060854434967,0.1551276296377182,-0.263253778219223,0.3061911165714264,0.2266356498003006,0.00511150574311614,8192,0.5228867530822754,5.60405969619751,0.023402875289320946,46399488,68602,22656,1416,-8.73613,0.00653682772826869,0.0023368581329123116,-5.577307653427124,-51.82666,0.00858195478649577,0.001508701364218723,-5.557012003660202,,,0.95,0.9,both,4.882746082206394,4.307605979519935,0.1883249580909247,0.0,-27.462784,2323.0326931884933,-8.73613
284,1784862721.257713,,8.0,,8.0,,6.0,,6.0,,10.0,,10.0,,1.0,,1.0,,4.0,,4.0,,2.0,,2.0,,5.0,,5.0,,8.0,,8.0,,8.664476060774177,,6.445310741662979,,9.947379723191261,,1.2975666753482074,,4.329032235080376,,2.1036624223925173,,4.8756009340286255,,8.3125,0.07703395932912827,0.00011381955118849874,0.0029423652522382326,2.6689604073762894,0.16089165210723877,0.9829472899436951,0.1532868891954422,0.09495838731527328,0.20147502422332764,0.3279547691345215,0.017197174951434135,8192,0.4829821288585663,5.746941089630127,0.0703994408249855,46563328,68812,22736,1421,5.087823,0.007833500692504458,0.003558545499254251,-5.586646768450737,-35.286076,0.025769087468506768,0.0027757061237934978,-5.54979290664196,,,0.95,0.9,both,4.219195764040192,4.445158291406156,0.1960333544526332,0.0,-13.615924,2329.6305503240496,5.087823
285,1784862791.7332172,,8.0,,8.0,,6.0,,6.0,,10.0,,10.0,,1.0,,1.0,,4.0,,4.0,,2.0,,2.0,,5.0,,5.0,,8.0,,8.0,,7.907451727776788,,6.103412840515375,,9.637128335423768,,1.0135839227586985,,4.0510551212355494,,1.9867503698915243,,4.7915837205946445,,8.25,0.11710993200540543,-0.0010245856537949294,0.0059044875742984,2.67511123418808,0.1991637796163559,0.8292537331581116,0.2717228829860687,0.13009005784988403,0.3147575557231903,0.5811043977737427,0.023279760032892227,8192,0.5881446003913879,5.467620849609375,0.03682851046323776,46727168,69006,22816,1426,-4.4195395,0.007846831128699706,0.002490070952626411,-5.565871387720108,-60.670357,0.01356084572034888,0.001955186444683932,-5.538919547200203,,,0.95,0.9,both,4.547862497290517,5.255730308964436,0.1561456801339633,0.0,-32.262653,2324.779418551033,-4.4195395
286,1784862860.1315012,,8.0,,8.0,,6.0,,6.0,,10.0,,10.0,,1.0,,1.0,,4.0,,4.0,,2.0,,2.0,,5.0,,5.0,,8.0,,8.0,,7.879860319197178,,5.467533465474844,,9.424469854682684,,0.9691126249963418,,4.1748658418655396,,1.9494244013912976,,4.710215510800481,,7.8125,0.05864086002111435,-0.0003864203463308513,0.002480608945916174,2.6801231503486633,0.181572824716568,0.760509729385376,0.1260593980550766,0.1836009919643402,0.14699390530586243,0.39155149459838867,0.03696884587407112,8192,0.6038645505905151,5.298497676849365,0.02563139982521534,46891008,69197,22896,1431,8.831154,0.006164597725728527,0.0032274826175125782,-5.537043854594231,-40.72345,0.005570384245947935,0.00371171986189438,-5.547754675149918,,,0.95,0.9,both,4.602281263970027,5.855742184885928,0.18837529414259332,0.0,-65.1285,2395.3820809713966,8.831154
287,1784862929.485547,,8.0,,8.0,,6.0,,6.0,,10.0,,10.0,,1.0,,1.0,,4.0,,4.0,,2.0,,2.0,,5.0,,5.0,,8.0,,8.0,,7.757236123085022,,5.591251427307725,,9.443762216717005,,0.8970098411664367,,3.873369334731251,,2.0825693234801292,,4.753122333320789,,7.75,0.08381496369838715,-0.0010365192429162562,0.004392224247567356,2.6870824471116066,0.17628653347492218,0.8282644748687744,0.13299131393432617,0.1307128667831421,0.2301514893770218,0.4494903087615967,0.04326342046260834,8192,0.5760987997055054,5.268540382385254,0.05041727051138878,47054848,69398,22976,1436,-20.79894,0.006815898559580091,0.00341470889543416,-5.551373460888863,-65.289764,0.013783515870454722,0.0027125184278702363,-5.551069560647011,,,0.95,0.9,both,4.741282294956288,5.237344863094677,0.1506686686252915,0.0,-48.69746,2362.3709307388613,-20.79894
288,1784862999.5963666,,8.0,,8.0,,6.0,,6.0,,10.0,,10.0,,1.0,,1.0,,4.0,,4.0,,2.0,,2.0,,5.0,,5.0,,8.0,,8.0,,8.029173027724028,,6.170187850017101,,9.585741132497787,,1.0947410234366544,,3.823435389145743,,2.115261249244213,,4.863116103224456,,8.25,0.13117608428001404,-0.0004512282903306186,0.011172008569701575,2.691455624997616,0.30507129430770874,0.7448147535324097,0.28614985942840576,-0.12321599572896957,0.35009199380874634,0.4691571593284607,0.05322462320327759,8192,0.6055396199226379,5.491457462310791,0.08345717936754227,47218688,69632,23056,1441,-2.8481753,0.007395085260213818,0.002546555674780393,-5.525945112109184,-72.02687,0.04121482846094295,0.0020088139921426774,-5.546513795852661,,,0.95,0.9,both,4.119050765460865,5.133428282704527,0.20137484550703433,0.0,-46.25387,2336.871799832989,-2.8481753
289,1784863070.509298,,8.0,,8.0,,6.0,,6.0,,10.0,,10.0,,1.0,,1.0,,4.0,,4.0,,2.0,,2.0,,5.0,,5.0,,8.0,,8.0,,7.644007510505617,,5.519913984462619,,9.54986472800374,,1.0031110011041164,,3.777184449136257,,1.8730889884755015,,4.756153918802738,,7.625,0.043595943599939346,-0.00017512915655970573,0.0007113765059330035,2.691935285925865,0.15976804494857788,0.8222399950027466,0.09794031828641891,0.009231376461684704,0.11191067844629288,0.41871896386146545,0.019272999837994576,8192,0.5804182887077332,5.218540668487549,0.06983955949544907,47382528,69870,23136,1446,0.43396434,0.006228660154738464,0.0038027550996048375,-5.544825068116188,-71.65717,0.029590337426634507,0.0006471535358286929,-5.512078648805618,,,0.95,0.9,both,4.80764765184175,5.112289755429254,0.13642917142372854,0.0,-47.1605,2310.4389813244356,0.43396434
290,1784863140.6430645,,8.0,,8.0,,6.0,,6.0,,10.0,,10.0,,1.0,,1.0,,4.0,,4.0,,2.0,,2.0,,5.0,,5.0,,8.0,,8.0,,8.154608169104904,,6.057644909247756,,9.585871897172183,,1.3386169760487974,,4.281811847817153,,2.1540994509123266,,4.848395550972782,,8.1875,0.08697614818811417,-0.0004021601052954793,0.0032521733119210694,2.6946143954992294,0.13147300481796265,0.8449277877807617,0.11117838323116302,0.13911119103431702,0.20489636063575745,0.44211545586586,0.03531769663095474,8192,0.5823633670806885,5.576067924499512,0.056692253798246384,47546368,70076,23216,1451,17.663671,0.005686802726995665,0.0024952104162366596,-5.562830621004105,-72.51687,0.020774234633427112,0.0002341966232052073,-5.529422813653946,,,0.95,0.9,both,4.227252066793737,4.1024079521130545,0.16454681108257568,0.0,-69.84088,2336.107211056619,17.663671
291,1784863214.6054275,,8.0,,8.0,,6.0,,6.0,,10.0,,10.0,,1.0,,1.0,,4.0,,4.0,,2.0,,2.0,,5.0,,5.0,,8.0,,8.0,,8.38056005910039,,6.359572527231649,,9.863643276738003,,1.145537132397294,,4.25727177108638,,2.1927973068668507,,4.887177499185782,,8.5625,0.10293783247470856,-0.0009841455612331629,0.009803704364458099,2.697405628859997,0.28517627716064453,0.7450190782546997,0.19865527749061584,0.22033539414405823,0.28257814049720764,0.49329808354377747,0.0710943266749382,8192,0.523374080657959,5.706131935119629,0.01819675788283348,47710208,70272,23296,1456,17.533634,0.00608584991277894,0.0040740710399404636,-5.5897590011358265,-22.676855,0.006380153117061127,0.000778488778450992,-5.559212127327919,,,0.95,0.9,both,4.402925275408264,4.57270084086674,0.16213108098865603,0.0,-37.892307,2215.1807393417894,17.533634
292,1784863285.8442934,,8.0,,8.0,,6.0,,6.0,,10.0,,10.0,,1.0,,1.0,,4.0,,4.0,,2.0,,2.0,,5.0,,5.0,,8.0,,8.0,,7.958314570016228,,6.314934059977531,,9.455367562826723,,1.1219430547207594,,4.157856610807357,,1.9344505462795496,,4.820456592366099,,8.0625,0.10220342874526978,-0.0003643468953669071,0.008372462558327243,2.6998130530118942,0.14614206552505493,0.7618400454521179,0.09356295317411423,-0.1879947930574417,0.27165645360946655,0.5409214496612549,0.060490481555461884,8192,0.5900641679763794,5.478227615356445,0.0184928048402071,47874048,70461,23376,1461,15.373711,0.005237059471255634,0.0020350295570096934,-5.570717933773994,-30.975895,0.004792646962596336,0.0009027109743328765,-5.555844148993492,,,0.95,0.9,both,4.195909224921855,5.189071924413051,0.16486262758699247,0.0,-66.58824,2299.868703576801,15.373711
293,1784863359.2378705,,8.0,,8.0,,6.0,,6.0,,10.0,,10.0,,1.0,,1.0,,4.0,,4.0,,2.0,,2.0,,5.0,,5.0,,8.0,,8.0,,8.043123122304678,,5.75995189830428,,9.581608179956675,,0.806723227025941,,4.055512652732432,,1.9764924056798918,,4.7233632709831,,7.75,0.11291110515594482,-0.0055058327270671725,0.003855328861391172,2.7048569321632385,0.2337527573108673,0.8630024790763855,0.18668445944786072,0.30704981088638306,0.2523747980594635,0.6128743886947632,0.05268494039773941,8192,0.5794939398765564,5.337096691131592,0.035208649933338165,48037888,70646,23456,1466,5.285218,0.007190041989088058,0.0040053399949101735,-5.5494621187448505,-58.979973,0.005838751691044308,0.0021355186254368164,-5.502918985486031,,,0.95,0.9,both,4.602342508359191,5.2110044752746765,0.18059920895267761,0.0,-25.794449,2232.3474704825076,5.285218
294,1784863433.2230594,,8.0,,8.0,,6.0,,6.0,,10.0,,10.0,,1.0,,1.0,,4.0,,4.0,,2.0,,2.0,,5.0,,5.0,,8.0,,8.0,,7.815670058538672,,6.375980321317911,,9.71201859973371,,0.8478593840263784,,4.146522513590753,,2.085699682123959,,4.841034783021314,,8.125,0.07120335102081299,-0.0061632972210645676,0.002177360764108016,2.705297626554966,0.1873287409543991,0.8453588485717773,0.13079597055912018,-0.04961303994059563,0.18937484920024872,0.3268890380859375,0.014983225613832474,8192,0.5749090313911438,5.493722915649414,0.04465712234377861,48201728,70838,23536,1471,16.762625,0.006986492814030498,0.0024916918540839107,-5.552587711811066,-45.34548,0.01315641732653603,0.0018191160663263873,-5.524182158708572,,,0.95,0.9,both,4.081325565338714,4.658676313601391,0.18762102552948928,0.0,-41.38991,2214.497233964091,16.762625
295,1784863508.6561472,,8.0,,8.0,,6.0,,6.0,,10.0,,10.0,,1.0,,1.0,,4.0,,4.0,,2.0,,2.0,,5.0,,5.0,,8.0,,8.0,,8.216246170923114,,6.38175087980926,,9.356975181028247,,1.11093096062541,,3.9387747943401337,,2.046187799423933,,4.852137747686356,,7.9375,0.07225234806537628,0.00013507576659321785,0.003992430283688009,2.710290066897869,0.08978119492530823,0.721226692199707,0.08957074582576752,-0.22920528054237366,0.20008046925067902,0.3728523850440979,-0.027582958340644836,8192,0.57537442445755,5.480062961578369,0.054048243910074234,48365568,71022,23616,1476,19.74926,0.005661821628746111,0.0033550207765074445,-5.60175741314888,-49.09899,0.011172396241454408,0.00258106606270303,-5.547525259852409,,,0.95,0.9,both,4.3697575018165615,4.992071365788853,0.15515971360521852,0.0,-41.64446,2171.991161509499,19.74926
296,1784863582.4772363,,8.0,,8.0,,6.0,,6.0,,10.0,,10.0,,1.0,,1.0,,4.0,,4.0,,2.0,,2.0,,5.0,,5.0,,8.0,,8.0,,8.05465693899896,,6.175613823113963,,9.60095523390919,,1.1672639867756516,,4.112517341040075,,2.0900570219382644,,4.789603589102626,,7.75,0.24593056738376617,-0.0025792192900553346,0.022706210147589445,2.712821826338768,0.16943606734275818,0.8312243223190308,0.11218426376581192,0.1152799129486084,0.5907706022262573,0.37980347871780396,-0.023763809353113174,8192,0.5687708258628845,5.467583656311035,0.01836496777832508,48529408,71202,23696,1481,6.2528806,0.00683733858022606,0.004389838376664556,-5.613326591253281,-32.64689,0.008169337603612803,0.0005525253334781155,-5.547025889158249,,,0.95,0.9,both,4.433891873135044,3.987715156820291,0.2845755197426155,0.0,-23.475243,2219.419904467712,6.2528806
297,1784863656.5165613,,8.0,,8.0,,6.0,,6.0,,10.0,,10.0,,1.0,,1.0,,4.0,,4.0,,2.0,,2.0,,5.0,,5.0,,8.0,,8.0,,8.06878063455224,,5.925266234204173,,9.385929860174656,,0.7374631445854902,,3.8546751346439123,,1.8891559427138418,,4.64982943306677,,7.5,0.13229256868362427,-0.00016714760567992926,0.009452216647332534,2.7136861830949783,0.2675626277923584,0.9162980914115906,0.24036401510238647,-0.2650497555732727,0.32709431648254395,0.24938014149665833,-0.00861654244363308,8192,0.5742873549461365,5.251387596130371,0.01790475845336914,48693248,71387,23776,1486,10.084279,0.006945078940771054,0.0023890677657618653,-5.591798222064972,-32.636345,0.0047482188456342556,-0.000291587681567762,-5.537011593580246,,,0.95,0.9,both,4.461517248034421,4.112503242170466,0.14789962343475038,0.0,-24.674328,2212.8781077811323,10.084279
298,1784863728.488478,,8.0,,8.0,,6.0,,6.0,,10.0,,10.0,,1.0,,1.0,,4.0,,4.0,,2.0,,2.0,,5.0,,5.0,,8.0,,8.0,,7.997797321528196,,5.677183591295034,,9.383490266278386,,0.7103984634159133,,3.8394868299365044,,1.8419754533097148,,4.658451421186328,,7.5,0.07824171334505081,6.830954225733876e-05,0.006220994720933959,2.715937688946724,0.15188473463058472,0.814062237739563,0.09492620080709457,0.0829157680273056,0.22025209665298462,0.5577092170715332,0.029939578846096992,8192,0.5579347610473633,5.2010979652404785,0.019487198442220688,48857088,71566,23856,1491,6.995238,0.006890692142769694,0.003846822105697356,-5.596883973479271,-23.862865,0.006978171337686944,0.0016428935865405946,-5.526919403672219,,,0.95,0.9,both,4.42462696920911,5.034550280820062,0.14659264081128626,0.0,-52.05128,2276.444142572362,6.995238
299,1784863801.363519,,8.0,,8.0,,6.0,,6.0,,10.0,,10.0,,1.0,,1.0,,4.0,,4.0,,2.0,,2.0,,5.0,,5.0,,8.0,,8.0,,7.3265011524781585,,5.6334092346951365,,9.415870985016227,,0.8050905971322209,,3.7387998439371586,,1.7272134372033179,,4.647723681293428,,7.625,0.0900668129324913,0.00016226951265707612,0.010634719539666548,2.7185013964772224,0.1649969220161438,0.917109489440918,0.14522933959960938,-0.02878679893910885,0.28518053889274597,0.4361252188682556,0.01067938283085823,8192,0.5292072296142578,5.114951133728027,0.025803685188293457,49020928,71745,23936,1496,-0.7893677,0.006244630762375891,0.0035904681892134247,-5.551393240690231,-42.533947,0.013921543638571166,0.0016477646051498596,-5.528566268086434,,,0.95,0.9,both,4.9971410845344355,4.688776687004139,0.23399818053554539,0.0,-47.94459,2248.2314946642014,-0.7893677
300,1784863876.6654406,,8.0,,8.0,,6.0,,6.0,,10.0,,10.0,,1.0,,1.0,,4.0,,4.0,,2.0,,2.0,,5.0,,5.0,,8.0,,8.0,,8.277049266936956,,5.961034229025245,,9.511237755417824,,1.1425692662596703,,4.041514202719554,,1.9844466671347618,,4.881652764976025,,8.0625,0.14743521809577942,6.469595246016979e-05,0.007004386294283904,2.7167572677135468,0.14685852825641632,0.883639395236969,0.11835869401693344,0.20487819612026215,0.3360443115234375,0.3792664408683777,0.013544461689889431,8192,0.5922254323959351,5.48275089263916,0.029926178976893425,49184768,71931,24016,1501,17.094969,0.005016741847794037,0.002463744242413668,-5.539360469579696,-41.194874,0.014093043966568075,0.0015561495441943408,-5.510723459720611,,,0.95,0.9,both,4.398338839213393,5.0218031599173285,0.18546238221037456,0.0,-14.499707,2175.7744063518503,17.094969
301,1784863949.718449,,8.0,,8.0,,6.0,,6.0,,10.0,,10.0,,1.0,,1.0,,4.0,,4.0,,2.0,,2.0,,5.0,,5.0,,8.0,,8.0,,8.216827005613595,,6.199891155119985,,9.59019474312663,,1.0626438790932298,,3.9477237965911627,,2.0067646033130586,,4.782856980338693,,8.25,0.10958321392536163,-0.0004051497671753168,0.0037379709938250016,2.724807247519493,0.12511533498764038,0.85136479139328,0.0977783054113388,-0.03851304575800896,0.3115614652633667,0.33703383803367615,0.03431612253189087,8192,0.5852258205413818,5.507112503051758,0.10363198816776276,49348608,72110,24096,1506,8.929262,0.006831707968376577,0.0034286738344235347,-5.564762976765633,-29.3063,0.013102829217677936,0.002475347237486858,-5.529714605212211,,,0.95,0.9,both,4.589270104925953,4.795216668550814,0.1567778154592538,0.0,-30.475391,2242.7550109305243,8.929262
302,1784864021.2749372,,8.0,,8.0,,6.0,,6.0,,10.0,,10.0,,1.0,,1.0,,4.0,,4.0,,2.0,,2.0,,5.0,,5.0,,8.0,,8.0,,7.279794789850712,,5.565146174281836,,9.264205325394869,,0.8639224590733647,,3.7570667630061507,,1.7727661482058465,,4.755739390850067,,7.5,0.08325478434562683,0.0001532724709250033,0.002840430872311117,2.728322997689247,0.12696507573127747,0.8536114692687988,0.12330768257379532,-0.017305685207247734,0.22961103916168213,0.3279584050178528,0.00550419557839632,8192,0.5216031074523926,5.094829559326172,0.03919799625873566,49512448,72301,24176,1511,9.153136,0.005924214881088119,0.0036518807231914253,-5.561546185612679,-30.030415,0.008474554057465866,0.001548988487047609,-5.532413762807846,,,0.95,0.9,both,4.476262165694092,5.30000202898302,0.20406712298941376,0.0,-49.049324,2289.6595134053237,9.153136
303,1784864093.3810093,,8.0,,8.0,,6.0,,6.0,,10.0,,10.0,,1.0,,1.0,,4.0,,4.0,,2.0,,2.0,,5.0,,5.0,,8.0,,8.0,,8.163042007945478,,6.226591005921364,,9.566229991614819,,1.0319383051246405,,3.9453402817016467,,1.8292512048501521,,4.792336937040091,,7.8125,0.19081534445285797,-0.0004617526283254847,0.012412041105562821,2.7326971143484116,0.1999223232269287,0.7824243903160095,0.16214501857757568,0.029183045029640198,0.44307437539100647,0.40329456329345703,-0.028516359627246857,8192,0.596756637096405,5.420903205871582,0.033202458173036575,49676288,72508,24256,1516,18.365788,0.0053448380909685515,0.0029702908268518513,-5.534445199370384,-56.075035,0.0138370198168559,0.0006307286115770694,-5.544307774305343,,,0.95,0.9,both,4.258995364053764,5.682748872079523,0.16548860056469483,0.0,-42.765144,2272.20817404008,18.365788
304,1784864165.4070818,,8.0,,8.0,,6.0,,6.0,,10.0,,10.0,,1.0,,1.0,,4.0,,4.0,,2.0,,2.0,,5.0,,5.0,,8.0,,8.0,,8.107026442885399,,6.279281955212355,,9.459850657731295,,1.1836874552645895,,4.289725410751998,,2.090602464042604,,4.778046615421772,,8.125,0.14473100006580353,-6.889458745718002e-07,0.007059778334223665,2.7357421815395355,0.28033697605133057,0.7968323230743408,0.3001843988895416,-0.12314670532941818,0.3346402645111084,0.1639503538608551,-0.019653014838695526,8192,0.579987645149231,5.5391526222229,0.02906770259141922,49840128,72737,24336,1521,6.135575,0.006866819139395375,0.003982817714859266,-5.526486292481422,-44.903133,0.014235853269929067,0.0006816814020567108,-5.534557756781578,,,0.95,0.9,both,4.580412210922043,4.852040424846379,0.1585770486777129,0.0,-57.231567,2274.731788481987,6.135575
305,1784864222.2638009,,8.0,,8.0,,6.0,,6.0,,10.0,,10.0,,1.0,,1.0,,4.0,,4.0,,2.0,,2.0,,5.0,,5.0,,8.0,,8.0,,7.739634294062853,,5.678396258503199,,9.643760580569506,,0.9703918797895312,,3.89446584507823,,1.7552222972735763,,4.78250685101375,,7.6875,0.1623218059539795,-0.003783510241191834,0.026539932063315064,2.739232622087002,0.12117618322372437,0.719914972782135,0.12309020757675171,0.09021039307117462,0.45981094241142273,0.30739763379096985,-0.004075165372341871,8192,0.5722885131835938,5.268984794616699,0.07829257100820541,49971200,72944,24400,1525,8.932923,0.0072922208943055015,0.0026026921143056823,-5.564349254965782,-76.87944,0.017401104792952538,0.0007342362929193769,-5.497026112675667,,,0.95,0.9,both,4.54047764374413,5.379120137599126,0.2033094495111714,0.0,-56.28402,2881.6295007607255,8.932923
