# _tick,_time,plr_track_ground_roughness,track_ground_roughness,plr_track_student_ground_roughness,track_student_ground_roughness,plr_track_pit_gap_low,track_pit_gap_low,plr_track_student_pit_gap_low,track_student_pit_gap_low,plr_track_pit_gap_high,track_pit_gap_high,plr_track_student_pit_gap_high,track_student_pit_gap_high,plr_track_stump_height_low,track_stump_height_low,plr_track_student_stump_height_low,track_student_stump_height_low,plr_track_stump_height_high,track_stump_height_high,plr_track_student_stump_height_high,track_student_stump_height_high,plr_track_ued_ground_roughness,track_ued_ground_roughness,plr_track_ued_pit_gap_low,track_ued_pit_gap_low,plr_track_ued_pit_gap_high,track_ued_pit_gap_high,plr_track_ued_stump_height_low,track_ued_stump_height_low,plr_track_ued_stump_height_high,track_ued_stump_height_high,mean_env_return,adversary_env_pg_loss,adversary_env_value_loss,adversary_env_dist_entropy,dces_l_pi,dces_l_delta,dces_l_tot,dces_q_delta,dces_q_delta_std,dces_w1,dces_w2,dces_buf,dces_c_std,dces_c_absmean,dces_reg_std,steps,total_episodes,total_seeds,total_student_grad_updates,mean_agent_return,agent_value_loss,agent_pg_loss,agent_dist_entropy,mean_adversary_agent_return,adversary_value_loss,adversary_pg_loss,adversary_dist_entropy,kl_loss_advagent_agent,kl_loss_agent_advagent,dps_lambda_skill,dps_lambda_target,dps_mode,agent_grad_norm,adversary_grad_norm,adversary_env_grad_norm,solved_rate:BipedalWalker-MADS-POET-Rose-3a-Eval-v0,test_returns:BipedalWalker-MADS-POET-Rose-3a-Eval-v0,sps,target_agent_return
0,1784864018.8734348,,5.28,,5.28,,4.799999999999999,,4.799999999999999,,7.200000000000002,,7.200000000000002,,1.9800000000000002,,1.9800000000000002,,2.759999999999999,,2.759999999999999,,5.649065166770015,,5.263256734237075,,7.715144381392747,,2.2427606135606766,,3.0419646496884525,0.0005677742883563042,-0.004955979376973119,0.017867568603833206,1.420801367610693,0.9816500544548035,0.0,0.9802578687667847,-0.15898683667182922,0.0016596389468759298,0.7352315187454224,0.7415910959243774,16,0.42939797043800354,4.782438278198242,0.2168973982334137,32768,188,16,1,-117.97477,0.21160861058160663,-0.0018041037641523872,5.678942015767097,-111.61696,0.19440711000934244,-0.003178235894301906,5.672921970486641,,,0.95,0.9,n2c,0.3669813009387064,0.3576904837533649,1.0823946055114801,0.0,-116.815475,2024.8515116569035,-117.97477
1,1784864099.1438172,,5.28,,5.28,,4.799999999999999,,4.799999999999999,,7.200000000000002,,7.200000000000002,,1.9800000000000002,,1.9800000000000002,,2.759999999999999,,2.759999999999999,,5.326902475673705,,5.2564264396205544,,7.489724541286705,,2.3084698310121894,,3.050043051072862,0.0011212355457246304,-0.020456005819141865,0.051740709590376355,1.4227621741592884,0.9033810496330261,0.9362569451332092,0.8524974584579468,-0.05179264023900032,0.0026151237543672323,0.7891312837600708,0.7548015117645264,96,0.4434667229652405,4.686313152313232,0.16008950769901276,196608,867,96,6,-134.12964,0.013162968013784849,-0.005052053809049539,5.6312451422214505,-105.99025,0.1105165499728173,-0.00283085833361838,5.674663841724396,,,0.95,0.9,n2c,0.3317094914956178,0.2642631859080812,1.3125319879911896,0.0,-142.12373,2041.10239294881,-134.12964
2,1784864177.2626777,,5.28,,5.28,,4.799999999999999,,4.799999999999999,,7.200000000000002,,7.200000000000002,,1.9800000000000002,,1.9800000000000002,,2.759999999999999,,2.759999999999999,,5.839248071424663,,5.2065340066328645,,7.52305359300226,,2.206507972208783,,2.951250695390627,0.002204137621447444,-0.004181749507552013,0.025072671804082347,1.420426607131958,0.9723057150840759,0.9306429028511047,0.9590590000152588,0.008369872346520424,0.006230893544852734,0.7214475870132446,0.8391890525817871,176,0.43456870317459106,4.74531888961792,0.04350298270583153,360448,1330,176,11,-158.36833,0.01624977884348482,-0.004694782433944056,5.422503158450127,-128.10135,0.03388644284568727,-0.0027711819828255104,5.606243661046028,,,0.95,0.9,n2c,0.35483278978462485,0.23773893229150383,1.0684748414741216,0.0,-143.78716,2097.318521238509,-158.36833
3,1784864256.479501,,5.28,,5.28,,4.799999999999999,,4.799999999999999,,7.200000000000002,,7.200000000000002,,1.9800000000000002,,1.9800000000000002,,2.759999999999999,,2.759999999999999,,4.466802173294127,,4.131356684025377,,6.605756349861622,,1.6706929649226367,,2.4934378881007433,0.0057021682150661945,-0.006020644417731091,0.22047360561555251,1.4263333678245544,0.8846928477287292,0.9272341728210449,0.8362334966659546,-0.03695393353700638,0.017563343048095703,0.8043655157089233,0.8379297852516174,256,0.35393717885017395,3.8736095428466797,0.020515481010079384,524288,1554,256,16,-129.19812,0.016861046443227678,-0.00351393906166777,5.200635540485382,-137.41336,0.018730965460417793,-0.002805878358776681,5.3347308218479155,,,0.95,0.9,n2c,0.4116666010718351,0.31091507972937277,2.1515095797909884,0.0,-130.76352,2068.2464262874882,-129.19812
4,1784864334.951185,,5.28,,5.28,,4.799999999999999,,4.799999999999999,,7.200000000000002,,7.200000000000002,,1.9800000000000002,,1.9800000000000002,,2.759999999999999,,2.759999999999999,,4.9238869291730225,,4.522364660282619,,6.926688299048692,,1.7422017916105688,,2.749972961377352,0.01154574379324913,-0.0006455008524426376,0.00022746354193259322,1.4390423633158207,0.776843249797821,0.9244579076766968,0.613670825958252,-0.002164057921618223,0.030963048338890076,1.1052744388580322,0.8657405376434326,336,0.47335854172706604,4.173022747039795,0.04932371899485588,688128,1739,336,21,-118.33716,0.011240068307961338,-0.0019925127271562815,4.935167038440705,-122.17232,0.010555154530447908,-0.0010244144505122676,5.051789376139641,,,0.95,0.9,n2c,0.4837684818696875,0.3610361123304816,0.9809293494561462,0.0,-123.4389,2087.8866321142223,-118.33716
5,1784864413.8076518,,5.28,,5.28,,4.799999999999999,,4.799999999999999,,7.200000000000002,,7.200000000000002,,1.9800000000000002,,1.9800000000000002,,2.759999999999999,,2.759999999999999,,5.061946565285325,,4.40842687850818,,6.930367087479681,,1.8464442086406052,,2.6361510606948286,0.014708224684000015,-0.003340657778608147,0.007799781520589022,1.4490550495684147,0.6304430961608887,0.9197183847427368,0.3856472074985504,0.0061751846224069595,0.039008066058158875,1.7177520990371704,0.8782803416252136,416,0.4948989748954773,4.176667213439941,0.03639054298400879,851968,1915,416,26,-112.20624,0.01588129271985963,-0.0021223335250397215,4.658410435914993,-120.94733,0.007014542046817951,-0.0018459676139173098,4.7692774653434755,,,0.95,0.9,n2c,0.4618916707317974,0.4170751722569744,0.7457346234323616,0.0,-133.49258,2077.6987675446135,-112.20624
6,1784864492.0401058,,5.28,,5.28,,4.799999999999999,,4.799999999999999,,7.200000000000002,,7.200000000000002,,1.9800000000000002,,1.9800000000000002,,2.759999999999999,,2.759999999999999,,4.533995610720012,,4.122676751110703,,6.477581106708385,,1.6764422552660108,,2.341703516431153,0.024058865383267403,0.0005413837352534756,0.07081169412413146,1.4481398053467274,0.6485114693641663,0.9142428040504456,0.5542968511581421,0.04499397426843643,0.06853311508893967,1.746565341949463,0.8518574833869934,496,0.3103794455528259,3.830479860305786,0.023611821234226227,1015808,2086,496,31,-115.49406,0.012378536525648087,-0.002497779570694547,4.435812091827392,-114.79869,0.006444398636813275,-0.0019014161800441798,4.459270828962326,,,0.95,0.9,n2c,0.4642031227837135,0.47834689765895666,1.581817274837225,0.0,-111.69698,2094.271810211306,-115.49406
7,1784864570.0777187,,5.28,,5.28,,4.799999999999999,,4.799999999999999,,7.200000000000002,,7.200000000000002,,1.9800000000000002,,1.9800000000000002,,2.759999999999999,,2.759999999999999,,6.155619403347373,,5.513176843523979,,7.921959041152149,,2.3109014574438334,,3.142910740338266,0.02510734088718891,-0.00013292598305270076,0.052979040548962075,1.4481478407979012,0.6314484477043152,0.9271535277366638,0.4819193482398987,-0.08491542935371399,0.06886187940835953,1.5205280780792236,0.717831552028656,576,0.26969921588897705,5.008913516998291,0.01684311218559742,1179648,2249,576,36,-110.99939,0.012819230058812536,-0.0011554897217138204,4.1417779415845875,-111.63259,0.005198805134568829,-0.0033224356404389253,4.139909943938255,,,0.95,0.9,n2c,0.5303681096395471,0.5662287596874968,1.2901675141925895,0.0,-104.29991,2099.5004598291534,-110.99939
8,1784864647.8866315,,5.28,,5.28,,4.799999999999999,,4.799999999999999,,7.200000000000002,,7.200000000000002,,1.9800000000000002,,1.9800000000000002,,2.759999999999999,,2.759999999999999,,5.551525486633182,,5.072457453701645,,7.297144173644483,,1.9555245130322874,,2.767297768878052,0.08485367894172668,-0.015206041563942563,0.021514137915801257,1.4555019326508045,0.6662683486938477,0.8755898475646973,0.6494009494781494,-0.1435130536556244,0.21906708180904388,1.5313265323638916,0.6805436611175537,656,0.525204598903656,4.528789520263672,0.027964210137724876,1343488,2413,656,41,-102.30426,0.006501342158298939,-0.0014595754866604694,3.8928768947720527,-103.77637,0.01079358471906744,-0.0012455589305318427,3.904436284303665,,,0.95,0.9,n2c,0.6555388156287579,0.5380170355884994,1.0434621840242806,0.0,-108.43966,2105.6709087389236,-102.30426
9,1784864727.9075823,,5.28,,5.28,,4.799999999999999,,4.799999999999999,,7.200000000000002,,7.200000000000002,,1.9800000000000002,,1.9800000000000002,,2.759999999999999,,2.759999999999999,,4.878576430026442,,4.36545617680531,,6.948550598230213,,1.8326292285346426,,2.5732562806806527,0.054489314556121826,-0.005681477079633623,0.002276421788337757,1.4586145132780075,0.6181231737136841,0.9393173456192017,0.5173518061637878,-0.11880241334438324,0.14639011025428772,1.3205821514129639,0.5353602766990662,736,0.47139039635658264,4.119693756103516,0.01695738360285759,1507328,2577,736,46,-97.138565,0.010200066794641315,-0.0012985950044821948,3.632068844139576,-99.62256,0.009845522086834535,-0.003230629587051226,3.694809502363205,,,0.95,0.9,n2c,0.6372849365670392,0.6357277227486325,0.9584650007582081,0.0,-98.67513,2047.4639981365995,-97.138565
10,1784864806.090192,,5.28,,5.28,,4.799999999999999,,4.799999999999999,,7.200000000000002,,7.200000000000002,,1.9800000000000002,,1.9800000000000002,,2.759999999999999,,2.759999999999999,,5.795371202751994,,5.330249531194568,,7.939919963479042,,2.2236749816220254,,3.134636088158004,0.06188271939754486,0.0003217236662749201,0.006976870261496515,1.4693526476621628,0.6455026865005493,0.8796993494033813,0.4540765881538391,-0.2194288671016693,0.18050727248191833,0.9856261610984802,0.47875046730041504,816,0.4056786596775055,4.884770393371582,0.021478747949004173,1671168,2743,816,51,-97.84916,0.013823861835408024,-0.002051140223193215,3.349714609980583,-97.66938,0.008628814230905845,-0.0018403174210106954,3.416159725189209,,,0.95,0.9,n2c,0.6139125510407817,0.7186566587678589,0.941783140583608,0.0,-96.034485,2095.6072331534283,-97.84916
11,1784864886.4977553,,5.28,,5.28,,4.799999999999999,,4.799999999999999,,7.200000000000002,,7.200000000000002,,1.9800000000000002,,1.9800000000000002,,2.759999999999999,,2.759999999999999,,5.2967016119509935,,5.184024648275226,,7.459854808403179,,2.008442161139101,,2.8458428058074787,0.029583238065242767,0.0008261541370302439,0.04060962510993704,1.4725050367414951,0.48853492736816406,0.9131807088851929,0.35484325885772705,0.11621300876140594,0.08262796700000763,0.8929879665374756,0.3966706395149231,896,0.5460546016693115,4.55897331237793,0.01909421943128109,1835008,2910,896,56,-85.157745,0.006199276649567764,-0.0014916501299012453,3.096600611507893,-93.29936,0.009347316133789718,-0.0025665196517365985,3.095658655464649,,,0.95,0.9,n2c,0.8093626241373073,0.7033287616254901,1.6543124865943617,0.0,-93.745544,2037.6187725307723,-85.157745
12,1784864964.5549421,,5.28,,5.28,,4.799999999999999,,4.799999999999999,,7.200000000000002,,7.200000000000002,,1.9800000000000002,,1.9800000000000002,,2.759999999999999,,2.759999999999999,,5.733186353929341,,5.396622279658914,,7.750111900269985,,2.2537958899047226,,2.942405479872832,0.06249752268195152,-0.006313025369308889,0.006847561540780589,1.4880284145474434,0.45733940601348877,0.8550365567207336,0.23408466577529907,-0.19418293237686157,0.1813412457704544,0.837197482585907,0.3528854250907898,976,0.4245142936706543,4.815224647521973,0.009092865511775017,1998848,3083,976,61,-90.59965,0.01700200144550763,-0.0030644345097243786,2.9070256903767584,-85.76476,0.005812324193539098,-0.00269192190899048,2.8344788953661917,,,0.95,0.9,n2c,0.7145821488901314,0.8345520372351597,1.1532288675065614,0.0,-84.612755,2098.9738363731044,-90.59965
13,1784865043.003867,,5.28,,5.28,,4.799999999999999,,4.799999999999999,,7.200000000000002,,7.200000000000002,,1.9800000000000002,,1.9800000000000002,,2.759999999999999,,2.759999999999999,,4.900757538387552,,4.513599442318082,,7.041600924159866,,1.760566004071734,,2.548980816267431,0.046474192291498184,-0.0014709679235238582,0.018286520476976875,1.5054999142885208,0.553307056427002,0.955414891242981,0.45014527440071106,-0.011984867975115776,0.11636801809072495,0.739485502243042,0.3113027811050415,1056,0.4901215434074402,4.153100967407227,0.02376648411154747,2162688,3259,1056,66,-81.43135,0.010411132588342299,-0.002023480672505684,2.636288495361805,-85.139015,0.014850673917680978,-0.0019527933880453929,2.6614828377962114,,,0.95,0.9,n2c,0.8104542003066317,0.8668670132504438,0.8758333362731556,0.0,-90.15315,2088.492670091118,-81.43135
14,1784865122.5991087,,5.28,,5.28,,4.799999999999999,,4.799999999999999,,7.200000000000002,,7.200000000000002,,1.9800000000000002,,1.9800000000000002,,2.759999999999999,,2.759999999999999,,5.393095730687492,,4.879659381695092,,7.431134983897209,,1.9814448966644704,,2.7584920614026487,0.012874781154096127,-0.006702265865897061,0.037277681680279784,1.5075080804526806,0.43489304184913635,0.8786386251449585,0.39069125056266785,0.14538736641407013,0.03372186794877052,0.7063252925872803,0.3154582679271698,1136,0.5049253702163696,4.488765716552734,0.03654765337705612,2326528,3441,1136,71,-79.24959,0.008941746952768882,-0.0020843808975769206,2.3547636598348616,-72.86662,0.01755159663152881,-0.000796127497960697,2.4017791390419005,,,0.95,0.9,n2c,0.8362261340446008,0.8634593288589137,1.134940368733538,0.0,-103.14906,2058.4145985782675,-79.24959
15,1784865203.7963705,,5.28,,5.28,,4.799999999999999,,4.799999999999999,,7.200000000000002,,7.200000000000002,,1.9800000000000002,,1.9800000000000002,,2.759999999999999,,2.759999999999999,,4.440469957888126,,3.9673848897218704,,6.30128218291793,,1.5616106381639838,,2.352233365410939,0.03501399978995323,0.000953004346229136,0.006572391566805891,1.5123233124613762,0.9137960076332092,0.8628314733505249,0.8787813782691956,-0.08840572088956833,0.11192376166582108,0.6808398962020874,0.2634996473789215,1216,0.27384719252586365,3.7245965003967285,0.08101939409971237,2490368,3630,1216,76,-87.34424,0.009998224038281479,-0.0012609014986082912,2.123983497917652,-125.472145,0.04235332676908001,-0.0016873803760972805,2.249628093838692,,,0.95,0.9,n2c,0.9102320359772484,0.9750456337156898,1.1460527024666076,0.0,-96.30607,2017.8023485200295,-87.34424
16,1784865284.4245026,,5.28,,5.28,,4.799999999999999,,4.799999999999999,,7.200000000000002,,7.200000000000002,,1.9800000000000002,,1.9800000000000002,,2.759999999999999,,2.759999999999999,,5.436556772328913,,4.958429390258971,,7.263436768203974,,2.0273487776867114,,2.885600300738588,0.10634766519069672,-0.0036705045531562064,0.010810628489707597,1.5175898671150208,0.5031219124794006,0.8603214621543884,0.3814592659473419,-0.3016745448112488,0.26092928647994995,0.812651515007019,0.23966698348522186,1296,0.4785844683647156,4.5142741203308105,0.016771063208580017,2654208,3797,1296,81,-56.864227,0.004162338805326726,-0.0019587809045333417,1.865765042603016,-82.362144,0.01033520234923344,-0.002121839021128835,2.017162871360779,,,0.95,0.9,n2c,1.1045205752504024,0.8536238772626126,0.711499606651351,0.0,-73.02735,2032.0452029273326,-56.864227
17,1784865362.073123,,5.28,,5.28,,4.799999999999999,,4.799999999999999,,7.200000000000002,,7.200000000000002,,1.9800000000000002,,1.9800000000000002,,2.759999999999999,,2.759999999999999,,4.614494118839502,,4.06205421499908,,6.655818540486507,,1.7143456859048456,,2.458429549820721,0.011975079774856567,-0.001345774348010309,0.010503005163627677,1.522514034062624,0.5697348713874817,0.8606836795806885,0.5074318051338196,0.05410468205809593,0.050668295472860336,0.7067718505859375,0.22243809700012207,1376,0.3958980441093445,3.9010283946990967,0.03638084977865219,2818048,3974,1376,86,-50.244446,0.003645589212101186,-0.001212527189636603,1.520998702943325,-87.0085,0.01546931519987993,-0.001093568719807081,1.7940703548491002,,,0.95,0.9,n2c,1.2522238811084285,1.0811068808646456,1.0799002650280651,0.0,-91.891655,2110.017596336502,-50.244446
18,1784865438.5648713,,5.28,,5.28,,4.799999999999999,,4.799999999999999,,7.200000000000002,,7.200000000000002,,1.9800000000000002,,1.9800000000000002,,2.759999999999999,,2.759999999999999,,5.699157318100333,,5.381020518252626,,8.006775289773941,,2.299193105660379,,3.0540423521306366,0.06280320882797241,-0.0013712999207200482,0.062388968901359476,1.5304440148174763,0.47831210494041443,0.8217955827713013,0.32364484667778015,-0.07353901118040085,0.15605445206165314,0.7675498127937317,0.20454241335391998,1456,0.3901839554309845,4.88803768157959,0.011146669276058674,2981888,4141,1456,91,-48.68824,0.004615144376293756,-0.0006677641795249656,1.2595754608511924,-61.819435,0.005246195947256638,-0.001957404571294319,1.4700643077492714,,,0.95,0.9,n2c,1.2459563762439647,1.0892415096123291,1.7704195203594373,0.0,-62.90667,2141.929162048504,-48.68824
19,1784865516.3925042,,5.28,,5.28,,4.799999999999999,,4.799999999999999,,7.200000000000002,,7.200000000000002,,1.9800000000000002,,1.9800000000000002,,2.759999999999999,,2.759999999999999,,4.78019364294596,,4.083967391401529,,6.965533785987645,,1.78599604498595,,2.7602092302404344,0.015002792701125145,-0.017430243169656023,0.022812148163211532,1.5376099608838558,0.5664648413658142,0.8630032539367676,0.5337547659873962,-0.03560715168714523,0.03598087653517723,0.7738654613494873,0.19153204560279846,1536,0.35594385862350464,4.0751800537109375,0.03569496050477028,3145728,4311,1536,96,-50.29236,0.00834392147953622,-0.0016747253685025498,1.0466391280293466,-96.20693,0.014348847008659505,-0.0009331291119451634,1.1827120073139668,,,0.95,0.9,n2c,1.2398867789900738,1.1058285285554177,0.9616642863365249,0.0,-49.875786,2105.1675044003,-50.29236
20,1784865590.4411595,,5.28,,5.28,,4.799999999999999,,4.799999999999999,,7.200000000000002,,7.200000000000002,,1.9800000000000002,,1.9800000000000002,,2.759999999999999,,2.759999999999999,,5.665796291548759,,5.0623127752915025,,7.419138442724943,,2.244939048658125,,3.139482912607491,0.038224730640649796,-0.004271028534276411,0.010533334003412165,1.534196462482214,0.34563636779785156,0.8566662669181824,0.2005772441625595,0.001018347218632698,0.09705006331205368,0.6104896068572998,0.18810832500457764,1616,0.49604368209838867,4.706333637237549,0.00963534414768219,3309568,4474,1616,101,-50.504505,0.007354689475323539,-0.0007134463361580856,0.8910552058368921,-55.657604,0.005803287762682885,0.0002513970001018606,0.9078390184789896,,,0.95,0.9,n2c,1.2737520924736168,1.2245614624401557,1.0229845211576554,0.0,-64.75222,2212.5964118934758,-50.504505
21,1784865664.3165667,,5.28,,5.28,,4.799999999999999,,4.799999999999999,,7.200000000000002,,7.200000000000002,,1.9800000000000002,,1.9800000000000002,,2.759999999999999,,2.759999999999999,,5.426222305279225,,4.748938837787136,,6.982114862330491,,1.92153966112528,,2.8052483508363366,0.12359359115362167,-0.008999564277473837,0.014204816819983535,1.5399499610066414,0.5132813453674316,0.7380427122116089,0.42425262928009033,-0.12415347248315811,0.2855369746685028,0.5137221813201904,0.17435213923454285,1696,0.5294643640518188,4.376812934875488,0.01758989691734314,3473408,4645,1696,106,-44.55942,0.010875175190449227,-0.0011847840469272342,0.7150178741663694,-65.09066,0.009749322268180548,-6.557961023645476e-06,0.7423445619642735,,,0.95,0.9,n2c,1.3293960417599666,1.2576243443079118,0.8876703524322855,0.0,-61.80429,2217.788465923634,-44.55942
22,1784865738.2056928,,5.28,,5.28,,4.799999999999999,,4.799999999999999,,7.200000000000002,,7.200000000000002,,1.9800000000000002,,1.9800000000000002,,2.759999999999999,,2.759999999999999,,5.508555963402614,,5.484470398165286,,7.4999222131446,,2.1053392494286527,,2.901304762082873,0.06786680966615677,-0.017464470583945513,0.002466534191626124,1.5502336248755455,0.46613290905952454,0.7310668230056763,0.39973747730255127,0.12328596413135529,0.16335827112197876,0.48725640773773193,0.17456325888633728,1776,0.4484596848487854,4.699918746948242,0.01454401109367609,3637248,4834,1776,111,-38.32934,0.010068289592163637,-0.00010680608902475796,0.5751181922852993,-78.57277,0.01647841926314868,0.0005425415827630786,0.6367249708622694,,,0.95,0.9,n2c,1.5052044078348938,1.3061249632578236,0.5385653079563929,0.0,-61.630463,2217.3779954506285,-38.32934
23,1784865814.1831343,,5.28,,5.28,,4.799999999999999,,4.799999999999999,,7.200000000000002,,7.200000000000002,,1.9800000000000002,,1.9800000000000002,,2.759999999999999,,2.759999999999999,,4.862535120919347,,4.657592757605016,,6.826614684658125,,1.757148815668188,,2.5210763132490683,0.0606992244720459,-0.006193740628077649,0.051620129466755316,1.5414429940283298,0.6138153672218323,0.8570312857627869,0.5821235179901123,-0.3350204527378082,0.17696146667003632,0.43982696533203125,0.15932965278625488,1856,0.45624178647994995,4.124993324279785,0.02950650081038475,3801088,5010,1856,116,-45.974873,0.007641138661711011,-0.0004570582474116236,0.4202640190720558,-55.76137,0.009326101574697532,-0.0007887397587182932,0.48174189385026694,,,0.95,0.9,n2c,1.1318938819765751,1.4738433559854438,1.245652708469585,0.0,-58.41801,2156.4277993806872,-45.974873
24,1784865888.420019,,5.28,,5.28,,4.799999999999999,,4.799999999999999,,7.200000000000002,,7.200000000000002,,1.9800000000000002,,1.9800000000000002,,2.759999999999999,,2.759999999999999,,4.777143876068294,,4.600753175793216,,6.976366539718583,,1.8746594511903822,,2.5521085342625156,0.08978970348834991,-0.01814151313737966,0.010915972947259434,1.551272813230753,0.9337754249572754,0.8201693296432495,0.7785931825637817,-0.11495699733495712,0.21479806303977966,0.576464056968689,0.1471434235572815,1936,0.5073004364967346,4.1562066078186035,0.07290788739919662,3964928,5212,1936,121,-66.46625,0.015857263319776393,0.00016680027547408827,0.25847156178206204,-86.79222,0.03143762230174616,-0.0012053704718709922,0.3445401661098003,,,0.95,0.9,n2c,1.3381940962280976,1.5106721105194978,0.7760930180754235,0.0,-79.75258,2206.9890480798726,-66.46625
25,1784865963.6558428,,5.28,,5.28,,4.799999999999999,,4.799999999999999,,7.200000000000002,,7.200000000000002,,1.9800000000000002,,1.9800000000000002,,2.759999999999999,,2.759999999999999,,5.545639725867659,,5.208218067884445,,7.599050692282617,,2.0426780263660476,,2.915671727154404,0.06230858713388443,-0.009650757536292076,0.002387789954809705,1.5600224919617176,0.4681672751903534,0.8442708849906921,0.38309478759765625,0.013835662975907326,0.15329799056053162,0.6627969741821289,0.1437736451625824,2016,0.48429328203201294,4.662251949310303,0.033282358199357986,4128768,5386,2016,126,-57.190968,0.016367765492759645,-0.00022432938567362726,0.18301757546141745,-66.43492,0.008305358162033372,-0.0005485283501911909,0.22734852554276586,,,0.95,0.9,n2c,1.4279155599195197,1.5519784633140783,0.8693699205646774,0.0,-37.611156,2177.6868248057986,-57.190968
26,1784866037.5170777,,5.28,,5.28,,4.799999999999999,,4.799999999999999,,7.200000000000002,,7.200000000000002,,1.9800000000000002,,1.9800000000000002,,2.759999999999999,,2.759999999999999,,5.555061960592866,,5.217463281704113,,7.833095898851752,,2.219898920506239,,2.9768943892559037,0.09082464128732681,-0.003704072703840211,0.008168421962182038,1.567672647535801,0.3945791721343994,0.8065959811210632,0.32927846908569336,-0.013692760840058327,0.23932869732379913,0.5423882007598877,0.14144399762153625,2096,0.43610095977783203,4.7604827880859375,0.0176262054592371,4292608,5554,2096,131,-42.773613,0.005946943460730836,0.00033942603331524877,0.00561017245054245,-54.1659,0.004256908375828062,-0.0018063877207168844,0.07757516726851463,,,0.95,0.9,n2c,1.7026262603556863,1.4633807871684186,0.7369470521442688,0.0,-49.761105,2218.212945294418,-42.773613
27,1784866113.003427,,5.28,,5.28,,4.799999999999999,,4.799999999999999,,7.200000000000002,,7.200000000000002,,1.9800000000000002,,1.9800000000000002,,2.759999999999999,,2.759999999999999,,4.976039321394637,,4.6829658704809844,,6.6823151130229235,,1.9509231094270945,,2.564848644658923,0.047360680997371674,-0.008694841410033405,0.0035666343792399857,1.5708359889686108,0.605366051197052,0.7641445398330688,0.5600898265838623,0.03664911538362503,0.10990913957357407,0.4823274314403534,0.1305387169122696,2176,0.49746546149253845,4.171418190002441,0.04003498703241348,4456448,5724,2176,136,-38.859188,0.006922975959605537,0.0008015075291041285,-0.1828732625581324,-70.17721,0.013389210557215847,-6.467462662840262e-06,-0.060498159378767014,,,0.95,0.9,n2c,1.8209327011451066,1.6739137152688692,0.8122300344890119,0.0,-51.467968,2170.4585709119733,-38.859188
28,1784866187.86793,,5.28,,5.28,,4.799999999999999,,4.799999999999999,,7.200000000000002,,7.200000000000002,,1.9800000000000002,,1.9800000000000002,,2.759999999999999,,2.759999999999999,,5.270219079684466,,4.427328792400658,,6.812047931365669,,1.8228795141912997,,2.678075529402122,0.07722675055265427,-0.0019041606574319303,0.00420969109836733,1.5766349360346794,0.44178590178489685,0.901878297328949,0.3352472484111786,0.20042140781879425,0.23390232026576996,0.5962711572647095,0.11471734941005707,2256,0.501809298992157,4.2021098136901855,0.02413589134812355,4620288,5887,2256,141,-25.528324,0.004946522951649967,-0.00026437832711962984,-0.36214982736855744,-42.86553,0.0035780325917585286,0.00042374255463073496,-0.24969478733837605,,,0.95,0.9,n2c,1.8379640076224433,1.8401266975880453,0.5472611562418865,0.0,-50.333263,2188.4883860893315,-25.528324
29,1784866263.0732949,,5.28,,5.28,,4.799999999999999,,4.799999999999999,,7.200000000000002,,7.200000000000002,,1.9800000000000002,,1.9800000000000002,,2.759999999999999,,2.759999999999999,,5.811916534788907,,5.027767697349191,,7.581464474089444,,2.153111848514527,,3.0164778199978173,0.047170426696538925,0.0008876825158949941,0.0044936988942936296,1.5825639925897121,0.20505863428115845,0.9132625460624695,0.11686096340417862,0.03228021785616875,0.12289873510599136,0.49735385179519653,0.09508147835731506,2336,0.5105989575386047,4.718147277832031,0.012061817571520805,4784128,6049,2336,146,-29.641891,0.004766290427505737,0.00034544931040727536,-0.4634323755279183,-37.841408,0.0031595600601576736,-6.980130856391043e-05,-0.417066784016788,,,0.95,0.9,n2c,1.9043076505187748,2.0773151975822626,0.7408469750756578,0.0,-49.127037,2178.5667621473567,-29.641891
30,1784866338.2614834,,5.28,,5.28,,4.799999999999999,,4.799999999999999,,7.200000000000002,,7.200000000000002,,1.9800000000000002,,1.9800000000000002,,2.759999999999999,,2.759999999999999,,5.199729978805408,,4.529003267642111,,6.996332963812165,,2.011564544518478,,2.6086854905588552,0.020661186426877975,-0.007662876698304899,0.0012629793413907464,1.5824043229222298,0.20966191589832306,0.7867740392684937,0.12687787413597107,0.36997145414352417,0.07055985927581787,0.3813932538032532,0.0887475237250328,2416,0.5062110424041748,4.2690629959106445,0.013073932379484177,4947968,6211,2416,151,-21.396027,0.0035598766422481275,0.000863125997420866,-0.6313581131398678,-29.263367,0.003341582878783811,0.0010326725270715543,-0.5643630638718605,,,0.95,0.9,n2c,2.050992274974613,2.088691008956334,0.5240966119678342,0.0,-49.249382,2179.066013588997,-21.396027
31,1784866414.203403,,5.28,,5.28,,4.799999999999999,,4.799999999999999,,7.200000000000002,,7.200000000000002,,1.9800000000000002,,1.9800000000000002,,2.759999999999999,,2.759999999999999,,5.311794252600521,,4.790976222604513,,7.669296266045421,,1.9652500996016897,,2.872275821864605,0.04859378933906555,-0.0092043618678872,0.0031679312724008923,1.5889809131622314,0.27529457211494446,0.7800170183181763,0.19784483313560486,-0.021041177213191986,0.1230873316526413,0.44802093505859375,0.08708731830120087,2496,0.4957577586174011,4.521918296813965,0.0202910415828228,5111808,6372,2496,156,-19.132973,0.0037071074759296605,0.0019197682180674747,-0.7704197719693184,-43.63192,0.0048593022940622175,-0.0005123666574945674,-0.7478967674076558,,,0.95,0.9,n2c,2.118339307931067,1.8854722779155395,0.8005212033885486,0.0,-50.554222,2157.438822690925,-19.132973
32,1784866487.7349598,,5.28,,5.28,,4.799999999999999,,4.799999999999999,,7.200000000000002,,7.200000000000002,,1.9800000000000002,,1.9800000000000002,,2.759999999999999,,2.759999999999999,,4.876410059630871,,4.122977407649159,,6.668340078322217,,1.6671972307376564,,2.4314828830683837,0.039092354476451874,-0.0046690532471984625,0.015692484776081983,1.5898372605443,0.7128995656967163,0.7993513345718384,0.6934962868690491,-0.38904744386672974,0.09047123789787292,0.46666795015335083,0.0846109390258789,2576,0.3411087393760681,3.9532814025878906,0.02643001638352871,5275648,6534,2576,161,-17.991678,0.004450592957437038,0.0029023564886301754,-0.904178287088871,-53.891712,0.018902777176117526,0.0005979780529742129,-0.8688006423413753,,,0.95,0.9,n2c,2.1692869128612147,1.8608037269978488,0.7959197907803761,0.0,-47.91667,2228.1577875089533,-17.991678
33,1784866563.2489033,,5.28,,5.28,,4.799999999999999,,4.799999999999999,,7.200000000000002,,7.200000000000002,,1.9800000000000002,,1.9800000000000002,,2.759999999999999,,2.759999999999999,,5.514981808140874,,5.102685316931456,,7.615284059196711,,2.077294961316511,,2.9548204324091785,0.028744161128997803,0.000464233395177871,0.0024158982987501076,1.5998470932245255,0.2158602774143219,0.8007454872131348,0.13777944445610046,0.23919758200645447,0.0717727541923523,0.4156349301338196,0.08222255110740662,2656,0.5216140747070312,4.653012752532959,0.014198404736816883,5439488,6699,2656,166,-30.783276,0.004597756678413134,0.0013950466018286534,-1.032411352545023,-38.729454,0.003447087537642801,0.0008033111313125119,-0.9725177172571421,,,0.95,0.9,n2c,2.130473249709042,2.3731888992294494,0.7140147788708768,0.0,-43.76181,2169.6664247853873,-30.783276
34,1784866638.155533,,5.28,,5.28,,4.799999999999999,,4.799999999999999,,7.200000000000002,,7.200000000000002,,1.9800000000000002,,1.9800000000000002,,2.759999999999999,,2.759999999999999,,5.650742625759449,,4.976577811816242,,7.654696462675929,,2.1423123413696885,,2.915589055046439,0.0819486454129219,-0.0016677691310178488,0.1264151712821331,1.609816536307335,0.32497620582580566,0.8958340287208557,0.2422148734331131,-0.0241581778973341,0.2619180381298065,0.44133174419403076,0.08335469663143158,2736,0.48887497186660767,4.667983531951904,0.02270512655377388,5603328,6859,2736,171,-29.066498,0.004680277728766669,0.0018130704906070606,-1.1882681652903557,-33.28259,0.005289059840288246,0.0015361368627054618,-1.134641145169735,,,0.95,0.9,n2c,2.214173967117816,2.119571242425199,1.7342690355147234,0.0,-35.00428,2187.255925600462,-29.066498
35,1784866710.9554493,,5.28,,5.28,,4.799999999999999,,4.799999999999999,,7.200000000000002,,7.200000000000002,,1.9800000000000002,,1.9800000000000002,,2.759999999999999,,2.759999999999999,,5.462843666318804,,4.936023234506138,,7.312612001784146,,1.9802461387589574,,2.890786995587405,0.09059401601552963,-0.0069659341534134,0.016235317576501984,1.6225028783082962,0.18180018663406372,0.7386983036994934,0.11268377304077148,0.35625961422920227,0.23766499757766724,0.40691468119621277,0.07807017117738724,2816,0.5645257234573364,4.516502380371094,0.011128046549856663,5767168,7019,2816,176,-15.374743,0.0029950037212984172,0.0035183222862542607,-1.3235187381505966,-33.249718,0.00266514882168849,0.0011489862998132593,-1.2710764043033123,,,0.95,0.9,n2c,2.622138588104323,2.5885641962092203,0.748820192801707,0.0,-42.53175,2250.551782590702,-15.374743
36,1784866784.1502254,,5.28,,5.28,,4.799999999999999,,4.799999999999999,,7.200000000000002,,7.200000000000002,,1.9800000000000002,,1.9800000000000002,,2.759999999999999,,2.759999999999999,,5.454809054732323,,4.852153362706304,,6.991983049316332,,2.0262614116072655,,2.809255954809487,0.032574363052845,0.0008144793391693383,0.04262595629552379,1.6216257438063622,0.6994195580482483,0.7980051040649414,0.6530233025550842,0.3767160177230835,0.08058033883571625,0.4439338743686676,0.07381033152341843,2896,0.5278860926628113,4.4268927574157715,0.0232663843780756,5931008,7179,2896,181,-19.792097,0.005140262164786691,0.00351152631919831,-1.5007976070046425,-50.181618,0.005549286698806099,0.0021290181975928135,-1.3938813135027885,,,0.95,0.9,n2c,2.493257436936939,2.4449213496968065,1.1180207963083166,0.0,-47.586296,2238.411170880689,-19.792097
37,1784866858.2265675,,5.28,,5.28,,4.799999999999999,,4.799999999999999,,7.200000000000002,,7.200000000000002,,1.9800000000000002,,1.9800000000000002,,2.759999999999999,,2.759999999999999,,5.869800190674141,,5.474313464015722,,7.722066071117297,,2.0455844369716942,,2.979364331346005,0.05110100656747818,0.0005110675847390667,0.04473876791598741,1.6260090321302414,0.15994013845920563,0.8280119895935059,0.1107340008020401,-0.06287001818418503,0.1533699333667755,0.3962388336658478,0.07102403044700623,2976,0.4410998821258545,4.818225860595703,0.011273830197751522,6094848,7344,2976,186,-40.031303,0.012792577021173202,0.0017824369249865412,-1.5580877520143985,-34.8226,0.0029688329297641756,0.0016532799825654365,-1.5287792183458806,,,0.95,0.9,n2c,2.1970903577585448,2.6539773775366577,1.283858363367576,0.0,-22.087456,2211.772102363396,-40.031303
38,1784866933.2838778,,5.28,,5.28,,4.799999999999999,,4.799999999999999,,7.200000000000002,,7.200000000000002,,1.9800000000000002,,1.9800000000000002,,2.759999999999999,,2.759999999999999,,4.869218855688814,,4.625677529722452,,6.8271050802432,,1.7307146731764078,,2.5619930694811046,0.1419297456741333,0.0008901128894649446,0.015430188999744132,1.642761193215847,0.5855169892311096,0.8122550249099731,0.5287355184555054,-0.08865319192409515,0.3523615002632141,0.4664527177810669,0.07257874310016632,3056,0.43937650322914124,4.122941970825195,0.025298452004790306,6258688,7504,3056,191,-12.588385,0.004382255429663928,0.0034906194712675644,-1.6566220551729203,-43.76581,0.009330880607012659,0.00151850519614527,-1.6331945404410362,,,0.95,0.9,n2c,2.799395131806164,2.248394088649357,0.7424482578753395,0.0,-51.10532,2182.867022117028,-12.588385
39,1784867005.9954576,,5.28,,5.28,,4.799999999999999,,4.799999999999999,,7.200000000000002,,7.200000000000002,,1.9800000000000002,,1.9800000000000002,,2.759999999999999,,2.759999999999999,,5.165045229252428,,4.823410679586232,,7.374191077426076,,2.0249767003115267,,2.687286457105074,0.05135706067085266,-0.008969717164291069,0.013270148614537902,1.647354580461979,0.31232431530952454,0.7397966980934143,0.27956101298332214,0.3520759046077728,0.13940517604351044,0.3628406524658203,0.0728035420179367,3136,0.5512244701385498,4.414982318878174,0.010502052493393421,6422528,7676,3136,196,-34.806187,0.011804165359353646,0.000806665544223506,-1.7140932962298394,-40.833878,0.0032463754148921,0.0003571992783690803,-1.6921547152101994,,,0.95,0.9,n2c,2.408235047743511,2.4654780191714885,0.6926869569389685,0.0,-45.514008,2253.2843282537237,-34.806187
40,1784867080.8209991,,5.28,,5.28,,4.799999999999999,,4.799999999999999,,7.200000000000002,,7.200000000000002,,1.9800000000000002,,1.9800000000000002,,2.759999999999999,,2.759999999999999,,5.8757804511114955,,5.450333198532462,,7.687526606954634,,2.2876314212335274,,2.8935932716121897,0.019758431240916252,-0.0074476891895756125,0.002392005083947879,1.6558449938893318,0.23354703187942505,0.8637037873268127,0.17934107780456543,-0.002398143522441387,0.0688212513923645,0.41917872428894043,0.07580053806304932,3216,0.43062472343444824,4.838972568511963,0.00981525145471096,6586368,7837,3216,201,-26.840128,0.007948448054958136,0.001151433207996888,-1.7892939172685147,-22.273586,0.004344588984531583,0.001828485092119081,-1.781854409724474,,,0.95,0.9,n2c,2.114546940310594,2.611169791781778,0.8575169397743343,0.0,-52.10898,2189.626878704423,-26.840128
41,1784867156.2612154,,5.28,,5.28,,4.799999999999999,,4.799999999999999,,7.200000000000002,,7.200000000000002,,1.9800000000000002,,1.9800000000000002,,2.759999999999999,,2.759999999999999,,5.7178134098649025,,5.384305741637945,,7.734417070634663,,2.3129156874492764,,3.027987537672743,0.09258512407541275,-3.858396667055786e-06,0.019058832418522798,1.6632655411958694,0.5253775119781494,0.9225459098815918,0.4534521996974945,-0.4569335877895355,0.27958494424819946,0.463003545999527,0.07146954536437988,3296,0.4824487268924713,4.835488319396973,0.01334431953728199,6750208,7998,3296,206,-33.169067,0.008118404165725224,0.0035183891843189484,-1.8537998512387275,-38.63312,0.006434700282261474,0.0015439116265042684,-1.8591333724558354,,,0.95,0.9,n2c,2.637557730613807,2.041549747817423,0.7619248901511384,0.0,-39.486286,2171.7856122729336,-33.169067
42,1784867229.128611,,5.28,,5.28,,4.799999999999999,,4.799999999999999,,7.200000000000002,,7.200000000000002,,1.9800000000000002,,1.9800000000000002,,2.759999999999999,,2.759999999999999,,5.070182088762522,,4.3360661279875785,,6.738039038726129,,1.7822752827778459,,2.4944262422723114,0.07433798909187317,-0.0034097365642082877,0.017872123935376294,1.6807403564453125,0.8255065679550171,0.7807992696762085,0.7425610423088074,-0.30088818073272705,0.1932678371667862,0.4639337658882141,0.06478430330753326,3376,0.5250521898269653,4.084197998046875,0.021067403256893158,6914048,8163,3376,211,-26.158173,0.00931180356128607,0.002371108675288269,-1.87896111831069,-36.32218,0.006472068688890431,0.002970114813069813,-1.9008127301931381,,,0.95,0.9,n2c,2.3890786343270136,2.7596586540558725,0.8751225643144143,0.0,-54.273163,2248.4683349713423,-26.158173
43,1784867302.993186,,5.28,,5.28,,4.799999999999999,,4.799999999999999,,7.200000000000002,,7.200000000000002,,1.9800000000000002,,1.9800000000000002,,2.759999999999999,,2.759999999999999,,5.4251725459471345,,5.040545311756432,,7.232276742812246,,2.0077578363998327,,2.9457381232641637,0.07147469371557236,-0.0004950151196680963,0.003368574438354699,1.699922725558281,0.28397732973098755,0.8139030933380127,0.2665768563747406,0.10593637824058533,0.18086083233356476,0.3371664881706238,0.05847170203924179,3456,0.569444477558136,4.530298233032227,0.016002969816327095,7077888,8329,3456,216,-10.7712755,0.003666795455501415,0.0029132074894732797,-1.9472867406904697,-32.12239,0.0034765563897963146,-7.912261935416609e-05,-1.898337734490633,,,0.95,0.9,n2c,2.832445404079791,2.579411221244837,0.554181562438201,0.0,-31.462671,2218.1129398357975,-10.7712755
44,1784867376.2122452,,5.28,,5.28,,4.799999999999999,,4.799999999999999,,7.200000000000002,,7.200000000000002,,1.9800000000000002,,1.9800000000000002,,2.759999999999999,,2.759999999999999,,5.125100334640592,,4.766599056776613,,7.355468182358891,,2.0263599005993456,,2.654346231051022,0.07630183547735214,-0.0002953438670374453,0.007709056113526458,1.7109930962324142,0.193150594830513,0.7909748554229736,0.16923359036445618,-0.018518608063459396,0.20025265216827393,0.4589819610118866,0.06341990828514099,3536,0.5436122417449951,4.385574817657471,0.01113938633352518,7241728,8494,3536,221,-25.530231,0.008380098955240101,0.0010134982367162593,-2.023117558658123,-49.743,0.0021654692449374125,0.002598284091800451,-1.9925400018692017,,,0.95,0.9,n2c,2.4944652908280793,3.2075702705862073,0.504614473009916,0.0,-60.750866,2237.6698814953716,-25.530231
45,1784867449.3041558,,5.28,,5.28,,4.799999999999999,,4.799999999999999,,7.200000000000002,,7.200000000000002,,1.9800000000000002,,1.9800000000000002,,2.759999999999999,,2.759999999999999,,5.310186298564076,,4.586315676569939,,7.207315565086901,,2.065773392096162,,2.786935369600542,0.057323113083839417,-0.005464507092256099,0.004569011154671898,1.7179840132594109,0.2884431481361389,0.8179918527603149,0.24749726057052612,0.16976767778396606,0.14442363381385803,0.3439788818359375,0.05188669264316559,3616,0.5975450277328491,4.391304969787598,0.013647518120706081,7405568,8661,3616,226,-8.051723,0.007392631215043366,0.00390884918597294,-2.081393617391586,-34.980984,0.006224249480146682,0.001861140395340044,-2.0374153807759283,,,0.95,0.9,n2c,2.6841833348217556,2.443111789452483,0.487089254289145,0.0,-43.378395,2241.5602527591564,-8.051723
46,1784867523.8535895,,5.28,,5.28,,4.799999999999999,,4.799999999999999,,7.200000000000002,,7.200000000000002,,1.9800000000000002,,1.9800000000000002,,2.759999999999999,,2.759999999999999,,4.85537467058748,,4.92808159859851,,6.710431178798898,,1.8420566970016807,,2.583114392007701,0.09085221588611603,-0.0009992375271394849,0.005093289466458373,1.7263093143701553,0.5195977091789246,0.7835037112236023,0.44446033239364624,0.17198312282562256,0.2232072502374649,0.4742555320262909,0.0580596849322319,3696,0.5375281572341919,4.183811187744141,0.027364205569028854,7569408,8826,3696,231,-9.232463,0.005031865030468907,0.004076376123703085,-2.142510859668255,-52.941364,0.022795451042475177,0.0031390087940962987,-2.095949482917786,,,0.95,0.9,n2c,2.8619402580279356,2.757071986176636,0.6675601440442883,0.0,-30.9956,2197.7364550071475,-9.232463
47,1784867596.5956552,,5.28,,5.28,,4.799999999999999,,4.799999999999999,,7.200000000000002,,7.200000000000002,,1.9800000000000002,,1.9800000000000002,,2.759999999999999,,2.759999999999999,,5.078387932851911,,4.533211880596355,,6.701233066152781,,1.9487384848762304,,2.7117266762361396,0.17712612450122833,-0.0001343481708317995,0.015069274842971936,1.7378434762358665,0.18707330524921417,0.7370554804801941,0.13807131350040436,-0.09086586534976959,0.43718016147613525,0.44870513677597046,0.05470772087574005,3776,0.5124456286430359,4.194659233093262,0.01513663213700056,7733248,8987,3776,236,-17.805677,0.007267688005231321,0.002982757114295964,-2.173654502630234,-38.991695,0.004809900650434429,0.002634803585533518,-2.145855335891247,,,0.95,0.9,n2c,2.8458960193950382,2.866876815806507,0.5373877125979085,0.0,-39.724327,2252.342858378327,-17.805677
48,1784867668.7800806,,5.28,,5.28,,4.799999999999999,,4.799999999999999,,7.200000000000002,,7.200000000000002,,1.9800000000000002,,1.9800000000000002,,2.759999999999999,,2.759999999999999,,5.279123429674655,,4.967742110136896,,7.136704589938745,,1.9507205414120108,,2.9841237264918163,0.1547069400548935,-0.008921057276893407,0.024770960968453437,1.751919649541378,0.12066720426082611,0.7328037619590759,0.0741703137755394,-0.2695721387863159,0.41161859035491943,0.3839249312877655,0.051059141755104065,3856,0.5940617322921753,4.463682651519775,0.01630975306034088,7897088,9147,3856,241,-17.066086,0.0044213503650098575,0.0035909341866499746,-2.2319894641637803,-30.074057,0.003302826028811978,0.0018487877532606944,-2.2344484716653823,,,0.95,0.9,n2c,2.9748849628122604,2.969976124563945,0.5598092316570968,0.0,-13.565092,2269.740572165646,-17.066086
49,1784867741.612313,,5.28,,5.28,,4.799999999999999,,4.799999999999999,,7.200000000000002,,7.200000000000002,,1.9800000000000002,,1.9800000000000002,,2.759999999999999,,2.759999999999999,,5.562157437001588,,5.198760184459388,,7.7392834486672655,,2.218925626948476,,3.0857621948234737,0.07073766738176346,-0.011088108702097088,0.026098144095158204,1.7510102316737175,0.12083745002746582,0.7669363021850586,0.08396174013614655,0.45401066541671753,0.18094585835933685,0.39320021867752075,0.05118006467819214,3936,0.500420093536377,4.7609782218933105,0.013229102827608585,8060928,9309,3936,246,-10.063975,0.005823345958197024,0.003029364999383688,-2.2293890535831453,-29.038685,0.0035542119927413295,0.0038758237235015256,-2.2665528073906898,,,0.95,0.9,n2c,2.8430648174898585,3.2516849282923177,0.8004096805032646,0.0,-27.598703,2249.553537044946,-10.063975
50,1784867814.0185869,,5.28,,5.28,,4.799999999999999,,4.799999999999999,,7.200000000000002,,7.200000000000002,,1.9800000000000002,,1.9800000000000002,,2.759999999999999,,2.759999999999999,,5.39937880425714,,4.973290921188891,,7.2552088589873165,,2.081977099413052,,2.8862144933082163,0.07386042922735214,-0.021935864817351103,0.005186813465115847,1.7488514930009842,0.2531062066555023,0.7543979287147522,0.1868864893913269,0.15945062041282654,0.1974160075187683,0.42875242233276367,0.05443401262164116,4016,0.6080636978149414,4.519214153289795,0.013801490887999535,8224768,9469,4016,251,-7.233676,0.003305666978849331,0.0031211994399200195,-2.2929204657673834,-37.951088,0.003169766362407245,0.001602270553848939,-2.322843722999096,,,0.95,0.9,n2c,3.0168712606709587,2.878523865178084,0.622161798645178,0.0,-27.750849,2262.7875498044446,-7.233676
51,1784867887.2092805,,5.28,,5.28,,4.799999999999999,,4.799999999999999,,7.200000000000002,,7.200000000000002,,1.9800000000000002,,1.9800000000000002,,2.759999999999999,,2.759999999999999,,5.4046088652685285,,4.814919406548142,,7.227238381747156,,2.1452261164668016,,2.842523521161638,0.12963657081127167,-0.027112751911772648,0.0102357962023234,1.7555797472596169,0.12968657910823822,0.8676072955131531,0.09759460389614105,-0.22727806866168976,0.3147072494029999,0.40506425499916077,0.0513642355799675,4096,0.5341023206710815,4.486903190612793,0.007627894636243582,8388608,9629,4096,256,-14.770935,0.005159950639790622,0.002342413237784058,-2.377755603194237,-22.897884,0.005021743547695223,0.001954283628583653,-2.3324263781309127,,,0.95,0.9,n2c,2.3840923485386813,2.350691281803912,0.4453594448098266,0.0,-58.63076,2238.535677031749,-14.770935
52,1784867961.2029195,,5.28,,5.28,,4.799999999999999,,4.799999999999999,,7.200000000000002,,7.200000000000002,,1.9800000000000002,,1.9800000000000002,,2.759999999999999,,2.759999999999999,,5.210267056943849,,4.874578615650535,,7.381848581600934,,1.9801528954412788,,2.8670187703100964,0.15875591337680817,-0.00019826016068691388,0.03546419092162978,1.7614487409591675,0.2547675669193268,0.721388578414917,0.1976214498281479,-0.111581951379776,0.44986799359321594,0.42733293771743774,0.04878842458128929,4176,0.5820265412330627,4.462773323059082,0.01670917496085167,8552448,9791,4176,261,-29.812159,0.008082876082335133,0.0034728300044662317,-2.4426206186413766,-32.995975,0.007205716344469692,0.0040045922702120155,-2.4089718103408813,,,0.95,0.9,n2c,2.8671076377103,2.644016704831287,0.7299297221831833,0.0,-15.498713,2214.244427399389,-29.812159
53,1784868033.871848,,5.28,,5.28,,4.799999999999999,,4.799999999999999,,7.200000000000002,,7.200000000000002,,1.9800000000000002,,1.9800000000000002,,2.759999999999999,,2.759999999999999,,5.371944270096719,,4.640259712003171,,7.19140807678923,,1.9721683003590442,,2.911037997342646,0.08681789040565491,-0.0005645743804052472,0.007582278049085289,1.7656295374035835,0.3218507170677185,0.7548140287399292,0.31312644481658936,-0.1499108523130417,0.2232709676027298,0.3325667977333069,0.0410313755273819,4256,0.5823858380317688,4.41736364364624,0.01665673404932022,8716288,9953,4256,266,-6.942176,0.00784522016037954,0.0005965074880805333,-2.4934879049658774,-22.78035,0.009025790683517698,0.0020959430941729805,-2.47212475836277,,,0.95,0.9,n2c,2.467179940097421,2.556106149646132,0.6007729401994595,0.0,-26.459087,2254.6086654267774,-6.942176
54,1784868107.254027,,5.28,,5.28,,4.799999999999999,,4.799999999999999,,7.200000000000002,,7.200000000000002,,1.9800000000000002,,1.9800000000000002,,2.759999999999999,,2.759999999999999,,5.074308539740741,,4.4857041127979755,,6.973273176699877,,1.8313320633023977,,2.8122912719845767,0.0627891793847084,0.00022704483126290143,0.050708865135675296,1.7713839933276176,0.10741779208183289,0.7285718321800232,0.11446560174226761,-0.16740167140960693,0.19053585827350616,0.3682407736778259,0.04246519133448601,4336,0.5841130018234253,4.235382080078125,0.01531238853931427,8880128,10115,4336,271,-6.682841,0.004462481754308101,0.003451840378693305,-2.535578525066376,-27.977722,0.0030556620928109623,0.0023336079786531625,-2.530926875770092,,,0.95,0.9,n2c,3.055836358700975,3.325604337116262,1.008646299868389,0.0,-15.01272,2232.694881366949,-6.682841
55,1784868180.6084332,,5.28,,5.28,,4.799999999999999,,4.799999999999999,,7.200000000000002,,7.200000000000002,,1.9800000000000002,,1.9800000000000002,,2.759999999999999,,2.759999999999999,,6.059486858546734,,5.272597433067858,,7.572652823291719,,2.38049023039639,,3.079512493684888,0.04108954966068268,-0.013356357696466148,0.01193438613699982,1.7838574908673763,0.08995948731899261,0.7601357102394104,0.07682288438081741,-0.013946473598480225,0.11893664300441742,0.3788978159427643,0.04433847963809967,4416,0.4225369095802307,4.872948169708252,0.008762689307332039,9043968,10275,4416,276,-5.6193547,0.004377021978143603,0.0033598133522900753,-2.633536991477013,-19.960257,0.00264025225842488,0.001997985260095447,-2.6077605739235876,,,0.95,0.9,n2c,3.1862911698389516,3.039316356358456,0.5683306006479237,0.0,-23.684078,2233.5401946942256,-5.6193547
56,1784868250.3431258,,5.28,,5.28,,4.799999999999999,,4.799999999999999,,7.200000000000002,,7.200000000000002,,1.9800000000000002,,1.9800000000000002,,2.759999999999999,,2.759999999999999,,4.783403440378606,,4.653118029698817,,6.995790438726544,,1.6851234384812415,,2.6717922289390117,0.15329745411872864,-0.0012480356090236455,0.026012696005636826,1.8017406798899174,0.3642195761203766,0.7117379903793335,0.30294978618621826,0.35064592957496643,0.3880215287208557,0.4069860577583313,0.048012685030698776,4496,0.5487799048423767,4.157845497131348,0.023772744461894035,9207808,10435,4496,281,-4.7101493,0.007030116509849904,0.002952671486855252,-2.682224379479885,-36.20391,0.0065388387316488664,0.0014591454033507033,-2.66829052567482,,,0.95,0.9,n2c,2.613741388120001,2.6087193523823133,0.5567045047260449,0.0,-48.688026,2349.4756550707066,-4.7101493
57,1784868321.6808295,,5.28,,5.28,,4.799999999999999,,4.799999999999999,,7.200000000000002,,7.200000000000002,,1.9800000000000002,,1.9800000000000002,,2.759999999999999,,2.759999999999999,,5.538382884507882,,5.014737739809789,,7.349639901891351,,2.1080116768207517,,2.7899951233994216,0.09551960229873657,-0.020450846833455216,0.01938996614262578,1.8161637149751186,0.12957896292209625,0.7991141080856323,0.11286360025405884,-0.007791917771100998,0.26980501413345337,0.41623950004577637,0.04518367350101471,4576,0.5673109292984009,4.560153484344482,0.0132466284558177,9371648,10595,4576,286,-14.976743,0.006911921109713148,0.0019243781236582436,-2.7209853708744047,-23.897114,0.004378207672561985,0.004750408903055359,-2.7142374143004417,,,0.95,0.9,n2c,2.988646029762033,3.334962314779722,0.6509294944786597,0.0,-14.9078245,2296.6818393756785,-14.976743
58,1784868395.4325469,,5.28,,5.28,,4.799999999999999,,4.799999999999999,,7.200000000000002,,7.200000000000002,,1.9800000000000002,,1.9800000000000002,,2.759999999999999,,2.759999999999999,,5.410563614219427,,4.848657982423902,,7.123796773375943,,1.9609566375147551,,2.801103600402712,0.08382356911897659,-0.0025835979031398892,0.007218810416816268,1.8226694539189339,0.12099196761846542,0.7510706782341003,0.12652897834777832,0.011823991313576698,0.22031691670417786,0.33707955479621887,0.04335581511259079,4656,0.5642853379249573,4.429015636444092,0.01310556847602129,9535488,10755,4656,291,-14.030889,0.006260519464558456,0.0027095287150586955,-2.746312691271305,-25.577984,0.0037066337106807625,0.003330075429403223,-2.738125903904438,,,0.95,0.9,n2c,2.9567084327084396,3.3708930900890812,0.4375740126166533,0.0,-31.209314,2221.507646302052,-14.030889
59,1784868468.190112,,5.28,,5.28,,4.799999999999999,,4.799999999999999,,7.200000000000002,,7.200000000000002,,1.9800000000000002,,1.9800000000000002,,2.759999999999999,,2.759999999999999,,5.939356220886111,,5.357796230353415,,7.4360240559326485,,2.1840934350620955,,2.9932298089843243,0.1591627597808838,-0.007297875767108053,0.015049856039695442,1.8264711014926434,0.19880296289920807,0.8308402895927429,0.2246585488319397,0.06499017775058746,0.368583619594574,0.3812401294708252,0.04245877265930176,4736,0.4969673752784729,4.782100200653076,0.011428008787333965,9699328,10919,4736,296,-29.398966,0.00828517813642975,0.004285929654724896,-2.7861805230379106,-23.988499,0.0051701849137316454,0.0030178594548488035,-2.7796017110347746,,,0.95,0.9,n2c,3.3729216893529257,3.1442516968071823,0.5318276874742842,0.0,-21.091679,2251.861989573266,-29.398966
60,1784868540.8955984,,5.28,,5.28,,4.799999999999999,,4.799999999999999,,7.200000000000002,,7.200000000000002,,1.9800000000000002,,1.9800000000000002,,2.759999999999999,,2.759999999999999,,5.411644065286964,,4.7455074082827196,,7.156485480256379,,2.019152087159455,,2.8515347968786955,0.18201854825019836,-0.0009372477506985888,0.03972675930708647,1.8356652110815048,0.19750100374221802,0.7373846173286438,0.23669205605983734,-0.28915974497795105,0.4927910268306732,0.40844666957855225,0.048130474984645844,4816,0.6180278062820435,4.436864852905273,0.01261684950441122,9863168,11081,4816,301,-20.477386,0.0060849549307022245,0.0038602837339567486,-2.8290973365306855,-29.578014,0.002311287289558095,0.0016846499755047261,-2.867775672674179,,,0.95,0.9,n2c,3.358505042504538,3.551558949310107,0.5848444458648046,0.0,-4.3383584,2253.4749635648427,-20.477386
61,1784868612.9895694,,5.28,,5.28,,4.799999999999999,,4.799999999999999,,7.200000000000002,,7.200000000000002,,1.9800000000000002,,1.9800000000000002,,2.759999999999999,,2.759999999999999,,5.0779740903526545,,5.009893525391817,,7.164613025961444,,1.988363413605839,,2.753308506682515,0.13895633816719055,-0.0015162016788963228,0.018389191987807862,1.8430883884429932,0.2864154279232025,0.795128583908081,0.22310233116149902,0.2477845549583435,0.35154297947883606,0.5086345672607422,0.046381931751966476,4896,0.6185721158981323,4.398830413818359,0.01781763881444931,10027008,11241,4896,306,-5.2978992,0.004259536309837131,0.005645815245225094,-2.9163588315248488,-28.59588,0.005335113315959461,0.0024402354982157705,-2.917338153719902,,,0.95,0.9,n2c,3.569408100396651,3.329299360209408,0.4069344895896786,0.0,-30.670414,2272.589571287741,-5.2978992
62,1784868683.9478202,,5.28,,5.28,,4.799999999999999,,4.799999999999999,,7.200000000000002,,7.200000000000002,,1.9800000000000002,,1.9800000000000002,,2.759999999999999,,2.759999999999999,,5.75606257095933,,5.440423972555436,,7.840823905542493,,2.1571119835134596,,2.955907652154565,0.10306249558925629,-0.0010052235302282497,0.034176307410234585,1.8461718447506428,0.2841184437274933,0.8353745937347412,0.24268630146980286,-0.07728241384029388,0.3321993350982666,0.4655521810054779,0.04239126294851303,4976,0.4983771741390228,4.830065727233887,0.01130745466798544,10190848,11401,4976,311,-4.0020947,0.004047118414018769,0.005126893347187434,-3.00159617215395,-30.52619,0.004465738864382729,0.0022398945948225446,-2.9354118943214416,,,0.95,0.9,n2c,3.6369350149306725,3.1189187084679206,0.7039027445011817,0.0,-12.982985,2308.963256261995,-4.0020947
63,1784868755.6840568,,5.28,,5.28,,4.799999999999999,,4.799999999999999,,7.200000000000002,,7.200000000000002,,1.9800000000000002,,1.9800000000000002,,2.759999999999999,,2.759999999999999,,5.327403271687217,,5.147463407367468,,7.151220977306366,,2.005371764767915,,2.918000902980566,0.1346501111984253,0.00010766222840175033,0.011068902313127182,1.857768602669239,0.35285618901252747,0.8072114586830139,0.26144132018089294,0.09948255866765976,0.3223249614238739,0.340018093585968,0.03858188912272453,5056,0.6184234619140625,4.509891986846924,0.017234181985259056,10354688,11562,5056,316,-21.100136,0.00515401017255499,0.0043818398247822184,-3.106012360751629,-29.96239,0.006267810890130931,0.003316361720499117,-2.9917590066790583,,,0.95,0.9,n2c,3.381207220374873,3.615428075799504,0.40807170440189955,0.0,-27.003662,2283.922521062893,-21.100136
64,1784868828.6672518,,5.28,,5.28,,4.799999999999999,,4.799999999999999,,7.200000000000002,,7.200000000000002,,1.9800000000000002,,1.9800000000000002,,2.759999999999999,,2.759999999999999,,5.496078858617693,,5.193520690081641,,7.2818822170374915,,2.053368613625935,,3.0694695385172963,0.04522821679711342,-0.002159705269150436,0.001669476388997282,1.8655318357050419,0.28122517466545105,0.785284161567688,0.2139166295528412,0.14670398831367493,0.11813176423311234,0.4549643397331238,0.045001015067100525,5136,0.5470207929611206,4.618864059448242,0.009185286238789558,10518528,11723,5136,321,-19.358515,0.01019108562322799,0.006957820717798313,-3.1720408111810685,-18.180218,0.0031922944930556697,0.004506603572372115,-3.089810511469841,,,0.95,0.9,n2c,3.3259135217765206,4.08472254080081,0.37937248621822856,0.0,-39.505585,2244.900331765106,-19.358515
65,1784868899.7178257,,5.28,,5.28,,4.799999999999999,,4.799999999999999,,7.200000000000002,,7.200000000000002,,1.9800000000000002,,1.9800000000000002,,2.759999999999999,,2.759999999999999,,4.73121033445932,,4.347612351411954,,6.590872631786624,,1.6865683663636446,,2.422926416620612,0.05247095227241516,-0.005967121775029227,0.011210674085305072,1.8694547712802887,0.12394901365041733,0.7520363926887512,0.08279004693031311,0.027098514139652252,0.17322061955928802,0.5460104942321777,0.03610823303461075,5216,0.46024125814437866,3.9558379650115967,0.01518882717937231,10682368,11883,5216,326,-2.1010733,0.004516521486948477,0.003042348827875685,-3.263187536597252,-19.4203,0.0024491356998623814,0.0038128659143694676,-3.1939176842570305,,,0.95,0.9,n2c,3.4733347795898366,4.3442117965967615,0.6322534137368062,0.0,-52.058075,2305.963119235249,-2.1010733
66,1784868969.197067,,5.28,,5.28,,4.799999999999999,,4.799999999999999,,7.200000000000002,,7.200000000000002,,1.9800000000000002,,1.9800000000000002,,2.759999999999999,,2.759999999999999,,5.413319860585034,,4.8933518207632005,,7.391763628926128,,2.004155730130151,,2.791124460287392,0.046705957502126694,-0.0015515541890636086,0.005480685045768041,1.884520273655653,0.3630693852901459,0.8237355947494507,0.3197166323661804,0.12791763246059418,0.12960970401763916,0.48385876417160034,0.04310759902000427,5296,0.5514482855796814,4.498743057250977,0.021173372864723206,10846208,12043,5296,331,-2.130309,0.005097722337814048,0.00419196179282153,-3.3227742671966554,-40.25245,0.008177530733519234,0.0018810295492585282,-3.301764667034149,,,0.95,0.9,n2c,3.8102942765109282,2.9355160359096524,0.45746491644598325,0.0,-53.187702,2358.1142867067806,-2.130309
67,1784869038.703935,,5.28,,5.28,,4.799999999999999,,4.799999999999999,,7.200000000000002,,7.200000000000002,,1.9800000000000002,,1.9800000000000002,,2.759999999999999,,2.759999999999999,,5.493702397216111,,5.179559527547099,,7.413237135857344,,2.116027628071606,,2.8021252332255244,0.06157614290714264,-0.014890121223288588,0.0040923255000961944,1.8905299864709377,0.2991972863674164,0.7901155352592468,0.20051532983779907,-0.23855653405189514,0.16668303310871124,0.4894613027572632,0.03993823006749153,5376,0.5344964265823364,4.600930690765381,0.02002594992518425,11010048,12208,5376,336,-25.792316,0.00977449118217919,0.0037894184089964254,-3.3050136879086494,-20.092327,0.005158230110828299,0.005447956331772729,-3.3387717634439467,,,0.95,0.9,n2c,3.256074417565695,4.133253627177058,0.39607549915062845,0.0,-49.899506,2357.1772334345333,-25.792316
68,1784869108.6399314,,5.28,,5.28,,4.799999999999999,,4.799999999999999,,7.200000000000002,,7.200000000000002,,1.9800000000000002,,1.9800000000000002,,2.759999999999999,,2.759999999999999,,5.101947190167266,,4.438130644150078,,6.767862129956484,,1.69220227439655,,2.5203821174800396,0.05962657183408737,-0.002111518602760043,0.019389622517337557,1.8980692103505135,0.5046001076698303,0.6975723505020142,0.25659555196762085,0.28512683510780334,0.1587573140859604,0.5555976033210754,0.0486413948237896,5456,0.5417629480361938,4.104104518890381,0.02053878828883171,11173888,12369,5456,341,-10.986195,0.008595126365253235,0.002764540917269187,-3.3156556874513625,-50.500687,0.010119274887256325,0.0049396934191463515,-3.3427441895008085,,,0.95,0.9,n2c,3.629593541324123,3.793446950292386,0.6454605948309944,0.0,-28.556665,2342.7137857102152,-10.986195
69,1784869177.383114,,5.28,,5.28,,4.799999999999999,,4.799999999999999,,7.200000000000002,,7.200000000000002,,1.9800000000000002,,1.9800000000000002,,2.759999999999999,,2.759999999999999,,5.254277930594981,,5.168257484212518,,7.28113551158458,,1.8255340959876776,,2.9423657641746104,0.10486655682325363,-0.013294099782797275,0.0034420067895553075,1.9019455276429653,0.2022806853055954,0.8629130721092224,0.1537543088197708,0.0301703792065382,0.23590612411499023,0.5313537120819092,0.042263489216566086,5536,0.5908005833625793,4.494313716888428,0.01668751798570156,11337728,12533,5536,346,-23.200302,0.017831376410322265,0.0013293533062096684,-3.315956175327301,-25.299147,0.004500569895026274,0.00427685094618937,-3.3424105152487753,,,0.95,0.9,n2c,2.9487124156323956,4.353221590192155,0.4589274073864883,0.0,-51.186832,2383.3631438986836,-23.200302
70,1784869246.4604902,,5.28,,5.28,,4.799999999999999,,4.799999999999999,,7.200000000000002,,7.200000000000002,,1.9800000000000002,,1.9800000000000002,,2.759999999999999,,2.759999999999999,,4.937471644370817,,4.434321247506887,,7.132026483268419,,1.8655725456774235,,2.8860216750763357,0.08536992222070694,-0.0004930714785587043,0.011485018345410936,1.89785310998559,0.3130152225494385,0.805933952331543,0.1956668645143509,-0.16522714495658875,0.23501227796077728,0.4437987804412842,0.039657048881053925,5616,0.5545487403869629,4.251082420349121,0.01854761317372322,11501568,12707,5616,351,-61.47274,0.022298915759893134,0.004698186354653444,-3.2729374945163725,-21.430035,0.00542717454227386,0.004345192841719836,-3.3257263854146,,,0.95,0.9,n2c,3.5651831987081444,3.597523159317595,0.46293054945385603,0.0,-55.28611,2371.8330094761955,-61.47274
71,1784869315.5085223,,5.28,,5.28,,4.799999999999999,,4.799999999999999,,7.200000000000002,,7.200000000000002,,1.9800000000000002,,1.9800000000000002,,2.759999999999999,,2.759999999999999,,5.65950469794916,,4.9668280861806124,,7.615722450660542,,2.1209974167868495,,2.8780785417184234,0.15821011364459991,3.122114867437631e-05,0.08141418435843661,1.9036151245236397,0.131572425365448,0.8176634907722473,0.11619067937135696,0.30358898639678955,0.3903619050979614,0.4357961416244507,0.037964656949043274,5696,0.61681067943573,4.648226261138916,0.017225641757249832,11665408,12871,5696,356,-12.698329,0.010458470352750738,0.003101287430035882,-3.246620234847069,-30.394825,0.0030592070314014565,0.0030115578032564373,-3.346438232064247,,,0.95,0.9,n2c,3.44269967478741,4.040438187089402,1.1296959667905138,0.0,-28.860905,2372.8409737999273,-12.698329
72,1784869385.3757176,,5.28,,5.28,,4.799999999999999,,4.799999999999999,,7.200000000000002,,7.200000000000002,,1.9800000000000002,,1.9800000000000002,,2.759999999999999,,2.759999999999999,,5.715290682390332,,4.452955576125532,,7.46572320535779,,1.9745587706565857,,2.7291676573222503,0.05602025240659714,-0.00036035492666997015,0.01534056128730299,1.9071355536580086,0.6204034686088562,0.817111611366272,0.47923213243484497,0.1367526650428772,0.16141682863235474,0.4569694399833679,0.029107633978128433,5776,0.6080576777458191,4.467539310455322,0.01667734608054161,11829248,13034,5776,361,-9.048982,0.006823181392246624,0.003210820540698478,-3.225894272327423,-24.53297,0.009311132383299992,0.0033956255872908516,-3.298790307343006,,,0.95,0.9,n2c,3.094234899212589,3.2906895718476443,0.5831011326951909,0.0,-37.34633,2345.020472667405,-9.048982
73,1784869454.888803,,5.28,,5.28,,4.799999999999999,,4.799999999999999,,7.200000000000002,,7.200000000000002,,1.9800000000000002,,1.9800000000000002,,2.759999999999999,,2.759999999999999,,5.843008078634739,,4.9403528643306345,,6.981940353289247,,2.034388600848615,,3.0276360642164946,0.06195461377501488,-0.00629784632474184,0.010280341135512572,1.9065755382180214,0.45124417543411255,0.8286247253417969,0.31670063734054565,0.2077428549528122,0.16482427716255188,0.4770401418209076,0.03130979463458061,5856,0.5963602662086487,4.565464973449707,0.018210288137197495,11993088,13197,5856,366,-1.8121752,0.006828661624604137,0.002855100673332345,-3.2342349976301192,-37.286964,0.0072183649128419345,0.0017022014930262231,-3.230277492105961,,,0.95,0.9,n2c,2.9325275699943845,3.2403666269960256,0.5997120224163777,0.0,-34.68203,2356.966270522426,-1.8121752
74,1784869525.3910415,,5.28,,5.28,,4.799999999999999,,4.799999999999999,,7.200000000000002,,7.200000000000002,,1.9800000000000002,,1.9800000000000002,,2.759999999999999,,2.759999999999999,,4.887140962062404,,4.734174519777298,,7.258301496505737,,1.7210855819284916,,2.7387588643468916,0.13826563954353333,-0.003597671427996829,0.010821193340234458,1.9125137366354465,0.37688228487968445,0.7929724454879761,0.2520999610424042,-0.07709630578756332,0.32152092456817627,0.5571171045303345,0.03250586986541748,5936,0.5855327248573303,4.267892360687256,0.032954759895801544,12156928,13361,5936,371,-25.070078,0.007079433249600697,0.002390559602645226,-3.292085571587086,-52.456654,0.01468091359420214,0.0036655681869888213,-3.240434017777443,,,0.95,0.9,n2c,3.1852762925819906,3.377593342933301,0.47752702404184366,0.0,-42.614704,2323.897860963337,-25.070078
75,1784869595.7766747,,5.28,,5.28,,4.799999999999999,,4.799999999999999,,7.200000000000002,,7.200000000000002,,1.9800000000000002,,1.9800000000000002,,2.759999999999999,,2.759999999999999,,5.266287168022245,,4.594567571301013,,7.387694612843916,,2.00590411684243,,2.671612072561402,0.1028120294213295,-0.006311582823400386,0.015217610063700704,1.8977313302457333,0.27226078510284424,0.7153500318527222,0.2189231961965561,0.09578954428434372,0.28141167759895325,0.47313806414604187,0.02837388589978218,6016,0.6067551374435425,4.3852128982543945,0.022735029458999634,12320768,13530,6016,376,-23.37454,0.011963073929655366,0.0031484889012062924,-3.2915012940764425,-25.484987,0.009114631712145637,0.002338906312797917,-3.2493086472153663,,,0.95,0.9,n2c,3.7137540404317093,3.175632482047425,0.4722415073330915,0.0,-29.145975,2327.7477360066982,-23.37454
76,1784869665.6683714,,5.28,,5.28,,4.799999999999999,,4.799999999999999,,7.200000000000002,,7.200000000000002,,1.9800000000000002,,1.9800000000000002,,2.759999999999999,,2.759999999999999,,5.241440984536894,,4.940016486681998,,6.894475106149912,,2.0567349658813328,,2.809172746085096,0.058860354125499725,-0.01143200978913228,0.009470703233091626,1.8965331390500069,0.19925224781036377,0.7164139747619629,0.16025912761688232,0.18305455148220062,0.15303447842597961,0.49046140909194946,0.028877001255750656,6096,0.6010752320289612,4.388367652893066,0.013392018154263496,12484608,13698,6096,381,-19.917889,0.007316809681651648,0.004230227691004984,-3.2897767767310144,-29.16505,0.004589671424764674,0.0011580328235140768,-3.280291609466076,,,0.95,0.9,n2c,3.101652065942619,3.4693234175396426,0.5698234157330775,0.0,-36.68023,2344.1984668095697,-19.917889
77,1784869734.9271228,,5.28,,5.28,,4.799999999999999,,4.799999999999999,,7.200000000000002,,7.200000000000002,,1.9800000000000002,,1.9800000000000002,,2.759999999999999,,2.759999999999999,,5.060000821016729,,4.456870406400412,,6.988703882321715,,1.9662784319370985,,2.8553531244397163,0.13520219922065735,-0.01536619642865844,0.02172156624146737,1.9036337211728096,0.3030814826488495,0.7652785181999207,0.25490525364875793,-0.4451141357421875,0.34776464104652405,0.5019331574440002,0.034207314252853394,6176,0.6089116334915161,4.265440940856934,0.04202476516366005,12648448,13858,6176,386,-9.564257,0.00527198250638321,0.004344923359167296,-3.334870935976505,-43.618492,0.01060789230541559,0.003257046539511066,-3.318354806303978,,,0.95,0.9,n2c,3.865632205799197,3.7397044974389715,0.5654305409028804,0.0,-44.38372,2365.622204438826,-9.564257
78,1784869806.691067,,5.28,,5.28,,4.799999999999999,,4.799999999999999,,7.200000000000002,,7.200000000000002,,1.9800000000000002,,1.9800000000000002,,2.759999999999999,,2.759999999999999,,4.9108148398809135,,4.650900886801537,,7.107697002124041,,2.0062198487576097,,2.6758971107192338,0.0815337747335434,-0.0022220348109840415,0.006002247922879178,1.904008761048317,0.12673871219158173,0.730721652507782,0.10917255282402039,0.03501276671886444,0.1994360089302063,0.6388083696365356,0.030957302078604698,6256,0.5799165964126587,4.270306587219238,0.01475671399384737,12812288,14021,6256,391,-17.169693,0.00989427432359662,0.0023425299092195927,-3.3895356178283693,-29.059565,0.005062445986550301,0.0022493072363431567,-3.370755562186241,,,0.95,0.9,n2c,3.032305625173497,3.2631485744441036,0.571817033094096,0.0,-11.099329,2283.040381907572,-17.169693
79,1784869878.4439483,,5.28,,5.28,,4.799999999999999,,4.799999999999999,,7.200000000000002,,7.200000000000002,,1.9800000000000002,,1.9800000000000002,,2.759999999999999,,2.759999999999999,,5.357834723778069,,5.319831220433116,,7.59319536597468,,1.9818052588962018,,2.718056656420231,0.12128575891256332,-0.006015603503328748,0.03703299646440428,1.909380629658699,0.1620805859565735,0.7267113924026489,0.1115608736872673,0.24559155106544495,0.4005969166755676,0.46915751695632935,0.03584568202495575,6336,0.5593007206916809,4.594144344329834,0.05148842930793762,12976128,14182,6336,396,-1.5873896,0.005328697006189031,0.0032099317759275436,-3.373047652840614,-28.040768,0.009640670649241656,0.003930192900588736,-3.4097857758402825,,,0.95,0.9,n2c,3.5938009359313923,3.6102675050232045,0.642841890236222,0.0,-24.894909,2283.392248135488,-1.5873896
80,1784869952.8305123,,5.28,,5.28,,4.799999999999999,,4.799999999999999,,7.200000000000002,,7.200000000000002,,1.9800000000000002,,1.9800000000000002,,2.759999999999999,,2.759999999999999,,4.9662809246219695,,4.681374699808657,,7.011486918490846,,1.9035289780440507,,2.7311048922128975,0.11391355097293854,0.00020413193851709366,0.017202143659233116,1.9232887029647827,0.18923091888427734,0.7323712110519409,0.1741320937871933,0.19413498044013977,0.3171570599079132,0.4354798197746277,0.03559649735689163,6416,0.6100450754165649,4.258755207061768,0.023029206320643425,13139968,14344,6416,401,-2.820894,0.004330731671507238,0.0037575068199657835,-3.3924391880631446,-25.109667,0.005338709063653369,0.0010185491206357255,-3.4340723782777784,,,0.95,0.9,n2c,3.895669604976967,3.1012795187060433,0.43694884088335256,0.0,-25.30226,2202.54843224216,-2.820894
81,1784870022.918522,,5.28,,5.28,,4.799999999999999,,4.799999999999999,,7.200000000000002,,7.200000000000002,,1.9800000000000002,,1.9800000000000002,,2.759999999999999,,2.759999999999999,,5.384415277279913,,4.928887907415628,,7.510586709249765,,1.987905922345817,,2.861097499611787,0.13975165784358978,-0.011505218877573498,0.03327239119971637,1.9256353415548801,0.21932528913021088,0.9407722353935242,0.19405432045459747,-0.21218951046466827,0.32452911138534546,0.4301069378852844,0.03409470245242119,6496,0.6178227066993713,4.534578800201416,0.03497439622879028,13303808,14507,6496,406,-20.296347,0.007963124304660596,0.0006750398330041208,-3.4156843826174734,-29.010595,0.006351164606894599,0.0025815784829319455,-3.4703763008117674,,,0.95,0.9,n2c,3.4359458318868947,3.734289235453695,0.8587174908866387,0.0,-26.345097,2337.6323575375864,-20.296347
82,1784870093.968085,,5.28,,5.28,,4.799999999999999,,4.799999999999999,,7.200000000000002,,7.200000000000002,,1.9800000000000002,,1.9800000000000002,,2.759999999999999,,2.759999999999999,,5.511143375188112,,5.04486968513811,,7.375576036050916,,2.002131353947334,,2.873613255098462,0.07505856454372406,-0.0018402985733700916,0.0051301073472131975,1.9340628907084465,0.22620131075382233,0.7348335385322571,0.20087768137454987,-0.7683184742927551,0.2013387680053711,0.4015502333641052,0.026359787210822105,6576,0.6007920503616333,4.561466693878174,0.01268214825540781,13467648,14670,6576,411,-1.8017824,0.004574556768056936,0.0034287997536011972,-3.4105169743299486,-19.476803,0.005350517142505851,0.004671813243476208,-3.4925423160195352,,,0.95,0.9,n2c,3.494677853682634,3.9006741422452853,0.33439024365508097,0.0,-25.455908,2305.9958476571205,-1.8017824
83,1784870163.450908,,5.28,,5.28,,4.799999999999999,,4.799999999999999,,7.200000000000002,,7.200000000000002,,1.9800000000000002,,1.9800000000000002,,2.759999999999999,,2.759999999999999,,5.7110593523830175,,4.776074299123138,,7.206248076516204,,2.0442773452959955,,2.6574911288917065,0.07559669017791748,0.0003038847935386002,0.009179156106256414,1.9440649934113026,0.3060700297355652,0.7677576541900635,0.20289117097854614,-0.001747574657201767,0.201185405254364,0.5321476459503174,0.029282480478286743,6656,0.613576352596283,4.479030132293701,0.01680826209485531,13631488,14831,6656,416,-11.52128,0.004930630491435295,0.004777742877195124,-3.441173480451107,-33.459087,0.006891295294190058,0.0019275678889243864,-3.471708334982395,,,0.95,0.9,n2c,3.732216299725633,3.526047580459724,0.505308455298111,0.0,-40.051403,2357.9939556578947,-11.52128
84,1784870233.8101413,,5.28,,5.28,,4.799999999999999,,4.799999999999999,,7.200000000000002,,7.200000000000002,,1.9800000000000002,,1.9800000000000002,,2.759999999999999,,2.759999999999999,,5.752924497006461,,5.456057161092758,,7.920877769778599,,2.1492471587844193,,3.019628987502074,0.08524683862924576,0.0005647638345180894,0.006990436240812414,1.9546872451901436,0.31731465458869934,0.8195930123329163,0.17986901104450226,-0.1977381408214569,0.24224989116191864,0.5277350544929504,0.0277797132730484,6736,0.48392707109451294,4.859747886657715,0.024567387998104095,13795328,14993,6736,421,-19.101645,0.009106955828610808,0.003945229089003988,-3.4540623486042024,-20.05122,0.0030254071090894284,0.002551704218785744,-3.485503685474396,,,0.95,0.9,n2c,3.858232346653074,4.125581379845321,0.5851796487883322,0.0,-42.965477,2328.619963583314,-19.101645
85,1784870303.772073,,5.28,,5.28,,4.799999999999999,,4.799999999999999,,7.200000000000002,,7.200000000000002,,1.9800000000000002,,1.9800000000000002,,2.759999999999999,,2.759999999999999,,5.229191052727401,,4.620685812085867,,7.023256437852979,,1.8214818919077516,,2.5691869267611764,0.10985306650400162,-0.0012304467527428642,0.008987190158222802,1.9519378244876862,0.2681867480278015,0.6959645748138428,0.17984461784362793,-0.03052649274468422,0.2694711685180664,0.4501854479312897,0.02286093682050705,6816,0.6019987463951111,4.252760410308838,0.027194669470191002,13959168,15158,6816,426,-16.545391,0.008361148294352461,0.002217620555893518,-3.461356024444103,-40.889744,0.011466602953441906,0.0037469482158485334,-3.5151034235954284,,,0.95,0.9,n2c,3.0434138752852666,3.5702342674256613,0.33202003282124876,0.0,-49.766224,2341.8450299171463,-16.545391
86,1784870373.242937,,5.28,,5.28,,4.799999999999999,,4.799999999999999,,7.200000000000002,,7.200000000000002,,1.9800000000000002,,1.9800000000000002,,2.759999999999999,,2.759999999999999,,5.064869728405029,,4.791303995996714,,7.344393456354737,,1.9563522129319608,,2.7385561848059297,0.11856640875339508,-0.006246303906664252,0.041903551638824865,1.9537697806954384,0.14555314183235168,0.7364178895950317,0.12265970557928085,0.7291742563247681,0.40358632802963257,0.510258674621582,0.02499304711818695,6896,0.6273934245109558,4.379095554351807,0.013323069550096989,14123008,15318,6896,431,-0.11015425,0.005171085346955806,0.00253170257419697,-3.4577418491244316,-32.60819,0.004156772944406839,0.002394487759011099,-3.516181080043316,,,0.95,0.9,n2c,3.7402469687220816,3.8112218788990107,0.522943122324068,0.0,-34.35441,2358.3991112669364,-0.11015425
87,1784870442.2042558,,5.28,,5.28,,4.799999999999999,,4.799999999999999,,7.200000000000002,,7.200000000000002,,1.9800000000000002,,1.9800000000000002,,2.759999999999999,,2.759999999999999,,5.458622023463249,,5.286664478480816,,7.744021409191191,,1.979084129910916,,2.760484440717846,0.08052508533000946,-0.009090510815440211,0.006985373984207399,1.9500125125050545,0.19722209870815277,0.7794814705848694,0.1516464352607727,-0.20064283907413483,0.196207657456398,0.4241897463798523,0.023347381502389908,6976,0.6092724204063416,4.645775318145752,0.013945483602583408,14286848,15479,6976,436,-9.995571,0.004939366244070697,0.005435735141509213,-3.4800359681248665,-10.86862,0.004616500911288313,0.005318717350019142,-3.55615960508585,,,0.95,0.9,n2c,4.069250160345241,4.440417481953148,0.5078153469930242,0.0,-37.91647,2375.8242578498334,-9.995571
88,1784870511.9068477,,5.28,,5.28,,4.799999999999999,,4.799999999999999,,7.200000000000002,,7.200000000000002,,1.9800000000000002,,1.9800000000000002,,2.759999999999999,,2.759999999999999,,5.220647042617202,,4.5608528992161155,,7.051592200063169,,1.8250011545605958,,2.565391689306125,0.12001082301139832,0.0002763775883067865,0.015617143260897137,1.951320979744196,0.14942090213298798,0.71333247423172,0.11578267812728882,0.3197261095046997,0.3099980354309082,0.48445436358451843,0.023897796869277954,7056,0.6380537748336792,4.244697093963623,0.011741791851818562,14450688,15640,7056,441,-3.4030647,0.004790742111799773,0.0034912451927084477,-3.5033295840024947,-28.17777,0.005576121566991788,0.0022750698844902217,-3.5551226884126663,,,0.95,0.9,n2c,3.791826705146879,3.0892167497226177,0.4383493313056639,0.0,-39.23946,2350.558296815809,-3.4030647
89,1784870582.974924,,5.28,,5.28,,4.799999999999999,,4.799999999999999,,7.200000000000002,,7.200000000000002,,1.9800000000000002,,1.9800000000000002,,2.759999999999999,,2.759999999999999,,5.74292915686965,,5.157830914948136,,6.9849017697852105,,2.1750935092568398,,2.878299879375845,0.06607981771230698,0.00029886629272368737,0.003028906392501085,1.9534507095813751,0.2149837613105774,0.7813990116119385,0.18345780670642853,0.07606324553489685,0.1699775755405426,0.3789960741996765,0.021137729287147522,7136,0.6006321907043457,4.58781099319458,0.013136414811015129,14614528,15804,7136,446,-10.270402,0.005498383955273312,0.0019324601173138945,-3.5252462729811667,-27.6952,0.009488188062096014,0.003603239040239714,-3.553452952206135,,,0.95,0.9,n2c,3.7820198261252758,3.5588127733081123,0.5413043420343872,0.0,-15.295752,2305.395149174283,-10.270402
90,1784870652.1957066,,5.28,,5.28,,4.799999999999999,,4.799999999999999,,7.200000000000002,,7.200000000000002,,1.9800000000000002,,1.9800000000000002,,2.759999999999999,,2.759999999999999,,4.590484322980046,,4.321985386312008,,6.7800859997514635,,1.6727825058624148,,2.601308833807707,0.06323206424713135,-0.0004750915468321182,0.017871820040454622,1.9605306759476662,0.2624933123588562,0.8147066235542297,0.19576029479503632,-0.12026792764663696,0.1717723160982132,0.41256827116012573,0.020265698432922363,7216,0.5552987456321716,3.9933292865753174,0.02806110307574272,14778368,15974,7216,451,-5.687101,0.00512081999113434,0.00401831240960746,-3.5919706881046296,-26.523464,0.007647952895786148,0.002424170456652064,-3.5497952952980993,,,0.95,0.9,n2c,4.110434589341932,3.853543663442062,0.5855563152435381,0.0,-34.976166,2366.9199543169707,-5.687101
91,1784870721.2520335,,5.28,,5.28,,4.799999999999999,,4.799999999999999,,7.200000000000002,,7.200000000000002,,1.9800000000000002,,1.9800000000000002,,2.759999999999999,,2.759999999999999,,4.875274092890322,,4.994778134627268,,7.082798187620938,,2.0234026024118066,,2.865998368934015,0.09059316664934158,-0.0066717201843857765,0.009495264113866142,1.9666348993778229,0.23783862590789795,0.7508669495582581,0.18983538448810577,0.6081868410110474,0.2569333016872406,0.45109009742736816,0.01994403824210167,7296,0.6045592427253723,4.368450164794922,0.016536220908164978,14942208,16136,7296,456,-10.630548,0.0063488556479569525,0.0023052099786582403,-3.6591094762086867,-26.308527,0.005723133214632981,0.0022255125812080225,-3.5719547241926195,,,0.95,0.9,n2c,3.7637165146384617,3.355100183726573,0.39067114418098653,0.0,-38.71864,2372.555149141107,-10.630548
92,1784870789.9751596,,5.28,,5.28,,4.799999999999999,,4.799999999999999,,7.200000000000002,,7.200000000000002,,1.9800000000000002,,1.9800000000000002,,2.759999999999999,,2.759999999999999,,5.642772817052901,,5.179484583437443,,7.633266987744719,,2.075145101174712,,2.8408630509511568,0.13467606902122498,0.00010861668852157891,0.006724954495439306,1.9673138670623302,0.34331876039505005,0.6712641716003418,0.2260482907295227,-0.05725814402103424,0.3284764587879181,0.4589914083480835,0.02190745435655117,7376,0.6039168834686279,4.674306869506836,0.015469783917069435,15106048,16302,7376,461,-20.08876,0.008303077676100657,0.0029016276792390274,-3.629717117547989,-32.73391,0.008644564874703064,0.0040163634075724985,-3.6043900564312934,,,0.95,0.9,n2c,3.700927302536954,3.8325112929916854,0.3902607290247867,0.0,-32.529858,2384.0592764362214,-20.08876
93,1784870858.4618533,,5.28,,5.28,,4.799999999999999,,4.799999999999999,,7.200000000000002,,7.200000000000002,,1.9800000000000002,,1.9800000000000002,,2.759999999999999,,2.759999999999999,,5.5042998301796615,,4.864348087459803,,6.978301845840178,,1.8511256095953286,,2.6944473115727305,0.12447407096624374,-0.01046311654499732,0.010076434264192358,1.9673617035150528,0.224773570895195,0.7618281245231628,0.1581553816795349,-0.12852363288402557,0.32409581542015076,0.46245691180229187,0.02269328013062477,7456,0.6133407354354858,4.378504753112793,0.017496787011623383,15269888,16470,7456,466,-9.43138,0.007481117355928291,0.0012435691809514538,-3.617769442498684,-38.488148,0.010318212865968235,0.002349518982373411,-3.6210342302918432,,,0.95,0.9,n2c,3.1224712972731754,3.3224639242210685,0.4047098151836093,0.0,-39.834602,2392.2902263708575,-9.43138
94,1784870927.0636528,,5.28,,5.28,,4.799999999999999,,4.799999999999999,,7.200000000000002,,7.200000000000002,,1.9800000000000002,,1.9800000000000002,,2.759999999999999,,2.759999999999999,,4.853455520467833,,4.587370302528143,,7.179655645042658,,1.9306229948997498,,2.650340108666569,0.11784239113330841,-0.003278112882981077,0.029602156253531575,1.970866922289133,0.24139352142810822,0.828244149684906,0.21570119261741638,-0.179870143532753,0.34384673833847046,0.5101965069770813,0.025844674557447433,7536,0.6185883283615112,4.240289211273193,0.026935109868645668,15433728,16633,7536,471,-4.2803297,0.007349581495509483,0.004046439572266536,-3.6107326850295065,-30.26672,0.008327013941016047,0.0012962632164999377,-3.5926155135035516,,,0.95,0.9,n2c,3.8576414139392496,3.8309746531640863,0.7404747336811961,0.0,-46.867207,2388.2748574596335,-4.2803297
95,1784870996.3153145,,5.28,,5.28,,4.799999999999999,,4.799999999999999,,7.200000000000002,,7.200000000000002,,1.9800000000000002,,1.9800000000000002,,2.759999999999999,,2.759999999999999,,5.646728533261921,,5.223019996075891,,7.297368198633194,,2.191737709217705,,2.9550721892155707,0.09490204602479935,-0.004340541840065271,0.026862343336688355,1.9822240769863129,0.3133452236652374,0.8290972113609314,0.2576023042201996,-0.7525585889816284,0.2501162588596344,0.49082714319229126,0.026398684829473495,7616,0.5585055947303772,4.662785530090332,0.04029622673988342,15597568,16802,7616,476,-9.750544,0.011812433385057376,0.004090985322727647,-3.6065027520060537,-39.995438,0.015391958283726127,0.0015519368098466657,-3.623513515293598,,,0.95,0.9,n2c,3.3544470993136515,3.554581208637218,0.6439827022477183,0.0,-41.386654,2365.8637274322764,-9.750544
96,1784871066.137588,,5.28,,5.28,,4.799999999999999,,4.799999999999999,,7.200000000000002,,7.200000000000002,,1.9800000000000002,,1.9800000000000002,,2.759999999999999,,2.759999999999999,,4.837149653583765,,4.415666354354471,,6.485578077845275,,1.7325830947374925,,2.4782687165934476,0.0936659500002861,-0.0033230384287890047,0.008583523434936069,1.9892312362790108,0.3627200722694397,0.7884523868560791,0.27633392810821533,0.1738911271095276,0.2356332391500473,0.5746389627456665,0.023106567561626434,7696,0.5027319192886353,3.989849090576172,0.02678033895790577,15761408,16970,7696,481,-18.32645,0.00996440203016391,0.0030415702873142435,-3.5654487743973733,-34.14985,0.014596160328073893,0.0020316222187830137,-3.575728476047516,,,0.95,0.9,n2c,3.1444801865612106,3.612029233551761,0.46069142447214395,0.0,-50.390648,2346.5292981711946,-18.32645
97,1784871137.023569,,5.28,,5.28,,4.799999999999999,,4.799999999999999,,7.200000000000002,,7.200000000000002,,1.9800000000000002,,1.9800000000000002,,2.759999999999999,,2.759999999999999,,5.568118683062494,,5.101632607897045,,7.147426730953157,,1.9270385003183037,,2.788687599124387,0.07732105255126953,-0.01221409163554199,0.008304503928229678,1.9951758570969105,0.1409393548965454,0.7195594906806946,0.16024479269981384,0.0952099859714508,0.20691564679145813,0.4117439389228821,0.026238832622766495,7776,0.599850058555603,4.506580829620361,0.016673602163791656,15925248,17134,7776,486,-12.579704,0.007192457397468388,0.001728400436695665,-3.5471542462706567,-27.423956,0.004825349411112257,0.002516192459006561,-3.5335240617394446,,,0.95,0.9,n2c,3.6341375099983124,3.7372676555167814,0.48838968234799784,0.0,-26.492481,2311.317219621588,-12.579704
98,1784871205.7751577,,5.28,,5.28,,4.799999999999999,,4.799999999999999,,7.200000000000002,,7.200000000000002,,1.9800000000000002,,1.9800000000000002,,2.759999999999999,,2.759999999999999,,5.417667824309319,,4.787843283265829,,7.3150231569306925,,2.0802158978767693,,2.581571283924859,0.08552881330251694,-0.0011955329218835686,0.007280774108949117,1.9992258995771408,0.26473110914230347,0.7467105388641357,0.16808438301086426,-0.11790753901004791,0.22646412253379822,0.4862474203109741,0.02215300127863884,7856,0.6326830983161926,4.436464786529541,0.013142118230462074,16089088,17298,7856,491,-40.55907,0.010893954249331728,0.003462702123943018,-3.5244252145290376,-31.091867,0.0040096188120514855,0.0011747881828341634,-3.534053844213486,,,0.95,0.9,n2c,3.641929297711557,3.72094497527448,0.3409723992050485,0.0,-45.991524,2383.072190690975,-40.55907
99,1784871272.3778424,,5.28,,5.28,,4.799999999999999,,4.799999999999999,,7.200000000000002,,7.200000000000002,,1.9800000000000002,,1.9800000000000002,,2.759999999999999,,2.759999999999999,,5.003662088885903,,4.614210984436795,,7.176045706961304,,1.8171794274821877,,2.8609254276379943,0.14366114139556885,-0.0008582217997172847,0.02332177571952343,1.9951029606163502,0.23474657535552979,0.7213629484176636,0.15564513206481934,-0.07381687313318253,0.43313175439834595,0.4539855420589447,0.0199597105383873,7936,0.5880919098854065,4.29440450668335,0.015978166833519936,16252928,17462,7936,496,-44.152306,0.016808183921966702,0.0048372179589932784,-3.52419468909502,-24.136103,0.009200333646731451,0.0016160992141522,-3.572919961810112,,,0.95,0.9,n2c,3.6074753264927693,3.449009188675049,0.3714418717255441,0.0,-64.99851,2459.9609254078373,-44.152306
100,1784871340.4798758,,5.28,,5.28,,4.799999999999999,,4.799999999999999,,7.200000000000002,,7.200000000000002,,1.9800000000000002,,1.9800000000000002,,2.759999999999999,,2.759999999999999,,5.21913872892037,,4.501812701229937,,7.255879895412363,,1.9398035896592773,,2.8076754006906413,0.11472930014133453,-0.012676492056925781,0.010997829667758197,2.0124621242284775,0.27813059091567993,0.8487350344657898,0.1962796002626419,0.5405381917953491,0.3114175498485565,0.4995885491371155,0.021140392869710922,8016,0.608539342880249,4.3448615074157715,0.026847848668694496,16416768,17639,8016,501,-23.390245,0.011018428624083754,0.0024735951679758727,-3.5135096833109856,-40.250065,0.014000810212746729,0.0015409722094773316,-3.553953382372856,,,0.95,0.9,n2c,3.6441864254956386,3.3368679829175165,0.4199072084541561,0.0,-54.40567,2405.801950158642,-23.390245
101,1784871410.2246964,,5.28,,5.28,,4.799999999999999,,4.799999999999999,,7.200000000000002,,7.200000000000002,,1.9800000000000002,,1.9800000000000002,,2.759999999999999,,2.759999999999999,,5.403276043012738,,4.8736410066485405,,7.120397460646927,,1.8780604768544436,,2.74744321545586,0.09332551062107086,-0.005964418349321932,0.00488243568179314,2.0210324823856354,0.16946658492088318,0.8581134676933289,0.1696615219116211,0.1844976842403412,0.26950424909591675,0.48442190885543823,0.021525247022509575,8096,0.6015700101852417,4.404563903808594,0.03705413639545441,16580608,17812,8096,506,-25.294958,0.015322428569197655,0.003804751548159402,-3.5308720856904983,-26.560177,0.010231840537744574,0.0021851731100468895,-3.5309581816196443,,,0.95,0.9,n2c,3.96279095811907,3.677302787892849,0.30679171504891833,0.0,-55.316395,2349.1351357722315,-25.294958
102,1784871477.7589726,,5.28,,5.28,,4.799999999999999,,4.799999999999999,,7.200000000000002,,7.200000000000002,,1.9800000000000002,,1.9800000000000002,,2.759999999999999,,2.759999999999999,,5.428584233857691,,4.793782193213701,,6.998238855972886,,2.1257699674461037,,2.8844005677383393,0.15396320819854736,-0.008058453095145524,0.03405184356961399,2.0246840566396713,0.2634879946708679,0.7919164299964905,0.2193400114774704,-0.1896824687719345,0.3783273696899414,0.4619901776313782,0.02332358993589878,8176,0.6179192066192627,4.446154594421387,0.01934388466179371,16744448,17989,8176,511,-37.499798,0.011476616370782722,0.0014442644664086402,-3.568492439389229,-57.404884,0.014347099425503985,0.0015465352684259416,-3.5267026349902153,,,0.95,0.9,n2c,3.547226490237725,3.189561309198303,0.6839185587899228,0.0,-71.96517,2426.0271166389134,-37.499798
103,1784871547.1330009,,5.28,,5.28,,4.799999999999999,,4.799999999999999,,7.200000000000002,,7.200000000000002,,1.9800000000000002,,1.9800000000000002,,2.759999999999999,,2.759999999999999,,5.232246761559509,,4.639677628874779,,7.127624032553285,,2.0757972376886755,,2.836171318544075,0.11305424571037292,-8.289767356473021e-05,0.0070117838913574815,2.0302485898137093,0.41283953189849854,0.7521214485168457,0.25796908140182495,-0.08023196458816528,0.29900771379470825,0.36395198106765747,0.022652925923466682,8192,0.5910760760307312,4.382303237915039,0.06349300593137741,16908288,18198,8256,516,-46.61944,0.014264289030688816,0.002721419093722943,-3.535710056126118,-61.497528,0.029195699212141334,0.002494918167940341,-3.52781899869442,,,0.95,0.9,n2c,3.664754464272214,4.223148433860198,0.3395839811207947,0.0,-37.56028,2361.690758740626,-46.61944
104,1784871615.8275278,,5.28,,5.28,,4.799999999999999,,4.799999999999999,,7.200000000000002,,7.200000000000002,,1.9800000000000002,,1.9800000000000002,,2.759999999999999,,2.759999999999999,,4.585855944082141,,4.424299451522529,,6.978959412313998,,1.8315494528505951,,2.598907141131349,0.09677265584468842,-0.00019493042418616824,0.014686443202663213,2.0306922644376755,0.34584730863571167,0.7302347421646118,0.20556962490081787,-0.08494789898395538,0.2927922308444977,0.38295888900756836,0.023017898201942444,8192,0.5525747537612915,4.083914756774902,0.030675092712044716,17072128,18420,8336,521,-37.14072,0.01936028048803564,0.0019891896023182198,-3.561857853829861,-42.821907,0.01343304087058641,0.0021235209889709948,-3.543469752371311,,,0.95,0.9,n2c,3.8078909823562137,3.5606069789948265,0.4985388447865665,0.0,-52.229767,2385.051824643273,-37.14072
105,1784871683.3330467,,5.28,,5.28,,4.799999999999999,,4.799999999999999,,7.200000000000002,,7.200000000000002,,1.9800000000000002,,1.9800000000000002,,2.759999999999999,,2.759999999999999,,5.119069375097752,,5.316531877499074,,7.461577974492684,,2.1429827333195135,,2.84140443475917,0.08746643364429474,-0.009629471926018596,0.008226047139032744,2.0377471074461937,0.331881046295166,0.6493576169013977,0.19580183923244476,0.5599325299263,0.25483137369155884,0.46790778636932373,0.02841092273592949,8192,0.5558145642280579,4.576313018798828,0.061611175537109375,17235968,18627,8416,526,-23.055752,0.013519478385569527,0.0028594143888767574,-3.546547156572342,-70.62295,0.031109771330375225,0.0012956468490301631,-3.5245758846402166,,,0.95,0.9,n2c,3.512886084380395,3.9655951024756604,0.3495947939651166,0.0,-49.384747,2427.060791199156,-23.055752
106,1784871753.5537777,,5.28,,5.28,,4.799999999999999,,4.799999999999999,,7.200000000000002,,7.200000000000002,,1.9800000000000002,,1.9800000000000002,,2.759999999999999,,2.759999999999999,,4.889538225485012,,4.386034178547561,,6.7332994025200605,,1.6179945333860815,,2.4939406411722302,0.06212788075208664,-0.010248307595588813,0.003875113729009172,2.0359798818826675,0.35440558195114136,0.8311832547187805,0.30786609649658203,-0.6139927506446838,0.17004729807376862,0.48291584849357605,0.02310664765536785,8192,0.5233129262924194,4.024161338806152,0.03220358490943909,17399808,18836,8496,531,-44.989613,0.01429529100714717,0.0028655497560976075,-3.484198148548603,-39.512634,0.009989589278120548,0.0027757694162573896,-3.509896792471409,,,0.95,0.9,n2c,3.8075297922384843,4.308644289773521,0.398181610708273,0.0,-35.914562,2333.2140115337415,-44.989613
107,1784871824.4059167,,5.28,,5.28,,4.799999999999999,,4.799999999999999,,7.200000000000002,,7.200000000000002,,1.9800000000000002,,1.9800000000000002,,2.759999999999999,,2.759999999999999,,5.601378241553903,,5.0480335261672735,,7.3700764500536025,,2.2002422623336315,,2.8582861757604405,0.0699344053864479,-0.002325643668882549,0.011502152865432436,2.040998674929142,0.3298996388912201,0.7884336709976196,0.27974942326545715,0.10219842195510864,0.16453705728054047,0.6063211560249329,0.028353195637464523,8192,0.6305707693099976,4.615603446960449,0.03728105127811432,17563648,19030,8576,536,-37.982822,0.011151975975371898,0.004237589718832169,-3.521594925224781,-31.498138,0.01919952102762181,0.001934770519437734,-3.478606952726841,,,0.95,0.9,n2c,3.909749996873645,3.558971379231385,0.5411040555602833,0.0,-47.87403,2312.42162870439,-37.982822
108,1784871896.550744,,5.28,,5.28,,4.799999999999999,,4.799999999999999,,7.200000000000002,,7.200000000000002,,1.9800000000000002,,1.9800000000000002,,2.759999999999999,,2.759999999999999,,6.080215707421303,,5.633683651685715,,7.650143117643893,,2.3246247575152665,,2.92417277302593,0.06370996683835983,-0.010370559335569851,0.008932890443247743,2.0441595762968063,0.2664465606212616,0.8226824402809143,0.2648044228553772,-0.02978963777422905,0.18436871469020844,0.5276506543159485,0.02882230654358864,8192,0.459592342376709,4.922568321228027,0.04492948576807976,17727488,19217,8656,541,-22.165516,0.011460309859830885,0.002547091846645344,-3.5395828142762182,-58.119087,0.021803214197279885,0.002968991057423409,-3.499711646139622,,,0.95,0.9,n2c,3.4800798016834853,3.5149836585821403,0.64085964512775,0.0,-43.332104,2270.9873015287576,-22.165516
109,1784871965.4149337,,5.28,,5.28,,4.799999999999999,,4.799999999999999,,7.200000000000002,,7.200000000000002,,1.9800000000000002,,1.9800000000000002,,2.759999999999999,,2.759999999999999,,5.319200110039674,,4.7097409050911665,,7.050683467008639,,2.0812835229735356,,2.757921618409455,0.10113447904586792,-0.002017685372265987,0.00497259489930002,2.0487802028656006,0.28243234753608704,0.7571471333503723,0.13950081169605255,-0.47320660948753357,0.29625970125198364,0.4939687252044678,0.023634906858205795,8192,0.6113027334213257,4.383766174316406,0.052165012806653976,17891328,19389,8736,546,-6.4881682,0.0076212956424569715,0.0018132940182113088,-3.523935489356518,-35.282738,0.011258933067438193,0.0008882711408659816,-3.5047351643443108,,,0.95,0.9,n2c,3.8311343855508126,3.4095253581768126,0.35995344676461605,0.0,-65.638756,2379.1756610091957,-6.4881682
110,1784872035.5250278,,5.28,,5.28,,4.799999999999999,,4.799999999999999,,7.200000000000002,,7.200000000000002,,1.9800000000000002,,1.9800000000000002,,2.759999999999999,,2.759999999999999,,5.851897882297635,,5.00452827103436,,7.311326353112236,,2.098298163851723,,2.8920578667894006,0.11360053718090057,-0.003139569191262126,0.020611328771337867,2.050680674612522,0.40222394466400146,0.6987646818161011,0.3271881937980652,-0.38618841767311096,0.31951627135276794,0.6057860851287842,0.020679263398051262,8192,0.5685108304023743,4.631621837615967,0.04180310666561127,18055168,19567,8816,551,-8.694277,0.00954634207446361,0.002024431654717773,-3.497044305503368,-57.50659,0.022594050178304313,0.0023326492759224494,-3.5339273676276206,,,0.95,0.9,n2c,3.32918856742616,3.686561500855871,0.585208023058571,0.0,-75.99585,2336.8965992783424,-8.694277
111,1784872108.1124492,,5.28,,5.28,,4.799999999999999,,4.799999999999999,,7.200000000000002,,7.200000000000002,,1.9800000000000002,,1.9800000000000002,,2.759999999999999,,2.759999999999999,,4.92974410764873,,4.984721809625626,,7.370539536699653,,1.8453184026293457,,2.6418573174159974,0.08072427660226822,-0.0018465548637323081,0.018539649157901295,2.0532395616173744,0.3452165126800537,0.7201688289642334,0.24433346092700958,-0.10727961361408234,0.21414999663829803,0.5646882057189941,0.021939976140856743,8192,0.6083199977874756,4.35443639755249,0.06626246869564056,18219008,19753,8896,556,-20.756323,0.01110325891932007,0.004118832462700084,-3.4834009021520616,-61.724255,0.028507522866129877,0.003725206301896833,-3.4949161022901536,,,0.95,0.9,n2c,3.6166813096446746,3.929659013351703,0.5486869377864763,0.0,-48.420532,2257.1398083891772,-20.756323
112,1784872179.4332857,,5.28,,5.28,,4.799999999999999,,4.799999999999999,,7.200000000000002,,7.200000000000002,,1.9800000000000002,,1.9800000000000002,,2.759999999999999,,2.759999999999999,,5.514612792059779,,5.153006412088871,,7.044348780065775,,1.9906131454044953,,2.7522788206115365,0.1364491730928421,-0.003958400386181893,0.013256219652248546,2.0657726898789406,0.2984848618507385,0.7576550245285034,0.18021023273468018,0.5612793564796448,0.34122443199157715,0.50397127866745,0.026865912601351738,8192,0.6144552230834961,4.49097204208374,0.06630326062440872,18382848,19985,8976,561,-45.413033,0.023797260096762328,0.0034215974912513046,-3.4160783842206,-79.522064,0.029350714257452636,0.0025612862402340396,-3.435987876355648,,,0.95,0.9,n2c,3.4973812704696114,3.951563336689511,0.34945309903591115,0.0,-48.9497,2297.224944047079,-45.413033
113,1784872250.7547827,,5.28,,5.28,,4.799999999999999,,4.799999999999999,,7.200000000000002,,7.200000000000002,,1.9800000000000002,,1.9800000000000002,,2.759999999999999,,2.759999999999999,,5.032513851299882,,4.695714742876589,,7.185293165501207,,1.9622814473696053,,2.7044566010590643,0.10932551324367523,-0.019127463790937327,0.016461880601127632,2.0663865506649017,0.2696983814239502,0.7349449396133423,0.18166595697402954,-0.2016778588294983,0.2934403121471405,0.4782962203025818,0.025401461869478226,8192,0.6550191044807434,4.316051959991455,0.06220778822898865,18546688,20199,9056,566,-15.16466,0.008090774384618271,0.002212760144902859,-3.435773439705372,-70.04725,0.03704505077330396,0.0017445469871745444,-3.4506508141756056,,,0.95,0.9,n2c,3.669840050665403,4.09229531665746,0.4509797008447963,0.0,-61.802727,2297.203438454844,-15.16466
114,1784872321.3683248,,5.28,,5.28,,4.799999999999999,,4.799999999999999,,7.200000000000002,,7.200000000000002,,1.9800000000000002,,1.9800000000000002,,2.759999999999999,,2.759999999999999,,4.8831215696409345,,4.261348953470588,,7.311024194583297,,1.9115542423678562,,2.745696459431201,0.03753694146871567,-0.004076516968780197,0.0005532376271730755,2.082572393119335,0.30719223618507385,0.7377749085426331,0.1822356879711151,0.01780163124203682,0.10149236023426056,0.5057467222213745,0.027658745646476746,8192,0.563130259513855,4.2225494384765625,0.05304555222392082,18710528,20395,9136,571,-20.450554,0.009675092424731701,0.0036122904486546757,-3.4511530354619024,-58.63327,0.03157791931298561,0.0027700813036062753,-3.4483807042241095,,,0.95,0.9,n2c,3.5723504990314474,3.760016608577879,0.30993049091739544,0.0,-44.442833,2320.2354971075315,-20.450554
115,1784872393.0370588,,5.28,,5.28,,4.799999999999999,,4.799999999999999,,7.200000000000002,,7.200000000000002,,1.9800000000000002,,1.9800000000000002,,2.759999999999999,,2.759999999999999,,5.136681467294693,,4.543583606835455,,6.9980878855567425,,1.9813633251033025,,2.7973389179242076,0.13650408387184143,-0.010963799082674086,0.01892865786794573,2.081476405262947,0.33654722571372986,0.7432349324226379,0.23563043773174286,-0.1709698885679245,0.3741810619831085,0.48310765624046326,0.025995036587119102,8192,0.5974944233894348,4.29141092300415,0.02740637958049774,18874368,20594,9216,576,-7.6741014,0.006779593758983538,0.0032223911613982635,-3.463851472735405,-45.439976,0.02075654625077732,0.0026485380236408672,-3.451102466881275,,,0.95,0.9,n2c,3.891476234243907,3.7603593947120912,0.391882988817556,0.0,-24.61962,2286.0731161129675,-7.6741014
116,1784872461.9155407,,5.28,,5.28,,4.799999999999999,,4.799999999999999,,7.200000000000002,,7.200000000000002,,1.9800000000000002,,1.9800000000000002,,2.759999999999999,,2.759999999999999,,5.044319546897896,,4.55209766185726,,7.018765468150377,,1.7579751536250114,,2.615315163973719,0.09976983070373535,-0.016050189311499707,0.00967440540989628,2.0839074701070786,0.38102811574935913,0.8635783195495605,0.3282211422920227,0.32658469676971436,0.3140889108181,0.643886923789978,0.03002246655523777,8192,0.6445724368095398,4.197694778442383,0.07453369349241257,19038208,20803,9296,581,-29.873632,0.010346407745964825,0.003180960309691727,-3.471693854033947,-87.76634,0.0426017809775658,0.0016461162937048356,-3.4419573828577996,,,0.95,0.9,n2c,3.5105811103825744,3.7658109269856226,0.48777243238759305,0.0,-60.257427,2378.683009966432,-29.873632
117,1784872531.4287264,,5.28,,5.28,,4.799999999999999,,4.799999999999999,,7.200000000000002,,7.200000000000002,,1.9800000000000002,,1.9800000000000002,,2.759999999999999,,2.759999999999999,,4.937202652450651,,4.339767907746136,,6.98457609442994,,1.7684261335234623,,2.7405240829102695,0.10427703708410263,-0.003934056556317955,0.008934927242080448,2.0949369370937347,0.28990304470062256,0.7225732207298279,0.1639900505542755,-0.08335636556148529,0.2811353802680969,0.4965708255767822,0.028073206543922424,8192,0.6122336387634277,4.154099464416504,0.12957589328289032,19202048,21018,9376,586,-21.067421,0.008793258604418952,0.0033991727119428105,-3.459393759071827,-77.58449,0.04446841166354716,0.0011754068938898854,-3.4492357045412065,,,0.95,0.9,n2c,3.7286613698630076,3.7804812251854907,0.3904873479933076,0.0,-38.38028,2356.9616738208797,-21.067421
118,1784872602.301698,,5.28,,5.28,,4.799999999999999,,4.799999999999999,,7.200000000000002,,7.200000000000002,,1.9800000000000002,,1.9800000000000002,,2.759999999999999,,2.759999999999999,,5.407738801091909,,4.938879277557135,,7.775426231324673,,2.1446643710369244,,2.9891050923615694,0.09691882878541946,-0.0003707683936227113,0.006396687706001103,2.1000605076551437,0.2329433411359787,0.6522069573402405,0.15721222758293152,0.34753474593162537,0.25671279430389404,0.5342543721199036,0.024015141651034355,8192,0.6144586801528931,4.651163101196289,0.06801797449588776,19365888,21227,9456,591,-20.821669,0.012958714744308963,0.002828340647101868,-3.415542608499527,-61.730762,0.03112224625656381,0.002996125278878026,-3.400465725362301,,,0.95,0.9,n2c,3.2912551273179944,4.03017782512177,0.40807569422113044,0.0,-65.19724,2311.7416737849103,-20.821669
119,1784872675.0209196,,5.28,,5.28,,4.799999999999999,,4.799999999999999,,7.200000000000002,,7.200000000000002,,1.9800000000000002,,1.9800000000000002,,2.759999999999999,,2.759999999999999,,5.147721656132489,,4.487906331662089,,7.104387169703841,,1.8654875834472477,,2.5406645521288738,0.10204140096902847,0.00026763210189528763,0.006958066536753904,2.104655399918556,0.2595821022987366,0.7186866402626038,0.19257859885692596,-0.0769127830862999,0.2914683520793915,0.5181902647018433,0.02446695603430271,8192,0.6068212985992432,4.229233741760254,0.05787049978971481,19529728,21445,9536,596,-13.734543,0.010305372714356054,0.0013633816568471957,-3.3681122615933416,-75.98067,0.038375027291476724,0.003304317720903782,-3.3499328404664994,,,0.95,0.9,n2c,3.056229923072691,3.9482764186523256,0.36667526734145117,0.0,-55.31069,2253.0497068510585,-13.734543
120,1784872746.9308677,,5.28,,5.28,,4.799999999999999,,4.799999999999999,,7.200000000000002,,7.200000000000002,,1.9800000000000002,,1.9800000000000002,,2.759999999999999,,2.759999999999999,,5.050371337682009,,4.501436224207282,,6.684160463511944,,1.7981789261102676,,2.7170894504524767,0.1178772896528244,-0.00907628663117066,0.02664937775625731,2.1123009100556374,0.2545434236526489,0.8505440354347229,0.160972461104393,0.2616274952888489,0.37117645144462585,0.4674397110939026,0.022922422736883163,8192,0.579239547252655,4.150247097015381,0.08822716772556305,19693568,21656,9616,601,-38.765625,0.014933866309002041,0.001731638270575786,-3.3717327535152437,-44.08095,0.02332354265381582,0.0005923687007452827,-3.321581368148327,,,0.95,0.9,n2c,3.522389834634935,3.5370568007702206,0.38618359333063085,0.0,-73.04264,2278.405089778251,-38.765625
121,1784872818.8850513,,5.28,,5.28,,4.799999999999999,,4.799999999999999,,7.200000000000002,,7.200000000000002,,1.9800000000000002,,1.9800000000000002,,2.759999999999999,,2.759999999999999,,5.687989939469844,,5.175339754670858,,7.141746873501688,,1.949032295960933,,2.6527261724695563,0.14613975584506989,-0.0018045081742457114,0.007841363665647805,2.1151085197925568,0.3001389801502228,0.8564786314964294,0.20277030766010284,0.2563934922218323,0.3720906674861908,0.4582268297672272,0.025763899087905884,8192,0.6461890935897827,4.521367073059082,0.08672364801168442,19857408,21890,9696,606,-21.980814,0.011214258751715533,0.003948549786582589,-3.3642237961292265,-75.58833,0.04996380956145004,0.0002361198014114052,-3.31977264881134,,,0.95,0.9,n2c,3.8223382283238423,3.738931128247205,0.312846090789196,0.0,-51.384697,2277.0044096033052,-21.980814
122,1784872887.2889216,,5.28,,5.28,,4.799999999999999,,4.799999999999999,,7.200000000000002,,7.200000000000002,,1.9800000000000002,,1.9800000000000002,,2.759999999999999,,2.759999999999999,,5.065512279426912,,4.226797102019191,,6.982209141366184,,1.734815259464085,,2.6176776674110442,0.12278681993484497,-0.013499479711754248,0.010661129039363004,2.1179424077272415,0.36204826831817627,0.8326466083526611,0.2927391529083252,-0.11577453464269638,0.29783594608306885,0.5605449676513672,0.03351983800530434,8192,0.6152412295341492,4.125401973724365,0.07295417040586472,20021248,22168,9776,611,-41.91906,0.018966954917414115,0.003061543967487523,-3.354591093957424,-98.627,0.09130745886359364,0.001543243978812825,-3.2742256090044974,,,0.95,0.9,n2c,3.533497415036893,4.158265888754859,0.3477260869733485,0.0,-87.16478,2395.186062051689,-41.91906
123,1784872955.3222096,,5.28,,5.28,,4.799999999999999,,4.799999999999999,,7.200000000000002,,7.200000000000002,,1.9800000000000002,,1.9800000000000002,,2.759999999999999,,2.759999999999999,,5.4047939497977495,,4.979234759695828,,7.68297321209684,,2.251651310827583,,2.8335211388766766,0.08853746205568314,-0.018219918303657323,0.010829692138941027,2.1232775300741196,0.38486218452453613,0.7799526453018188,0.30139726400375366,0.10446935147047043,0.24623137712478638,0.4086676239967346,0.017679981887340546,8192,0.5398691892623901,4.630434989929199,0.01986541412770748,20185088,22444,9856,616,-12.985041,0.012296334851998835,0.0016925181305850856,-3.3226734042167663,-65.87951,0.016148065062589013,0.0006550479927682317,-3.28423909842968,,,0.95,0.9,n2c,3.273358216862058,3.7410526346993302,0.4102947397599334,0.0,-82.99744,2408.232867817652,-12.985041
124,1784873027.4131954,,5.28,,5.28,,4.799999999999999,,4.799999999999999,,7.200000000000002,,7.200000000000002,,1.9800000000000002,,1.9800000000000002,,2.759999999999999,,2.759999999999999,,5.161345129834444,,4.671042799949646,,7.14404670894146,,1.97553583025001,,2.658930487843463,0.17189952731132507,-0.00033075580722652376,0.023557744396384805,2.1299194917082787,0.24895009398460388,0.8641706705093384,0.18721890449523926,0.07907948642969131,0.45586055517196655,0.48860418796539307,0.02095203846693039,8192,0.6622405052185059,4.32218074798584,0.08808812499046326,20348928,22680,9936,621,-19.965096,0.009911049361107871,0.0007784668734529987,-3.2979728654026985,-68.80236,0.03954665894852951,0.0034659706681850365,-3.2719043508172034,,,0.95,0.9,n2c,3.1112647532099116,4.1620521650303015,0.3280421051671159,0.0,-46.681248,2272.684434200991,-19.965096
125,1784873101.827561,,5.28,,5.28,,4.799999999999999,,4.799999999999999,,7.200000000000002,,7.200000000000002,,1.9800000000000002,,1.9800000000000002,,2.759999999999999,,2.759999999999999,,5.259088856633753,,4.179867818951607,,7.048101545311511,,1.804164721397683,,2.5754698547534645,0.23050642013549805,-0.0006541821785503998,0.023320839769439772,2.130278527736664,0.31071144342422485,0.7833689451217651,0.3868442177772522,0.41188061237335205,0.5245604515075684,0.6061180830001831,0.021213416010141373,8192,0.6161705851554871,4.173338890075684,0.0777292549610138,20512768,22873,10016,626,-4.6762395,0.007436377592966892,0.002780463245289866,-3.3277929723262787,-56.802288,0.035063793847803025,5.3530288278125225e-05,-3.2572065219283104,,,0.95,0.9,n2c,3.6678187643974014,3.712386095788078,0.4763552112938934,0.0,-36.264904,2201.725483728217,-4.6762395
126,1784873174.4732718,,5.28,,5.28,,4.799999999999999,,4.799999999999999,,7.200000000000002,,7.200000000000002,,1.9800000000000002,,1.9800000000000002,,2.759999999999999,,2.759999999999999,,4.732207654975355,,4.252349247224629,,6.600867800414562,,1.7155437877663644,,2.58319833164569,0.11452344059944153,-0.008349094947334379,0.014047479206055868,2.1372600123286247,0.27403524518013,0.7629260420799255,0.22784246504306793,0.45093369483947754,0.30885177850723267,0.615386426448822,0.019164031371474266,8192,0.516412615776062,3.9768333435058594,0.04732128605246544,20676608,23062,10096,631,-5.216311,0.006083290386595763,0.004671543880249374,-3.3583304196596147,-74.760254,0.03412617915309966,0.0006243546042242088,-3.2843242257833483,,,0.95,0.9,n2c,4.074091691879444,3.5687985035662493,0.4165951649814498,0.0,-53.812397,2255.328329875622,-5.216311
127,1784873245.4667072,,5.28,,5.28,,4.799999999999999,,4.799999999999999,,7.200000000000002,,7.200000000000002,,1.9800000000000002,,1.9800000000000002,,2.759999999999999,,2.759999999999999,,5.603997913654894,,4.810182491433807,,7.45091681741178,,2.0972070419229567,,2.8037545454280917,0.15275005996227264,0.00023620684805791825,0.019768017606111243,2.142650231719017,0.27562111616134644,0.8500226140022278,0.23027372360229492,-0.37380534410476685,0.42113035917282104,0.5637089014053345,0.017996536567807198,8192,0.6466836333274841,4.553211688995361,0.025298338383436203,20840448,23239,10176,636,-12.981354,0.009923130186507478,0.0029964166926220058,-3.3177294388413427,-43.791904,0.019322822810499928,-9.311650937888771e-05,-3.269335374236107,,,0.95,0.9,n2c,3.5956864619051188,3.200365414300123,0.37177282976357073,0.0,-58.65188,2307.819009710433,-12.981354
128,1784873314.3819623,,5.28,,5.28,,4.799999999999999,,4.799999999999999,,7.200000000000002,,7.200000000000002,,1.9800000000000002,,1.9800000000000002,,2.759999999999999,,2.759999999999999,,5.2090127021074295,,4.517030951566994,,7.500452126725577,,1.866526437457651,,2.9354890370741487,0.21524088084697723,-6.050855154171586e-05,0.024233754200395197,2.1470071375370026,0.2678963840007782,0.8007274866104126,0.19335047900676727,0.4369877278804779,0.5165260434150696,0.48133206367492676,0.01735636219382286,8192,0.6369208097457886,4.405701637268066,0.02435644157230854,21004288,23415,10256,641,-20.821674,0.010454555504838935,0.0021780194394523276,-3.2838786393404007,-35.19555,0.015426754203508608,0.0008753375688684173,-3.250534202158451,,,0.95,0.9,n2c,3.574226699063407,3.3777377536392015,0.3998003754303663,0.0,-75.55989,2377.412638937425,-20.821674
129,1784873386.8164098,,5.28,,5.28,,4.799999999999999,,4.799999999999999,,7.200000000000002,,7.200000000000002,,1.9800000000000002,,1.9800000000000002,,2.759999999999999,,2.759999999999999,,5.170543869026005,,4.529543908312917,,6.973328367806971,,1.8248994637688156,,2.6428464548662305,0.0887843668460846,0.0001655484811635688,0.010717178403865546,2.155400313436985,0.3463032841682434,0.7629881501197815,0.27697280049324036,0.15138545632362366,0.25483736395835876,0.4794827699661255,0.018763165920972824,8192,0.631482720375061,4.228232383728027,0.0231544841080904,21168128,23592,10336,646,-4.6548905,0.007652486475126352,0.0029143566454877144,-3.291448947787285,-60.4367,0.016976150489063,0.0009456420200876891,-3.2278559476137163,,,0.95,0.9,n2c,3.506051449012399,3.3851402581441308,0.3230029463294908,0.0,-44.02857,2261.9072575537257,-4.6548905
130,1784873455.9274278,,5.28,,5.28,,4.799999999999999,,4.799999999999999,,7.200000000000002,,7.200000000000002,,1.9800000000000002,,1.9800000000000002,,2.759999999999999,,2.759999999999999,,5.581305603147484,,5.311526781413704,,7.49974836781621,,2.0893902759999037,,3.0123918313984177,0.13749073445796967,-0.0006477292263298295,0.019461172574665397,2.156580828130245,0.22396433353424072,0.7470384240150452,0.18773096799850464,0.7077874541282654,0.3808425962924957,0.6198943853378296,0.01523947436362505,8192,0.6213651895523071,4.6988725662231445,0.02497938834130764,21331968,23757,10416,651,-24.49169,0.00959371447970625,0.0020700558729004116,-3.291074612736702,-31.37905,0.011996691639069468,0.002122835468617268,-3.2363603115081787,,,0.95,0.9,n2c,3.6917582033045178,3.5532208103996252,0.3421609816149203,0.0,-73.72091,2370.67841314039,-24.49169
131,1784873524.3656383,,5.28,,5.28,,4.799999999999999,,4.799999999999999,,7.200000000000002,,7.200000000000002,,1.9800000000000002,,1.9800000000000002,,2.759999999999999,,2.759999999999999,,5.216103816404939,,4.820657801814377,,7.202894453890622,,1.8917267005890608,,2.83664608001709,0.2628016471862793,-0.0008734196308068931,0.038880364620126784,2.1569496914744377,0.17703984677791595,0.7579483985900879,0.11539137363433838,-0.6284192800521851,0.6001555323600769,0.4269419312477112,0.015599273145198822,8192,0.6501373052597046,4.393606185913086,0.031101014465093613,21495808,23939,10496,656,-5.344182,0.009166972347884439,0.0007708450182690285,-3.3102318823337553,-58.27301,0.01375730129366275,0.0017047400775481946,-3.2130114495754243,,,0.95,0.9,n2c,3.500927505140998,3.218843209990382,0.48225597422954936,0.0,-58.50898,2393.9842852509814,-5.344182
132,1784873595.1897316,,5.28,,5.28,,4.799999999999999,,4.799999999999999,,7.200000000000002,,7.200000000000002,,1.9800000000000002,,1.9800000000000002,,2.759999999999999,,2.759999999999999,,4.479078060947359,,4.6152355978265405,,6.716458256356418,,1.6667957142926753,,2.4254667616914958,0.1513212025165558,-0.000628115818471997,0.008979834499768913,2.153717026114464,0.1694498360157013,0.7736499309539795,0.18077391386032104,0.44084733724594116,0.37795308232307434,0.5670116543769836,0.0170685313642025,8192,0.47190189361572266,3.9806067943573,0.050336066633462906,21659648,24117,10576,661,-24.832191,0.010994682139426004,0.0013004269807424863,-3.310087834298611,-43.79,0.019651125124073587,0.002105918856977951,-3.2562215596437456,,,0.95,0.9,n2c,3.1769156490609105,3.4276936878270887,0.37074094165776905,0.0,-47.828007,2313.3370907568496,-24.832191
133,1784873665.2633257,,5.28,,5.28,,4.799999999999999,,4.799999999999999,,7.200000000000002,,7.200000000000002,,1.9800000000000002,,1.9800000000000002,,2.759999999999999,,2.759999999999999,,5.6288966201245785,,5.1203489154577255,,7.704182939603925,,2.338234212016687,,3.05090470216237,0.1289423704147339,-0.00042136243428103626,0.012595073028933257,2.1602198481559753,0.21651992201805115,0.7478718161582947,0.23574763536453247,-0.1547418236732483,0.31854113936424255,0.38662630319595337,0.015115131624042988,8192,0.521252453327179,4.768513202667236,0.019223863258957863,21823488,24301,10656,666,-4.9020834,0.009052064301795327,0.0009800724445085506,-3.310794819891453,-26.515247,0.011467385619471315,0.0014321034410386345,-3.255326496064663,,,0.95,0.9,n2c,3.33258232127879,3.257556635542693,0.3047916507887162,0.0,-55.847523,2338.1132452618667,-4.9020834
134,1784873740.0979722,,5.28,,5.28,,4.799999999999999,,4.799999999999999,,7.200000000000002,,7.200000000000002,,1.9800000000000002,,1.9800000000000002,,2.759999999999999,,2.759999999999999,,5.869205541908741,,4.584540830459446,,7.196744101122022,,1.8826957849087194,,2.8108193576335907,0.2460867166519165,-0.00840760360006243,0.0380998149048537,2.1680239737033844,0.28460991382598877,0.716532826423645,0.23731017112731934,0.15421518683433533,0.5875070691108704,0.6241487264633179,0.01808091253042221,8192,0.5781974792480469,4.468801498413086,0.03857755288481712,21987328,24483,10736,671,-10.595266,0.007911486632656306,0.0012550855652079917,-3.309617078304291,-65.71206,0.03216344389948063,-0.000583885519154137,-3.2324647828936577,,,0.95,0.9,n2c,3.4851303042070034,3.4039749813009976,0.3971165759144402,0.0,-28.001465,2189.36217103783,-10.595266
135,1784873814.7241724,,5.28,,5.28,,4.799999999999999,,4.799999999999999,,7.200000000000002,,7.200000000000002,,1.9800000000000002,,1.9800000000000002,,2.759999999999999,,2.759999999999999,,4.817682385444641,,4.013613352552056,,7.025903492234647,,1.8257418220164254,,2.5053987810388207,0.13515813648700714,0.00018988666124641895,0.015159660702920519,2.169125072658062,0.22483283281326294,0.8463165760040283,0.1873697191476822,-0.24310511350631714,0.3430689573287964,0.481720894575119,0.01435837708413601,8192,0.5061424970626831,4.037667751312256,0.02894670143723488,22151168,24651,10816,676,-4.489005,0.007275725519866683,0.003869028532790253,-3.355448681116104,-33.66532,0.007332302717259154,0.002586352913203882,-3.2621800407767294,,,0.95,0.9,n2c,3.6972243760510315,3.2458719540559526,0.3961019099881834,0.0,-31.791595,2195.4736227958174,-4.489005
136,1784873887.9767373,,5.28,,5.28,,4.799999999999999,,4.799999999999999,,7.200000000000002,,7.200000000000002,,1.9800000000000002,,1.9800000000000002,,2.759999999999999,,2.759999999999999,,5.091189386788756,,4.496992965694517,,6.993192996829748,,1.7913373638584744,,2.7104237619787455,0.14045800268650055,-0.0001515409785497468,0.013908815308241174,2.168152205646038,0.17411063611507416,0.7526159286499023,0.1406048834323883,-0.27031055092811584,0.3298727869987488,0.6014000177383423,0.018590258434414864,8192,0.6132000088691711,4.216627597808838,0.026731282472610474,22315008,24832,10896,681,-4.673966,0.008291746600298211,0.002821700443746522,-3.3775186240673065,-27.41272,0.014132845017593354,0.00020426245537237265,-3.2908661022782324,,,0.95,0.9,n2c,3.6515572674008987,3.225105846064173,0.34570288973864916,0.0,-20.185715,2236.64524608005,-4.673966
137,1784873960.9218576,,5.28,,5.28,,4.799999999999999,,4.799999999999999,,7.200000000000002,,7.200000000000002,,1.9800000000000002,,1.9800000000000002,,2.759999999999999,,2.759999999999999,,5.404088237322867,,5.1812175353989005,,7.616861913353205,,2.1011354103684425,,2.777191238477826,0.14318233728408813,-0.017320321319857612,0.012059028522344306,2.17513557523489,0.18304404616355896,0.8317672610282898,0.15118589997291565,0.22734439373016357,0.33993932604789734,0.4742448329925537,0.014653770253062248,8192,0.6165033578872681,4.616098403930664,0.029303785413503647,22478848,25004,10976,686,-11.785802,0.008675162814324722,0.001134951809217455,-3.344540295004845,-52.50173,0.01727053227368742,0.0019279765911051072,-3.289499559998512,,,0.95,0.9,n2c,3.0040696213257005,3.207904196684148,0.3660412716013891,0.0,-41.800083,2246.0721819093405,-11.785802
138,1784874030.348877,,5.28,,5.28,,4.799999999999999,,4.799999999999999,,7.200000000000002,,7.200000000000002,,1.9800000000000002,,1.9800000000000002,,2.759999999999999,,2.759999999999999,,5.566672912333161,,4.5542214792221785,,7.132060538977385,,1.913716732058674,,2.6047872453927994,0.12054597586393356,-0.001321911346167326,0.009589914508978836,2.186698943376541,0.18378259241580963,0.9055209755897522,0.21529428660869598,-0.09686862677335739,0.28984883427619934,0.5993227362632751,0.016940109431743622,8192,0.6370488405227661,4.3542914390563965,0.039727360010147095,22642688,25164,11056,691,-19.333775,0.008772221540857572,0.0023719858188997025,-3.3159300968050958,-35.534966,0.01056204059132142,0.0006557494038133882,-3.340649189054966,,,0.95,0.9,n2c,3.226818442363558,3.11849453068306,0.3066787580702174,0.0,-67.69597,2359.888179994071,-19.333775
139,1784874099.508199,,5.28,,5.28,,4.799999999999999,,4.799999999999999,,7.200000000000002,,7.200000000000002,,1.9800000000000002,,1.9800000000000002,,2.759999999999999,,2.759999999999999,,5.821547534316778,,5.190199360251427,,7.609192586503923,,2.263111852109432,,3.0705341398715973,0.11742386221885681,-0.002594921093987068,0.021259978937450796,2.194650374352932,0.27936553955078125,0.8127087950706482,0.1878780722618103,-0.16224920749664307,0.3399214446544647,0.465313583612442,0.01427794061601162,8192,0.5696364045143127,4.79091739654541,0.01427269633859396,22806528,25336,11136,696,-5.5621667,0.011415321746608243,0.0029062784000416287,-3.260067282617092,-46.96837,0.007071281067328528,0.00016039142137742602,-3.3099596053361893,,,0.95,0.9,n2c,3.32618972637023,3.4030998515219464,0.4254678682431765,0.0,-64.12002,2369.0226736777013,-5.5621667
140,1784874169.7706864,,5.28,,5.28,,4.799999999999999,,4.799999999999999,,7.200000000000002,,7.200000000000002,,1.9800000000000002,,1.9800000000000002,,2.759999999999999,,2.759999999999999,,5.34493254031986,,4.284335112199187,,7.188957391073927,,1.8842401090078056,,2.644943095743656,0.10065218806266785,-0.0034736988600343466,0.005069165279564913,2.2016417384147644,0.26635831594467163,0.8000166416168213,0.1733921617269516,-0.21827839314937592,0.2747110426425934,0.4988625943660736,0.016025584191083908,8192,0.6153184771537781,4.269481658935547,0.08409714698791504,22970368,25520,11216,701,-21.650614,0.01081406850280473,0.004410201436257921,-3.2728997319936752,-52.45823,0.02256903150700964,0.001089605195011245,-3.2618712067604063,,,0.95,0.9,n2c,4.00275003526092,3.9798641579687937,0.3072858496489848,0.0,-43.75846,2331.827308812819,-21.650614
141,1784874238.0842354,,5.28,,5.28,,4.799999999999999,,4.799999999999999,,7.200000000000002,,7.200000000000002,,1.9800000000000002,,1.9800000000000002,,2.759999999999999,,2.759999999999999,,5.221645496319979,,4.7192212553927675,,7.353081939276308,,1.94994858908467,,2.7249003183096647,0.1588747203350067,-0.008489532046951354,0.008594098049798049,2.2030276134610176,0.2683747410774231,0.7389286160469055,0.1779327392578125,0.07236750423908234,0.3928459882736206,0.4722750186920166,0.014709051698446274,8192,0.6366535425186157,4.393759727478027,0.04052383080124855,23134208,25706,11296,706,-28.441797,0.01068605775362812,0.0002534090672270395,-3.284483091533184,-44.39663,0.013429260958218947,0.0003876642975228606,-3.2534492000937463,,,0.95,0.9,n2c,2.723802336131542,3.335883642296777,0.30907046165002017,0.0,-57.24536,2398.3529660924387,-28.441797
142,1784874309.4143453,,5.28,,5.28,,4.799999999999999,,4.799999999999999,,7.200000000000002,,7.200000000000002,,1.9800000000000002,,1.9800000000000002,,2.759999999999999,,2.759999999999999,,5.276276367716491,,4.728273045271635,,7.508805382065475,,1.8804555633105338,,2.861428571632132,0.10111609101295471,-0.0010318763906980166,0.004337199374276679,2.2044343799352646,0.41488444805145264,0.8089128136634827,0.7791328430175781,-0.050512365996837616,0.3209085762500763,0.6503527164459229,0.018914945423603058,8192,0.6622191667556763,4.451047897338867,0.0653126984834671,23298048,25894,11376,711,-32.48233,0.015328612871235237,0.0017597836835193449,-3.255922000110149,-71.51731,0.0342684721108526,0.0004270791687304154,-3.2541076064109804,,,0.95,0.9,n2c,3.508449575177674,3.627737253708699,0.2816546112819909,0.0,-65.84563,2296.9271196585387,-32.48233
143,1784874380.23157,,5.28,,5.28,,4.799999999999999,,4.799999999999999,,7.200000000000002,,7.200000000000002,,1.9800000000000002,,1.9800000000000002,,2.759999999999999,,2.759999999999999,,5.534200738416985,,4.798275941051543,,7.445425638929009,,1.8668476508464664,,2.9740472256671637,0.0632731020450592,-0.007136028041713871,0.013304562769917538,2.206940807402134,0.30741098523139954,0.7182226777076721,0.20809505879878998,-0.3134568929672241,0.23625405132770538,0.4429398775100708,0.016659237444400787,8192,0.6607787013053894,4.523759841918945,0.024788253009319305,23461888,26085,11456,716,-12.230017,0.00789974723738851,0.002679469017311931,-3.304092612862587,-50.30054,0.020756422856356947,-0.00022320377174764872,-3.2431657314300537,,,0.95,0.9,n2c,3.508572381220829,3.1276076768726186,0.3406868544692457,0.0,-58.06681,2313.5605027162997,-12.230017
144,1784874451.999442,,5.28,,5.28,,4.799999999999999,,4.799999999999999,,7.200000000000002,,7.200000000000002,,1.9800000000000002,,1.9800000000000002,,2.759999999999999,,2.759999999999999,,5.149554954841733,,4.998153043910861,,7.13051663513761,,1.8762115258723497,,2.769299475243315,0.10422930121421814,-0.0036524062015814707,0.0097029821772594,2.214273400604725,0.2672525644302368,0.7351965308189392,0.2269478440284729,-0.04829445481300354,0.27278751134872437,0.525331437587738,0.0181712806224823,8192,0.6414180397987366,4.384747505187988,0.04140603914856911,23625728,26270,11536,721,-17.104486,0.00744559274171479,0.0022850580826343503,-3.283002768456936,-56.79194,0.02483692070818506,0.0008274616775452159,-3.20264668315649,,,0.95,0.9,n2c,3.696548042808826,3.4345657113113375,0.2902294734256252,0.0,-55.34139,2282.915675280735,-17.104486
145,1784874525.5095842,,5.28,,5.28,,4.799999999999999,,4.799999999999999,,7.200000000000002,,7.200000000000002,,1.9800000000000002,,1.9800000000000002,,2.759999999999999,,2.759999999999999,,5.375572578981519,,4.918821504339576,,7.5448209242895246,,2.088568146340549,,2.772300051758066,0.11980506777763367,-0.00041914419853128493,0.014750668124179356,2.2255832850933075,0.31519815325737,0.7596585750579834,0.28676915168762207,-0.1663135588169098,0.3160918951034546,0.6452544927597046,0.01846042275428772,8192,0.6514936089515686,4.540017127990723,0.053429555147886276,23789568,26458,11616,726,-6.169382,0.006972845041309484,0.0020590326574165376,-3.2909042179584502,-58.3183,0.03574674250558019,0.002528357044502627,-3.2415231436491014,,,0.95,0.9,n2c,3.6071631436619427,3.7560454371382725,0.3494153997593905,0.0,-37.817924,2228.8092481212375,-6.169382
146,1784874598.6551554,,5.28,,5.28,,4.799999999999999,,4.799999999999999,,7.200000000000002,,7.200000000000002,,1.9800000000000002,,1.9800000000000002,,2.759999999999999,,2.759999999999999,,5.646926369401626,,5.269836828345433,,7.325225223728921,,2.073534815572202,,3.0079860368277878,0.08117439597845078,-0.0013088375271763653,0.0028109480954299215,2.231073684990406,0.18862180411815643,0.8180862665176392,0.1889343410730362,-0.17315706610679626,0.22695930302143097,0.48829418420791626,0.015677321702241898,8192,0.5726727843284607,4.66470193862915,0.0281224362552166,23953408,26643,11696,731,-26.859455,0.00944512803980615,0.0007183452587923966,-3.3453584983944893,-57.31958,0.013881805341225118,0.0023207402642583474,-3.3003235131502153,,,0.95,0.9,n2c,3.3585722477656956,3.469713127815445,0.29179715850016597,0.0,-62.959118,2239.9170678097844,-26.859455
147,1784874669.623933,,5.28,,5.28,,4.799999999999999,,4.799999999999999,,7.200000000000002,,7.200000000000002,,1.9800000000000002,,1.9800000000000002,,2.759999999999999,,2.759999999999999,,4.7084727846086025,,4.346585433930159,,7.131426582112908,,1.5904745229054242,,2.618122775107622,0.13574297726154327,-0.008072751050349325,0.024525487620849162,2.2325267419219017,0.23905473947525024,0.805007815361023,0.17428910732269287,0.2674015760421753,0.3640696108341217,0.5641825795173645,0.014547877013683319,8192,0.5692849159240723,4.079016208648682,0.02883576974272728,24117248,26824,11776,736,-19.172028,0.012486786788213067,0.0015761665359605103,-3.3587977319955824,-53.01192,0.012944157645688393,0.0011895719668245873,-3.3091553270816805,,,0.95,0.9,n2c,4.065400053505007,3.3115944776831414,0.42446118192884474,0.0,-53.517284,2308.6195136487754,-19.172028
148,1784874740.6755202,,5.28,,5.28,,4.799999999999999,,4.799999999999999,,7.200000000000002,,7.200000000000002,,1.9800000000000002,,1.9800000000000002,,2.759999999999999,,2.759999999999999,,5.11203538486734,,4.836045483127236,,6.904071964323521,,1.888160739094019,,2.760143919280381,0.11078846454620361,-0.0029820561467204243,0.005164351488929242,2.2353285551071167,0.29354390501976013,0.7496064305305481,0.25551605224609375,-0.025592047721147537,0.28495582938194275,0.6304926872253418,0.014347605407238007,8192,0.6663891077041626,4.30009126663208,0.023463280871510506,24281088,27003,11856,741,-5.2802863,0.006865866067528259,0.001139056688407436,-3.4013851121068,-61.567474,0.02438939607818611,0.0026608655141899364,-3.3391271978616714,,,0.95,0.9,n2c,3.5913578835064213,3.781861102732446,0.26433324292007576,0.0,-61.871746,2305.9301407404646,-5.2802863
149,1784874813.932594,,5.28,,5.28,,4.799999999999999,,4.799999999999999,,7.200000000000002,,7.200000000000002,,1.9800000000000002,,1.9800000000000002,,2.759999999999999,,2.759999999999999,,5.018154819728807,,5.070861188462004,,7.169186195358634,,1.7489158948883414,,2.6405091644264758,0.18439459800720215,0.00018793333401845302,0.02818665694212541,2.2415312975645065,0.32150378823280334,0.8338609933853149,0.2501410245895386,-0.4843825697898865,0.49088022112846375,0.5096221566200256,0.023323476314544678,8192,0.634925365447998,4.329525470733643,0.06001321226358414,24444928,27235,11936,746,-10.929006,0.009729143463482614,0.0010717716431827284,-3.3819348767399786,-61.70112,0.059099024557508525,0.0001865972088126,-3.347756588459015,,,0.95,0.9,n2c,3.673753660465907,3.8208994061073525,0.3274548117900231,0.0,-56.77245,2236.509174908421,-10.929006
150,1784874886.6271305,,5.28,,5.28,,4.799999999999999,,4.799999999999999,,7.200000000000002,,7.200000000000002,,1.9800000000000002,,1.9800000000000002,,2.759999999999999,,2.759999999999999,,5.4156747264787555,,5.035954939201474,,7.2816096597816795,,1.9718304714624537,,2.7200234872289,0.09671768546104431,-0.002047159752692096,0.009353372792247683,2.2471031323075294,0.24818693101406097,0.7171860337257385,0.15759725868701935,0.2097294181585312,0.2605511546134949,0.5691022276878357,0.01962127536535263,8192,0.6181907057762146,4.485018253326416,0.032525841146707535,24608768,27435,12016,751,-3.1138375,0.007287608168553561,0.00040032239667198155,-3.442205223441124,-51.297577,0.018961562134791166,0.0016608895857643802,-3.358222524821758,,,0.95,0.9,n2c,3.5379474136186815,3.530748539768073,0.24374641302273842,0.0,-31.646984,2253.8141105361037,-3.1138375
151,1784874957.466867,,5.28,,5.28,,4.799999999999999,,4.799999999999999,,7.200000000000002,,7.200000000000002,,1.9800000000000002,,1.9800000000000002,,2.759999999999999,,2.759999999999999,,5.0895057348534465,,4.585072482470423,,7.4194488897919655,,1.978250788524747,,2.72449870329001,0.22475573420524597,-0.000715109083103016,0.02534873242257163,2.239723317325115,0.2388983964920044,0.778547465801239,0.1867024004459381,-0.443479984998703,0.524901270866394,0.550222635269165,0.01715977117419243,8192,0.6522711515426636,4.359355449676514,0.026520030573010445,24772608,27631,12096,756,-18.48518,0.007678959181066603,0.005871331822709181,-3.456525580585003,-58.889015,0.02527671316638589,0.0009284634856157936,-3.383104084432125,,,0.95,0.9,n2c,3.7358772263675704,3.430284730262804,0.3358598505565191,0.0,-47.597275,2312.8249455623513,-18.48518
152,1784875030.5182583,,5.28,,5.28,,4.799999999999999,,4.799999999999999,,7.200000000000002,,7.200000000000002,,1.9800000000000002,,1.9800000000000002,,2.759999999999999,,2.759999999999999,,5.892307877540588,,5.670023191720247,,7.781127003021538,,2.286405159160495,,3.1770637850277126,0.059096455574035645,-0.0038314601515594404,0.005539141944609582,2.2515083700418472,0.2990114986896515,0.7218327522277832,0.25612327456474304,-0.007449629716575146,0.17491844296455383,0.43680065870285034,0.014696093276143074,8192,0.44796642661094666,4.961385250091553,0.018579799681901932,24936448,27819,12176,761,-28.559149,0.009931713000696618,0.0026711966551374645,-3.4515070587396623,-42.699745,0.007319299178925575,0.002225520736465114,-3.3789871007204058,,,0.95,0.9,n2c,3.802281693669495,3.6267905249460073,0.5931400157795024,0.0,-21.399578,2242.805196243099,-28.559149
153,1784875103.8837261,,5.28,,5.28,,4.799999999999999,,4.799999999999999,,7.200000000000002,,7.200000000000002,,1.9800000000000002,,1.9800000000000002,,2.759999999999999,,2.759999999999999,,5.149934254586697,,5.377643495798111,,7.593829498393461,,2.107540225610137,,3.028596358373761,0.10985532402992249,-0.002766747522400692,0.014420302046346478,2.2486735805869102,0.2025410234928131,0.655684232711792,0.1437453329563141,-0.2454933524131775,0.3176703453063965,0.4627121686935425,0.02012101374566555,8192,0.6142529845237732,4.651508808135986,0.0477876253426075,25100288,28042,12256,766,-27.171116,0.022364913602359593,0.003055394935654476,-3.4763814970850944,-59.46173,0.029271559423068538,0.0022568792148376813,-3.4098320260643957,,,0.95,0.9,n2c,3.486374751195605,3.8853710813100806,0.34042894997641987,0.0,-50.537636,2233.20273148173,-27.171116
154,1784875175.4968815,,5.28,,5.28,,4.799999999999999,,4.799999999999999,,7.200000000000002,,7.200000000000002,,1.9800000000000002,,1.9800000000000002,,2.759999999999999,,2.759999999999999,,5.601633520564064,,5.135217418894172,,7.488363066586317,,2.0392613905714825,,2.831629356369376,0.14250515401363373,-0.001186083012726158,0.04849466145969927,2.249686822295189,0.198731929063797,0.7788674831390381,0.17155876755714417,0.03320861607789993,0.4413413405418396,0.4740141034126282,0.014847754500806332,8192,0.5646686553955078,4.619221210479736,0.0348455049097538,25264128,28247,12336,771,-13.312555,0.008386471663834527,0.0027032578058424407,-3.4824760243296624,-51.892555,0.011657344023115001,0.0004201692892820574,-3.435992810130119,,,0.95,0.9,n2c,3.615840968583032,3.780973029080544,0.516239010585926,0.0,-41.138573,2287.8477207894985,-13.312555
155,1784875246.9312918,,5.28,,5.28,,4.799999999999999,,4.799999999999999,,7.200000000000002,,7.200000000000002,,1.9800000000000002,,1.9800000000000002,,2.759999999999999,,2.759999999999999,,5.435196070931852,,5.067548426799476,,6.965505706146359,,2.0487128267996013,,2.91010254714638,0.11117331683635712,-0.001152292505139485,0.008025922332308255,2.2497393265366554,0.2252049446105957,0.846642255783081,0.15456803143024445,-0.22884686291217804,0.28178873658180237,0.5261056423187256,0.019515328109264374,8192,0.6385740041732788,4.48541259765625,0.023990139365196228,25427968,28453,12416,776,-13.242865,0.008599255159788299,0.002342400575435022,-3.5074516877532007,-63.443005,0.025030312698800117,0.0019085060281213372,-3.4264063775539397,,,0.95,0.9,n2c,3.8434745575448437,3.9164244532923753,0.27205325583899054,0.0,-66.504364,2293.5727928272117,-13.242865
156,1784875319.0971916,,5.28,,5.28,,4.799999999999999,,4.799999999999999,,7.200000000000002,,7.200000000000002,,1.9800000000000002,,1.9800000000000002,,2.759999999999999,,2.759999999999999,,4.98488231189549,,4.494696483016014,,7.184043584857136,,1.8083184761926532,,2.6259697965870146,0.08820666372776031,-0.015717677320935763,0.022199363076651935,2.2510139644145966,0.2043529897928238,0.7771956920623779,0.1823265552520752,-0.28626447916030884,0.31296998262405396,0.45448046922683716,0.01742340624332428,8192,0.6705914735794067,4.219582557678223,0.03459877893328667,25591808,28666,12496,781,-11.489004,0.008272348695027177,0.003026199642044958,-3.589796429872513,-42.091328,0.017631190837710163,0.0016837038827361539,-3.436372996866703,,,0.95,0.9,n2c,3.638259375285041,3.594796788708848,0.3486786826994519,0.0,-63.379066,2270.3241013023076,-11.489004
157,1784875388.7921374,,5.28,,5.28,,4.799999999999999,,4.799999999999999,,7.200000000000002,,7.200000000000002,,1.9800000000000002,,1.9800000000000002,,2.759999999999999,,2.759999999999999,,5.253316464833915,,4.74396822694689,,7.4280445240437984,,1.9889531981898472,,2.690588777186349,0.2677755057811737,-0.006298215899732895,0.06835118430899456,2.2549063116312027,0.20100949704647064,0.8284040093421936,0.1643659472465515,-0.376531183719635,0.7014189958572388,0.571467399597168,0.017516423016786575,8192,0.7174848914146423,4.420974254608154,0.03751865029335022,25755648,28850,12576,786,-12.264666,0.008212653738155495,0.001958809548523277,-3.597651682794094,-51.827038,0.023269545048242433,0.003362678897974547,-3.4624919265508654,,,0.95,0.9,n2c,3.4096429002317037,3.6255751151368103,0.3325628525454116,0.0,-69.937706,2350.816303249027,-12.264666
158,1784875457.7970927,,5.28,,5.28,,4.799999999999999,,4.799999999999999,,7.200000000000002,,7.200000000000002,,1.9800000000000002,,1.9800000000000002,,2.759999999999999,,2.759999999999999,,5.005757400766015,,4.487275341060013,,6.974838039837778,,1.8027208121493459,,2.557145099155605,0.12924344837665558,0.0002496969275398442,0.009872549810097553,2.2616867795586586,0.21297432482242584,0.7178826332092285,0.1717081218957901,0.10482355952262878,0.32249751687049866,0.46358245611190796,0.015438146889209747,8192,0.646571159362793,4.1655473709106445,0.02749924547970295,25919488,29044,12656,791,-18.846966,0.011213995439175051,0.0025084461085498333,-3.6029386296868324,-50.19179,0.011838518825243227,0.0013527072354918347,-3.4643155947327613,,,0.95,0.9,n2c,3.217389464316704,3.7350918981256624,0.3326064903929257,0.0,-57.839855,2374.3220820872457,-18.846966
159,1784875525.4043097,,5.28,,5.28,,4.799999999999999,,4.799999999999999,,7.200000000000002,,7.200000000000002,,1.9800000000000002,,1.9800000000000002,,2.759999999999999,,2.759999999999999,,5.707186387851834,,4.64717978425324,,7.11619664914906,,1.9686009616125375,,2.7413433245383203,0.07653854787349701,-0.0004075411707162857,0.011045715247746557,2.261297546327114,0.16325435042381287,0.8236778974533081,0.15315084159374237,0.12863603234291077,0.21574409306049347,0.6344820261001587,0.015825046226382256,8192,0.6592230796813965,4.43610143661499,0.03137730434536934,26083328,29212,12736,796,-18.319962,0.010511158952431288,0.000925085369090084,-3.5903989538550376,-46.345406,0.014527357596671208,0.0021744346217019484,-3.498014061152935,,,0.95,0.9,n2c,3.221376490132429,3.611515607200436,0.3630342721814188,0.0,-77.096214,2423.4098939808255,-18.319962
160,1784875598.0981266,,5.28,,5.28,,4.799999999999999,,4.799999999999999,,7.200000000000002,,7.200000000000002,,1.9800000000000002,,1.9800000000000002,,2.759999999999999,,2.759999999999999,,5.143290350213647,,4.499186700209975,,7.048454042524099,,1.705253504216671,,2.6465578814968467,0.15855686366558075,-5.594549293164164e-06,0.008592766069341451,2.2755579948425293,0.11805751174688339,0.818952739238739,0.117238849401474,0.08329055458307266,0.40777158737182617,0.6069022417068481,0.023764099925756454,8192,0.6802552938461304,4.208548545837402,0.027196981012821198,26247168,29385,12816,801,-4.2348757,0.01013766957767075,0.002314853023563046,-3.627785009145737,-40.324627,0.008899109491903801,0.002878245373722166,-3.523586060106754,,,0.95,0.9,n2c,3.7416518917883224,3.925124057161875,0.314499381435567,0.0,-40.308186,2253.8368059559225,-4.2348757
161,1784875669.368823,,5.28,,5.28,,4.799999999999999,,4.799999999999999,,7.200000000000002,,7.200000000000002,,1.9800000000000002,,1.9800000000000002,,2.759999999999999,,2.759999999999999,,5.379247760865837,,5.255292270332575,,7.213142103515565,,2.09782640542835,,2.8293319242075086,0.19893336296081543,-0.004872688208706677,0.03419762771227397,2.2792565524578094,0.2626846432685852,0.7639055252075195,0.2124817967414856,0.05753599852323532,0.5115308165550232,0.49087396264076233,0.018093766644597054,8192,0.6261767745018005,4.554968357086182,0.01693960838019848,26411008,29555,12896,806,-4.3563404,0.006571933592204005,0.0015241421235259623,-3.6285560473799707,-51.617085,0.007726281291979831,0.00014205015468178318,-3.5692943006753923,,,0.95,0.9,n2c,4.03587983882805,3.431649393782108,0.3222328070338777,0.0,-55.53673,2298.8410016922835,-4.3563404
162,1784875740.3449953,,5.28,,5.28,,4.799999999999999,,4.799999999999999,,7.200000000000002,,7.200000000000002,,1.9800000000000002,,1.9800000000000002,,2.759999999999999,,2.759999999999999,,5.16557093244046,,4.851669827476144,,7.6865431955084205,,2.0546552296727896,,3.0599697353318334,0.11241194605827332,-0.0027716708136722445,0.007689693316933699,2.2750039473176003,0.1812295913696289,0.8215246200561523,0.10539321601390839,-0.3341033458709717,0.3004612326622009,0.5129008293151855,0.019323652610182762,8192,0.6436173319816589,4.563681602478027,0.01870592124760151,26574848,29735,12976,811,-27.526012,0.01566792838566471,0.003825304878046154,-3.5859778836369514,-36.573418,0.012921298580477015,0.0007026860374026,-3.5632085293531417,,,0.95,0.9,n2c,3.761338055305147,3.7496726209401006,0.2670172045549307,0.0,-54.307262,2308.3805453172376,-27.526012
163,1784875808.567273,,5.28,,5.28,,4.799999999999999,,4.799999999999999,,7.200000000000002,,7.200000000000002,,1.9800000000000002,,1.9800000000000002,,2.759999999999999,,2.759999999999999,,5.741421036305837,,5.209279498143587,,7.84651968954131,,2.2164350505918264,,2.9453354412689805,0.20185035467147827,-0.00749468280992005,0.015337478689616546,2.275560215115547,0.20364266633987427,0.8180123567581177,0.1625099927186966,-0.04795216768980026,0.46406441926956177,0.48991912603378296,0.015709014609456062,8192,0.559668242931366,4.791798114776611,0.028622031211853027,26738688,29907,13056,816,-12.960434,0.01012120625237003,0.003042056213598698,-3.5269572660326958,-40.563896,0.005135458391305292,0.002409580279345391,-3.537332792580128,,,0.95,0.9,n2c,3.4593558353836458,4.010466310198832,0.45874569923252684,0.0,-71.119156,2401.5616232432194,-12.960434
164,1784875877.9419835,,5.28,,5.28,,4.799999999999999,,4.799999999999999,,7.200000000000002,,7.200000000000002,,1.9800000000000002,,1.9800000000000002,,2.759999999999999,,2.759999999999999,,4.878385242074728,,4.710518028587103,,7.24114155722782,,1.7961908606812358,,2.7113677544984967,0.06815887242555618,-0.0006390527705661952,0.002060294609691482,2.280860923230648,0.18088871240615845,0.7672086954116821,0.1407998949289322,0.4006156623363495,0.18043561279773712,0.4815085530281067,0.019633065909147263,8192,0.6695532202720642,4.267520904541016,0.04270182549953461,26902528,30120,13136,821,-33.016304,0.01545701509458013,0.0030707936282851735,-3.516826030611992,-64.01834,0.021512768272077664,0.001070406260987511,-3.5104679867625235,,,0.95,0.9,n2c,3.592952624928023,3.7982594841642894,0.22670447572996982,0.0,-67.21153,2361.667238146377,-33.016304
165,1784875949.481694,,5.28,,5.28,,4.799999999999999,,4.799999999999999,,7.200000000000002,,7.200000000000002,,1.9800000000000002,,1.9800000000000002,,2.759999999999999,,2.759999999999999,,5.4140087949926965,,4.578494931571186,,7.043214899953455,,1.9401586871827021,,2.9583508488722146,0.11508320271968842,-0.0006246931734494865,0.016072106853243895,2.280267782509327,0.22076846659183502,0.7140231132507324,0.14333565533161163,0.21252980828285217,0.3344966173171997,0.4197409152984619,0.01880408078432083,8192,0.6576055288314819,4.386845588684082,0.02028312347829342,27066368,30320,13216,826,-12.584517,0.010776728228665888,0.0020690763303718995,-3.499383981525898,-58.340954,0.020399324662867,-8.046827279031276e-05,-3.497791716456413,,,0.95,0.9,n2c,3.808792993330698,3.509354367057628,0.28550644199707836,0.0,-46.346485,2290.1967395429374,-12.584517
166,1784876022.268863,,5.28,,5.28,,4.799999999999999,,4.799999999999999,,7.200000000000002,,7.200000000000002,,1.9800000000000002,,1.9800000000000002,,2.759999999999999,,2.759999999999999,,5.1204395135864615,,4.876049146056175,,7.001901900395751,,1.8274847918655723,,2.707507906947285,0.06390242278575897,-0.0003731058241100982,0.0041490678559057415,2.2862116396427155,0.1755225658416748,0.834567129611969,0.17194226384162903,0.29502663016319275,0.17080765962600708,0.4872153103351593,0.020400339737534523,8192,0.6715428829193115,4.306676864624023,0.03197110444307327,27230208,30525,13296,831,-28.529003,0.014711758456542157,0.0007869277134886943,-3.475535735487938,-59.275047,0.030728714750148357,0.0006728382504661568,-3.4832848951220514,,,0.95,0.9,n2c,3.1927857343953123,3.7116527651685587,0.31938622723209764,0.0,-52.47984,2250.946029115843,-28.529003
167,1784876092.897568,,5.28,,5.28,,4.799999999999999,,4.799999999999999,,7.200000000000002,,7.200000000000002,,1.9800000000000002,,1.9800000000000002,,2.759999999999999,,2.759999999999999,,5.497609490994364,,4.285086720250547,,7.322650889866054,,1.8929701079032384,,2.855651957914233,0.06997774541378021,8.701190381543711e-05,0.011058289906941354,2.284173794090748,0.24450647830963135,0.717374861240387,0.14443539083003998,-0.7995105981826782,0.22581948339939117,0.5584297180175781,0.021464981138706207,8192,0.6298327445983887,4.37079381942749,0.030715560540556908,27394048,30727,13376,836,-27.703785,0.017352476227097215,0.0016454597338452005,-3.465277688205242,-51.89675,0.01695224565337412,0.0010182325640926138,-3.442632684111595,,,0.95,0.9,n2c,3.4645010793369777,3.830270895760475,0.2873321927082414,0.0,-59.91253,2319.7366263101335,-27.703785
168,1784876163.934739,,5.28,,5.28,,4.799999999999999,,4.799999999999999,,7.200000000000002,,7.200000000000002,,1.9800000000000002,,1.9800000000000002,,2.759999999999999,,2.759999999999999,,5.765617209603079,,4.721539277583361,,6.975077419076115,,1.6735556265339253,,2.7853061070200056,0.16253086924552917,-0.0003623868979047984,0.022480359868495725,2.2889805287122726,0.23057903349399567,0.8546949625015259,0.16272762417793274,-0.18511539697647095,0.4127902090549469,0.5212205648422241,0.0189169030636549,8192,0.5892423987388611,4.384219169616699,0.02725897543132305,27557888,30933,13456,841,-7.1753945,0.008961127015936654,0.0014650197670562192,-3.3971609458327294,-60.845726,0.018641670283977875,0.0010455172094225417,-3.446296568214893,,,0.95,0.9,n2c,3.4451614176398886,3.679970425114554,0.29954595128780226,0.0,-43.913044,2306.3982605607453,-7.1753945
169,1784876233.2849305,,5.28,,5.28,,4.799999999999999,,4.799999999999999,,7.200000000000002,,7.200000000000002,,1.9800000000000002,,1.9800000000000002,,2.759999999999999,,2.759999999999999,,5.478889527730644,,5.235663672909141,,7.67824633512646,,2.2261797888204455,,2.977770604775287,0.1787092685699463,-0.0005234666168689728,0.02135617594467476,2.2887115105986595,0.2546120584011078,0.7928593754768372,0.202708899974823,0.17334191501140594,0.48031482100486755,0.4871625304222107,0.014893077313899994,8192,0.5985199213027954,4.7193498611450195,0.04241543263196945,27721728,31127,13536,846,-13.370085,0.008734482631552964,0.002222799182345625,-3.432877729833126,-54.055016,0.02013136008172296,0.0012791023546014912,-3.3908679232001306,,,0.95,0.9,n2c,3.534951865443091,3.5098167257710884,0.2749597546141529,0.0,-85.66268,2362.5025663549845,-13.370085
170,1784876302.1187298,,5.28,,5.28,,4.799999999999999,,4.799999999999999,,7.200000000000002,,7.200000000000002,,1.9800000000000002,,1.9800000000000002,,2.759999999999999,,2.759999999999999,,5.1069954636041075,,4.461816192721017,,7.009762730449438,,1.8704022816382349,,2.561499427538365,0.07489331066608429,-0.013185990290367045,0.005192908538447227,2.293207995593548,0.2012660652399063,0.8010437488555908,0.1697220355272293,0.1707731932401657,0.20519988238811493,0.5062965750694275,0.02728576771914959,8192,0.6583073735237122,4.202094554901123,0.05144571140408516,27885568,31353,13616,851,-15.051161,0.00710312548908405,0.0014071614583372138,-3.4430802509188654,-87.85072,0.039939388376660646,0.0007710709309321828,-3.363520196080208,,,0.95,0.9,n2c,3.7134364058413554,3.843027488434702,0.2966973371427579,0.0,-81.09997,2380.2259308981425,-15.051161
171,1784876372.4395046,,5.28,,5.28,,4.799999999999999,,4.799999999999999,,7.200000000000002,,7.200000000000002,,1.9800000000000002,,1.9800000000000002,,2.759999999999999,,2.759999999999999,,5.313100064173341,,4.818480575457215,,7.4864711640402675,,2.0421058645879384,,2.6393826832645573,0.11399611830711365,-0.015163617150392383,0.008323458401719108,2.2989936843514442,0.21027952432632446,0.8782733082771301,0.149334117770195,0.5977473855018616,0.27601906657218933,0.5850560665130615,0.017810888588428497,8192,0.6577050685882568,4.459908485412598,0.02176998183131218,28049408,31527,13696,856,-6.0204015,0.007322431457578204,0.00043382089934311806,-3.43477191478014,-40.068733,0.01030189864541171,0.001917448615131434,-3.3808705404400827,,,0.95,0.9,n2c,3.267829581794092,3.7687811701562497,0.3301430745960008,0.0,-42.49948,2329.8947371631252,-6.0204015
172,1784876442.180279,,5.28,,5.28,,4.799999999999999,,4.799999999999999,,7.200000000000002,,7.200000000000002,,1.9800000000000002,,1.9800000000000002,,2.759999999999999,,2.759999999999999,,5.212235689628869,,5.169577036285773,,7.695057307370007,,2.207720486621838,,2.763255005585961,0.18250784277915955,-0.0016204050043597817,0.05053262982983142,2.2912854850292206,0.14784835278987885,0.6667690277099609,0.13258466124534607,-0.18634313344955444,0.5299457311630249,0.5151155591011047,0.02366868406534195,8192,0.6045454740524292,4.6095685958862305,0.035967420786619186,28213248,31722,13776,861,-12.1247635,0.01029017437249422,0.00028231887554284183,-3.433442196249962,-52.102245,0.029693072283407673,0.0018671965750399976,-3.382811515033245,,,0.95,0.9,n2c,3.0834031916118088,3.776563607638309,0.27766578179435203,0.0,-24.013325,2349.271292274186,-12.1247635
173,1784876511.7057996,,5.28,,5.28,,4.799999999999999,,4.799999999999999,,7.200000000000002,,7.200000000000002,,1.9800000000000002,,1.9800000000000002,,2.759999999999999,,2.759999999999999,,5.265719238203019,,5.234721033833921,,7.0389585150405765,,1.7950218332698569,,2.7033245842903852,0.07916833460330963,-0.0025752905930858105,0.011552723619388416,2.2909299954771996,0.19686999917030334,0.792107880115509,0.15592801570892334,-0.3321295380592346,0.2522253692150116,0.5147903561592102,0.02262851968407631,8192,0.6301029920578003,4.407548904418945,0.04689379408955574,28377088,31923,13856,866,-12.1984215,0.009540024278976489,0.0008680488579557277,-3.4408816143870355,-64.43528,0.022390588541748004,0.0009973344145691953,-3.407822187244892,,,0.95,0.9,n2c,3.2858847903721538,3.4555583409745267,0.2470327469958127,0.0,-57.897377,2356.5447123417816,-12.1984215
174,1784876580.0426438,,5.28,,5.28,,4.799999999999999,,4.799999999999999,,7.200000000000002,,7.200000000000002,,1.9800000000000002,,1.9800000000000002,,2.759999999999999,,2.759999999999999,,5.139482095837593,,4.35625047434587,,6.818399976938963,,1.9629012667573988,,2.609486232511699,0.13034746050834656,-0.004870873235631734,0.015858862243476324,2.3034531623125076,0.21016228199005127,0.7970068454742432,0.15457534790039062,0.100334033370018,0.34563520550727844,0.5392930507659912,0.029219623655080795,8192,0.6291764974594116,4.177303791046143,0.05317935347557068,28540928,32115,13936,871,-19.511997,0.010355842389981263,0.0009002116254123394,-3.4114718690514563,-47.670296,0.02385087019065395,-0.0014910653961123898,-3.386533948779106,,,0.95,0.9,n2c,3.0889859286752968,3.495154959143106,0.26127497932296223,0.0,-59.66152,2397.5353518503057,-19.511997
175,1784876650.809075,,5.28,,5.28,,4.799999999999999,,4.799999999999999,,7.200000000000002,,7.200000000000002,,1.9800000000000002,,1.9800000000000002,,2.759999999999999,,2.759999999999999,,5.040855962783098,,4.687547449953854,,7.215045498218387,,2.098861841717735,,2.7896490248385817,0.10335179418325424,-0.0031128129630815238,0.007306742525543086,2.3066944405436516,0.31495463848114014,0.6894702911376953,0.21367374062538147,-0.25836044549942017,0.2676070034503937,0.4706927239894867,0.02757929638028145,8192,0.6856910586357117,4.366391658782959,0.09247920662164688,28704768,32331,14016,876,-43.06714,0.01882631329353899,0.0021925357839791106,-3.4095932722091673,-71.53538,0.04382560303201899,0.0016023215546738356,-3.3722171992063523,,,0.95,0.9,n2c,3.5904413206117596,4.01928562216276,0.3224686545791958,0.0,-59.259106,2315.221976037241,-43.06714
176,1784876721.0203571,,5.28,,5.28,,4.799999999999999,,4.799999999999999,,7.200000000000002,,7.200000000000002,,1.9800000000000002,,1.9800000000000002,,2.759999999999999,,2.759999999999999,,6.0133534744381905,,5.108266124501824,,8.046893559396267,,2.327456647530198,,3.045395688037388,0.07360680401325226,-0.001661438262090087,0.005279292796330992,2.304026409983635,0.23787793517112732,0.663406252861023,0.18423113226890564,0.4651072919368744,0.20088276267051697,0.4576960802078247,0.0304330475628376,8192,0.44122472405433655,4.908273220062256,0.03621453791856766,28868608,32565,14096,881,-20.97424,0.011018233769573272,0.0007040121796308086,-3.3596023455262185,-56.39492,0.020344452833523975,0.0005720895205740817,-3.360436017811298,,,0.95,0.9,n2c,3.3228523659382825,3.6929997234068077,0.3672883025028604,0.0,-65.00142,2333.528130481492,-20.97424
177,1784876789.7467866,,5.28,,5.28,,4.799999999999999,,4.799999999999999,,7.200000000000002,,7.200000000000002,,1.9800000000000002,,1.9800000000000002,,2.759999999999999,,2.759999999999999,,5.715945963165723,,5.36903223535046,,7.720057923346758,,1.9844255982898176,,3.004768857732415,0.21019212901592255,-0.0009668538841651753,0.03667802456766367,2.308976575732231,0.2163892537355423,0.7001237273216248,0.15915939211845398,0.3156481981277466,0.5315607190132141,0.45774829387664795,0.02788861282169819,8192,0.6230088472366333,4.758846282958984,0.05404026061296463,29032448,32792,14176,886,-37.704132,0.014057474510627799,0.0006086459579819348,-3.3340037539601326,-69.59696,0.048338038544170556,0.0002724462661717553,-3.3285590171813966,,,0.95,0.9,n2c,3.2211818159546253,3.8191041488626,0.2882598706982824,0.0,-75.72411,2383.944584808696,-37.704132
178,1784876860.893059,,5.28,,5.28,,4.799999999999999,,4.799999999999999,,7.200000000000002,,7.200000000000002,,1.9800000000000002,,1.9800000000000002,,2.759999999999999,,2.759999999999999,,5.491477077361196,,4.790506139397621,,7.3256687466055155,,1.953618995146826,,2.9304630525875837,0.13234256207942963,-0.006695522490190342,0.015337623146479018,2.3137465938925743,0.2601800560951233,0.7593603730201721,0.27678102254867554,0.14876024425029755,0.35904812812805176,0.623695969581604,0.03363557159900665,8192,0.714673638343811,4.498347282409668,0.07599019259214401,29196288,32991,14256,891,-13.633113,0.007554174866527319,0.001468360568105709,-3.3194514185190203,-79.58851,0.0357908496982418,0.0015200158857624046,-3.322648349404335,,,0.95,0.9,n2c,3.391161257714863,3.784367910935173,0.30100705052950083,0.0,-74.131134,2302.861948689561,-13.633113
179,1784876933.3709283,,5.28,,5.28,,4.799999999999999,,4.799999999999999,,7.200000000000002,,7.200000000000002,,1.9800000000000002,,1.9800000000000002,,2.759999999999999,,2.759999999999999,,5.3545607551932335,,4.8890102514997125,,7.414456352591515,,1.8871977452654392,,2.890627440996468,0.15479528903961182,-0.010192665136855794,0.0130921506206505,2.3132388219237328,0.23122338950634003,0.768409788608551,0.18000192940235138,-0.1939024031162262,0.3864455819129944,0.5230645537376404,0.021730326116085052,8192,0.6630803942680359,4.487170696258545,0.03151552751660347,29360128,33184,14336,896,-12.640308,0.007449139644450042,0.0006215939065441489,-3.396589623391628,-46.4431,0.017487847871962003,3.1722184212412684e-05,-3.331455463171005,,,0.95,0.9,n2c,3.117910204476668,3.4797095217101344,0.28875021615130225,0.0,-69.08772,2260.55148575286,-12.640308
180,1784877003.0603232,,5.28,,5.28,,4.799999999999999,,4.799999999999999,,7.200000000000002,,7.200000000000002,,1.9800000000000002,,1.9800000000000002,,2.759999999999999,,2.759999999999999,,6.037743272259831,,5.67737409286201,,7.73601081315428,,2.2279299944639206,,2.9207125413959147,0.14565446972846985,-0.00013867499365005642,0.009608333071810193,2.3193905726075172,0.20631557703018188,0.7239137887954712,0.15703286230564117,-0.13502764701843262,0.4083925783634186,0.5006488561630249,0.018688932061195374,8192,0.4171024262905121,4.9199538230896,0.040346067398786545,29523968,33397,14416,901,-11.624658,0.008354191985563374,1.767318753991276e-05,-3.4317371129989622,-56.54483,0.026293799065751956,0.003100331382302102,-3.351735246181488,,,0.95,0.9,n2c,3.095272329684652,3.59801375044441,0.4107525940252542,0.0,-68.102844,2351.0033914341625,-11.624658
181,1784877072.1290338,,5.28,,5.28,,4.799999999999999,,4.799999999999999,,7.200000000000002,,7.200000000000002,,1.9800000000000002,,1.9800000000000002,,2.759999999999999,,2.759999999999999,,5.785363946808502,,5.4173305202275515,,7.68574460176751,,2.1143170269206166,,3.0644263009889983,0.18955989181995392,9.990612306864932e-05,0.022153240570332855,2.324766494333744,0.22863651812076569,0.7741341590881348,0.20020627975463867,0.33429455757141113,0.5352281928062439,0.47127991914749146,0.014323897659778595,8192,0.5571584105491638,4.813436508178711,0.017587153241038322,29687808,33582,14496,906,-12.20225,0.01116371170792263,0.0031810284810489973,-3.41669904589653,-47.82756,0.009087675086630043,0.0001452520868042484,-3.3682341307401655,,,0.95,0.9,n2c,3.6101523021617496,3.443555451915386,0.3279935899447616,0.0,-79.55546,2372.1328650891064,-12.20225
182,1784877141.7238922,,5.28,,5.28,,4.799999999999999,,4.799999999999999,,7.200000000000002,,7.200000000000002,,1.9800000000000002,,1.9800000000000002,,2.759999999999999,,2.759999999999999,,4.978499512188137,,4.690279421862215,,6.812605436891317,,1.574957612901926,,2.7017604866996408,0.17165975272655487,-0.00022939156770007685,0.0164343205105979,2.3259368166327477,0.2344895303249359,0.7444947361946106,0.19729916751384735,0.12123686075210571,0.4397583603858948,0.5288746356964111,0.021536875516176224,8192,0.5948935747146606,4.151620388031006,0.07304734736680984,29851648,33791,14576,911,-4.538065,0.007077980139001738,0.002732951230427716,-3.424754813313484,-67.90273,0.0516795001574792,0.0012195995237561873,-3.3797149166464804,,,0.95,0.9,n2c,3.8680304089978224,4.015053345441802,0.34832382563551656,0.0,-48.478004,2354.194612844715,-4.538065
183,1784877212.7349458,,5.28,,5.28,,4.799999999999999,,4.799999999999999,,7.200000000000002,,7.200000000000002,,1.9800000000000002,,1.9800000000000002,,2.759999999999999,,2.759999999999999,,5.0673959935083985,,4.663570778444409,,7.225438069457596,,1.9514259439893067,,2.804699922911823,0.20015913248062134,-0.0013401047326624393,0.019247915130108595,2.3282864838838577,0.2155636101961136,0.7446903586387634,0.1688402146100998,0.01145884022116661,0.5425690412521362,0.404700368642807,0.021885447204113007,8192,0.6706849932670593,4.34250545501709,0.07386509329080582,30015488,34043,14656,916,-5.7213306,0.01162047267134767,0.002682693775568623,-3.4202217757701874,-71.70012,0.044669192319270225,0.0029122247782652267,-3.399809068441391,,,0.95,0.9,n2c,3.3179095389213225,3.838358315145797,0.35989585789685674,0.0,-57.432934,2307.2463689284705,-5.7213306
184,1784877281.453826,,5.28,,5.28,,4.799999999999999,,4.799999999999999,,7.200000000000002,,7.200000000000002,,1.9800000000000002,,1.9800000000000002,,2.759999999999999,,2.759999999999999,,5.041304046288133,,4.780849885195494,,7.408960906788707,,2.0744563334155828,,2.9248928064480424,0.1497955620288849,-0.013002001971472055,0.024141314264852554,2.3261104747653008,0.2571626603603363,0.7021540403366089,0.18114826083183289,0.058626819401979446,0.4147884249687195,0.5053374767303467,0.02231687307357788,8192,0.6774081587791443,4.44609260559082,0.06614186614751816,30179328,34245,14736,921,-14.500299,0.00875231695099501,0.0005639319118927233,-3.382758855819702,-61.429646,0.03926129956962541,-0.00034207560383947566,-3.3746254935860636,,,0.95,0.9,n2c,3.5638886931253126,3.601954245364825,0.36360903940053746,0.0,-68.90595,2384.206563677676,-14.500299
185,1784877353.3874834,,5.28,,5.28,,4.799999999999999,,4.799999999999999,,7.200000000000002,,7.200000000000002,,1.9800000000000002,,1.9800000000000002,,2.759999999999999,,2.759999999999999,,5.473871285095811,,5.302882083691657,,7.367493258789182,,2.2183986748568714,,2.899576271418482,0.19960658252239227,-0.010073081626615021,0.03417566942516714,2.3218880593776703,0.19449670612812042,0.7707797288894653,0.16019770503044128,-0.7792350053787231,0.5406052470207214,0.44282835721969604,0.023660127073526382,8192,0.6490687727928162,4.652443885803223,0.04708165302872658,30343168,34463,14816,926,-13.170712,0.008997562900185585,0.0011612605667323805,-3.3650520965456963,-56.686676,0.0317550748528447,0.0007829995796782896,-3.4141625657677652,,,0.95,0.9,n2c,3.4529856824018226,3.507440963685177,0.30539550879069,0.0,-20.25995,2277.654742256228,-13.170712
186,1784877423.6447065,,5.28,,5.28,,4.799999999999999,,4.799999999999999,,7.200000000000002,,7.200000000000002,,1.9800000000000002,,1.9800000000000002,,2.759999999999999,,2.759999999999999,,5.377055469842162,,4.4378827176988125,,7.12166185490787,,1.9841318756807595,,2.949850106611848,0.27709972858428955,-0.003824564322712831,0.027306363568641245,2.3251515701413155,0.2619088888168335,0.7003800868988037,0.21062283217906952,0.08964256942272186,0.6496648788452148,0.5039238929748535,0.023467369377613068,8192,0.669807493686676,4.37411642074585,0.0693843886256218,30507008,34668,14896,931,-12.787679,0.007925005970173515,0.000646776809298899,-3.397722353041172,-62.94035,0.03744067180668935,0.0017686443403363227,-3.398493267595768,,,0.95,0.9,n2c,3.063173439639334,3.7486509070759633,0.3661312263710854,0.0,-41.702873,2332.0016984484055,-12.787679
187,1784877491.8550336,,5.28,,5.28,,4.799999999999999,,4.799999999999999,,7.200000000000002,,7.200000000000002,,1.9800000000000002,,1.9800000000000002,,2.759999999999999,,2.759999999999999,,5.132696874439716,,4.989382903208025,,7.312221184372902,,1.9459078586660326,,2.6287800278514624,0.2525385022163391,-0.004627379286830546,0.02333090893807821,2.3299334049224854,0.2642565369606018,0.6555535793304443,0.20108933746814728,-0.04455259442329407,0.6303260326385498,0.4531947374343872,0.01888084039092064,8192,0.6756869554519653,4.401797771453857,0.02516576088964939,30670848,34863,14976,936,-5.4425077,0.005991090519819409,0.0016978104453301058,-3.4040089145302774,-54.834736,0.025407579174498096,0.0002916775076300837,-3.3612056747078896,,,0.95,0.9,n2c,3.5863835444227448,3.4108075206812614,0.24134364870460492,0.0,-68.58587,2401.9823442998622,-5.4425077
188,1784877562.2294965,,5.28,,5.28,,4.799999999999999,,4.799999999999999,,7.200000000000002,,7.200000000000002,,1.9800000000000002,,1.9800000000000002,,2.759999999999999,,2.759999999999999,,4.943132815882564,,4.8167366348207,,7.024334965739399,,1.9173235092312098,,2.861018466297537,0.1423950493335724,-0.0007701062422711402,0.014900768030202016,2.324942745268345,0.2878096103668213,0.8452678918838501,0.2771260738372803,0.875746488571167,0.34866636991500854,0.5821149945259094,0.026427529752254486,8192,0.6778387427330017,4.312509536743164,0.04377055540680885,30834688,35077,15056,941,-19.448309,0.009965317061869428,0.0013025624226429499,-3.4577403545379637,-80.5509,0.04906589012825861,0.0007788233706378378,-3.347695495188236,,,0.95,0.9,n2c,3.4036140592118174,3.7525032205903806,0.28201649236507487,0.0,-47.71452,2328.1172290124396,-19.448309
189,1784877633.0079753,,5.28,,5.28,,4.799999999999999,,4.799999999999999,,7.200000000000002,,7.200000000000002,,1.9800000000000002,,1.9800000000000002,,2.759999999999999,,2.759999999999999,,5.300729164853692,,4.604570843279362,,7.312130255624652,,1.903038942371495,,2.946832304354757,0.19289037585258484,-0.001284636600757949,0.022149638331029564,2.332684613764286,0.1905985176563263,0.7630424499511719,0.13928629457950592,0.2577171325683594,0.47585493326187134,0.4682339131832123,0.022521961480379105,8192,0.684280276298523,4.4134602546691895,0.09231214970350266,30998528,35329,15136,946,-26.411667,0.010289501740771811,0.0025382163497852162,-3.489073430001736,-90.44808,0.047176661109551786,0.0011839338490972295,-3.404414173960686,,,0.95,0.9,n2c,3.2953429755191666,4.127661938396184,0.30324810170146677,0.0,-58.121258,2314.8278941265003,-26.411667
190,1784877703.1805203,,5.28,,5.28,,4.799999999999999,,4.799999999999999,,7.200000000000002,,7.200000000000002,,1.9800000000000002,,1.9800000000000002,,2.759999999999999,,2.759999999999999,,5.359275672584772,,5.05791079858318,,7.578698828816414,,1.9962080898694694,,2.8129559503868222,0.1794268637895584,-0.000537652253115084,0.04058831190923229,2.3332142531871796,0.18496841192245483,0.8708351254463196,0.14006634056568146,-1.199475884437561,0.49495959281921387,0.44470420479774475,0.016782166436314583,8192,0.6748325228691101,4.561009883880615,0.08820457756519318,31162368,35566,15216,951,-5.005242,0.0077262088991119525,0.0017724879886372945,-3.4909127697348596,-72.96195,0.041045074653811756,0.001832399793784134,-3.466954693198204,,,0.95,0.9,n2c,3.694054224939692,4.001665319517835,0.2593826153991309,0.0,-66.28581,2334.816316118768,-5.005242
191,1784877774.7758124,,5.28,,5.28,,4.799999999999999,,4.799999999999999,,7.200000000000002,,7.200000000000002,,1.9800000000000002,,1.9800000000000002,,2.759999999999999,,2.759999999999999,,5.324130776338279,,4.67828069278039,,7.319194025360048,,1.989677591715008,,2.908994495868683,0.12923011183738708,-2.8116546673118137e-05,0.04448583838529885,2.3370045572519302,0.1865236610174179,0.7488172054290771,0.12032352387905121,0.24515852332115173,0.4462422728538513,0.5514471530914307,0.019859865307807922,8192,0.6753271222114563,4.444055557250977,0.039290666580200195,31326208,35755,15296,956,-13.486954,0.00913928133813897,0.0013970600070024376,-3.452702522277832,-51.925575,0.019953866413561627,0.0004918777238344773,-3.4405238017439843,,,0.95,0.9,n2c,3.592355589933413,3.934384271335437,0.3342870666177282,0.0,-54.71582,2288.4197533665947,-13.486954
192,1784877845.0793407,,5.28,,5.28,,4.799999999999999,,4.799999999999999,,7.200000000000002,,7.200000000000002,,1.9800000000000002,,1.9800000000000002,,2.759999999999999,,2.759999999999999,,4.978727439418435,,4.9844881827011704,,7.3328655660152435,,1.8514296896755695,,2.7915112506598234,0.10084011405706406,-8.798670023679733e-05,0.00768854239868233,2.336719296872616,0.16062341630458832,0.7250686287879944,0.14321213960647583,0.25568753480911255,0.2552574574947357,0.5585594773292542,0.0215699952095747,8192,0.6600281000137329,4.3878045082092285,0.07767239958047867,31490048,35956,15376,961,-19.840778,0.009271070973773022,0.000830554065760225,-3.4677067413926124,-52.082092,0.029630690882913768,0.0008630355463537853,-3.4598520144820215,,,0.95,0.9,n2c,3.1718479330631917,3.924171074191063,0.26700486041829874,0.0,-42.87255,2330.4666056041515,-19.840778
193,1784877913.1254742,,5.28,,5.28,,4.799999999999999,,4.799999999999999,,7.200000000000002,,7.200000000000002,,1.9800000000000002,,1.9800000000000002,,2.759999999999999,,2.759999999999999,,5.928889339789748,,5.334867267869413,,7.98627463527373,,2.279913293197751,,2.9026643462711945,0.12165548652410507,0.0003117644810117781,0.0056744146859273314,2.340745083987713,0.1466699242591858,0.7826882600784302,0.12686124444007874,0.11881265044212341,0.43183210492134094,0.5551536083221436,0.013724436052143574,8192,0.49005407094955444,4.886521816253662,0.028949614614248276,31653888,36132,15456,966,-12.707682,0.007671363237022888,0.001259107913938351,-3.4388469591736794,-48.509773,0.014977466812706553,2.4894074886105955e-05,-3.4457210466265678,,,0.95,0.9,n2c,3.5614236430249937,3.719314511527925,0.49631334116526465,0.0,-73.5327,2407.7771803338414,-12.707682
194,1784877985.6496875,,5.28,,5.28,,4.799999999999999,,4.799999999999999,,7.200000000000002,,7.200000000000002,,1.9800000000000002,,1.9800000000000002,,2.759999999999999,,2.759999999999999,,5.173112399876118,,4.905228758580051,,7.291321874363348,,2.063521812669933,,2.7753826868720353,0.1060369461774826,-0.0097568518249318,0.018220205456600524,2.3498466089367867,0.1571778953075409,0.7864621877670288,0.13568493723869324,0.5738877058029175,0.3180087208747864,0.4378463625907898,0.01655898615717888,8192,0.6830170154571533,4.441712856292725,0.07360637933015823,31817728,36340,15536,971,-12.335782,0.009304013880318962,-0.00019178854272468017,-3.47306762188673,-74.64732,0.021801284566754474,0.0018878296148614026,-3.417663210630417,,,0.95,0.9,n2c,3.0920300091859794,3.9792979404416697,0.2998023723401557,0.0,-40.22843,2259.106975172445,-12.335782
195,1784878053.719916,,5.28,,5.28,,4.799999999999999,,4.799999999999999,,7.200000000000002,,7.200000000000002,,1.9800000000000002,,1.9800000000000002,,2.759999999999999,,2.759999999999999,,5.578520011622459,,5.12163926102221,,7.613017503725132,,1.982811817433685,,3.008631005883217,0.3256811499595642,-0.00047218770487233996,0.04190620774170384,2.3503925651311874,0.2208954095840454,0.7464564442634583,0.17524196207523346,0.2693077325820923,0.875474214553833,0.406406044960022,0.016620496287941933,8192,0.6536082029342651,4.660923957824707,0.06491607427597046,31981568,36560,15616,976,-12.035002,0.009978701162617653,0.00037353078805608676,-3.552898620069027,-45.88472,0.030028503574430942,0.0027723396749934183,-3.445056514441967,,,0.95,0.9,n2c,3.212370862761984,4.097048717371548,0.337101959055071,0.0,-60.056355,2406.925961550911,-12.035002
196,1784878121.7559845,,5.28,,5.28,,4.799999999999999,,4.799999999999999,,7.200000000000002,,7.200000000000002,,1.9800000000000002,,1.9800000000000002,,2.759999999999999,,2.759999999999999,,5.354985095094889,,4.997564800083637,,6.9347126223146915,,1.9593562940135598,,2.6890261583030224,0.10252783447504044,-0.008574101462727413,0.006046629045158625,2.3558001592755318,0.20402061939239502,0.6984614729881287,0.1713436394929886,0.046476881951093674,0.30091631412506104,0.4909214973449707,0.01673138700425625,8192,0.710800051689148,4.387128829956055,0.05833160877227783,32145408,36762,15696,981,-12.82661,0.007719012524466962,0.0029793586872983724,-3.5543122351169587,-68.76512,0.027543712983606382,-0.00022502322026412002,-3.468360483646393,,,0.95,0.9,n2c,3.8177485537400515,3.418732970942237,0.2927844344658199,0.0,-71.85515,2408.1353055663417,-12.82661
197,1784878191.5117514,,5.28,,5.28,,4.799999999999999,,4.799999999999999,,7.200000000000002,,7.200000000000002,,1.9800000000000002,,1.9800000000000002,,2.759999999999999,,2.759999999999999,,4.873039111727849,,4.434117311611772,,6.974829148966819,,1.8982968020718545,,2.75589770777151,0.16360215842723846,-0.002649372923769988,0.018111484387191013,2.359604164958,0.44075807929039,0.6805782914161682,0.4394124150276184,0.17367443442344666,0.403563529253006,0.5703408122062683,0.022178256884217262,8192,0.6404198408126831,4.1872358322143555,0.1284559816122055,32309248,36979,15776,986,-19.839321,0.013673442482831888,0.0018756076016870793,-3.5454275384545326,-75.121506,0.06118331348989159,0.0005394123843871057,-3.479427707195282,,,0.95,0.9,n2c,3.3790319458854285,4.286750159330174,0.32029519479674523,0.0,-63.87376,2348.765590911611,-19.839321
198,1784878262.5386047,,5.28,,5.28,,4.799999999999999,,4.799999999999999,,7.200000000000002,,7.200000000000002,,1.9800000000000002,,1.9800000000000002,,2.759999999999999,,2.759999999999999,,4.877235993742943,,4.020351387560368,,6.60273159109056,,1.5843909848481417,,2.5316481119953096,0.22377298772335052,0.00016143362154252827,0.08516995888203382,2.368552401661873,0.7904531955718994,0.7794157862663269,0.9983617663383484,-0.11308584362268448,0.670707106590271,0.7410438060760498,0.0439610630273819,8192,0.5274457335472107,3.923271656036377,0.13273458182811737,32473088,37226,15856,991,-22.147276,0.011703623234643601,0.001646665547741577,-3.5220507428050043,-88.35545,0.10881264796480536,0.0012876405860879458,-3.484600341320038,,,0.95,0.9,n2c,3.4552017556032637,4.3793245436103785,0.40101982133065806,0.0,-41.58715,2306.733273608451,-22.147276
199,1784878334.2322466,,5.28,,5.28,,4.799999999999999,,4.799999999999999,,7.200000000000002,,7.200000000000002,,1.9800000000000002,,1.9800000000000002,,2.759999999999999,,2.759999999999999,,5.542911348864436,,4.975118340924382,,7.637434013187885,,2.299782847170718,,2.912286350503564,0.22916345298290253,0.0002212983090430498,0.034967689600307494,2.371884159743786,0.22199496626853943,0.768279492855072,0.2198123186826706,0.1887350231409073,0.5423699617385864,0.426241934299469,0.016683196648955345,8192,0.6424548625946045,4.673506736755371,0.0712701678276062,32636928,37443,15936,996,-27.813477,0.01567938633961603,0.001105125612593838,-3.5368612125515937,-52.80124,0.01253829438064713,0.0013341410594875924,-3.5082788199186323,,,0.95,0.9,n2c,3.7662631671717675,4.0271796310979004,0.34135783544850495,0.0,-40.05779,2285.279480208323,-27.813477
200,1784878405.472166,,5.28,,5.28,,4.799999999999999,,4.799999999999999,,7.200000000000002,,7.200000000000002,,1.9800000000000002,,1.9800000000000002,,2.759999999999999,,2.759999999999999,,5.129451304674149,,4.755970846861601,,6.887482043355703,,1.8259057560935616,,2.6926941387355328,0.17369505763053894,9.233175660483539e-06,0.024617902032332495,2.3754638880491257,0.2328658252954483,0.7428589463233948,0.20907270908355713,0.21668517589569092,0.44174259901046753,0.6459771394729614,0.01847757212817669,8192,0.70033198595047,4.25830078125,0.03673844784498215,32800768,37632,16016,1001,-27.788197,0.012423644971568138,0.0013484268471074755,-3.49894051104784,-55.978436,0.027858531748643146,0.001539043766388204,-3.4962371602654456,,,0.95,0.9,n2c,3.680133421785322,4.031413814214041,0.24340378111368927,0.0,-37.095497,2299.834056553242,-27.788197
201,1784878474.5330334,,5.28,,5.28,,4.799999999999999,,4.799999999999999,,7.200000000000002,,7.200000000000002,,1.9800000000000002,,1.9800000000000002,,2.759999999999999,,2.759999999999999,,5.2167704433668405,,4.5182802844792604,,6.867407021578401,,1.7185717013198882,,2.8692889478988945,0.10997797548770905,9.317454532720149e-05,0.01177594049659092,2.3763433918356895,0.21471264958381653,0.7090202569961548,0.15887980163097382,0.31622782349586487,0.2850143015384674,0.5734822154045105,0.021478921175003052,8192,0.635814905166626,4.238063335418701,0.06744421273469925,32964608,37849,16096,1006,-22.918798,0.010125166583748069,0.0010370576252171303,-3.527881848812103,-73.96608,0.03540636335965246,0.001270118909451412,-3.460650014877319,,,0.95,0.9,n2c,3.534185144724396,4.167520147950914,0.2811583295597265,0.0,-77.0773,2372.4019962121156,-22.918798
202,1784878542.89464,,5.28,,5.28,,4.799999999999999,,4.799999999999999,,7.200000000000002,,7.200000000000002,,1.9800000000000002,,1.9800000000000002,,2.759999999999999,,2.759999999999999,,5.9384695291519165,,5.2683097422122955,,7.658248488791287,,2.2791912322863936,,3.090943717164919,0.09181385487318039,-0.0008253616979345679,0.00966209391481243,2.3777154311537743,0.22268030047416687,0.7779257297515869,0.187016099691391,0.10671170055866241,0.2509768009185791,0.504978597164154,0.01704541966319084,8192,0.5639961957931519,4.847032070159912,0.020958339795470238,33128448,38037,16176,1011,-45.45468,0.022492714881082065,0.0009441392823646311,-3.502022860944271,-54.18174,0.009163265553070232,0.0024665686942171305,-3.46991206407547,,,0.95,0.9,n2c,3.7671613924067033,3.989762303935829,0.3420509529017969,0.0,-72.586975,2396.6648248222637,-45.45468
203,1784878615.0070376,,5.28,,5.28,,4.799999999999999,,4.799999999999999,,7.200000000000002,,7.200000000000002,,1.9800000000000002,,1.9800000000000002,,2.759999999999999,,2.759999999999999,,5.377690842375159,,4.336344854906201,,7.109292954031844,,1.7827066928148267,,2.8033684552647173,0.06575801223516464,-0.003210642244084738,0.0022094989908509888,2.3813124746084213,0.22173291444778442,0.7761569023132324,0.18323282897472382,-0.26378384232521057,0.19318272173404694,0.5225912928581238,0.0192254688590765,8192,0.6474372148513794,4.2818803787231445,0.11152388900518417,33292288,38236,16256,1016,-36.677166,0.011156379102612846,0.0024729774275328966,-3.5509304508566855,-58.30525,0.0411139604402706,0.0017728509861626661,-3.5360614761710165,,,0.95,0.9,n2c,3.622871979597771,3.8393296633676024,0.1854813247986291,0.0,-49.068024,2272.008676486839,-36.677166
204,1784878682.0493317,,5.28,,5.28,,4.799999999999999,,4.799999999999999,,7.200000000000002,,7.200000000000002,,1.9800000000000002,,1.9800000000000002,,2.759999999999999,,2.759999999999999,,5.508783534169197,,5.242496391758323,,7.498314704746008,,2.138777186628431,,2.76248886436224,0.2046627700328827,-0.0005878619995201007,0.027471876877825707,2.3818411380052567,0.2316148728132248,0.6582528352737427,0.22154277563095093,0.20306187868118286,0.5152525901794434,0.47182974219322205,0.021838922053575516,8192,0.6768537163734436,4.630171775817871,0.052878037095069885,33456128,38456,16336,1021,-38.57225,0.016819361786474474,0.00040917246660683305,-3.5042245015501976,-68.29347,0.04040483095450327,-0.0004039107370772399,-3.5432638227939606,,,0.95,0.9,n2c,3.5793698614461924,3.7485769087770544,0.2802408767781975,0.0,-83.201256,2443.830563564345,-38.57225
205,1784878750.8063443,,5.28,,5.28,,4.799999999999999,,4.799999999999999,,7.200000000000002,,7.200000000000002,,1.9800000000000002,,1.9800000000000002,,2.759999999999999,,2.759999999999999,,4.862719016382471,,4.4098491371260025,,6.882622262462974,,1.7180133624351583,,2.5530878473073244,0.047074101865291595,-0.0012718513025902212,0.0033112182427430525,2.3844286277890205,0.3240046501159668,0.6919384002685547,0.2617778778076172,-0.5292520523071289,0.13355453312397003,0.5976548790931702,0.030136726796627045,8192,0.5599908828735352,4.0852580070495605,0.12018796801567078,33619968,38732,16416,1026,-24.517246,0.01552822116354946,0.0022285323531832544,-3.5208855524659155,-64.68872,0.0746156709967181,0.0014492356218397616,-3.5137718096375465,,,0.95,0.9,n2c,3.7077371184442653,4.551294920352303,0.22350011031978323,0.0,-91.932335,2382.884225918516,-24.517246
206,1784878819.3899188,,5.28,,5.28,,4.799999999999999,,4.799999999999999,,7.200000000000002,,7.200000000000002,,1.9800000000000002,,1.9800000000000002,,2.759999999999999,,2.759999999999999,,5.745610488927923,,5.252322168089449,,7.931179117411375,,2.1817532796412706,,3.0947992529254407,0.1456046998500824,0.00011755843297578394,0.017066856496967375,2.3895431235432625,0.19529719650745392,0.7515692114830017,0.16003674268722534,-0.18185734748840332,0.3933956027030945,0.42874497175216675,0.024300310760736465,8192,0.4914633631706238,4.841133117675781,0.08391024172306061,33783808,39064,16496,1031,-43.551674,0.0224106801324524,0.001907875698816497,-3.5165510714054107,-78.30297,0.044445842376444486,0.0008254787768237293,-3.5118054300546646,,,0.95,0.9,n2c,3.705779334670923,4.294012767218318,0.2959037171053715,0.0,-85.79727,2388.9101343845414,-43.551674
207,1784878889.483497,,5.28,,5.28,,4.799999999999999,,4.799999999999999,,7.200000000000002,,7.200000000000002,,1.9800000000000002,,1.9800000000000002,,2.759999999999999,,2.759999999999999,,5.399692928418517,,4.683666897326475,,7.41148464102298,,2.1164224250242114,,2.9163572178804316,0.10059741884469986,-0.001586756254255306,0.009992253864766099,2.3938247188925743,0.31397849321365356,0.7732213735580444,0.2509004771709442,-0.5251253247261047,0.26643070578575134,0.47408539056777954,0.024877848103642464,8192,0.6437121033668518,4.505524635314941,0.06969559192657471,33947648,39370,16576,1036,-9.006084,0.007107296978938393,0.0009968148806365207,-3.5405154138803483,-55.873253,0.053268963482696566,0.0017421811673557386,-3.5113664150238035,,,0.95,0.9,n2c,3.9087880761537646,4.360121892393368,0.2522795788460508,0.0,-51.78457,2337.4466781610013,-9.006084
208,1784878958.7965894,,5.28,,5.28,,4.799999999999999,,4.799999999999999,,7.200000000000002,,7.200000000000002,,1.9800000000000002,,1.9800000000000002,,2.759999999999999,,2.759999999999999,,4.404735614545643,,4.098354660440236,,6.376964511116967,,1.7110688097309321,,2.424241904169321,0.08754223585128784,-0.006728949578246102,0.029100200132234022,2.3991577178239822,0.18700578808784485,0.7254121899604797,0.13626453280448914,0.04980992153286934,0.35675275325775146,0.5311605930328369,0.036043357104063034,8192,0.3824324607849121,3.8030731678009033,0.16123947501182556,34111488,39671,16656,1041,-22.824497,0.00998220383480657,0.0009980176313547418,-3.5591829434037208,-70.66501,0.07737481584772468,0.0011993131309282034,-3.522272804379463,,,0.95,0.9,n2c,3.4036595443500333,4.434386873325218,0.31601582759138347,0.0,-68.88575,2363.767040808566,-22.824497
209,1784879029.1153636,,5.28,,5.28,,4.799999999999999,,4.799999999999999,,7.200000000000002,,7.200000000000002,,1.9800000000000002,,1.9800000000000002,,2.759999999999999,,2.759999999999999,,5.228722889907658,,4.823667725548148,,6.899952732026577,,1.8941881628707051,,2.7072814241982996,0.20328867435455322,0.00019009673269465566,0.029653544683242217,2.4034259393811226,0.18510763347148895,0.7083168625831604,0.145525723695755,-0.02186269499361515,0.5171704888343811,0.5249688625335693,0.02568405494093895,8192,0.6516450643539429,4.310762882232666,0.057645201683044434,34275328,39942,16736,1046,-18.108055,0.009507823927560822,0.0011362281802576035,-3.6002763718366624,-67.40895,0.03697368605062366,0.0010103045155119617,-3.5438322961330413,,,0.95,0.9,n2c,3.4255747938717307,4.478304967661425,0.26286289602521073,0.0,-64.013145,2329.9608337004174,-18.108055
210,1784879097.4005158,,5.28,,5.28,,4.799999999999999,,4.799999999999999,,7.200000000000002,,7.200000000000002,,1.9800000000000002,,1.9800000000000002,,2.759999999999999,,2.759999999999999,,5.4957954324781895,,5.222765430808067,,7.4964978117495775,,2.12973623292055,,2.8687443463131785,0.10722946375608444,-0.0016331620136043057,0.01024414589483058,2.410341329872608,0.1510780304670334,0.7060272097587585,0.12161852419376373,-0.22475743293762207,0.32401639223098755,0.5184874534606934,0.01943260431289673,8192,0.6546615362167358,4.642707824707031,0.07682424038648605,34439168,40166,16816,1051,-15.78152,0.008438819520233665,0.001296075026402832,-3.561670941114426,-71.64646,0.038366546749603006,0.001956313959090039,-3.608822824060917,,,0.95,0.9,n2c,3.1786284896438763,4.415645898534446,0.3026698695683916,0.0,-72.45843,2399.3505207448766,-15.78152
211,1784879165.9153326,,5.28,,5.28,,4.799999999999999,,4.799999999999999,,7.200000000000002,,7.200000000000002,,1.9800000000000002,,1.9800000000000002,,2.759999999999999,,2.759999999999999,,5.4289232573937625,,5.1570224412716925,,7.02765541896224,,2.1468913732096553,,2.9409474107669666,0.07269332557916641,-0.0073659930494613945,0.0030656094386358745,2.4153832867741585,0.1820194572210312,0.7580567598342896,0.16663888096809387,-0.11363877356052399,0.18532536923885345,0.4049145579338074,0.009822667576372623,8192,0.6279505491256714,4.540287971496582,0.062507763504982,34603008,40399,16896,1056,-17.153778,0.006718240212649107,0.0015680509866797365,-3.528717066347599,-55.866325,0.01758598751621321,0.001096202626649756,-3.6032944858074187,,,0.95,0.9,n2c,3.6072637919057096,4.100309127019804,0.2635609199685446,0.0,-61.8136,2391.307469771884,-17.153778
212,1784879234.1342165,,5.28,,5.28,,4.799999999999999,,4.799999999999999,,7.200000000000002,,7.200000000000002,,1.9800000000000002,,1.9800000000000002,,2.759999999999999,,2.759999999999999,,5.545910444110632,,4.835542312823236,,7.495503595098853,,1.9952302270685323,,2.775116096250713,0.16025850176811218,-0.005629036124446429,0.014308378886198625,2.4183418229222298,0.14913949370384216,0.8205095529556274,0.10683003067970276,0.6715370416641235,0.372559517621994,0.5121475458145142,0.014911124482750893,8192,0.6715255975723267,4.529460430145264,0.05592631548643112,34766848,40621,16976,1061,-78.363594,0.04389400917571038,0.0020491812145337464,-3.5015132158994673,-33.82475,0.0212185965385288,0.001821747403300833,-3.555991570651531,,,0.95,0.9,n2c,3.9447095501792284,4.065313351722873,0.24600470710202502,0.0,-77.47751,2401.680981010537,-78.363594
213,1784879302.9876857,,5.28,,5.28,,4.799999999999999,,4.799999999999999,,7.200000000000002,,7.200000000000002,,1.9800000000000002,,1.9800000000000002,,2.759999999999999,,2.759999999999999,,5.52706896327436,,5.242409081198275,,7.795338299591094,,2.108154941815883,,3.0497264300938696,0.2322072982788086,0.00023796228924766183,0.020243594801286235,2.4182666167616844,0.17520003020763397,0.80827397108078,0.1392824798822403,0.05600046366453171,0.5330947637557983,0.45343515276908875,0.01575208269059658,8192,0.6122667193412781,4.744539260864258,0.07819903641939163,34930688,40851,17056,1066,-30.24686,0.01693725080403965,0.0008546055658371187,-3.5189133852720262,-79.10047,0.04223609662149101,0.0016458194455481133,-3.529353657364845,,,0.95,0.9,n2c,3.595914892431027,4.05925589499614,0.3514087544400642,0.0,-67.72658,2379.54607181081,-30.24686
214,1784879373.3051817,,5.28,,5.28,,4.799999999999999,,4.799999999999999,,7.200000000000002,,7.200000000000002,,1.9800000000000002,,1.9800000000000002,,2.759999999999999,,2.759999999999999,,4.971552635543048,,4.549890938680619,,7.157822387292981,,1.86232298752293,,2.7042274808045477,0.13462068140506744,-0.0036037142999703065,0.013006802342715673,2.414890170097351,0.27199694514274597,0.7054782509803772,0.23036110401153564,-0.6310338973999023,0.3385809361934662,0.4941190779209137,0.026197059080004692,8192,0.687994658946991,4.2491631507873535,0.12408704310655594,35094528,41161,17136,1071,-22.574024,0.01087792826219811,0.0005457679464598187,-3.54750422090292,-74.94288,0.08163737824652344,0.0016723992142942735,-3.5387850031256676,,,0.95,0.9,n2c,2.9627026236836365,4.516418636658228,0.2893443868925494,0.0,-69.83301,2330.003333010019,-22.574024
215,1784879442.9732773,,5.28,,5.28,,4.799999999999999,,4.799999999999999,,7.200000000000002,,7.200000000000002,,1.9800000000000002,,1.9800000000000002,,2.759999999999999,,2.759999999999999,,5.419739252887666,,4.734588986379094,,7.440705252112821,,1.9993961662985384,,2.689125983742997,0.13976635038852692,-0.005600774777121842,0.010313309889170341,2.41599028557539,0.17694061994552612,0.731552243232727,0.15408356487751007,-0.06502974033355713,0.36080828309059143,0.42197126150131226,0.015729308128356934,8192,0.6901364326477051,4.456711292266846,0.05368814617395401,35258368,41423,17216,1076,-15.811336,0.006719979159242939,0.00045786582195432856,-3.536653332412243,-68.32819,0.03413009501527995,0.0008942832362663466,-3.5292686775326727,,,0.95,0.9,n2c,3.6253302703497874,3.8900674934208865,0.26943803604538163,0.0,-76.08054,2351.722156197903,-15.811336
216,1784879509.1956599,,5.28,,5.28,,4.799999999999999,,4.799999999999999,,7.200000000000002,,7.200000000000002,,1.9800000000000002,,1.9800000000000002,,2.759999999999999,,2.759999999999999,,5.080881159752607,,4.490981625393033,,6.884428938385099,,1.890642651822418,,2.519163095857948,0.08381176739931107,-0.0025104859669227153,0.012493670205003582,2.417221963405609,0.23516727983951569,0.7674015760421753,0.19556154310703278,-0.44811078906059265,0.2655050754547119,0.5386604070663452,0.015268304385244846,8192,0.6433038711547852,4.173219680786133,0.06309403479099274,35422208,41638,17296,1081,-17.191233,0.01044242563220905,0.002534026515786536,-3.543561261892319,-71.332596,0.04823630849132314,0.0013339843513676896,-3.5146535098552705,,,0.95,0.9,n2c,3.160988280415648,4.025206049724106,0.295234716438845,0.0,-78.781555,2474.0879179672556,-17.191233
217,1784879576.4543743,,5.28,,5.28,,4.799999999999999,,4.799999999999999,,7.200000000000002,,7.200000000000002,,1.9800000000000002,,1.9800000000000002,,2.759999999999999,,2.759999999999999,,5.320655225776136,,5.652806729078293,,7.623752961400896,,2.3128485262859613,,2.882930132560432,0.09338240325450897,-0.0011514082907524426,0.0073488177949911915,2.4218679443001747,0.250733882188797,0.7920545339584351,0.1533297449350357,-0.1494305580854416,0.2505038380622864,0.526952862739563,0.01701381802558899,8192,0.5435542464256287,4.758599281311035,0.11552868783473969,35586048,41887,17376,1086,-13.972824,0.008956106449477374,0.000968703230319079,-3.5037260696291925,-56.644005,0.05046889375662431,0.000678736915870104,-3.488526816666126,,,0.95,0.9,n2c,3.4246060832626894,4.200216956972261,0.23145201914398728,0.0,-70.40289,2435.9668597924538,-13.972824
218,1784879643.6288233,,5.28,,5.28,,4.799999999999999,,4.799999999999999,,7.200000000000002,,7.200000000000002,,1.9800000000000002,,1.9800000000000002,,2.759999999999999,,2.759999999999999,,5.609414299950004,,5.229238485917449,,7.917469051666558,,2.1386429817648605,,2.9530316813034005,0.11968155950307846,-0.00498822599183768,0.00919385416636942,2.422485664486885,0.15581262111663818,0.8805644512176514,0.11769060045480728,0.34371575713157654,0.334499329328537,0.47890061140060425,0.014749092981219292,8192,0.5805191397666931,4.769559383392334,0.09941796213388443,35749888,42109,17456,1091,-14.509679,0.007377128046937287,0.0022379747322702316,-3.483756859600544,-70.26404,0.03340316844405607,0.0022438432235503568,-3.471579273045063,,,0.95,0.9,n2c,3.6609831937319184,4.045521461896884,0.3325265014817237,0.0,-74.69843,2439.0226185552538,-14.509679
219,1784879711.9210954,,5.28,,5.28,,4.799999999999999,,4.799999999999999,,7.200000000000002,,7.200000000000002,,1.9800000000000002,,1.9800000000000002,,2.759999999999999,,2.759999999999999,,5.7636392787098885,,5.545352164655924,,7.803372098598629,,2.3630999950692058,,3.1840099233668298,0.08328722417354584,-0.002643861294927774,0.015258110564900562,2.428921230137348,0.20259258151054382,0.6618908047676086,0.17446081340312958,-0.11609794199466705,0.2704717516899109,0.4903615117073059,0.015910375863313675,8192,0.47736185789108276,4.9318952560424805,0.061792947351932526,35913728,42367,17536,1096,-8.135345,0.0063329189673822835,0.0008466068095003721,-3.503406357765198,-71.54814,0.025906544760800898,0.00222593792641419,-3.4842382594943047,,,0.95,0.9,n2c,3.6229917209451172,4.044935100031728,0.332371793603585,0.0,-71.62223,2399.100182052723,-8.135345
220,1784879777.3281968,,5.28,,5.28,,4.799999999999999,,4.799999999999999,,7.200000000000002,,7.200000000000002,,1.9800000000000002,,1.9800000000000002,,2.759999999999999,,2.759999999999999,,5.531287190504372,,5.070831066928804,,7.558457339357119,,2.1010347167029977,,2.9723658226430416,0.19163396954536438,-0.006375988858053461,0.02641584849334322,2.43250185996294,0.3659523129463196,0.6389043927192688,0.1887727975845337,0.6134098172187805,0.49566346406936646,0.4751938581466675,0.014915374107658863,8192,0.6531593203544617,4.646795272827148,0.08716080337762833,36077568,42688,17616,1101,-43.004158,0.017980157109559514,0.001932065625442192,-3.531855748593807,-62.317543,0.038518162746913734,-0.0011048510554246605,-3.508469206094742,,,0.95,0.9,n2c,3.506687296202336,4.164303249105775,0.25274950052245215,0.0,-83.027466,2504.9267689054213,-43.004158
221,1784879845.2659829,,5.28,,5.28,,4.799999999999999,,4.799999999999999,,7.200000000000002,,7.200000000000002,,1.9800000000000002,,1.9800000000000002,,2.759999999999999,,2.759999999999999,,4.9756715055555105,,4.639697544276714,,7.002420240547508,,2.013186297379434,,2.777558702046008,0.18360024690628052,-0.0017626025728532113,0.02189100257237442,2.436862215399742,0.2832104563713074,0.7753892540931702,0.17140205204486847,-0.4300025999546051,0.45668867230415344,0.47657454013824463,0.021393146365880966,8192,0.6421661972999573,4.281706809997559,0.10602246224880219,36241408,43065,17696,1106,-8.136733,0.005950013872643467,0.0005778945924248546,-3.5256774455308912,-71.26881,0.09506669426336885,0.0022419410284783225,-3.5220809906721113,,,0.95,0.9,n2c,3.685137178728548,4.627110136935211,0.24183738842124283,0.0,-98.57373,2411.618063281542,-8.136733
222,1784879915.093423,,5.28,,5.28,,4.799999999999999,,4.799999999999999,,7.200000000000002,,7.200000000000002,,1.9800000000000002,,1.9800000000000002,,2.759999999999999,,2.759999999999999,,5.228755593067035,,4.786937538301572,,7.183770883828402,,2.2448601480573416,,2.8763102286029607,0.09620124101638794,-0.0020571547793224454,0.007094037577189738,2.444724604487419,0.25777682662010193,0.7630558609962463,0.20588143169879913,-0.07557858526706696,0.25617656111717224,0.49148890376091003,0.02028701826930046,8192,0.6646713018417358,4.464127063751221,0.11041636019945145,36405248,43382,17776,1111,-7.75485,0.006960845175490249,0.0036871966702165084,-3.504309967160225,-91.247604,0.07855884516611696,0.001218274930579355,-3.4861384317278863,,,0.95,0.9,n2c,3.8675921579897214,4.34895611342167,0.21613728823819378,0.0,-62.205555,2346.355682835355,-7.75485
223,1784879985.1583316,,5.28,,5.28,,4.799999999999999,,4.799999999999999,,7.200000000000002,,7.200000000000002,,1.9800000000000002,,1.9800000000000002,,2.759999999999999,,2.759999999999999,,5.273213761858642,,4.796506648766808,,7.273215368390083,,2.121846091002226,,2.8266577823087573,0.23054835200309753,-0.0020093997518415563,0.02858541702153161,2.4582702219486237,0.20535039901733398,0.7260687947273254,0.18059709668159485,0.25546205043792725,0.5523129105567932,0.43843239545822144,0.014925561845302582,8192,0.6938881874084473,4.458288192749023,0.07228311151266098,36569088,43730,17856,1116,-14.79125,0.007758553838357329,0.0029326401774596887,-3.511768880486488,-74.075005,0.07374975178390741,0.00044814734865212814,-3.507348138093948,,,0.95,0.9,n2c,3.870690602469888,4.422119464223111,0.33326385794891245,0.0,-70.337036,2338.4029218796195,-14.79125
224,1784880053.3867989,,5.28,,5.28,,4.799999999999999,,4.799999999999999,,7.200000000000002,,7.200000000000002,,1.9800000000000002,,1.9800000000000002,,2.759999999999999,,2.759999999999999,,5.196812602691352,,4.498401196906343,,6.625725784339011,,1.7505468972958624,,2.635221097385511,0.3652103543281555,-0.003248144654207863,0.050719625665806234,2.462760165333748,0.2179901897907257,0.7203807830810547,0.19449009001255035,0.20886321365833282,0.9401557445526123,0.5013061165809631,0.01562773622572422,8192,0.6117476224899292,4.141341209411621,0.07451967895030975,36732928,44055,17936,1121,-32.42239,0.012749871623236686,0.001564865624823142,-3.53748437166214,-104.437355,0.09124221247620881,0.0010696396595449187,-3.533571918308735,,,0.95,0.9,n2c,3.5494733661001208,4.480723403448115,0.368439741950032,0.0,-95.15103,2401.343821233356,-32.42239
225,1784880119.7083232,,5.28,,5.28,,4.799999999999999,,4.799999999999999,,7.200000000000002,,7.200000000000002,,1.9800000000000002,,1.9800000000000002,,2.759999999999999,,2.759999999999999,,5.409860003739595,,5.108045200351626,,7.781101476401091,,1.956093868240714,,3.076036009006202,0.1342809796333313,-0.004629263369224645,0.022945399017771706,2.458458326756954,0.2631692588329315,0.6600621342658997,0.20884394645690918,0.1734822541475296,0.3768216669559479,0.4352789521217346,0.013018951751291752,8192,0.6520954966545105,4.666227340698242,0.063689224421978,36896768,44339,18016,1126,-8.648033,0.0055549050302943215,0.0007035355280095246,-3.534785197675228,-48.802635,0.026099315250758082,-0.0007638548049726523,-3.541458782553673,,,0.95,0.9,n2c,3.6074327297985924,4.146126249148612,0.3217592916178627,0.0,-83.57121,2470.3895262706205,-8.648033
226,1784880186.813288,,5.28,,5.28,,4.799999999999999,,4.799999999999999,,7.200000000000002,,7.200000000000002,,1.9800000000000002,,1.9800000000000002,,2.759999999999999,,2.759999999999999,,5.796931668184698,,5.246919800527394,,7.633246332406998,,2.3028828664682806,,2.971403588540852,0.21593043208122253,-0.015525365971370775,0.06370625551789999,2.4591045305132866,0.17040276527404785,0.7052717208862305,0.13239958882331848,-0.5071731805801392,0.614679753780365,0.45212507247924805,0.014736500568687916,8192,0.6234263777732849,4.790277004241943,0.09506341814994812,37060608,44692,18096,1131,-16.43506,0.008253368164878339,0.001528686345409369,-3.5659265741705894,-88.31908,0.0531769128749147,0.0013225426315329968,-3.5463417515158655,,,0.95,0.9,n2c,3.688424718975223,4.2212582111089665,0.28862241304672515,0.0,-83.71184,2441.5479936651313,-16.43506
227,1784880254.0631194,,5.28,,5.28,,4.799999999999999,,4.799999999999999,,7.200000000000002,,7.200000000000002,,1.9800000000000002,,1.9800000000000002,,2.759999999999999,,2.759999999999999,,5.580895525868982,,4.826474912464619,,7.18418493680656,,2.169073627097532,,2.867956221103668,0.15929710865020752,-0.0012113300981582142,0.021960332989692688,2.469081223011017,0.22573626041412354,0.7092045545578003,0.14202085137367249,0.2531158924102783,0.42031529545783997,0.47524136304855347,0.019214145839214325,8192,0.6631177663803101,4.525717258453369,0.08905256539583206,37224448,45024,18176,1136,-22.283033,0.006731919008598197,0.000634846612229012,-3.609557403624058,-95.05601,0.09613475608639419,-0.00039432957710232585,-3.5920093551278116,,,0.95,0.9,n2c,3.5773368460043122,4.590189074956868,0.27650368029810035,0.0,-89.274895,2436.2887227198044,-22.283033
228,1784880323.8613932,,5.28,,5.28,,4.799999999999999,,4.799999999999999,,7.200000000000002,,7.200000000000002,,1.9800000000000002,,1.9800000000000002,,2.759999999999999,,2.759999999999999,,5.8865306712687016,,5.045230144634843,,7.673258980736136,,1.8973739808425307,,2.7770333169028163,0.10467466711997986,0.0001679514880379429,0.011499162657855777,2.4728530943393707,0.184336319565773,0.772681474685669,0.12904708087444305,-0.16974042356014252,0.28894123435020447,0.48201948404312134,0.019172364845871925,8192,0.6093877553939819,4.655884742736816,0.11168524622917175,37388288,45422,18256,1141,-8.760251,0.005945052231254522,0.0008276118893263629,-3.592275306582451,-81.31355,0.10266093956306577,0.00191986773716053,-3.6426034808158874,,,0.95,0.9,n2c,3.6445577515161602,4.703732050486835,0.33406986163123265,0.0,-59.079613,2347.335927157213,-8.760251
229,1784880390.2010527,,5.28,,5.28,,4.799999999999999,,4.799999999999999,,7.200000000000002,,7.200000000000002,,1.9800000000000002,,1.9800000000000002,,2.759999999999999,,2.759999999999999,,5.967146817594767,,4.797292098402977,,7.3820432247594,,2.1801075898110867,,2.9699187871301547,0.21968896687030792,-0.001606360252480954,0.02295216653146781,2.4729596450924873,0.26088711619377136,0.7412248849868774,0.1820170283317566,0.7924611568450928,0.5578811168670654,0.44935843348503113,0.017487388104200363,8192,0.649177610874176,4.6593017578125,0.11839436739683151,37552128,45765,18336,1146,-8.833104,0.006164596491726115,0.0015776499392814002,-3.571750469505787,-92.80971,0.10278497217223048,0.0002529059725929983,-3.632596018910408,,,0.95,0.9,n2c,3.687193231422305,4.518365412191265,0.21951812614445848,0.0,-84.335976,2469.714214308137,-8.833104
230,1784880456.0256364,,5.28,,5.28,,4.799999999999999,,4.799999999999999,,7.200000000000002,,7.200000000000002,,1.9800000000000002,,1.9800000000000002,,2.759999999999999,,2.759999999999999,,5.481686679646373,,5.184040020685643,,7.618885966017842,,2.06271523545729,,2.981835096143186,0.17170000076293945,-0.016052834733272903,0.019816573039861396,2.469839483499527,0.3044179677963257,0.7082362174987793,0.25249624252319336,0.14285877346992493,0.4861587584018707,0.4537438154220581,0.011824614368379116,8192,0.6271737813949585,4.665832996368408,0.07987935841083527,37715968,46094,18416,1151,-67.70609,0.0317970990203321,0.0023998905802727678,-3.5594624623656275,-55.650887,0.046444989426527174,0.0013336767231521662,-3.606020490825176,,,0.95,0.9,n2c,3.7979026618905167,4.328809794199587,0.31747782192025886,0.0,-82.12727,2489.039785051387,-67.70609
231,1784880522.546524,,5.28,,5.28,,4.799999999999999,,4.799999999999999,,7.200000000000002,,7.200000000000002,,1.9800000000000002,,1.9800000000000002,,2.759999999999999,,2.759999999999999,,6.0713820507517084,,5.259210705757141,,7.569655131548643,,2.315621889109025,,3.1149758668616414,0.16108587384223938,-0.0006832201033830643,0.02522716292878613,2.4693522825837135,0.21485361456871033,0.667472243309021,0.19365456700325012,-0.21228426694869995,0.41858360171318054,0.5420480370521545,0.013645263388752937,8192,0.5289381742477417,4.866168975830078,0.10551401972770691,37879808,46389,18496,1156,-15.819231,0.00804371137637645,0.002392536414845381,-3.5393177673220633,-58.79148,0.057400559075176716,0.0007393811509246006,-3.566666753590107,,,0.95,0.9,n2c,3.582881708019096,4.194692693583461,0.29488115835109024,0.0,-91.53123,2462.9857931775664,-15.819231
232,1784880589.9472153,,5.28,,5.28,,4.799999999999999,,4.799999999999999,,7.200000000000002,,7.200000000000002,,1.9800000000000002,,1.9800000000000002,,2.759999999999999,,2.759999999999999,,4.851680856198072,,4.752589471638203,,7.164485554210842,,2.0787363396957517,,2.9927447732770815,0.1419074982404709,-0.020378265748149715,0.008597526437370107,2.476097986102104,0.2117423713207245,0.8041841983795166,0.18454775214195251,-0.25055086612701416,0.370599627494812,0.5267611742019653,0.017070241272449493,8192,0.6926342248916626,4.36804723739624,0.09097837656736374,38043648,46792,18576,1161,-16.05511,0.01014755093929125,0.0022066962330427485,-3.51473817974329,-70.62814,0.09739676867611706,-0.0006131828355137259,-3.545052410662174,,,0.95,0.9,n2c,3.8516681278721103,4.300373010919304,0.3017259489237858,0.0,-88.43471,2430.8355056076266,-16.05511
233,1784880657.2847583,,5.28,,5.28,,4.799999999999999,,4.799999999999999,,7.200000000000002,,7.200000000000002,,1.9800000000000002,,1.9800000000000002,,2.759999999999999,,2.759999999999999,,5.689343719277531,,5.112439657561481,,7.470541024493286,,2.106340874917805,,2.9010494854301214,0.12625260651111603,-0.004423937352839857,0.014238115996704437,2.47966580837965,0.19785183668136597,0.8093848824501038,0.15920397639274597,-0.005566820502281189,0.33417513966560364,0.48199328780174255,0.019812073558568954,8192,0.6293126344680786,4.655942916870117,0.11780762672424316,38207488,47256,18656,1166,-15.635529,0.009058008377905935,0.0014019356589415112,-3.502927929162979,-73.30055,0.10180681007914245,0.0013152333442121745,-3.5386717915534973,,,0.95,0.9,n2c,3.180729250885098,4.526351255925975,0.27736455999256315,0.0,-85.59489,2433.115220088569,-15.635529
234,1784880723.8549225,,5.28,,5.28,,4.799999999999999,,4.799999999999999,,7.200000000000002,,7.200000000000002,,1.9800000000000002,,1.9800000000000002,,2.759999999999999,,2.759999999999999,,5.745343711227179,,5.565824363846332,,7.726721363142133,,2.2509218431077898,,2.9674272779375315,0.051576387137174606,-0.006316668685030891,0.004623182765499223,2.4729565903544426,0.21009287238121033,0.7938151359558105,0.19149132072925568,0.21326753497123718,0.13719585537910461,0.4784175157546997,0.015503348782658577,8192,0.5445437431335449,4.851247310638428,0.09402249753475189,38371328,47663,18736,1171,-15.360605,0.011588348250370473,0.001542827238154132,-3.525181758403778,-83.31754,0.06574413450434805,0.0010894239945628214,-3.532914234697819,,,0.95,0.9,n2c,3.3618728830598883,4.292690686079582,0.3258178070990858,0.0,-85.214264,2461.162600669967,-15.360605
235,1784880790.4299319,,5.28,,5.28,,4.799999999999999,,4.799999999999999,,7.200000000000002,,7.200000000000002,,1.9800000000000002,,1.9800000000000002,,2.759999999999999,,2.759999999999999,,5.4334052400663495,,5.290791497565806,,7.857659714762121,,1.9846665896475315,,2.899250463116914,0.09917022287845612,7.090461440384388e-05,0.003955361098633148,2.4720811024308205,0.2048378586769104,0.6793802976608276,0.15488387644290924,0.46055662631988525,0.2708324193954468,0.4997742772102356,0.017092419788241386,8192,0.598007082939148,4.693154811859131,0.13704994320869446,38535168,48120,18816,1176,-60.443703,0.028953208989696576,-0.00016340122965630144,-3.5358173310756684,-67.82458,0.1012341442052275,-0.0002741302581853233,-3.5539325803518294,,,0.95,0.9,n2c,3.4297430952533645,4.364594780752328,0.235810897124423,0.0,-92.43706,2460.9836287857543,-60.443703
236,1784880860.2148936,,5.28,,5.28,,4.799999999999999,,4.799999999999999,,7.200000000000002,,7.200000000000002,,1.9800000000000002,,1.9800000000000002,,2.759999999999999,,2.759999999999999,,5.285720597952604,,4.4548460226505995,,7.1849268092773855,,1.9327205196022987,,2.6620860600378364,0.2055489420890808,-0.002474020468071103,0.020164409332210198,2.4784312769770622,0.2238268256187439,0.7302576303482056,0.16898176074028015,0.4594488739967346,0.4920475482940674,0.5009782314300537,0.017103757709264755,8192,0.6795830726623535,4.304059982299805,0.11720424145460129,38699008,48577,18896,1181,-29.329025,0.01455731523456052,0.0026885390405368527,-3.5356298699975013,-92.895836,0.11602434618398547,0.0008809330516669434,-3.5469864517450334,,,0.95,0.9,n2c,3.561768216300461,4.681566932750627,0.23994104533113098,0.0,-59.34469,2347.783663220228,-29.329025
237,1784880927.7423975,,5.28,,5.28,,4.799999999999999,,4.799999999999999,,7.200000000000002,,7.200000000000002,,1.9800000000000002,,1.9800000000000002,,2.759999999999999,,2.759999999999999,,5.0494960732758045,,4.350535415112972,,6.526345615275204,,1.6776158241555095,,2.5495031671598554,0.0798003077507019,-0.004662350984290242,0.004515751217695652,2.4862578734755516,0.32335877418518066,0.7312079071998596,0.32402145862579346,-0.0270288847386837,0.1982235163450241,0.5674092769622803,0.02321874350309372,8192,0.5577293634414673,4.030699253082275,0.09654301404953003,38862848,49038,18976,1186,-55.9459,0.02693324131250847,0.0036352510389406232,-3.5135436177253725,-82.66421,0.14199378732591866,0.00010274372616549953,-3.5489825159311295,,,0.95,0.9,n2c,3.5582080302133514,4.587917448719321,0.30427841756024765,0.0,-89.78086,2426.270626730909,-55.9459
238,1784880996.3339581,,5.28,,5.28,,4.799999999999999,,4.799999999999999,,7.200000000000002,,7.200000000000002,,1.9800000000000002,,1.9800000000000002,,2.759999999999999,,2.759999999999999,,4.909514672588557,,4.185923470184207,,7.252301651285961,,1.815777818672359,,2.6414999049156904,0.08732688426971436,-0.004298919167922577,0.0044139946840004995,2.48119355738163,0.35964691638946533,0.7711002826690674,0.3822630047798157,0.26642823219299316,0.22282397747039795,0.5905150771141052,0.022269297391176224,8192,0.6179832220077515,4.161003589630127,0.10137192159891129,39026688,49405,19056,1191,-31.022022,0.012996546569047496,0.000978114792087581,-3.4943800270557404,-92.25053,0.1639751643873751,0.0007596792536787688,-3.5163132727146147,,,0.95,0.9,n2c,3.2693328887643767,4.507094039678855,0.2589447618602438,0.0,-75.925125,2388.632066589156,-31.022022
239,1784881063.6882863,,5.28,,5.28,,4.799999999999999,,4.799999999999999,,7.200000000000002,,7.200000000000002,,1.9800000000000002,,1.9800000000000002,,2.759999999999999,,2.759999999999999,,4.931512429378927,,4.3705962031381205,,7.149659502319992,,1.8480928465723991,,2.625061670318246,0.25405293703079224,-0.004672019211284351,0.028153620893135667,2.481860361993313,0.3216077983379364,0.6459392309188843,0.27723827958106995,0.025484181940555573,0.6678316593170166,0.5725778937339783,0.02360585331916809,8192,0.6401321291923523,4.18498420715332,0.13210144639015198,39190528,49796,19136,1196,-30.308674,0.012012668918760027,0.0013164363670512102,-3.4800929456949232,-93.50515,0.13688539722934365,0.0005006415434763767,-3.506881968677044,,,0.95,0.9,n2c,3.3155376072873928,4.292552324881306,0.238673319807839,0.0,-89.51039,2432.5088003189935,-30.308674
240,1784881130.6626291,,5.28,,5.28,,4.799999999999999,,4.799999999999999,,7.200000000000002,,7.200000000000002,,1.9800000000000002,,1.9800000000000002,,2.759999999999999,,2.759999999999999,,5.2300236988812685,,4.791207171976566,,7.050618813373148,,1.8839177805930376,,2.626128561794758,0.3043203055858612,-0.003309260733658448,0.03985664388164878,2.4908230677247047,0.18279597163200378,0.8020806312561035,0.1329125612974167,0.15829253196716309,0.7069433331489563,0.5683313012123108,0.019766220822930336,8192,0.7233003377914429,4.316379547119141,0.1355920135974884,39354368,50234,19216,1201,-22.478298,0.011315204568381887,0.0005300330085447058,-3.456488239765167,-84.95837,0.10160947246477008,-0.0005669315069098957,-3.4799547865986824,,,0.95,0.9,n2c,3.170181770383137,4.461943631074226,0.3324049364523777,0.0,-88.110916,2446.3100863900204,-22.478298
241,1784881200.5586371,,5.28,,5.28,,4.799999999999999,,4.799999999999999,,7.200000000000002,,7.200000000000002,,1.9800000000000002,,1.9800000000000002,,2.759999999999999,,2.759999999999999,,5.5049065463244915,,5.198798639234155,,7.683911099098623,,2.153497460880317,,2.8285321570001543,0.15533751249313354,-0.001333594846073538,0.03876586485421285,2.491570845246315,0.24196933209896088,0.7701557874679565,0.22724267840385437,-0.005126558244228363,0.46908509731292725,0.4642232358455658,0.014664778485894203,8192,0.6119428873062134,4.673928737640381,0.11145472526550293,39518208,50672,19296,1206,-15.700258,0.008417149407614488,0.00044143226550659166,-3.4609421983361246,-95.34602,0.06891041663475335,0.0006535251071909442,-3.493635894358158,,,0.95,0.9,n2c,3.027471453832431,4.30930552827806,0.22114324267071267,0.0,-82.50581,2344.0537866557934,-15.700258
242,1784881269.2719672,,5.28,,5.28,,4.799999999999999,,4.799999999999999,,7.200000000000002,,7.200000000000002,,1.9800000000000002,,1.9800000000000002,,2.759999999999999,,2.759999999999999,,5.512067241594195,,5.487898431485519,,7.793391725514084,,2.1068289775867015,,2.93984351772815,0.09234312921762466,-0.0011990522762062028,0.015527911600656807,2.4994136914610863,0.23092712461948395,0.6634849309921265,0.17984846234321594,0.10515560954809189,0.2982637584209442,0.494344025850296,0.015909278765320778,8192,0.6015271544456482,4.768006324768066,0.11855077743530273,39682048,51041,19376,1211,-21.763832,0.010783841261581984,0.0018654832849279046,-3.464501155912876,-75.19285,0.10095349433831871,0.0016140249048476108,-3.477305881679058,,,0.95,0.9,n2c,3.317972501649116,4.410660945409435,0.2521413206115354,0.0,-90.02922,2384.398914633656,-21.763832
243,1784881338.5285087,,5.28,,5.28,,4.799999999999999,,4.799999999999999,,7.200000000000002,,7.200000000000002,,1.9800000000000002,,1.9800000000000002,,2.759999999999999,,2.759999999999999,,5.731792097911239,,5.26332865038421,,7.75295029906556,,2.201331369811669,,3.024862869642675,0.1628796011209488,-0.0012982424232177436,0.011941565404413268,2.5067778155207634,0.25229689478874207,0.7167176604270935,0.25147947669029236,-0.4093478322029114,0.41157475113868713,0.4655749499797821,0.011876214295625687,8192,0.5963279008865356,4.794853210449219,0.10078386962413788,39845888,51423,19456,1216,-15.076489,0.008321647238335571,0.0014367072595632634,-3.446322572231293,-84.44857,0.0471000914578326,2.9980926774442197e-05,-3.5041801974177362,,,0.95,0.9,n2c,3.335103773310698,4.081939493185498,0.2292378533986425,0.0,-87.74214,2365.6972427479254,-15.076489
244,1784881407.0934837,,5.28,,5.28,,4.799999999999999,,4.799999999999999,,7.200000000000002,,7.200000000000002,,1.9800000000000002,,1.9800000000000002,,2.759999999999999,,2.759999999999999,,5.250916069373488,,4.19242076203227,,7.042602861300111,,1.6737037696875632,,2.621132453903556,0.10016265511512756,-0.008613545302068815,0.007971307219122536,2.5080235451459885,0.2412184476852417,0.732011079788208,0.18154430389404297,-0.13069090247154236,0.24905510246753693,0.5543215870857239,0.01809840463101864,8192,0.6354076266288757,4.156155586242676,0.09731348603963852,40009728,51817,19536,1221,-21.84298,0.009746760915732011,0.00038924858818063514,-3.455214385688305,-95.66386,0.11537248240783811,0.0024100456881569698,-3.523092393577099,,,0.95,0.9,n2c,3.109566725766022,5.014034750257699,0.25853579684334094,0.0,-94.11645,2389.5590024046264,-21.84298
245,1784881476.9324117,,5.28,,5.28,,4.799999999999999,,4.799999999999999,,7.200000000000002,,7.200000000000002,,1.9800000000000002,,1.9800000000000002,,2.759999999999999,,2.759999999999999,,6.075213615433313,,5.46075358055532,,7.630996241234243,,2.0889453580603004,,3.0405016851145774,0.08119042217731476,-0.005734801801736467,0.006946472138224635,2.5136462599039078,0.1689264476299286,0.7179917097091675,0.1425769329071045,0.23222443461418152,0.2352379560470581,0.5993413925170898,0.01264131348580122,8192,0.5158118009567261,4.859281539916992,0.11632440239191055,40173568,52153,19616,1226,-8.388994,0.0062768332296400334,0.0016027076198952273,-3.445337285101414,-83.99267,0.07861910362262278,0.0017598010635992978,-3.4901673078536986,,,0.95,0.9,n2c,3.646779046900322,4.339056645250655,0.2570998358027859,0.0,-72.354416,2345.9686994567423,-8.388994
246,1784881545.15014,,5.28,,5.28,,4.799999999999999,,4.799999999999999,,7.200000000000002,,7.200000000000002,,1.9800000000000002,,1.9800000000000002,,2.759999999999999,,2.759999999999999,,5.374394666403532,,4.936885699629784,,7.1351436441764235,,1.9924308664631099,,2.729768463410437,0.2306232750415802,-0.00010566660785116255,0.03317063063150272,2.512084737420082,0.2529568672180176,0.7338858842849731,0.2193845957517624,-0.3514329195022583,0.5785386562347412,0.5290796160697937,0.011023779399693012,8192,0.6772276163101196,4.433724880218506,0.0857635885477066,40337408,52467,19696,1231,-16.472979,0.010594494573888369,0.0006953302668989636,-3.4654491797089575,-62.264362,0.060688419523648916,0.0011093710680142976,-3.4881408661603928,,,0.95,0.9,n2c,2.886099289565169,4.090213967155501,0.3166628364638997,0.0,-85.37736,2401.721762891227,-16.472979
247,1784881615.7705648,,5.28,,5.28,,4.799999999999999,,4.799999999999999,,7.200000000000002,,7.200000000000002,,1.9800000000000002,,1.9800000000000002,,2.759999999999999,,2.759999999999999,,5.515074022114277,,4.863362092059106,,7.222816632129252,,2.1716191107407212,,2.7432871165219694,0.1722741723060608,-0.00048067897296277806,0.011405283978092484,2.5181554928421974,0.24388721585273743,0.6728768944740295,0.20234307646751404,-0.20503847301006317,0.4242279529571533,0.5615403652191162,0.01583569496870041,8192,0.6859038472175598,4.503231525421143,0.11411883682012558,40501248,52783,19776,1236,-9.034932,0.008441436516295652,0.000300018706911942,-3.4858968570828437,-87.04579,0.10439996784552932,0.002180290409887675,-3.4600083768367766,,,0.95,0.9,n2c,3.416382725495194,4.471388257108032,0.2387285544152353,0.0,-77.49842,2320.008796176411,-9.034932
248,1784881686.481255,,5.28,,5.28,,4.799999999999999,,4.799999999999999,,7.200000000000002,,7.200000000000002,,1.9800000000000002,,1.9800000000000002,,2.759999999999999,,2.759999999999999,,5.410719137638807,,5.079251838847995,,7.61301152408123,,2.1391738266684115,,2.7414994922000915,0.13286660611629486,-0.016146478432347067,0.01985066631459631,2.518426164984703,0.22783808410167694,0.6909441351890564,0.1936211884021759,0.04504798725247383,0.36331048607826233,0.6083447933197021,0.013204371556639671,8192,0.6611072421073914,4.596731662750244,0.10877789556980133,40665088,53075,19856,1241,-7.886621,0.010360865828988607,0.0020340707895229572,-3.462808255851269,-89.09823,0.0887432701420039,0.0010450387126184069,-3.4355071261525154,,,0.95,0.9,n2c,3.451986072742225,4.182068280865744,0.29655644621656585,0.0,-88.328415,2317.0471833536385,-7.886621
249,1784881756.593339,,5.28,,5.28,,4.799999999999999,,4.799999999999999,,7.200000000000002,,7.200000000000002,,1.9800000000000002,,1.9800000000000002,,2.759999999999999,,2.759999999999999,,5.4394987896084785,,4.683182545006275,,7.343591764860321,,2.0165567388758063,,2.800218101590872,0.08475559949874878,-0.007699847046751529,0.011838704507681541,2.5227855816483498,0.16502350568771362,0.7182881236076355,0.12980595231056213,0.20651032030582428,0.2585846483707428,0.5864498019218445,0.012230116873979568,8192,0.7195541858673096,4.45660924911499,0.11981049925088882,40828928,53398,19936,1246,-25.91185,0.013134645941318013,0.0008665485525853001,-3.466657227277756,-85.70824,0.08822075673379004,0.00034260618849657476,-3.435093340277672,,,0.95,0.9,n2c,3.30427647558214,4.254069310996231,0.22107423286040925,0.0,-92.168465,2336.8296105028385,-25.91185
250,1784881827.884478,,5.28,,5.28,,4.799999999999999,,4.799999999999999,,7.200000000000002,,7.200000000000002,,1.9800000000000002,,1.9800000000000002,,2.759999999999999,,2.759999999999999,,5.132018954085652,,4.3060858231037855,,7.406614523613825,,1.9362286691903137,,2.8826781507523265,0.17507007718086243,-0.002293847228429513,0.015021992105175741,2.5207948684692383,0.19588489830493927,0.678400993347168,0.15228505432605743,0.09854258596897125,0.4187657833099365,0.5624785423278809,0.016832739114761353,8192,0.6563605666160583,4.332725524902344,0.11269337683916092,40992768,53800,20016,1251,-23.232317,0.010360845341347158,0.001090557870338671,-3.4530084818601607,-90.27925,0.08383984102401883,-0.0002983778787893243,-3.4581070244312286,,,0.95,0.9,n2c,3.266971752435077,4.138668324648881,0.18979522400845852,0.0,-76.34626,2298.182309967359,-23.232317
251,1784881897.2871628,,5.28,,5.28,,4.799999999999999,,4.799999999999999,,7.200000000000002,,7.200000000000002,,1.9800000000000002,,1.9800000000000002,,2.759999999999999,,2.759999999999999,,5.784957875486725,,5.026446838164702,,7.205086143687367,,1.9531096594873816,,2.917910401825793,0.11572342365980148,8.349477138835937e-05,0.023786449106410146,2.5190833061933517,0.1953122466802597,0.7110711336135864,0.1785501092672348,-0.05006372183561325,0.3591211438179016,0.6013727188110352,0.017229625955224037,8192,0.6595168113708496,4.577502250671387,0.11885671317577362,41156608,54125,20096,1256,-14.641469,0.007293776364531368,0.0013371048429689837,-3.465541960299015,-93.09517,0.12260332400910556,0.0004853098187595606,-3.4573108866810798,,,0.95,0.9,n2c,3.56211874113758,4.338321455264499,0.21424394207268702,0.0,-83.467,2360.7150846097043,-14.641469
252,1784881966.496767,,5.28,,5.28,,4.799999999999999,,4.799999999999999,,7.200000000000002,,7.200000000000002,,1.9800000000000002,,1.9800000000000002,,2.759999999999999,,2.759999999999999,,5.371174337575212,,4.7574077462777495,,7.177502626553178,,1.8727823179215193,,2.613493618904613,0.16879332065582275,-0.004348527401816682,0.020156487546046264,2.51919037848711,0.2178950160741806,0.717292308807373,0.1661815345287323,-0.06097280606627464,0.4249613881111145,0.5665246248245239,0.017673948779702187,8192,0.6461455225944519,4.358471870422363,0.11149012297391891,41320448,54468,20176,1261,-38.89044,0.016405779952765442,0.0016574638902966399,-3.494427615404129,-77.569305,0.10560924476012587,-0.0004794563516043127,-3.457143931090832,,,0.95,0.9,n2c,3.203534226182711,4.1404660637012265,0.2954397941039589,0.0,-83.58632,2367.301405486295,-38.89044
253,1784882036.506302,,5.28,,5.28,,4.799999999999999,,4.799999999999999,,7.200000000000002,,7.200000000000002,,1.9800000000000002,,1.9800000000000002,,2.759999999999999,,2.759999999999999,,5.330002853646874,,4.502390246838331,,7.019720128271729,,2.0376574182882905,,2.874376457184553,0.18510442972183228,-0.0001985094277188182,0.022353527194354683,2.523004323244095,0.25424206256866455,0.7078049182891846,0.211666077375412,0.03354191035032272,0.5097517967224121,0.5183295011520386,0.012146909721195698,8192,0.6904996633529663,4.3528289794921875,0.11579339951276779,41484288,54765,20256,1266,-30.841183,0.020850768795935438,0.00111375705600949,-3.551516032218933,-69.06313,0.06093372544273734,-0.00040180143259931355,-3.4574601903557776,,,0.95,0.9,n2c,3.6664383930001128,4.124821998560426,0.26077652282176195,0.0,-92.685326,2340.2534660223114,-30.841183
254,1784882108.885372,,5.28,,5.28,,4.799999999999999,,4.799999999999999,,7.200000000000002,,7.200000000000002,,1.9800000000000002,,1.9800000000000002,,2.759999999999999,,2.759999999999999,,5.864609856158495,,5.346923224627972,,7.910231497138739,,2.092430586926639,,2.8086351786041632,0.2348872721195221,-0.0029899883738835342,0.07174070662586018,2.5250794291496277,0.2726764678955078,0.7751754522323608,0.23551803827285767,-0.6433860063552856,0.6517254114151001,0.5245537757873535,0.012716978788375854,8192,0.5356225371360779,4.804566383361816,0.11040860414505005,41648128,55089,20336,1271,-17.48632,0.007979557206272147,0.0005910879917792045,-3.558583174645901,-77.09831,0.07686611253302544,0.003182675909192767,-3.4812781304121017,,,0.95,0.9,n2c,3.49930077226652,4.3472802587296275,0.33259160499479906,0.0,-44.412987,2263.6371380254177,-17.48632
255,1784882178.3304427,,5.28,,5.28,,4.799999999999999,,4.799999999999999,,7.200000000000002,,7.200000000000002,,1.9800000000000002,,1.9800000000000002,,2.759999999999999,,2.759999999999999,,5.179024642333388,,4.544780848664232,,7.0578618524596095,,1.8260493585839868,,2.720856412546709,0.215632826089859,-0.002308467519469559,0.024009181157452986,2.5315732583403587,0.22283995151519775,0.8003765344619751,0.18470662832260132,0.03815804421901703,0.5548840761184692,0.6080654859542847,0.01253268402069807,8192,0.6912156343460083,4.265714645385742,0.0986170694231987,41811968,55406,20416,1276,-50.807297,0.016093847699812612,0.001548727483896073,-3.539729280769825,-99.90312,0.08890673031564802,-0.0007263698746101,-3.4793139547109604,,,0.95,0.9,n2c,3.333766704791016,4.1571164922344765,0.24685708164096726,0.0,-86.529755,2359.2746141720395,-50.807297
256,1784882247.9936824,,5.28,,5.28,,4.799999999999999,,4.799999999999999,,7.200000000000002,,7.200000000000002,,1.9800000000000002,,1.9800000000000002,,2.759999999999999,,2.759999999999999,,5.233856820734218,,5.450876539573073,,7.348240878432989,,2.1417029928416014,,2.781944106449373,0.28386008739471436,-0.010367776718339883,0.06960795912891626,2.538449063897133,0.21904873847961426,0.7123479843139648,0.1881803721189499,-0.09119367599487305,0.7368691563606262,0.6516395807266235,0.012381338514387608,8192,0.6335028409957886,4.591324329376221,0.11708404123783112,41975808,55710,20496,1281,-8.389443,0.0066942482648300935,0.002037753487820737,-3.549000899493694,-88.46158,0.10605490165762603,0.0009210827280185186,-3.4719474464654922,,,0.95,0.9,n2c,3.5185808006525208,4.277747847547189,0.3202355672786814,0.0,-79.865585,2351.8860082781475,-8.389443
257,1784882317.3071764,,5.28,,5.28,,4.799999999999999,,4.799999999999999,,7.200000000000002,,7.200000000000002,,1.9800000000000002,,1.9800000000000002,,2.759999999999999,,2.759999999999999,,5.560862365877256,,5.32750665768981,,7.420646504499018,,2.056964177150803,,2.95161778642796,0.14364728331565857,-0.0012426571338437498,0.018475302204024047,2.5400684475898743,0.26923835277557373,0.6846103072166443,0.22402720153331757,-0.29584646224975586,0.40691372752189636,0.573860764503479,0.007942171767354012,8192,0.6451365947723389,4.663519382476807,0.10513219982385635,42139648,56010,20576,1286,-22.27087,0.008795768099662381,0.0015353783222963103,-3.5249591365456583,-34.047222,0.03519353048177436,-0.0004545377145404927,-3.4782982751727105,,,0.95,0.9,n2c,3.187306143659845,3.799510278121128,0.24147247199361782,0.0,-88.47487,2363.7532835661436,-22.27087
258,1784882387.0340562,,5.28,,5.28,,4.799999999999999,,4.799999999999999,,7.200000000000002,,7.200000000000002,,1.9800000000000002,,1.9800000000000002,,2.759999999999999,,2.759999999999999,,5.816377104260027,,5.35945366229862,,7.659011745126918,,2.0832892190665007,,2.7994124905671924,0.18475550413131714,8.399229409405962e-05,0.024738709413213655,2.5458408519625664,0.19412100315093994,0.7861642241477966,0.15942959487438202,-0.28008508682250977,0.4624292552471161,0.6220734715461731,0.01286558248102665,8192,0.5918641090393066,4.743508338928223,0.16053199768066406,42303488,56403,20656,1291,-29.72944,0.010138920352619606,0.002153497756080469,-3.543165086209774,-90.31623,0.0861335851950571,0.001274799442035146,-3.51489098072052,,,0.95,0.9,n2c,3.285711481902441,4.306279027064578,0.22261834202433647,0.0,-86.95707,2349.739639777815,-29.72944
259,1784882457.8636808,,5.28,,5.28,,4.799999999999999,,4.799999999999999,,7.200000000000002,,7.200000000000002,,1.9800000000000002,,1.9800000000000002,,2.759999999999999,,2.759999999999999,,5.422654043883085,,5.064121030736715,,7.139188509434462,,2.0299772773869336,,2.8263246344868094,0.1923593282699585,-0.004215790773741901,0.029757010517641902,2.5471723303198814,0.2573847770690918,0.7562450766563416,0.2352662831544876,-0.22010092437267303,0.4857107698917389,0.5243812799453735,0.01243941392749548,8192,0.7177928686141968,4.496453285217285,0.08629070967435837,42467328,56836,20736,1296,-8.45808,0.006355753156822175,0.000584518899268005,-3.5539141640067102,-83.50798,0.06042548534460366,-0.000297965930076316,-3.5196417316794397,,,0.95,0.9,n2c,3.538215267517562,4.07645207449002,0.24985201394716805,0.0,-71.350975,2313.156331399568,-8.45808
260,1784882528.4042134,,5.28,,5.28,,4.799999999999999,,4.799999999999999,,7.200000000000002,,7.200000000000002,,1.9800000000000002,,1.9800000000000002,,2.759999999999999,,2.759999999999999,,5.7349284826777875,,5.231308255344629,,7.426596932113171,,2.267727880156599,,3.0649380723480135,0.14873473346233368,-0.008976079101557843,0.008358227409189567,2.546006940305233,0.21487314999103546,0.6927483677864075,0.17247608304023743,-0.04731053113937378,0.3298259377479553,0.5296682119369507,0.009777937084436417,8192,0.6600343585014343,4.745100021362305,0.10253556072711945,42631168,57130,20816,1301,-8.209564,0.007125775922031607,0.00017363112565362825,-3.5410070925951005,-76.18322,0.05495768799446523,0.0003460948631982319,-3.5189655795693398,,,0.95,0.9,n2c,3.5766090472687475,4.435126833025033,0.2670337793568176,0.0,-79.29508,2322.636197293775,-8.209564
261,1784882598.6534529,,5.28,,5.28,,4.799999999999999,,4.799999999999999,,7.200000000000002,,7.200000000000002,,1.9800000000000002,,1.9800000000000002,,2.759999999999999,,2.759999999999999,,5.389060058339965,,4.877174307592213,,7.52771267015487,,2.282992328517139,,3.0804958529770374,0.19146746397018433,-0.0059759912837762386,0.025931227020919323,2.543191507458687,0.23668770492076874,0.6480165719985962,0.18465456366539001,0.2692994773387909,0.4686518609523773,0.5744733810424805,0.011805412359535694,8192,0.646409273147583,4.631486892700195,0.10095857083797455,42795008,57426,20896,1306,-16.504232,0.01187731559475651,0.0010998207173543051,-3.5280450716614724,-63.38739,0.05997913384344429,0.0014472282186034136,-3.4942483067512513,,,0.95,0.9,n2c,3.2277365568015477,4.228237613432125,0.266157357969521,0.0,-93.088234,2332.2672836904676,-16.504232
262,1784882668.6264195,,5.28,,5.28,,4.799999999999999,,4.799999999999999,,7.200000000000002,,7.200000000000002,,1.9800000000000002,,1.9800000000000002,,2.759999999999999,,2.759999999999999,,5.417653172276914,,4.864827863988467,,7.56810052273795,,2.035858742892742,,2.873323848703876,0.1732630431652069,-0.0017452270039939322,0.01153545621491503,2.554448962211609,0.1754385381937027,0.714645266532898,0.121919646859169,-0.12534484267234802,0.4623934328556061,0.5954486727714539,0.01073660608381033,8192,0.6505845785140991,4.551952838897705,0.13287867605686188,42958848,57755,20976,1311,-7.9681573,0.006427394207275938,0.0015716815381892958,-3.522024369239807,-96.43815,0.06028076731599867,0.0019423528501647525,-3.4973572492599487,,,0.95,0.9,n2c,3.6082104441333662,4.338881914447735,0.25033989054842953,0.0,-90.39016,2341.4757793707186,-7.9681573
263,1784882739.9833987,,5.28,,5.28,,4.799999999999999,,4.799999999999999,,7.200000000000002,,7.200000000000002,,1.9800000000000002,,1.9800000000000002,,2.759999999999999,,2.759999999999999,,4.637450348585844,,5.106134606525302,,7.039926581259351,,1.9798569390550256,,2.750855615362525,0.19521012902259827,-0.00038081507227616385,0.06121624819934368,2.553846947848797,0.25080186128616333,0.834861695766449,0.17766788601875305,-0.36821630597114563,0.5757522583007812,0.537659764289856,0.012419053353369236,8192,0.6312519311904907,4.302845001220703,0.1084708496928215,43122688,58128,21056,1316,-16.229977,0.009098679428279865,0.0014881569259159733,-3.522948394715786,-54.956043,0.0544940359890461,0.00044587998127099127,-3.492763727903366,,,0.95,0.9,n2c,3.2957810941798824,4.354740736996333,0.24899710207601441,0.0,-69.46624,2296.0612087298136,-16.229977
264,1784882811.1418676,,5.28,,5.28,,4.799999999999999,,4.799999999999999,,7.200000000000002,,7.200000000000002,,1.9800000000000002,,1.9800000000000002,,2.759999999999999,,2.759999999999999,,5.311571323312819,,4.819698069244623,,7.219874230213463,,2.1493035200983286,,2.8060767468996346,0.09518398344516754,-0.002841361565515399,0.003785816217714455,2.5563014820218086,0.14833441376686096,0.6787054538726807,0.1154748797416687,-0.06808909773826599,0.27769529819488525,0.5627111196517944,0.015249052084982395,8192,0.6936227679252625,4.461304664611816,0.1647438257932663,43286528,58495,21136,1321,-20.974411,0.008509392266569193,0.0014104999550909269,-3.5330103427171706,-94.18889,0.08607474931050092,0.001390051661292091,-3.4936537072062492,,,0.95,0.9,n2c,3.1961817711647407,4.372030299180081,0.2107809548484633,0.0,-72.557884,2302.466926339316,-20.974411
265,1784882883.8229685,,5.28,,5.28,,4.799999999999999,,4.799999999999999,,7.200000000000002,,7.200000000000002,,1.9800000000000002,,1.9800000000000002,,2.759999999999999,,2.759999999999999,,5.2147418120875955,,4.15186491998611,,7.12611807679059,,1.6559540622401983,,2.571182907675393,0.21499480307102203,-0.008583610848290846,0.03460502059897408,2.566974028944969,0.18896427750587463,0.6835883259773254,0.17673368752002716,-0.3263756334781647,0.5623070001602173,0.615848958492279,0.015521067194640636,8192,0.5776830911636353,4.143972873687744,0.13111501932144165,43450368,58871,21216,1326,-8.22169,0.006606612532777945,0.002072330484224949,-3.5308022081851957,-94.15952,0.07472758102230728,-0.0005567681277170777,-3.489563511312008,,,0.95,0.9,n2c,3.697228580540943,4.25424705009744,0.307364608065125,0.0,-87.01961,2254.2310501106317,-8.22169
266,1784882955.1471024,,5.28,,5.28,,4.799999999999999,,4.799999999999999,,7.200000000000002,,7.200000000000002,,1.9800000000000002,,1.9800000000000002,,2.759999999999999,,2.759999999999999,,5.416959320195019,,4.392681845463812,,7.438111758325249,,1.8848478673025966,,2.9835865483619273,0.08127593249082565,-0.0018351664912188426,0.005089858681458281,2.5663813799619675,0.11615093052387238,0.7043913006782532,0.11571275442838669,-0.4755585193634033,0.20827923715114594,0.582665205001831,0.01808171346783638,8192,0.7008236646652222,4.4232378005981445,0.13035616278648376,43614208,59265,21296,1331,-8.399036,0.006548185009160079,0.0019760617273277604,-3.5017843753099442,-84.525696,0.05686995075084269,4.4121891551185397e-05,-3.4784529715776444,,,0.95,0.9,n2c,3.736968775858881,4.200660623738353,0.23019778758938358,0.0,-85.345085,2297.1184419990345,-8.399036
267,1784883026.9698687,,5.28,,5.28,,4.799999999999999,,4.799999999999999,,7.200000000000002,,7.200000000000002,,1.9800000000000002,,1.9800000000000002,,2.759999999999999,,2.759999999999999,,5.183963002171367,,4.485054184682667,,6.7687295619398355,,1.8905005799606442,,2.670014244504273,0.14277875423431396,-0.0001492550945840776,0.013235942140454426,2.567780777812004,0.12488590180873871,0.7710697054862976,0.09972381591796875,-0.0547918900847435,0.34310832619667053,0.604508638381958,0.019359834492206573,8192,0.6333671808242798,4.199652194976807,0.13147395849227905,43778048,59647,21376,1336,-14.595131,0.008014124240435194,0.0020572836889186873,-3.4922053456306457,-76.72775,0.07816821550950408,0.0008139073099300731,-3.478040896356106,,,0.95,0.9,n2c,3.5340302311735377,4.621156111541673,0.2627264577895363,0.0,-85.75127,2281.1710063412033,-14.595131
268,1784883098.554924,,5.28,,5.28,,4.799999999999999,,4.799999999999999,,7.200000000000002,,7.200000000000002,,1.9800000000000002,,1.9800000000000002,,2.759999999999999,,2.759999999999999,,5.909701721742749,,5.269350275862962,,7.5896684201434255,,2.0646810783073306,,3.101276470348239,0.11200381070375443,-0.004473445500480011,0.005136624116858002,2.565501429140568,0.15198467671871185,0.7877136468887329,0.1024324893951416,-0.05139339342713356,0.348250150680542,0.565170407295227,0.01514030434191227,8192,0.5801441073417664,4.786935329437256,0.11624396592378616,43941888,60042,21456,1341,-7.9939814,0.006308505769993644,0.0020125033654039724,-3.5061903610825538,-67.2819,0.07214675606228411,0.0003384415220352821,-3.438956558704376,,,0.95,0.9,n2c,3.7566147819092826,4.243709832961405,0.27053368354060814,0.0,-80.81163,2288.74575814411,-7.9939814
269,1784883170.7954013,,5.28,,5.28,,4.799999999999999,,4.799999999999999,,7.200000000000002,,7.200000000000002,,1.9800000000000002,,1.9800000000000002,,2.759999999999999,,2.759999999999999,,4.7710893247276545,,4.445798991248012,,6.658581748371944,,1.7353547271341085,,2.666043423661904,0.33474138379096985,-0.004642932733986527,0.04056844761362299,2.5676336139440536,0.11081550270318985,0.7299584150314331,0.09155099093914032,-0.2694777250289917,0.9076821208000183,0.5469744801521301,0.019040487706661224,8192,0.6372266411781311,4.055373191833496,0.1506839245557785,44105728,60456,21536,1346,-16.23257,0.012683613925764803,0.0007402360344713089,-3.516294404864311,-92.36574,0.06886452541220933,0.0005606729093415197,-3.4459712490439416,,,0.95,0.9,n2c,3.334318916140417,4.3358149125826255,0.3565092113020162,0.0,-56.852257,2267.981416817547,-16.23257
270,1784883242.653398,,5.28,,5.28,,4.799999999999999,,4.799999999999999,,7.200000000000002,,7.200000000000002,,1.9800000000000002,,1.9800000000000002,,2.759999999999999,,2.759999999999999,,5.5627742416691035,,5.3674533679150045,,7.23201584815979,,2.0201316569000483,,2.877907312242314,0.1730073094367981,-0.004846326250117272,0.01300010088016279,2.566785044968128,0.13585056364536285,0.786872923374176,0.09551940858364105,-0.07528581470251083,0.40360045433044434,0.5116875767707825,0.013688595965504646,8192,0.668468713760376,4.612056255340576,0.1564619243144989,44269568,60877,21616,1351,-24.52076,0.018801763164810838,0.0018176511839556042,-3.4860747814178468,-67.794334,0.05579712889157236,0.0006756230519386009,-3.46774480342865,,,0.95,0.9,n2c,3.183199963705903,4.462611704439365,0.2431747690045538,0.0,-68.76366,2280.0525226532022,-24.52076
271,1784883313.1928973,,5.28,,5.28,,4.799999999999999,,4.799999999999999,,7.200000000000002,,7.200000000000002,,1.9800000000000002,,1.9800000000000002,,2.759999999999999,,2.759999999999999,,5.332238412112929,,5.011192202568054,,7.468893382232636,,1.994629898108542,,2.779311428894289,0.12284619361162186,-0.00011844138498418033,0.007715249317698181,2.5687353163957596,0.16808369755744934,0.714236855506897,0.10318801552057266,-0.09904979169368744,0.31381645798683167,0.48644348978996277,0.021008912473917007,8192,0.683502197265625,4.5172529220581055,0.17288964986801147,44433408,61387,21696,1356,-22.290009,0.011245451727882027,0.0032290953531628475,-3.401847890019417,-90.483665,0.11690672929398715,0.0010821476796991191,-3.467989407479763,,,0.95,0.9,n2c,3.219849672246815,4.636633957233201,0.19651731936633354,0.0,-88.366165,2322.669672590517,-22.290009
272,1784883382.8375454,,5.28,,5.28,,4.799999999999999,,4.799999999999999,,7.200000000000002,,7.200000000000002,,1.9800000000000002,,1.9800000000000002,,2.759999999999999,,2.759999999999999,,4.9286305867135525,,5.1302128586685285,,7.326017478480935,,2.0066476594656706,,2.723977838642895,0.14038974046707153,-6.767599552404135e-05,0.008201530159567483,2.5751382261514664,0.11899885535240173,0.6422423720359802,0.11068888753652573,-0.20927052199840546,0.3399922251701355,0.5730542540550232,0.018439315259456635,8192,0.6673747897148132,4.423097133636475,0.19427910447120667,44597248,61851,21776,1361,-14.337624,0.01289821239624871,0.0004285771356080659,-3.393600341677666,-82.01793,0.08593827467411756,0.00022674342544632965,-3.4474788337945936,,,0.95,0.9,n2c,2.990200448270385,4.579268097671382,0.1976985704463027,0.0,-79.82267,2352.514022940058,-14.337624
273,1784883454.6401994,,5.28,,5.28,,4.799999999999999,,4.799999999999999,,7.200000000000002,,7.200000000000002,,1.9800000000000002,,1.9800000000000002,,2.759999999999999,,2.759999999999999,,5.405085887759924,,5.257624886929989,,7.452051868662238,,2.15513369475957,,3.032063029706478,0.082676462829113,-0.013025957136051147,0.0064855335804168135,2.5821703895926476,0.11249611526727676,0.6656771898269653,0.09774000197649002,0.20756302773952484,0.21907773613929749,0.5308724641799927,0.01622026413679123,8192,0.6834195256233215,4.660391807556152,0.16819629073143005,44761088,62236,21856,1366,-6.620059,0.007827552745584398,0.0010503306271857581,-3.4279369473457337,-76.54164,0.07919937865808606,-0.0003803001556661911,-3.4520790725946426,,,0.95,0.9,n2c,3.3127726782827907,4.3884243776339975,0.2538910073774241,0.0,-53.400158,2281.8092299318673,-6.620059
274,1784883525.1910079,,5.28,,5.28,,4.799999999999999,,4.799999999999999,,7.200000000000002,,7.200000000000002,,1.9800000000000002,,1.9800000000000002,,2.759999999999999,,2.759999999999999,,5.6736606284976006,,4.968155683018267,,7.365472387522459,,2.079625085927546,,3.0084772100672126,0.29703816771507263,-0.009270393718907144,0.037030823761597276,2.582221731543541,0.16481587290763855,0.6913486123085022,0.14349611103534698,0.29850682616233826,0.6768679618835449,0.5391019582748413,0.013423364609479904,8192,0.6960482001304626,4.619078159332275,0.13844284415245056,44924928,62633,21936,1371,-47.944393,0.015299502313428092,0.001205283291346859,-3.453697699308395,-72.340935,0.06844912958331406,-0.00043149374832864853,-3.4351413667201998,,,0.95,0.9,n2c,3.2830266897446427,4.075099383107693,0.3444999352094814,0.0,-87.823524,2322.298131389888,-47.944393
275,1784883597.3229558,,5.28,,5.28,,4.799999999999999,,4.799999999999999,,7.200000000000002,,7.200000000000002,,1.9800000000000002,,1.9800000000000002,,2.759999999999999,,2.759999999999999,,5.960468354634941,,5.051646733656526,,7.873349977657199,,2.2746699107810855,,3.080162440193817,0.11397239565849304,-0.001445770321879536,0.0060908583327545784,2.5717569813132286,0.22908522188663483,0.7443739771842957,0.19888293743133545,0.2745770215988159,0.34789565205574036,0.48722875118255615,0.009835489094257355,8192,0.5424814820289612,4.84805965423584,0.10649722069501877,45088768,63066,22016,1376,-39.89292,0.01734253701288253,0.00046540118200937285,-3.471161350607872,-49.392506,0.05301406041253358,-0.0008197260889573954,-3.4654686257243155,,,0.95,0.9,n2c,3.233679209370332,4.403326494752784,0.29146219548586566,0.0,-84.12727,2271.39287620144,-39.89292
276,1784883668.3354228,,5.28,,5.28,,4.799999999999999,,4.799999999999999,,7.200000000000002,,7.200000000000002,,1.9800000000000002,,1.9800000000000002,,2.759999999999999,,2.759999999999999,,5.32404218474403,,4.284592879936099,,7.6643286338075995,,1.9595326860435307,,2.8109879568219185,0.0852605551481247,-0.0022594656620640308,0.004841756534005981,2.5715422481298447,0.26418402791023254,0.6615874767303467,0.22845156490802765,-0.28700870275497437,0.2082197368144989,0.5520554780960083,0.0175015926361084,8192,0.6349562406539917,4.40869665145874,0.16158998012542725,45252608,63529,22096,1381,-24.944376,0.01159950516448589,0.0015446964571310673,-3.471085886657238,-84.887474,0.12578758145682514,-0.0006820517490268684,-3.4701069444417953,,,0.95,0.9,n2c,3.3036011765066475,4.681989388283789,0.21878704669552385,0.0,-88.25637,2307.2005104182667,-24.944376
277,1784883739.2775319,,5.28,,5.28,,4.799999999999999,,4.799999999999999,,7.200000000000002,,7.200000000000002,,1.9800000000000002,,1.9800000000000002,,2.759999999999999,,2.759999999999999,,5.9673359505832195,,5.241039901273325,,7.224400600302033,,2.247730815783143,,3.045189115218818,0.12892982363700867,-0.0012414509137670393,0.012741225618810859,2.5676679238677025,0.1747095286846161,0.7749836444854736,0.12575525045394897,-0.5261110067367554,0.33810076117515564,0.4659320116043091,0.01070164144039154,8192,0.5805197954177856,4.7451395988464355,0.15008942782878876,45416448,63973,22176,1386,-15.791388,0.008477981622854713,0.0025048341500223613,-3.476320284605026,-76.39079,0.08896949863992631,-9.483057365287096e-05,-3.4834547221660612,,,0.95,0.9,n2c,3.48752956765735,4.301111500625456,0.31155160954883926,0.0,-85.80869,2309.488735326815,-15.791388
278,1784883810.883351,,5.28,,5.28,,4.799999999999999,,4.799999999999999,,7.200000000000002,,7.200000000000002,,1.9800000000000002,,1.9800000000000002,,2.759999999999999,,2.759999999999999,,5.431428167037666,,4.877451677573845,,7.796197505667806,,1.9867498399689794,,3.042276407824829,0.1341906189918518,-0.00041408801916986704,0.034167151170549914,2.570739299058914,0.12416213750839233,0.688023030757904,0.09184808284044266,-0.1927427053451538,0.45544567704200745,0.5057582855224609,0.010527607053518295,8192,0.5952070951461792,4.626821041107178,0.15005742013454437,45580288,64435,22256,1391,-8.089704,0.006671981522231363,0.0007740716770058498,-3.490059119462967,-88.711555,0.07278356777969748,-0.00038901834341231734,-3.4799609035253525,,,0.95,0.9,n2c,3.5913998230354407,4.043331297876662,0.22527675520028623,0.0,-50.05268,2288.082157267638,-8.089704
279,1784883881.1203487,,5.28,,5.28,,4.799999999999999,,4.799999999999999,,7.200000000000002,,7.200000000000002,,1.9800000000000002,,1.9800000000000002,,2.759999999999999,,2.759999999999999,,5.662341771647334,,5.028510398697108,,7.682299800217152,,2.1944140419363976,,3.163249527104199,0.13029739260673523,-0.004058769322000444,0.005043097713496536,2.565366692841053,0.22343282401561737,0.6638977527618408,0.21757638454437256,-0.42221757769584656,0.30696579813957214,0.41935184597969055,0.008052298799157143,8192,0.6216098666191101,4.746163368225098,0.11263327300548553,45744128,64823,22336,1396,-7.413783,0.005805177525326144,0.0008997956821986009,-3.464759427309036,-76.076004,0.04583821449195966,0.0003770007722778246,-3.4925300031900406,,,0.95,0.9,n2c,3.6637449272955522,4.276671438647841,0.30332855178508467,0.0,-90.51675,2332.6737398443033,-7.413783
280,1784883951.954859,,5.28,,5.28,,4.799999999999999,,4.799999999999999,,7.200000000000002,,7.200000000000002,,1.9800000000000002,,1.9800000000000002,,2.759999999999999,,2.759999999999999,,4.805730681866407,,4.565661619417369,,7.055084315128624,,1.6590416263788939,,2.6531327851116657,0.13413763046264648,-0.0014429929433390498,0.006457469600718468,2.564001649618149,0.5241434574127197,0.710908055305481,0.813047468662262,-0.45249831676483154,0.32839149236679077,0.6445165872573853,0.012161469087004662,8192,0.6385924220085144,4.147730350494385,0.23116739094257355,45907968,65181,22416,1401,-14.483978,0.006918981856142636,0.001210521036409773,-3.46717891395092,-83.571945,0.1037032397929579,9.545245702611283e-05,-3.5106543764472007,,,0.95,0.9,n2c,3.7661991804678,4.59760050972003,0.20584532799186106,0.0,-82.46453,2312.9968735417738,-14.483978
281,1784884023.5040152,,5.28,,5.28,,4.799999999999999,,4.799999999999999,,7.200000000000002,,7.200000000000002,,1.9800000000000002,,1.9800000000000002,,2.759999999999999,,2.759999999999999,,5.8401887831278145,,5.593012027908117,,7.837353738024831,,2.424734820611775,,3.192268369719386,0.06589113920927048,-0.00043979859901810414,0.0046319909451995045,2.5583756268024445,0.26653942465782166,0.7518443465232849,0.27490341663360596,0.6169263124465942,0.18487626314163208,0.3658209443092346,0.006618722341954708,8192,0.42999720573425293,4.977511405944824,0.07304365187883377,46071808,65505,22496,1406,-6.948411,0.006929114594822749,0.0011984434124315158,-3.4794496297836304,-39.22927,0.02626516798627563,-0.0008761657234572339,-3.495023545622826,,,0.95,0.9,n2c,3.3552787185327033,3.970902562186464,0.375854734458948,0.0,-86.66924,2289.8942783128155,-6.948411
282,1784884094.865383,,5.28,,5.28,,4.799999999999999,,4.799999999999999,,7.200000000000002,,7.200000000000002,,1.9800000000000002,,1.9800000000000002,,2.759999999999999,,2.759999999999999,,5.557575606042519,,4.67364227771759,,7.356575614772737,,2.2272971470374614,,2.7578202253207564,0.22639977931976318,-0.0008962348856584867,0.02445201959926635,2.5610633194446564,0.0969366580247879,0.6831629276275635,0.08012806624174118,0.5184134840965271,0.5201401114463806,0.4291514456272125,0.011639608070254326,8192,0.6760768294334412,4.51458215713501,0.13617487251758575,46235648,65920,22576,1411,-15.007446,0.008436167609761468,0.0021150694592506625,-3.4793644681572915,-88.45332,0.06933252166491002,-0.0005706789946998469,-3.478444145619869,,,0.95,0.9,n2c,3.6328162432456375,4.3110415116106395,0.27158058220198966,0.0,-85.535645,2295.9200855599,-15.007446
283,1784884166.8144064,,5.28,,5.28,,4.799999999999999,,4.799999999999999,,7.200000000000002,,7.200000000000002,,1.9800000000000002,,1.9800000000000002,,2.759999999999999,,2.759999999999999,,4.855332413688302,,4.213535044342279,,6.567999164108187,,1.8139293882995844,,2.685027900879504,0.13596108555793762,-0.0064752761099953204,0.0372249008360086,2.563867509365082,0.09841567277908325,0.6806340217590332,0.07749784737825394,-0.10405878722667694,0.42984098196029663,0.5455605983734131,0.011915730312466621,8192,0.5865181684494019,4.027164936065674,0.1570311188697815,46399488,66354,22656,1416,-7.111718,0.006170609341643285,0.00307801361559541,-3.486692513525486,-84.007416,0.0639734830474481,-0.0002913010350312106,-3.4402018621563912,,,0.95,0.9,n2c,3.7340681568308987,4.149102265154967,0.36839733709055356,0.0,-57.989746,2277.1678530808626,-7.111718
284,1784884238.6853726,,5.28,,5.28,,4.799999999999999,,4.799999999999999,,7.200000000000002,,7.200000000000002,,1.9800000000000002,,1.9800000000000002,,2.759999999999999,,2.759999999999999,,5.1911612320982385,,4.633825696993881,,7.372491218149662,,1.988449301570654,,2.8072259566979483,0.2319488525390625,-0.0021335090277716517,0.0182230353821069,2.5690800175070763,0.1334063559770584,0.7157471179962158,0.10231982171535492,0.22984839975833893,0.5163186192512512,0.46495360136032104,0.010649491101503372,8192,0.6768092513084412,4.398630619049072,0.121531181037426,46563328,66752,22736,1421,-14.151919,0.008034427983511705,-4.1202225111192094e-05,-3.516075949370861,-84.57972,0.0660340842558071,0.0009180822497000917,-3.4738691687583922,,,0.95,0.9,n2c,3.5542377000186085,4.454471368948164,0.30594584643091943,0.0,-82.922775,2279.6409486053108,-14.151919
285,1784884310.0483656,,5.28,,5.28,,4.799999999999999,,4.799999999999999,,7.200000000000002,,7.200000000000002,,1.9800000000000002,,1.9800000000000002,,2.759999999999999,,2.759999999999999,,5.900069456547499,,5.432535020634532,,7.681560446872027,,2.379235261119902,,3.0178337921388447,0.08714214712381363,5.05157804582268e-05,0.009679302937001921,2.5807177647948265,0.11970853805541992,0.8102409839630127,0.11246880888938904,0.3415325880050659,0.24738852679729462,0.38425499200820923,0.008632677607238293,8192,0.5366501808166504,4.882246971130371,0.1492735892534256,46727168,67168,22816,1426,-5.9835424,0.00625236066407524,0.0034729040402453394,-3.604756250977516,-68.46861,0.04837435639929026,0.001687974840751849,-3.5184238076210024,,,0.95,0.9,n2c,4.005520257865848,4.330615034155302,0.29403926568089256,0.0,-92.34574,2295.867850066388,-5.9835424
286,1784884381.4217587,,5.28,,5.28,,4.799999999999999,,4.799999999999999,,7.200000000000002,,7.200000000000002,,1.9800000000000002,,1.9800000000000002,,2.759999999999999,,2.759999999999999,,5.501960818655789,,4.841305993497372,,7.093099685385823,,1.9597132825292647,,2.6950342583004385,0.1584063321352005,-0.00175291090272367,0.01682864609756507,2.5805092826485634,0.15801496803760529,0.6758833527565002,0.1399315893650055,-0.37741512060165405,0.3882198631763458,0.446125864982605,0.010979156009852886,8192,0.7127740979194641,4.418222427368164,0.12931250035762787,46891008,67584,22896,1431,-13.58053,0.008304661983856931,0.00081551740586292,-3.6070135220885278,-82.93639,0.060092404833994806,0.00025740494020283223,-3.5583291932940484,,,0.95,0.9,n2c,3.207925694308591,4.303576678516352,0.23019575080215024,0.0,-70.82451,2295.533268281414,-13.58053
287,1784884453.6419885,,5.28,,5.28,,4.799999999999999,,4.799999999999999,,7.200000000000002,,7.200000000000002,,1.9800000000000002,,1.9800000000000002,,2.759999999999999,,2.759999999999999,,4.550763882696629,,4.274841135367751,,6.446292582899332,,1.5465705636888742,,2.5477618877775967,0.09811067581176758,0.00010230610496364534,0.01077091339539038,2.5883496329188347,0.12088959664106369,0.7036052942276001,0.09357228130102158,-0.42430341243743896,0.27771204710006714,0.5131815671920776,0.015377186238765717,8192,0.5036271810531616,3.87324595451355,0.15211324393749237,47054848,68043,22976,1436,-26.655956,0.013093332501011901,-0.00023328315728576854,-3.5960164785385134,-81.81795,0.0894618374761194,0.0002860116306692362,-3.5749227672815325,,,0.95,0.9,n2c,2.9691907794414027,4.519235332950558,0.2686896606064108,0.0,-88.75392,2268.616571384377,-26.655956
288,1784884526.7690501,,5.28,,5.28,,4.799999999999999,,4.799999999999999,,7.200000000000002,,7.200000000000002,,1.9800000000000002,,1.9800000000000002,,2.759999999999999,,2.759999999999999,,5.311879748478532,,4.939527031034231,,7.560688074067002,,1.854607137851417,,2.76383048389107,0.18712380528450012,-0.0019377610697119962,0.027472536196000874,2.5882938653230667,0.12589113414287567,0.7179974317550659,0.09382815659046173,-0.5196467041969299,0.4660220146179199,0.5056291818618774,0.012707099318504333,8192,0.6567083597183228,4.486106872558594,0.14661116898059845,47218688,68503,23056,1441,-13.911969,0.007561180667835288,0.0011650724634819198,-3.631570912897587,-87.67232,0.0827053735498339,0.0012973335426067934,-3.564882244169712,,,0.95,0.9,n2c,3.3538750044968415,4.3264581591418665,0.2669842558741944,0.0,-88.543915,2240.4839232911877,-13.911969
289,1784884599.075635,,5.28,,5.28,,4.799999999999999,,4.799999999999999,,7.200000000000002,,7.200000000000002,,1.9800000000000002,,1.9800000000000002,,2.759999999999999,,2.759999999999999,,5.51569466595538,,5.5097486805170774,,7.987771247047931,,2.2865222338587046,,3.134873453527689,0.123530812561512,-0.0032851410323928576,0.006527306584757753,2.5806453227996826,0.1239214763045311,0.7701402902603149,0.09858831018209457,-0.2810070812702179,0.28485381603240967,0.4639962911605835,0.012938877567648888,8192,0.5375787019729614,4.8869218826293945,0.15048779547214508,47382528,68989,23136,1446,-20.780865,0.014907044780557044,0.0016598673289990983,-3.6191782623529436,-76.43165,0.08683534222654998,-0.0009464551723795012,-3.592467874288559,,,0.95,0.9,n2c,3.353586003373408,4.589211361797378,0.346186650839472,0.0,-87.87232,2265.907055150679,-20.780865
290,1784884670.8499944,,5.28,,5.28,,4.799999999999999,,4.799999999999999,,7.200000000000002,,7.200000000000002,,1.9800000000000002,,1.9800000000000002,,2.759999999999999,,2.759999999999999,,5.2028621500357985,,4.934505188837647,,7.222802368924022,,1.8949774838984013,,2.9185821465216577,0.12119311094284058,4.688492481363937e-05,0.006969135763938539,2.5729674324393272,0.10673639923334122,0.6608120799064636,0.07601580023765564,0.0872398093342781,0.3027920722961426,0.4839211404323578,0.014439457096159458,8192,0.6737236976623535,4.434746265411377,0.1567983627319336,47546368,69511,23216,1451,-13.944807,0.014224456672673113,0.0008299046079628169,-3.5454452276229858,-92.74888,0.075796243455261,-0.00011734528234228492,-3.5668077737092974,,,0.95,0.9,n2c,3.124958054596898,4.2745191511926866,0.22032966335236598,0.0,-82.36656,2282.7091675957963,-13.944807
291,1784884740.46701,,5.28,,5.28,,4.799999999999999,,4.799999999999999,,7.200000000000002,,7.200000000000002,,1.9800000000000002,,1.9800000000000002,,2.759999999999999,,2.759999999999999,,5.0896165003068745,,4.467056528665125,,6.886877171229571,,1.9515847596339881,,2.6987983880389947,0.3124607801437378,-0.0020332325220806524,0.07234510435955599,2.570927247405052,0.12386234104633331,0.7330501079559326,0.09153813123703003,-0.6713484525680542,0.7870728969573975,0.5481699705123901,0.019392065703868866,8192,0.6764498353004456,4.218786716461182,0.1740596443414688,47710208,69976,23296,1456,-14.664975,0.009895913378568367,-0.0009542314663121942,-3.5092516005039216,-83.75035,0.0973162510432303,-0.0003534508141456172,-3.562333178520203,,,0.95,0.9,n2c,2.959864717036532,4.489621835774559,0.3082002643582539,0.0,-84.79274,2353.4475952188604,-14.664975
292,1784884810.2016726,,5.28,,5.28,,4.799999999999999,,4.799999999999999,,7.200000000000002,,7.200000000000002,,1.9800000000000002,,1.9800000000000002,,2.759999999999999,,2.759999999999999,,5.3728402983397245,,4.897009801119566,,6.679397316649556,,1.926941238809377,,2.864532222505659,0.16461995244026184,-0.005159913038369268,0.020908200152916834,2.578766755759716,0.10908062756061554,0.7274463176727295,0.10878489911556244,0.3107483386993408,0.44363704323768616,0.5327801704406738,0.01539636217057705,8192,0.6758564114570618,4.348144054412842,0.15503571927547455,47874048,70379,23376,1461,-53.836372,0.02159117487608455,0.002723747518757591,-3.483513431251049,-81.23357,0.08451578326057643,0.0005365915800211951,-3.54834106862545,,,0.95,0.9,n2c,3.6035735357322296,4.4789801322297675,0.22106031284336825,0.0,-89.93424,2349.4772634767387,-53.836372
293,1784884880.854128,,5.28,,5.28,,4.799999999999999,,4.799999999999999,,7.200000000000002,,7.200000000000002,,1.9800000000000002,,1.9800000000000002,,2.759999999999999,,2.759999999999999,,6.0023695677518845,,5.358793368563056,,7.487488124519587,,2.2964182291179895,,3.176566680893302,0.12058809399604797,0.0001094789186026901,0.010691834657336585,2.5817385241389275,0.16710835695266724,0.6738970875740051,0.118802011013031,-0.42831486463546753,0.3198665976524353,0.42366307973861694,0.013984142802655697,8192,0.5723439455032349,4.864327430725098,0.13820260763168335,48037888,70935,23456,1466,-29.579391,0.013560563186183571,0.0008045026690524538,-3.4509730368852614,-77.996086,0.08442235682159663,-0.001362016174243763,-3.5158590957522393,,,0.95,0.9,n2c,3.5938764929085836,4.623941961211914,0.3063075899546014,0.0,-88.557304,2318.958116910738,-29.579391
294,1784884950.695284,,5.28,,5.28,,4.799999999999999,,4.799999999999999,,7.200000000000002,,7.200000000000002,,1.9800000000000002,,1.9800000000000002,,2.759999999999999,,2.759999999999999,,5.512842571362853,,5.532939780503511,,8.167610384523869,,2.225339566008188,,3.1563875689171255,0.12203437834978104,-0.0021666120155714452,0.006220293857040815,2.6000604555010796,0.10658763349056244,0.7863748669624329,0.08006706088781357,-0.02811540476977825,0.2795017659664154,0.4389924108982086,0.012163006700575352,8192,0.4343949258327484,4.919023513793945,0.1524457335472107,48201728,71348,23536,1471,-6.803898,0.00952870771434391,0.0001342483825283125,-3.3952301785349848,-82.13432,0.06871230958495289,-0.0013302307910635137,-3.5039189770817756,,,0.95,0.9,n2c,3.3661637206578034,4.201280177590382,0.3676529557692425,0.0,-90.729965,2345.8934515467463,-6.803898
295,1784885021.9131424,,5.28,,5.28,,4.799999999999999,,4.799999999999999,,7.200000000000002,,7.200000000000002,,1.9800000000000002,,1.9800000000000002,,2.759999999999999,,2.759999999999999,,5.5131984846666455,,5.072876941412687,,7.421913156285882,,2.0406380854547024,,2.8815794796682894,0.241388738155365,-3.301057222415693e-05,0.02784704969963059,2.6100660115480423,0.1464436948299408,0.6888045072555542,0.1572367250919342,-0.2676984369754791,0.5698994994163513,0.443919837474823,0.013437115587294102,8192,0.6816637516021729,4.586041450500488,0.1423465758562088,48365568,71866,23616,1476,-7.364895,0.009200684557436034,0.00012358981475699694,-3.3912327498197556,-58.25429,0.042613217048346995,-0.0003472195166978054,-3.4901054933667184,,,0.95,0.9,n2c,3.3516298749860822,4.3398719887551,0.2596406960172208,0.0,-82.976845,2300.5464738905507,-7.364895
296,1784885093.6797936,,5.28,,5.28,,4.799999999999999,,4.799999999999999,,7.200000000000002,,7.200000000000002,,1.9800000000000002,,1.9800000000000002,,2.759999999999999,,2.759999999999999,,4.831206912174821,,4.145369950681925,,6.648980971891433,,1.7907019132399,,2.50730144046247,0.1672145128250122,-0.002788940430036746,0.010447086577187292,2.613840475678444,0.2229248285293579,0.7149863243103027,0.2324998527765274,-0.9478327035903931,0.39355790615081787,0.5220146179199219,0.020157966762781143,8192,0.5382377505302429,3.9847118854522705,0.13808144629001617,48529408,72371,23696,1481,-30.047632,0.015384749515214935,0.002301061092293821,-3.3958223670721055,-90.9622,0.12739118244498968,-0.00058338879753137,-3.4507104754447937,,,0.95,0.9,n2c,3.6366012915277333,4.764541215457723,0.3195596392796055,0.0,-70.03693,2282.954541181222,-30.047632
297,1784885163.140598,,5.28,,5.28,,4.799999999999999,,4.799999999999999,,7.200000000000002,,7.200000000000002,,1.9800000000000002,,1.9800000000000002,,2.759999999999999,,2.759999999999999,,5.258030307479203,,4.2863359856419265,,6.763354528928176,,1.751968519296497,,2.7089638732140884,0.18901170790195465,-0.0004625678775482811,0.014068633405258879,2.6179114803671837,0.14658834040164948,0.6946656703948975,0.16026532649993896,0.15776893496513367,0.4314388334751129,0.4398975968360901,0.011388981714844704,8192,0.6422642469406128,4.153730869293213,0.18268123269081116,48693248,72948,23776,1486,-14.585653,0.009152426319633377,-0.0007026434526778757,-3.432922674715519,-57.307728,0.05592201817780733,0.0003320535746752284,-3.4645803779363633,,,0.95,0.9,n2c,2.9964435490527515,4.528074446346926,0.2416463506061799,0.0,-91.1312,2358.7403433251748,-14.585653
298,1784885231.3700547,,5.28,,5.28,,4.799999999999999,,4.799999999999999,,7.200000000000002,,7.200000000000002,,1.9800000000000002,,1.9800000000000002,,2.759999999999999,,2.759999999999999,,5.968739236705005,,5.300641268491745,,7.452017932198942,,2.177102212444879,,2.947841026354581,0.15219049155712128,-0.0031844124459894374,0.010854394466150552,2.6220371052622795,0.16257436573505402,0.7297975420951843,0.11854779720306396,-0.5571722388267517,0.3719152510166168,0.4393620491027832,0.009449695236980915,8192,0.5816160440444946,4.769268989562988,0.13977710902690887,48857088,73395,23856,1491,-38.612103,0.02865941424970515,0.0009710043363156728,-3.4465594932436945,-90.59058,0.05483299980405718,-0.00038082447863416744,-3.437444347143173,,,0.95,0.9,n2c,3.793224234868648,4.136912900951561,0.18982020917304643,0.0,-89.86124,2401.3089466359065,-38.612103
299,1784885301.052952,,5.28,,5.28,,4.799999999999999,,4.799999999999999,,7.200000000000002,,7.200000000000002,,1.9800000000000002,,1.9800000000000002,,2.759999999999999,,2.759999999999999,,5.275846017990261,,5.032950004562736,,7.373140630312264,,2.096903847530484,,2.945443421602249,0.23463916778564453,-0.00039795530028641224,0.022812351759057492,2.6230667009949684,0.16760355234146118,0.7577589154243469,0.14792543649673462,0.7726439833641052,0.6075356006622314,0.3575979471206665,0.008007003925740719,8192,0.6848012804985046,4.544856548309326,0.14592096209526062,49020928,73890,23936,1496,-13.13574,0.009171639576379675,0.0010670165851479397,-3.4766721814870833,-84.18026,0.05223484504967928,0.00020529283647192643,-3.4197703421115877,,,0.95,0.9,n2c,3.6082842555380727,4.3792150532117065,0.22550771318264112,0.0,-87.45647,2351.2225463118275,-13.13574
300,1784885370.0308278,,5.28,,5.28,,4.799999999999999,,4.799999999999999,,7.200000000000002,,7.200000000000002,,1.9800000000000002,,1.9800000000000002,,2.759999999999999,,2.759999999999999,,5.08382967626676,,4.797252969816327,,7.324625856243074,,2.0158003873366397,,2.955854192376137,0.2004460096359253,-5.3741721785627306e-05,0.01982174624572508,2.627958357334137,0.10413111001253128,0.7275941371917725,0.08304788172245026,0.3191142678260803,0.4927070736885071,0.43467846512794495,0.008439766243100166,8192,0.6844545602798462,4.4354729652404785,0.1595280021429062,49184768,74333,24016,1501,-6.7172213,0.006775045010726899,0.0018532258218328934,-3.4777684792876244,-73.53948,0.06547940752934664,-0.0010624796050251462,-3.447440068423748,,,0.95,0.9,n2c,3.6272494450752335,4.177131469312637,0.18676481027050637,0.0,-82.87213,2375.254375117508,-6.7172213
301,1784885439.5732462,,5.28,,5.28,,4.799999999999999,,4.799999999999999,,7.200000000000002,,7.200000000000002,,1.9800000000000002,,1.9800000000000002,,2.759999999999999,,2.759999999999999,,5.800700480118394,,5.171022268012166,,7.858047226443887,,2.306246042251587,,3.1223712232895195,0.15143366158008575,-0.00043453156104078516,0.014934762250049971,2.632203735411167,0.14671030640602112,0.7197365164756775,0.09921486675739288,0.6769487857818604,0.449632853269577,0.42427513003349304,0.00623171404004097,8192,0.5640379190444946,4.851677894592285,0.14520400762557983,49348608,74705,24096,1506,-40.681755,0.013573709008051082,-0.00021499778667930514,-3.499060292541981,-78.25199,0.05400213212706149,3.0754387262277304e-05,-3.496483114361763,,,0.95,0.9,n2c,3.016615427995096,4.377312511856106,0.29160213826697257,0.0,-92.906265,2355.9728795695273,-40.681755
302,1784885509.4625676,,5.28,,5.28,,4.799999999999999,,4.799999999999999,,7.200000000000002,,7.200000000000002,,1.9800000000000002,,1.9800000000000002,,2.759999999999999,,2.759999999999999,,5.22910363599658,,4.113994546234608,,6.963838544208556,,1.7427815827541053,,2.525314924074337,0.09842020273208618,-0.004879520056420006,0.007975591586728115,2.640814460813999,0.15662898123264313,0.6887504458427429,0.11273451894521713,0.101351797580719,0.2778659164905548,0.5292538404464722,0.01086451392620802,8192,0.6113367080688477,4.115006446838379,0.1909516304731369,49512448,75207,24176,1511,-5.8159513,0.007389777454955037,-0.00023663796091568656,-3.4763198509812354,-91.00635,0.11106029935181141,0.0013351824061828665,-3.5210136741399767,,,0.95,0.9,n2c,3.4835541402811763,4.619501250630117,0.20357099704819367,0.0,-87.527626,2344.2771655313977,-5.8159513
303,1784885581.214667,,5.28,,5.28,,4.799999999999999,,4.799999999999999,,7.200000000000002,,7.200000000000002,,1.9800000000000002,,1.9800000000000002,,2.759999999999999,,2.759999999999999,,5.438976319739595,,5.133974098600447,,7.517715698108077,,2.1801500231958926,,2.971041040495038,0.22971540689468384,-0.0007601962424814701,0.04160005663288757,2.648521028459072,0.11406209319829941,0.6987674236297607,0.09252936393022537,0.01803475245833397,0.5879433751106262,0.4130321145057678,0.007941950112581253,8192,0.6550439596176147,4.64837121963501,0.15761937201023102,49676288,75683,24256,1516,-33.327675,0.011890789013705216,0.000324799120426178,-3.4787281796336176,-89.63456,0.05846691327169538,-0.0007266873770277015,-3.4931481391191483,,,0.95,0.9,n2c,3.425346177900913,4.318638617432356,0.23820059411193872,0.0,-71.54932,2283.4176908749037,-33.327675
304,1784885651.3836527,,5.28,,5.28,,4.799999999999999,,4.799999999999999,,7.200000000000002,,7.200000000000002,,1.9800000000000002,,1.9800000000000002,,2.759999999999999,,2.759999999999999,,5.9912359395530075,,5.540379128418863,,8.02170471753925,,2.3128292225301266,,3.2434963304549456,0.24413985013961792,-0.0025130908470600843,0.10335806058719754,2.64387109875679,0.17562997341156006,0.7316076159477234,0.1564515382051468,-0.4614400267601013,0.7336235046386719,0.3688550293445587,0.006648542825132608,8192,0.42389416694641113,5.021929740905762,0.13312648236751556,49840128,76212,24336,1521,-20.56338,0.010622404085006565,-0.0009395749650138896,-3.434940256178379,-78.37623,0.06004571239463985,-0.0004622709719114937,-3.4875559151172637,,,0.95,0.9,n2c,3.2307692418501133,4.4766147258413955,0.5048700477973116,0.0,-88.12538,2334.93454999684,-20.56338
305,1784885708.3727946,,5.28,,5.28,,4.799999999999999,,4.799999999999999,,7.200000000000002,,7.200000000000002,,1.9800000000000002,,1.9800000000000002,,2.759999999999999,,2.759999999999999,,4.599849087186158,,4.280950598418713,,6.759589783847332,,1.659321098588407,,2.4324670657515526,0.19159431755542755,-0.005470177071401849,0.03731276496546343,2.647531010210514,0.14926423132419586,0.7344431281089783,0.12888242304325104,-0.525192141532898,0.5054433345794678,0.5083520412445068,0.009119696915149689,8192,0.5617194175720215,3.9464354515075684,0.14429278671741486,49971200,76661,24400,1525,-22.603405,0.009975673543522134,0.0004193689877865836,-3.4445152625441553,-82.49874,0.0659968483261764,-0.00021430817432701587,-3.46572909206152,,,0.95,0.9,n2c,3.5748666767495414,4.443147984662343,0.3896161149082809,0.0,-85.561966,2874.933610511489,-22.603405
