# _tick,_time,plr_track_ground_roughness,track_ground_roughness,plr_track_student_ground_roughness,track_student_ground_roughness,plr_track_pit_gap_low,track_pit_gap_low,plr_track_student_pit_gap_low,track_student_pit_gap_low,plr_track_pit_gap_high,track_pit_gap_high,plr_track_student_pit_gap_high,track_student_pit_gap_high,plr_track_stump_height_low,track_stump_height_low,plr_track_student_stump_height_low,track_student_stump_height_low,plr_track_stump_height_high,track_stump_height_high,plr_track_student_stump_height_high,track_student_stump_height_high,plr_track_ued_ground_roughness,track_ued_ground_roughness,plr_track_ued_pit_gap_low,track_ued_pit_gap_low,plr_track_ued_pit_gap_high,track_ued_pit_gap_high,plr_track_ued_stump_height_low,track_ued_stump_height_low,plr_track_ued_stump_height_high,track_ued_stump_height_high,mean_env_return,adversary_env_pg_loss,adversary_env_value_loss,adversary_env_dist_entropy,dces_l_pi,dces_l_delta,dces_l_tot,dces_q_delta,dces_q_delta_std,dces_w1,dces_w2,dces_buf,dces_c_std,dces_c_absmean,dces_reg_std,steps,total_episodes,total_seeds,total_student_grad_updates,mean_agent_return,agent_value_loss,agent_pg_loss,agent_dist_entropy,mean_adversary_agent_return,adversary_value_loss,adversary_pg_loss,adversary_dist_entropy,kl_loss_advagent_agent,kl_loss_agent_advagent,dps_lambda_skill,dps_lambda_target,dps_mode,agent_grad_norm,adversary_grad_norm,adversary_env_grad_norm,solved_rate:BipedalWalker-MADS-POET-Rose-3a-Eval-v0,test_returns:BipedalWalker-MADS-POET-Rose-3a-Eval-v0,sps,target_agent_return
0,1784883053.6610637,,5.28,,5.28,,4.799999999999999,,4.799999999999999,,7.200000000000002,,7.200000000000002,,1.9800000000000002,,1.9800000000000002,,2.759999999999999,,2.759999999999999,,4.93748289719224,,4.163143017329276,,6.589506450109184,,1.8440961923915893,,2.595576107967645,3.725290298461914e-09,-0.0027963398679275997,0.03881706899846904,1.4212400279939175,1.1428027153015137,0.0,1.2186715602874756,-0.16793419420719147,0.0012967942748218775,0.7207531332969666,0.7350350618362427,16,0.3743234872817993,4.025960922241211,0.291245698928833,32768,375,16,1,-115.35392,0.1832584205083549,-0.0029483297708793542,5.676838770508766,-115.12026,0.5726582020521164,-0.0015438417074619792,5.671982988715172,,,0.95,0.9,both,0.36172750965471756,0.39815448675752485,1.2817573447950532,0.0,-146.3288,1863.470069367125,-115.35392
1,1784883130.9373624,,5.28,,5.28,,4.799999999999999,,4.799999999999999,,7.200000000000002,,7.200000000000002,,1.9800000000000002,,1.9800000000000002,,2.759999999999999,,2.759999999999999,,5.298524238722166,,5.0458437286142725,,7.458139265887439,,2.0998217780143023,,2.908644715556875,1.1641532182693481e-09,-0.009187816103803925,0.15642676132847555,1.4248746074736118,1.0130912065505981,0.9361848831176758,1.0037362575531006,0.03747684508562088,0.003900486044585705,0.646696925163269,0.7194075584411621,96,0.4585835337638855,4.56219482421875,0.16625085473060608,196608,1565,96,6,-121.95964,0.03818049270194024,-0.0032951765067991802,5.614419186115265,-121.631714,0.1519553958438337,-0.003278753103222698,5.647554802894592,,,0.95,0.9,both,0.3025557962530961,0.26350327120588846,1.9398327811731262,0.0,-129.54684,2120.1846780433966,-121.95964
2,1784883207.2504115,,5.28,,5.28,,4.799999999999999,,4.799999999999999,,7.200000000000002,,7.200000000000002,,1.9800000000000002,,1.9800000000000002,,2.759999999999999,,2.759999999999999,,5.19733373913914,,4.75979217607528,,6.857755997218192,,2.016452340860269,,2.7722750266548246,0.0,-0.003977461950853467,0.018838546904589748,1.424203459173441,0.9688477516174316,0.9339724183082581,0.9530864953994751,-0.007863237522542477,0.0072999014519155025,0.6248400211334229,0.7063212394714355,176,0.49597683548927307,4.320721626281738,0.05954817309975624,360448,2161,176,11,-118.46963,0.025164666411001235,-0.003860455642279703,5.46804501414299,-144.31374,0.04514481452060863,-0.0037763048872875515,5.56854037642479,,,0.95,0.9,both,0.3181078727888843,0.2387004361748974,1.2590742148197094,0.0,-126.024734,2146.9461170607865,-118.46963
3,1784883282.5895305,,5.28,,5.28,,4.799999999999999,,4.799999999999999,,7.200000000000002,,7.200000000000002,,1.9800000000000002,,1.9800000000000002,,2.759999999999999,,2.759999999999999,,5.820068027824163,,4.872680259228218,,7.359597815782763,,2.1659578694961965,,2.936635688703973,0.0,0.0003785304488701513,0.03131088865484344,1.4247450418770313,0.8506724834442139,0.9306175112724304,0.7611497044563293,-0.0058464109897613525,0.006726085674017668,0.7634083032608032,0.690937876701355,256,0.4638448655605316,4.630987644195557,0.04773956909775734,524288,2493,256,16,-138.98897,0.029546705586835743,-0.0038910177783691323,5.381551724672318,-126.73164,0.02514924943097867,-0.003186240828654263,5.428491872549057,,,0.95,0.9,both,0.3042436876456775,0.24371577386875876,1.1465145781141564,0.0,-128.75865,2174.7017225185796,-138.98897
4,1784883357.6855044,,5.28,,5.28,,4.799999999999999,,4.799999999999999,,7.200000000000002,,7.200000000000002,,1.9800000000000002,,1.9800000000000002,,2.759999999999999,,2.759999999999999,,4.852321106940508,,4.474273163359612,,7.031966749578714,,1.7101909965276718,,2.6989699768309947,-2.561137080192566e-09,-0.005650925522786565,0.007817535812137066,1.4306658990681171,0.6979748606681824,0.925537645816803,0.5042107701301575,-0.025597287341952324,0.025963345542550087,1.052145004272461,0.6884959936141968,336,0.4876955449581146,4.1535444259643555,0.038286373019218445,688128,2783,336,21,-138.08522,0.040748976438771935,-0.001496928298729472,5.258239975571632,-131.21849,0.02875560712418519,-0.0026129336016310844,5.30509822666645,,,0.95,0.9,both,0.2990928224637172,0.27155017110052604,0.7745135491715365,0.0,-171.01808,2181.7423632688883,-138.08522
5,1784883434.2150114,,5.28,,5.28,,4.799999999999999,,4.799999999999999,,7.200000000000002,,7.200000000000002,,1.9800000000000002,,1.9800000000000002,,2.759999999999999,,2.759999999999999,,5.867844113148749,,5.389558683149517,,7.7207567665027454,,2.331052598543465,,3.0172117045149207,-4.423782229423523e-09,9.340691758552566e-05,0.0020376850297907367,1.4316240325570107,0.5612411499023438,0.9104881882667542,0.5054360032081604,0.06925998628139496,0.032980091869831085,1.442762017250061,0.6557018756866455,416,0.3433386981487274,4.8652849197387695,0.045850351452827454,851968,3001,416,26,-140.08966,0.022356242046225817,-0.002548765805840958,5.0852142602205275,-138.79941,0.019814278185367584,-0.001853369828313589,5.147951471805572,,,0.95,0.9,both,0.34307889916505013,0.2916124799225451,0.7605328970179608,0.0,-126.124146,2140.8719375171295,-140.08966
6,1784883510.3064232,,5.28,,5.28,,4.799999999999999,,4.799999999999999,,7.200000000000002,,7.200000000000002,,1.9800000000000002,,1.9800000000000002,,2.759999999999999,,2.759999999999999,,5.269233982078731,,4.892849901691079,,7.476064359769225,,1.969662624411285,,2.7321683978661895,-4.190951585769653e-09,-0.0025922180138877593,0.3786161254392937,1.4311816170811653,0.49160218238830566,0.8897807598114014,0.38324296474456787,0.05710967630147934,0.06169771030545235,1.2565875053405762,0.5964576005935669,496,0.5257600545883179,4.467996120452881,0.028424903750419617,1015808,3175,496,31,-130.48238,0.012242270205751993,-0.002951490129635204,4.855784904956818,-130.05025,0.0060689359364914704,-0.0015304529151762836,4.935122188925743,,,0.95,0.9,both,0.3288200241308212,0.35218158962002927,2.432499567869842,0.0,-124.854515,2153.1988557391874,-130.48238
7,1784883585.119167,,5.28,,5.28,,4.799999999999999,,4.799999999999999,,7.200000000000002,,7.200000000000002,,1.9800000000000002,,1.9800000000000002,,2.759999999999999,,2.759999999999999,,5.114838644862175,,5.120637817308307,,7.162842611782253,,1.9444292909174692,,2.729604298947379,1.862645149230957e-09,-0.003815257834503427,0.022376711596734822,1.434070285409689,0.5932079553604126,0.8849705457687378,0.7601099014282227,0.004758266732096672,0.25255680084228516,0.8859519958496094,0.5576135516166687,576,0.5454427003860474,4.414470195770264,0.028516622260212898,1179648,3343,576,36,-129.31618,0.010584439532249235,-0.0023266286982106974,4.667326405644417,-122.000565,0.005782212034682743,-0.0020847068088187372,4.711474302411079,,,0.95,0.9,both,0.36743412758540517,0.28666861017720224,0.8194428964200169,0.0,-120.94261,2190.001651591308,-129.31618
8,1784883661.2602396,,5.28,,5.28,,4.799999999999999,,4.799999999999999,,7.200000000000002,,7.200000000000002,,1.9800000000000002,,1.9800000000000002,,2.759999999999999,,2.759999999999999,,4.795322355115786,,4.5277522668475285,,6.942289033278939,,1.875671655870974,,2.5710851025069132,1.3969838619232178e-09,-0.00713256663584616,0.002057234740277636,1.4333422034978867,0.5978221297264099,0.8683590888977051,0.5362860560417175,-0.017985811457037926,0.04570282623171806,0.8374938368797302,0.44234320521354675,656,0.48453038930892944,4.1424241065979,0.02206597663462162,1343488,3509,656,41,-124.1355,0.00987905612855684,-0.0024621588352601977,4.450586113333702,-122.625626,0.006217625235149171,-0.002341660839738324,4.493173027038575,,,0.95,0.9,both,0.4264541917031706,0.4191978982460661,1.166047796259254,0.0,-114.913124,2151.79461618572,-124.1355
9,1784883736.5710423,,5.28,,5.28,,4.799999999999999,,4.799999999999999,,7.200000000000002,,7.200000000000002,,1.9800000000000002,,1.9800000000000002,,2.759999999999999,,2.759999999999999,,4.999592818785459,,4.768309948965907,,7.030446121236309,,1.9836083716727444,,2.673598790948745,0.0,-0.00934652351133991,0.0025075190496863797,1.429730772972107,0.682029128074646,0.8817778825759888,0.6710335612297058,0.0319976732134819,0.08777312934398651,0.905785083770752,0.3734056353569031,736,0.48691216111183167,4.291111469268799,0.013168142177164555,1507328,3674,736,46,-113.680954,0.012708779226522892,-0.001688694499898702,4.249731290340423,-118.51754,0.0067138927901396524,-0.002572934497584356,4.212918302416801,,,0.95,0.9,both,0.4234402019057935,0.42548367763078404,0.6828501818773385,0.0,-117.37712,2175.518536981928,-113.680954
10,1784883811.7262635,,5.28,,5.28,,4.799999999999999,,4.799999999999999,,7.200000000000002,,7.200000000000002,,1.9800000000000002,,1.9800000000000002,,2.759999999999999,,2.759999999999999,,5.659345624735579,,5.257251113653183,,6.987196905276505,,2.2969888653606176,,3.0280081694945693,1.862645149230957e-09,-0.010023736373113934,0.0074103386905335356,1.4172432087361813,0.5885828733444214,0.8742560148239136,0.4523312449455261,0.03460197150707245,0.03782067075371742,0.8006975650787354,0.35377776622772217,816,0.4295465350151062,4.645758152008057,0.01000970508903265,1671168,3836,816,51,-119.93044,0.010048888843448367,-0.0016513155787833966,3.9864445596933367,-113.1071,0.00451107916305773,-0.0048337806772906335,3.972230625152588,,,0.95,0.9,both,0.44625763563290893,0.48900778510789583,0.7459514387578505,0.0,-110.45851,2180.0211200670337,-119.93044
11,1784883888.0325716,,5.28,,5.28,,4.799999999999999,,4.799999999999999,,7.200000000000002,,7.200000000000002,,1.9800000000000002,,1.9800000000000002,,2.759999999999999,,2.759999999999999,,4.702928934711963,,4.21900768391788,,6.863105847500265,,1.8243559373077005,,2.526370834559202,1.862645149230957e-09,-0.0011561157298274338,0.03250012037460692,1.4123672246932983,0.7878639698028564,0.8697575330734253,0.7716953158378601,0.0394168496131897,0.15332770347595215,0.7102561593055725,0.2740494906902313,896,0.41413936018943787,4.027153968811035,0.04574085399508476,1835008,4008,896,56,-117.914246,0.0168041656492278,-0.0019469441424007528,3.7506973266601564,-130.96152,0.0223927115497645,-0.0027842164316098207,3.777419041097164,,,0.95,0.9,both,0.44336889882798164,0.4926908088182215,1.2284162396226284,0.0,-107.08213,2147.135779066638,-117.914246
12,1784883961.7388318,,5.28,,5.28,,4.799999999999999,,4.799999999999999,,7.200000000000002,,7.200000000000002,,1.9800000000000002,,1.9800000000000002,,2.759999999999999,,2.759999999999999,,5.907643824350089,,5.340453804470599,,7.747248378582299,,2.2111588267143816,,3.029000928043388,-1.862645149230957e-09,-0.0007477696162823122,0.016224267004872672,1.414332464337349,0.6008328199386597,0.785391092300415,0.48015984892845154,0.10412120074033737,0.22200007736682892,0.7732764482498169,0.25177791714668274,976,0.3611701726913452,4.847101211547852,0.010649105533957481,1998848,4178,976,61,-104.919556,0.013045799656538293,-0.0013166808857931755,3.485065260529518,-100.71981,0.00736340407456737,-0.002516343246679753,3.5550218120217325,,,0.95,0.9,both,0.4914311850660589,0.6093312808473949,0.9900291894693016,0.0,-120.02226,2222.8767152086502,-104.919556
13,1784884036.0452094,,5.28,,5.28,,4.799999999999999,,4.799999999999999,,7.200000000000002,,7.200000000000002,,1.9800000000000002,,1.9800000000000002,,2.759999999999999,,2.759999999999999,,5.669751294655725,,5.082659849256743,,7.915517058223486,,2.3159704003483057,,3.033384660258889,0.0,-0.00017362285871058702,0.08971167460549623,1.4082428254187107,0.5938516855239868,0.8360834717750549,0.46459150314331055,-0.03538235276937485,0.28417617082595825,0.7925523519515991,0.2242351621389389,1056,0.40381908416748047,4.803456783294678,0.015855353325605392,2162688,4359,1056,66,-102.97294,0.012363560554513242,-0.0009554735297570005,3.3174348041415214,-103.84056,0.009907688183011487,-0.0020164444104011636,3.344406136870384,,,0.95,0.9,both,0.6021687063732112,0.5745134407234435,1.3092173744228965,0.0,-115.56654,2204.925982999652,-102.97294
14,1784884109.1422048,,5.28,,5.28,,4.799999999999999,,4.799999999999999,,7.200000000000002,,7.200000000000002,,1.9800000000000002,,1.9800000000000002,,2.759999999999999,,2.759999999999999,,5.400592481717467,,4.5914362508337945,,7.006681737024337,,1.9580396098317578,,2.7792540781083517,-5.587935447692871e-09,0.0001871397253125906,0.00659498106688261,1.4124829545617104,0.5788435339927673,0.765149712562561,0.5988574624061584,0.05161505565047264,0.10726466029882431,0.6614625453948975,0.18658816814422607,1136,0.5603100061416626,4.347200870513916,0.03436838835477829,2326528,4577,1136,71,-92.62117,0.024638425797456877,-0.0006025001479429193,3.145050401985645,-110.51875,0.04119088485604152,-0.001092646596953273,3.183223362267017,,,0.95,0.9,both,0.6530136152763669,0.712171192229377,0.6995469054379216,0.0,-100.572205,2241.404296939169,-92.62117
15,1784884181.271353,,5.28,,5.28,,4.799999999999999,,4.799999999999999,,7.200000000000002,,7.200000000000002,,1.9800000000000002,,1.9800000000000002,,2.759999999999999,,2.759999999999999,,6.073672235012054,,5.433752812445164,,7.814963456243277,,2.370113254757598,,3.11251737177372,3.725290298461914e-09,-0.0003331938569317572,0.012584835872985423,1.4177531860768795,0.6518821716308594,0.8519594073295593,0.557227611541748,0.025831591337919235,0.16139087080955505,0.6064483523368835,0.15099146962165833,1216,0.30587702989578247,4.96100378036499,0.023167163133621216,2490368,4835,1216,76,-106.4374,0.0504655014607124,-0.0011282344625215047,2.972618168592453,-100.55216,0.02097899742075242,-0.001009169798635412,3.030321204662323,,,0.95,0.9,both,0.6680872042865567,0.6511336696131191,1.1774920189133928,0.0,-125.75034,2271.481330292595,-106.4374
16,1784884253.139509,,5.28,,5.28,,4.799999999999999,,4.799999999999999,,7.200000000000002,,7.200000000000002,,1.9800000000000002,,1.9800000000000002,,2.759999999999999,,2.759999999999999,,4.979678206553217,,4.340418390929699,,6.946684785652906,,1.6902507563354447,,2.600784464390017,4.6566128730773926e-09,-0.009893436144920997,0.01009524024266284,1.4242377616465092,0.7179528474807739,0.8573113083839417,0.6445810198783875,-0.10211130976676941,0.17575770616531372,0.7065370082855225,0.16491642594337463,1296,0.3999555706977844,4.111563205718994,0.05311485752463341,2654208,5220,1296,81,-94.19553,0.05313944711815566,-0.0011165547068230808,2.882772970199585,-102.25572,0.05168206200469285,-0.0012199511904327665,2.935274140536785,,,0.95,0.9,both,0.7659987718507703,0.7013247382970416,0.6808189340247748,0.0,-104.498634,2279.7300874531943,-94.19553
17,1784884325.4032016,,5.28,,5.28,,4.799999999999999,,4.799999999999999,,7.200000000000002,,7.200000000000002,,1.9800000000000002,,1.9800000000000002,,2.759999999999999,,2.759999999999999,,5.067112035820173,,4.242877760902047,,6.827155739534646,,1.807754622073844,,2.5566926263272762,1.0244548320770264e-08,0.0002386450651101768,0.00031810322661840473,1.42549417167902,0.7925770878791809,0.8606655597686768,0.6731724143028259,-0.13497909903526306,0.03127480670809746,0.7502833604812622,0.1339266300201416,1376,0.41619402170181274,4.10031795501709,0.05526934936642647,2818048,5620,1376,86,-89.428024,0.027927919197827576,-0.0005224955297308042,2.75466802418232,-105.024704,0.05673088431358338,-0.0013860582679626533,2.815618985891342,,,0.95,0.9,both,0.742111689881762,0.7687204440443269,0.7811762501624537,0.0,-106.78606,2267.2518915202145,-89.428024
18,1784884397.9420862,,5.28,,5.28,,4.799999999999999,,4.799999999999999,,7.200000000000002,,7.200000000000002,,1.9800000000000002,,1.9800000000000002,,2.759999999999999,,2.759999999999999,,5.7622913885861635,,5.162257487419993,,7.663310843985528,,2.240139840869233,,2.9900288983481005,-2.7939677238464355e-09,-0.0014824055251665413,0.008135621284964145,1.4291874840855598,0.5872308611869812,0.8326964378356934,0.37515321373939514,-0.10225425660610199,0.04948974400758743,0.8013908863067627,0.10831283032894135,1456,0.429312527179718,4.76360559463501,0.06074942648410797,2981888,5980,1456,91,-100.81219,0.05233556514140218,-0.0007421280519338324,2.623590251803398,-98.1251,0.035752648417837915,-0.0010465154693520163,2.6559286206960677,,,0.95,0.9,both,0.7460918186670148,0.7807124831981905,0.6557630246598498,0.0,-101.27283,2258.6518588126896,-100.81219
19,1784884468.9150007,,5.28,,5.28,,4.799999999999999,,4.799999999999999,,7.200000000000002,,7.200000000000002,,1.9800000000000002,,1.9800000000000002,,2.759999999999999,,2.759999999999999,,4.7855915585532784,,4.447578097693622,,6.8335974311921746,,1.7344918474555016,,2.579409800702706,5.587935447692871e-09,-0.002716784889344126,0.04518823273247108,1.4282105825841427,0.7840918302536011,0.8899667263031006,0.5902811288833618,-0.06816864013671875,0.27162009477615356,0.7145743370056152,0.10196951031684875,1536,0.4555496573448181,4.076133728027344,0.06548276543617249,3145728,6384,1536,96,-91.31519,0.04949152938788757,0.0004187224414636148,2.5263382613658907,-108.716286,0.05452050385065377,-0.0014940851047867908,2.555242455005646,,,0.95,0.9,both,0.8278175937944674,0.7914647856431054,1.3080368161643157,0.0,-102.04018,2308.4874431347025,-91.31519
20,1784884538.6420696,,5.28,,5.28,,4.799999999999999,,4.799999999999999,,7.200000000000002,,7.200000000000002,,1.9800000000000002,,1.9800000000000002,,2.759999999999999,,2.759999999999999,,5.122097051469609,,4.849509656429291,,6.940455662086606,,2.0918760993517935,,2.6307915542274714,0.0,-0.02119776860922684,0.005403108341852203,1.4241956323385239,0.7162681221961975,0.8093850612640381,0.5010481476783752,-0.3246315121650696,0.1262311488389969,0.9320665597915649,0.08031582832336426,1616,0.5390199422836304,4.326946258544922,0.044071804732084274,3309568,6724,1616,101,-102.96153,0.041637104214169086,-5.767180482507683e-05,2.411221571266651,-106.31915,0.030514556617708875,-8.211235544877126e-05,2.441008684039116,,,0.95,0.9,both,0.845558364977129,0.8311841581999243,0.9092014645149925,0.0,-97.808586,2349.7305658658124,-102.96153
21,1784884609.275571,,5.28,,5.28,,4.799999999999999,,4.799999999999999,,7.200000000000002,,7.200000000000002,,1.9800000000000002,,1.9800000000000002,,2.759999999999999,,2.759999999999999,,4.449719170923345,,3.9936410393565893,,6.489690720940416,,1.578223382937722,,2.372156976722181,1.862645149230957e-09,0.0005766968024545349,0.0035332847764948383,1.427654430270195,0.7323787808418274,0.7716367244720459,0.6152672171592712,-0.07250324636697769,0.09259740263223648,1.2712945938110352,0.07217103242874146,1696,0.2334105521440506,3.776686191558838,0.04152173176407814,3473408,7001,1696,106,-101.26853,0.043434409436304125,-5.2258841606089845e-05,2.2643608421087267,-98.28878,0.03524073993321508,-0.00047256301186280323,2.288439978659153,,,0.95,0.9,both,0.8977147647297326,0.8707567404584502,0.9268557168521726,0.0,-89.570915,2319.5792244617637,-101.26853
22,1784884680.5707452,,5.28,,5.28,,4.799999999999999,,4.799999999999999,,7.200000000000002,,7.200000000000002,,1.9800000000000002,,1.9800000000000002,,2.759999999999999,,2.759999999999999,,5.839376371121034,,5.457355203106999,,7.905163298361003,,2.3700067470781505,,3.1968270938377827,-1.862645149230957e-09,-0.007763299508951604,0.08635429441346787,1.4314829893410206,0.821533739566803,0.8827735781669617,0.6207133531570435,0.20217807590961456,0.10716411471366882,0.3880675137042999,0.05797536298632622,1776,0.2974646985530853,4.9537458419799805,0.02837923727929592,3637248,7284,1776,111,-101.10713,0.054301783291157334,-0.0001698235544608906,2.158296784758568,-99.73538,0.020980128267547117,-0.001532933651469648,2.188119871914387,,,0.95,0.9,both,0.9157156161035258,0.8975801493317108,1.7348783702010366,0.0,-108.46092,2298.0547765136685,-101.10713
23,1784884754.145301,,5.28,,5.28,,4.799999999999999,,4.799999999999999,,7.200000000000002,,7.200000000000002,,1.9800000000000002,,1.9800000000000002,,2.759999999999999,,2.759999999999999,,4.767224553506821,,4.208109618164599,,6.743575279717334,,1.7146331270341761,,2.4617048650979996,-1.3969838619232178e-08,0.0015968505103955977,0.03111266257474199,1.4259964898228645,0.7210787534713745,0.9033540487289429,0.5953547954559326,-0.17728057503700256,0.10837147384881973,1.0722938776016235,0.06216728687286377,1856,0.41824084520339966,3.9790496826171875,0.05724993720650673,3801088,7555,1856,116,-109.41518,0.057239955733530225,-0.00046462707687169316,2.0468868136405947,-86.72518,0.0394733025575988,-0.0007871893481933512,2.0639990493655205,,,0.95,0.9,both,0.8571592060475746,0.8222773416665742,1.450552553181427,0.0,-85.67671,2226.853929128606,-109.41518
24,1784884825.301306,,5.28,,5.28,,4.799999999999999,,4.799999999999999,,7.200000000000002,,7.200000000000002,,1.9800000000000002,,1.9800000000000002,,2.759999999999999,,2.759999999999999,,5.254189271945506,,4.3975252928212285,,6.821811311878264,,1.8493254251079634,,2.5912853128975257,-9.313225746154785e-10,-0.003371246872120537,0.009972559928428382,1.4256028421223164,0.5856399536132812,0.8846970796585083,0.5879297852516174,-0.158307746052742,0.16973848640918732,1.4458478689193726,0.05980131775140762,1936,0.4552924633026123,4.182827472686768,0.0329945869743824,3964928,7804,1936,121,-86.95489,0.018995067360810934,-0.0007087939498887863,1.9666107766330243,-89.00435,0.019320742087438704,-0.0010728923698479775,1.890130600333214,,,0.95,0.9,both,0.885586838309451,0.9875505352498664,0.6856796220049659,0.0,-95.62656,2302.5462612910565,-86.95489
25,1784884894.1516278,,5.28,,5.28,,4.799999999999999,,4.799999999999999,,7.200000000000002,,7.200000000000002,,1.9800000000000002,,1.9800000000000002,,2.759999999999999,,2.759999999999999,,5.654248958919197,,5.271767532918602,,7.495078719803132,,2.2813489963300526,,2.852524031419307,-2.3283064365386963e-09,-0.010383881970483344,0.007335060101468116,1.4214772507548332,0.6300047039985657,0.7409159541130066,0.39948058128356934,0.003212233539670706,0.14041893184185028,0.7989498972892761,0.05857343226671219,2016,0.48311638832092285,4.710993766784668,0.019914677366614342,4128768,8026,2016,126,-83.85343,0.025979377422481777,-0.0013265964167658239,1.8517034508287906,-93.35597,0.013160775645519606,-5.560496720136143e-05,1.794337397813797,,,0.95,0.9,both,0.888848075691198,0.9043192734382025,0.920916083047605,0.0,-91.76373,2379.6549234603112,-83.85343
26,1784884964.2001638,,5.28,,5.28,,4.799999999999999,,4.799999999999999,,7.200000000000002,,7.200000000000002,,1.9800000000000002,,1.9800000000000002,,2.759999999999999,,2.759999999999999,,5.623524000751786,,5.189103932119906,,7.711997920414433,,2.064052547852043,,2.8807588908821344,-2.7939677238464355e-09,0.0010752327216323465,0.018209327361546457,1.4214377105236053,0.5913063883781433,0.911639392375946,0.3315618634223938,-0.00010717194527387619,0.1580510288476944,0.43839341402053833,0.060220181941986084,2096,0.45294952392578125,4.693887233734131,0.04131558910012245,4292608,8241,2096,131,-85.9348,0.02234398297732696,-0.0009930557280313224,1.6866790890693664,-92.06773,0.018531309126410635,0.0002443825389491394,1.6924680456519128,,,0.95,0.9,both,0.8869728792075218,0.999966211953183,1.1343310183996531,0.0,-93.73283,2338.94970723323,-85.9348
27,1784885035.7741814,,5.28,,5.28,,4.799999999999999,,4.799999999999999,,7.200000000000002,,7.200000000000002,,1.9800000000000002,,1.9800000000000002,,2.759999999999999,,2.759999999999999,,4.867817426100373,,4.148486087098718,,6.593529440462589,,1.8196820963785285,,2.706950813997537,0.0,-0.002142957178875804,0.016215163879678585,1.4196765795350075,0.5992565155029297,0.8011569380760193,0.45231473445892334,0.07636988162994385,0.14461886882781982,0.6648910045623779,0.06536669284105301,2176,0.4164748191833496,4.0272932052612305,0.041537780314683914,4456448,8443,2176,136,-76.943436,0.01721074788365513,0.00034902555344160644,1.5610793136060237,-89.75368,0.015981841649045238,0.00013680895935976877,1.5559286884963512,,,0.95,0.9,both,0.963846843322019,1.0775929450098904,1.0983843236484319,0.0,-75.74236,2289.0995903575367,-76.943436
28,1784885105.0779295,,5.28,,5.28,,4.799999999999999,,4.799999999999999,,7.200000000000002,,7.200000000000002,,1.9800000000000002,,1.9800000000000002,,2.759999999999999,,2.759999999999999,,4.77732097171247,,4.4599176603369415,,6.996204473776743,,1.8516896469518542,,2.497649942000862,-1.862645149230957e-09,-0.0008846708660712466,0.015006398287368938,1.4191298633813858,0.7472040057182312,0.8347647190093994,0.5235687494277954,-0.04072302207350731,0.21693620085716248,0.7944329380989075,0.0782959833741188,2256,0.44011378288269043,4.116556644439697,0.04708131030201912,4620288,8673,2256,141,-88.236855,0.032887515507172796,-0.00030563509062631056,1.4708965294063092,-95.952614,0.019654189504217358,-0.0005318053721566684,1.4456313885748386,,,0.95,0.9,both,1.0239319907552307,1.0783780196590294,0.888633716075122,0.0,-90.50128,2364.084868789155,-88.236855
29,1784885175.1749477,,5.28,,5.28,,4.799999999999999,,4.799999999999999,,7.200000000000002,,7.200000000000002,,1.9800000000000002,,1.9800000000000002,,2.759999999999999,,2.759999999999999,,6.156265328638256,,5.684414800256491,,8.173371151089668,,2.444008568301797,,3.1990998736582696,4.190951585769653e-09,0.002334821387194097,0.021716945338994265,1.4139318652451038,0.5240627527236938,0.9223415851593018,0.3079819083213806,-0.09089688211679459,0.039058733731508255,0.3820289373397827,0.06449581682682037,2336,0.1207539290189743,5.131432056427002,0.02215280570089817,4784128,8898,2336,146,-80.93043,0.02147567801293917,-0.001058220006962074,1.3729764834046363,-87.96173,0.023304387088865043,-0.000592854326532688,1.3838567972183227,,,0.95,0.9,both,1.0286855500763068,1.0933605157168613,1.7639284036901766,0.0,-83.271225,2337.3319314577448,-80.93043
30,1784885247.3305094,,5.28,,5.28,,4.799999999999999,,4.799999999999999,,7.200000000000002,,7.200000000000002,,1.9800000000000002,,1.9800000000000002,,2.759999999999999,,2.759999999999999,,5.298150208313018,,4.867291558533907,,7.235924868611619,,1.9974775989539921,,2.7071481774328277,0.0,-0.010152003145776689,0.015666635241359472,1.4091381765902042,0.5558314323425293,0.9006333351135254,0.2999052405357361,-0.03790445253252983,0.14781682193279266,0.5960668921470642,0.0721186101436615,2416,0.5060914754867554,4.421198844909668,0.04684915021061897,4947968,9112,2416,151,-69.35034,0.00896881295775529,0.0003677865010104142,1.2791763804852962,-72.81874,0.019285552913788705,0.0010043611684523058,1.2713981501758098,,,0.95,0.9,both,1.0388737844976401,1.142081835196165,1.0305278383117877,0.0,-69.26755,2270.649798563691,-69.35034
31,1784885320.3541474,,5.28,,5.28,,4.799999999999999,,4.799999999999999,,7.200000000000002,,7.200000000000002,,1.9800000000000002,,1.9800000000000002,,2.759999999999999,,2.759999999999999,,4.904517114162445,,4.42066208506003,,7.214908824855229,,1.8272375641390681,,2.670505211746786,-5.122274160385132e-09,-0.003185776135069318,0.01408399420324713,1.405133217573166,0.6068883538246155,0.9231145977973938,0.39545124769210815,-0.0796578899025917,0.19842787086963654,0.6842775344848633,0.07338051497936249,2496,0.4834720492362976,4.207566261291504,0.03120202198624611,5111808,9301,2496,156,-67.5495,0.011776942532742396,-0.0010013735853135585,1.136731544137001,-89.442474,0.019986919985967688,-0.00022232199407881125,1.1459421075880527,,,0.95,0.9,both,1.0387991369153042,1.0620391173882389,1.0968718879881285,0.0,-68.85345,2243.657001577828,-67.5495
32,1784885389.803942,,5.28,,5.28,,4.799999999999999,,4.799999999999999,,7.200000000000002,,7.200000000000002,,1.9800000000000002,,1.9800000000000002,,2.759999999999999,,2.759999999999999,,5.037304086610675,,4.5090343174524605,,7.007710536476225,,1.8357967804186046,,2.7400238846894354,1.4901161193847656e-08,-0.00023081540712155402,0.01344494050135836,1.4065496698021889,0.5372085571289062,0.8603491187095642,0.3451126515865326,-0.1288759559392929,0.10073055326938629,1.027348279953003,0.08051342517137527,2576,0.49598821997642517,4.225974082946777,0.03302275761961937,5275648,9479,2576,161,-64.267006,0.015188949793810025,-6.197749244165606e-05,0.9944327618926764,-74.29805,0.013178412590059451,-0.00015504297480219975,1.010585905611515,,,0.95,0.9,both,1.0441847205362955,1.0800485852143946,1.0726128222717253,0.0,-81.12463,2359.114113222905,-64.267006
33,1784885460.450109,,5.28,,5.28,,4.799999999999999,,4.799999999999999,,7.200000000000002,,7.200000000000002,,1.9800000000000002,,1.9800000000000002,,2.759999999999999,,2.759999999999999,,5.736750821582973,,5.543651885353029,,7.439415932632983,,2.2581489300355315,,3.00873451679945,-1.3969838619232178e-09,-0.00010355497943237424,0.02331584922649199,1.3993112482130527,0.5956772565841675,0.8347774147987366,0.4086098372936249,0.0032660639844834805,0.11602795869112015,0.6459704041481018,0.06795105338096619,2656,0.4091319441795349,4.797340393066406,0.030539682134985924,5439488,9659,2656,166,-70.54323,0.009545557558885776,0.0007246535154990852,0.8731671713292599,-78.59245,0.008555493998574092,0.00042875852523138747,0.8717869877815246,,,0.95,0.9,both,1.2222117683903637,1.2686205398524941,1.0812489632592184,0.0,-56.926323,2319.164210810915,-70.54323
34,1784885529.913318,,5.28,,5.28,,4.799999999999999,,4.799999999999999,,7.200000000000002,,7.200000000000002,,1.9800000000000002,,1.9800000000000002,,2.759999999999999,,2.759999999999999,,5.089868732728064,,4.599730775691569,,6.958961915224791,,1.8366298287874088,,2.720117113145534,1.862645149230957e-09,-0.0007112766670616111,0.015501564455917105,1.401427872478962,0.5707951784133911,0.8725612163543701,0.4562281668186188,-0.0040818993002176285,0.19042928516864777,0.7748560309410095,0.06788380444049835,2736,0.4453505575656891,4.241061210632324,0.038554597645998,5603328,9848,2736,171,-65.053185,0.01288651702925563,-2.6626318867783993e-05,0.7100651882588863,-86.84201,0.022070230648387222,-0.0005892910856346134,0.7731715478003025,,,0.95,0.9,both,1.230435017251414,1.1511521417051391,0.7270372556087912,0.0,-74.37061,2358.6576947901176,-65.053185
35,1784885599.486042,,5.28,,5.28,,4.799999999999999,,4.799999999999999,,7.200000000000002,,7.200000000000002,,1.9800000000000002,,1.9800000000000002,,2.759999999999999,,2.759999999999999,,5.883968685287982,,5.347918354673311,,7.7995008658617735,,2.3465246614068747,,3.1586120277643204,1.0244548320770264e-08,-0.0004839281755266711,0.016282375087030232,1.3965427204966545,0.5653956532478333,0.8426156044006348,0.25202229619026184,-0.06758448481559753,0.13462086021900177,0.43305251002311707,0.05710459128022194,2816,0.34979337453842163,4.9073052406311035,0.011798637919127941,5767168,10025,2816,176,-62.947662,0.015153047468629666,-7.944789904286153e-05,0.5659766480326652,-62.08315,0.005027460066776257,0.00045478819374693557,0.6037216398864984,,,0.95,0.9,both,1.2594727573294295,1.3311516590400307,1.1410865638918313,0.0,-75.86906,2354.946603233078,-62.947662
36,1784885669.0714867,,5.28,,5.28,,4.799999999999999,,4.799999999999999,,7.200000000000002,,7.200000000000002,,1.9800000000000002,,1.9800000000000002,,2.759999999999999,,2.759999999999999,,4.7573411534540355,,4.316080084070563,,6.496902390383184,,1.664938475121744,,2.463429504772648,-5.587935447692871e-09,-0.0006756560178473592,0.025487086080829613,1.396027334034443,0.5251896977424622,0.8973501324653625,0.40160441398620605,0.12886328995227814,0.19060808420181274,1.116627812385559,0.0678386241197586,2896,0.3630225956439972,3.9397385120391846,0.038132015615701675,5931008,10191,2896,181,-55.05675,0.009372350211197044,0.0011216757498914375,0.4277626281604171,-75.87838,0.010324433850473724,-0.0004377827455755323,0.4467837829142809,,,0.95,0.9,both,1.3159538161102753,1.4335468553367174,1.2103752147668871,0.0,-64.29351,2354.5157900476206,-55.05675
37,1784885739.7741208,,5.28,,5.28,,4.799999999999999,,4.799999999999999,,7.200000000000002,,7.200000000000002,,1.9800000000000002,,1.9800000000000002,,2.759999999999999,,2.759999999999999,,6.203689802438021,,5.650192400440574,,8.094213217496872,,2.4303224980831146,,3.1646889746189117,-2.3283064365386963e-09,0.0015925396292004734,0.006689258436381351,1.39061988145113,0.3934575319290161,0.7939673066139221,0.2185184210538864,0.13028745353221893,0.08309914171695709,0.5932000279426575,0.05397048220038414,2976,0.14780375361442566,5.108621120452881,0.021038930863142014,6094848,10356,2976,186,-39.675728,0.007121881945204222,0.0006602713583561126,0.3054969906806946,-59.221375,0.0031396572732774073,-0.001163374246971216,0.2490934094414115,,,0.95,0.9,both,1.2919600802498448,1.5135918102871304,1.5678206209907426,0.0,-59.376648,2317.3099991447566,-39.675728
38,1784885807.7141995,,5.28,,5.28,,4.799999999999999,,4.799999999999999,,7.200000000000002,,7.200000000000002,,1.9800000000000002,,1.9800000000000002,,2.759999999999999,,2.759999999999999,,4.832011468708515,,4.278382851276547,,6.618612651480362,,1.6760858023772016,,2.575190375908278,3.725290298461914e-09,-0.004784914395713713,0.04093801279668696,1.388704989105463,0.38529086112976074,0.8534764051437378,0.26641392707824707,0.10491269826889038,0.15216246247291565,0.7839947938919067,0.07129213213920593,3056,0.4168350100517273,3.9960567951202393,0.03674516826868057,6258688,10525,3056,191,-35.723583,0.005612370037124492,0.0005561496785958297,0.17814825102686882,-47.884514,0.0037833980866707863,-0.000846605836704839,0.13467811271548272,,,0.95,0.9,both,1.4070587835024573,1.6653108643785153,1.2265467496372824,0.0,-64.7849,2411.536781944551,-35.723583
39,1784885875.5176127,,5.28,,5.28,,4.799999999999999,,4.799999999999999,,7.200000000000002,,7.200000000000002,,1.9800000000000002,,1.9800000000000002,,2.759999999999999,,2.759999999999999,,4.409674938768148,,4.061064129695296,,6.4381499188020825,,1.5306869172491133,,2.342970760539174,1.3969838619232178e-09,0.0009562979103066027,0.012205702150822617,1.390319224447012,0.684479832649231,0.8376854062080383,0.5354440212249756,-0.14719998836517334,0.10625087469816208,0.6381559371948242,0.06709762662649155,3136,0.23784220218658447,3.756509304046631,0.04716482758522034,6422528,10721,3136,196,-50.59208,0.00922508070798358,-0.0008671130141010508,0.07651423662900925,-96.01816,0.03367285610875115,0.0012963124041561968,0.06673592552542687,,,0.95,0.9,both,1.2021381882337727,1.4726559476720997,1.3239046378916643,0.0,-63.918312,2416.3976124901596,-50.59208
40,1784885941.5734124,,5.28,,5.28,,4.799999999999999,,4.799999999999999,,7.200000000000002,,7.200000000000002,,1.9800000000000002,,1.9800000000000002,,2.759999999999999,,2.759999999999999,,4.300521418452263,,3.852162644267082,,6.307322880951688,,1.5250204615294933,,2.3202043985947967,4.656612873077393e-10,0.0007405112992273644,0.0037337710600695573,1.3863409757614136,0.7349727749824524,0.9819790124893188,0.6073557138442993,0.01931982859969139,0.06292317807674408,0.8454744219779968,0.07310086488723755,3216,0.10411809384822845,3.6610465049743652,0.041059352457523346,6586368,10910,3216,201,-45.427925,0.015071363502647728,0.0008455325121758505,-0.040051134675741194,-93.159325,0.03324360161786899,0.0006944257984287106,-0.025353546440601348,,,0.95,0.9,both,1.4582955063436338,1.5193246896830617,1.130968210918044,0.0,-86.15455,2480.3271639515633,-45.427925
41,1784886009.247106,,5.28,,5.28,,4.799999999999999,,4.799999999999999,,7.200000000000002,,7.200000000000002,,1.9800000000000002,,1.9800000000000002,,2.759999999999999,,2.759999999999999,,5.969318307936192,,5.290382563602179,,7.6210211385041475,,2.1274941032752395,,3.0229063532315195,4.656612873077393e-10,-0.0022670163598377258,0.019400672557821963,1.3882366344332695,0.5233873724937439,0.8186607956886292,0.33384764194488525,0.037731464952230453,0.048265665769577026,0.44766104221343994,0.06159510090947151,3296,0.42726486921310425,4.806224346160889,0.02977832965552807,6750208,11092,3296,206,-40.624798,0.009231185323733371,0.0007189830343122594,-0.134712353348732,-56.885155,0.008537559511023574,-0.001068260645843111,-0.11322559863328933,,,0.95,0.9,both,1.40086615300489,1.5131542048033326,1.429714219686288,0.0,-66.1335,2421.0293767634353,-40.624798
42,1784886075.078622,,5.28,,5.28,,4.799999999999999,,4.799999999999999,,7.200000000000002,,7.200000000000002,,1.9800000000000002,,1.9800000000000002,,2.759999999999999,,2.759999999999999,,5.003283856494818,,4.530609430395998,,6.865619641263038,,1.7367604554165155,,2.635147540626349,8.381903171539307e-09,-0.0002283501671627164,0.023090153699740767,1.3751416094601154,0.4772787392139435,0.8524389266967773,0.3899722099304199,0.24298547208309174,0.1533796787261963,0.5677969455718994,0.05563150718808174,3376,0.45184326171875,4.1542840003967285,0.03183673322200775,6914048,11272,3376,211,-44.544685,0.009046409722941462,-8.059344690991566e-05,-0.25459611508995295,-47.617474,0.0068387643928872425,0.00027776130009442567,-0.24052516911178828,,,0.95,0.9,both,1.3578245207443913,1.4879402779154434,0.9947407535523399,0.0,-47.714054,2488.777742478224,-44.544685
43,1784886141.3368654,,5.28,,5.28,,4.799999999999999,,4.799999999999999,,7.200000000000002,,7.200000000000002,,1.9800000000000002,,1.9800000000000002,,2.759999999999999,,2.759999999999999,,5.822317187441513,,5.293863876722753,,7.985022907610983,,2.282002870924771,,3.0699439947493374,0.0,-0.0108722586883232,0.011359119191183709,1.3691822849214077,0.5417767763137817,0.8891910910606384,0.33627814054489136,-0.07827252149581909,0.18993809819221497,0.36077481508255005,0.05627076327800751,3456,0.4013127386569977,4.890629768371582,0.03580304980278015,7077888,11456,3456,216,-26.331554,0.004215906152239768,0.00022757453043595888,-0.41383712347596885,-55.755238,0.008051341015379876,-0.00012267620040802286,-0.3559188360348344,,,0.95,0.9,both,1.4532152124142557,1.6600487243654345,1.3542114987862144,0.0,-49.384327,2472.751897960003,-26.331554
44,1784886210.250033,,5.28,,5.28,,4.799999999999999,,4.799999999999999,,7.200000000000002,,7.200000000000002,,1.9800000000000002,,1.9800000000000002,,2.759999999999999,,2.759999999999999,,4.791790097486228,,4.290555104613304,,6.583860313985497,,1.5977416429668665,,2.4005226073786616,-1.1175870895385742e-08,0.0006827573583905178,0.0012266895682842005,1.3677229918539524,0.416145384311676,0.913414478302002,0.21037986874580383,-0.40601763129234314,0.06232720986008644,0.7526330351829529,0.06777320802211761,3536,0.3436030447483063,3.932893753051758,0.04039176180958748,7241728,11622,3536,221,-36.12513,0.00464557477607741,0.0014908414057572372,-0.5095149805769325,-62.120014,0.004867690835089889,-0.00031021211689221675,-0.4573335502296686,,,0.95,0.9,both,1.5968441307605592,1.700384460560843,0.6672707386221061,0.0,-68.98059,2377.4827606020644,-36.12513
45,1784886277.935289,,5.28,,5.28,,4.799999999999999,,4.799999999999999,,7.200000000000002,,7.200000000000002,,1.9800000000000002,,1.9800000000000002,,2.759999999999999,,2.759999999999999,,5.5947986136889085,,5.165509486570954,,7.5924844613764435,,2.049854031763971,,2.82479650946334,7.450580596923828e-09,-0.008961117913713679,0.009858457371592522,1.3606166429817677,0.3871248662471771,0.81419837474823,0.2818193733692169,0.18129119277000427,0.1672888696193695,0.5799591541290283,0.06699810922145844,3616,0.4079314172267914,4.645488739013672,0.03775665536522865,7405568,11795,3616,226,-30.6958,0.007931775588804157,0.00033167074725497513,-0.5973834756761789,-55.229565,0.0030944292528147345,9.210698262904771e-05,-0.6039639327675104,,,0.95,0.9,both,1.3774213848899415,1.8168750156996176,0.8379124375000779,0.0,-61.229626,2420.6147594603854,-30.6958
46,1784886345.9475574,,5.28,,5.28,,4.799999999999999,,4.799999999999999,,7.200000000000002,,7.200000000000002,,1.9800000000000002,,1.9800000000000002,,2.759999999999999,,2.759999999999999,,5.944899555295706,,5.298007999546826,,7.833208512049168,,2.1131434845738113,,3.0381961466773646,5.587935447692871e-09,0.003111108409939334,0.00891766823042417,1.3555880561470985,0.7893113493919373,0.8740558624267578,0.6107478737831116,0.045519210398197174,0.1341491937637329,0.4623301029205322,0.07277113199234009,3696,0.3515130579471588,4.845491409301758,0.04148248955607414,7569408,11968,3696,231,-23.284649,0.0037920755115919747,0.0019172473039361648,-0.6630319558084011,-50.893528,0.010444635344902054,0.00026708128134487195,-0.7132789816707372,,,0.95,0.9,both,1.6389844340416737,1.7813948607070764,1.4272060244459903,0.0,-59.171318,2408.9772512084655,-23.284649
47,1784886412.072559,,5.28,,5.28,,4.799999999999999,,4.799999999999999,,7.200000000000002,,7.200000000000002,,1.9800000000000002,,1.9800000000000002,,2.759999999999999,,2.759999999999999,,5.033718188293278,,4.575408647768199,,6.914160983636975,,1.767225873656571,,2.675309740123339,2.3283064365386963e-09,-0.009961242089048028,0.015517785563133657,1.3428301811218262,0.6661721467971802,0.8692620992660522,0.5383347272872925,-0.12002205103635788,0.2161475121974945,0.4763652980327606,0.07223138213157654,3776,0.480508029460907,4.193164348602295,0.04341544955968857,7733248,12133,3776,236,-39.32226,0.006214026907400694,-0.00017987812461797147,-0.7533329740166664,-82.25258,0.011128431663382798,0.00012241579206602183,-0.7663231868296861,,,0.95,0.9,both,1.4536288794841103,1.6267031841377488,0.814885027361533,0.0,-55.447186,2477.7321698741785,-39.32226
48,1784886479.5744412,,5.28,,5.28,,4.799999999999999,,4.799999999999999,,7.200000000000002,,7.200000000000002,,1.9800000000000002,,1.9800000000000002,,2.759999999999999,,2.759999999999999,,5.927804425591603,,5.371769133489579,,7.8761024214327335,,2.3300800058059394,,3.0628560641780496,0.0,-0.0013705729288631119,0.013454229112539906,1.345027845352888,0.4846632778644562,0.8471783995628357,0.30095118284225464,0.1232277974486351,0.08957085758447647,0.6384413242340088,0.06891123950481415,3856,0.3259868025779724,4.913722038269043,0.03768274188041687,7897088,12296,3856,241,-32.132236,0.005438330738252261,0.0005237326855421998,-0.8503190483897924,-61.144703,0.010418897122144699,0.000541693351988215,-0.8732800915837288,,,0.95,0.9,both,1.47946201206381,1.5294214930233416,1.0664936872259447,0.0,-48.69729,2427.191799616474,-32.132236
49,1784886546.6122735,,5.28,,5.28,,4.799999999999999,,4.799999999999999,,7.200000000000002,,7.200000000000002,,1.9800000000000002,,1.9800000000000002,,2.759999999999999,,2.759999999999999,,4.330945938825607,,3.8778278417885303,,6.33598892018199,,1.5402306983014569,,2.288892874494195,-2.3283064365386963e-10,0.007352718894253485,0.003080861843045568,1.347881719470024,0.4878791868686676,0.928363025188446,0.3703387379646301,0.02448198013007641,0.071921207010746,0.7059375047683716,0.06960831582546234,3936,0.1295839101076126,3.6747775077819824,0.028996432200074196,8060928,12465,3936,246,-36.667324,0.010302097674866673,4.097521305084229e-05,-0.9934879921376705,-54.983315,0.010715407854877412,0.0023426364350598305,-0.9554553739726543,,,0.95,0.9,both,1.3761550048919324,1.8902907421423891,2.826640709618439,0.0,-48.35854,2443.9921713251774,-36.667324
50,1784886613.6329744,,5.28,,5.28,,4.799999999999999,,4.799999999999999,,7.200000000000002,,7.200000000000002,,1.9800000000000002,,1.9800000000000002,,2.759999999999999,,2.759999999999999,,5.661876818398014,,5.279207772575319,,7.610784669639543,,2.2505327966064215,,2.9630904279183596,8.381903171539307e-09,4.3422216549515724e-05,0.002627347865200136,1.3489316068589687,0.39353346824645996,0.7979668378829956,0.3268156051635742,0.09668830037117004,0.08968547731637955,0.5003141164779663,0.05801670253276825,4016,0.41406822204589844,4.753098964691162,0.04059379920363426,8224768,12632,4016,251,-30.060822,0.004973450428951765,0.0002202222138294019,-1.115310901403427,-52.80897,0.012102068096282892,0.0011919866781681776,-1.0387906178832054,,,0.95,0.9,both,1.6235792512384113,1.3564878393897724,1.0338130149733542,0.0,-32.84627,2444.61774033175,-30.060822
51,1784886680.3393054,,5.28,,5.28,,4.799999999999999,,4.799999999999999,,7.200000000000002,,7.200000000000002,,1.9800000000000002,,1.9800000000000002,,2.759999999999999,,2.759999999999999,,4.780501855071634,,4.482210845686495,,6.89820545038674,,1.6277637735474855,,2.5036517629632726,9.313225746154785e-10,-6.557466986123472e-05,0.027277430286630988,1.3448871485888958,0.4354022741317749,0.914567768573761,0.32416751980781555,0.048016950488090515,0.22804544866085052,0.5029807090759277,0.06012874096632004,4096,0.4427560269832611,4.05846643447876,0.037602927535772324,8388608,12796,4096,256,-15.863747,0.003978891173028387,0.0007267974375281483,-1.2128370612859727,-49.29098,0.0075533445502514954,0.0009123776224441826,-1.1319795407354831,,,0.95,0.9,both,1.6288470047462478,1.74335203914117,0.9808299227204631,0.0,-32.727066,2456.1392987134345,-15.863747
52,1784886746.5302854,,5.28,,5.28,,4.799999999999999,,4.799999999999999,,7.200000000000002,,7.200000000000002,,1.9800000000000002,,1.9800000000000002,,2.759999999999999,,2.759999999999999,,5.841477817622945,,5.366758743533865,,7.964862118475139,,2.3697601119056344,,2.9482837624382228,-6.51925802230835e-09,0.0003137538442388177,0.022599228053877596,1.3395369313657284,0.47532546520233154,0.9202480912208557,0.3189527690410614,0.14450232684612274,0.08725878596305847,0.4699406027793884,0.06448936462402344,4176,0.33095723390579224,4.898228168487549,0.037636127322912216,8552448,12961,4176,261,-22.697355,0.0054022569420340005,0.002443811748526059,-1.2807421550154685,-64.27567,0.012735926031018608,-0.00015076904237503185,-1.2232785671949387,,,0.95,0.9,both,1.8001977209557438,1.570639052345115,1.197213913498433,0.0,-49.389717,2475.2611559099932,-22.697355
53,1784886812.5879824,,5.28,,5.28,,4.799999999999999,,4.799999999999999,,7.200000000000002,,7.200000000000002,,1.9800000000000002,,1.9800000000000002,,2.759999999999999,,2.759999999999999,,6.074816528707743,,5.467730771750212,,7.9037872060143854,,2.328497501439415,,3.1962089221924543,-1.862645149230957e-09,-0.0036494358646450564,0.004224107706249924,1.3453315049409866,0.3089502453804016,0.9019442796707153,0.19835224747657776,-0.03803019970655441,0.10260520875453949,0.6355133652687073,0.07010582089424133,4256,0.2576989233493805,4.994207859039307,0.03499509394168854,8716288,13126,4256,266,-22.625662,0.006790579023072496,0.0012153810181189328,-1.3263742797076703,-42.075005,0.0025454098991758655,-0.0004487507867452223,-1.315305333584547,,,0.95,0.9,both,1.5812653407021984,2.051887601682315,0.9466543631633355,0.0,-28.441687,2480.2574095068117,-22.625662
54,1784886878.8425696,,5.28,,5.28,,4.799999999999999,,4.799999999999999,,7.200000000000002,,7.200000000000002,,1.9800000000000002,,1.9800000000000002,,2.759999999999999,,2.759999999999999,,5.559016611659899,,5.054566186852753,,7.493680424318882,,2.1590425269678235,,2.798854856577236,5.587935447692871e-09,-0.00025640445528551936,0.016778868750407128,1.3426714055240154,0.25789952278137207,0.7906559705734253,0.2042878419160843,0.1740700602531433,0.1580846607685089,0.36671027541160583,0.061623454093933105,4336,0.4112529754638672,4.61303186416626,0.03323107212781906,8880128,13297,4336,271,-21.3899,0.00963954696781002,0.0016641385067487136,-1.377775464206934,-32.052986,0.003070221151574515,-0.0004399372977786697,-1.4291481733322144,,,0.95,0.9,both,1.6777371819296731,1.9984638936038874,0.8266281402677265,0.0,-44.129932,2472.885107380936,-21.3899
55,1784886944.3818524,,5.28,,5.28,,4.799999999999999,,4.799999999999999,,7.200000000000002,,7.200000000000002,,1.9800000000000002,,1.9800000000000002,,2.759999999999999,,2.759999999999999,,5.037040490715299,,4.5030018128454685,,7.060653208522126,,1.8764962879940867,,2.546481931611197,-1.862645149230957e-09,-0.008556765387766063,0.0157180671376409,1.339434426277876,0.44925904273986816,0.8414021134376526,0.3528605103492737,-0.015503345057368279,0.19076137244701385,0.5834060907363892,0.062245555222034454,4416,0.4548422694206238,4.204734802246094,0.03471892699599266,9043968,13460,4416,276,-14.633351,0.008026545352186077,0.0019047686131671072,-1.472387285530567,-55.780987,0.005199555859144311,-0.00022356357803801074,-1.5100473396480083,,,0.95,0.9,both,1.4850044013276211,1.590304713309488,0.824264809522083,0.0,-34.53818,2499.8736593014805,-14.633351
56,1784887010.238442,,5.28,,5.28,,4.799999999999999,,4.799999999999999,,7.200000000000002,,7.200000000000002,,1.9800000000000002,,1.9800000000000002,,2.759999999999999,,2.759999999999999,,6.069166769273579,,5.649291709065437,,8.090418379753828,,2.4228337267413735,,3.147182466695085,-2.7939677238464355e-09,-0.0016837317143654218,0.0030461985734291375,1.3369587063789368,0.29045966267585754,0.9121218919754028,0.2005234807729721,-0.023526731878519058,0.0842524915933609,0.39372456073760986,0.056276533752679825,4496,0.20977649092674255,5.075778484344482,0.03364080190658569,9207808,13622,4496,281,-20.371744,0.004379987823631382,0.002118328291544458,-1.5702116176486016,-27.120596,0.004815561520808842,-0.00025826355849858376,-1.5192975640296935,,,0.95,0.9,both,1.922688729481155,1.6405463158027658,1.3193207380916177,0.0,-74.40578,2487.8301539968948,-20.371744
57,1784887077.440801,,5.28,,5.28,,4.799999999999999,,4.799999999999999,,7.200000000000002,,7.200000000000002,,1.9800000000000002,,1.9800000000000002,,2.759999999999999,,2.759999999999999,,6.221390340477228,,5.739134006202221,,8.144682761281729,,2.419403651729226,,3.2141750529408455,-9.313225746154785e-10,0.0015036023687571287,0.0010692070995901304,1.3373577632009983,0.28731217980384827,0.8213777542114258,0.23003973066806793,0.0316346101462841,0.006215718109160662,0.39322346448898315,0.051178500056266785,4576,0.0813404992222786,5.147757053375244,0.03398112952709198,9371648,13782,4576,286,-18.711327,0.004366326911258512,0.0010198715586739126,-1.694545890390873,-38.421898,0.007163874604157172,0.0003625869852839969,-1.659917887300253,,,0.95,0.9,both,1.524839847790758,1.5266313795755369,2.0867769219860373,0.0,-34.046986,2438.0103956236885,-18.711327
58,1784887142.7837033,,5.28,,5.28,,4.799999999999999,,4.799999999999999,,7.200000000000002,,7.200000000000002,,1.9800000000000002,,1.9800000000000002,,2.759999999999999,,2.759999999999999,,5.213547921739519,,4.703729609493166,,6.973658140748739,,2.082596090505831,,2.758873201906681,3.725290298461914e-09,-0.007625591897522099,0.009386119731061626,1.3343292251229286,0.26301056146621704,0.8954209685325623,0.19000768661499023,0.2588898241519928,0.10209742188453674,0.450229287147522,0.06372958421707153,4656,0.4785880148410797,4.346480369567871,0.03337295725941658,9535488,13943,4656,291,-10.953319,0.002760528015642194,0.002710811787255807,-1.80243681371212,-36.25552,0.005055809424084146,0.0009279840436647646,-1.7796680860221386,,,0.95,0.9,both,2.1031904454169252,1.8410126885763247,0.9965718422651693,0.0,-54.592987,2507.3879706777507,-10.953319
59,1784887206.6361613,,5.28,,5.28,,4.799999999999999,,4.799999999999999,,7.200000000000002,,7.200000000000002,,1.9800000000000002,,1.9800000000000002,,2.759999999999999,,2.759999999999999,,6.086758082266897,,5.753442294895649,,8.060407400131226,,2.3974530363921076,,3.1987178744748235,-2.7939677238464355e-09,-0.00014190073125064373,0.008301722067699302,1.3317914195358753,0.3234366178512573,0.8833860158920288,0.26068347692489624,-0.14084719121456146,0.15556856989860535,0.28366392850875854,0.05579948052763939,4736,0.14898821711540222,5.099356174468994,0.03950631245970726,9699328,14108,4736,296,-39.484203,0.008641532018373255,0.0014920218935003504,-1.870833832770586,-21.787395,0.008002654029405675,0.00023934164055390285,-1.8698550827801228,,,0.95,0.9,both,1.8130771813899316,1.5815387859690428,1.5928385519666834,0.0,-70.46433,2565.9157587945065,-39.484203
60,1784887270.5904484,,5.28,,5.28,,4.799999999999999,,4.799999999999999,,7.200000000000002,,7.200000000000002,,1.9800000000000002,,1.9800000000000002,,2.759999999999999,,2.759999999999999,,6.060005621984601,,5.712125644087791,,8.100592682138085,,2.4360603746026754,,3.2492516674101353,9.313225746154785e-09,-0.002179116796469316,0.026035736547783017,1.3403868228197098,0.754145622253418,0.8940620422363281,0.6395630836486816,0.13646501302719116,0.05671774595975876,0.35690024495124817,0.06586039066314697,4816,0.17330650985240936,5.111607551574707,0.0596708282828331,9863168,14282,4816,301,-17.965008,0.00442756117117824,0.0007515377117670141,-1.8842434771358967,-89.33732,0.026558556940290145,0.0019270368575234897,-1.9262052923440933,,,0.95,0.9,both,1.8821606958081776,1.9158358998347829,1.815825269171508,0.0,-32.106438,2561.828778245083,-17.965008
61,1784887333.6562943,,5.28,,5.28,,4.799999999999999,,4.799999999999999,,7.200000000000002,,7.200000000000002,,1.9800000000000002,,1.9800000000000002,,2.759999999999999,,2.759999999999999,,4.538917003199458,,4.0830964129418135,,6.483077067881823,,1.6519857647363096,,2.3728092489764094,-7.450580596923828e-09,0.0008069555187830701,0.055898266145959496,1.3432909697294235,0.28438201546669006,0.7641971707344055,0.16198642551898956,-0.15747496485710144,0.3099503517150879,0.47075173258781433,0.05688643455505371,4896,0.2913966476917267,3.825977325439453,0.03194538876414299,10027008,14443,4896,306,-31.991009,0.007046909180644434,0.001413791834784206,-1.9337889157235622,-28.053967,0.004021559470857028,0.0008654903649585322,-1.9428424306213856,,,0.95,0.9,both,1.8524794059303744,2.356508410151452,1.1736445639888267,0.0,-57.899284,2597.919205422199,-31.991009
62,1784887398.0900004,,5.28,,5.28,,4.799999999999999,,4.799999999999999,,7.200000000000002,,7.200000000000002,,1.9800000000000002,,1.9800000000000002,,2.759999999999999,,2.759999999999999,,4.721353152766824,,4.165263252099976,,6.658121691085398,,1.6557545136311091,,2.5163421533070505,5.587935447692871e-09,-0.004966522305039689,0.018863146076910198,1.346694439649582,0.29835692048072815,0.819221556186676,0.2627992630004883,-0.0986340194940567,0.16091161966323853,0.3600805103778839,0.06181851029396057,4976,0.394235223531723,3.943366527557373,0.028903674334287643,10190848,14612,4976,311,-52.67857,0.006932608755596448,0.0023546912780147977,-2.014909082651138,-37.9354,0.005363394574669655,0.0017154988454421982,-1.9527709268033504,,,0.95,0.9,both,1.9345507605281071,2.0303755819106803,1.1399339796559607,0.0,-52.01405,2542.76844598311,-52.67857
63,1784887463.5596182,,5.28,,5.28,,4.799999999999999,,4.799999999999999,,7.200000000000002,,7.200000000000002,,1.9800000000000002,,1.9800000000000002,,2.759999999999999,,2.759999999999999,,6.226168159395456,,5.7382265366613865,,8.160044260323048,,2.4513698294758797,,3.169479932403192,-3.725290298461914e-09,0.0012655899045057595,0.01492211371078156,1.3472605757415295,0.23966927826404572,0.9643839001655579,0.15077151358127594,0.0760592520236969,0.0616338737308979,0.2564387917518616,0.054548971354961395,5056,0.10425277054309845,5.149057388305664,0.02537260204553604,10354688,14776,5056,316,-31.185862,0.006152247957652434,0.0006233544852875638,-2.065417492389679,-26.070637,0.003282118714560056,0.0009229308794601821,-2.062114118039608,,,0.95,0.9,both,1.9204554841335888,2.339454653166284,1.974180550900399,0.0,-28.171103,2502.534851291939,-31.185862
64,1784887529.0470767,,5.28,,5.28,,4.799999999999999,,4.799999999999999,,7.200000000000002,,7.200000000000002,,1.9800000000000002,,1.9800000000000002,,2.759999999999999,,2.759999999999999,,6.098866101354361,,5.558382699266076,,7.915861208923161,,2.292812998057343,,3.096754709724337,-6.51925802230835e-09,-0.0016034408881751006,0.005969127618300263,1.3493756279349327,0.31373828649520874,0.8477835059165955,0.2146555483341217,0.2103603333234787,0.13738705217838287,0.3148590326309204,0.049734290689229965,5136,0.29140961170196533,4.992535591125488,0.0317697711288929,10518528,14944,5136,321,-10.3935375,0.004057847576768836,0.0012169580786576262,-2.096723249554634,-41.29844,0.005958676934824325,-0.000206081970827654,-2.0858871757984163,,,0.95,0.9,both,1.896408504263021,1.8664578274637236,0.850240602536946,0.0,-56.91416,2501.853167260321,-10.3935375
65,1784887594.2691042,,5.28,,5.28,,4.799999999999999,,4.799999999999999,,7.200000000000002,,7.200000000000002,,1.9800000000000002,,1.9800000000000002,,2.759999999999999,,2.759999999999999,,4.578550781589001,,4.339077776821796,,6.456432622857392,,1.598079938616138,,2.464786982862279,2.8870999813079834e-08,-0.0069554244400933385,0.018425070185912773,1.344389669597149,0.375744104385376,0.9204000234603882,0.2496209740638733,0.2949180006980896,0.22594937682151794,0.3920118808746338,0.048600148409605026,5216,0.3485071361064911,3.887385606765747,0.03124651312828064,10682368,15110,5216,326,-16.934109,0.005383656667981995,0.0011678890252369456,-2.153244286775589,-37.05802,0.007217928250611294,0.0009485684189712629,-2.1522946119308473,,,0.95,0.9,both,2.05652907051682,2.048994092623409,0.9022533984043866,0.0,-53.399757,2512.03485129274,-16.934109
66,1784887660.4192035,,5.28,,5.28,,4.799999999999999,,4.799999999999999,,7.200000000000002,,7.200000000000002,,1.9800000000000002,,1.9800000000000002,,2.759999999999999,,2.759999999999999,,6.192900009453297,,5.682369148358703,,8.142980359494686,,2.4553987570106983,,3.2143948012962937,-2.0489096641540527e-08,0.002281143912114203,0.005102317350974772,1.3444738127291203,0.22433696687221527,0.8911881446838379,0.1451791375875473,0.6502732038497925,0.07694593816995621,0.29594412446022034,0.04984945058822632,5296,0.11125179380178452,5.137608528137207,0.02890944667160511,10846208,15273,5296,331,-23.046482,0.004841618696082151,0.00047634117072448134,-2.2511401608586312,-29.259653,0.002137965006113518,0.0008832119070575573,-2.2196561977267266,,,0.95,0.9,both,1.8781051766952868,2.5524695588553015,1.9498652710679103,0.0,-35.126854,2476.7926589458275,-23.046482
67,1784887725.8896427,,5.28,,5.28,,4.799999999999999,,4.799999999999999,,7.200000000000002,,7.200000000000002,,1.9800000000000002,,1.9800000000000002,,2.759999999999999,,2.759999999999999,,4.344728987663984,,3.921621687710285,,6.2653627172112465,,1.4869145024567842,,2.2766345366835594,-4.656612873077393e-10,0.001049768179655075,0.00042498331731621874,1.3426166400313377,0.3201335668563843,0.8312210440635681,0.2154695689678192,-0.017408674582839012,0.036667946726083755,0.35192206501960754,0.04365631937980652,5376,0.07557322829961777,3.6590523719787598,0.02827480062842369,11010048,15437,5376,336,-23.337856,0.005902654101373628,0.0032228958403720752,-2.2921945706009863,-33.991222,0.005907973985449644,0.00218693888746202,-2.2782466053962707,,,0.95,0.9,both,1.9800535747757109,2.2025002815230237,2.351658728297937,0.0,-14.396124,2502.504572491347,-23.337856
68,1784887791.6399572,,5.28,,5.28,,4.799999999999999,,4.799999999999999,,7.200000000000002,,7.200000000000002,,1.9800000000000002,,1.9800000000000002,,2.759999999999999,,2.759999999999999,,6.128573727793992,,5.670334034599364,,8.09311399422586,,2.382447695272276,,3.189726309850812,-5.587935447692871e-09,0.0007504530058213277,0.01979694235342322,1.3430847264826298,0.2883511483669281,0.7763671875,0.11859533935785294,-0.12929975986480713,0.023709354922175407,0.29099637269973755,0.04920750483870506,5456,0.16074015200138092,5.092838764190674,0.0224955715239048,11173888,15599,5456,341,-8.184888,0.002890744578326121,0.0032813245947181714,-2.351677770912647,-26.113379,0.0036852254532277586,0.0004643171341740526,-2.3412180840969086,,,0.95,0.9,both,2.1891663126466465,2.12639816932102,1.234153697539916,0.0,-23.939611,2491.8487014929515,-8.184888
69,1784887854.7737286,,5.28,,5.28,,4.799999999999999,,4.799999999999999,,7.200000000000002,,7.200000000000002,,1.9800000000000002,,1.9800000000000002,,2.759999999999999,,2.759999999999999,,5.260786232771352,,4.841870682314038,,6.989208027720451,,2.02817159917322,,2.7827104919124395,1.4901161193847656e-08,-0.009798239247174934,0.019752456399146467,1.3527359291911125,0.1649867296218872,0.8856950998306274,0.13085277378559113,-0.2917884886264801,0.2491816133260727,0.4504631757736206,0.041279472410678864,5536,0.4712744653224945,4.380549430847168,0.022269412875175476,11337728,15761,5536,346,-22.736721,0.003899150500365067,0.001759611937450245,-2.440925236046314,-20.44686,0.002317777026473777,0.0006796931076678448,-2.432394853234291,,,0.95,0.9,both,2.200893382973495,2.332015942513331,1.055055231081288,0.0,-46.97771,2595.124601574505,-22.736721
70,1784887919.6347175,,5.28,,5.28,,4.799999999999999,,4.799999999999999,,7.200000000000002,,7.200000000000002,,1.9800000000000002,,1.9800000000000002,,2.759999999999999,,2.759999999999999,,5.810675801476464,,5.238404892385006,,7.58938180282712,,2.173557360190898,,3.147392459679395,-5.587935447692871e-09,-0.004212487470795168,0.02477480891684536,1.3539610132575035,0.35088980197906494,0.8165192604064941,0.2050410360097885,0.27174580097198486,0.18170174956321716,0.24738214910030365,0.048284079879522324,5616,0.41971033811569214,4.791882514953613,0.03274734318256378,11501568,15923,5616,351,-30.41857,0.00957168978638947,0.0037574713729554786,-2.55598831474781,-29.350674,0.005306573611596832,0.001698755878896918,-2.5121229350566865,,,0.95,0.9,both,2.093409004796761,2.1648928425910015,1.1218462091085102,0.0,-31.27868,2526.0175415077156,-30.41857
71,1784887984.7018697,,5.28,,5.28,,4.799999999999999,,4.799999999999999,,7.200000000000002,,7.200000000000002,,1.9800000000000002,,1.9800000000000002,,2.759999999999999,,2.759999999999999,,5.906403898377903,,5.726910322904587,,8.036649873713031,,2.428406033664942,,3.145545803476125,4.656612873077393e-10,-0.0016788062639534473,0.0006163513107821927,1.3582531623542309,0.2026226669549942,0.9100192785263062,0.11889271438121796,-0.019617818295955658,0.04273484647274017,0.2600356936454773,0.047112129628658295,5696,0.22170817852020264,5.048783302307129,0.02619353123009205,11665408,16085,5696,356,-15.074186,0.004382321932644118,0.0012964301720785442,-2.602634148299694,-21.087051,0.0019315790905238828,0.000699424980848562,-2.620487134158611,,,0.95,0.9,both,1.8632119950927062,2.5664022864218667,1.3132185770910434,0.0,-7.6691284,2518.0140459593404,-15.074186
72,1784888049.6748376,,5.28,,5.28,,4.799999999999999,,4.799999999999999,,7.200000000000002,,7.200000000000002,,1.9800000000000002,,1.9800000000000002,,2.759999999999999,,2.759999999999999,,6.19144369289279,,5.648079235106707,,8.0867392513901,,2.436373693868518,,3.1642856299877167,9.313225746154785e-09,-0.0006578665634151548,0.0021580633538178517,1.3606561310589314,0.14509008824825287,0.9120440483093262,0.08200667798519135,0.14731058478355408,0.041392285376787186,0.23271982371807098,0.0424075648188591,5776,0.14239783585071564,5.10538387298584,0.023814303800463676,11829248,16246,5776,361,-23.107035,0.005584012202598387,0.0010522754819248803,-2.662235553562641,-19.845287,0.00228404447552748,0.002478583458287176,-2.6947998657822607,,,0.95,0.9,both,1.876409197261403,2.5974773869292886,1.4118817687225915,0.0,-20.465937,2521.6639863065434,-23.107035
73,1784888114.734848,,5.28,,5.28,,4.799999999999999,,4.799999999999999,,7.200000000000002,,7.200000000000002,,1.9800000000000002,,1.9800000000000002,,2.759999999999999,,2.759999999999999,,6.210213987156749,,5.765343137085438,,8.130327302962542,,2.4632080383598804,,3.251697523519397,-5.587935447692871e-09,0.0019546989642549306,0.005348538004909642,1.3663342706859112,0.21522670984268188,0.8724011182785034,0.12251463532447815,0.11945167183876038,0.037792351096868515,0.2436821609735489,0.04984920471906662,5856,0.07633871585130692,5.164157867431641,0.023012325167655945,11993088,16407,5856,366,-13.492742,0.004476310853351606,0.002977811818709597,-2.7014726907014848,-27.148136,0.001973027563508367,0.0002749992578173988,-2.7131893754005434,,,0.95,0.9,both,2.179607377288179,2.5256085746773587,2.318405202194082,0.0,-14.300603,2518.2904546618993,-13.492742
74,1784888180.253988,,5.28,,5.28,,4.799999999999999,,4.799999999999999,,7.200000000000002,,7.200000000000002,,1.9800000000000002,,1.9800000000000002,,2.759999999999999,,2.759999999999999,,5.967096225824207,,5.6423993315547705,,7.871363967191428,,2.402259059716016,,3.1622228622436523,0.0,-0.006125434942077845,0.004734638041554717,1.3636684753000736,0.2035330832004547,0.8167451024055481,0.12836478650569916,-0.07706049829721451,0.054957594722509384,0.23259681463241577,0.04149097949266434,5936,0.20668256282806396,5.009068489074707,0.02264624834060669,12156928,16570,5936,371,-6.213662,0.0027510839187016244,0.0020698480468126943,-2.783314564824104,-15.390343,0.0026160838235227855,0.001341750330175273,-2.7788073807954787,,,0.95,0.9,both,2.2451116134111846,2.589189474170154,0.872482703105623,0.0,-17.594913,2500.6438706192075,-6.213662
75,1784888246.0150688,,5.28,,5.28,,4.799999999999999,,4.799999999999999,,7.200000000000002,,7.200000000000002,,1.9800000000000002,,1.9800000000000002,,2.759999999999999,,2.759999999999999,,5.5551197696477175,,5.142881983309053,,7.712564521469176,,2.1539877709001303,,2.989623028319329,1.862645149230957e-09,-0.004773733497131616,0.005462817527586594,1.3629850633442402,0.2332386076450348,0.8807271718978882,0.184544637799263,0.04235424846410751,0.12546725571155548,0.28960666060447693,0.04067498445510864,6016,0.4696601331233978,4.7108354568481445,0.02812173217535019,12320768,16730,6016,376,-5.4537344,0.0034737040536128917,0.0019322663414641284,-2.8384559378027916,-25.085651,0.00502225540985819,0.0013124029232130852,-2.8502605825662615,,,0.95,0.9,both,2.3113227059198813,2.22042498634543,0.8760002574854839,0.0,-21.662868,2491.4426599612952,-5.4537344
76,1784888311.4651132,,5.28,,5.28,,4.799999999999999,,4.799999999999999,,7.200000000000002,,7.200000000000002,,1.9800000000000002,,1.9800000000000002,,2.759999999999999,,2.759999999999999,,6.1127791297622025,,5.6856871992349625,,7.993510047905147,,2.4310557870194316,,3.0954041010700166,-1.6763806343078613e-08,0.005247379598586122,0.0023190687079477357,1.3599194139242172,0.2035481333732605,0.8141000866889954,0.12223424017429352,-0.23836815357208252,0.07840144634246826,0.23823672533035278,0.04139199107885361,6096,0.20472872257232666,5.063687324523926,0.022489143535494804,12484608,16892,6096,381,-27.756907,0.004033272954984568,0.0015755194486700929,-2.9049648374319075,-19.482073,0.0021863583839149213,0.002573284502432216,-2.9399226933717726,,,0.95,0.9,both,2.1057772830114017,2.8506405647968793,1.9370579140307393,0.0,-24.119884,2503.2833391395197,-27.756907
77,1784888377.7217047,,5.28,,5.28,,4.799999999999999,,4.799999999999999,,7.200000000000002,,7.200000000000002,,1.9800000000000002,,1.9800000000000002,,2.759999999999999,,2.759999999999999,,6.262358997017145,,5.7930428721010685,,8.197033360600471,,2.47737755253911,,3.2581028509885073,-1.862645149230957e-09,0.008487012659315951,0.0003725654225377184,1.3594744838774204,0.2524045705795288,0.8547975420951843,0.10801500082015991,-0.08299367129802704,0.004836594685912132,0.27291086316108704,0.045348912477493286,6176,0.013430478051304817,5.197583198547363,0.0219720508903265,12648448,17054,6176,386,-6.0972776,0.004316022285274812,0.0019030686904443427,-2.9685621708631516,-24.962643,0.0019442776771029457,0.0006044956106052268,-3.052971214056015,,,0.95,0.9,both,2.0135749285641165,2.875794110270909,5.6209319169534755,0.0,-25.116947,2472.8120330336205,-6.0972776
78,1784888444.5532224,,5.28,,5.28,,4.799999999999999,,4.799999999999999,,7.200000000000002,,7.200000000000002,,1.9800000000000002,,1.9800000000000002,,2.759999999999999,,2.759999999999999,,4.391971573233604,,3.9789566406980157,,6.647087946999818,,1.6141978967934847,,2.41978918062523,0.0,-0.00023867643903940916,0.015178673274931498,1.3512789905071259,0.1666576862335205,0.9106383919715881,0.11261662095785141,-0.19456379115581512,0.19743536412715912,0.2936529517173767,0.039427462965250015,6256,0.23753874003887177,3.8104004859924316,0.019868385046720505,12812288,17216,6256,391,-13.065206,0.004300555644294946,0.0016826466948259623,-3.038450925052166,-11.607033,0.002207383803761331,0.00211073694517836,-3.117320367693901,,,0.95,0.9,both,2.1550744242988977,2.780938415703575,1.3939871603254694,0.0,-12.028637,2451.536603388776,-13.065206
79,1784888510.6655946,,5.28,,5.28,,4.799999999999999,,4.799999999999999,,7.200000000000002,,7.200000000000002,,1.9800000000000002,,1.9800000000000002,,2.759999999999999,,2.759999999999999,,5.985050570219755,,5.611021624878049,,7.932391406269744,,2.379437017487362,,3.1813858188688755,4.656612873077393e-10,-0.0011112849024357274,0.004123138036447926,1.3480147048830986,0.35291051864624023,0.8347344398498535,0.1369096338748932,0.0068933782167732716,0.06321623176336288,0.27090519666671753,0.04810139164328575,6336,0.27785855531692505,5.017857551574707,0.01635015942156315,12976128,17377,6336,396,-21.141306,0.0052407548027986195,0.003716694148897659,-3.127901765704155,-29.226995,0.0024927880182076478,0.0007605492632137611,-3.1943865716457367,,,0.95,0.9,both,2.3627902007662565,2.5118210671648384,1.2874980289999283,0.0,-17.65506,2478.204995199077,-21.141306
80,1784888577.1045146,,5.28,,5.28,,4.799999999999999,,4.799999999999999,,7.200000000000002,,7.200000000000002,,1.9800000000000002,,1.9800000000000002,,2.759999999999999,,2.759999999999999,,4.435581831261516,,4.042085077846423,,6.317802233621478,,1.639713189797476,,2.322434337809682,-8.381903171539307e-09,-0.00140369938526419,0.012337464198935777,1.3513358905911446,0.566135585308075,0.8861281275749207,0.47456997632980347,-0.14571547508239746,0.18112075328826904,0.3172362744808197,0.040364496409893036,6416,0.22287674248218536,3.75152325630188,0.018810851499438286,13139968,17541,6416,401,-11.832466,0.004996644428319996,0.002661240054294467,-3.1749282732605932,-49.03515,0.008402659946295899,0.0027313820042763836,-3.2756849840283393,,,0.95,0.9,both,2.065354695674002,2.6495387926382246,1.5116312141742416,0.0,-26.778233,2466.024351342811,-11.832466
81,1784888641.825116,,5.28,,5.28,,4.799999999999999,,4.799999999999999,,7.200000000000002,,7.200000000000002,,1.9800000000000002,,1.9800000000000002,,2.759999999999999,,2.759999999999999,,4.464243663474917,,3.927565461024642,,6.584176031174138,,1.6100424022879452,,2.3519920939579606,-4.6566128730773926e-09,-0.008484845398925245,0.0275918601982994,1.343922283500433,0.3494736850261688,0.827104926109314,0.27644187211990356,-0.2770138382911682,0.28322523832321167,0.2653927803039551,0.03869076818227768,6496,0.22494497895240784,3.7876040935516357,0.018390227109193802,13303808,17703,6496,406,-38.820953,0.006991371896583587,0.001545781800086843,-3.2341720819473267,-29.128967,0.0033413915254641323,0.0022451738055679015,-3.294246704876423,,,0.95,0.9,both,2.0659426601192146,2.6407701991688612,1.5056223410972314,0.0,-49.789886,2531.496579220989,-38.820953
82,1784888708.2773252,,5.28,,5.28,,4.799999999999999,,4.799999999999999,,7.200000000000002,,7.200000000000002,,1.9800000000000002,,1.9800000000000002,,2.759999999999999,,2.759999999999999,,4.483566327020526,,4.100326617015526,,6.359436832368374,,1.6208495475002564,,2.332570005673915,9.313225746154785e-10,0.0008274321662611328,0.006446610343118664,1.34415914863348,0.4449462294578552,0.9169755578041077,0.306841641664505,0.003350617829710245,0.07107067853212357,0.3954187035560608,0.03517746180295944,6576,0.24143484234809875,3.7793502807617188,0.012984131462872028,13467648,17870,6576,411,-20.092178,0.0084003254531126,0.0019752236927160992,-3.3260710895061494,-26.383362,0.005815512275148649,0.0019320357016113121,-3.3503686636686325,,,0.95,0.9,both,2.3888374407677886,2.494500606021918,1.1408059964058208,0.0,-11.712042,2465.5324989467845,-20.092178
83,1784888773.7615945,,5.28,,5.28,,4.799999999999999,,4.799999999999999,,7.200000000000002,,7.200000000000002,,1.9800000000000002,,1.9800000000000002,,2.759999999999999,,2.759999999999999,,4.293766859918833,,3.818165633827448,,6.233160454779863,,1.5059146601706743,,2.2646398581564426,0.0,0.003030655849215691,0.002655701899129781,1.3425825983285904,0.5176554918289185,0.8192753791809082,0.3707782030105591,-0.09733575582504272,0.03885753080248833,0.44558221101760864,0.03898048400878906,6656,0.045706238597631454,3.623129367828369,0.04013901948928833,13631488,18042,6656,416,-12.136896,0.005405442247138126,4.499076894717291e-05,-3.3773742586374285,-59.146263,0.010752260056324302,0.0013697332207811997,-3.3744815677404403,,,0.95,0.9,both,1.9988799017262882,2.330009276408229,2.800094232280458,0.0,-15.4230175,2501.973639964905,-12.136896
84,1784888838.4619336,,5.28,,5.28,,4.799999999999999,,4.799999999999999,,7.200000000000002,,7.200000000000002,,1.9800000000000002,,1.9800000000000002,,2.759999999999999,,2.759999999999999,,4.322133406996727,,3.8244024366140366,,6.323802064638585,,1.4960581231862307,,2.2711268924176693,-1.862645149230957e-09,0.0005456729559227824,0.0033757173723643064,1.3381322659552097,0.4704819321632385,0.7815985679626465,0.3738730251789093,0.035401176661252975,0.037251826375722885,0.5564254522323608,0.03524119406938553,6736,0.0800418108701706,3.6475043296813965,0.02013159915804863,13795328,18206,6736,421,-19.059269,0.006604965763835935,0.0019806306809186935,-3.385219340026379,-20.462936,0.005711462115868926,0.0028811351359763647,-3.4417017683386804,,,0.95,0.9,both,2.3439942899241353,2.7313784832519117,2.1893416222143154,0.0,-16.051273,2532.289676043082,-19.059269
85,1784888904.2883668,,5.28,,5.28,,4.799999999999999,,4.799999999999999,,7.200000000000002,,7.200000000000002,,1.9800000000000002,,1.9800000000000002,,2.759999999999999,,2.759999999999999,,4.357937214896083,,3.818615559488535,,6.228123363107443,,1.571443349123001,,2.306162867695093,1.862645149230957e-08,0.0017933965791598894,0.0003209673041055794,1.344409290701151,0.4982498288154602,0.831549346446991,0.4578436613082886,-0.39753618836402893,0.025082867592573166,0.5140026807785034,0.033586595207452774,6816,0.10088832676410675,3.656456470489502,0.023741954937577248,13959168,18370,6816,426,-10.316312,0.005423991475254297,0.00195837344363099,-3.428857997059822,-43.897404,0.009982711957127322,0.0025109437163337136,-3.480355742573738,,,0.95,0.9,both,2.1484725175726296,2.396044637915254,2.3236628436736213,0.0,-13.466131,2488.9699584591617,-10.316312
86,1784888969.8420033,,5.28,,5.28,,4.799999999999999,,4.799999999999999,,7.200000000000002,,7.200000000000002,,1.9800000000000002,,1.9800000000000002,,2.759999999999999,,2.759999999999999,,4.431602284312248,,4.084425713866949,,6.2885455675423145,,1.5430960143567063,,2.2980882711708546,5.587935447692871e-09,0.00025504842051304877,0.04297816613689065,1.3485952764749527,0.3296571969985962,0.9130277037620544,0.22198112308979034,0.08803748339414597,0.3321581184864044,0.4046913981437683,0.03315746784210205,6896,0.24472245573997498,3.7291512489318848,0.02340710535645485,14123008,18530,6896,431,-11.183603,0.0039419298635039015,0.002985109262226615,-3.465828703343868,-15.250684,0.0032218714790360537,0.0009897272233502009,-3.5389181584119798,,,0.95,0.9,both,2.391574383943141,2.4053756185075654,2.0759838497903838,0.0,-23.099594,2499.327567237177,-11.183603
87,1784889035.9214175,,5.28,,5.28,,4.799999999999999,,4.799999999999999,,7.200000000000002,,7.200000000000002,,1.9800000000000002,,1.9800000000000002,,2.759999999999999,,2.759999999999999,,5.178743534255773,,4.889585156459361,,7.33997507483582,,2.0066931328037754,,2.7347633722238243,0.0,-0.0056227437571578776,0.039174618548713624,1.3521787337958813,0.24497658014297485,0.9342057704925537,0.18646980822086334,0.07046034932136536,0.35237473249435425,0.26809266209602356,0.034152135252952576,6976,0.46269863843917847,4.429952144622803,0.03209592029452324,14286848,18693,6976,436,-9.688992,0.0036366801141411997,0.004545765305374516,-3.517600363492966,-25.75122,0.004210701777628856,0.0021825639312737623,-3.5898360699415206,,,0.95,0.9,both,2.5416909141300748,2.727368882202414,1.0780752923218062,0.0,-7.775444,2479.4424916690964,-9.688992
88,1784889101.3207839,,5.28,,5.28,,4.799999999999999,,4.799999999999999,,7.200000000000002,,7.200000000000002,,1.9800000000000002,,1.9800000000000002,,2.759999999999999,,2.759999999999999,,4.292209107428789,,3.8325378373265266,,6.2067529410123825,,1.497715661302209,,2.2929543927311897,0.0,0.00212158021167852,0.0003342847394378623,1.3523942343890667,0.22444278001785278,0.8742842078208923,0.15311479568481445,-0.0024998635053634644,0.029510807245969772,0.3420947790145874,0.03240241855382919,7056,0.04285245016217232,3.624433994293213,0.010334028862416744,14450688,18857,7056,441,-10.753901,0.00550501969337347,0.0030960949428845198,-3.5422232389450072,-14.811796,0.0021523701634578174,0.000843311837525107,-3.5947639301419256,,,0.95,0.9,both,2.270721592354774,2.971245185626222,3.231613201826306,0.0,-17.740147,2505.221026683561,-10.753901
89,1784889164.5508223,,5.28,,5.28,,4.799999999999999,,4.799999999999999,,7.200000000000002,,7.200000000000002,,1.9800000000000002,,1.9800000000000002,,2.759999999999999,,2.759999999999999,,6.212014250457287,,5.764825873076916,,8.065844325348735,,2.409354598261416,,3.2238507866859436,-9.313225746154785e-10,0.0016026637167669833,0.004767323102896626,1.3534621633589268,0.2404833883047104,0.86402827501297,0.13062182068824768,-0.12417758256196976,0.014773672446608543,0.21551591157913208,0.03281287103891373,7136,0.09353099763393402,5.135178089141846,0.014967615716159344,14614528,19021,7136,446,-18.190111,0.008216187306970824,0.0020370477926917375,-3.5939428925514223,-20.39056,0.002204698778950842,0.000922967082442483,-3.6569732308387755,,,0.95,0.9,both,2.302225989172457,2.9832077099660124,1.592833539589599,0.0,-30.5844,2591.1734741108185,-18.190111
90,1784889228.918144,,5.28,,5.28,,4.799999999999999,,4.799999999999999,,7.200000000000002,,7.200000000000002,,1.9800000000000002,,1.9800000000000002,,2.759999999999999,,2.759999999999999,,5.1824226004537195,,4.809187693987042,,7.186826896853745,,1.9688795474357903,,2.5822762979660183,9.313225746154785e-10,-0.001382666883728234,0.005307144820108078,1.3571082577109337,0.2925228178501129,0.7955273389816284,0.20211750268936157,0.016124576330184937,0.10161392390727997,0.3710480034351349,0.028691157698631287,7216,0.48428115248680115,4.345919132232666,0.025889620184898376,14778368,19181,7216,451,-2.8680038,0.0027205749553104396,0.003000637078366708,-3.6757979139685633,-20.618021,0.005108116574410815,0.00311349849907856,-3.686866968870163,,,0.95,0.9,both,2.772732173875776,2.938686271850681,0.8063590288672622,0.0,-12.038541,2545.391999293391,-2.8680038
91,1784889293.5449338,,5.28,,5.28,,4.799999999999999,,4.799999999999999,,7.200000000000002,,7.200000000000002,,1.9800000000000002,,1.9800000000000002,,2.759999999999999,,2.759999999999999,,5.483458609320223,,4.96305566560477,,7.581338839052478,,2.1784171303734183,,2.8715608860366046,-4.6566128730773926e-09,-0.009092516836972209,0.005544494910282083,1.36338334903121,0.26959115266799927,0.8784637451171875,0.19080230593681335,-0.075694739818573,0.11143852025270462,0.24295330047607422,0.03027990087866783,7296,0.4147695004940033,4.615566253662109,0.031203260645270348,14942208,19344,7296,456,-11.479499,0.004522635690227617,0.0029018531073234043,-3.6671531170606615,-29.62962,0.005224628866562853,0.002623471865808824,-3.7437470257282257,,,0.95,0.9,both,2.560500588063805,2.648945502162606,0.72533994475195,0.0,-19.457798,2535.170550835406,-11.479499
92,1784889358.2294147,,5.28,,5.28,,4.799999999999999,,4.799999999999999,,7.200000000000002,,7.200000000000002,,1.9800000000000002,,1.9800000000000002,,2.759999999999999,,2.759999999999999,,5.14561105100438,,4.545020990364719,,6.9529821877367795,,1.9408203652128577,,2.7597457041265443,9.313225746154785e-09,-0.002277019899338484,0.006822639967140276,1.3629727587103844,0.1570558249950409,0.8071116805076599,0.07427962124347687,0.21973443031311035,0.14345978200435638,0.25645697116851807,0.02841362915933132,7376,0.42543864250183105,4.26883602142334,0.02141713909804821,15106048,19507,7376,461,-20.18018,0.009221104740572628,0.002470947219990194,-3.7407031431794167,-16.149279,0.0019279725678643445,0.002403738695284119,-3.810499277710915,,,0.95,0.9,both,2.5279288998019345,3.2937266477469884,0.8136139684376655,0.0,-8.6768,2532.9104633483116,-20.18018
93,1784889422.6680763,,5.28,,5.28,,4.799999999999999,,4.799999999999999,,7.200000000000002,,7.200000000000002,,1.9800000000000002,,1.9800000000000002,,2.759999999999999,,2.759999999999999,,4.5132298693060875,,4.001929527148604,,6.545410767197609,,1.582163607235998,,2.3554330547340214,-7.450580596923828e-09,-0.0007930528372526169,0.009518401355308015,1.3674102313816547,0.23077966272830963,0.8732994794845581,0.17243340611457825,-0.16279099881649017,0.12326163053512573,0.2968158423900604,0.0329158715903759,7456,0.24924087524414062,3.799633502960205,0.03294111788272858,15269888,19668,7456,466,-10.665716,0.006092716407874832,0.002390470187674509,-3.7355211690068244,-21.893787,0.004713523757527582,0.0028554837554111145,-3.8356465250253677,,,0.95,0.9,both,2.379441397956605,3.075638164477504,1.2572622940116385,0.0,-44.23742,2542.5729870785485,-10.665716
94,1784889487.289066,,5.28,,5.28,,4.799999999999999,,4.799999999999999,,7.200000000000002,,7.200000000000002,,1.9800000000000002,,1.9800000000000002,,2.759999999999999,,2.759999999999999,,4.349506039172411,,3.8838629871606827,,6.442036830838333,,1.532973039895296,,2.3416673596948385,-3.725290298461914e-09,0.004583127025398426,9.412017118393123e-05,1.3711496442556381,0.3643355965614319,0.8962477445602417,0.22628189623355865,0.19570256769657135,0.016622597351670265,0.2924233376979828,0.03579709678888321,7536,0.1578242927789688,3.7100093364715576,0.015420166775584221,15433728,19831,7536,471,-44.82836,0.011122360691661014,0.0016425891175458674,-3.7497584536671638,-27.084087,0.0035975454135041217,0.0018115838531230111,-3.830466066300869,,,0.95,0.9,both,2.378052278793798,2.85860700988378,1.5613486832461332,0.0,-43.70876,2535.399109515389,-44.82836
95,1784889552.3505862,,5.28,,5.28,,4.799999999999999,,4.799999999999999,,7.200000000000002,,7.200000000000002,,1.9800000000000002,,1.9800000000000002,,2.759999999999999,,2.759999999999999,,6.213492713868618,,5.7314258217811584,,8.115476889535785,,2.431685355491936,,3.2200434105470777,-7.450580596923828e-09,0.0023569353215862066,0.0018340947608521674,1.369505800306797,0.30015963315963745,0.8142222166061401,0.2263835370540619,0.28826242685317993,0.07502003014087677,0.23359084129333496,0.03019849769771099,7616,0.099993996322155,5.142424583435059,0.030236316844820976,15597568,19995,7616,476,-10.323568,0.007340922254661564,0.0009833572054049,-3.793100595474243,-41.19206,0.007218442169687478,0.0018786896856909153,-3.8527863293886186,,,0.95,0.9,both,2.28376202528992,2.321321397463204,1.307959108466013,0.0,-38.115257,2518.23333346648,-10.323568
96,1784889618.284751,,5.28,,5.28,,4.799999999999999,,4.799999999999999,,7.200000000000002,,7.200000000000002,,1.9800000000000002,,1.9800000000000002,,2.759999999999999,,2.759999999999999,,5.791935723274946,,5.507370935752988,,7.7308226224267855,,2.2687757236417383,,2.9314723102143034,-4.6566128730773926e-09,-0.0048148658097488806,0.0037087741802679375,1.3780801333487034,0.27157139778137207,0.7775748372077942,0.13804365694522858,0.10455410927534103,0.10205920785665512,0.27289217710494995,0.02438347041606903,7696,0.38291263580322266,4.846076011657715,0.021568112075328827,15761408,20157,7696,481,-1.4808718,0.0026181096054642694,0.004889180517056957,-3.819686135649681,-23.245043,0.0031680609958129936,0.0026845583182876,-3.8596880242228506,,,0.95,0.9,both,2.9122169608689696,3.0642667315995658,1.2371177352885157,0.0,-20.670572,2484.9027284933604,-1.4808718
97,1784889684.8117328,,5.28,,5.28,,4.799999999999999,,4.799999999999999,,7.200000000000002,,7.200000000000002,,1.9800000000000002,,1.9800000000000002,,2.759999999999999,,2.759999999999999,,6.235366739332676,,5.678911788389087,,8.166250210255384,,2.441729910671711,,3.2467412035912275,4.656612873077393e-10,0.0013925745588494465,0.0031562928115818067,1.377371683716774,0.2253628969192505,0.8957310318946838,0.1530613750219345,-0.01813432015478611,0.011382462456822395,0.3049771785736084,0.027932418510317802,7776,0.08155526965856552,5.153800010681152,0.030253775417804718,15925248,20318,7776,486,-1.8093351,0.0021109055833221646,0.004940767414518632,-3.871018074452877,-31.959146,0.005875925678992644,0.0018551745190052316,-3.9015635326504707,,,0.95,0.9,both,2.944239162072812,2.58606898880499,2.150288699045066,0.0,-21.659567,2462.759061651457,-1.8093351
98,1784889751.0787668,,5.28,,5.28,,4.799999999999999,,4.799999999999999,,7.200000000000002,,7.200000000000002,,1.9800000000000002,,1.9800000000000002,,2.759999999999999,,2.759999999999999,,5.88052888168022,,5.1200526836910285,,7.81385299237445,,2.185664006508887,,3.090988166164607,-2.7939677238464355e-09,-0.004839277302380651,0.020075301319593564,1.373910091817379,0.170986145734787,0.7993045449256897,0.08831963688135147,0.09813255071640015,0.2510162591934204,0.24572378396987915,0.024874476715922356,7856,0.4184653162956238,4.8182172775268555,0.014565913006663322,16089088,20478,7856,491,-1.5545815,0.0031228070714860224,0.004294410310103558,-3.9424578666687013,-26.605991,0.001887950094169355,0.0021442312223371117,-3.921848638355732,,,0.95,0.9,both,2.77108470719894,3.1873664618588538,0.7612000543744953,0.0,-30.026691,2472.4209067031766,-1.5545815
99,1784889816.947781,,5.28,,5.28,,4.799999999999999,,4.799999999999999,,7.200000000000002,,7.200000000000002,,1.9800000000000002,,1.9800000000000002,,2.759999999999999,,2.759999999999999,,5.663047349313274,,5.406573476269841,,7.8827590784057975,,2.3238222615327686,,3.043499014340341,3.725290298461914e-09,0.0026591879141051322,0.017256396473385394,1.3736048489809036,0.128397598862648,0.8147269487380981,0.07164204865694046,0.01844457909464836,0.23325656354427338,0.23408973217010498,0.021020125597715378,7936,0.3242194652557373,4.863940238952637,0.014339776709675789,16252928,20638,7936,496,-9.287139,0.003718445319827879,0.0022818458521214778,-3.981205904483795,-14.837343,0.002453913751014625,0.003355396175174974,-3.980705624818802,,,0.95,0.9,both,2.5707893400601014,3.085555963073985,0.9076925870895258,0.0,-18.678558,2487.360779981407,-9.287139
100,1784889881.9390485,,5.28,,5.28,,4.799999999999999,,4.799999999999999,,7.200000000000002,,7.200000000000002,,1.9800000000000002,,1.9800000000000002,,2.759999999999999,,2.759999999999999,,4.324455808848143,,3.8214229866862297,,6.247821122407913,,1.490934880450368,,2.278762575238943,3.259629011154175e-09,0.004719239543192089,0.0018290843117938493,1.3728797920048237,0.2281166911125183,0.8709720373153687,0.15429019927978516,-0.08319274336099625,0.018570810556411743,0.24635407328605652,0.020508181303739548,8016,0.04663927108049393,3.6326797008514404,0.014982138760387897,16416768,20799,8016,501,-8.732496,0.004584519573836587,0.0007696263652178459,-3.993831877410412,-14.593611,0.00500959057972068,0.0004250207144650631,-4.022865426540375,,,0.95,0.9,both,2.664253438832298,2.328981871578693,2.820909414056048,0.0,-11.8772955,2520.9540289076213,-8.732496
101,1784889945.0938315,,5.28,,5.28,,4.799999999999999,,4.799999999999999,,7.200000000000002,,7.200000000000002,,1.9800000000000002,,1.9800000000000002,,2.759999999999999,,2.759999999999999,,4.673213893547654,,4.351350910030305,,6.707739697769284,,1.7832019344787113,,2.535429835319519,-3.725290298461914e-09,0.0005648910810123198,0.04046708164969459,1.374864287674427,0.3256916105747223,0.8209220170974731,0.18253514170646667,0.34063956141471863,0.2084532380104065,0.2322804033756256,0.02560633048415184,8096,0.41744422912597656,4.010187149047852,0.02131580002605915,16580608,20961,8096,506,-16.822075,0.0051805055780278055,0.002600478458771249,-4.069179844856262,-23.598616,0.0027918911517190283,0.002218531234393595,-4.07095183134079,,,0.95,0.9,both,2.6084039573471656,3.1333222902424107,1.1541507937161128,0.0,-47.94404,2594.261182007388,-16.822075
102,1784890008.6978972,,5.28,,5.28,,4.799999999999999,,4.799999999999999,,7.200000000000002,,7.200000000000002,,1.9800000000000002,,1.9800000000000002,,2.759999999999999,,2.759999999999999,,5.3922510063275695,,5.076708254520781,,7.244618599070236,,2.173970660660416,,2.8514302176918136,1.862645149230957e-09,0.0007615441209054552,0.021690070803742856,1.3818541690707207,0.1393129825592041,0.9467740654945374,0.09876155853271484,-0.06896320730447769,0.2606521248817444,0.24271510541439056,0.022096499800682068,8176,0.4998520016670227,4.54779577255249,0.011554664932191372,16744448,21123,8176,511,-9.183826,0.004110519073583419,0.003105881134979427,-4.104523679614067,-2.5042703,0.0030955144931795074,0.00415342024207348,-4.113459831476211,,,0.95,0.9,both,2.7615285533399967,3.2740044667020896,0.8241508507753659,0.0,-29.316462,2575.93596129256,-9.183826
103,1784890071.807509,,5.28,,5.28,,4.799999999999999,,4.799999999999999,,7.200000000000002,,7.200000000000002,,1.9800000000000002,,1.9800000000000002,,2.759999999999999,,2.759999999999999,,4.717715255916119,,4.329408629913814,,6.706302487291396,,1.8372811861336231,,2.693963394034654,1.1175870895385742e-08,-0.001214814867125824,0.04782898770645261,1.3826396092772484,0.4652325510978699,0.834686279296875,0.3251369893550873,-0.21842139959335327,0.38151517510414124,0.46837252378463745,0.023745404556393623,8192,0.44284898042678833,4.056933879852295,0.02090243436396122,16908288,21286,8256,516,-33.426556,0.00978208598535275,0.001546248326485511,-4.1601709723472595,-37.492752,0.006973093748092652,0.003142129505431512,-4.173953279852867,,,0.95,0.9,both,2.5539322180664743,2.9654308681121098,1.1554921382836616,0.0,-33.74073,2596.118050181395,-33.426556
104,1784890137.3273563,,5.28,,5.28,,4.799999999999999,,4.799999999999999,,7.200000000000002,,7.200000000000002,,1.9800000000000002,,1.9800000000000002,,2.759999999999999,,2.759999999999999,,6.209742471575737,,5.650556529872119,,8.168789066374302,,2.448623115196824,,3.2414456605911255,0.0,0.0015836498168937396,0.004753479284772766,1.3824994042515755,0.3694588840007782,0.8842588663101196,0.21284371614456177,0.05997202545404434,0.026610737666487694,0.2258676290512085,0.0224047489464283,8192,0.10977872461080551,5.143831253051758,0.017643779516220093,17072128,21449,8336,521,-1.0768042,0.0028428165107470703,0.0033883764539496043,-4.181103140115738,-36.331093,0.003621207899414003,0.00305233448598301,-4.185862481594086,,,0.95,0.9,both,2.8003734927249666,3.0956792722535393,2.12716014259004,0.0,-20.864964,2500.616266798047,-1.0768042
105,1784890203.4195688,,5.28,,5.28,,4.799999999999999,,4.799999999999999,,7.200000000000002,,7.200000000000002,,1.9800000000000002,,1.9800000000000002,,2.759999999999999,,2.759999999999999,,6.229991944506764,,5.792103938758373,,8.188407644629478,,2.4746049009263515,,3.2558328192681074,-1.0244548320770264e-08,0.0015096392889972776,0.0027107890527986456,1.3821403086185455,0.189255028963089,0.772793173789978,0.21055926382541656,-0.2141493409872055,0.04565507918596268,0.2510530948638916,0.025843292474746704,8192,0.04085485264658928,5.188188076019287,0.016451213508844376,17235968,21609,8416,526,-8.215053,0.004891187907924177,0.00368157093616901,-4.225558024644852,-42.78116,0.0017588413633347955,0.002325388038298115,-4.240531116724014,,,0.95,0.9,both,2.9800116776989385,3.583005288229566,2.969861686564545,0.0,-23.042917,2478.960903160924,-8.215053
106,1784890267.983374,,5.28,,5.28,,4.799999999999999,,4.799999999999999,,7.200000000000002,,7.200000000000002,,1.9800000000000002,,1.9800000000000002,,2.759999999999999,,2.759999999999999,,4.8868704698979855,,4.295143810100853,,6.5074621848762035,,1.691383836325258,,2.423767101019621,2.3283064365386963e-09,-0.00045614049304276705,0.013735964210354723,1.3825093246996403,0.2609052360057831,0.8319283723831177,0.13510753214359283,0.022650811821222305,0.19390223920345306,0.34766101837158203,0.026441944763064384,8192,0.38358062505722046,3.960925579071045,0.023190636187791824,17399808,21769,8496,531,-7.5429125,0.004890776536194607,0.0038045041350414977,-4.267582580447197,-15.508745,0.0033030989361577667,0.0008515532477758825,-4.270808097720146,,,0.95,0.9,both,2.786863058672644,3.073581245858352,0.9569289985825121,0.0,-35.56323,2537.644613827169,-7.5429125
107,1784890331.929714,,5.28,,5.28,,4.799999999999999,,4.799999999999999,,7.200000000000002,,7.200000000000002,,1.9800000000000002,,1.9800000000000002,,2.759999999999999,,2.759999999999999,,4.315306551754475,,3.85707301273942,,6.295784152112901,,1.498409016057849,,2.310258885845542,-1.862645149230957e-09,0.006847950542578474,0.0008167225423676427,1.3846697099506855,0.3814133405685425,0.9444072842597961,0.26445087790489197,0.047212421894073486,0.047903504222631454,0.2098119556903839,0.028763508424162865,8192,0.09159240126609802,3.6553664207458496,0.01270044781267643,17563648,21931,8576,536,-0.64595735,0.0030172628314176107,0.0038479278293380046,-4.283015272021293,-14.429626,0.00458469206278096,0.002199274233134929,-4.311033692955971,,,0.95,0.9,both,2.7960128177744066,2.782886609415386,2.2447093634727517,0.0,-39.090084,2562.1481250848697,-0.64595735
108,1784890396.398894,,5.28,,5.28,,4.799999999999999,,4.799999999999999,,7.200000000000002,,7.200000000000002,,1.9800000000000002,,1.9800000000000002,,2.759999999999999,,2.759999999999999,,6.118975376710296,,5.640541110187769,,8.058867890387774,,2.3718603011220694,,3.1591721177101135,-2.7939677238464355e-09,0.001806865587241191,0.003029134513781173,1.3790108524262905,0.2478621006011963,0.7715421915054321,0.1627330482006073,-0.039489950984716415,0.09762586653232574,0.25573989748954773,0.0317237414419651,8192,0.15680111944675446,5.069882869720459,0.016471387818455696,17727488,22093,8656,541,-15.850894,0.004968129716144176,0.001944611725048162,-4.307822725176811,-40.60969,0.005072250527882715,0.0018285311671206728,-4.333715510368347,,,0.95,0.9,both,2.799234288301543,2.6864460472118172,0.9167252434152005,0.0,-34.279045,2541.3697531788093,-15.850894
109,1784890461.998412,,5.28,,5.28,,4.799999999999999,,4.799999999999999,,7.200000000000002,,7.200000000000002,,1.9800000000000002,,1.9800000000000002,,2.759999999999999,,2.759999999999999,,5.210678945528343,,4.524636374786496,,6.932974495925009,,1.889157212805003,,2.61010425677523,-1.4901161193847656e-08,0.0002565464601502754,0.02435670339036733,1.3770917132496834,0.3496411442756653,0.8782553672790527,0.17449016869068146,0.15837058424949646,0.2744942307472229,0.29243749380111694,0.02782602235674858,8192,0.47610020637512207,4.2335100173950195,0.01385357603430748,17891328,22258,8736,546,0.6689931,0.003996199298853753,0.004202609464118723,-4.329691222310066,-24.357365,0.004788381318212487,0.0040897036655223925,-4.360084226727485,,,0.95,0.9,both,2.9226783317096183,3.321612536149428,0.791514991955772,0.0,-5.5428414,2497.5790124701844,0.6689931
110,1784890527.4078255,,5.28,,5.28,,4.799999999999999,,4.799999999999999,,7.200000000000002,,7.200000000000002,,1.9800000000000002,,1.9800000000000002,,2.759999999999999,,2.759999999999999,,5.521505913697183,,4.73750033415854,,7.299203684087843,,1.9068439822876826,,2.8416726558934897,2.60770320892334e-08,-0.024259953235741705,0.025052194454474375,1.3757633417844772,0.20594826340675354,0.9408609867095947,0.13247162103652954,-0.23204539716243744,0.2815963327884674,0.22567224502563477,0.023357266560196877,8192,0.5114907026290894,4.461345672607422,0.02340541034936905,18055168,22420,8816,551,-16.034096,0.004941371829045238,0.00516271548003715,-4.364578139781952,-20.871098,0.0036938761943019925,0.002777397605677834,-4.425929564237594,,,0.95,0.9,both,2.9648754076644495,3.2209705620326377,1.129591436170017,0.0,-24.10679,2504.838231071476,-16.034096
111,1784890593.1079357,,5.28,,5.28,,4.799999999999999,,4.799999999999999,,7.200000000000002,,7.200000000000002,,1.9800000000000002,,1.9800000000000002,,2.759999999999999,,2.759999999999999,,4.544745019404218,,4.062157867476344,,6.431335517205298,,1.6502597876824439,,2.315654592588544,-1.862645149230957e-09,-0.0005741729873989243,0.004696181960753165,1.3738648854196072,0.2563305199146271,0.8122298717498779,0.17056691646575928,-0.061328910291194916,0.1141899824142456,0.3376976549625397,0.023758837953209877,8192,0.24223026633262634,3.800830364227295,0.02912035398185253,18219008,22581,8896,556,0.58846337,0.004612631704367232,0.002494702290277928,-4.4222021967172624,-15.609579,0.005216678891156334,0.002245685648813378,-4.464963588118553,,,0.95,0.9,both,2.382431944534975,3.0350170212537853,0.7878266101506181,0.0,-38.41404,2493.755503570609,0.58846337
112,1784890658.5761373,,5.28,,5.28,,4.799999999999999,,4.799999999999999,,7.200000000000002,,7.200000000000002,,1.9800000000000002,,1.9800000000000002,,2.759999999999999,,2.759999999999999,,4.421217028051615,,4.134838699363172,,6.547886174172163,,1.6273733731359243,,2.488528572022915,-1.4901161193847656e-08,0.0009532808617223054,0.025113186886301264,1.3707634136080742,0.26434680819511414,0.8314781785011292,0.20964057743549347,0.4510124921798706,0.13034924864768982,0.22730904817581177,0.027102254331111908,8192,0.28051525354385376,3.8439688682556152,0.016522688791155815,18382848,22741,8976,561,-7.1702766,0.0041930004372261465,0.004470906077767722,-4.438871109485627,-24.584097,0.004946315351844532,0.0019322915282828034,-4.443135675787926,,,0.95,0.9,both,3.0170969855410172,2.55861819629529,1.3871460718248316,0.0,-43.972076,2502.588968116327,-7.1702766
113,1784890724.7650743,,5.28,,5.28,,4.799999999999999,,4.799999999999999,,7.200000000000002,,7.200000000000002,,1.9800000000000002,,1.9800000000000002,,2.759999999999999,,2.759999999999999,,5.31805032340344,,5.07927177590318,,7.300190593581647,,2.1465917243622243,,2.9917053972021677,7.450580596923828e-09,-0.0004502298543229699,0.00852514264988713,1.374163918197155,0.11631603538990021,0.9262564778327942,0.09743514657020569,0.1312887966632843,0.1577877402305603,0.2755323052406311,0.02861458621919155,8192,0.48663458228111267,4.56716251373291,0.012427551671862602,18546688,22902,9056,566,-7.088777,0.00555605839836062,0.003336562881304417,-4.447162720561027,-10.995091,0.0026426691227243284,0.0031499432312557473,-4.453705748915672,,,0.95,0.9,both,2.9860285586283193,3.1907349401331753,0.6705973367021223,0.0,-3.191686,2475.3379453179077,-7.088777
114,1784890790.2338657,,5.28,,5.28,,4.799999999999999,,4.799999999999999,,7.200000000000002,,7.200000000000002,,1.9800000000000002,,1.9800000000000002,,2.759999999999999,,2.759999999999999,,4.287631381303072,,3.822223011404276,,6.222681626677513,,1.4878641068935394,,2.2662643119692802,-1.3969838619232178e-09,0.0018722808308666572,0.0006752522465376387,1.3632959686219692,0.47676751017570496,0.8682708740234375,0.3925882577896118,-0.05855367332696915,0.019870927557349205,0.2832217216491699,0.030537988990545273,8192,0.0223081074655056,3.617332935333252,0.04020680487155914,18710528,23066,9136,571,0.70668906,0.0030712020088685676,0.0035952324826212132,-4.471495795249939,-26.523462,0.007273559385794215,0.003095638196100481,-4.463232764601708,,,0.95,0.9,both,3.0568744557141825,3.19533874216137,3.8382376248288184,0.0,-4.3713636,2502.5664805223396,0.70668906
115,1784890855.1304793,,5.28,,5.28,,4.799999999999999,,4.799999999999999,,7.200000000000002,,7.200000000000002,,1.9800000000000002,,1.9800000000000002,,2.759999999999999,,2.759999999999999,,6.251504145562649,,5.657313846051693,,8.147296130657196,,2.462955594062805,,3.2191950595006347,1.862645149230957e-09,0.0035962816036771983,0.006213863041921286,1.372698437422514,0.10823704302310944,0.943146288394928,0.09278526157140732,0.12452834099531174,0.08283774554729462,0.22628383338451385,0.03354308009147644,8192,0.1180715337395668,5.147652626037598,0.02582249604165554,18874368,23227,9216,576,-2.7122436,0.0028937458686414176,0.003765701031079516,-4.490411841869355,-20.741234,0.0024291000660014105,0.0022389839054085315,-4.478854924440384,,,0.95,0.9,both,3.383406503067396,3.2252122662984375,2.397889102324468,0.0,-23.257105,2524.6314570982613,-2.7122436
116,1784890920.194951,,5.28,,5.28,,4.799999999999999,,4.799999999999999,,7.200000000000002,,7.200000000000002,,1.9800000000000002,,1.9800000000000002,,2.759999999999999,,2.759999999999999,,6.272572502493858,,5.789070211350918,,8.182469330728054,,2.464896574616432,,3.2472313791513443,1.4901161193847656e-08,0.0027960574661847204,0.00144357834233233,1.3733530081808567,0.13694800436496735,0.9089419841766357,0.06694280356168747,0.17607159912586212,0.004246866796165705,0.2905353307723999,0.02927621267735958,8192,0.022053739055991173,5.191248416900635,0.012598435394465923,19038208,23390,9296,581,1.8093004,0.007327553897630424,0.004470560724439565,-4.455776104331017,-16.427618,0.004615539373480715,0.0021686726900952634,-4.515907347202301,,,0.95,0.9,both,2.8429803069038155,2.805513621805562,2.941345520441738,0.0,-17.31802,2518.1172278825657,1.8093004
117,1784890985.3102279,,5.28,,5.28,,4.799999999999999,,4.799999999999999,,7.200000000000002,,7.200000000000002,,1.9800000000000002,,1.9800000000000002,,2.759999999999999,,2.759999999999999,,4.286976765841246,,3.82144845277071,,6.21727916970849,,1.4834442622959614,,2.2635006103664637,2.3283064365386963e-10,0.0023390014757751487,0.0010347163374717638,1.368767250329256,0.15479061007499695,0.9650549292564392,0.12312262505292892,-0.03133140131831169,0.01976742222905159,0.29078519344329834,0.03267885372042656,8192,0.019510595127940178,3.614529848098755,0.0061040110886096954,19202048,23550,9376,586,-15.581596,0.005411349928181153,0.003074013185687363,-4.497251477837563,-4.012414,0.0033854321285616607,0.0026769787960802204,-4.513076433539391,,,0.95,0.9,both,2.971977367704651,3.2616718287553206,2.808160889530715,0.0,-31.014914,2516.1529660396704,-15.581596
118,1784891050.1670303,,5.28,,5.28,,4.799999999999999,,4.799999999999999,,7.200000000000002,,7.200000000000002,,1.9800000000000002,,1.9800000000000002,,2.759999999999999,,2.759999999999999,,5.913330314680934,,5.522077209781855,,7.8192795142531395,,2.2709931550198235,,3.1041484139859676,-1.862645149230957e-09,-0.004627817434084136,0.01210478749271715,1.3751638531684875,0.1036321297287941,0.9136949181556702,0.06997412443161011,0.13492891192436218,0.1669134795665741,0.2152239978313446,0.03188496083021164,8192,0.3313365876674652,4.925965785980225,0.015209867618978024,19365888,23711,9456,591,-23.050432,0.006363082867028425,0.00341656017335481,-4.489130294322967,-23.739162,0.003941611440677661,0.0026006756190326994,-4.518190154433251,,,0.95,0.9,both,2.92965730262479,3.176867995409432,0.8049005684454371,0.0,-11.766541,2526.180721059163,-23.050432
119,1784891116.0238588,,5.28,,5.28,,4.799999999999999,,4.799999999999999,,7.200000000000002,,7.200000000000002,,1.9800000000000002,,1.9800000000000002,,2.759999999999999,,2.759999999999999,,4.633882419671863,,4.2875978571828455,,6.643663099035621,,1.6474675075151026,,2.3838598779402673,0.0,0.00045169995428295806,0.02590934670297429,1.3799521178007126,0.23294435441493988,0.9102189540863037,0.1439201682806015,-0.10481570661067963,0.2568874657154083,0.28729599714279175,0.03698546439409256,8192,0.34147876501083374,3.9192938804626465,0.010602823458611965,19529728,23871,9536,596,-6.9737854,0.0065828433725982904,0.00150295631683548,-4.527708572149277,-20.673058,0.003237138242548099,0.0011883104576554614,-4.549339589476586,,,0.95,0.9,both,2.467519579456979,3.3071846164709604,1.168935974747566,0.0,-11.815162,2487.823035190546,-6.9737854
120,1784891180.667754,,5.28,,5.28,,4.799999999999999,,4.799999999999999,,7.200000000000002,,7.200000000000002,,1.9800000000000002,,1.9800000000000002,,2.759999999999999,,2.759999999999999,,4.537774845957756,,4.168378867441788,,6.473341915174387,,1.5964628725778311,,2.388429815415293,1.5832483768463135e-08,-0.009266916378692258,0.015631164016667753,1.3826807513833046,0.24822157621383667,0.9402589797973633,0.13963165879249573,-0.08858764916658401,0.19979308545589447,0.34381914138793945,0.0319366380572319,8192,0.3029201030731201,3.8328776359558105,0.021562686190009117,19693568,24031,9616,601,-6.3233833,0.0049217131090699695,0.004445454003143823,-4.551917615532875,-18.070438,0.002333932604233269,0.002223993364168564,-4.582213205099106,,,0.95,0.9,both,2.8228475506663058,3.419797041820342,0.6318807682925154,0.0,-26.355755,2534.4994883078234,-6.3233833
121,1784891245.9307504,,5.28,,5.28,,4.799999999999999,,4.799999999999999,,7.200000000000002,,7.200000000000002,,1.9800000000000002,,1.9800000000000002,,2.759999999999999,,2.759999999999999,,5.509731714148074,,5.027655726997182,,7.210705261211842,,1.9808794195996597,,2.9836670327931643,5.587935447692871e-09,-0.0071363235474564135,0.008862253103870898,1.3824000656604767,0.2501955032348633,0.8427016735076904,0.17544178664684296,-0.16498486697673798,0.13128942251205444,0.26355618238449097,0.03584955632686615,8192,0.46913203597068787,4.542527675628662,0.0283138919621706,19857408,24194,9696,606,0.11846755,0.004559408217028249,0.004701386639499106,-4.571422153711319,-22.39092,0.0056635115703102205,0.002628911510691978,-4.6097050428390505,,,0.95,0.9,both,3.0619289422737848,3.212950024803021,0.8819850832802603,0.0,-18.422073,2510.4569234871065,0.11846755
122,1784891311.1188207,,5.28,,5.28,,4.799999999999999,,4.799999999999999,,7.200000000000002,,7.200000000000002,,1.9800000000000002,,1.9800000000000002,,2.759999999999999,,2.759999999999999,,5.100186439609388,,4.56602033553645,,6.968881347042043,,2.032011315350246,,2.520546712097712,-1.862645149230957e-09,-0.004938641272019595,0.007887585335993208,1.3820472359657288,0.15566173195838928,0.9064821600914001,0.10315881669521332,0.18367643654346466,0.15571734309196472,0.29900968074798584,0.03985817730426788,8192,0.4972389340400696,4.2375288009643555,0.010137720964848995,20021248,24354,9776,611,-16.823938,0.005697177451656899,0.0023331968717684505,-4.605670273303986,-19.700968,0.003942746682878351,0.0009985172102460638,-4.6275557488203045,,,0.95,0.9,both,2.815517973060584,3.0559753977354944,0.9599554867070244,0.0,-4.1439867,2513.3453576598135,-16.823938
123,1784891377.032457,,5.28,,5.28,,4.799999999999999,,4.799999999999999,,7.200000000000002,,7.200000000000002,,1.9800000000000002,,1.9800000000000002,,2.759999999999999,,2.759999999999999,,6.269597567617893,,5.788934428244829,,8.168848659843206,,2.4764644745737314,,3.2558678966015577,-9.313225746154785e-10,0.0011613267997745425,0.0006924889166839421,1.3869043998420238,0.20698115229606628,0.884763240814209,0.22784915566444397,0.13423217833042145,0.008081275969743729,0.2218867987394333,0.038077712059020996,8192,0.024630706757307053,5.191943168640137,0.02044978179037571,20185088,24514,9856,616,1.5414811,0.00390604687272571,0.002854505596042145,-4.654386854171753,-42.20045,0.006213484890758991,0.0005758945269917603,-4.642039251327515,,,0.95,0.9,both,3.103439662379773,2.482298673076385,1.999985155954769,0.0,-55.847668,2485.6749859877123,1.5414811
124,1784891442.6436152,,5.28,,5.28,,4.799999999999999,,4.799999999999999,,7.200000000000002,,7.200000000000002,,1.9800000000000002,,1.9800000000000002,,2.759999999999999,,2.759999999999999,,4.386152908205986,,3.8553526550531387,,6.26636366546154,,1.5199216362088919,,2.2661699671298265,-3.91155481338501e-08,0.005196852740482427,0.0011635895589279244,1.392000000923872,0.5744267702102661,0.880897581577301,0.4023526608943939,0.3165709972381592,0.06059342250227928,0.6317483186721802,0.03288434073328972,8192,0.08278048038482666,3.658792018890381,0.09241189807653427,20348928,24675,9936,621,-35.361122,0.006526221719104797,0.0051651704125106335,-4.692423763871193,-8.84696,0.010354400402866304,0.0020534968622087034,-4.667072495818138,,,0.95,0.9,both,3.574996071456334,3.7995690665301955,2.261798266263911,0.0,-25.177168,2497.136644412676,-35.361122
125,1784891508.4886062,,5.28,,5.28,,4.799999999999999,,4.799999999999999,,7.200000000000002,,7.200000000000002,,1.9800000000000002,,1.9800000000000002,,2.759999999999999,,2.759999999999999,,6.257692005485296,,5.789058938622475,,8.185590617358685,,2.4725673869252205,,3.2401035223156214,-3.725290298461914e-09,0.0009991490514948964,0.0003355664687205717,1.395468045026064,0.061569586396217346,1.0292315483093262,0.054454345256090164,0.09316307306289673,0.024933720007538795,0.29367896914482117,0.032879944890737534,8192,0.0316716730594635,5.18900203704834,0.01617673970758915,20512768,24835,10016,626,2.1813798,0.0036853690289717633,0.005752031672454905,-4.765067693591118,-16.6009,0.002111276183859445,0.003814674453315092,-4.716552031040192,,,0.95,0.9,both,3.4735632223188033,3.5256112691066135,2.7929930567908565,0.0,-16.803617,2488.2684710047643,2.1813798
126,1784891574.9388616,,5.28,,5.28,,4.799999999999999,,4.799999999999999,,7.200000000000002,,7.200000000000002,,1.9800000000000002,,1.9800000000000002,,2.759999999999999,,2.759999999999999,,6.155121181160212,,5.555131973698735,,8.137607838958502,,2.3396720739547163,,3.205655390396714,-9.313225746154785e-09,0.0018502140301279724,0.004069470269314479,1.4001428000628948,0.08512187004089355,0.9320358037948608,0.08273300528526306,0.2384634017944336,0.07057011872529984,0.20299601554870605,0.03421971946954727,8192,0.19194741547107697,5.078638076782227,0.01111704669892788,20676608,24996,10096,631,-6.081311,0.00360741919503198,0.0051057358788966665,-4.790294042229652,-27.625036,0.003338895306660561,0.0029957118815218562,-4.778299641609192,,,0.95,0.9,both,3.1873002269402697,3.4245417794820603,1.7912706079686518,0.0,-4.2617183,2465.6030207128556,-6.081311
127,1784891640.259321,,5.28,,5.28,,4.799999999999999,,4.799999999999999,,7.200000000000002,,7.200000000000002,,1.9800000000000002,,1.9800000000000002,,2.759999999999999,,2.759999999999999,,6.057981874793768,,5.704617310315371,,8.098193321377039,,2.410098294261843,,3.1555852171732113,-3.725290298461914e-09,0.002686517109395936,0.0025522412470309064,1.4025399684906006,0.09789009392261505,0.8635770678520203,0.08569034934043884,-0.2549356520175934,0.08592500537633896,0.30156266689300537,0.030274642631411552,8192,0.1755279302597046,5.0852952003479,0.011506560258567333,20840448,25156,10176,636,-7.506256,0.0041023324527486695,0.0058366004508570764,-4.7986833423376085,-10.030875,0.003135252517677145,0.0045942272990942,-4.8318850070238115,,,0.95,0.9,both,3.4260524366032628,3.541239504509364,1.6655248260358773,0.0,-24.683239,2508.2493493505312,-7.506256
128,1784891705.9344265,,5.28,,5.28,,4.799999999999999,,4.799999999999999,,7.200000000000002,,7.200000000000002,,1.9800000000000002,,1.9800000000000002,,2.759999999999999,,2.759999999999999,,6.210235266014934,,5.750157680362463,,8.095032167970203,,2.442441051825881,,3.1983857192099094,3.259629011154175e-09,0.002320638464880176,0.003493560270726448,1.408147968351841,0.29411056637763977,0.8524458408355713,0.28386664390563965,-0.046487729996442795,0.032673515379428864,0.24117225408554077,0.04386618733406067,8192,0.13209569454193115,5.1392502784729,0.0430256612598896,21004288,25320,10256,641,2.62528,0.003185167637275299,0.0032176521461224185,-4.847813814878464,-55.31962,0.01726320333254989,0.003898702629521722,-4.8618842452764515,,,0.95,0.9,both,3.062216051515856,3.039213746646678,1.5547775227018963,0.0,-12.722418,2494.704757899028,2.62528
129,1784891771.47162,,5.28,,5.28,,4.799999999999999,,4.799999999999999,,7.200000000000002,,7.200000000000002,,1.9800000000000002,,1.9800000000000002,,2.759999999999999,,2.759999999999999,,4.326135139912367,,3.8589061461389065,,6.226632207632065,,1.4876007363200188,,2.2719627041369677,8.847564458847046e-09,0.0017304106440860778,0.004364748744592362,1.4127718098461628,0.2545680105686188,0.9840744137763977,0.6006403565406799,0.11412347108125687,0.1006317287683487,1.0774332284927368,0.04184393584728241,8192,0.0718439370393753,3.634247303009033,0.036770980805158615,21168128,25483,10336,646,2.9099193,0.0037320107890991493,0.004664993846381549,-4.888908961415291,-7.75841,0.005909380593220703,0.0015765727002872154,-4.885370859503746,,,0.95,0.9,both,3.3239302948827834,3.372592156328943,2.793704819134791,0.0,-16.896734,2499.954494656421,2.9099193
130,1784891836.5147805,,5.28,,5.28,,4.799999999999999,,4.799999999999999,,7.200000000000002,,7.200000000000002,,1.9800000000000002,,1.9800000000000002,,2.759999999999999,,2.759999999999999,,6.233179684728384,,5.593191455525812,,8.002806325210258,,2.4455897584557533,,3.181754150427878,-5.587935447692871e-09,-0.0025307615578640252,0.0038316526988637634,1.4102659709751606,0.18945905566215515,0.9184470176696777,0.1806052327156067,0.1453758329153061,0.04049256816506386,0.21421681344509125,0.03640943020582199,8192,0.20709283649921417,5.091303825378418,0.033014845103025436,21331968,25647,10416,651,-4.2923555,0.004099484439939261,0.004620813445944805,-4.886400684714317,-52.103596,0.009346100401307922,0.004095744507867494,-4.8951911479234695,,,0.95,0.9,both,3.384233540700855,3.1904008065456555,1.3741797433368035,0.0,-14.233294,2518.9427820387723,-4.2923555
131,1784891901.8096638,,5.28,,5.28,,4.799999999999999,,4.799999999999999,,7.200000000000002,,7.200000000000002,,1.9800000000000002,,1.9800000000000002,,2.759999999999999,,2.759999999999999,,5.109109550947323,,4.958416793961078,,7.115095538087189,,1.8189002089202404,,2.7205361309461296,-5.587935447692871e-09,-0.020448699506232515,0.013991753497975878,1.411562155932188,0.07601074129343033,0.8544402718544006,0.06262049078941345,0.2180362492799759,0.2091616988182068,0.22592836618423462,0.036418616771698,8192,0.483908087015152,4.344411373138428,0.02450813353061676,21495808,25808,10496,656,-12.848717,0.0056603160010126885,0.004454244400403695,-4.910155028104782,-39.389614,0.0018879226587159791,0.0024385453507420607,-4.899344390630722,,,0.95,0.9,both,3.135420796976838,3.673338255014022,0.7933386300716849,0.0,-14.848473,2509.2318420390343,-12.848717
132,1784891968.2957277,,5.28,,5.28,,4.799999999999999,,4.799999999999999,,7.200000000000002,,7.200000000000002,,1.9800000000000002,,1.9800000000000002,,2.759999999999999,,2.759999999999999,,4.406521443277597,,4.175191063433886,,6.632078429218382,,1.7118584578856826,,2.4606441336218268,-9.313225746154785e-10,-0.005859479657374322,0.0021902225744270254,1.4071554727852345,0.16337019205093384,0.9722209572792053,0.1707891821861267,-0.10059507191181183,0.07546164095401764,0.5443310737609863,0.037240851670503616,8192,0.30518895387649536,3.877258777618408,0.03168854862451553,21659648,25971,10576,661,5.0866237,0.0060179078085639045,0.0023457111077732407,-4.965581089258194,-6.7395263,0.002945914770680247,0.0027733647337299773,-4.921135997772216,,,0.95,0.9,both,2.8904991409140184,3.647490546478597,1.5402322403606825,0.0,-12.694297,2464.2782238166733,5.0866237
133,1784892035.087444,,5.28,,5.28,,4.799999999999999,,4.799999999999999,,7.200000000000002,,7.200000000000002,,1.9800000000000002,,1.9800000000000002,,2.759999999999999,,2.759999999999999,,4.421218814328313,,3.8657555505633354,,6.347247010096908,,1.5088460128754377,,2.293774962425232,0.0,0.0011551250208867714,0.002042239579168381,1.4061367958784103,0.33490875363349915,0.9980909824371338,0.22010216116905212,0.005835621617734432,0.07968887686729431,0.6178519129753113,0.041318830102682114,8192,0.12659500539302826,3.687368869781494,0.05478151887655258,21823488,26131,10656,666,-4.629644,0.005089815251994878,0.004130936859655776,-4.994698482751846,-6.9029093,0.004725604937266326,0.0014213387330528349,-4.950727456808091,,,0.95,0.9,both,3.348747338524608,3.620660206908222,1.7729045736644369,0.0,-0.94612396,2452.9964244840603,-4.629644
134,1784892101.038923,,5.28,,5.28,,4.799999999999999,,4.799999999999999,,7.200000000000002,,7.200000000000002,,1.9800000000000002,,1.9800000000000002,,2.759999999999999,,2.759999999999999,,4.621380700729787,,3.9766993704251945,,6.575371499406174,,1.5693889986723661,,2.315618086606264,3.725290298461914e-09,-0.004634559096302837,0.0009036337387442472,1.4069920629262924,0.09738273918628693,0.9995304346084595,0.10081224888563156,-0.20750926434993744,0.04780636727809906,0.5069915056228638,0.039468202739953995,8192,0.30162930488586426,3.811691999435425,0.012627541087567806,21987328,26291,10736,671,4.5724864,0.0036918996360327584,0.0041370535924215805,-4.965679171681404,-6.372577,0.0023794480661308627,0.003436370649797027,-4.988693875074387,,,0.95,0.9,both,3.3851719977352146,3.702876245373987,1.0241698836506563,0.0,-20.836208,2484.2506313058198,4.5724864
135,1784892166.352846,,5.28,,5.28,,4.799999999999999,,4.799999999999999,,7.200000000000002,,7.200000000000002,,1.9800000000000002,,1.9800000000000002,,2.759999999999999,,2.759999999999999,,4.78988216817379,,4.466049192473292,,6.650806620717049,,1.7822466138750315,,2.586689318253775,-6.51925802230835e-09,-0.00516185408923775,0.019384320446988568,1.414898507297039,0.364378422498703,0.8713627457618713,0.239091694355011,-0.013737102970480919,0.24689644575119019,0.574823260307312,0.03936759755015373,8192,0.490640252828598,4.0551347732543945,0.07756190001964569,22151168,26451,10816,676,-4.860486,0.004975656855822308,0.003404662528191693,-4.982173329591751,-9.10388,0.006395361224713269,0.0022541170139447784,-4.9974568575620655,,,0.95,0.9,both,3.300345978937731,3.7441251253919896,0.7478332595975189,0.0,-45.07206,2508.500467374903,-4.860486
136,1784892232.8571484,,5.28,,5.28,,4.799999999999999,,4.799999999999999,,7.200000000000002,,7.200000000000002,,1.9800000000000002,,1.9800000000000002,,2.759999999999999,,2.759999999999999,,4.293810576200485,,3.820240717381239,,6.219582103192806,,1.4887032005935907,,2.290753550827503,-3.259629011154175e-09,0.0012123142660129815,0.0003869424033382529,1.435167834162712,0.3141028583049774,0.8854012489318848,0.16820752620697021,0.03130126744508743,0.03506029397249222,0.4692544937133789,0.046079352498054504,8192,0.03572069853544235,3.6226181983947754,0.09770417213439941,22315008,26612,10896,681,-12.113804,0.005059653244825313,0.003360257379245013,-4.999722838401794,-6.3781013,0.005735382379498333,0.002774078064248897,-5.062777996063232,,,0.95,0.9,both,2.964020269175555,4.097107842796065,2.575917778406924,0.0,-7.319504,2463.599920856389,-12.113804
137,1784892297.2673478,,5.28,,5.28,,4.799999999999999,,4.799999999999999,,7.200000000000002,,7.200000000000002,,1.9800000000000002,,1.9800000000000002,,2.759999999999999,,2.759999999999999,,5.478074284270406,,4.908296328736469,,6.933205012814142,,2.1266334555111825,,2.8232752434560098,-5.587935447692871e-09,-0.003318500137538649,0.02807813190156594,1.4433142244815826,0.11405236274003983,0.9006115794181824,0.08199547231197357,-0.04546840488910675,0.21277998387813568,0.3631908595561981,0.03828606754541397,8192,0.4651678204536438,4.453896999359131,0.023637250065803528,22478848,26773,10976,686,-4.228284,0.0067906063370173795,0.002692365688562859,-4.997540283203125,-9.721117,0.002888985284516821,0.0032980480980768336,-5.064722248911858,,,0.95,0.9,both,2.9068717934509265,3.6304075559928606,0.925050808634726,0.0,-36.964485,2543.696830010895,-4.228284
138,1784892363.4829366,,5.28,,5.28,,4.799999999999999,,4.799999999999999,,7.200000000000002,,7.200000000000002,,1.9800000000000002,,1.9800000000000002,,2.759999999999999,,2.759999999999999,,4.28193773329258,,3.803237844258547,,6.2094330713152885,,1.4810520503669977,,2.2623233441263437,3.725290298461914e-09,0.0016950887365965173,2.618806240306526e-06,1.446396205574274,0.15285420417785645,0.8510696291923523,0.13218654692173004,-0.22171953320503235,0.0016407961957156658,0.5334426760673523,0.04485424607992172,8192,0.006125722546130419,3.6075968742370605,0.05674807354807854,22642688,26936,11056,691,-3.590397,0.0074734603433171285,0.0027156702366482933,-5.067687511444092,-8.824106,0.003285496753233019,0.002464979661453981,-5.091920194029808,,,0.95,0.9,both,3.0181326273379523,3.849733651917309,2.855969862987514,0.0,-14.052391,2474.341519166158,-3.590397
139,1784892427.2932968,,5.28,,5.28,,4.799999999999999,,4.799999999999999,,7.200000000000002,,7.200000000000002,,1.9800000000000002,,1.9800000000000002,,2.759999999999999,,2.759999999999999,,4.293108578771353,,3.816138871014118,,6.225852660834789,,1.4858618378639221,,2.264168471097946,-7.450580596923828e-09,0.0005756790924351662,0.003541137795764371,1.44456023350358,0.47233694791793823,0.9107547402381897,0.4153687655925751,-0.07697085291147232,0.03255322948098183,0.5952956080436707,0.04866546392440796,8192,0.022230181843042374,3.617025852203369,0.07622040808200836,22806528,27097,11136,696,-12.419218,0.006698240622063168,0.002351926255505532,-5.044840806722641,-32.093582,0.006340981900575571,0.002019815568928607,-5.060227021574974,,,0.95,0.9,both,3.2456469294049235,4.037475548869206,2.8381782239385673,0.0,-17.449167,2567.608097526818,-12.419218
140,1784892493.5846415,,5.28,,5.28,,4.799999999999999,,4.799999999999999,,7.200000000000002,,7.200000000000002,,1.9800000000000002,,1.9800000000000002,,2.759999999999999,,2.759999999999999,,6.206623699516058,,5.730413842946291,,8.125737637281418,,2.4330170806497335,,3.1551179816015065,9.313225746154785e-10,-0.0027254606829956174,0.0007993166718733846,1.4399338029325008,0.1425546407699585,1.0120983123779297,0.09864553064107895,-0.12818604707717896,0.024103786796331406,0.20974943041801453,0.03515666350722313,8192,0.1098397746682167,5.130181789398193,0.02455124631524086,22970368,27258,11216,701,-21.627104,0.006366458426055033,0.0025524903830955736,-5.02972776889801,-33.011818,0.001951496423134813,0.0028347603656584397,-5.074254512786865,,,0.95,0.9,both,3.00043107731761,3.792500057808307,1.2458328339679585,0.0,-50.35216,2471.5141794881565,-21.627104
141,1784892559.212641,,5.28,,5.28,,4.799999999999999,,4.799999999999999,,7.200000000000002,,7.200000000000002,,1.9800000000000002,,1.9800000000000002,,2.759999999999999,,2.759999999999999,,6.237166194245219,,5.768859762698412,,8.140659924596548,,2.4566283840686083,,3.254487292841077,5.122274160385132e-09,0.002384133760642726,0.0009329350652933499,1.4501084685325623,0.09116580337285995,0.8771127462387085,0.06909305602312088,0.14929023385047913,0.02785840630531311,0.19717103242874146,0.02923482656478882,8192,0.0867900550365448,5.171560764312744,0.023167550563812256,23134208,27419,11296,706,-4.1330976,0.0062138639739714565,0.002239495830144733,-5.052841424942017,-30.311926,0.0025924723417119822,0.003008142283943016,-5.05448734164238,,,0.95,0.9,both,3.0369082435227694,3.6276011965430732,1.9947226081684155,0.0,-2.13372,2496.495424705368,-4.1330976
142,1784892623.436933,,5.28,,5.28,,4.799999999999999,,4.799999999999999,,7.200000000000002,,7.200000000000002,,1.9800000000000002,,1.9800000000000002,,2.759999999999999,,2.759999999999999,,4.623933210968971,,4.084310665261,,6.470189235173166,,1.5983647713437676,,2.2983152344822884,4.6566128730773926e-09,-0.0015210158308036625,0.008178040756320115,1.4585359804332256,0.24514049291610718,0.941447913646698,0.17121519148349762,0.05986770987510681,0.15364201366901398,0.4223009943962097,0.05444394797086716,8192,0.32447880506515503,3.8150222301483154,0.03639914467930794,23298048,27582,11376,711,-3.735249,0.007152988204325084,0.003721114865038544,-5.070175066590309,-14.178362,0.003749778496421641,0.0030980481475125997,-5.11071070432663,,,0.95,0.9,both,3.516556239779594,3.7831426545617455,1.4207072863923478,0.0,-36.567608,2551.059872580079,-3.735249
143,1784892689.554807,,5.28,,5.28,,4.799999999999999,,4.799999999999999,,7.200000000000002,,7.200000000000002,,1.9800000000000002,,1.9800000000000002,,2.759999999999999,,2.759999999999999,,4.575010368600488,,4.302963392809033,,6.674696053378284,,1.7330190003849566,,2.420640867057955,-7.450580596923828e-08,-0.006405430642189458,0.01477893185801804,1.4577905982732773,0.41768738627433777,0.8233251571655273,0.2469417154788971,0.5631450414657593,0.19775867462158203,0.5799338817596436,0.042668331414461136,8192,0.392834335565567,3.941265821456909,0.09485023468732834,23461888,27744,11456,716,-11.70058,0.005270185836707242,0.003472353282995755,-5.1048834264278415,-22.98779,0.007219585884013213,0.0028822924636187964,-5.150882270932198,,,0.95,0.9,both,3.5879437469955433,3.8586849710130635,0.757477713281917,0.0,-0.18852893,2477.998371719103,-11.70058
144,1784892754.9504166,,5.28,,5.28,,4.799999999999999,,4.799999999999999,,7.200000000000002,,7.200000000000002,,1.9800000000000002,,1.9800000000000002,,2.759999999999999,,2.759999999999999,,5.4009482599794865,,5.141750895418227,,7.8155013006180525,,2.158253956818953,,2.9206081344746053,5.587935447692871e-09,-0.004874381003901362,0.02550971560413018,1.4660353660583496,0.2586188018321991,0.8917941451072693,0.17001596093177795,0.007454879581928253,0.28445154428482056,0.23344047367572784,0.03561939299106598,8192,0.4910728335380554,4.687412738800049,0.021076694130897522,23625728,27909,11536,721,-4.022615,0.0047949639614671465,0.002268997463397682,-5.14860218167305,-12.302231,0.003873209696030244,0.002619050754219643,-5.132139554619789,,,0.95,0.9,both,3.426684163720784,3.250954654929007,0.9584497419308157,0.0,-38.32096,2505.366992882913,-4.022615
145,1784892820.3336308,,5.28,,5.28,,4.799999999999999,,4.799999999999999,,7.200000000000002,,7.200000000000002,,1.9800000000000002,,1.9800000000000002,,2.759999999999999,,2.759999999999999,,4.3974613677710295,,4.053804257884622,,6.301019512116909,,1.5655497857369483,,2.3803414520807564,1.6763806343078613e-08,-0.0034232651814818382,0.007136895634175744,1.4699420742690563,0.24848854541778564,0.8051267862319946,0.13930410146713257,-0.448733925819397,0.09634465724229813,0.6464341878890991,0.04020603373646736,8192,0.21079866588115692,3.739635467529297,0.021107029169797897,23789568,28070,11616,726,-12.459276,0.0053860428335610775,0.003225434409978334,-5.143307554721832,-21.324293,0.004829894932481693,0.0027984848064079417,-5.155506366491318,,,0.95,0.9,both,3.429580000476123,3.663016709389936,0.724764187776163,0.0,-18.77063,2505.841968420171,-12.459276
146,1784892886.141143,,5.28,,5.28,,4.799999999999999,,4.799999999999999,,7.200000000000002,,7.200000000000002,,1.9800000000000002,,1.9800000000000002,,2.759999999999999,,2.759999999999999,,4.456592603586614,,3.93604342546314,,6.556750163901597,,1.6482059297850356,,2.330263896146789,3.725290298461914e-09,-0.0026799148035934195,0.014429614282562397,1.4792524352669716,0.19081445038318634,0.8658557534217834,0.41067859530448914,0.13676917552947998,0.2149556577205658,0.4291035234928131,0.04319748282432556,8192,0.2588497996330261,3.785571336746216,0.023754632100462914,23953408,28231,11696,731,5.035551,0.004494017886463553,0.005595880556211341,-5.180484753847122,-11.673483,0.00214533915532229,0.0010196633957093582,-5.175123128294945,,,0.95,0.9,both,3.788206035516964,3.8857290419544923,0.8417849906236168,0.0,-19.586514,2489.685470984676,5.035551
147,1784892952.2451131,,5.28,,5.28,,4.799999999999999,,4.799999999999999,,7.200000000000002,,7.200000000000002,,1.9800000000000002,,1.9800000000000002,,2.759999999999999,,2.759999999999999,,5.015574028715491,,5.000548891723156,,7.15234292470268,,1.9446396932471544,,2.714910123962909,-3.725290298461914e-09,-0.00664162268515156,0.07384764368180186,1.4866844937205315,0.2599976658821106,0.9289416074752808,0.19801124930381775,0.21711045503616333,0.4617970287799835,0.29058605432510376,0.03240213543176651,8192,0.5134952664375305,4.365603446960449,0.04753931239247322,24117248,28392,11776,736,5.1252084,0.004076272183738183,0.0030975213725469076,-5.185055056214333,-22.34673,0.00485446148813935,0.0025930997711839155,-5.177347788214684,,,0.95,0.9,both,3.3451971468604156,3.728210572520557,0.7587950758939815,0.0,-15.103502,2478.5198349723355,5.1252084
148,1784893018.3860292,,5.28,,5.28,,4.799999999999999,,4.799999999999999,,7.200000000000002,,7.200000000000002,,1.9800000000000002,,1.9800000000000002,,2.759999999999999,,2.759999999999999,,4.394754262641072,,3.858127251267433,,6.317737910896539,,1.5637499066069722,,2.2887720838189125,0.0,0.00032140204530151095,0.00045902224201199715,1.484809648245573,0.34019002318382263,0.8609592914581299,0.5884103775024414,0.0011201947927474976,0.02732355333864689,0.7377948760986328,0.04077639430761337,8192,0.1261172890663147,3.6846282482147217,0.05118047446012497,24281088,28554,11856,741,5.1411705,0.0037756412144517525,0.005393668259785045,-5.147057437896729,-17.72263,0.00406332344718976,0.002535990004253108,-5.1990057796239855,,,0.95,0.9,both,3.600140546413678,4.037840389522403,1.2343740101844412,0.0,-5.4594936,2477.135207790969,5.1411705
149,1784893084.189327,,5.28,,5.28,,4.799999999999999,,4.799999999999999,,7.200000000000002,,7.200000000000002,,1.9800000000000002,,1.9800000000000002,,2.759999999999999,,2.759999999999999,,5.992060726508498,,5.514488194137812,,8.000823264417704,,2.3333136616274714,,3.2156011424958706,0.0,0.0007708154953434132,0.0008273000589724688,1.4828096963465214,0.13344837725162506,0.9550056457519531,0.12044975161552429,0.015863023698329926,0.049802668392658234,0.3971492350101471,0.02546112798154354,8192,0.31459367275238037,5.011257171630859,0.03395945578813553,24444928,28715,11936,746,4.3716598,0.0037314721783332063,0.0034954504320921843,-5.148541489243508,-41.027775,0.004006866084091598,0.0027554399290238506,-5.178183427453041,,,0.95,0.9,both,3.257885872129292,3.3148234986310205,1.2383259576971688,0.0,-21.124537,2489.844830073298,4.3716598
150,1784893150.8237238,,5.28,,5.28,,4.799999999999999,,4.799999999999999,,7.200000000000002,,7.200000000000002,,1.9800000000000002,,1.9800000000000002,,2.759999999999999,,2.759999999999999,,6.274248369038105,,5.7967738173902035,,8.193480771034956,,2.473106110468507,,3.2359937503933907,2.7939677238464355e-09,0.0011497256346046925,0.0015240659545270319,1.4786965772509575,0.14183762669563293,0.8910598754882812,0.0752200335264206,0.030385393649339676,0.0017176037654280663,0.20566171407699585,0.02427680417895317,8192,0.017020102590322495,5.194720268249512,0.013621735386550426,24608768,28877,12016,751,-3.9295719,0.003897764248540625,0.004118836442648899,-5.173775833845139,-43.59144,0.004434786380443256,0.002198519277590094,-5.182124397158622,,,0.95,0.9,both,3.5430398209878384,3.0031978235770773,2.7701803049020883,0.0,-44.853973,2458.790275637186,-3.9295719
151,1784893216.7704496,,5.28,,5.28,,4.799999999999999,,4.799999999999999,,7.200000000000002,,7.200000000000002,,1.9800000000000002,,1.9800000000000002,,2.759999999999999,,2.759999999999999,,4.2917756997048855,,3.8203885331749916,,6.22237079590559,,1.5049868449568748,,2.2777865529060364,5.587935447692871e-09,0.003276053932495415,0.00010263288709211338,1.4831235893070698,0.2056732177734375,0.9920169115066528,0.17761918902397156,0.1999419778585434,0.01678299531340599,0.31941139698028564,0.039632901549339294,8192,0.03971832990646362,3.6234614849090576,0.014150802046060562,24772608,29039,12096,756,-12.034389,0.005068669733736897,0.003219594312395202,-5.159097039699555,-18.03919,0.003038295076112263,0.0013708272483199835,-5.206320068240165,,,0.95,0.9,both,3.2967567902305737,3.5229014385077178,2.2243824670598404,0.0,-21.259491,2484.429468624359,-12.034389
152,1784893282.7310534,,5.28,,5.28,,4.799999999999999,,4.799999999999999,,7.200000000000002,,7.200000000000002,,1.9800000000000002,,1.9800000000000002,,2.759999999999999,,2.759999999999999,,5.360207982361317,,5.060272677219473,,7.303188897669315,,2.1647457545623183,,2.7295096465968527,1.862645149230957e-09,-0.0038736923306714743,0.015130152343772352,1.4895442724227905,0.07783514261245728,0.890798807144165,0.0907086730003357,0.22727371752262115,0.16888876259326935,0.2123957872390747,0.023264795541763306,8192,0.48340028524398804,4.523584842681885,0.018900958821177483,24936448,29205,12176,761,-5.850876,0.008250828323070891,0.004859037276764866,-5.174512949585915,-21.541927,0.0025526458433887456,0.0027140262121974957,-5.206083726882935,,,0.95,0.9,both,3.7951026860706727,3.8089711035371145,0.913679676599598,0.0,-20.774254,2483.9073294848126,-5.850876
153,1784893348.9517126,,5.28,,5.28,,4.799999999999999,,4.799999999999999,,7.200000000000002,,7.200000000000002,,1.9800000000000002,,1.9800000000000002,,2.759999999999999,,2.759999999999999,,6.123473514802754,,5.6780943386256695,,8.090658828616142,,2.350318887969479,,3.1642798599787056,1.955777406692505e-08,0.00022457452723756433,0.0019296717819088371,1.4947063140571117,0.511173665523529,0.8847019672393799,0.3042317032814026,0.34216782450675964,0.059580929577350616,0.234715074300766,0.02147253230214119,8192,0.17345911264419556,5.08136510848999,0.0270051509141922,25100288,29370,12256,766,-5.486742,0.004758756316732615,0.005160462513595121,-5.216095659136772,-14.7067795,0.005582459963625297,0.0030877100114594215,-5.212608534097671,,,0.95,0.9,both,3.7873953352527194,3.492700331005287,0.9627502319534027,0.0,4.9048414,2474.1522034829304,-5.486742
154,1784893414.563027,,5.28,,5.28,,4.799999999999999,,4.799999999999999,,7.200000000000002,,7.200000000000002,,1.9800000000000002,,1.9800000000000002,,2.759999999999999,,2.759999999999999,,4.299176637083292,,3.869648529216647,,6.216725189238787,,1.5141906812787056,,2.2815677039325237,-1.862645149230957e-09,0.0010069067357107997,0.0019116616294923006,1.4995843023061752,0.2914392650127411,0.8570188879966736,0.20987868309020996,-0.04545614868402481,0.06534462422132492,0.41902387142181396,0.031234070658683777,8192,0.0711863785982132,3.6362617015838623,0.02209641970694065,25264128,29536,12336,771,5.3052506,0.003938692907104269,0.003542164418468019,-5.219442906975746,-49.249233,0.00432891422897228,0.001063539641472744,-5.245012331008911,,,0.95,0.9,both,3.5494609653010523,3.3028205677258944,1.7010983449862063,0.0,-26.99314,2497.1300178276206,5.3052506
155,1784893480.179168,,5.28,,5.28,,4.799999999999999,,4.799999999999999,,7.200000000000002,,7.200000000000002,,1.9800000000000002,,1.9800000000000002,,2.759999999999999,,2.759999999999999,,4.289225198328495,,3.8038170114159584,,6.210316967219114,,1.4858389049768448,,2.263399366289377,9.778887033462524e-09,0.001286975442781113,0.00013295140513491788,1.5017589330673218,0.2674623131752014,0.8387956023216248,0.18086224794387817,-0.1286662220954895,0.007382788695394993,0.45174890756607056,0.03309231624007225,8192,0.015285824425518513,3.6105198860168457,0.019453059881925583,25427968,29698,12416,776,-20.330532,0.005203661953419214,0.004240014141396386,-5.198713904619217,-27.59846,0.003845532281411579,4.529258876573294e-06,-5.278862801194191,,,0.95,0.9,both,3.528295909178804,3.7169564169572182,2.2512749792867353,0.0,-0.4879366,2496.946626671347,-20.330532
156,1784893545.6375427,,5.28,,5.28,,4.799999999999999,,4.799999999999999,,7.200000000000002,,7.200000000000002,,1.9800000000000002,,1.9800000000000002,,2.759999999999999,,2.759999999999999,,4.420814588665962,,3.868321232497692,,6.2180440574884415,,1.4863801077008247,,2.283369265496731,0.0,0.0015282372551155277,0.0025671522962511517,1.5078701488673687,0.14055535197257996,0.9473479986190796,0.09540681540966034,-0.24008700251579285,0.04333442822098732,0.7452483177185059,0.028608733788132668,8192,0.12588728964328766,3.655385971069336,0.037278398871421814,25591808,29858,12496,781,-12.622857,0.004941589647205547,0.0033631010752287692,-5.215446111559868,-12.005195,0.0037513276416575535,0.00044383948406903075,-5.27032231092453,,,0.95,0.9,both,3.308396151232114,3.7223424493201813,1.869168745519537,0.0,-43.81108,2502.9647413799144,-12.622857
157,1784893611.2651262,,5.28,,5.28,,4.799999999999999,,4.799999999999999,,7.200000000000002,,7.200000000000002,,1.9800000000000002,,1.9800000000000002,,2.759999999999999,,2.759999999999999,,5.193947195075452,,4.835645774845034,,6.982890421291813,,1.937006231644773,,2.5614276601700112,-2.7939677238464355e-09,-0.011287461733445525,0.012090826057828963,1.504374198615551,0.07641325891017914,0.9035455584526062,0.06348758935928345,0.1147119477391243,0.16702379286289215,0.2798677682876587,0.024574028328061104,8192,0.497372567653656,4.302183628082275,0.019787350669503212,25755648,30018,12576,786,-5.2297783,0.00432671621456393,0.0025651673342508728,-5.259465196728707,-17.20052,0.0024676203742274084,0.0016917422282858752,-5.2800980567932125,,,0.95,0.9,both,3.7093821435799184,3.621940442954602,0.5602276951879437,0.0,-21.770086,2496.5111999190217,-5.2297783
158,1784893676.6112263,,5.28,,5.28,,4.799999999999999,,4.799999999999999,,7.200000000000002,,7.200000000000002,,1.9800000000000002,,1.9800000000000002,,2.759999999999999,,2.759999999999999,,4.52547813160345,,3.9194990806281567,,6.401634011417627,,1.583976506255567,,2.341248827986419,1.862645149230957e-09,0.0009112842817557976,0.015140355899347924,1.5048496536910534,0.3780055642127991,0.8693102598190308,0.27559128403663635,-0.2916549742221832,0.2070171982049942,0.5665650963783264,0.030715860426425934,8192,0.1997382938861847,3.7543673515319824,0.03186910226941109,25919488,30178,12656,791,-5.5578675,0.0032782270449388307,0.002549092059780378,-5.325985127687455,-20.60901,0.0037826042003871406,0.0014095161604927853,-5.308070847392083,,,0.95,0.9,both,3.670957444414539,3.7786842582253732,1.0570236724528157,0.0,-30.925884,2507.2654687595596,-5.5578675
159,1784893739.7677352,,5.28,,5.28,,4.799999999999999,,4.799999999999999,,7.200000000000002,,7.200000000000002,,1.9800000000000002,,1.9800000000000002,,2.759999999999999,,2.759999999999999,,6.089544678106904,,5.694386195624247,,8.054632119834423,,2.4316823268309236,,3.1750728944316506,2.7939677238464355e-09,0.002516962405934464,0.009103237316594459,1.5124321542680264,0.07299624383449554,0.8356795907020569,0.05129218101501465,0.04645217955112457,0.16932858526706696,0.2292816936969757,0.019504712894558907,8192,0.19924382865428925,5.089064121246338,0.018971877172589302,26083328,30339,12736,796,6.0686727,0.003957303638162557,0.003944771533133462,-5.329467928409576,-28.338345,0.003521084815292852,0.0017970191463973606,-5.326540711522102,,,0.95,0.9,both,3.697667756365358,3.4555889726409843,1.345836645016202,0.0,-36.025215,2594.18987368192,6.0686727
160,1784893805.0067048,,5.28,,5.28,,4.799999999999999,,4.799999999999999,,7.200000000000002,,7.200000000000002,,1.9800000000000002,,1.9800000000000002,,2.759999999999999,,2.759999999999999,,6.00108942296356,,5.428563505643979,,7.919965710956603,,2.292644787579775,,3.1548835332505405,1.30385160446167e-08,-0.00034987094113603234,0.007705096555582713,1.5253011845052242,0.09994392096996307,0.8859969973564148,0.07986152917146683,0.36227601766586304,0.1496616005897522,0.2338290810585022,0.02135545201599598,8192,0.3516567349433899,4.9594292640686035,0.014962819404900074,26247168,30503,12816,801,-10.915058,0.00677518973388942,0.003913988212298136,-5.324330118298531,-5.703745,0.002619088457140606,0.0021269905235385524,-5.317919078469276,,,0.95,0.9,both,3.4829592842623684,3.7730811297793023,0.7805614012195243,0.0,-31.666489,2511.3826932968204,-10.915058
161,1784893868.8995984,,5.28,,5.28,,4.799999999999999,,4.799999999999999,,7.200000000000002,,7.200000000000002,,1.9800000000000002,,1.9800000000000002,,2.759999999999999,,2.759999999999999,,5.505699124187231,,5.269987468607724,,7.341703947400674,,2.007702473201789,,2.9769957754178904,1.4901161193847656e-08,-0.014736402255948633,0.07153780129738152,1.5256007872521877,0.10119763761758804,0.9058679342269897,0.05509575456380844,0.04395456612110138,0.4670465290546417,0.2235931158065796,0.023014560341835022,8192,0.5091801881790161,4.620417594909668,0.013819004409015179,26411008,30663,12896,806,-3.0322244,0.0039538824086776,0.003377466113306582,-5.353270319104195,-30.057322,0.0017419924417481525,0.0034668573018279856,-5.297301915287972,,,0.95,0.9,both,3.4878857554931884,3.947521370565256,0.7601042656212043,0.0,-46.549942,2564.291136875611,-3.0322244
162,1784893932.8858867,,5.28,,5.28,,4.799999999999999,,4.799999999999999,,7.200000000000002,,7.200000000000002,,1.9800000000000002,,1.9800000000000002,,2.759999999999999,,2.759999999999999,,4.83521959092468,,4.549208667129278,,7.480136743746698,,1.6887784021673724,,2.802729077200638,1.862645149230957e-09,-0.002651444217917742,0.015873224183451384,1.5246538445353508,0.17515340447425842,0.842168927192688,0.14618785679340363,0.12554003298282623,0.2252514511346817,0.20626956224441528,0.02235308848321438,8192,0.49130183458328247,4.271214485168457,0.01943165622651577,26574848,30826,12976,811,-20.305649,0.007724407917703502,0.0028912674024468288,-5.317957630753517,-40.81127,0.002321523318096297,0.0009371071268105879,-5.320177307724952,,,0.95,0.9,both,3.3837884160409275,3.698678233731308,0.6302305953466111,0.0,-29.272211,2560.548601578363,-20.305649
163,1784893997.4628165,,5.28,,5.28,,4.799999999999999,,4.799999999999999,,7.200000000000002,,7.200000000000002,,1.9800000000000002,,1.9800000000000002,,2.759999999999999,,2.759999999999999,,5.867474173079245,,5.364553908351809,,7.88256403862033,,2.300275386776775,,3.1057291361503303,-1.862645149230957e-09,0.0008275419095298275,0.004075813543749973,1.5256219394505024,0.1637486070394516,0.8525269031524658,0.09690254181623459,0.1802823543548584,0.11394643038511276,0.2078920304775238,0.017695007845759392,8192,0.3659560978412628,4.90411901473999,0.013196175917983055,26738688,30986,13056,816,5.4507422,0.004215503755403915,0.005352843238142668,-5.31164368391037,-30.062323,0.003342773159238277,0.0016457537829410284,-5.351426014304161,,,0.95,0.9,both,3.638925448308265,3.560724634225174,0.8018319874224384,0.0,-35.1955,2537.1289734076163,5.4507422
164,1784894061.1088052,,5.28,,5.28,,4.799999999999999,,4.799999999999999,,7.200000000000002,,7.200000000000002,,1.9800000000000002,,1.9800000000000002,,2.759999999999999,,2.759999999999999,,6.165462821722031,,5.581470869481564,,7.984474068041891,,2.419973104726523,,3.183763665612787,-2.3283064365386963e-09,0.000429924919444602,0.004451477909242385,1.528245896100998,0.07894857227802277,0.8538743853569031,0.07281633466482162,-0.1379283368587494,0.07196248322725296,0.19611334800720215,0.018605418503284454,8192,0.20050454139709473,5.067028999328613,0.013574405573308468,26902528,31147,13136,821,-2.3555152,0.005932277697866084,0.0042932780423143415,-5.289802327752113,-23.547607,0.0026713977982581127,0.0027930153977649753,-5.359755456447601,,,0.95,0.9,both,3.4875990598236726,3.8145507835234786,1.1733418555134945,0.0,-36.141945,2574.2391939794425,-2.3555152
165,1784894126.5398798,,5.28,,5.28,,4.799999999999999,,4.799999999999999,,7.200000000000002,,7.200000000000002,,1.9800000000000002,,1.9800000000000002,,2.759999999999999,,2.759999999999999,,6.2054154416546226,,5.7929206900298595,,8.1717637963593,,2.4693259708583355,,3.2194673153571784,2.3283064365386963e-10,0.001960609559318982,0.0004512587263434398,1.5382020100951195,0.22991925477981567,0.803926944732666,0.09073615819215775,-0.010107001289725304,0.033327020704746246,0.20766280591487885,0.021660756319761276,8192,0.0788659006357193,5.171778678894043,0.019453139975667,27066368,31308,13216,826,-10.751047,0.005616536925663241,0.0026457982341526074,-5.275331079959869,-43.197636,0.003909136718721129,0.0015794806487974711,-5.333744537830353,,,0.95,0.9,both,3.152468269742023,3.5629395877288985,2.69061926256803,0.0,-41.09862,2504.0090421179066,-10.751047
166,1784894191.5826135,,5.28,,5.28,,4.799999999999999,,4.799999999999999,,7.200000000000002,,7.200000000000002,,1.9800000000000002,,1.9800000000000002,,2.759999999999999,,2.759999999999999,,4.298200625926256,,3.8434912599623203,,6.224454812705517,,1.484950952231884,,2.2731781229376793,-1.1175870895385742e-08,0.0009092915715882555,0.0027830057060782565,1.5391864329576492,0.4041344225406647,0.8610329031944275,0.32697686553001404,0.31332746148109436,0.03493250161409378,0.5252211093902588,0.029485976323485374,8192,0.038630418479442596,3.6248555183410645,0.0537555068731308,27230208,31473,13296,831,5.8345747,0.0054898073365620805,0.0022243836108827965,-5.289690619707107,-44.471783,0.010071243977290579,0.0014419099301449024,-5.335536137223244,,,0.95,0.9,both,3.2151212245187066,3.6597064273924573,1.370742128158296,0.0,-37.004105,2518.9592865001905,5.8345747
167,1784894255.1598358,,5.28,,5.28,,4.799999999999999,,4.799999999999999,,7.200000000000002,,7.200000000000002,,1.9800000000000002,,1.9800000000000002,,2.759999999999999,,2.759999999999999,,6.23392777517438,,5.575127242133021,,8.122359113767743,,2.4157451037317514,,3.240643583238125,2.0489096641540527e-08,-0.0015682295779697597,0.008142886545101646,1.526939358562231,0.1776520013809204,0.8596668243408203,0.12239038944244385,-0.2057279795408249,0.07178447395563126,0.3729169964790344,0.022427108138799667,8192,0.1686570942401886,5.117560386657715,0.01220905315130949,27394048,31636,13376,836,-2.8420947,0.005047106524580158,0.0032643803613609636,-5.288642153143883,-17.645573,0.003538220766495215,0.0031398226477904246,-5.334477660059929,,,0.95,0.9,both,3.458597098220582,3.443796748476384,1.1405817037419863,0.0,-28.75236,2577.0235962124993,-2.8420947
168,1784894320.1444507,,5.28,,5.28,,4.799999999999999,,4.799999999999999,,7.200000000000002,,7.200000000000002,,1.9800000000000002,,1.9800000000000002,,2.759999999999999,,2.759999999999999,,5.416355395689607,,4.591400075703859,,7.250418147588789,,1.7667737137526274,,2.7761904149665497,1.862645149230957e-09,-0.007996698666829616,0.009897620606352575,1.5243846364319324,0.19595083594322205,0.8968523740768433,0.13602706789970398,0.03750118985772133,0.1779499053955078,0.37310051918029785,0.026658115908503532,8192,0.44737130403518677,4.360227584838867,0.043045684695243835,27557888,31798,13456,841,5.118535,0.005086642527749064,0.004051510216231691,-5.314070585370064,-28.732458,0.004385240068222629,0.002253206963359844,-5.337287133932113,,,0.95,0.9,both,3.761521347861097,3.954971594202371,0.6114621255241841,0.0,6.3213687,2521.2121599942266,5.118535
169,1784894384.288773,,5.28,,5.28,,4.799999999999999,,4.799999999999999,,7.200000000000002,,7.200000000000002,,1.9800000000000002,,1.9800000000000002,,2.759999999999999,,2.759999999999999,,4.3229071125388145,,3.8273090049624443,,6.215205188840628,,1.484722951427102,,2.269079675897956,2.7939677238464355e-09,0.0031336211832240224,0.0065578107905821525,1.5284078679978848,0.32330554723739624,0.9411771893501282,0.25232258439064026,0.061774082481861115,0.01387128233909607,0.41590285301208496,0.03241514042019844,8192,0.03303629904985428,3.623844861984253,0.021246865391731262,27721728,31967,13536,846,-2.2441907,0.004666924220509827,0.0036585826972441284,-5.316876807808876,-39.579697,0.007412504014791921,0.0008613905738457106,-5.352587315440178,,,0.95,0.9,both,3.6146714592715936,3.446671329128013,2.6887741060572994,0.0,-17.31101,2554.2404353803527,-2.2441907
170,1784894450.3783846,,5.28,,5.28,,4.799999999999999,,4.799999999999999,,7.200000000000002,,7.200000000000002,,1.9800000000000002,,1.9800000000000002,,2.759999999999999,,2.759999999999999,,5.408901343122125,,4.592670662503224,,6.93836659938097,,1.8835679057519883,,2.5703362147323787,-9.313225746154785e-09,-0.006421566882636398,0.03361501748440787,1.521475475281477,0.40598902106285095,0.9486236572265625,0.33793047070503235,-0.22480612993240356,0.32032766938209534,0.3071250021457672,0.029654409736394882,8192,0.513588547706604,4.278769016265869,0.09317220747470856,27885568,32130,13616,851,-21.432634,0.007182334255776368,0.0020517975208349526,-5.298520389199257,-17.058138,0.005937136469583493,0.002504390312242322,-5.341231673955917,,,0.95,0.9,both,3.0927602609303646,3.702831648590459,0.5622413281340168,0.0,-34.225197,2479.0579600825295,-21.432634
171,1784894517.3107145,,5.28,,5.28,,4.799999999999999,,4.799999999999999,,7.200000000000002,,7.200000000000002,,1.9800000000000002,,1.9800000000000002,,2.759999999999999,,2.759999999999999,,5.24669203045778,,4.521198928356171,,7.134095984627493,,1.808364088414237,,2.6660368556622416,-4.656612873077393e-10,-0.016221318022871856,0.012251587424543686,1.5280112586915493,0.18981371819972992,0.9413175582885742,0.152186319231987,0.03669349476695061,0.19494545459747314,0.3195565938949585,0.02633364498615265,8192,0.546747088432312,4.275277137756348,0.03236495330929756,28049408,32294,13696,856,-3.2303505,0.0054732068325392905,0.004043534850643482,-5.288374447822571,-19.303427,0.005278896600793814,0.0027644202134979425,-5.366092872619629,,,0.95,0.9,both,3.5258882219847565,3.8703587307448446,0.746588988403796,0.0,-6.3287263,2447.8458321162616,-3.2303505
172,1784894583.2456563,,5.28,,5.28,,4.799999999999999,,4.799999999999999,,7.200000000000002,,7.200000000000002,,1.9800000000000002,,1.9800000000000002,,2.759999999999999,,2.759999999999999,,5.484471911098808,,5.546091588796116,,7.960190931335092,,2.361395719461143,,2.972998392768204,-4.6566128730773926e-09,-0.0034512414131313562,0.006398229023034219,1.5251128748059273,0.15058957040309906,0.8369306921958923,0.062358707189559937,0.034645870327949524,0.10255877673625946,0.2290751338005066,0.021755743771791458,8192,0.34624457359313965,4.865029811859131,0.01928248256444931,28213248,32455,13776,861,4.4634705,0.00371010387170827,0.005479124859266449,-5.301559656858444,-30.72228,0.0033879310518386773,0.001813142519677058,-5.362069091200828,,,0.95,0.9,both,4.041479066606042,3.5374152825205982,0.7183651948384994,0.0,3.5202327,2484.8732909580317,4.4634705
173,1784894648.5182743,,5.28,,5.28,,4.799999999999999,,4.799999999999999,,7.200000000000002,,7.200000000000002,,1.9800000000000002,,1.9800000000000002,,2.759999999999999,,2.759999999999999,,5.322323518805206,,4.9190443366533145,,7.365696939639747,,1.942866978701204,,2.758865177129337,7.450580596923828e-09,-0.007118109363545955,0.018235345953144133,1.5281505696475506,0.08530237525701523,0.9543970823287964,0.05896535888314247,0.3084495961666107,0.2216683179140091,0.3791540265083313,0.022084936499595642,8192,0.5502416491508484,4.461759567260742,0.01790013536810875,28377088,32615,13856,866,-0.1404008,0.003308918776747305,0.002809336174686905,-5.3125306278467175,-12.776305,0.0030349248576385436,0.001565532941458514,-5.336262306571006,,,0.95,0.9,both,3.528460920138644,3.4606192316840008,0.7506277612030333,0.0,-35.27071,2510.087946594185,-0.1404008
174,1784894714.4171321,,5.28,,5.28,,4.799999999999999,,4.799999999999999,,7.200000000000002,,7.200000000000002,,1.9800000000000002,,1.9800000000000002,,2.759999999999999,,2.759999999999999,,5.543140824884176,,5.17785880016163,,7.595449034590274,,2.2277610641904175,,2.8562113870866597,-7.450580596923828e-09,-0.004982831213055761,0.06990965979639441,1.5378204509615898,0.23794156312942505,0.9512646198272705,0.1416042596101761,-0.18277491629123688,0.47281038761138916,0.24695304036140442,0.01927877776324749,8192,0.4974755644798279,4.680084228515625,0.012116489931941032,28540928,32775,13936,871,5.6800165,0.0038591337346588262,0.0043193708683247675,-5.372464936971665,-18.948858,0.0022868202402605677,0.0024675083535839804,-5.380227363109588,,,0.95,0.9,both,3.4621605766322245,3.7629218962098236,0.7135354277420767,0.0,-24.807133,2486.234167288507,5.6800165
175,1784894780.7215304,,5.28,,5.28,,4.799999999999999,,4.799999999999999,,7.200000000000002,,7.200000000000002,,1.9800000000000002,,1.9800000000000002,,2.759999999999999,,2.759999999999999,,4.541011185385287,,3.9349334947764874,,6.3044914826750755,,1.6081950044026598,,2.2806978579610586,-3.259629011154175e-09,-0.001601648225914687,0.005711483740014955,1.5492840595543385,0.1840638518333435,0.8861802220344543,0.11701756715774536,-0.07779150456190109,0.11862726509571075,0.31093689799308777,0.028562821447849274,8192,0.22599542140960693,3.7338662147521973,0.019370004534721375,28704768,32935,14016,876,4.880763,0.003099358609324554,0.0033952561439946293,-5.427977377176285,-14.045865,0.0021077587825857336,0.0019124396654660813,-5.390804708003998,,,0.95,0.9,both,3.776463863640825,4.1179517166308415,1.1014807487327967,0.0,-10.820722,2471.0278236880376,4.880763
176,1784894846.7516344,,5.28,,5.28,,4.799999999999999,,4.799999999999999,,7.200000000000002,,7.200000000000002,,1.9800000000000002,,1.9800000000000002,,2.759999999999999,,2.759999999999999,,4.798885426484048,,4.633217195980251,,6.833928799256682,,1.8334265768062323,,2.6699788561090827,1.862645149230957e-09,-0.0007360995223280042,0.013231066244770773,1.5503065325319767,0.08984334766864777,0.8257986903190613,0.05654911696910858,0.1675049513578415,0.19570916891098022,0.25381696224212646,0.02271139621734619,8192,0.4909442961215973,4.1538872718811035,0.019258396700024605,28868608,33095,14096,881,-2.7229202,0.005300876383262221,0.0017234988466952928,-5.456065034866333,-22.618446,0.00187387448931986,0.0017700552692986094,-5.40469979941845,,,0.95,0.9,both,2.7169782923820627,3.864419750577884,0.6997857724229497,0.0,-35.692688,2481.2923765071087,-2.7229202
177,1784894912.8990805,,5.28,,5.28,,4.799999999999999,,4.799999999999999,,7.200000000000002,,7.200000000000002,,1.9800000000000002,,1.9800000000000002,,2.759999999999999,,2.759999999999999,,5.495618256332818,,5.110851931385696,,7.454216866753995,,1.9920697752386332,,2.8400092211086303,8.381903171539307e-09,-0.003892877444741316,0.008081952604698017,1.5567079558968544,0.0822092741727829,0.8678278923034668,0.06293855607509613,0.11835753917694092,0.14012765884399414,0.19826951622962952,0.02128423936665058,8192,0.4632026255130768,4.578553199768066,0.016961991786956787,29032448,33255,14176,886,6.542379,0.004058159732085187,0.004243980500905309,-5.431710559129715,-28.093206,0.0014538972784066573,-0.000645967655145796,-5.420655560493469,,,0.95,0.9,both,3.7119556578396065,3.7495710961276933,0.5890272106240486,0.0,-3.5471656,2476.890729753302,6.542379
178,1784894979.3323195,,5.28,,5.28,,4.799999999999999,,4.799999999999999,,7.200000000000002,,7.200000000000002,,1.9800000000000002,,1.9800000000000002,,2.759999999999999,,2.759999999999999,,5.7247406812384725,,5.134250422473997,,7.394200604419893,,2.1264348376425914,,2.8259915753733367,-5.587935447692871e-09,-0.00427155033685267,0.021588820032775402,1.5683191381394863,0.3169289231300354,0.9044480323791504,0.2843175530433655,-0.03996051102876663,0.253766268491745,0.37925514578819275,0.014104806818068027,8192,0.4960841238498688,4.641123294830322,0.04910571500658989,29196288,33415,14256,891,6.4909225,0.003873094177106395,0.004852233795099891,-5.43756006360054,-14.233716,0.0049904793639143465,0.0033137908721982967,-5.4519166320562364,,,0.95,0.9,both,3.8650090937183483,3.3991382578016944,0.7497665448936279,0.0,-23.93947,2466.235411956757,6.4909225
179,1784895044.6512632,,5.28,,5.28,,4.799999999999999,,4.799999999999999,,7.200000000000002,,7.200000000000002,,1.9800000000000002,,1.9800000000000002,,2.759999999999999,,2.759999999999999,,5.202541616745293,,4.682805442251265,,7.142532385652885,,2.0441449189092964,,2.7687451390384012,2.7939677238464355e-09,-0.0001556964125484228,0.0165902218723204,1.5717102885246277,0.2731781005859375,0.8959657549858093,0.09237562119960785,0.16274993121623993,0.13994115591049194,0.31251072883605957,0.027546608820557594,8192,0.5513662695884705,4.368154048919678,0.027575965970754623,29360128,33575,14336,896,6.5334787,0.004050488115171902,0.005228916766645853,-5.4712562441825865,-26.299597,0.004049610898800893,0.0021522831993934233,-5.465806540846825,,,0.95,0.9,both,3.8404682787580207,3.6556203452013873,0.697121644000402,0.0,-23.794113,2508.3073101566993,6.5334787
180,1784895110.1494823,,5.28,,5.28,,4.799999999999999,,4.799999999999999,,7.200000000000002,,7.200000000000002,,1.9800000000000002,,1.9800000000000002,,2.759999999999999,,2.759999999999999,,6.25511734187603,,5.77052890136838,,8.161158222705126,,2.456522883847356,,3.2467226050794125,0.0,0.00182178127579391,0.0011589177454425226,1.57320661470294,0.09608463197946548,0.9190298318862915,0.07178930938243866,-0.013147961348295212,0.014979095198214054,0.1838880181312561,0.01552422996610403,8192,0.0519389808177948,5.178009986877441,0.010016564279794693,29523968,33737,14416,901,6.900862,0.003788490793158417,0.004356115453992971,-5.502295342087746,-23.99285,0.0028109755610785216,0.00313375605874171,-5.4742477387189865,,,0.95,0.9,both,3.8916354350484625,3.643262559610149,2.3854654456437547,0.0,6.8095694,2501.44208055813,6.900862
181,1784895175.4589188,,5.28,,5.28,,4.799999999999999,,4.799999999999999,,7.200000000000002,,7.200000000000002,,1.9800000000000002,,1.9800000000000002,,2.759999999999999,,2.759999999999999,,6.2492619678378105,,5.76108106598258,,8.122178137302399,,2.427283769939095,,3.214916452765465,2.7939677238464355e-09,-0.0015486459360545268,0.0009942190363290138,1.5783370472490788,0.09241468459367752,0.9388931393623352,0.08879822492599487,0.0374976322054863,0.012327643111348152,0.14746955037117004,0.016363302245736122,8192,0.09103254973888397,5.15494441986084,0.009669966995716095,29687808,33897,14496,906,6.347944,0.004571270589076448,0.004332069799420424,-5.526471978425979,-25.847301,0.0020123823222093053,0.002991071663564071,-5.50396880209446,,,0.95,0.9,both,3.939883271210573,3.5548916291020474,1.191424054778422,0.0,-39.46006,2508.6730626705894,6.347944
182,1784895240.8037636,,5.28,,5.28,,4.799999999999999,,4.799999999999999,,7.200000000000002,,7.200000000000002,,1.9800000000000002,,1.9800000000000002,,2.759999999999999,,2.759999999999999,,5.953771301574307,,5.439463316928595,,7.772676472552121,,2.2099936378654093,,3.063674113713205,-1.862645149230957e-09,-0.0028281114500714466,0.0016687293255017721,1.5798327811062336,0.18894614279270172,0.8984752297401428,0.11076013743877411,-0.010360810905694962,0.06960257142782211,0.23187343776226044,0.019447632133960724,8192,0.4084978699684143,4.88791561126709,0.011048097163438797,29851648,34058,14576,911,-11.195883,0.006663028438197216,0.001190216955728829,-5.5745471745729445,-16.307535,0.00414603393728612,0.0043282743099553045,-5.5248874723911285,,,0.95,0.9,both,3.2063305925789862,3.7794158450148307,0.7382327110422028,0.0,-14.085195,2507.3129162111563,-11.195883
183,1784895307.5676699,,5.28,,5.28,,4.799999999999999,,4.799999999999999,,7.200000000000002,,7.200000000000002,,1.9800000000000002,,1.9800000000000002,,2.759999999999999,,2.759999999999999,,6.23791129142046,,5.729652561247349,,8.138347525149584,,2.448722653090954,,3.211820513010025,-3.725290298461914e-09,0.001772915362380445,0.003781117962716962,1.5906872525811195,0.19118209183216095,0.9709982872009277,0.13900764286518097,-0.2749791145324707,0.084125816822052,0.26224982738494873,0.01618046686053276,8192,0.07737494260072708,5.15329122543335,0.03735988587141037,30015488,34219,14656,916,-2.7892346,0.004602754615189042,0.002910775841883151,-5.549886167049408,-10.590841,0.0037560101300186943,0.0027222517834161407,-5.523953554034233,,,0.95,0.9,both,3.2890025768808426,3.700070938630091,1.526606247744059,0.0,-6.0032334,2454.020706846978,-2.7892346
184,1784895374.061592,,5.28,,5.28,,4.799999999999999,,4.799999999999999,,7.200000000000002,,7.200000000000002,,1.9800000000000002,,1.9800000000000002,,2.759999999999999,,2.759999999999999,,4.342286456376314,,3.9040466137230396,,6.231493331491947,,1.566302671097219,,2.268500054255128,4.190951585769653e-09,0.00012188084656372666,0.004830131088965572,1.5975214578211308,0.2656424343585968,0.8616758584976196,0.17264574766159058,-0.13673315942287445,0.10323832184076309,0.4302600026130676,0.02974752150475979,8192,0.12812086939811707,3.6625258922576904,0.030326025560498238,30179328,34379,14736,921,-3.1854842,0.005451142026868183,0.0024966469696664716,-5.52407309114933,-22.152119,0.005078722986945649,0.0009173469901725184,-5.5309395611286165,,,0.95,0.9,both,3.3543843509212623,3.5709431209818923,1.57464678770708,0.0,-36.73583,2463.9848767146386,-3.1854842
185,1784895441.1654139,,5.28,,5.28,,4.799999999999999,,4.799999999999999,,7.200000000000002,,7.200000000000002,,1.9800000000000002,,1.9800000000000002,,2.759999999999999,,2.759999999999999,,4.312429469078779,,3.9468207843601704,,6.333458674605936,,1.5199966449290514,,2.3239893382415175,-2.7939677238464355e-09,0.0017215810366906226,0.006863728924145107,1.6068108677864075,0.08162601292133331,0.8511200547218323,0.09566567838191986,0.05725494772195816,0.1454935371875763,0.31258678436279297,0.025574933737516403,8192,0.1883484572172165,3.6873390674591064,0.02265017107129097,30343168,34539,14816,926,5.4976783,0.003948964066512417,0.004056544121704064,-5.523429182171822,-8.910515,0.004324852773424937,0.0020413716571056283,-5.541645333170891,,,0.95,0.9,both,3.625799787366104,3.907063465664983,1.420162390435908,0.0,-3.6603656,2441.591683713825,5.4976783
186,1784895508.908374,,5.28,,5.28,,4.799999999999999,,4.799999999999999,,7.200000000000002,,7.200000000000002,,1.9800000000000002,,1.9800000000000002,,2.759999999999999,,2.759999999999999,,4.313754521310329,,3.910968143492937,,6.273562151938677,,1.503258996643126,,2.302008262835443,0.0,0.0009206881077261642,0.004299359647120582,1.6074238270521164,0.07261800020933151,0.9514203667640686,0.05976465344429016,0.27816128730773926,0.11656620353460312,0.31034472584724426,0.036933187395334244,8192,0.13552162051200867,3.660710573196411,0.020509306341409683,30507008,34699,14896,931,-5.239431,0.005164264325867407,0.005118256900459528,-5.490438669919968,-7.9618278,0.003159462054463802,0.002038761669246014,-5.538272649049759,,,0.95,0.9,both,3.8203937267888874,4.125461817372047,1.2242471590196196,0.0,-14.8706665,2418.5516101297767,-5.239431
187,1784895574.2760682,,5.28,,5.28,,4.799999999999999,,4.799999999999999,,7.200000000000002,,7.200000000000002,,1.9800000000000002,,1.9800000000000002,,2.759999999999999,,2.759999999999999,,6.267147373408079,,5.789774693548679,,8.172446504235268,,2.47464806959033,,3.2443344742059708,9.313225746154785e-09,0.0007139322406146675,0.0008178780258276674,1.5998106375336647,0.06779585778713226,0.9225525259971619,0.0625772774219513,0.10833144932985306,0.015099608339369297,0.1272362321615219,0.016719263046979904,8192,0.034487396478652954,5.189670085906982,0.01615802012383938,30670848,34860,14976,936,-3.2631364,0.005814980055583873,0.0032526283044717274,-5.460806432366371,-26.687561,0.0031931655321386643,0.0030591748414735775,-5.484501308202743,,,0.95,0.9,both,3.80883834524043,3.9690215297599267,1.777057750009422,0.0,-42.432076,2506.4368941530533,-3.2631364
188,1784895640.6085398,,5.28,,5.28,,4.799999999999999,,4.799999999999999,,7.200000000000002,,7.200000000000002,,1.9800000000000002,,1.9800000000000002,,2.759999999999999,,2.759999999999999,,4.470752706751227,,4.093878711340949,,6.426728787497268,,1.5964507359312847,,2.353123971261084,3.725290298461914e-09,-0.007653072510947823,0.02221227256814018,1.589896097779274,0.3088207244873047,0.7599046230316162,0.194954514503479,-0.0940583273768425,0.26642754673957825,0.3303435742855072,0.04196241870522499,8192,0.2465912401676178,3.788187026977539,0.08998944610357285,30834688,35020,15056,941,5.3250856,0.005400357083999552,0.005059985256229993,-5.463737320899964,-24.57169,0.004359343397663906,0.0019371630500245375,-5.508148282766342,,,0.95,0.9,both,4.2623902596592815,4.401038005373918,0.7743381422262825,0.0,-24.635021,2469.981803212011,5.3250856
189,1784895707.3500063,,5.28,,5.28,,4.799999999999999,,4.799999999999999,,7.200000000000002,,7.200000000000002,,1.9800000000000002,,1.9800000000000002,,2.759999999999999,,2.759999999999999,,4.326623056083918,,4.009282844141126,,6.276614587754011,,1.4997103717178106,,2.2724380884319544,-4.656612873077393e-10,0.0018881137948483229,0.002376957709202543,1.589810136705637,0.26855406165122986,0.8224045634269714,0.21922191977500916,0.01769435405731201,0.0722423568367958,0.5020851492881775,0.02949577011168003,8192,0.13632163405418396,3.676934003829956,0.0659804567694664,30998528,35180,15136,946,5.779969,0.0048686400143196805,0.0017405576349119657,-5.497624093294144,-14.950239,0.004401796977617778,0.001366565452190116,-5.509725672006607,,,0.95,0.9,both,3.0949611195565505,4.234347928308626,1.6602992931584377,0.0,-0.3640608,2454.845992273582,5.779969
190,1784895774.5658128,,5.28,,5.28,,4.799999999999999,,4.799999999999999,,7.200000000000002,,7.200000000000002,,1.9800000000000002,,1.9800000000000002,,2.759999999999999,,2.759999999999999,,5.566138632595539,,5.180972495116293,,7.3089605192653835,,2.0119164412026294,,2.8961630589255947,-1.3969838619232178e-08,-0.0021396411466412246,0.014475161791779101,1.5948034264147282,0.10272831469774246,0.8099574446678162,0.09263487160205841,0.09393098205327988,0.214878112077713,0.2768332362174988,0.01808241382241249,8192,0.4799357056617737,4.592830181121826,0.019650377333164215,31162368,35340,15216,951,6.3413534,0.004831365463905968,0.0034448652892024255,-5.477753245830536,-22.072226,0.0033213838389201554,0.0035860951989889144,-5.539197188615799,,,0.95,0.9,both,3.410736286420452,4.2097689040781825,0.6655424417502092,0.0,-10.192889,2437.5216866667697,6.3413534
191,1784895841.7672322,,5.28,,5.28,,4.799999999999999,,4.799999999999999,,7.200000000000002,,7.200000000000002,,1.9800000000000002,,1.9800000000000002,,2.759999999999999,,2.759999999999999,,4.3140825890004635,,3.812509924173355,,6.218091905117035,,1.558461886830628,,2.2727668192237616,-5.820766091346741e-11,0.0009195846505463123,0.0014266489997680765,1.5892045050859451,0.2291492074728012,0.7383767366409302,0.21438106894493103,-0.009238150902092457,0.007113902363926172,0.4313795268535614,0.03259758651256561,8192,0.05612228438258171,3.6351828575134277,0.10833732783794403,31326208,35502,15296,956,3.7118144,0.004571723648405168,0.003858672166825272,-5.453498619794845,-19.115803,0.006432496658089803,0.0013037841956247576,-5.51251779794693,,,0.95,0.9,both,3.5861541015958585,4.559338704403721,1.1882113362798914,0.0,-6.773038,2438.0436710773943,3.7118144
192,1784895908.2442088,,5.28,,5.28,,4.799999999999999,,4.799999999999999,,7.200000000000002,,7.200000000000002,,1.9800000000000002,,1.9800000000000002,,2.759999999999999,,2.759999999999999,,4.866276550106704,,4.187577322125435,,6.711328314151615,,1.744934300892055,,2.6003215060336515,9.313225746154785e-10,-0.006597044179216027,0.009908192878356203,1.5944232679903507,0.18426761031150818,0.9312224984169006,0.1448816955089569,0.032297320663928986,0.17626462876796722,0.3268597722053528,0.02046418935060501,8192,0.4484458565711975,4.022088050842285,0.0274808369576931,31490048,35662,15376,961,5.0177164,0.0031572532112477346,0.004021706475759857,-5.450906413793564,-38.30356,0.0050549756175314545,0.0003701665322296321,-5.480646640062332,,,0.95,0.9,both,3.618086948624563,3.5383401644907493,0.6151648685141222,0.0,-22.13603,2464.6127361144977,5.0177164
193,1784895975.2748559,,5.28,,5.28,,4.799999999999999,,4.799999999999999,,7.200000000000002,,7.200000000000002,,1.9800000000000002,,1.9800000000000002,,2.759999999999999,,2.759999999999999,,6.220550283789635,,5.7516696229577065,,8.07946224231273,,2.467513643205166,,3.253061592578888,-1.862645149230957e-09,0.0009745902061695233,0.0006916685606483952,1.6006939932703972,0.09093841165304184,0.8099712133407593,0.04305429756641388,-0.24005302786827087,0.04669186845421791,0.1741991639137268,0.013371774926781654,8192,0.10604371130466461,5.1544508934021,0.027027545496821404,31653888,35823,15456,966,5.82642,0.0031811583357921336,0.002359113800775958,-5.459229210019112,-18.821236,0.0017656701478699689,0.0027254400876699945,-5.489345300197601,,,0.95,0.9,both,3.566370498895618,3.879522251968626,1.3725657159890043,0.0,-29.42298,2444.2552789470906,5.82642
194,1784896041.7022662,,5.28,,5.28,,4.799999999999999,,4.799999999999999,,7.200000000000002,,7.200000000000002,,1.9800000000000002,,1.9800000000000002,,2.759999999999999,,2.759999999999999,,4.509899418801069,,3.8768817456439137,,6.434271581936628,,1.5597247472032905,,2.3165539102628827,-1.862645149230957e-09,-0.004609392111888155,0.007664012176974211,1.5964752659201622,0.072206050157547,0.9028638601303101,0.0466938242316246,-0.10627582669258118,0.14015114307403564,0.31334632635116577,0.028865143656730652,8192,0.2717413902282715,3.739466428756714,0.014148937538266182,31817728,35983,15536,971,-11.993021,0.005455724829516839,0.001973474450642243,-5.516422706842422,-7.5291758,0.002691994317865465,-0.001484177794191055,-5.51588263809681,,,0.95,0.9,both,4.112951928605459,4.085244082371648,1.4715170162622178,0.0,-19.829784,2466.451434286387,-11.993021
195,1784896108.7843673,,5.28,,5.28,,4.799999999999999,,4.799999999999999,,7.200000000000002,,7.200000000000002,,1.9800000000000002,,1.9800000000000002,,2.759999999999999,,2.759999999999999,,5.809411608148366,,5.438067301816773,,7.472147980704904,,1.9732493218034506,,2.902603863971308,3.725290298461914e-09,0.0006353286298690364,0.01703091594390571,1.5988720543682575,0.06599283963441849,0.8982720375061035,0.047982193529605865,-0.1703355759382248,0.23001854121685028,0.22217075526714325,0.02191026695072651,8192,0.480182945728302,4.7190961837768555,0.0190767589956522,31981568,36143,15616,976,-2.062035,0.005515010660747066,0.003516838238283526,-5.556351566314698,-26.321613,0.0016968089792499085,0.0030895018193405122,-5.567552489042282,,,0.95,0.9,both,3.2298294778122063,4.365727429333232,0.7147180498566497,0.0,-2.1608596,2442.3805500362555,-2.062035
196,1784896175.3337524,,5.28,,5.28,,4.799999999999999,,4.799999999999999,,7.200000000000002,,7.200000000000002,,1.9800000000000002,,1.9800000000000002,,2.759999999999999,,2.759999999999999,,4.884066037833691,,4.307856841944158,,7.236375981010497,,1.7914868677034974,,2.679887688253075,-2.7939677238464355e-09,-0.0034498094173613936,0.007076068170135841,1.5960506312549114,0.41112929582595825,0.8452316522598267,0.35075250267982483,0.14610829949378967,0.1347016990184784,0.344963401556015,0.025887493044137955,8192,0.489854633808136,4.179934501647949,0.059316668659448624,32145408,36303,15696,981,-1.41791,0.006077991172787733,0.0026939618903270455,-5.526893410086632,-23.596973,0.011174427124205976,0.003920149027544539,-5.562779596447944,,,0.95,0.9,both,3.546102956298293,4.163793877012943,0.5535604125476388,0.0,1.9979374,2461.9308304329056,-1.41791
197,1784896240.6614046,,5.28,,5.28,,4.799999999999999,,4.799999999999999,,7.200000000000002,,7.200000000000002,,1.9800000000000002,,1.9800000000000002,,2.759999999999999,,2.759999999999999,,6.2727474346756935,,5.7894544415175915,,8.190802127122879,,2.475088134407997,,3.2404082100838423,1.862645149230957e-09,0.003279090229625581,0.0006075849752278373,1.5967653878033161,0.16705644130706787,0.9222887754440308,0.09350930154323578,0.18683384358882904,0.0027931565418839455,0.2673772871494293,0.025470612570643425,8192,0.020808715373277664,5.193699836730957,0.015508745796978474,32309248,36463,15776,986,-10.357645,0.005645851551525994,0.004631097151286667,-5.5373878389596936,-27.579168,0.0033592938343645073,0.002081113230087794,-5.559291785955429,,,0.95,0.9,both,3.8041569680592433,3.7555028222906137,1.8267948766853825,0.0,-22.02051,2507.973159059503,-10.357645
198,1784896306.296223,,5.28,,5.28,,4.799999999999999,,4.799999999999999,,7.200000000000002,,7.200000000000002,,1.9800000000000002,,1.9800000000000002,,2.759999999999999,,2.759999999999999,,6.101657536346465,,5.561918603256345,,8.122636187821627,,2.4416657146066427,,3.214353984221816,-6.51925802230835e-09,0.00022180596715770662,0.004414104558236431,1.5946046113967896,0.07869111746549606,0.9635019898414612,0.05896276608109474,-0.12620119750499725,0.10575127601623535,0.21326932311058044,0.025873854756355286,8192,0.2058018445968628,5.088446140289307,0.011311201378703117,32473088,36625,15856,991,-1.8754227,0.004294080082763685,0.0035823838188662194,-5.573819622397423,-20.99095,0.0034680038355872967,0.00351966813323088,-5.572797599434852,,,0.95,0.9,both,3.5934310280803827,3.587562811078024,1.2085441155232184,0.0,-12.029568,2496.2362687228765,-1.8754227
199,1784896372.20381,,5.28,,5.28,,4.799999999999999,,4.799999999999999,,7.200000000000002,,7.200000000000002,,1.9800000000000002,,1.9800000000000002,,2.759999999999999,,2.759999999999999,,5.5016483168292325,,4.9258054764941335,,7.438768102787435,,2.0603175503201783,,2.693400106858462,0.0,-0.01598004758125171,0.01729936638730578,1.596521444618702,0.10182546824216843,0.9140685796737671,0.11735508590936661,-0.012722844257950783,0.23440183699131012,0.19149896502494812,0.0300197284668684,8192,0.5647231936454773,4.523987770080566,0.010901428759098053,32636928,36787,15936,996,7.0602937,0.0052605252094508614,0.00370195596042322,-5.606532773375511,-42.148003,0.0016123492550832452,0.002062446245690808,-5.575322017073631,,,0.95,0.9,both,3.908072915025829,3.867129791499228,0.7291669003652675,0.0,-12.301144,2485.9052810128965,7.0602937
200,1784896439.5083697,,5.28,,5.28,,4.799999999999999,,4.799999999999999,,7.200000000000002,,7.200000000000002,,1.9800000000000002,,1.9800000000000002,,2.759999999999999,,2.759999999999999,,6.091947879671352,,5.667517580091953,,8.124137334525585,,2.386937561328523,,3.1694396225502715,-1.4901161193847656e-08,-0.002218476904090494,0.0051120346106472425,1.5974156521260738,0.12085571885108948,0.9638456702232361,0.09911592304706573,-0.33460140228271484,0.10492170602083206,0.1799323558807373,0.026744645088911057,8192,0.21571941673755646,5.087996482849121,0.013921305537223816,32800768,36950,16016,1001,-9.85742,0.011179895981331355,0.003161416435614228,-5.629835557937622,-35.69884,0.00710183024420985,0.005327903102443088,-5.608239129185677,,,0.95,0.9,both,3.58429218728793,3.592256618790819,1.1264743185202293,0.0,-38.773277,2434.309292514837,-9.85742
201,1784896504.0932508,,5.28,,5.28,,4.799999999999999,,4.799999999999999,,7.200000000000002,,7.200000000000002,,1.9800000000000002,,1.9800000000000002,,2.759999999999999,,2.759999999999999,,5.112257732078433,,4.707001269445755,,7.001878211449366,,1.9822893355485576,,2.6640737103298306,-3.725290298461914e-09,-0.010438281824463047,0.005764382804045454,1.6126230731606483,0.12942680716514587,0.8827781677246094,0.09260288625955582,0.13529257476329803,0.13270211219787598,0.19269511103630066,0.032875850796699524,8192,0.5103926062583923,4.293499946594238,0.01363581232726574,32964608,37113,16096,1006,7.3363066,0.004250240240071435,0.004104568454931723,-5.634132868051529,-19.90533,0.0024719124048715457,0.002513735137472395,-5.623020273447037,,,0.95,0.9,both,3.8309904502919254,3.8506955800234577,0.5629169921578776,0.0,-37.832508,2536.814239887891,7.3363066
202,1784896570.3803651,,5.28,,5.28,,4.799999999999999,,4.799999999999999,,7.200000000000002,,7.200000000000002,,1.9800000000000002,,1.9800000000000002,,2.759999999999999,,2.759999999999999,,4.343329299241304,,3.8283011838793755,,6.291758481413126,,1.5241528125479817,,2.290289022028446,0.0,0.001259341777767986,0.001974231568055984,1.6214777529239655,0.261170893907547,0.9737371206283569,0.1842799037694931,0.008433148264884949,0.07425472885370255,0.4548571705818176,0.04177806153893471,8192,0.11765170097351074,3.655566453933716,0.06851092725992203,33128448,37279,16176,1011,-1.0585835,0.004929500798607478,0.0030392650369321927,-5.634601277112961,-32.17431,0.01530529604642652,0.0013093072077026591,-5.64021627008915,,,0.95,0.9,both,3.7712396276506652,4.266352738493726,1.3740017210633586,0.0,-19.392282,2471.671908851005,-1.0585835
203,1784896635.214395,,5.28,,5.28,,4.799999999999999,,4.799999999999999,,7.200000000000002,,7.200000000000002,,1.9800000000000002,,1.9800000000000002,,2.759999999999999,,2.759999999999999,,5.411191798280925,,5.135056904749945,,7.470811118371785,,2.131495302077383,,2.9156755374278873,-7.450580596923828e-09,-0.00034888124355347827,0.01575149172276724,1.6255671754479408,0.2881770133972168,0.8392528891563416,0.14327959716320038,0.07866644859313965,0.20902122557163239,0.3089222013950348,0.03579088672995567,8192,0.5441271662712097,4.612846374511719,0.029126713052392006,33292288,37445,16256,1016,7.307865,0.005021193703578319,0.0035055203370575327,-5.634280553460121,-21.985971,0.003261831626514322,0.004144120919227135,-5.607873791456223,,,0.95,0.9,both,3.8600016231790333,3.9690614890686007,0.9352855299540139,0.0,-16.960339,2527.0681352986535,7.307865
204,1784896699.2747252,,5.28,,5.28,,4.799999999999999,,4.799999999999999,,7.200000000000002,,7.200000000000002,,1.9800000000000002,,1.9800000000000002,,2.759999999999999,,2.759999999999999,,5.233292738907039,,5.239723630715162,,7.168235247954726,,2.1366946519119665,,2.8547709860140458,1.862645149230957e-09,-0.00045489310286939144,0.008335361941135488,1.6302133426070213,0.1254417598247528,0.9668096303939819,0.08346378803253174,-0.14259593188762665,0.16294673085212708,0.29457294940948486,0.025940191000699997,8192,0.5341089963912964,4.526543617248535,0.03149259090423584,33456128,37608,16336,1021,7.0534334,0.004402485951140988,0.004398305789072765,-5.5914742082357405,-17.872442,0.0057062941166805105,0.0023234399865032173,-5.628131139278412,,,0.95,0.9,both,3.577635011941209,3.993113677639788,0.5089410279398153,0.0,-54.812267,2557.5889057503523,7.0534334
205,1784896765.6430557,,5.28,,5.28,,4.799999999999999,,4.799999999999999,,7.200000000000002,,7.200000000000002,,1.9800000000000002,,1.9800000000000002,,2.759999999999999,,2.759999999999999,,4.384979146067053,,3.8354894518852234,,6.3566269665025175,,1.5176372854039073,,2.2909723529592156,0.0,-0.00115496522050762,0.0047114171411521966,1.6307534202933311,0.1404149830341339,0.8908615112304688,0.16356080770492554,0.050840262323617935,0.06561313569545746,0.45985591411590576,0.04620180279016495,8192,0.15323315560817719,3.677140712738037,0.029163124039769173,33619968,37771,16416,1026,7.8392916,0.004069391365192132,0.0025800793824600986,-5.583826866745949,-21.341763,0.005877383920596913,0.002114725804858608,-5.618299549818039,,,0.95,0.9,both,3.529554935834777,3.696235444476366,1.6929925417530256,0.0,-4.694504,2468.6474323739785,7.8392916
206,1784896832.4314976,,5.28,,5.28,,4.799999999999999,,4.799999999999999,,7.200000000000002,,7.200000000000002,,1.9800000000000002,,1.9800000000000002,,2.759999999999999,,2.759999999999999,,6.1995294112712145,,5.6803278382867575,,8.020350221544504,,2.4024220034480095,,3.2203335352241993,-1.862645149230957e-09,-0.0002558185806265101,0.004209015256492421,1.6350479871034622,0.07208973914384842,0.8751818537712097,0.0664963498711586,-0.03754444420337677,0.0911015197634697,0.2732483446598053,0.02551109530031681,8192,0.20621713995933533,5.104592800140381,0.013718655332922935,33783808,37931,16496,1031,6.993847,0.0038985515690001193,0.002358687606465537,-5.59957894384861,-16.147467,0.0032589541799097786,0.002575878366042161,-5.623640820384026,,,0.95,0.9,both,3.487214648083163,3.940645248600758,0.8754233589733491,0.0,-10.498621,2453.118998455702,6.993847
207,1784896898.437073,,5.28,,5.28,,4.799999999999999,,4.799999999999999,,7.200000000000002,,7.200000000000002,,1.9800000000000002,,1.9800000000000002,,2.759999999999999,,2.759999999999999,,6.195109970867634,,5.564381876029074,,7.9629387548193336,,2.3780556175042875,,3.1902918899431825,-3.725290298461914e-09,-0.0012252710876055062,0.000984068739853683,1.6393834054470062,0.22238649427890778,0.8412902355194092,0.1581396758556366,0.13922016322612762,0.052326034754514694,0.2481139898300171,0.027891986072063446,8192,0.2660784125328064,5.058155536651611,0.013716645538806915,33947648,38091,16576,1036,6.9947114,0.0046235945155785885,0.003320550741045736,-5.600839102268219,-24.10342,0.004523644599248655,0.0027295003572362477,-5.594029697775841,,,0.95,0.9,both,3.56363032034521,3.7940940122422946,0.9668907411281918,0.0,-37.741753,2482.2156403315203,6.9947114
208,1784896963.6897955,,5.28,,5.28,,4.799999999999999,,4.799999999999999,,7.200000000000002,,7.200000000000002,,1.9800000000000002,,1.9800000000000002,,2.759999999999999,,2.759999999999999,,4.320583749562502,,3.859260529279709,,6.332780048483983,,1.5066841412335634,,2.2873779935762286,1.862645149230957e-09,0.0006167618439576472,0.002246007203211775,1.64646465331316,0.2057703137397766,0.9181064367294312,0.1456926167011261,-0.08535024523735046,0.08453603833913803,0.23085761070251465,0.037609465420246124,8192,0.11295641958713531,3.661337375640869,0.009204650297760963,34111488,38251,16656,1041,6.99589,0.0043787923306808805,0.0053758778245537545,-5.574818754196167,-32.7552,0.004397713087382726,0.0005833510804222897,-5.535710841417313,,,0.95,0.9,both,3.84798183485389,3.722505466363084,1.1548993508826322,0.0,-22.53865,2510.852168501406,6.99589
209,1784897029.5408373,,5.28,,5.28,,4.799999999999999,,4.799999999999999,,7.200000000000002,,7.200000000000002,,1.9800000000000002,,1.9800000000000002,,2.759999999999999,,2.759999999999999,,6.2076055482029915,,5.648123186081648,,8.178978234529495,,2.4130050360690802,,3.169332561083138,9.313225746154785e-10,0.002424307371256873,0.00036503390765574295,1.6599645763635635,0.0969701036810875,0.8949873447418213,0.053101833909749985,0.012236038222908974,0.032309286296367645,0.25164762139320374,0.022835031151771545,8192,0.14643386006355286,5.123408794403076,0.013019772246479988,34275328,38412,16736,1046,6.562445,0.004065513007662958,0.0049172154202096864,-5.589034000039101,-27.545696,0.003840809026587522,0.003213417589722667,-5.564188000559807,,,0.95,0.9,both,4.0328494831254265,3.731180047603145,1.2975247481833925,0.0,-40.408962,2488.0396108708774,6.562445
210,1784897096.2561014,,5.28,,5.28,,4.799999999999999,,4.799999999999999,,7.200000000000002,,7.200000000000002,,1.9800000000000002,,1.9800000000000002,,2.759999999999999,,2.759999999999999,,4.347826220095158,,3.9412532187998295,,6.252465199679136,,1.5085573736578226,,2.297338332980871,9.313225746154785e-09,0.0027421486447565258,0.004355483564722817,1.6589541584253311,0.07108697295188904,0.9245532155036926,0.05370112508535385,0.1966807097196579,0.04850297048687935,0.4935373365879059,0.030810540542006493,8192,0.16163158416748047,3.6694881916046143,0.01771393045783043,34439168,38572,16816,1051,6.683834,0.0042495122259424535,0.0029917353866039777,-5.576003116369248,-1.4800764,0.003950111216545338,0.0012488909138482994,-5.585191935300827,,,0.95,0.9,both,3.452310084951719,3.891034915649601,1.3943353131685579,0.0,-10.61186,2455.809691993664,6.683834
211,1784897162.892827,,5.28,,5.28,,4.799999999999999,,4.799999999999999,,7.200000000000002,,7.200000000000002,,1.9800000000000002,,1.9800000000000002,,2.759999999999999,,2.759999999999999,,4.390005003660917,,3.879663873463869,,6.600164853036404,,1.5685209948569536,,2.3194330977275963,1.862645149230957e-09,-2.463068813085556e-05,0.0033388695046596695,1.6490948051214218,0.21071839332580566,0.7941449284553528,0.14848919212818146,-0.07415363937616348,0.10325441509485245,0.3493349254131317,0.027631154283881187,8192,0.25287652015686035,3.7515575885772705,0.019777176901698112,34603008,38732,16896,1056,-1.7882305,0.007321555800444912,0.003159002993197646,-5.596156513690948,-14.9126,0.0060912044224096466,0.0008673899959831033,-5.608441814780235,,,0.95,0.9,both,3.5870770087341883,3.605568125933594,1.3309119802675469,0.0,-9.144836,2458.704110806806,-1.7882305
212,1784897227.6232865,,5.28,,5.28,,4.799999999999999,,4.799999999999999,,7.200000000000002,,7.200000000000002,,1.9800000000000002,,1.9800000000000002,,2.759999999999999,,2.759999999999999,,5.017375256633386,,4.421591660007834,,6.67712490062695,,1.6576520530506968,,2.5725954100489616,-9.313225746154785e-10,-0.008021253248443827,0.00896092178300023,1.6599210947752,0.10217273980379105,0.9394345879554749,0.08460652083158493,-0.017482612282037735,0.1653844267129898,0.3240665793418884,0.026516301557421684,8192,0.4919673502445221,4.069268226623535,0.018502045422792435,34766848,38892,16976,1061,7.010253,0.004748814085905906,0.004553253897756804,-5.620200255513192,-7.2028937,0.00549282604479231,0.0032299054939358028,-5.592318123579025,,,0.95,0.9,both,3.9183497705349692,3.994454467895052,0.5120178777876634,0.0,-29.145706,2531.1113269735856,7.010253
213,1784897294.4876053,,5.28,,5.28,,4.799999999999999,,4.799999999999999,,7.200000000000002,,7.200000000000002,,1.9800000000000002,,1.9800000000000002,,2.759999999999999,,2.759999999999999,,5.7218160685151815,,5.045547904912382,,7.817810315755196,,2.138351355679333,,2.962940078228712,8.381903171539307e-09,-0.006414005416445434,0.014269209816120565,1.6618523970246315,0.1915169358253479,0.8693655729293823,0.10502289980649948,0.08655983954668045,0.2108248919248581,0.256872296333313,0.018503280356526375,8192,0.4745628833770752,4.737292766571045,0.027546130120754242,34930688,39052,17056,1066,7.3149137,0.004391045201191446,0.005133985431166365,-5.671702638268471,-24.0447,0.002810840255551739,0.004042842288617976,-5.639821863174438,,,0.95,0.9,both,3.9933831192877336,4.4067137567269485,0.6068344482379406,0.0,-4.821315,2450.3357707654436,7.3149137
214,1784897360.9938142,,5.28,,5.28,,4.799999999999999,,4.799999999999999,,7.200000000000002,,7.200000000000002,,1.9800000000000002,,1.9800000000000002,,2.759999999999999,,2.759999999999999,,5.848438253626227,,5.244870636612177,,7.695989647181705,,2.2752321120351553,,2.8858004770008847,1.862645149230957e-09,-0.011090191081166267,0.011919464268430602,1.663460984826088,0.0543176606297493,0.9756876826286316,0.03692106530070305,0.031047504395246506,0.194558784365654,0.1771537959575653,0.019855502992868423,8192,0.501490592956543,4.790065765380859,0.01139850914478302,35094528,39214,17136,1071,7.3403406,0.004686227336060255,0.004323458709404804,-5.6773153126239775,-13.978269,0.0027840478614962194,0.002924527000868693,-5.663725516200065,,,0.95,0.9,both,4.111980435442005,3.9030854440234193,0.544257876713822,0.0,6.9435897,2463.529045008952,7.3403406
215,1784897428.3256156,,5.28,,5.28,,4.799999999999999,,4.799999999999999,,7.200000000000002,,7.200000000000002,,1.9800000000000002,,1.9800000000000002,,2.759999999999999,,2.759999999999999,,5.071298560127616,,4.5487974039278924,,6.832382133463398,,1.9471846390515566,,2.6964826046023513,-2.3283064365386963e-09,-0.00626584052806578,0.011029744651750661,1.6672896221280098,0.05477715656161308,0.8019801378250122,0.041877295821905136,-0.07077112793922424,0.1864701360464096,0.29717597365379333,0.0236348956823349,8192,0.5520484447479248,4.219229221343994,0.009233715943992138,35258368,39374,17216,1076,7.107456,0.004268404222966637,0.005020969780161977,-5.699230417609215,-3.914369,0.003410856125265127,0.002304476816789247,-5.693215215206147,,,0.95,0.9,both,3.730712388846899,3.948213982437255,0.4552257138185367,0.0,-4.735736,2433.322608353376,7.107456
216,1784897495.005575,,5.28,,5.28,,4.799999999999999,,4.799999999999999,,7.200000000000002,,7.200000000000002,,1.9800000000000002,,1.9800000000000002,,2.759999999999999,,2.759999999999999,,4.306275214999914,,3.8468697480857372,,6.274808658286929,,1.483853643760085,,2.307605506852269,1.862645149230957e-09,0.0037338355323299766,0.002450957526889397,1.670726738870144,0.0790143609046936,0.9106848239898682,0.07651978731155396,-0.04531342163681984,0.08775798976421356,0.35352134704589844,0.03300344571471214,8192,0.09890103340148926,3.6438827514648438,0.02220582589507103,35422208,39534,17296,1081,-1.3923869,0.005179369564575609,0.0016777759512478952,-5.682398894429207,-6.003789,0.0035512428163201547,0.0012073720747139305,-5.683611690998077,,,0.95,0.9,both,3.482639085355038,4.197175851503369,1.5231374584515391,0.0,-8.861902,2457.1101832911463,-1.3923869
217,1784897562.5243778,,5.28,,5.28,,4.799999999999999,,4.799999999999999,,7.200000000000002,,7.200000000000002,,1.9800000000000002,,1.9800000000000002,,2.759999999999999,,2.759999999999999,,4.572276514605619,,4.56243096687831,,6.672497541178017,,1.8605258180759847,,2.5964361862279475,-2.7939677238464355e-09,-0.00013434732682071626,0.018256638199090958,1.6729202046990395,0.1108568087220192,0.7942229509353638,0.06627637147903442,0.002120228484272957,0.22167199850082397,0.252483993768692,0.03401223197579384,8192,0.4864133894443512,4.052833557128906,0.016585910692811012,35586048,39698,17376,1086,7.5171213,0.004295339829695877,0.0033373136655427517,-5.671074530482292,-38.722923,0.00570964150247164,0.0021361263665312436,-5.697621178627014,,,0.95,0.9,both,3.8678478441061905,3.8154496803675357,0.7828286246770675,0.0,-22.837717,2426.58321842359,7.5171213
218,1784897628.454504,,5.28,,5.28,,4.799999999999999,,4.799999999999999,,7.200000000000002,,7.200000000000002,,1.9800000000000002,,1.9800000000000002,,2.759999999999999,,2.759999999999999,,4.690128460526466,,4.259634718298912,,6.5598027863889,,1.7478732042945921,,2.5853606555610895,-1.862645149230957e-09,0.0002726878155954182,0.014156940465909429,1.6764925569295883,0.12859123945236206,0.8899192214012146,0.12810027599334717,0.01560648437589407,0.21220088005065918,0.2765848934650421,0.03405025228857994,8192,0.4746367037296295,3.968559980392456,0.013089509680867195,35749888,39862,17456,1091,-9.852477,0.005904607019328978,0.0035126749382470733,-5.651728889346122,-13.918057,0.00412227858469123,0.0021592447854345666,-5.697161975502968,,,0.95,0.9,both,3.6953741944616683,3.589287787470994,0.6943495131622667,0.0,-17.413242,2485.055386234055,-9.852477
219,1784897694.9648526,,5.28,,5.28,,4.799999999999999,,4.799999999999999,,7.200000000000002,,7.200000000000002,,1.9800000000000002,,1.9800000000000002,,2.759999999999999,,2.759999999999999,,6.006089640781283,,5.550984833389521,,7.427206936525181,,2.2553200551483314,,3.1505415281280875,-5.587935447692871e-09,-0.0016775827884885075,0.005327835902789957,1.6865173280239105,0.10756801068782806,0.9534736275672913,0.05585603043437004,-0.18487319350242615,0.12888315320014954,0.210871160030365,0.030907684937119484,8192,0.4122379720211029,4.878028392791748,0.011783286929130554,35913728,40025,17536,1096,7.187393,0.004662157933489652,0.0027880035268026404,-5.6537260055542,-33.600292,0.004572027152971714,0.0020845727922278456,-5.682981371879578,,,0.95,0.9,both,3.6320915403320257,3.6842336385178114,0.573328815134334,0.0,-28.986553,2463.3757362080128,7.187393
220,1784897760.5407953,,5.28,,5.28,,4.799999999999999,,4.799999999999999,,7.200000000000002,,7.200000000000002,,1.9800000000000002,,1.9800000000000002,,2.759999999999999,,2.759999999999999,,6.208290468901396,,5.673547361977398,,8.119469394907355,,2.3820756915956736,,3.19017100520432,-1.1175870895385742e-08,0.0017973541107494384,0.003801623919571284,1.699390821158886,0.09387634694576263,0.7880641222000122,0.05361368507146835,0.21579059958457947,0.10840477794408798,0.17296695709228516,0.029152659699320793,8192,0.20347802340984344,5.114710807800293,0.0138047831133008,36077568,40187,17616,1101,-2.9191244,0.008757152287580538,0.0038148581650602866,-5.680745974183083,-53.6935,0.003854948138905456,0.00541453759506112,-5.697126585245132,,,0.95,0.9,both,3.7664241994700385,4.383801151097816,1.128658084896242,0.0,-41.048363,2498.477244302609,-2.9191244
221,1784897826.1438456,,5.28,,5.28,,4.799999999999999,,4.799999999999999,,7.200000000000002,,7.200000000000002,,1.9800000000000002,,1.9800000000000002,,2.759999999999999,,2.759999999999999,,4.339387342333794,,3.8341208063066006,,6.330084748566151,,1.5254162992350757,,2.3068676982074976,4.656612873077393e-10,0.0009795687510631979,0.0014369242062457488,1.7093297988176346,0.16909515857696533,0.9637753367424011,0.1447044312953949,0.0439959280192852,0.06143328920006752,0.3762742877006531,0.042914293706417084,8192,0.16027739644050598,3.667175769805908,0.033231060951948166,36241408,40350,17696,1106,-19.584883,0.007194581665680743,0.0035810839748592117,-5.723424541950226,-13.279081,0.008627622736094053,0.0012906201125588268,-5.70293008685112,,,0.95,0.9,both,4.082355099671622,3.4488201013317776,1.2986188016585496,0.0,-32.99888,2497.4449693294628,-19.584883
222,1784897890.7829611,,5.28,,5.28,,4.799999999999999,,4.799999999999999,,7.200000000000002,,7.200000000000002,,1.9800000000000002,,1.9800000000000002,,2.759999999999999,,2.759999999999999,,4.6870119804516435,,4.100420860107988,,6.584992285817862,,1.7407805018592626,,2.4504292419878766,-1.862645149230957e-09,0.000140025484142825,0.013615894757094793,1.7221724689006805,0.15573571622371674,0.9072593450546265,0.1068977564573288,-0.059534702450037,0.18629159033298492,0.28767094016075134,0.04011804237961769,8192,0.34100106358528137,3.912726879119873,0.033345188945531845,36405248,40510,17776,1111,7.4277215,0.005565147189190611,0.0041045410027436445,-5.7307884871959685,-20.513735,0.00490093901680666,0.001241615258913953,-5.727025237679482,,,0.95,0.9,both,3.87904005642729,4.494030611708386,0.4988817667467315,0.0,-39.616383,2534.687982079072,7.4277215
223,1784897954.3493292,,5.28,,5.28,,4.799999999999999,,4.799999999999999,,7.200000000000002,,7.200000000000002,,1.9800000000000002,,1.9800000000000002,,2.759999999999999,,2.759999999999999,,4.315912544727325,,3.825087245553732,,6.2901766365394,,1.5327879006508738,,2.2687714379280806,-1.862645149230957e-09,0.0002276193117722869,0.00031068436646819464,1.7286513671278954,0.12768672406673431,0.9520922303199768,0.11796754598617554,-0.17694270610809326,0.027711769565939903,0.44300729036331177,0.0434800460934639,8192,0.11791010946035385,3.646547317504883,0.028399301692843437,36569088,40673,17856,1116,6.8015876,0.006496548040013294,0.003925260483811144,-5.7302371829748155,-14.999359,0.006437992339488119,0.0013220812754298095,-5.731300657987594,,,0.95,0.9,both,4.190207268108861,3.724682744258813,1.6756450692422007,0.0,-47.186577,2577.4637024545173,6.8015876
224,1784898019.1538472,,5.28,,5.28,,4.799999999999999,,4.799999999999999,,7.200000000000002,,7.200000000000002,,1.9800000000000002,,1.9800000000000002,,2.759999999999999,,2.759999999999999,,4.527183283120394,,3.966593261808157,,6.292282196693122,,1.4847358390688896,,2.29485472291708,0.0,0.004417495089001022,0.00676622648461489,1.7391094788908958,0.12357743829488754,0.91605144739151,0.08786433935165405,-0.011149340309202671,0.1467418223619461,0.27049440145492554,0.05085411295294762,8192,0.27499496936798096,3.713129758834839,0.009502477943897247,36732928,40834,17936,1121,-1.1850975,0.0063370363452122545,0.004299106845428469,-5.698053136467934,-26.76583,0.0030064744758419694,0.0013580097940575798,-5.731531590223312,,,0.95,0.9,both,3.6958507400940683,4.329536239476556,1.657071657835802,0.0,-34.382496,2528.2187114114154,-1.1850975
225,1784898082.975591,,5.28,,5.28,,4.799999999999999,,4.799999999999999,,7.200000000000002,,7.200000000000002,,1.9800000000000002,,1.9800000000000002,,2.759999999999999,,2.759999999999999,,4.952593336813152,,4.471419744426385,,7.088007532991469,,1.8378065678552957,,2.562536406563595,2.3283064365386963e-09,-0.000678947806591168,0.004244693791406462,1.7412797808647156,0.1444871574640274,0.9363486766815186,0.14078490436077118,-0.008920935913920403,0.1160239726305008,0.18331357836723328,0.047787945717573166,8192,0.5669376254081726,4.1824727058410645,0.008893124759197235,36896768,40996,18016,1126,-2.3663764,0.0041401746333576735,0.003484609926817939,-5.704532265663147,-37.458458,0.004762216364179039,0.0007139613502658903,-5.725116384029389,,,0.95,0.9,both,3.61867126932736,3.554054836569155,0.6958918006819634,0.0,-16.490421,2567.150201830246,-2.3663764
226,1784898147.7982142,,5.28,,5.28,,4.799999999999999,,4.799999999999999,,7.200000000000002,,7.200000000000002,,1.9800000000000002,,1.9800000000000002,,2.759999999999999,,2.759999999999999,,6.151799939572811,,5.696197994053364,,8.009074848145247,,2.387940453365445,,3.1963226599618793,-7.450580596923828e-09,0.0008615542901679873,0.0077258488308871165,1.7444062307476997,0.1460455060005188,0.8233233094215393,0.14776337146759033,-0.2625156342983246,0.15610764920711517,0.3257824182510376,0.053904540836811066,8192,0.2299608290195465,5.0882673263549805,0.032218609005212784,37060608,41169,18096,1131,-10.429796,0.006230514285562094,0.0031037954351631923,-5.74019975066185,-11.8790655,0.006818420189665631,0.002292649851733586,-5.755929192900657,,,0.95,0.9,both,3.8976983058692065,3.7584114630481293,1.2655780369010432,0.0,-36.421303,2527.51261385271,-10.429796
227,1784898211.3411179,,5.28,,5.28,,4.799999999999999,,4.799999999999999,,7.200000000000002,,7.200000000000002,,1.9800000000000002,,1.9800000000000002,,2.759999999999999,,2.759999999999999,,5.299223713343963,,4.808431042358279,,7.308583582285792,,1.7152997985249385,,2.606124355690554,-1.5832483768463135e-08,0.0005294679504004307,0.005814274198201019,1.7452288046479225,0.16910549998283386,0.8497165441513062,0.1298254132270813,-0.17814122140407562,0.129323348402977,0.32011678814888,0.04978744685649872,8192,0.5406923294067383,4.347532749176025,0.027975978329777718,37224448,41331,18176,1136,-1.4872246,0.005883754836395383,0.005183731409488246,-5.790315505862236,-18.082067,0.003964509150682716,0.002504701813450083,-5.7768871009349825,,,0.95,0.9,both,4.232528876758747,4.129393465281036,0.525983385713449,0.0,-22.34819,2578.4153689366403,-1.4872246
228,1784898274.8718603,,5.28,,5.28,,4.799999999999999,,4.799999999999999,,7.200000000000002,,7.200000000000002,,1.9800000000000002,,1.9800000000000002,,2.759999999999999,,2.759999999999999,,6.2394373044371605,,5.774661041796207,,8.069203201914206,,2.438486705068499,,3.2071968792006373,9.313225746154785e-10,-0.0011390598374418914,0.0011762392564378388,1.7474821582436562,0.07485614717006683,0.8532974720001221,0.05992322042584419,-0.18541403114795685,0.054531656205654144,0.16791504621505737,0.02342325635254383,8192,0.11622854322195053,5.145797252655029,0.012752941809594631,37388288,41494,18256,1141,-1.6374013,0.006300030481361319,0.0023321464766922874,-5.811599045991898,-26.3216,0.0023970842728886057,0.0023943853419041263,-5.7989806741476055,,,0.95,0.9,both,3.858142621007474,3.821943783131079,1.1886168645362791,0.0,-19.41959,2578.9089651380464,-1.6374013
229,1784898337.3786707,,5.28,,5.28,,4.799999999999999,,4.799999999999999,,7.200000000000002,,7.200000000000002,,1.9800000000000002,,1.9800000000000002,,2.759999999999999,,2.759999999999999,,5.947976918891072,,5.364453239366412,,7.458766499534249,,2.2120662783272564,,2.958788255113177,3.725290298461914e-09,-0.002296527673024684,0.016551644657738507,1.756501480937004,0.06969919055700302,0.7301774024963379,0.051548879593610764,0.18347588181495667,0.22615714371204376,0.23343685269355774,0.03935415297746658,8192,0.4505600929260254,4.78840970993042,0.013885058462619781,37552128,41658,18336,1146,-24.212372,0.005188817440648563,0.0019455273606581614,-5.808915281295777,-10.080381,0.002822525706142187,0.0021997267765982544,-5.835353976488113,,,0.95,0.9,both,3.864374104226094,4.257559041983478,0.43670981113255714,0.0,-22.927063,2621.1543455509022,-24.212372
230,1784898400.9623563,,5.28,,5.28,,4.799999999999999,,4.799999999999999,,7.200000000000002,,7.200000000000002,,1.9800000000000002,,1.9800000000000002,,2.759999999999999,,2.759999999999999,,6.191298924386501,,5.575079886242747,,8.088913368061185,,2.439706467092037,,3.177177019417286,7.450580596923828e-09,0.001722418917779578,0.008544846219592728,1.7566087394952774,0.08258744329214096,0.9445372223854065,0.06369871646165848,-0.0528632327914238,0.13567842543125153,0.23856531083583832,0.022953283041715622,8192,0.25620609521865845,5.094435214996338,0.017205845564603806,37715968,41822,18416,1151,-0.8286012,0.006787331230589189,0.002846105006756261,-5.817834895849228,-13.927402,0.004216003846886451,0.0038556553568923845,-5.840835535526276,,,0.95,0.9,both,3.8744570211991745,3.9227112217195725,1.2874268894805774,0.0,-51.596947,2576.7616984415413,-0.8286012
231,1784898465.483886,,5.28,,5.28,,4.799999999999999,,4.799999999999999,,7.200000000000002,,7.200000000000002,,1.9800000000000002,,1.9800000000000002,,2.759999999999999,,2.759999999999999,,6.2740806974470615,,5.689042646437883,,8.186288829892874,,2.4580967593938112,,3.2505430188030005,1.862645149230957e-09,-0.00029469156015693443,0.0001373814293401665,1.7724489271640778,0.09945084154605865,0.8771243691444397,0.05043922737240791,-0.2392151653766632,0.011108187027275562,0.22368977963924408,0.032489798963069916,8192,0.09287656843662262,5.171609878540039,0.01815476268529892,37879808,41982,18496,1156,-18.174845,0.006989893036370631,0.0027010055506252683,-5.859005668759346,-21.1363,0.0035030561215535273,0.002582689317932818,-5.866709613800049,,,0.95,0.9,both,3.9723988997123114,3.9289901665262326,1.571690168654305,0.0,-18.021133,2539.3074795357284,-18.174845
232,1784898530.1287925,,5.28,,5.28,,4.799999999999999,,4.799999999999999,,7.200000000000002,,7.200000000000002,,1.9800000000000002,,1.9800000000000002,,2.759999999999999,,2.759999999999999,,5.220227645710111,,4.3710402911528945,,6.919214118272066,,1.7326871858676895,,2.6295636886789,2.421438694000244e-08,-0.011328819004120305,0.034111728571588174,1.7866415306925774,0.14715798199176788,0.7943214178085327,0.09785096347332001,0.3432542085647583,0.30101945996284485,0.18499153852462769,0.049520257860422134,8192,0.6009191274642944,4.174546718597412,0.026634935289621353,38043648,42148,18576,1161,-26.460638,0.010440954819205216,0.0013877196979592554,-5.846465548872947,-15.855298,0.0032100305936182847,0.004097843084309716,-5.873384195566177,,,0.95,0.9,both,3.787068062350369,4.853599371385883,0.5993746260058503,0.0,-11.662943,2534.46098648274,-26.460638
233,1784898594.6965618,,5.28,,5.28,,4.799999999999999,,4.799999999999999,,7.200000000000002,,7.200000000000002,,1.9800000000000002,,1.9800000000000002,,2.759999999999999,,2.759999999999999,,5.962165152654052,,5.25809479696909,,7.609265268780291,,2.359072956023738,,3.187522559426725,-3.725290298461914e-09,-0.006571685429662466,0.012693077675066888,1.7914706505835056,0.11411898583173752,0.8901119232177734,0.07185865193605423,0.14632943272590637,0.2004500925540924,0.27911004424095154,0.031430233269929886,8192,0.41776853799819946,4.8752241134643555,0.015466396696865559,38207488,42308,18656,1166,-10.796814,0.006085970116691897,0.00477234747086186,-5.823602801561355,-24.52306,0.0035660026915138587,0.0022956645567319355,-5.884157505631447,,,0.95,0.9,both,4.222202771733961,4.221164664119438,0.5375341000815661,0.0,-26.10014,2537.489009841223,-10.796814
234,1784898659.807189,,5.28,,5.28,,4.799999999999999,,4.799999999999999,,7.200000000000002,,7.200000000000002,,1.9800000000000002,,1.9800000000000002,,2.759999999999999,,2.759999999999999,,5.3937190365977585,,5.036957471551432,,7.531412849668413,,2.157577993697487,,2.8687331958208233,7.450580596923828e-09,-0.0023711098328931257,0.02574282928253524,1.793395921587944,0.11488915979862213,0.7861434817314148,0.06862672418355942,-0.12999576330184937,0.2859482765197754,0.19005261361598969,0.04215460270643234,8192,0.5545879006385803,4.597680568695068,0.016134902834892273,38371328,42469,18736,1171,-1.1177051,0.005204622145538451,0.002926112677960191,-5.837406814098358,-19.633972,0.0030184183684468734,0.0028835137352871245,-5.892552009224891,,,0.95,0.9,both,3.9190822473455897,4.2086368497535265,0.4949829299631724,0.0,-17.322565,2516.3326423595995,-1.1177051
235,1784898724.817424,,5.28,,5.28,,4.799999999999999,,4.799999999999999,,7.200000000000002,,7.200000000000002,,1.9800000000000002,,1.9800000000000002,,2.759999999999999,,2.759999999999999,,4.748101420234889,,4.501189200207591,,6.339197905734181,,1.5497311749495566,,2.3614610522054136,-9.313225746154785e-10,0.00012676962069235742,0.017356990931148175,1.795970194041729,0.12096324563026428,0.893571674823761,0.11095082014799118,0.05188765749335289,0.23241473734378815,0.3992959260940552,0.05789269879460335,8192,0.342658132314682,3.8999359607696533,0.01324806921184063,38535168,42634,18816,1176,-10.957625,0.007337975363770966,0.0014090763856074774,-5.849265816807747,-15.060709,0.004514427919639274,0.00131788077778765,-5.8636380463838575,,,0.95,0.9,both,4.009356111378472,3.9664128590150662,0.6058941314553514,0.0,-6.9009223,2520.218535185612,-10.957625
236,1784898787.980639,,5.28,,5.28,,4.799999999999999,,4.799999999999999,,7.200000000000002,,7.200000000000002,,1.9800000000000002,,1.9800000000000002,,2.759999999999999,,2.759999999999999,,6.095326155424118,,5.735344689339399,,7.988056530011818,,2.379918836057186,,3.224823562428355,-4.656612873077393e-10,-0.0025381779196322896,0.00717283279664116,1.7984070740640163,0.07463099807500839,0.883315920829773,0.06684084981679916,0.07151689380407333,0.09303111582994461,0.2503075897693634,0.026977209374308586,8192,0.25530460476875305,5.084693908691406,0.025692302733659744,38699008,42794,18896,1181,-26.617798,0.007771740965836216,0.004472720937337726,-5.8819823414087296,-35.488987,0.0032013394389650784,0.003126093056926038,-5.871490576863289,,,0.95,0.9,both,4.772100061011416,4.071610928020098,1.0214096309705971,0.0,-44.090553,2593.9148627242207,-26.617798
237,1784898851.4275482,,5.28,,5.28,,4.799999999999999,,4.799999999999999,,7.200000000000002,,7.200000000000002,,1.9800000000000002,,1.9800000000000002,,2.759999999999999,,2.759999999999999,,5.292087788693607,,4.805324818007648,,6.962337167002261,,1.8269542596826795,,2.6316561774001457,1.862645149230957e-09,-0.00309070855655591,0.011687354737659916,1.7907999195158482,0.09981648623943329,0.9302909970283508,0.07043533027172089,-0.038577549159526825,0.19323737919330597,0.29809778928756714,0.06517776846885681,8192,0.6004990339279175,4.303671836853027,0.012987633235752583,38862848,42954,18976,1186,7.7898397,0.004924999254581053,0.0031560312854708172,-5.917126259207725,-28.237324,0.004744837647012901,0.0029104360321070997,-5.8946419805288315,,,0.95,0.9,both,3.891591996211262,4.123676679566062,0.48571316909354734,0.0,-15.369377,2582.316434956882,7.7898397
238,1784898913.9712994,,5.28,,5.28,,4.799999999999999,,4.799999999999999,,7.200000000000002,,7.200000000000002,,1.9800000000000002,,1.9800000000000002,,2.759999999999999,,2.759999999999999,,5.884711849503219,,5.550722761778161,,7.760214579291642,,2.2866979129612446,,3.0774472495540977,5.587935447692871e-09,-0.0017360265628667548,0.002986989769851789,1.7835433557629585,0.08185920864343643,0.8525428175926208,0.05163922905921936,0.04069257155060768,0.09391888231039047,0.341316282749176,0.038739100098609924,8192,0.38866740465164185,4.911959171295166,0.010627533309161663,39026688,43117,19056,1191,3.2292209,0.004536432516761124,0.0017942175538337324,-5.897613206505776,-12.57787,0.002745192426664289,0.004585628974018619,-5.883745199441909,,,0.95,0.9,both,3.8025764863113904,4.2900373413122255,0.6576774963633761,0.0,-40.40981,2619.606268822875,3.2292209
239,1784898977.368142,,5.28,,5.28,,4.799999999999999,,4.799999999999999,,7.200000000000002,,7.200000000000002,,1.9800000000000002,,1.9800000000000002,,2.759999999999999,,2.759999999999999,,4.425398245104589,,3.824271209537983,,6.223625235259533,,1.4983095955103636,,2.3102902118116617,-3.725290298461914e-08,0.0021993528062012047,0.0012824998157157097,1.7874536886811256,0.10856016725301743,0.9207590818405151,0.0777290090918541,0.330269455909729,0.030751751735806465,0.30524030327796936,0.05254523828625679,8192,0.12912198901176453,3.6563785076141357,0.04526200518012047,39190528,43277,19136,1196,-8.060858,0.0064736083499155935,0.0022523169420310294,-5.902682030200959,-17.412422,0.005015543816261925,0.002579773811157793,-5.882974827289582,,,0.95,0.9,both,4.428292854904475,4.2973832432689125,1.575059202796316,0.0,-40.066246,2584.3558269965115,-8.060858
240,1784899041.8419206,,5.28,,5.28,,4.799999999999999,,4.799999999999999,,7.200000000000002,,7.200000000000002,,1.9800000000000002,,1.9800000000000002,,2.759999999999999,,2.759999999999999,,6.266067672520876,,5.792510017752647,,8.182286161929369,,2.4710198044776917,,3.25887736864388,-9.313225746154785e-09,0.0016782661550678313,0.00030601792332163313,1.7853550016880035,0.10547995567321777,0.8552044630050659,0.07406521588563919,-0.24404318630695343,0.017371945083141327,0.2512366473674774,0.030807550996541977,8192,0.018091760575771332,5.194151878356934,0.011051353067159653,39354368,43437,19216,1201,6.199287,0.0043557280463573985,0.004681585306389025,-5.8846448302268985,-29.327866,0.0039833970797189975,0.006218221582093975,-5.912873888015747,,,0.95,0.9,both,3.913738711519642,4.536041240593735,1.6280050100284145,0.0,-25.769007,2541.1880704780165,6.199287
241,1784899105.9543157,,5.28,,5.28,,4.799999999999999,,4.799999999999999,,7.200000000000002,,7.200000000000002,,1.9800000000000002,,1.9800000000000002,,2.759999999999999,,2.759999999999999,,5.78275603055954,,5.2921070721931756,,7.906913750804961,,2.2090920312330127,,3.077914270805195,6.51925802230835e-09,-0.0017201143928105012,0.0065232404886046425,1.7852470502257347,0.09198040515184402,0.8627601265907288,0.07063920795917511,-0.031400807201862335,0.14146633446216583,0.142196387052536,0.02810041606426239,8192,0.46054530143737793,4.853756904602051,0.009427773766219616,39518208,43599,19296,1206,-18.487137,0.007001045464130584,0.003409200956230052,-5.844039332866669,-32.6556,0.0020533774950308725,0.0027492734719999135,-5.891230177879334,,,0.95,0.9,both,3.9997781275447126,4.191350796561605,0.6165033931411898,0.0,-17.016127,2555.512034521917,-18.487137
242,1784899170.0091279,,5.28,,5.28,,4.799999999999999,,4.799999999999999,,7.200000000000002,,7.200000000000002,,1.9800000000000002,,1.9800000000000002,,2.759999999999999,,2.759999999999999,,4.602081969380379,,4.061694152653217,,6.236818838864565,,1.5374509923858568,,2.3273094042087905,9.313225746154785e-10,-0.005159311695024371,0.008219347215344897,1.7900066673755646,0.17276528477668762,0.9002842903137207,0.11029879003763199,0.009973154403269291,0.11471583694219589,0.3259996175765991,0.060276806354522705,8192,0.2603031098842621,3.7530713081359863,0.02292843721807003,39682048,43759,19376,1211,-20.387506,0.005895742119901115,0.0020717768551548944,-5.850820821523667,-28.579569,0.003726963916415116,0.0023497668516938575,-5.884883627295494,,,0.95,0.9,both,4.389766834942388,4.46991937157547,0.9013704663012472,0.0,-47.921215,2557.8094402396055,-20.387506
243,1784899233.4755278,,5.28,,5.28,,4.799999999999999,,4.799999999999999,,7.200000000000002,,7.200000000000002,,1.9800000000000002,,1.9800000000000002,,2.759999999999999,,2.759999999999999,,4.356332782655954,,3.800363179296255,,6.202974893152714,,1.4818848725408316,,2.260801015421748,-1.862645149230957e-09,0.0013096860056975856,0.0016269733010858545,1.8035482540726662,0.12080308049917221,0.8893752098083496,0.07645799219608307,-0.03139998018741608,0.0588592104613781,0.32196611166000366,0.04263345152139664,8192,0.05585126951336861,3.620471239089966,0.01510103140026331,39845888,43921,19456,1216,-16.157688,0.006457511328335386,0.002718385710613802,-5.89069926738739,-15.485161,0.002986363134550629,0.003974301538983127,-5.9162436664104465,,,0.95,0.9,both,4.179656824936883,4.480461935374362,1.9890287862745457,0.0,-33.640274,2581.5238435234337,-16.157688
244,1784899298.2428992,,5.28,,5.28,,4.799999999999999,,4.799999999999999,,7.200000000000002,,7.200000000000002,,1.9800000000000002,,1.9800000000000002,,2.759999999999999,,2.759999999999999,,5.058999685337767,,4.413006299626431,,6.844456376507878,,1.6575456988066435,,2.757334725931287,-3.725290298461914e-09,-0.0001836291776271537,0.04450670426012948,1.8106811754405499,0.1129586324095726,0.7932756543159485,0.08642181754112244,0.19592924416065216,0.3747764825820923,0.39234843850135803,0.03521614894270897,8192,0.5294947624206543,4.146268844604492,0.016077950596809387,40009728,44081,19536,1221,-18.732376,0.005049071654502768,0.0025640996398578865,-5.877293801307678,-33.913975,0.0033149287839478346,0.0022932189633138476,-5.984983658790588,,,0.95,0.9,both,3.935436804895699,4.6522931322429795,0.5703719523332873,0.0,-21.285969,2529.668440137917,-18.732376
245,1784899370.7130535,,5.28,,5.28,,4.799999999999999,,4.799999999999999,,7.200000000000002,,7.200000000000002,,1.9800000000000002,,1.9800000000000002,,2.759999999999999,,2.759999999999999,,6.094748176634312,,5.602939269505441,,8.113409569486976,,2.39055803604424,,3.135340049979277,-1.210719347000122e-08,0.0007072986481944099,0.004415785355377011,1.82292066141963,0.08171546459197998,0.7997945547103882,0.04895039647817612,0.3003707528114319,0.117917500436306,0.19553707540035248,0.032489195466041565,8192,0.2780342698097229,5.067399024963379,0.012527982704341412,40173568,44246,19616,1226,4.374186,0.006286688781983685,0.004715386140742339,-5.902315759658814,-46.638668,0.004620574173895875,0.002483472124731634,-5.970061159133911,,,0.95,0.9,both,4.062811944880041,3.952103022630157,0.8606072599899242,0.0,-38.966198,2260.792760727744,4.374186
246,1784899455.8330674,,5.28,,5.28,,4.799999999999999,,4.799999999999999,,7.200000000000002,,7.200000000000002,,1.9800000000000002,,1.9800000000000002,,2.759999999999999,,2.759999999999999,,4.71840994246304,,4.499758512480184,,7.168860901612788,,1.6101942090317607,,2.590948797063902,-6.51925802230835e-09,-0.00047460250789299607,0.017665461520664394,1.8292994685471058,0.08861107379198074,0.8665592074394226,0.059697024524211884,-0.053276728838682175,0.23541651666164398,0.3604592978954315,0.05727808177471161,8192,0.4968266487121582,4.1176347732543945,0.026652153581380844,40337408,44407,19696,1231,-0.83410865,0.005967676184081938,0.001337990607134998,-5.918017107248306,-17.777628,0.0038152324901602696,0.0004647792811738327,-5.9467526257038115,,,0.95,0.9,both,3.964836946484641,3.946258294087305,0.6534461417817885,0.0,-24.588545,1924.8117834813615,-0.83410865
247,1784899583.016213,,5.28,,5.28,,4.799999999999999,,4.799999999999999,,7.200000000000002,,7.200000000000002,,1.9800000000000002,,1.9800000000000002,,2.759999999999999,,2.759999999999999,,5.562646081671119,,5.227261690655723,,7.485928327892907,,2.064915811060928,,2.8343668489251286,-5.587935447692871e-09,0.0002881765249185264,0.026046101906104013,1.836490210145712,0.08868460357189178,0.8677104711532593,0.07605478167533875,-0.2124650925397873,0.27792152762413025,0.28848323225975037,0.024391144514083862,8192,0.546009361743927,4.635024070739746,0.020667221397161484,40501248,44569,19776,1236,-21.42764,0.006763980128744152,0.003716960245947121,-5.942530271410942,-37.522224,0.004362598571606213,0.003028951138549019,-5.911530953645706,,,0.95,0.9,both,4.5866053479338165,3.8506608411136867,0.5818569296973274,0.0,-31.51473,1288.2209763498945,-21.42764
248,1784899707.27269,,5.28,,5.28,,4.799999999999999,,4.799999999999999,,7.200000000000002,,7.200000000000002,,1.9800000000000002,,1.9800000000000002,,2.759999999999999,,2.759999999999999,,5.96906141936779,,5.701241157948971,,8.149369601160288,,2.446996198967099,,3.2029510813299567,2.7939677238464355e-09,-0.0006549328682012856,0.011099674375145696,1.8417945429682732,0.10530787706375122,0.8949888944625854,0.09020699560642242,-0.17306587100028992,0.18264435231685638,0.20708782970905304,0.02436191774904728,8192,0.23156920075416565,5.093924045562744,0.007836505770683289,40665088,44730,19856,1241,-1.3616327,0.008273138775257394,0.001249639021261828,-5.956282848119736,-49.564507,0.005851580652233679,0.0030811931024800287,-5.912573954463005,,,0.95,0.9,both,3.8203698738565577,4.189929637271238,0.8627663306631854,0.0,-8.401281,1318.5635058688965,-1.3616327
249,1784899802.3081045,,5.28,,5.28,,4.799999999999999,,4.799999999999999,,7.200000000000002,,7.200000000000002,,1.9800000000000002,,1.9800000000000002,,2.759999999999999,,2.759999999999999,,4.589343421161175,,4.362335869111121,,6.441410215047654,,1.569288673112169,,2.3767556096427143,5.587935447692871e-09,-0.005569404587731697,0.030862013780279085,1.8437438905239105,0.10136350989341736,0.8238317966461182,0.113794706761837,-0.15892352163791656,0.3136531710624695,0.2810002267360687,0.05884765833616257,8192,0.40410345792770386,3.867826461791992,0.017642978578805923,40828928,44891,19936,1246,6.58386,0.005852425369084813,0.0020944482865161264,-5.969557130336762,-10.741431,0.004445949866931187,0.0022802312014391646,-5.9604951471090315,,,0.95,0.9,both,3.985517668601029,4.28438152410621,0.7350827680764442,0.0,-8.023358,1723.9881307922958,6.58386
250,1784899884.7099411,,5.28,,5.28,,4.799999999999999,,4.799999999999999,,7.200000000000002,,7.200000000000002,,1.9800000000000002,,1.9800000000000002,,2.759999999999999,,2.759999999999999,,6.188627811148763,,5.652351358905435,,8.085150755010545,,2.4681496378034353,,3.213961113244295,0.0,-0.002858221199858235,0.001963017031812342,1.84442587941885,0.2393444925546646,0.9465051889419556,0.17977364361286163,0.005909198895096779,0.0785188153386116,0.20924100279808044,0.02248348668217659,8192,0.18477746844291687,5.121647834777832,0.020983530208468437,40992768,45052,20016,1251,-10.472234,0.006635160320729483,0.003940685877751093,-5.965289226174354,-29.283878,0.0020411102355865295,0.0018875094901886769,-5.999165779352188,,,0.95,0.9,both,4.002045665354471,4.283896808391471,1.0591361140876125,0.0,-23.120459,1988.3052162576193,-10.472234
251,1784899949.5724907,,5.28,,5.28,,4.799999999999999,,4.799999999999999,,7.200000000000002,,7.200000000000002,,1.9800000000000002,,1.9800000000000002,,2.759999999999999,,2.759999999999999,,4.308358635753393,,3.8159375973045826,,6.320626496337354,,1.6098414642037824,,2.3854298305668635,-2.7939677238464355e-09,-0.00531897263135761,0.0014592130592063768,1.8444711454212666,0.08732114732265472,0.9388183355331421,0.07736584544181824,-0.07126622647047043,0.06789534538984299,0.3258563280105591,0.05161813274025917,8192,0.15512560307979584,3.6880385875701904,0.010087225586175919,41156608,45213,20096,1256,-2.126823,0.004705390518938657,0.0030679025454446673,-5.964111757278443,-4.613294,0.002995100033149356,0.0021347201109165326,-5.979428005218506,,,0.95,0.9,both,4.1564424584229425,4.3974711434661815,0.7992303664109712,0.0,-14.114731,2525.956796990518,-2.126823
252,1784900019.1983032,,5.28,,5.28,,4.799999999999999,,4.799999999999999,,7.200000000000002,,7.200000000000002,,1.9800000000000002,,1.9800000000000002,,2.759999999999999,,2.759999999999999,,5.134995156899095,,4.828056422295049,,7.1809715032577515,,2.0653079957701266,,2.728655562736094,-3.725290298461914e-09,-0.022783197713579284,0.04592368984594941,1.8430245891213417,0.1004205271601677,0.8344187140464783,0.05983642116189003,-0.053924933075904846,0.3830629289150238,0.33439522981643677,0.023312639445066452,8192,0.5907452702522278,4.38759708404541,0.030224671587347984,41320448,45373,20176,1261,6.229551,0.007012565809418447,0.0022086956647399346,-5.981882485747337,-15.152992,0.0034765674856316762,0.002616545613273047,-6.010028538107872,,,0.95,0.9,both,4.578511779907066,4.471377400709515,0.5559366766188175,0.0,1.8700426,2353.1503389308828,6.229551
253,1784900093.5086138,,5.28,,5.28,,4.799999999999999,,4.799999999999999,,7.200000000000002,,7.200000000000002,,1.9800000000000002,,1.9800000000000002,,2.759999999999999,,2.759999999999999,,4.486965138465166,,3.9809503133874387,,6.75864414870739,,1.5936568109318614,,2.2750245723873377,6.51925802230835e-09,0.0003247336208005436,0.03421269392129034,1.836253359913826,0.07457361370325089,0.9313993453979492,0.06646526604890823,-0.07841973006725311,0.33061856031417847,0.3237076997756958,0.045767441391944885,8192,0.35928696393966675,3.8190484046936035,0.02169104851782322,41484288,45533,20256,1266,7.500357,0.00527321139961714,0.002899887734747608,-6.011351990699768,-4.6754403,0.0030195428909792097,0.0024575228642788717,-6.032750326395035,,,0.95,0.9,both,4.083520408027482,4.7203775397196495,0.8143186179558997,0.0,-16.453753,2204.8084035821134,7.500357
254,1784900170.369165,,5.28,,5.28,,4.799999999999999,,4.799999999999999,,7.200000000000002,,7.200000000000002,,1.9800000000000002,,1.9800000000000002,,2.759999999999999,,2.759999999999999,,5.60186258982867,,4.979878042591736,,7.122261530079413,,2.0010175378993154,,3.0106080626137555,5.587935447692871e-09,-0.009817721220315434,0.01011991803534329,1.8344347067177296,0.07728122174739838,0.7423403859138489,0.04334601014852524,0.07025400549173355,0.176110178232193,0.3118571937084198,0.030861007049679756,8192,0.5997493267059326,4.543126106262207,0.013572067022323608,41648128,45693,20336,1271,-28.19374,0.008088445181783754,0.0027831707804580217,-5.99084959924221,-19.722214,0.003541626565856859,0.0031047554803080857,-6.023448252677918,,,0.95,0.9,both,4.275069029702848,3.898561516045588,0.423405705994873,0.0,-14.478627,2131.652715989039,-28.19374
255,1784900246.5447054,,5.28,,5.28,,4.799999999999999,,4.799999999999999,,7.200000000000002,,7.200000000000002,,1.9800000000000002,,1.9800000000000002,,2.759999999999999,,2.759999999999999,,6.173706645146012,,5.772851884365082,,8.0440844418481,,2.4675928819924593,,3.242530480027199,6.51925802230835e-09,0.00022125287068774924,0.0010502560617169365,1.8341722898185253,0.08656146377325058,0.9028879404067993,0.05660761892795563,-0.13484472036361694,0.05746830999851227,0.19979795813560486,0.02561318688094616,8192,0.1230422705411911,5.140152931213379,0.00942620262503624,41811968,45853,20416,1276,-9.7353945,0.007052866645972244,0.003671664894500282,-6.0135177880525585,-9.317404,0.0030085066660831216,0.0036411986497114413,-5.999844095110893,,,0.95,0.9,both,4.360083764839719,4.277701539398544,0.9481827001679105,0.0,-14.78109,2150.821608267303,-9.7353945
256,1784900321.843568,,5.28,,5.28,,4.799999999999999,,4.799999999999999,,7.200000000000002,,7.200000000000002,,1.9800000000000002,,1.9800000000000002,,2.759999999999999,,2.759999999999999,,6.251494195312262,,5.738200690597296,,8.127819390036166,,2.459381192922592,,3.2015611603856087,-2.7939677238464355e-09,0.0008574103703722358,0.004046630972879939,1.826580673456192,0.0562567301094532,1.0425077676773071,0.04686832055449486,0.09631811827421188,0.10267779976129532,0.20719648897647858,0.03069530613720417,8192,0.12273522466421127,5.155691623687744,0.009788489900529385,41975808,46015,20496,1281,-19.42301,0.008680882568296511,0.001865792923490517,-6.00377271771431,-17.037027,0.003062648035120219,0.0017510895297164098,-6.021581184864044,,,0.95,0.9,both,3.967037893952387,4.134295646470604,1.1308350749940979,0.0,-17.71826,2175.8628656886704,-19.42301
257,1784900396.671258,,5.28,,5.28,,4.799999999999999,,4.799999999999999,,7.200000000000002,,7.200000000000002,,1.9800000000000002,,1.9800000000000002,,2.759999999999999,,2.759999999999999,,4.5077991764992476,,3.8866574303247035,,6.3253863379359245,,1.707734748488292,,2.383308135671541,-6.984919309616089e-09,-0.001964641676750034,0.005224612075835466,1.823272280395031,0.09418971091508865,0.8509037494659424,0.08604763448238373,0.09487053751945496,0.1283140331506729,0.2534429132938385,0.06490738689899445,8192,0.2969740331172943,3.762176990509033,0.016683170571923256,42139648,46180,20576,1286,-0.9299782,0.007663962590595474,0.005778804862347897,-6.026063027977943,-25.817556,0.0033883424635860137,0.0016049352911068127,-6.031397563219071,,,0.95,0.9,both,4.295434952792938,4.513311008154149,0.7273591483627608,0.0,-23.442118,2189.564620777054,-0.9299782
258,1784900470.5687551,,5.28,,5.28,,4.799999999999999,,4.799999999999999,,7.200000000000002,,7.200000000000002,,1.9800000000000002,,1.9800000000000002,,2.759999999999999,,2.759999999999999,,5.318886482506059,,5.130341685377061,,7.064268205082044,,1.9154122167965397,,2.683132905513048,-2.0489096641540527e-08,-0.008179921802366152,0.028336044488241896,1.8167057745158672,0.10599615424871445,0.8739346265792847,0.06720101088285446,0.3644298315048218,0.297371506690979,0.350726842880249,0.04220687225461006,8192,0.5655605792999268,4.422408103942871,0.02426866628229618,42303488,46343,20656,1291,-1.2136463,0.005166460834152531,0.003879500435141381,-5.980413973331451,-10.769398,0.0037046632671263067,0.001493485493119806,-6.017508527636528,,,0.95,0.9,both,4.068786069246045,4.295686763450421,0.5255491744815118,0.0,-13.383774,2217.124342373932,-1.2136463
259,1784900545.3441358,,5.28,,5.28,,4.799999999999999,,4.799999999999999,,7.200000000000002,,7.200000000000002,,1.9800000000000002,,1.9800000000000002,,2.759999999999999,,2.759999999999999,,5.439701609313488,,4.9804885014891624,,7.373442435171455,,2.0332398533355445,,2.7171937567181885,-8.381903171539307e-09,-0.007865262974519283,0.020472106378292665,1.808831661939621,0.12024988979101181,0.7849165201187134,0.09449256956577301,0.17308762669563293,0.2550840377807617,0.2865588665008545,0.034983981400728226,8192,0.5991539359092712,4.50881290435791,0.014668844640254974,42467328,46505,20736,1296,-10.008402,0.0087312806135742,0.002291831962793367,-5.972422847151757,-15.478015,0.004632432528887875,0.002545922821445856,-6.000101611018181,,,0.95,0.9,both,3.6285640393563425,3.967433492518525,0.4285097067441414,0.0,-18.620626,2191.09555745683,-10.008402
260,1784900619.070997,,5.28,,5.28,,4.799999999999999,,4.799999999999999,,7.200000000000002,,7.200000000000002,,1.9800000000000002,,1.9800000000000002,,2.759999999999999,,2.759999999999999,,6.273864347487688,,5.754221618175507,,8.110886707203463,,2.459284918382764,,3.232771748676896,0.0,0.000472696905490011,0.0003833998591744603,1.8205444142222404,0.11945021152496338,0.9359174966812134,0.09418268501758575,0.25956130027770996,0.02947896532714367,0.1810806840658188,0.016598133370280266,8192,0.09851443767547607,5.166205406188965,0.016816727817058563,42631168,46668,20816,1301,-9.541704,0.00819778044387931,0.0019619440361566378,-5.961295303702355,-34.450703,0.004572303024906433,0.0022413193495594897,-5.989996209740639,,,0.95,0.9,both,3.991264337721225,3.995962953185284,1.274251552829234,0.0,-33.9758,2222.2565245092146,-9.541704
261,1784900693.126302,,5.28,,5.28,,4.799999999999999,,4.799999999999999,,7.200000000000002,,7.200000000000002,,1.9800000000000002,,1.9800000000000002,,2.759999999999999,,2.759999999999999,,4.673019526526332,,4.580411344883032,,6.607822699472308,,1.6302778404206038,,2.403967066667974,-1.210719347000122e-08,-0.0017191613369504921,0.010316983854863793,1.8155305795371532,0.046112820506095886,0.8726596832275391,0.058897677809000015,-0.1477714329957962,0.18149124085903168,0.3795351982116699,0.04685806855559349,8192,0.47443121671676636,3.979099750518799,0.05127773433923721,42795008,46828,20896,1306,-6.585463,0.004274201595399063,0.0037968603865010664,-5.91498154103756,-8.181095,0.004542702608159743,0.0013821540167555213,-5.976068884134293,,,0.95,0.9,both,4.370814339488485,4.329177078462122,0.5065313877974787,0.0,-10.073935,2212.4005236912976,-6.585463
262,1784900768.2872517,,5.28,,5.28,,4.799999999999999,,4.799999999999999,,7.200000000000002,,7.200000000000002,,1.9800000000000002,,1.9800000000000002,,2.759999999999999,,2.759999999999999,,6.191437426954508,,5.736515679396689,,7.920757807791233,,2.3618723982945085,,3.1899965952616185,9.313225746154785e-10,-0.0023438888019882143,0.01721903648285661,1.825718242675066,0.10624532401561737,0.8321158289909363,0.08141104876995087,0.10744091123342514,0.23415935039520264,0.17775486409664154,0.02838551253080368,8192,0.28465133905410767,5.080115795135498,0.015259308740496635,42958848,46988,20976,1311,8.060737,0.005453958844009321,0.0042837595625314865,-5.946588692069054,-17.306234,0.002746011371345958,0.0009407029167050496,-5.969032976031303,,,0.95,0.9,both,4.102058768456726,3.951092194913592,1.1284830515553552,0.0,-7.730531,2179.856112857829,8.060737
263,1784900842.3372397,,5.28,,5.28,,4.799999999999999,,4.799999999999999,,7.200000000000002,,7.200000000000002,,1.9800000000000002,,1.9800000000000002,,2.759999999999999,,2.759999999999999,,6.14444087978336,,5.749455789104104,,8.11626238376266,,2.4526770133525133,,3.2480685859918594,-1.4901161193847656e-08,-0.001903548909467645,0.005542375090044516,1.837784480303526,0.08144128322601318,0.8811079263687134,0.048366349190473557,-0.137548565864563,0.1333516240119934,0.2751399874687195,0.02603001706302166,8192,0.1579112559556961,5.142180919647217,0.01980837807059288,43122688,47149,21056,1316,-0.82446367,0.006321479870530311,0.0022105700874817556,-5.940635988116265,-21.480152,0.0027515320660313593,0.003217093670536997,-5.981986477971077,,,0.95,0.9,both,3.9541152543128226,4.429577577350599,1.434064169887375,0.0,-9.356657,2212.5586530835417,-0.82446367
264,1784900915.2293427,,5.28,,5.28,,4.799999999999999,,4.799999999999999,,7.200000000000002,,7.200000000000002,,1.9800000000000002,,1.9800000000000002,,2.759999999999999,,2.759999999999999,,6.2762934230268,,5.794890850782394,,8.193593848496675,,2.478733241558075,,3.249517457559705,1.3969838619232178e-09,0.0013762287417193875,0.00016658905974509253,1.8384788557887077,0.06572172790765762,0.9639683961868286,0.07131506502628326,-0.07043833285570145,0.004788284655660391,0.1307169497013092,0.013895921409130096,8192,0.013685116544365883,5.198605537414551,0.014719638973474503,43286528,47310,21136,1321,7.3608108,0.003341815052408492,0.004748365285195177,-5.964919647574424,-30.989151,0.0015134682351344963,0.0025411590235307814,-5.945285734534264,,,0.95,0.9,both,4.335590733102296,4.355353727401825,1.758984927582019,0.0,-21.25423,2247.705853483142,7.3608108
265,1784900989.1783943,,5.28,,5.28,,4.799999999999999,,4.799999999999999,,7.200000000000002,,7.200000000000002,,1.9800000000000002,,1.9800000000000002,,2.759999999999999,,2.759999999999999,,4.629051891126437,,3.9047622941434383,,6.411892422474921,,1.497955497354269,,2.3810617877170444,0.0,-0.0010018687462434173,0.011486228140711319,1.8513206467032433,0.21251259744167328,0.901147723197937,0.16713164746761322,-0.005872990936040878,0.19164854288101196,0.33835870027542114,0.03282368928194046,8192,0.27582111954689026,3.7649447917938232,0.010767445899546146,43450368,47471,21216,1326,7.861965,0.003816312570415903,0.004861712485580938,-6.026656422019005,-28.313396,0.0050111197924707085,0.001749608409954817,-6.021074149012565,,,0.95,0.9,both,4.404199444610791,3.8503011582649185,0.8718669323256799,0.0,-13.893845,2215.5793874079113,7.861965
266,1784901062.731731,,5.28,,5.28,,4.799999999999999,,4.799999999999999,,7.200000000000002,,7.200000000000002,,1.9800000000000002,,1.9800000000000002,,2.759999999999999,,2.759999999999999,,5.783261171542108,,5.626330190105364,,7.849055493250489,,2.3571236287243664,,3.1435107639990747,0.0,-0.0071528481639688835,0.005160246473678853,1.857904877513647,0.05175346881151199,0.8630149960517883,0.03667960688471794,-0.008381853811442852,0.12846213579177856,0.18510937690734863,0.020227991044521332,8192,0.37578195333480835,4.95185661315918,0.012199394404888153,43614208,47631,21296,1331,7.999582,0.0065945340786129234,0.0023516523382568267,-6.0568991750478745,-14.306511,0.003031474664749112,0.00425708454567939,-6.064001899957657,,,0.95,0.9,both,3.740675271216716,4.353838169419029,0.6411271494619075,0.0,-5.2163105,2227.499253879022,7.999582
267,1784901135.3292542,,5.28,,5.28,,4.799999999999999,,4.799999999999999,,7.200000000000002,,7.200000000000002,,1.9800000000000002,,1.9800000000000002,,2.759999999999999,,2.759999999999999,,4.34658382460475,,3.8512089662253857,,6.215692222118378,,1.487246636301279,,2.3451577853411436,-1.1175870895385742e-08,0.0008793207289272686,0.0021894899691687897,1.8562387973070145,0.17091721296310425,0.8492071628570557,0.11729805916547775,0.131208598613739,0.08319541066884995,0.2707240581512451,0.04635404795408249,8192,0.11570306122303009,3.6491780281066895,0.011916263960301876,43778048,47792,21376,1336,7.913003,0.004586466139153344,0.004041984493960626,-6.072334456443786,-17.464289,0.004316919620032422,0.0009973852946131955,-6.048832693696022,,,0.95,0.9,both,4.0336008589376195,3.7683310586506082,1.4833606280224334,0.0,-15.642889,2256.8262722099284,7.913003
268,1784901207.8426015,,5.28,,5.28,,4.799999999999999,,4.799999999999999,,7.200000000000002,,7.200000000000002,,1.9800000000000002,,1.9800000000000002,,2.759999999999999,,2.759999999999999,,5.746056031435728,,4.982289038132876,,7.8995640045031905,,2.2312209885567427,,2.966939724748954,0.0,-0.014225081453332677,0.015710717605543323,1.855598647147417,0.06112409010529518,0.7697763442993164,0.04471207410097122,0.06160616874694824,0.22308366000652313,0.19439101219177246,0.012758225202560425,8192,0.5383594632148743,4.765213966369629,0.014241642318665981,43941888,47953,21456,1341,-0.6299256,0.006013617165444884,0.0032639372482663022,-6.077277785539627,-8.543539,0.003360328113922151,0.003885020798770711,-6.095588499307633,,,0.95,0.9,both,4.410520034913855,4.716726765554812,0.43742691756485474,0.0,-0.81966037,2259.4462959740144,-0.6299256
269,1784901280.5186284,,5.28,,5.28,,4.799999999999999,,4.799999999999999,,7.200000000000002,,7.200000000000002,,1.9800000000000002,,1.9800000000000002,,2.759999999999999,,2.759999999999999,,5.589634167030454,,5.029969102703035,,7.5825690142810345,,2.016520861070603,,2.915906479523983,0.0,-0.0007538111185567686,0.023030654265312478,1.8635542578995228,0.11030782759189606,0.945537805557251,0.052267227321863174,-0.09273461997509003,0.27149468660354614,0.265630841255188,0.01951815001666546,8192,0.5569320917129517,4.626919746398926,0.019740324467420578,44105728,48113,21536,1346,8.141351,0.006104126827267464,0.003370376961538568,-6.112508568167686,-18.312344,0.004094288296619198,0.0028732932507409712,-6.128228813409805,,,0.95,0.9,both,4.1626140974287695,4.653903636047432,0.41365305847374845,0.0,-8.216247,2254.388301108899,8.141351
270,1784901351.2897122,,5.28,,5.28,,4.799999999999999,,4.799999999999999,,7.200000000000002,,7.200000000000002,,1.9800000000000002,,1.9800000000000002,,2.759999999999999,,2.759999999999999,,6.2767950519919395,,5.781892817467451,,8.160650297999382,,2.463449653238058,,3.2432649172842503,1.862645149230957e-09,0.0006965685752220452,0.0005707524403533171,1.8728008829057217,0.08459238708019257,0.811529815196991,0.09387031942605972,-0.28474903106689453,0.03814076632261276,0.1423799991607666,0.01491713896393776,8192,0.05363209918141365,5.185210704803467,0.019581032916903496,44269568,48275,21616,1351,-9.682911,0.008331271847418975,0.002206871967064217,-6.090834006667137,-24.50214,0.0027396859193686398,0.0029243030614452435,-6.13658042550087,,,0.95,0.9,both,3.857408527226017,4.628251832068713,1.1191498156726936,0.0,-27.85677,2315.069862685768,-9.682911
271,1784901422.4341972,,5.28,,5.28,,4.799999999999999,,4.799999999999999,,7.200000000000002,,7.200000000000002,,1.9800000000000002,,1.9800000000000002,,2.759999999999999,,2.759999999999999,,4.7521729320287704,,4.173710328992456,,6.711969243362546,,1.6670208999421448,,2.415034125559032,2.2351741790771484e-08,-0.0046587899851147085,0.06097849481739104,1.8818725682795048,0.08263108879327774,0.9448392391204834,0.06762463599443436,-0.39598530530929565,0.4412170946598053,0.3694027066230774,0.021599100902676582,8192,0.46078571677207947,3.943981170654297,0.009852850809693336,44433408,48440,21696,1356,8.656377,0.005231888460548362,0.0059293061975040475,-6.148881417512894,-7.0488615,0.0033764129613700787,0.0028550221089972184,-6.1178129583597185,,,0.95,0.9,both,4.432512982850766,4.115937837888798,0.5386151839590092,0.0,-14.636516,2302.919195898497,8.656377
272,1784901494.1711469,,5.28,,5.28,,4.799999999999999,,4.799999999999999,,7.200000000000002,,7.200000000000002,,1.9800000000000002,,1.9800000000000002,,2.759999999999999,,2.759999999999999,,4.661990825086832,,3.887301154434681,,6.331367665203288,,1.6044887308380567,,2.4939043160993606,-9.313225746154785e-09,-0.001590400206623599,0.005422849586466327,1.8991685137152672,0.07129798829555511,0.9041595458984375,0.05520623177289963,-0.18004432320594788,0.13177268207073212,0.1545059084892273,0.03273714333772659,8192,0.3337600827217102,3.7958106994628906,0.008334387093782425,44597248,48601,21776,1361,7.948438,0.0037601245996484066,0.0024572074587922545,-6.16544668674469,-13.832537,0.0019147043389239117,0.0014912365222699009,-6.183137392997741,,,0.95,0.9,both,4.32643589613626,4.499813998129921,0.8845107893053232,0.0,-44.87193,2283.8997560344947,7.948438
273,1784901566.3051834,,5.28,,5.28,,4.799999999999999,,4.799999999999999,,7.200000000000002,,7.200000000000002,,1.9800000000000002,,1.9800000000000002,,2.759999999999999,,2.759999999999999,,6.040972906164825,,5.389678375795484,,8.00462057068944,,2.2887838929891586,,3.172961350530386,-2.7939677238464355e-09,0.000770708685649879,0.018257716714288108,1.9086184799671173,0.2695693373680115,0.7489922642707825,0.24093319475650787,-0.04472845792770386,0.2409176528453827,0.19008052349090576,0.01793009601533413,8192,0.41276678442955017,4.979403495788574,0.018505895510315895,44761088,48761,21856,1366,8.37169,0.003822194963140646,0.004491837681780453,-6.1652610212564465,-12.289812,0.0038860072374518493,0.003045401989220409,-6.139331641793251,,,0.95,0.9,both,4.255270204645082,4.255063447627198,0.7291375694806548,0.0,-11.773263,2271.3271559177756,8.37169
274,1784901637.7589371,,5.28,,5.28,,4.799999999999999,,4.799999999999999,,7.200000000000002,,7.200000000000002,,1.9800000000000002,,1.9800000000000002,,2.759999999999999,,2.759999999999999,,6.069160569808446,,5.521273008896969,,8.013111343607306,,2.371015701442957,,3.2436641417443752,0.0,-0.005548933206227957,0.003217469078663271,1.9081240370869637,0.07455050945281982,0.8867359757423401,0.05642102658748627,-0.01689983904361725,0.10054337978363037,0.23885789513587952,0.01922719180583954,8192,0.30600103735923767,5.043644905090332,0.013873175717890263,44924928,48921,21936,1371,-0.22613144,0.00676316038297955,0.002572191682702396,-6.17315876185894,-1.2832876,0.004368826740392251,0.0028278277022764087,-6.176495131850243,,,0.95,0.9,both,4.553064647684562,4.500264814460428,0.5210015859585289,0.0,-16.523214,2292.951712243245,-0.22613144
275,1784901710.2297454,,5.28,,5.28,,4.799999999999999,,4.799999999999999,,7.200000000000002,,7.200000000000002,,1.9800000000000002,,1.9800000000000002,,2.759999999999999,,2.759999999999999,,4.312669243663549,,3.9840230755507946,,6.349948648363352,,1.6228683511726558,,2.281824540346861,9.313225746154785e-10,0.0029944014622742543,0.032515874176169746,1.9107828363776207,0.18797771632671356,0.8777132034301758,0.13371935486793518,-0.14703205227851868,0.32407718896865845,0.30341023206710815,0.03248545154929161,8192,0.25821399688720703,3.7102668285369873,0.016552481800317764,45088768,49083,22016,1376,-28.634373,0.010445891143172048,0.003352079684555065,-6.166252279281617,-31.736593,0.005826885787246283,0.0011976712914474775,-6.186850646138192,,,0.95,0.9,both,4.414963684808969,4.086356660509685,1.0555211836860234,0.0,-18.821686,2260.7722602742456,-28.634373
276,1784901781.5818908,,5.28,,5.28,,4.799999999999999,,4.799999999999999,,7.200000000000002,,7.200000000000002,,1.9800000000000002,,1.9800000000000002,,2.759999999999999,,2.759999999999999,,5.740765850991011,,5.13678539916873,,7.1924382681027055,,2.1694391695782542,,2.8332823782402556,-3.725290298461914e-09,-0.007982375642313855,0.01396412422764115,1.924543984234333,0.07365411520004272,0.8141208291053772,0.05862720310688019,0.1553981900215149,0.2110845148563385,0.20577257871627808,0.012575098313391209,8192,0.5773018002510071,4.614542484283447,0.01222317386418581,45252608,49243,22096,1381,9.029346,0.004177505811821902,0.0038868043848196976,-6.178342869877815,-19.307167,0.002360730743748718,0.00029006157274125144,-6.210625791549683,,,0.95,0.9,both,4.141784941545175,4.38350764052976,0.36777674359845114,0.0,-23.10828,2296.21686213169,9.029346
277,1784901853.830263,,5.28,,5.28,,4.799999999999999,,4.799999999999999,,7.200000000000002,,7.200000000000002,,1.9800000000000002,,1.9800000000000002,,2.759999999999999,,2.759999999999999,,4.312207620590925,,3.851980984210968,,6.251653227955103,,1.5195517614483833,,2.280846429988742,-1.3969838619232178e-09,0.00032068363498183317,0.0008177308318408905,1.9273669086396694,0.273367702960968,0.9483163952827454,0.17120537161827087,0.19751307368278503,0.04104626178741455,0.4058294892311096,0.028284531086683273,8192,0.08855937421321869,3.6432480812072754,0.07664261013269424,45416448,49405,22176,1386,-17.816708,0.007178872356598731,0.005008439164521405,-6.139411428570748,-14.157829,0.005248773234779946,0.0027056872204411775,-6.211288475990296,,,0.95,0.9,both,4.349410351400474,5.118186667806541,1.139097409596399,0.0,-21.520258,2267.7333381639746,-17.816708
278,1784901924.819869,,5.28,,5.28,,4.799999999999999,,4.799999999999999,,7.200000000000002,,7.200000000000002,,1.9800000000000002,,1.9800000000000002,,2.759999999999999,,2.759999999999999,,5.0972727969055995,,4.553716492839158,,7.001135805621743,,1.8437638984178193,,2.7978121103951707,1.30385160446167e-08,-3.799371188506484e-05,0.01627532171551138,1.9364867471158504,0.06584299355745316,0.9427343606948853,0.09098827838897705,0.28928232192993164,0.227696031332016,0.1879456788301468,0.02346678264439106,8192,0.607178270816803,4.258740425109863,0.016393939033150673,45580288,49565,22256,1391,-0.41597375,0.00575732552097179,0.0027821705138194376,-6.132504624128342,-9.140874,0.0031633839062124025,0.003438128432026133,-6.179617947340011,,,0.95,0.9,both,3.9250543977530277,4.618288039234687,0.3270714435863554,0.0,-19.109411,2307.942908419983,-0.41597375
279,1784901994.2311444,,5.28,,5.28,,4.799999999999999,,4.799999999999999,,7.200000000000002,,7.200000000000002,,1.9800000000000002,,1.9800000000000002,,2.759999999999999,,2.759999999999999,,6.1157091781497,,5.53327249456197,,8.076846217736602,,2.466861741617322,,3.175342982634902,-7.450580596923828e-09,-0.0020538234493869822,0.007546422344603343,1.9360085539519787,0.05825986713171005,0.9482252597808838,0.05553070828318596,0.04738238453865051,0.15494251251220703,0.21959245204925537,0.02042260393500328,8192,0.297855019569397,5.073606967926025,0.01693800836801529,45744128,49727,22336,1396,-9.104798,0.006971719650027808,0.002557990812056232,-6.144121071696281,-18.919796,0.0047214668964443264,0.002027692444244167,-6.168070322275161,,,0.95,0.9,both,3.778067511676043,4.391615372227983,0.9579509329216518,0.0,-28.581387,2360.423395513579,-9.104798
280,1784902063.1390202,,5.28,,5.28,,4.799999999999999,,4.799999999999999,,7.200000000000002,,7.200000000000002,,1.9800000000000002,,1.9800000000000002,,2.759999999999999,,2.759999999999999,,4.777756234165281,,4.153583181789145,,7.161648580804467,,2.130677755922079,,2.912901295465417,-2.7939677238464355e-09,-0.0020420754444785416,0.006718510609061923,1.946187473833561,0.0481882207095623,0.8130568265914917,0.03615151718258858,-0.02376433089375496,0.13230258226394653,0.29731327295303345,0.011204664595425129,8192,0.5069577097892761,4.22731351852417,0.010710767470300198,45907968,49888,22416,1401,-8.823282,0.010085878765676171,0.0035114815342240035,-6.129344636201859,-11.02879,0.002605732650408754,0.004330867092357948,-6.143721699714661,,,0.95,0.9,both,4.061706218530775,4.502895979812223,0.42034889060894665,0.0,-37.53232,2377.6672671987935,-8.823282
281,1784902132.8150172,,5.28,,5.28,,4.799999999999999,,4.799999999999999,,7.200000000000002,,7.200000000000002,,1.9800000000000002,,1.9800000000000002,,2.759999999999999,,2.759999999999999,,4.726305018179119,,4.464157102629542,,6.586031785234809,,1.589358752593398,,2.5046560587361455,3.725290298461914e-09,-0.0002656197175383568,0.03327593978610821,1.9593646675348282,0.08304762840270996,0.8708869218826294,0.08124072104692459,-0.10400329530239105,0.32190319895744324,0.23122364282608032,0.01915387064218521,8192,0.45893698930740356,3.974102020263672,0.016628606244921684,46071808,50054,22496,1406,-0.74643046,0.005801898952631746,0.003947582101682201,-6.072577795386314,-0.98085153,0.003593223945790669,0.0019735432295419743,-6.117502063512802,,,0.95,0.9,both,4.188746515236234,4.435654410928101,0.48793847483033576,0.0,-23.077557,2351.4554256098863,-0.74643046
282,1784902202.0752378,,5.28,,5.28,,4.799999999999999,,4.799999999999999,,7.200000000000002,,7.200000000000002,,1.9800000000000002,,1.9800000000000002,,2.759999999999999,,2.759999999999999,,5.815464291721582,,5.301688604056835,,7.64942840510048,,2.1814753436483443,,3.021138878306374,1.1175870895385742e-08,-0.00895331690844614,0.03248805331531912,1.9613197483122349,0.11181027442216873,0.7390421032905579,0.07184957712888718,-0.3099532723426819,0.318684846162796,0.2885831296443939,0.025753162801265717,8192,0.502833366394043,4.793838977813721,0.017066745087504387,46235648,50224,22576,1411,-19.403667,0.00897153860569233,0.0034225216797494793,-6.077598756551742,-50.475327,0.0067571880586911,0.002080188287072815,-6.073032996058464,,,0.95,0.9,both,4.29739902040461,4.342051854171203,0.5144238186791974,0.0,-31.730267,2365.571418114591,-19.403667
283,1784902270.855981,,5.28,,5.28,,4.799999999999999,,4.799999999999999,,7.200000000000002,,7.200000000000002,,1.9800000000000002,,1.9800000000000002,,2.759999999999999,,2.759999999999999,,4.71155017032288,,4.433698394335806,,6.8014541319571435,,1.8343152226298116,,2.6143737686797976,-1.1175870895385742e-08,-0.006603506131796166,0.04013546271016821,1.9712923727929592,0.12577208876609802,0.826525092124939,0.16825203597545624,-0.12686191499233246,0.35700684785842896,0.4597013592720032,0.02230871096253395,8192,0.5439285039901733,4.079078197479248,0.016757776960730553,46399488,50389,22656,1416,8.065912,0.004291643863689387,0.0040680388759938065,-6.05598269701004,-49.019936,0.00924275649304036,0.0021160352778679227,-6.074793982505798,,,0.95,0.9,both,4.483348379651263,4.071708652025025,0.43911705549824864,0.0,-19.24084,2382.0621489685136,8.065912
284,1784902340.3698204,,5.28,,5.28,,4.799999999999999,,4.799999999999999,,7.200000000000002,,7.200000000000002,,1.9800000000000002,,1.9800000000000002,,2.759999999999999,,2.759999999999999,,5.348327839514241,,4.461464020423591,,7.3044713120907545,,2.0928564402274787,,2.7520993902580813,0.0,-0.0010826412108144723,0.04699290305143222,1.9655901119112968,0.12081222236156464,0.7959639430046082,0.1277962327003479,-0.038181014358997345,0.38621702790260315,0.1749594807624817,0.019409995526075363,8192,0.5982967615127563,4.391843318939209,0.007100237999111414,46563328,50553,22736,1421,-9.734335,0.007598988308745902,0.002814720245078206,-6.059045442938805,-22.119442,0.0031719362996227574,0.0005159807296877261,-6.087308663129806,,,0.95,0.9,both,3.8768050626800417,3.646312327191228,0.39658941036140594,0.0,-26.34618,2356.9409301418,-9.734335
285,1784902410.8633118,,5.28,,5.28,,4.799999999999999,,4.799999999999999,,7.200000000000002,,7.200000000000002,,1.9800000000000002,,1.9800000000000002,,2.759999999999999,,2.759999999999999,,5.695605946937576,,5.131050628551748,,7.221794247161597,,2.140122371725738,,2.8556872992776334,-2.0954757928848267e-09,0.0003550673136487603,0.005903335564653389,1.9703919440507889,0.12494169175624847,0.9732071161270142,0.053300704807043076,-0.0008754250593483448,0.1357569545507431,0.20724570751190186,0.0252566896378994,8192,0.5270425081253052,4.608852386474609,0.052739448845386505,46727168,50723,22816,1426,-0.67963636,0.006831733700528276,0.004185715639323462,-6.024823689460755,-38.040592,0.0057294630300020796,0.0028387247934006155,-6.084040483832359,,,0.95,0.9,both,3.833327556065156,4.671577374484356,0.37926373707138794,0.0,-23.3931,2324.186059622263,-0.67963636
286,1784902481.0070083,,5.28,,5.28,,4.799999999999999,,4.799999999999999,,7.200000000000002,,7.200000000000002,,1.9800000000000002,,1.9800000000000002,,2.759999999999999,,2.759999999999999,,4.444656601175666,,4.001810867339373,,6.416525295004249,,1.5078911520540714,,2.2777166981250048,-3.259629011154175e-09,0.0001917577174026519,0.03262615168932825,1.9674115516245365,0.15188515186309814,0.8456078767776489,0.14953914284706116,-0.03935033828020096,0.3232297897338867,0.2382914125919342,0.032036036252975464,8192,0.2822241485118866,3.7297203540802,0.008163371123373508,46891008,50886,22896,1431,8.074789,0.0060934948560316116,0.0025055787911696823,-6.069541773200035,-8.965724,0.0036961488796805496,0.002675573612214066,-6.065671062469482,,,0.95,0.9,both,4.502084226547095,4.298364218900548,1.171197886197099,0.0,-14.059792,2335.776533790138,8.074789
287,1784902552.8609703,,5.28,,5.28,,4.799999999999999,,4.799999999999999,,7.200000000000002,,7.200000000000002,,1.9800000000000002,,1.9800000000000002,,2.759999999999999,,2.759999999999999,,4.913521075650351,,4.670848553534597,,7.214241847046651,,1.8652368183247745,,2.7160721535328776,3.725290298461914e-09,-0.018046784913167357,0.045141199603676796,1.9668588228523731,0.06365054845809937,0.9966015219688416,0.06435243040323257,-0.2183404415845871,0.37492987513542175,0.2632431089878082,0.019398842006921768,8192,0.5810089111328125,4.275983810424805,0.015374651178717613,47054848,51048,22976,1436,-9.290918,0.005308420574874617,0.004364236151741352,-6.0979421705007555,-39.756565,0.003745583730051294,0.0012370633659884334,-6.084912925958633,,,0.95,0.9,both,4.238391014874234,4.144321027767986,0.5317084706558892,0.0,-40.385853,2280.180354255957,-9.290918
288,1784902622.2680073,,5.28,,5.28,,4.799999999999999,,4.799999999999999,,7.200000000000002,,7.200000000000002,,1.9800000000000002,,1.9800000000000002,,2.759999999999999,,2.759999999999999,,5.955922627821565,,5.427146190777421,,7.914830701425672,,2.2270391523488797,,3.100581049453467,1.862645149230957e-09,-0.002101926856994396,0.005776035384769784,1.9681825563311577,0.05314503237605095,0.8969407081604004,0.045960985124111176,0.03895232081413269,0.13592079281806946,0.2832461893558502,0.019090693444013596,8192,0.4274531900882721,4.925104141235352,0.01177153829485178,47218688,51213,23056,1441,-15.434723,0.005227008136716904,0.002078593586338684,-6.11631415784359,-38.43615,0.004128889551793691,0.0023931236704811455,-6.078005242347717,,,0.95,0.9,both,4.340157700743886,4.101418382927089,0.346423656068626,0.0,-39.95649,2360.567772849808,-15.434723
289,1784902691.9211977,,5.28,,5.28,,4.799999999999999,,4.799999999999999,,7.200000000000002,,7.200000000000002,,1.9800000000000002,,1.9800000000000002,,2.759999999999999,,2.759999999999999,,4.516419453546405,,4.316883595660329,,6.543327989988029,,1.6595573239028454,,2.4444138445542194,0.0,-0.0038786778459325433,0.005882809971808456,1.978708203881979,0.10116755962371826,0.8580014109611511,0.09665550291538239,-0.20013615489006042,0.1347740888595581,0.4414098858833313,0.024934537708759308,8192,0.44783005118370056,3.896120548248291,0.01522056944668293,47382528,51374,23136,1446,-3.2978108,0.005012628610711545,0.00199513049738016,-6.126636999845505,-16.97698,0.0035727543152461296,0.002327422962116543,-6.097803813219071,,,0.95,0.9,both,4.988072197181405,4.7768713362736355,0.6135964652679331,0.0,-17.096943,2352.225334461423,-3.2978108
290,1784902761.1393464,,5.28,,5.28,,4.799999999999999,,4.799999999999999,,7.200000000000002,,7.200000000000002,,1.9800000000000002,,1.9800000000000002,,2.759999999999999,,2.759999999999999,,6.147431090474129,,5.772670328617096,,8.104824386537075,,2.418137202039361,,3.222662614658475,5.122274160385132e-09,0.0006976209551794454,0.0071331690887745935,1.9762232638895512,0.3608669936656952,0.8751899003982544,0.26408442854881287,-0.036049120128154755,0.1138644590973854,0.3534110188484192,0.02311747521162033,8192,0.18972213566303253,5.133145332336426,0.01596301607787609,47546368,51543,23216,1451,8.184855,0.0041768524257349785,0.004450872214511037,-6.154225990176201,-56.605083,0.008182620973093436,0.002683452860219404,-6.1312243968248366,,,0.95,0.9,both,4.201378987981494,4.981139929009281,0.9927547181372888,0.0,-1.1087654,2367.009195259914,8.184855
291,1784902832.4391997,,5.28,,5.28,,4.799999999999999,,4.799999999999999,,7.200000000000002,,7.200000000000002,,1.9800000000000002,,1.9800000000000002,,2.759999999999999,,2.759999999999999,,5.81101137958467,,5.458612583111972,,7.919099148362875,,2.3953992798924446,,3.0555290547199547,1.862645149230957e-09,0.0005252660193946213,0.02072121304809116,1.9774636030197144,0.15217894315719604,0.7508795857429504,0.11974460631608963,-0.24949060380458832,0.2569524645805359,0.3549792170524597,0.027421221137046814,8192,0.4514576494693756,4.9279303550720215,0.02774210460484028,47710208,51709,23296,1456,-9.484964,0.0069815442693652585,0.004371577746496769,-6.155441063642502,-38.767952,0.0056235091193229895,0.0024032656976487486,-6.149335557222367,,,0.95,0.9,both,4.39840432570224,4.917312454346258,0.5943005601972504,0.0,-15.843008,2297.9008616788187,-9.484964
292,1784902903.48189,,5.28,,5.28,,4.799999999999999,,4.799999999999999,,7.200000000000002,,7.200000000000002,,1.9800000000000002,,1.9800000000000002,,2.759999999999999,,2.759999999999999,,5.80949617549777,,5.351742402446689,,7.763598270714283,,2.3712332281284034,,3.081052005290985,7.450580596923828e-09,-0.00012162218627054244,0.08220196585170925,1.9840978980064392,0.09583969414234161,0.8995509743690491,0.048074349761009216,-0.008350610733032227,0.5110540986061096,0.3946956694126129,0.024650592356920242,8192,0.4879639148712158,4.875424385070801,0.027844522148370743,47874048,51882,23376,1461,-2.2897887,0.006978670158423484,0.00382714383667917,-6.136783376336098,-30.327673,0.007583354334929027,0.0019765995821217075,-6.190965929627419,,,0.95,0.9,both,4.555889790574544,4.726700528538051,0.5238174993070241,0.0,-10.437688,2306.2193296985743,-2.2897887
293,1784902974.1124492,,5.28,,5.28,,4.799999999999999,,4.799999999999999,,7.200000000000002,,7.200000000000002,,1.9800000000000002,,1.9800000000000002,,2.759999999999999,,2.759999999999999,,5.505407613673015,,5.524702776921913,,7.759104402910452,,2.3102346220985055,,3.083932340145111,-7.450580596923828e-09,-0.0002474497596267611,0.03283452556934208,1.9902728386223316,0.11529700458049774,0.9230561256408691,0.1262354999780655,-0.23156775534152985,0.3241257667541504,0.209678053855896,0.024209264665842056,8192,0.469094842672348,4.836676120758057,0.011399454437196255,48037888,52052,23456,1466,-10.029868,0.00644473331340123,0.0036604540364351124,-6.092432290315628,-31.588425,0.003434633388678776,0.0032659403113939334,-6.135599279403687,,,0.95,0.9,both,4.004370551684946,4.368809236506811,0.42383402112966007,0.0,-28.676214,2319.67542244418,-10.029868
294,1784903045.3264124,,5.28,,5.28,,4.799999999999999,,4.799999999999999,,7.200000000000002,,7.200000000000002,,1.9800000000000002,,1.9800000000000002,,2.759999999999999,,2.759999999999999,,4.56689604697749,,3.970884319394827,,6.542291248217225,,1.6250908743822947,,2.4313938429113477,1.3969838619232178e-08,-0.001321963223745115,0.005404438048572047,1.9874054156243801,0.10966920852661133,0.7881866693496704,0.09753797948360443,0.21467992663383484,0.12495946139097214,0.3094993829727173,0.0216074101626873,8192,0.40277114510536194,3.8273112773895264,0.005592898465692997,48201728,52216,23536,1471,1.9267105,0.004861284214712214,0.004661672876682133,-6.134617215394973,-20.984442,0.005498241589521058,0.002742583383951569,-6.1008360683918,,,0.95,0.9,both,4.888283075485075,4.317485199904398,0.5121814292261229,0.0,-22.312613,2300.6724955730847,1.9267105
295,1784903114.985427,,5.28,,5.28,,4.799999999999999,,4.799999999999999,,7.200000000000002,,7.200000000000002,,1.9800000000000002,,1.9800000000000002,,2.759999999999999,,2.759999999999999,,5.2915125004947186,,4.511381436139345,,7.553590093739331,,2.1570687610656023,,2.943126878119074,5.587935447692871e-09,-0.002731374348513782,0.009920807482558303,1.9978257082402706,0.13623549044132233,0.8935257196426392,0.14178307354450226,-0.17604303359985352,0.1781398355960846,0.14771321415901184,0.01850178837776184,8192,0.62015300989151,4.491335868835449,0.01140308752655983,48365568,52388,23616,1476,-6.241029,0.006476618552551372,0.002606787357944995,-6.125408262014389,-27.311346,0.00481027287314646,0.002370417839483707,-6.128464406728744,,,0.95,0.9,both,4.509822152720355,4.139787582098637,0.3523789649739179,0.0,-36.839836,2352.0286668340905,-6.241029
296,1784903183.33424,,5.28,,5.28,,4.799999999999999,,4.799999999999999,,7.200000000000002,,7.200000000000002,,1.9800000000000002,,1.9800000000000002,,2.759999999999999,,2.759999999999999,,4.4447948820889,,3.870644196867943,,6.413821456953883,,1.6435886237304658,,2.401264015585184,-2.0489096641540527e-08,-0.008057100330916,0.004523816345681553,2.007521018385887,0.1566566526889801,0.7903144359588623,0.14446821808815002,-0.2812192738056183,0.11325830221176147,0.36001771688461304,0.02407989092171192,8192,0.3226488530635834,3.7548224925994873,0.022271884605288506,48529408,52559,23696,1481,8.605576,0.00571478944766568,0.00356414297275478,-6.117561620473862,-7.390883,0.005929416682920419,0.0028296599659370257,-6.152771589159966,,,0.95,0.9,both,4.181332091329885,4.735795157671293,0.9176233034347255,0.0,-37.94955,2397.1155307147956,8.605576
297,1784903253.669815,,5.28,,5.28,,4.799999999999999,,4.799999999999999,,7.200000000000002,,7.200000000000002,,1.9800000000000002,,1.9800000000000002,,2.759999999999999,,2.759999999999999,,6.071802494581789,,5.587423782795668,,8.009111694991589,,2.437757210806012,,3.167791163548827,-2.421438694000244e-08,-0.0014147781112114899,0.007105654221959412,2.018190175294876,0.12111233919858932,0.9823170900344849,0.07036085426807404,0.25614023208618164,0.14971598982810974,0.2768961787223816,0.02768511138856411,8192,0.3005952835083008,5.0547776222229,0.01638202555477619,48693248,52730,23776,1486,8.271669,0.0042538410853012465,0.004242964585137088,-6.132699197530746,-63.550514,0.007948914087319282,0.0036774735199287534,-6.16048738360405,,,0.95,0.9,both,4.76995893797629,4.5681451844798096,0.43426190100977946,0.0,-34.35335,2329.4044873155644,8.271669
298,1784903324.1729665,,5.28,,5.28,,4.799999999999999,,4.799999999999999,,7.200000000000002,,7.200000000000002,,1.9800000000000002,,1.9800000000000002,,2.759999999999999,,2.759999999999999,,4.625370714813471,,4.040816935710609,,6.5630368515849105,,1.6429865080863237,,2.2937463968992233,9.313225746154785e-09,-0.006913828779943287,0.02203913632547483,2.00663360953331,0.10639221966266632,0.7149316668510437,0.08694448322057724,-0.1577894389629364,0.2635701894760132,0.3154629170894623,0.030726030468940735,8192,0.4206022322177887,3.8331916332244873,0.05410723388195038,48857088,52905,23856,1491,6.7322745,0.004939241621468682,0.0026204882728052326,-6.146757447719574,-30.916992,0.008654947871400509,0.003141027899982873,-6.141264817118644,,,0.95,0.9,both,4.551031687036078,5.563400795392035,0.5664824949037183,0.0,-36.915237,2323.8676443581417,6.7322745
299,1784903395.5786705,,5.28,,5.28,,4.799999999999999,,4.799999999999999,,7.200000000000002,,7.200000000000002,,1.9800000000000002,,1.9800000000000002,,2.759999999999999,,2.759999999999999,,4.474969295784831,,3.9765236724633723,,6.341598769184202,,1.5999087012605742,,2.3693391853012145,-7.450580596923828e-09,0.0005257332959445193,0.08310551312752068,2.0136180371046066,0.0987282246351242,0.9087015390396118,0.0851760283112526,-0.22508883476257324,0.5157476663589478,0.3325544595718384,0.029155364260077477,8192,0.28203991055488586,3.752467632293701,0.012473643757402897,49020928,53075,23936,1496,-17.274757,0.008466825081268326,0.0030862428480759262,-6.1540590763092045,-13.876677,0.005441118653106969,0.0017568349358043633,-6.194585600495339,,,0.95,0.9,both,4.480091217610062,4.3896654031090625,0.5611419957398689,0.0,-38.910378,2294.494506330524,-17.274757
300,1784903466.9610398,,5.28,,5.28,,4.799999999999999,,4.799999999999999,,7.200000000000002,,7.200000000000002,,1.9800000000000002,,1.9800000000000002,,2.759999999999999,,2.759999999999999,,4.764528917148709,,4.068247642368078,,6.552345714531839,,1.7778580477461219,,2.5729284794069827,3.725290298461914e-09,-0.013504514892701991,0.03366103323060088,2.0226820334792137,0.16119375824928284,0.8664289712905884,0.13816124200820923,0.1429232656955719,0.32733750343322754,0.34719377756118774,0.017041772603988647,8192,0.5132433176040649,3.9471817016601562,0.017535116523504257,49184768,53238,24016,1501,5.403758,0.005654853839223506,0.004243651176511776,-6.167377641797065,-10.680886,0.005198795670003165,0.0009185878221614985,-6.190430292487145,,,0.95,0.9,both,4.832577155081874,3.487233288407443,0.56185768611607,0.0,-24.799694,2295.2447260027984,5.403758
301,1784903538.7404773,,5.28,,5.28,,4.799999999999999,,4.799999999999999,,7.200000000000002,,7.200000000000002,,1.9800000000000002,,1.9800000000000002,,2.759999999999999,,2.759999999999999,,5.838001661002636,,4.99124941509217,,7.337048912420869,,2.2332761557772756,,3.0242758905515075,1.6763806343078613e-08,-0.022631524348980747,0.018616418150486425,2.0141693353652954,0.09388918429613113,0.8004236817359924,0.06993459910154343,0.1558992862701416,0.2443886399269104,0.3079763948917389,0.012481959536671638,8192,0.6130337715148926,4.684770584106445,0.014236707240343094,49348608,53403,24096,1506,9.06213,0.0047932281602697914,0.0037495200609555467,-6.18794164955616,-8.8155575,0.003789352647436317,0.0029269422971992753,-6.206907305121422,,,0.95,0.9,both,4.355055315776806,4.581871607729303,0.3909317569663183,0.0,-17.793964,2282.548393353417,9.06213
302,1784903608.3782678,,5.28,,5.28,,4.799999999999999,,4.799999999999999,,7.200000000000002,,7.200000000000002,,1.9800000000000002,,1.9800000000000002,,2.759999999999999,,2.759999999999999,,5.686395831173286,,5.172932616318576,,7.626772289397195,,2.093905403278768,,2.9709387701004744,-9.313225746154785e-10,-0.011484421152999857,0.025431485089939088,2.0240369960665703,0.08010763674974442,0.8826948404312134,0.08811464160680771,0.09495175629854202,0.27999088168144226,0.221853569149971,0.013512663543224335,8192,0.5506941676139832,4.710189342498779,0.01924823224544525,49512448,53568,24176,1511,0.0873848,0.005503270722692832,0.0029725564734690126,-6.232638713717461,-32.13158,0.003282164590200409,0.0021475525747518985,-6.215550139546394,,,0.95,0.9,both,4.071593010783317,4.696589927129075,0.3558688564653125,0.0,-19.184004,2352.744898409809,0.0873848
303,1784903678.3700051,,5.28,,5.28,,4.799999999999999,,4.799999999999999,,7.200000000000002,,7.200000000000002,,1.9800000000000002,,1.9800000000000002,,2.759999999999999,,2.759999999999999,,4.5421664491295815,,4.08149497769773,,6.7072093253955245,,1.6599047449417412,,2.4373228698950697,-9.313225746154785e-10,-0.0052060396410524845,0.004378726698632818,2.025259144604206,0.11666770279407501,0.764014720916748,0.1024092435836792,-0.05519634857773781,0.1184544637799263,0.26063379645347595,0.017482619732618332,8192,0.42494821548461914,3.8856194019317627,0.0060529084876179695,49676288,53732,24256,1516,-1.081475,0.00610902865882963,0.00358996580762323,-6.236631947755813,-4.2108674,0.0038857103514601476,0.0020706073803012258,-6.2113325744867325,,,0.95,0.9,both,4.473017140075678,4.389525122459932,0.4456697555309164,0.0,-48.8468,2340.847716252766,-1.081475
304,1784903748.1765726,,5.28,,5.28,,4.799999999999999,,4.799999999999999,,7.200000000000002,,7.200000000000002,,1.9800000000000002,,1.9800000000000002,,2.759999999999999,,2.759999999999999,,4.810529354959726,,4.0688402615487576,,6.597392614930868,,1.7611236604861915,,2.483328964561224,-5.587935447692871e-09,-0.005857057185494341,0.005798834579763934,2.0317963287234306,0.14838546514511108,0.8428609371185303,0.13302898406982422,-0.15064674615859985,0.13370634615421295,0.3821832537651062,0.01657295972108841,8192,0.476082980632782,3.9442429542541504,0.015022821724414825,49840128,53895,24336,1521,-9.923777,0.006847008723707404,0.0030373014757060445,-6.268010732531548,-16.799679,0.006278047136584064,0.0008891561919881497,-6.229739457368851,,,0.95,0.9,both,4.303872566347982,3.7395855468014694,0.47349357742007336,0.0,-19.053822,2347.0570995023236,-9.923777
305,1784903804.2906563,,5.28,,5.28,,4.799999999999999,,4.799999999999999,,7.200000000000002,,7.200000000000002,,1.9800000000000002,,1.9800000000000002,,2.759999999999999,,2.759999999999999,,5.25824389581976,,5.365362089127302,,7.805183120071888,,2.2232196590630338,,3.0167533783242106,9.313225746154785e-10,0.00015444053860846907,0.022177679260494187,2.034752629697323,0.246048703789711,0.843559741973877,0.23858436942100525,0.1650320589542389,0.263214647769928,0.2885061502456665,0.01311845239251852,8192,0.5386181473731995,4.733752250671387,0.018809262663125992,49971200,54034,24400,1525,-11.752005,0.005937581408943515,0.004509527210029773,-6.259966078400612,-47.79376,0.010203460890625137,0.003380751421718742,-6.237951803207397,,,0.95,0.9,both,4.967417783442334,4.677529216992179,0.42894014993939666,0.0,-38.534492,2919.766312654718,-11.752005
