# _tick,_time,plr_track_ground_roughness,track_ground_roughness,plr_track_student_ground_roughness,track_student_ground_roughness,plr_track_pit_gap_low,track_pit_gap_low,plr_track_student_pit_gap_low,track_student_pit_gap_low,plr_track_pit_gap_high,track_pit_gap_high,plr_track_student_pit_gap_high,track_student_pit_gap_high,plr_track_stump_height_low,track_stump_height_low,plr_track_student_stump_height_low,track_student_stump_height_low,plr_track_stump_height_high,track_stump_height_high,plr_track_student_stump_height_high,track_student_stump_height_high,plr_track_stair_height_low,track_stair_height_low,plr_track_student_stair_height_low,track_student_stair_height_low,plr_track_stair_height_high,track_stair_height_high,plr_track_student_stair_height_high,track_student_stair_height_high,plr_track_stair_steps,track_stair_steps,plr_track_student_stair_steps,track_student_stair_steps,plr_track_ued_ground_roughness,track_ued_ground_roughness,plr_track_ued_pit_gap_low,track_ued_pit_gap_low,plr_track_ued_pit_gap_high,track_ued_pit_gap_high,plr_track_ued_stump_height_low,track_ued_stump_height_low,plr_track_ued_stump_height_high,track_ued_stump_height_high,plr_track_ued_stair_height_low,track_ued_stair_height_low,plr_track_ued_stair_height_high,track_ued_stair_height_high,plr_track_ued_stair_steps,track_ued_stair_steps,mean_env_return,adversary_env_pg_loss,adversary_env_value_loss,adversary_env_dist_entropy,dces_l_pi,dces_l_delta,dces_l_tot,dces_q_delta,dces_q_delta_std,dces_w1,dces_w2,dces_buf,dces_c_std,dces_c_absmean,dces_reg_std,steps,total_episodes,total_seeds,total_student_grad_updates,mean_agent_return,agent_value_loss,agent_pg_loss,agent_dist_entropy,mean_adversary_agent_return,adversary_value_loss,adversary_pg_loss,adversary_dist_entropy,kl_loss_advagent_agent,kl_loss_agent_advagent,dps_lambda_skill,dps_lambda_target,dps_mode,agent_grad_norm,adversary_grad_norm,adversary_env_grad_norm,solved_rate:BipedalWalker-MADS-Hard-Eval-v0,test_returns:BipedalWalker-MADS-Hard-Eval-v0,sps,target_agent_return
0,1784820023.5428782,,8.0,,8.0,,6.0,,6.0,,10.0,,10.0,,1.0,,1.0,,4.0,,4.0,,2.0,,2.0,,5.0,,5.0,,8.0,,8.0,,8.08142394758761,,6.035709681222215,,9.837588297203183,,0.9815681818290614,,4.068508872151142,,1.9373057717602933,,4.845114911906421,,8.25,0.0012894491665065289,0.0011251613614149392,0.012721899729513098,1.420055940747261,0.9978388547897339,0.0,1.0626747608184814,-0.11603197455406189,0.003430958604440093,0.6599684953689575,0.703803539276123,16,0.45538824796676636,5.50465202331543,0.11804810911417007,32768,107,16,1,-127.11998,0.16525117391720415,-0.002335865359054878,5.673908084630966,-122.19369,0.13516910481266678,-0.003758416822529398,5.673665016889572,,,0.95,0.9,none,0.3628768330174691,0.36406086304633895,0.8799387543819879,0.0,-130.86577,2223.1851634188124,-127.11998
1,1784820093.5779395,,8.0,,8.0,,6.0,,6.0,,10.0,,10.0,,1.0,,1.0,,4.0,,4.0,,2.0,,2.0,,5.0,,5.0,,8.0,,8.0,,7.783927615731955,,6.179550261964323,,9.813078704522923,,1.1378511590883136,,4.106018343525648,,2.1690072691999376,,4.876081514754333,,8.3125,0.0007304311729967594,-0.011035670177079737,0.13799399259733036,1.4235388152301311,0.947128415107727,0.9379069209098816,0.9472330212593079,-0.08758983016014099,0.001792376977391541,0.7227063775062561,0.6654031872749329,96,0.4135134220123291,5.5472517013549805,0.05190126597881317,196608,673,96,6,-120.246376,0.051048624073155226,-0.004193836906051729,5.619460836052895,-118.10103,0.03571437820792198,-0.003051521148881875,5.667192456126213,,,0.95,0.9,none,0.3733890537632585,0.35067530326556373,1.7387004369503032,0.0,-125.28955,2339.402870602764,-120.246376
2,1784820164.2598913,,8.0,,8.0,,6.0,,6.0,,10.0,,10.0,,1.0,,1.0,,4.0,,4.0,,2.0,,2.0,,5.0,,5.0,,8.0,,8.0,,8.465785940177739,,6.761847250163555,,9.992152695544064,,1.2911597929196432,,4.124505293904804,,2.2178824814909603,,4.949941391198081,,8.75,0.001276212278753519,-0.0021657783654518425,0.11855273164110258,1.4338951259851456,0.8995696902275085,0.9314851760864258,0.8776947259902954,-0.006496143061667681,0.003773146541789174,0.8156716823577881,0.6371341943740845,176,0.2951574921607971,5.819159507751465,0.025717277079820633,360448,924,176,11,-130.45676,0.016733981610741466,-0.0031703270797152072,5.539016273617745,-143.24702,0.014498009128146805,-0.003557629505667137,5.563428616523742,,,0.95,0.9,none,0.3427640010461325,0.3451545528731617,1.676029287054515,0.0,-126.763794,2317.9856231458048,-130.45676
3,1784820233.331936,,8.0,,8.0,,6.0,,6.0,,10.0,,10.0,,1.0,,1.0,,4.0,,4.0,,2.0,,2.0,,5.0,,5.0,,8.0,,8.0,,7.857564056641422,,5.773787668789737,,9.513739923015237,,0.9529062185902148,,3.9015649209031835,,1.8952685050899163,,4.79129607626237,,7.6875,0.0032267507631331682,-0.003910988918505609,0.05297841751598753,1.4431457743048668,0.8399922251701355,0.926568865776062,0.7793340682983398,-0.013437938876450062,0.008058007806539536,1.042032241821289,0.5891252756118774,256,0.38141337037086487,5.296703815460205,0.06925415992736816,524288,1126,256,16,-123.76222,0.01086720438033808,-0.003091972642869223,5.34372965991497,-119.2042,0.04192111628362909,-0.002211558979615802,5.417860800027848,,,0.95,0.9,none,0.4020946420961555,0.3728480008855744,1.1939445947793645,0.0,-125.93953,2372.0156443474953,-123.76222
4,1784820301.978881,,8.0,,8.0,,6.0,,6.0,,10.0,,10.0,,1.0,,1.0,,4.0,,4.0,,2.0,,2.0,,5.0,,5.0,,8.0,,8.0,,7.2735721711069345,,5.390096242539585,,9.284297526814044,,0.814599580509821,,3.6566671412438154,,1.8531187982298434,,4.649871015921235,,7.5,0.008540371432900429,-0.0009211499709635973,0.0009842361405389966,1.4498842768371105,0.7608574032783508,0.9179384112358093,0.63737952709198,-0.0018684843089431524,0.020711824297904968,1.3385376930236816,0.5325055122375488,336,0.3703085780143738,5.052777290344238,0.02054927684366703,688128,1299,336,21,-116.80025,0.012889006757177413,-0.0020518812889349647,5.086504885554314,-136.38547,0.011397655447944998,-0.0033062738279113547,5.245831471681595,,,0.95,0.9,none,0.46428248884288015,0.4348329309734959,0.7491404776000343,0.0,-125.411766,2386.7050835518976,-116.80025
5,1784820370.8001933,,8.0,,8.0,,6.0,,6.0,,10.0,,10.0,,1.0,,1.0,,4.0,,4.0,,2.0,,2.0,,5.0,,5.0,,8.0,,8.0,,7.908202948048711,,5.970813377294689,,9.859209399670362,,0.9628930173348635,,3.9835745926829986,,1.767408104147762,,4.910572797351051,,8.125,0.019076280295848846,0.00048052275087684393,0.01162259174452629,1.4516977928578854,0.6942777037620544,0.9055630564689636,0.5732181668281555,-0.025649050250649452,0.05727139487862587,1.4340341091156006,0.48442697525024414,416,0.4150247275829315,5.435959339141846,0.012693156488239765,851968,1470,416,26,-135.63701,0.017733995395246893,-0.0031618264751159587,4.812312558293343,-119.36188,0.01620771497837268,-0.001720864612434525,5.050876548886299,,,0.95,0.9,none,0.44240180920685984,0.45103793325624536,0.808474123368188,0.0,-110.32286,2380.658148594643,-135.63701
6,1784820440.3511074,,8.0,,8.0,,6.0,,6.0,,10.0,,10.0,,1.0,,1.0,,4.0,,4.0,,2.0,,2.0,,5.0,,5.0,,8.0,,8.0,,7.940202930010855,,6.082930858246982,,9.593424178659916,,0.9034222860937007,,4.090151718584821,,1.9204123585950583,,4.80507693591062,,7.8125,0.025676988065242767,-0.007289643515832722,0.008739308723306749,1.4542310647666454,0.7087587714195251,0.8907469511032104,0.625360369682312,-0.016856420785188675,0.06648958474397659,1.4356684684753418,0.49044081568717957,496,0.437193900346756,5.393515586853027,0.02133091725409031,1015808,1638,496,31,-115.60152,0.008647122548427432,-0.0027720588637748732,4.516373917460442,-129.85599,0.015548898710403592,-0.001066353743954096,4.817878696322441,,,0.95,0.9,none,0.5801399353128172,0.5119773027986563,0.7469982729173099,0.0,-123.78874,2355.685610391134,-115.60152
7,1784820509.2007651,,8.0,,8.0,,6.0,,6.0,,10.0,,10.0,,1.0,,1.0,,4.0,,4.0,,2.0,,2.0,,5.0,,5.0,,8.0,,8.0,,8.075737510807812,,5.79985599941574,,9.57691217912361,,1.0249473555013537,,3.998960057971999,,1.894778424873948,,4.836159590631723,,8.0625,0.041427645832300186,-0.0016243596328422427,0.012491964051150717,1.463329739868641,0.5873734951019287,0.8665164709091187,0.34933388233184814,-0.04599966108798981,0.12556582689285278,1.386734127998352,0.4664064645767212,576,0.45567548274993896,5.408731460571289,0.005233616102486849,1179648,1808,576,36,-139.89941,0.019840973924146965,-0.004289572310517542,4.297775533795357,-116.49724,0.008617527902242728,-0.0017478649402619339,4.575763860344887,,,0.95,0.9,none,0.5661236187076091,0.577083533492184,0.7508331839729745,0.0,-113.951294,2379.6761027214156,-139.89941
8,1784820576.2787392,,8.0,,8.0,,6.0,,6.0,,10.0,,10.0,,1.0,,1.0,,4.0,,4.0,,2.0,,2.0,,5.0,,5.0,,8.0,,8.0,,7.817896724212915,,6.051001883810386,,9.443665156140924,,0.9966810736805201,,3.8977791237994097,,1.7874376124236733,,4.832364724949002,,7.875,0.048760175704956055,-0.000125460559502244,0.013513250029063784,1.4637192599475384,0.5153368711471558,0.9218103289604187,0.32956212759017944,-0.034171197563409805,0.13569527864456177,1.3068093061447144,0.44459420442581177,656,0.39462044835090637,5.337728023529053,0.013159469701349735,1343488,1979,656,41,-114.59114,0.019924564118264244,-0.0021265024042804725,4.041181790828705,-110.48826,0.010352409651386552,-0.0031135919554799328,4.360679268836975,,,0.95,0.9,none,0.6263505739566452,0.6209430778116145,0.686642214103612,0.0,-106.20117,2442.5309744814863,-114.59114
9,1784820644.67522,,8.0,,8.0,,6.0,,6.0,,10.0,,10.0,,1.0,,1.0,,4.0,,4.0,,2.0,,2.0,,5.0,,5.0,,8.0,,8.0,,8.203717179596424,,6.00396347080823,,9.636429753154516,,1.0484420210123062,,4.081455661915243,,2.056291669374332,,4.963605310767889,,8.0625,0.13103561103343964,-0.007374100474407896,0.011551393778063357,1.4635399617254734,0.5970738530158997,0.816240668296814,0.5890231132507324,-0.06347928941249847,0.34903597831726074,1.0357757806777954,0.48780083656311035,736,0.42364490032196045,5.507050514221191,0.018952494487166405,1507328,2157,736,46,-103.274124,0.011763499389053323,-0.0020902695367112758,3.7510109037160873,-112.19065,0.01204977668239735,-0.0011494721802591812,4.10332216322422,,,0.95,0.9,none,0.6131592410294694,0.66530878770348,0.5962290861371125,0.0,-102.36152,2395.444540927132,-103.274124
10,1784820712.0212505,,8.0,,8.0,,6.0,,6.0,,10.0,,10.0,,1.0,,1.0,,4.0,,4.0,,2.0,,2.0,,5.0,,5.0,,8.0,,8.0,,7.540245066396892,,5.703999158577062,,9.552043938543648,,0.8528819077182561,,3.8989287018193863,,1.6987822777591646,,4.698999957414344,,7.75,0.0782121866941452,-0.0012740314123220742,0.006370055765728466,1.4665412940084934,0.6054280400276184,0.8915956616401672,0.35767966508865356,0.07500696927309036,0.2014710158109665,1.0523624420166016,0.40620720386505127,816,0.43202102184295654,5.211985111236572,0.01675826869904995,1671168,2326,816,51,-85.33637,0.007660788363136817,-0.0016158038517460227,3.451061284542084,-100.69618,0.008189659781055524,-0.0018984358350280673,3.84976849257946,,,0.95,0.9,none,0.7511660430308268,0.7292612816187939,0.603991582260988,0.0,-95.038666,2432.8084469950436,-85.33637
11,1784820780.1352365,,8.0,,8.0,,6.0,,6.0,,10.0,,10.0,,1.0,,1.0,,4.0,,4.0,,2.0,,2.0,,5.0,,5.0,,8.0,,8.0,,7.693601177539676,,5.458724789321423,,9.548223179066554,,0.8689642314566299,,3.838642511633225,,2.005079022841528,,4.855934234336019,,8.0,0.026872070506215096,-0.01265286363195628,0.0024999685847433284,1.4627469331026077,0.6323045492172241,0.8983627557754517,0.5122391581535339,-0.07118221372365952,0.0676119327545166,1.081108570098877,0.38235604763031006,896,0.3618527352809906,5.283646106719971,0.01730969361960888,1835008,2494,896,56,-79.27864,0.00858506275981199,-0.0015543488756520674,3.18991983383894,-101.75008,0.013761063569108955,-0.0026594965034746564,3.6014291435480117,,,0.95,0.9,none,0.7784653153472155,0.7141809216316062,0.6998684912671511,0.0,-97.269424,2405.3798892205855,-79.27864
12,1784820848.740324,,8.0,,8.0,,6.0,,6.0,,10.0,,10.0,,1.0,,1.0,,4.0,,4.0,,2.0,,2.0,,5.0,,5.0,,8.0,,8.0,,8.258301227033371,,6.213092776713893,,9.903365049976856,,1.123691116925329,,4.153873004950583,,2.0154799019219354,,4.886929322034121,,8.5,0.08815904706716537,-0.00035517843207344413,0.012820220203138888,1.4542556069791317,0.5590825080871582,0.9615147709846497,0.49342530965805054,0.1906089186668396,0.25482887029647827,0.9393092393875122,0.3952789604663849,976,0.4055495858192444,5.631841659545898,0.01724238321185112,1998848,2661,976,61,-91.40762,0.013667352037737146,-0.0011476134066469967,2.9273257732391356,-100.823074,0.011499117306084373,-0.0013399957722867839,3.341096620261669,,,0.95,0.9,none,0.8339346832168573,0.8122711345899504,0.6721767708401499,0.0,-90.942,2388.160995991542,-91.40762
13,1784820916.4101934,,8.0,,8.0,,6.0,,6.0,,10.0,,10.0,,1.0,,1.0,,4.0,,4.0,,2.0,,2.0,,5.0,,5.0,,8.0,,8.0,,8.455150836147368,,6.329055702430196,,9.94060792401433,,1.1589320537168533,,4.199435708578676,,2.302137555554509,,4.95382621511817,,8.4375,0.05163552239537239,-0.0017240618471987545,0.028843210617196746,1.4651563987135887,0.5530354976654053,0.8447151184082031,0.48185768723487854,0.05200909823179245,0.16124150156974792,1.0046048164367676,0.3487207889556885,1056,0.3459630608558655,5.722081184387207,0.014423826709389687,2162688,2830,1056,66,-91.09836,0.01978489288594574,-0.0016420478961663321,2.671555718779564,-95.73245,0.009141839100630022,-0.002042159705160884,3.0506676986813543,,,0.95,0.9,none,0.8900630512834493,0.8720483233737426,0.9338185401874977,0.0,-92.56643,2421.169721274241,-91.09836
14,1784820982.6237264,,8.0,,8.0,,6.0,,6.0,,10.0,,10.0,,1.0,,1.0,,4.0,,4.0,,2.0,,2.0,,5.0,,5.0,,8.0,,8.0,,8.154266282916069,,6.397103610448539,,9.915446755941957,,1.097330323420465,,4.149673237930983,,2.150981321465224,,4.823254137590993,,8.375,0.01982777751982212,-0.006248498626518995,0.0021059488790342584,1.4750253781676292,0.5011327266693115,0.7746312618255615,0.33067405223846436,0.11642096191644669,0.05234120786190033,0.8348153829574585,0.3392418622970581,1136,0.41542765498161316,5.632882595062256,0.006891691591590643,2326528,3006,1136,71,-108.754395,0.01945239168126136,-0.0009015448318677955,2.4600184932351112,-87.53003,0.00849124182423111,-0.0021373976313043387,2.797778460383415,,,0.95,0.9,none,1.0633537405428737,0.8563053493167171,0.641845246449088,0.0,-86.605515,2474.415187128053,-108.754395
15,1784821048.7973297,,8.0,,8.0,,6.0,,6.0,,10.0,,10.0,,1.0,,1.0,,4.0,,4.0,,2.0,,2.0,,5.0,,5.0,,8.0,,8.0,,8.302109004929662,,6.321766468230635,,9.789786519482732,,1.21547987498343,,4.073189342627302,,2.0161868708673865,,4.911984720965847,,8.0625,0.06640025228261948,-0.015306085057090968,0.008536692781490274,1.4812697879970074,0.5972625017166138,0.9023034572601318,0.5176265239715576,-0.06321513652801514,0.16969342529773712,0.8199774026870728,0.3142441511154175,1216,0.43413877487182617,5.586625576019287,0.010556390509009361,2490368,3173,1216,76,-65.09242,0.012223735495354049,-0.0018669695265998599,2.2214795887470244,-74.80992,0.007207888692209963,-0.0015521913359407336,2.467049939930439,,,0.95,0.9,none,1.000709778567256,1.0202458806947026,0.688415519723033,0.0,-84.66011,2475.9116233969685,-65.09242
16,1784821116.313119,,8.0,,8.0,,6.0,,6.0,,10.0,,10.0,,1.0,,1.0,,4.0,,4.0,,2.0,,2.0,,5.0,,5.0,,8.0,,8.0,,7.484238282311708,,5.802782255224884,,9.733858071558643,,0.8459151622955687,,3.855328984791413,,1.8997170332004316,,4.7518384493887424,,7.5625,0.03497769311070442,-0.014359706779941916,0.0027266391516604926,1.4876781404018402,0.4312244951725006,0.9351038932800293,0.27911582589149475,0.23776577413082123,0.0836368054151535,0.922492504119873,0.26695001125335693,1296,0.38634541630744934,5.242022514343262,0.008480546064674854,2654208,3344,1296,81,-72.02384,0.01295458192762453,-0.0011590591064305044,2.0106769509613516,-74.89349,0.007099924977228511,-0.0022436916406149976,2.1228451460599898,,,0.95,0.9,none,1.142951449115414,1.0898958693457035,0.5823513523405797,0.0,-88.36377,2426.6915181332483,-72.02384
17,1784821183.4715416,,8.0,,8.0,,6.0,,6.0,,10.0,,10.0,,1.0,,1.0,,4.0,,4.0,,2.0,,2.0,,5.0,,5.0,,8.0,,8.0,,8.002504766918719,,6.058415551669896,,9.772030044347048,,1.0822240388952196,,4.014892685285304,,1.9948883862234652,,4.799911272712052,,8.0625,0.07465581595897675,-0.000520653382409364,0.01088741000421578,1.4850773438811302,0.3682936131954193,0.9124270081520081,0.26784780621528625,0.04204942286014557,0.19195398688316345,0.6828935742378235,0.29122593998908997,1376,0.4350241720676422,5.473421096801758,0.010982396081089973,2818048,3517,1376,86,-80.175095,0.016495151864364743,-0.0015342282204073854,1.802669107913971,-71.93612,0.006589199425070547,-0.0011190116638317704,1.8666697807610035,,,0.95,0.9,none,1.2017928085978569,1.2094575346437586,0.7564349521071095,0.0,-83.98018,2439.6045403583585,-80.175095
18,1784821251.1491692,,8.0,,8.0,,6.0,,6.0,,10.0,,10.0,,1.0,,1.0,,4.0,,4.0,,2.0,,2.0,,5.0,,5.0,,8.0,,8.0,,8.148633941076696,,5.970903607085347,,9.81638424564153,,1.133522885851562,,4.126137691142503,,2.2291091857478023,,4.930683173937723,,8.25,0.0327141098678112,-0.008221134776249528,0.009093690525332931,1.48747393861413,0.36622363328933716,0.9110249876976013,0.23982815444469452,-0.1379813551902771,0.0945633202791214,0.7721949815750122,0.2768130898475647,1456,0.40064507722854614,5.575671672821045,0.010735617950558662,2981888,3691,1456,91,-74.019485,0.01870588952442631,-0.0012592125553055667,1.6383161664009094,-62.911304,0.005611870375287253,-0.001200722023168055,1.5804803468286992,,,0.95,0.9,none,1.21897141397486,1.2133621998469402,0.8651548873198389,0.0,-79.79057,2420.888772441935,-74.019485
19,1784821319.3656979,,8.0,,8.0,,6.0,,6.0,,10.0,,10.0,,1.0,,1.0,,4.0,,4.0,,2.0,,2.0,,5.0,,5.0,,8.0,,8.0,,7.318630870431662,,5.153322940692306,,9.111597143113613,,0.5846349438652396,,3.518865056335926,,1.5814273907308234,,4.6137750167399645,,7.0,0.06261467933654785,-0.001564754988066852,0.1842448168899864,1.4986577816307545,0.40469932556152344,0.8655297756195068,0.3368874192237854,-0.292794406414032,0.1934685856103897,0.8425553441047668,0.24356286227703094,1536,0.18037006258964539,4.860281944274902,0.01933727227151394,3145728,3884,1536,96,-82.151306,0.019810673454776405,-0.0006382967927493155,1.5212371684610844,-64.77171,0.009802186713204718,-0.0011288618210528512,1.3812346816062928,,,0.95,0.9,none,1.229900767236392,1.2505467606811405,1.920215288968239,0.0,-81.06578,2401.763923350156,-82.151306
20,1784821385.6420956,,8.0,,8.0,,6.0,,6.0,,10.0,,10.0,,1.0,,1.0,,4.0,,4.0,,2.0,,2.0,,5.0,,5.0,,8.0,,8.0,,7.5516073275357485,,5.198741514235735,,9.167109724134207,,0.6107888659462333,,3.6193668921478093,,1.6359976011954132,,4.678025532979518,,7.3125,0.04190303385257721,0.001191825489513576,0.007068670809530886,1.5050536580383778,0.30721184611320496,0.8238791227340698,0.1753252148628235,0.22432288527488708,0.11420871317386627,0.8237389326095581,0.23914968967437744,1616,0.3359485864639282,4.971766948699951,0.00613120524212718,3309568,4060,1616,101,-55.093983,0.01825334343011491,-0.0005505435954546555,1.3474048167467116,-57.728302,0.00598081956122769,-0.0010231128486339002,1.1016577199101447,,,0.95,0.9,none,1.264529646827113,1.3938836085200577,0.8607663484267498,0.0,-82.160614,2472.0756080136784,-55.093983
21,1784821453.160416,,8.0,,8.0,,6.0,,6.0,,10.0,,10.0,,1.0,,1.0,,4.0,,4.0,,2.0,,2.0,,5.0,,5.0,,8.0,,8.0,,7.399850327987224,,5.4595982395112514,,9.400652503594756,,0.7836800557561219,,3.7775346429552883,,1.700329705607146,,4.735060767736286,,7.5625,0.04672800377011299,-0.0004439017502591014,0.003984887400292791,1.504648644477129,0.5837898254394531,0.8820318579673767,0.4478157162666321,-0.12557463347911835,0.12494107335805893,0.6501146554946899,0.21388529241085052,1696,0.39160269498825073,5.102400779724121,0.030158404260873795,3473408,4231,1696,106,-48.6823,0.009632859553676099,-0.0012170195841463283,1.1416016176342965,-64.95116,0.012130674457876012,-0.0007747628158540465,0.8820696178823709,,,0.95,0.9,none,1.214226611807371,1.4619476107134763,0.5312091787779328,0.0,-84.99242,2426.5968229521677,-48.6823
22,1784821521.3478866,,8.0,,8.0,,6.0,,6.0,,10.0,,10.0,,1.0,,1.0,,4.0,,4.0,,2.0,,2.0,,5.0,,5.0,,8.0,,8.0,,7.61969556286931,,6.008295947685838,,9.414891358501336,,0.9090472402749583,,3.764806908206083,,1.7610981838661246,,4.7244402973446995,,7.625,0.029447758570313454,-0.014029387733899057,0.0018077969862133614,1.512748409062624,0.6633553504943848,0.784594714641571,0.5918611288070679,0.07701383531093597,0.07353480905294418,0.6706051826477051,0.19489535689353943,1776,0.4335968792438507,5.228409290313721,0.04633854329586029,3637248,4407,1776,111,-43.061104,0.010642040861421264,0.00032562193082412704,0.9339673843234777,-71.16597,0.0094276708929101,-0.0010364753572503105,0.7489632278680801,,,0.95,0.9,none,1.38610596922624,1.3155171300139021,0.52674969411128,0.0,-75.3034,2402.787810646777,-43.061104
23,1784821588.8381853,,8.0,,8.0,,6.0,,6.0,,10.0,,10.0,,1.0,,1.0,,4.0,,4.0,,2.0,,2.0,,5.0,,5.0,,8.0,,8.0,,8.382922068471089,,6.422250386793166,,9.753978018648922,,1.1907569086179137,,3.967288385145366,,1.9972606828669086,,4.810507555259392,,8.125,0.08880931884050369,-0.004920352657791227,0.03276936348993331,1.5141424275934696,0.3398366868495941,0.8791454434394836,0.22194059193134308,-0.049354176968336105,0.22141440212726593,0.8498387932777405,0.16874518990516663,1856,0.44652196764945984,5.5812458992004395,0.013735145330429077,3801088,4576,1856,116,-55.747456,0.009540518157882616,-0.0002388721753959544,0.7719610802829265,-47.21762,0.006083205594040919,-0.0003354335407493636,0.5255188170820475,,,0.95,0.9,none,1.5650934676513937,1.6142586841817235,0.9770511836270779,0.0,-86.66339,2427.607719294038,-55.747456
24,1784821655.730741,,8.0,,8.0,,6.0,,6.0,,10.0,,10.0,,1.0,,1.0,,4.0,,4.0,,2.0,,2.0,,5.0,,5.0,,8.0,,8.0,,8.245159549638629,,6.345281717600301,,9.763512855395675,,1.2221719129011035,,4.04891203623265,,2.06438241165597,,4.886595346964896,,8.0625,0.03797145187854767,-0.0023229438811540604,0.0013522726167138899,1.5136391259729862,0.5826815366744995,1.0093704462051392,0.4419601559638977,-0.10959842801094055,0.10878950357437134,0.5368696451187134,0.17856447398662567,1936,0.4152776896953583,5.579814434051514,0.039597105234861374,3964928,4765,1936,121,-45.577297,0.007829648035112768,-7.202911365311593e-05,0.578271907940507,-81.94705,0.014857624238356949,-0.00015649549022782593,0.4114460825920105,,,0.95,0.9,none,1.5359585115437215,1.6500411800426538,0.6087562877841501,0.0,-89.96468,2449.3009077300735,-45.577297
25,1784821722.6458037,,8.0,,8.0,,6.0,,6.0,,10.0,,10.0,,1.0,,1.0,,4.0,,4.0,,2.0,,2.0,,5.0,,5.0,,8.0,,8.0,,8.232597528025508,,6.712420029565692,,9.805348237743601,,1.356585637666285,,4.18771370255854,,2.403785774949938,,4.922084650490433,,8.5625,0.03531831502914429,-0.0068159098154865205,0.002696898878639331,1.5203686095774174,0.5796579718589783,0.851749062538147,0.3658130168914795,0.026608947664499283,0.09385208040475845,0.7437096238136292,0.17091989517211914,2016,0.35780829191207886,5.772879600524902,0.02832215093076229,4128768,4939,2016,126,-44.41483,0.010567880221060477,0.0005354737601010129,0.42460334245115516,-68.31995,0.013930531189544126,-0.0005374737251258921,0.2364793423563242,,,0.95,0.9,none,1.6556554207449246,1.557501255691765,0.5467176765409061,0.0,-85.974724,2448.478965834177,-44.41483
26,1784821792.7300873,,8.0,,8.0,,6.0,,6.0,,10.0,,10.0,,1.0,,1.0,,4.0,,4.0,,2.0,,2.0,,5.0,,5.0,,8.0,,8.0,,8.445789605379105,,6.8458745561074466,,9.942265476944158,,1.4145742577966303,,4.357845986261964,,2.359777849400416,,4.976718014106154,,8.8125,0.0665242001414299,-0.001833559654187411,0.01365519478713395,1.5237179808318615,0.5730713605880737,0.7971781492233276,0.48789313435554504,-0.21020714938640594,0.18462757766246796,0.8071328401565552,0.15276062488555908,2096,0.2668514847755432,5.894418239593506,0.018336748704314232,4292608,5108,2096,131,-36.25434,0.007815175913856364,-0.0001577552939124871,0.28820110149681566,-45.5075,0.0077205789479194206,-0.000851187425723765,0.08206826746463776,,,0.95,0.9,none,1.655933913511761,1.6721435213593758,0.6988235634098494,0.0,-78.53266,2337.7550665796975,-36.25434
27,1784821860.8130035,,8.0,,8.0,,6.0,,6.0,,10.0,,10.0,,1.0,,1.0,,4.0,,4.0,,2.0,,2.0,,5.0,,5.0,,8.0,,8.0,,7.711206421256065,,5.701764905825257,,9.467662648297846,,0.7215793665091041,,3.7086171600967646,,1.8314917916723061,,4.751680939923972,,7.25,0.05923273786902428,-0.0019346388289704919,0.0022680352376482915,1.530725535005331,0.8998470902442932,0.8704971671104431,0.8477466106414795,-0.11857890337705612,0.14849069714546204,0.6990704536437988,0.13947084546089172,2176,0.40096449851989746,5.143000602722168,0.025266654789447784,4456448,5282,2176,136,-45.178642,0.008541377441724762,0.001027704535954399,0.10171193778514862,-68.97481,0.010992374856141397,-0.00025404682019143366,-0.08370075076818466,,,0.95,0.9,none,1.9231258622220953,1.5097229094448872,0.5956633701723412,0.0,-88.470764,2406.4771953620575,-45.178642
28,1784821930.5728843,,8.0,,8.0,,6.0,,6.0,,10.0,,10.0,,1.0,,1.0,,4.0,,4.0,,2.0,,2.0,,5.0,,5.0,,8.0,,8.0,,7.529312676895643,,5.371494595892727,,9.456658435519785,,0.8382515135599533,,3.8030942017794587,,1.6312279695412144,,4.683291709981859,,7.5,0.07726284861564636,-0.0004939664504490793,0.010179702483583242,1.533039215952158,0.44059237837791443,0.9259307384490967,0.2816942632198334,0.2599358856678009,0.1925140619277954,0.6300985217094421,0.13927218317985535,2256,0.3483424186706543,5.10166597366333,0.010796434246003628,4620288,5450,2256,141,-30.7541,0.006843155175738502,0.0007564046973129734,-0.08423519283533096,-58.075092,0.004993878256937023,-8.824747492326423e-05,-0.21214108932763337,,,0.95,0.9,none,1.8290114028753972,1.779349045339464,0.7389514139729747,0.0,-81.83626,2348.6279854967097,-30.7541
29,1784822000.4940002,,8.0,,8.0,,6.0,,6.0,,10.0,,10.0,,1.0,,1.0,,4.0,,4.0,,2.0,,2.0,,5.0,,5.0,,8.0,,8.0,,7.72315060487017,,5.507591083645821,,9.586290651932359,,0.8121540618594736,,3.7265000181505457,,1.7719727200455964,,4.735242722090334,,7.5625,0.0756702870130539,-0.001972256926819682,0.00835801590437768,1.5311794988811016,0.8236149549484253,0.8576004505157471,0.6904793977737427,0.1319907158613205,0.18618030846118927,0.8552806377410889,0.1135173887014389,2336,0.4377273917198181,5.178175449371338,0.05184987932443619,4784128,5622,2336,146,-27.230698,0.006389331426180434,0.0020905993995256724,-0.20565485646948217,-80.671486,0.019011118327034636,-4.978690412826836e-06,-0.3388221194967628,,,0.95,0.9,none,2.022277082747576,2.1860139819092614,0.6852222000407437,0.0,-77.257034,2343.2121854219617,-27.230698
30,1784822068.4425018,,8.0,,8.0,,6.0,,6.0,,10.0,,10.0,,1.0,,1.0,,4.0,,4.0,,2.0,,2.0,,5.0,,5.0,,8.0,,8.0,,7.316101380623877,,5.4729944840073586,,9.190294787287712,,0.6160878818482161,,3.735289335483685,,1.8630280357319862,,4.651806195732206,,7.375,0.07120165228843689,-0.0016274424851872027,0.00767092782916734,1.5302848629653454,0.9466423988342285,0.9516077041625977,0.7200157642364502,-0.23373161256313324,0.1910528540611267,0.5507088303565979,0.12686823308467865,2416,0.33846452832221985,5.027575492858887,0.020944833755493164,4947968,5796,2416,151,-44.97294,0.00949198535818141,0.0023400336016493385,-0.37731670327484607,-44.181175,0.02214129740023054,0.0004992642920115031,-0.43576786015182734,,,0.95,0.9,none,1.9327820854398436,1.7768168411919518,0.6784024814465869,0.0,-85.62714,2411.2376935973793,-44.97294
31,1784822136.549319,,8.0,,8.0,,6.0,,6.0,,10.0,,10.0,,1.0,,1.0,,4.0,,4.0,,2.0,,2.0,,5.0,,5.0,,8.0,,8.0,,7.451424167724326,,5.385194601491094,,9.47034620307386,,0.840405349386856,,3.8115685284137726,,1.7684383284067735,,4.721225777699146,,7.5625,0.05087936297059059,6.234738975763321e-05,0.012786864986992441,1.5373343266546726,0.614944338798523,0.8646443486213684,0.42297977209091187,0.2414783239364624,0.12235292792320251,0.7317086458206177,0.10852783918380737,2496,0.38240155577659607,5.126388072967529,0.03347332403063774,5111808,5981,2496,156,-28.225729,0.007129683523089625,0.0023826138465665283,-0.5017043814063072,-73.10104,0.020035679679131134,0.0014499609205813613,-0.5207504911348224,,,0.95,0.9,none,2.1656726940637068,2.2320879306483015,0.8371841548742323,0.0,-85.67919,2405.6426584110905,-28.225729
32,1784822204.574156,,8.0,,8.0,,6.0,,6.0,,10.0,,10.0,,1.0,,1.0,,4.0,,4.0,,2.0,,2.0,,5.0,,5.0,,8.0,,8.0,,7.74327592458576,,5.551289528608322,,9.464233918115497,,0.945765944023151,,3.8361561303026974,,1.8216525865718722,,4.7021206298377365,,7.9375,0.06746496260166168,0.0003029952058568597,0.002891620661102934,1.5393535047769547,0.7659650444984436,0.8484963178634644,0.594877302646637,0.15671506524085999,0.17489759624004364,0.7626113891601562,0.11589203774929047,2576,0.4214949607849121,5.250249862670898,0.03229736536741257,5275648,6156,2576,161,-31.928293,0.009092973175575026,0.0024352014617761595,-0.5782295078039169,-63.079865,0.015426599601050838,0.0004343405256804544,-0.6809384446591139,,,0.95,0.9,none,2.28043162844338,2.1266495209769474,0.5836784423265483,0.0,-80.67623,2408.5227871270486,-31.928293
33,1784822274.2476401,,8.0,,8.0,,6.0,,6.0,,10.0,,10.0,,1.0,,1.0,,4.0,,4.0,,2.0,,2.0,,5.0,,5.0,,8.0,,8.0,,8.490437467262382,,6.382569248671643,,9.997569639701396,,1.2245388287119567,,4.2540870513767,,2.2929259354714304,,4.92362014693208,,8.3125,0.02014475129544735,-0.007520990329794586,0.08631556402542628,1.5407106056809425,0.5366857051849365,0.7925631403923035,0.508903443813324,0.08803191035985947,0.05980750918388367,0.4414961338043213,0.1374838948249817,2656,0.3474229574203491,5.734781265258789,0.01853048987686634,5439488,6365,2656,166,-30.513988,0.008593666332308203,0.0024709838602575474,-0.7288337334990501,-43.64731,0.013223665740224533,0.0009633897192543372,-0.7676919244229794,,,0.95,0.9,none,2.171789561150309,1.951116576914513,1.3554967556207216,0.0,-82.12419,2351.5401369483106,-30.513988
34,1784822344.8230524,,8.0,,8.0,,6.0,,6.0,,10.0,,10.0,,1.0,,1.0,,4.0,,4.0,,2.0,,2.0,,5.0,,5.0,,8.0,,8.0,,8.475562395527959,,6.63041234947741,,9.896047577261925,,1.2668689102865756,,4.197814723549527,,2.275769312400371,,4.964936989243142,,8.75,0.07737959921360016,-0.008532420150004327,0.007727676354988944,1.5512137487530708,0.4533160328865051,0.9696599841117859,0.3007798194885254,0.1085488498210907,0.19251497089862823,0.7528691291809082,0.12628278136253357,2736,0.33835986256599426,5.80717658996582,0.04680851474404335,5603328,6552,2736,171,-33.256664,0.007228786809719168,0.0010509320491109975,-0.8631606735289097,-66.58394,0.029501213878393173,0.0001765318025718443,-0.8639614436775446,,,0.95,0.9,none,2.2879589640315467,2.2976045180823546,0.7024119452335964,0.0,-63.854454,2321.4881225745366,-33.256664
35,1784822412.9100983,,8.0,,8.0,,6.0,,6.0,,10.0,,10.0,,1.0,,1.0,,4.0,,4.0,,2.0,,2.0,,5.0,,5.0,,8.0,,8.0,,8.136054528877139,,6.42303498275578,,9.880320067051798,,1.1286372405593283,,4.152660641586408,,2.095285493109259,,4.910540748387575,,8.4375,0.11775827407836914,-0.0004960071528330445,0.0051213475308031775,1.55833051353693,0.6066787242889404,0.8193570375442505,0.38881397247314453,0.2456619292497635,0.2897948920726776,0.4467683434486389,0.14048409461975098,2816,0.44108837842941284,5.645503997802734,0.02142895944416523,5767168,6765,2816,176,-16.03883,0.0052692502111312935,0.002061802202661056,-0.9630611576139927,-47.741802,0.014227448366000317,0.0015707195052527823,-0.9482387162744998,,,0.95,0.9,none,2.3541109316445965,2.0634974004876523,0.6041484527011822,0.0,-81.62041,2406.331096723451,-16.03883
36,1784822482.521072,,8.0,,8.0,,6.0,,6.0,,10.0,,10.0,,1.0,,1.0,,4.0,,4.0,,2.0,,2.0,,5.0,,5.0,,8.0,,8.0,,8.541608328931034,,6.434641653206199,,9.942381644621491,,1.2906858120113611,,4.33218152995687,,2.278943961719051,,5.0,,8.5625,0.09514900296926498,-0.0037083312054164708,0.007003553102549631,1.5598540715873241,0.6425293684005737,0.9249809980392456,0.4678060710430145,-0.197881817817688,0.2517799437046051,0.63344407081604,0.12989111244678497,2896,0.3432683050632477,5.797867774963379,0.023487990722060204,5931008,6955,2896,181,-23.660172,0.005975462730566506,0.0033061190326407084,-1.1020296394824982,-35.765,0.010984820208977907,0.000762000678514596,-1.0013738960027694,,,0.95,0.9,none,2.63357831298898,2.269748773610999,0.5456135308731539,0.0,-47.68174,2353.6521448082403,-23.660172
37,1784822551.6658063,,8.0,,8.0,,6.0,,6.0,,10.0,,10.0,,1.0,,1.0,,4.0,,4.0,,2.0,,2.0,,5.0,,5.0,,8.0,,8.0,,7.759234268218279,,6.143571997061372,,9.610643901396543,,1.0261756728868932,,4.016724322689697,,1.7994839540333487,,4.77964533213526,,7.8125,0.05058659240603447,-0.0031727717723697424,0.012073808386048768,1.56029886379838,0.5012636780738831,0.96642005443573,0.2976670265197754,-0.15399070084095,0.12479142099618912,0.6893904805183411,0.10875826328992844,2976,0.44114989042282104,5.368497371673584,0.008156729862093925,6094848,7126,2976,186,-13.528059,0.004308834431139985,0.0036843298366875388,-1.2307635828852654,-24.793394,0.005187560703780037,0.0009749062621267513,-1.1420928813517093,,,0.95,0.9,none,2.6955459025240947,2.307866980095146,0.7694936118439473,0.0,-58.30601,2369.523989051135,-13.528059
38,1784822620.684076,,8.0,,8.0,,6.0,,6.0,,10.0,,10.0,,1.0,,1.0,,4.0,,4.0,,2.0,,2.0,,5.0,,5.0,,8.0,,8.0,,7.619894711533561,,5.473088826984167,,9.400946498848498,,0.7147211255505681,,3.7820757878944278,,1.8199900528416038,,4.689406793564558,,7.3125,0.06014905124902725,-0.0016671628691256046,0.00214305688496097,1.563711080700159,0.504727303981781,0.7909300327301025,0.3111257255077362,0.09799446165561676,0.1490498036146164,0.6165878176689148,0.11187063157558441,3056,0.4466725289821625,5.1015777587890625,0.017711913213133812,6258688,7312,3056,191,-23.669634,0.0064860143407713625,0.0014845065659756073,-1.4138855360448361,-40.856915,0.016666714317398145,0.0016155993434949778,-1.2327903732657433,,,0.95,0.9,none,2.5617346423912624,2.1714209954469736,0.4437080609951264,0.0,-80.76088,2373.86274421234,-23.669634
39,1784822688.8207088,,8.0,,8.0,,6.0,,6.0,,10.0,,10.0,,1.0,,1.0,,4.0,,4.0,,2.0,,2.0,,5.0,,5.0,,8.0,,8.0,,8.096201995387673,,6.051090941298753,,9.879726441809908,,0.9720890049356967,,4.0625708943698555,,1.919483991805464,,4.824117132462561,,7.9375,0.07321243733167648,-0.00552311324281618,0.010017468215664849,1.569497223943472,0.4782925844192505,0.8351565003395081,0.23981249332427979,-0.32502710819244385,0.18260356783866882,0.821600079536438,0.09840905666351318,3136,0.45635390281677246,5.4678473472595215,0.009958083741366863,6422528,7482,3136,196,-27.099789,0.0073622871655970815,0.0032919922938162926,-1.5027951419353485,-37.305813,0.008669824359822087,0.0006501542375190184,-1.3457207098603248,,,0.95,0.9,none,2.782940360185137,2.2197930106843673,0.6227065844749177,0.0,-82.21948,2404.583660863499,-27.099789
40,1784822755.901235,,8.0,,8.0,,6.0,,6.0,,10.0,,10.0,,1.0,,1.0,,4.0,,4.0,,2.0,,2.0,,5.0,,5.0,,8.0,,8.0,,8.321449117269367,,6.139940606895834,,9.916567595675588,,1.0782367052161135,,4.10873709875159,,2.11278107133694,,4.878140821121633,,8.0625,0.06529742479324341,-0.0003297968069091439,0.007094016946211923,1.5757722854614258,0.410765141248703,0.7427508234977722,0.18590739369392395,0.2291269302368164,0.15475872159004211,0.677036702632904,0.09649575501680374,3216,0.44544529914855957,5.577293872833252,0.012884141877293587,6586368,7655,3216,201,-11.180683,0.004444883618998574,0.0033651589241344483,-1.5888283565640449,-42.3759,0.007686270473641343,0.0017046594541170635,-1.4121108666062354,,,0.95,0.9,none,2.7618982421619647,2.6276570210340218,0.8190473085422657,0.0,-83.03603,2442.434320544959,-11.180683
41,1784822826.092725,,8.0,,8.0,,6.0,,6.0,,10.0,,10.0,,1.0,,1.0,,4.0,,4.0,,2.0,,2.0,,5.0,,5.0,,8.0,,8.0,,7.433600406162441,,5.308179673738778,,9.150281815323979,,0.5799173470586538,,3.592860333621502,,1.6941030349116772,,4.638476239517331,,7.375,0.05281049758195877,-0.0013398804003372788,0.004006891023891512,1.585849817842245,0.4974912405014038,0.9619636535644531,0.2945287525653839,0.15755636990070343,0.1360015869140625,0.6096186637878418,0.0913827195763588,3296,0.3147251009941101,4.97155237197876,0.01622183807194233,6750208,7823,3296,206,-16.196964,0.005404103174805641,0.0014937334017304238,-1.709883090108633,-33.94825,0.0066831300107878635,0.00221413511026185,-1.4861756794154644,,,0.95,0.9,none,2.673548668975754,2.557680538167865,0.6303446559771535,0.0,-61.928703,2334.1893366382587,-16.196964
42,1784822894.3309443,,8.0,,8.0,,6.0,,6.0,,10.0,,10.0,,1.0,,1.0,,4.0,,4.0,,2.0,,2.0,,5.0,,5.0,,8.0,,8.0,,7.442163650877774,,5.422695996239781,,9.334889130666852,,0.7526392294093966,,3.6886991569772363,,1.6662468812428415,,4.704355909489095,,7.625,0.08948248624801636,-0.0013071604771539569,0.017817702377215028,1.5922518745064735,0.3790895938873291,0.8128235340118408,0.21222244203090668,-0.17015314102172852,0.23913909494876862,0.9269286394119263,0.06966786086559296,3376,0.4204966127872467,5.079586029052734,0.004889089148491621,6914048,7991,3376,211,-34.304237,0.007159680119366385,0.0017383344275003765,-1.7968571454286575,-21.582624,0.004161795412801439,0.0017607815527298954,-1.5288265526294709,,,0.95,0.9,none,2.811220938762216,2.4880174885933677,0.7556868729485082,0.0,-73.03023,2400.9965865887075,-34.304237
43,1784822964.711669,,8.0,,8.0,,6.0,,6.0,,10.0,,10.0,,1.0,,1.0,,4.0,,4.0,,2.0,,2.0,,5.0,,5.0,,8.0,,8.0,,7.894595279358327,,6.19817223213613,,9.725478979758918,,1.0881973158102483,,4.181539988378063,,1.994187475880608,,4.8943926219362766,,8.0625,0.10999561846256256,-0.00019343913299962878,0.029631912213517353,1.601373977959156,0.39466044306755066,0.8069828152656555,0.21907034516334534,-0.06870218366384506,0.25235262513160706,0.832504391670227,0.07328569889068604,3456,0.4596249461174011,5.5048828125,0.01754835806787014,7077888,8153,3456,216,-27.958355,0.0063686535111628475,0.0030260389103204943,-1.9070159517228604,-23.716122,0.005284105523605831,0.0009190696131554432,-1.6159325189888478,,,0.95,0.9,none,2.907505009570855,2.6117296585447023,0.7772185078313665,0.0,-34.913376,2327.9101202402644,-27.958355
44,1784823032.5341094,,8.0,,8.0,,6.0,,6.0,,10.0,,10.0,,1.0,,1.0,,4.0,,4.0,,2.0,,2.0,,5.0,,5.0,,8.0,,8.0,,7.934867601143196,,5.9163475865498185,,9.755175173282623,,0.8592404462397099,,4.021455013134982,,2.0598754279781133,,4.772760286461562,,7.9375,0.015643015503883362,-0.0012335717328824103,0.003000847253133543,1.603684026747942,0.3695370554924011,0.7848860025405884,0.1467513144016266,-0.5488342642784119,0.039831556379795074,0.6795527935028076,0.07616738975048065,3536,0.48300302028656006,5.4071526527404785,0.013211186043918133,7241728,8315,3536,221,-19.296522,0.005776828923262656,0.003177854338719044,-2.0076388105750085,-44.65716,0.0038263212372839916,0.0036698878029710613,-1.7299858413636684,,,0.95,0.9,none,2.865050170228724,3.025832748347809,0.5331793599442315,0.0,-57.963337,2415.720607854998,-19.296522
45,1784823101.199819,,8.0,,8.0,,6.0,,6.0,,10.0,,10.0,,1.0,,1.0,,4.0,,4.0,,2.0,,2.0,,5.0,,5.0,,8.0,,8.0,,7.465680668130517,,5.133554281666875,,9.18618495221017,,0.6004798877984285,,3.60725646361243,,1.662518619094044,,4.6457684906199574,,7.25,0.04569404199719429,-0.0030763526156079024,0.0021979181092319777,1.607048463076353,0.43128183484077454,0.8080167174339294,0.2181599736213684,-0.14050737023353577,0.11894223839044571,0.717066764831543,0.06358274072408676,3616,0.29761940240859985,4.9439311027526855,0.008715679869055748,7405568,8475,3616,226,-10.478002,0.006137085976661183,0.0036152681641397066,-2.091862787306309,-28.591375,0.004315165357547812,0.0013165223615942522,-1.8498186685144902,,,0.95,0.9,none,3.2350314779104368,2.7704886787070686,0.6757118074251356,0.0,-71.50465,2386.0519360277463,-10.478002
46,1784823168.0854576,,8.0,,8.0,,6.0,,6.0,,10.0,,10.0,,1.0,,1.0,,4.0,,4.0,,2.0,,2.0,,5.0,,5.0,,8.0,,8.0,,7.3367596380994655,,5.1693474072963,,9.197012774646282,,0.5624575200490654,,3.6135953599587083,,1.645218827892677,,4.567074899561703,,7.1875,0.032229818403720856,0.0003694279585033655,0.012928776639455464,1.6081847958266735,0.31977882981300354,0.8093056678771973,0.1596839725971222,0.2998487055301666,0.08746746927499771,0.6640941500663757,0.06299611181020737,3696,0.27105993032455444,4.909870624542236,0.007221236824989319,7569408,8635,3696,231,-10.422657,0.005495083022105973,0.002215071930550039,-2.1559654995799065,-23.272635,0.0034556913786218503,0.0012671188458625692,-1.950426246225834,,,0.95,0.9,none,2.9625810320447803,2.810845604161004,1.07902327478917,0.0,-81.36226,2449.5539284467586,-10.422657
47,1784823235.125754,,8.0,,8.0,,6.0,,6.0,,10.0,,10.0,,1.0,,1.0,,4.0,,4.0,,2.0,,2.0,,5.0,,5.0,,8.0,,8.0,,8.552732325159013,,6.667854436323978,,9.89759161323309,,1.2864795587956905,,4.323586335405707,,2.175221933837747,,4.890933947637677,,8.5,0.07488211989402771,-0.0013622225960716605,0.010737063843407668,1.6084684394299984,0.3638121485710144,0.834857702255249,0.193587988615036,0.08827425539493561,0.21910326182842255,0.6743338704109192,0.06739003956317902,3776,0.35063445568084717,5.786799907684326,0.0066492133773863316,7733248,8799,3776,236,-8.913607,0.005480911959602963,0.0028048271458828824,-2.235167719423771,-53.09074,0.005278291444119532,0.0011827656991954428,-2.018919180333614,,,0.95,0.9,none,3.249498934788183,2.7117800550153217,0.5691475209037282,0.0,-70.66344,2443.903266837372,-8.913607
48,1784823305.5216682,,8.0,,8.0,,6.0,,6.0,,10.0,,10.0,,1.0,,1.0,,4.0,,4.0,,2.0,,2.0,,5.0,,5.0,,8.0,,8.0,,8.41428020130843,,6.341859846375883,,9.818269057199359,,1.181185814552009,,4.235027466900647,,2.164521024329588,,4.875041128136218,,8.375,0.07329986244440079,-2.2923864889889956e-05,0.01001445535075618,1.617454420775175,0.7822569012641907,0.8479910492897034,0.4147348701953888,-0.15690284967422485,0.191045880317688,0.626069962978363,0.07490824162960052,3856,0.45899471640586853,5.675648212432861,0.08978424966335297,7897088,8961,3856,241,-14.334364,0.00639138884289423,0.003343673644121736,-2.3028842121362687,-44.57777,0.00982341443595942,0.002249252617912134,-2.098513036966324,,,0.95,0.9,none,3.0022416399778606,3.07634041691924,0.7881782799077413,0.0,-41.169777,2327.410761872491,-14.334364
49,1784823371.8299987,,8.0,,8.0,,6.0,,6.0,,10.0,,10.0,,1.0,,1.0,,4.0,,4.0,,2.0,,2.0,,5.0,,5.0,,8.0,,8.0,,8.183121872134507,,6.293961721472442,,9.826460843905807,,1.0870793086942285,,3.9689838006161153,,1.9758133514551446,,4.756023991154507,,8.0625,0.1532021313905716,-0.012618697131983936,0.016575585963437334,1.6203210949897766,0.3332294523715973,0.8540645241737366,0.16560199856758118,0.19682897627353668,0.37633195519447327,0.7292279005050659,0.06963430345058441,3936,0.4542646110057831,5.519242763519287,0.006160337012261152,8060928,9122,3936,246,-17.116827,0.006285309660597704,0.002992120626731776,-2.357487991452217,-41.25393,0.0028018206372507847,0.0034021168161416427,-2.1778362289071085,,,0.95,0.9,none,3.051929124703897,3.1933815837044603,0.6919432833122978,0.0,-81.0739,2470.8779885062154,-17.116827
50,1784823440.0209463,,8.0,,8.0,,6.0,,6.0,,10.0,,10.0,,1.0,,1.0,,4.0,,4.0,,2.0,,2.0,,5.0,,5.0,,8.0,,8.0,,8.599297103472054,,6.324264163151383,,9.8282314974349,,1.1900484749348834,,4.165608547977172,,2.161012028926052,,4.953219701536,,8.375,0.06051114946603775,0.00013727822806686163,0.0018435723413858796,1.6305135302245617,0.3680591881275177,0.854540228843689,0.16005676984786987,-0.20160922408103943,0.1687600314617157,0.5467804670333862,0.07890385389328003,4016,0.41627615690231323,5.699585437774658,0.011907470412552357,8224768,9285,4016,251,-19.285872,0.008087184818577953,0.0038703864949638954,-2.4222894281148912,-25.312347,0.00393368463483057,0.002221529890084639,-2.298344451189041,,,0.95,0.9,none,3.917403506464447,3.2287679266209692,0.3872854278128789,0.0,-56.076927,2402.665031547946,-19.285872
51,1784823506.5124176,,8.0,,8.0,,6.0,,6.0,,10.0,,10.0,,1.0,,1.0,,4.0,,4.0,,2.0,,2.0,,5.0,,5.0,,8.0,,8.0,,8.339670054032467,,6.180808182572946,,9.82936985755805,,1.0571072613820434,,4.134010049805511,,2.130182682070881,,4.88742872281,,8.3125,0.057515233755111694,-0.006272979953791946,0.026001595077104867,1.6277092099189758,0.30310264229774475,0.8122597932815552,0.4027462899684906,-0.08815579116344452,0.1643480807542801,0.8261864185333252,0.069222591817379,4096,0.42530155181884766,5.608884811401367,0.04002887010574341,8388608,9460,4096,256,-6.7195787,0.0069558995062834585,0.005567163024534238,-2.49557369351387,-22.06942,0.011818426634999924,0.0008423030769336038,-2.38008102029562,,,0.95,0.9,none,3.790924069818005,3.4993564776039734,0.7195827567058334,0.0,-81.46361,2464.075541537464,-6.7195787
52,1784823573.6553905,,8.0,,8.0,,6.0,,6.0,,10.0,,10.0,,1.0,,1.0,,4.0,,4.0,,2.0,,2.0,,5.0,,5.0,,8.0,,8.0,,7.628823133185506,,6.122963000554591,,9.510961695574224,,0.7356523172929883,,3.73120249575004,,1.6878184932284057,,4.696300668409094,,7.8125,0.031008271500468254,-0.006678218895103782,0.00912163705288549,1.6363963223993778,0.33469873666763306,0.9442256093025208,0.149795800447464,0.10132640600204468,0.0764937698841095,0.6377294063568115,0.07915858924388885,4176,0.43596285581588745,5.240777492523193,0.026428798213601112,8552448,9637,4176,261,-3.8250122,0.0057165137201081965,0.004960237614432117,-2.5990221917629244,-31.321774,0.008197330099937972,0.0017271724180318415,-2.4306968048214914,,,0.95,0.9,none,3.6385499697148633,3.2695880423366788,0.6345578580423905,0.0,-80.23726,2440.1659529007525,-3.8250122
53,1784823642.4660661,,8.0,,8.0,,6.0,,6.0,,10.0,,10.0,,1.0,,1.0,,4.0,,4.0,,2.0,,2.0,,5.0,,5.0,,8.0,,8.0,,7.509646736085415,,5.2871389468200505,,9.072679735720158,,0.5443588756024837,,3.6026053205132484,,1.6828967123292387,,4.579214163124561,,7.1875,0.03645215928554535,-0.001625232514925301,0.0011205941145817633,1.64082607999444,0.3261467516422272,0.7729589343070984,0.19798369705677032,0.1910928338766098,0.12875734269618988,0.737488329410553,0.06974528729915619,4256,0.2871774137020111,4.933254718780518,0.02304570935666561,8716288,9808,4256,266,-11.170086,0.007073910511098802,0.0036894700482662302,-2.665706181526184,-37.294052,0.011522219108883291,0.0015697002425440587,-2.5094329684972765,,,0.95,0.9,none,3.1993834130739276,2.862814390463832,0.7181325753259187,0.0,-80.148384,2381.025894843203,-11.170086
54,1784823713.1098912,,8.0,,8.0,,6.0,,6.0,,10.0,,10.0,,1.0,,1.0,,4.0,,4.0,,2.0,,2.0,,5.0,,5.0,,8.0,,8.0,,8.054327795980498,,6.2563568516634405,,9.718203009106219,,1.0478827257174999,,4.040517903631553,,1.9552709758281708,,4.927780656144023,,8.0625,0.06827603280544281,-0.0025460192700847983,0.005461405213281978,1.6422323770821095,0.282622754573822,0.7978278398513794,0.12168556451797485,-0.14575780928134918,0.1656910628080368,0.6013911962509155,0.08164756000041962,4336,0.4575020968914032,5.507855415344238,0.013497794046998024,8880128,9982,4336,271,-4.8044,0.005699337511032354,0.0022623610886512322,-2.7100774973630903,-50.742092,0.006830805430945474,0.0011700627423124389,-2.5731306195259096,,,0.95,0.9,none,3.245651555930084,3.103510691231589,0.5066350930769841,0.0,-33.769665,2319.24636504064,-4.8044
55,1784823783.8626208,,8.0,,8.0,,6.0,,6.0,,10.0,,10.0,,1.0,,1.0,,4.0,,4.0,,2.0,,2.0,,5.0,,5.0,,8.0,,8.0,,7.474270541686565,,5.961750618182123,,9.481628737412393,,0.8425724031403661,,3.83091063881875,,1.8437148610828444,,4.745570236817002,,7.75,0.06367829442024231,0.0004555173800326884,0.005884369631530717,1.6445175670087337,0.3258393406867981,0.7659769654273987,0.1438167244195938,0.21401777863502502,0.16186261177062988,0.5106582641601562,0.08298458904027939,4416,0.42920759320259094,5.241302013397217,0.018124867230653763,9043968,10153,4416,276,-10.476251,0.0069397917788592165,0.004449667947483249,-2.7345163613557815,-31.679941,0.006265904536121525,0.002451221170485951,-2.61040598154068,,,0.95,0.9,none,3.567726989549976,2.9428683123846042,0.4797272565916006,0.0,-55.62909,2315.6643065119215,-10.476251
56,1784823852.98428,,8.0,,8.0,,6.0,,6.0,,10.0,,10.0,,1.0,,1.0,,4.0,,4.0,,2.0,,2.0,,5.0,,5.0,,8.0,,8.0,,7.300521118100733,,5.239276750013232,,9.203148055821657,,0.5580696482211351,,3.6214979267679155,,1.587836981751025,,4.674120337702334,,7.4375,0.034060098230838776,-0.005563143407925963,0.00028228333167135133,1.6499055214226246,0.322401762008667,0.8388585448265076,0.11815743893384933,0.09153646230697632,0.10141365230083466,0.6604847311973572,0.07159668207168579,4496,0.3520229458808899,4.952746868133545,0.010099910199642181,9207808,10315,4496,281,-28.379541,0.009318123364937491,0.003486513622920029,-2.768310710787773,-31.475384,0.0032381403507315554,0.003143666514370125,-2.665891396999359,,,0.95,0.9,none,3.331431910412829,3.4797450895755544,0.7227302368236868,0.0,-52.812706,2370.313249113089,-28.379541
57,1784823923.7720842,,8.0,,8.0,,6.0,,6.0,,10.0,,10.0,,1.0,,1.0,,4.0,,4.0,,2.0,,2.0,,5.0,,5.0,,8.0,,8.0,,7.740361099131405,,5.638070162851363,,9.627680190838873,,0.8446703822701238,,3.7714119403390214,,1.9779014049563557,,4.77656696876511,,7.375,0.08622723072767258,-0.0020338276226539165,0.006915245670825243,1.6578455530107021,0.3111354410648346,0.8349028825759888,0.19523297250270844,0.36639121174812317,0.23523259162902832,0.5144720077514648,0.07037603855133057,4576,0.4241935908794403,5.218957901000977,0.012037551961839199,9371648,10478,4576,286,-17.241888,0.0062283646839205176,0.0068638406082754955,-2.8453813195228577,-27.312794,0.0035578373979660684,0.0042273958271835,-2.7400731191039087,,,0.95,0.9,none,3.9635458415997817,3.577528136256621,0.5973507463851335,0.0,-42.456417,2314.5246833776237,-17.241888
58,1784823994.0039275,,8.0,,8.0,,6.0,,6.0,,10.0,,10.0,,1.0,,1.0,,4.0,,4.0,,2.0,,2.0,,5.0,,5.0,,8.0,,8.0,,8.610297372564673,,6.620671680662781,,9.940246019512415,,1.2244646416511387,,4.179117641586345,,2.297096987720579,,4.936091153882444,,8.6875,0.028205011039972305,-0.0050471051363274455,0.0031216159368341323,1.678868342190981,0.25566184520721436,0.8888885378837585,0.11641213297843933,0.18078428506851196,0.08486469089984894,0.5592801570892334,0.07027450203895569,4656,0.32729387283325195,5.811935901641846,0.008009592071175575,9535488,10640,4656,291,-6.889636,0.007507692047511227,0.0038258097949437795,-2.8689767599105833,-20.246662,0.0019661230719066223,0.003700470374315046,-2.83353318721056,,,0.95,0.9,none,3.6184025545145415,3.4283824171138386,0.363973228892409,0.0,-53.39507,2332.843267211885,-6.889636
59,1784824065.2034733,,8.0,,8.0,,6.0,,6.0,,10.0,,10.0,,1.0,,1.0,,4.0,,4.0,,2.0,,2.0,,5.0,,5.0,,8.0,,8.0,,8.353973888326436,,6.3450430748052895,,9.906153358519077,,1.2914366787299514,,4.26604923477862,,2.122531426837668,,4.940883009461686,,8.25,0.09083771705627441,-0.0048343377420678735,0.02174100070260465,1.679808534681797,0.2179642766714096,0.8369953036308289,0.11348377913236618,-0.12527281045913696,0.2603760063648224,0.5556222796440125,0.06610635668039322,4736,0.4078224301338196,5.684508800506592,0.01197658572345972,9699328,10801,4736,296,-2.856524,0.006520329001068604,0.003461320875794627,-2.8238296896219253,-16.141956,0.0028646234815823844,0.0044910760334460065,-2.840053418278694,,,0.95,0.9,none,3.3357913884829484,3.490277119145735,0.712566720589124,0.0,-55.607544,2301.138527018314,-2.856524
60,1784824133.0968304,,8.0,,8.0,,6.0,,6.0,,10.0,,10.0,,1.0,,1.0,,4.0,,4.0,,2.0,,2.0,,5.0,,5.0,,8.0,,8.0,,7.204577158903703,,5.268837904382963,,9.345319170504808,,0.7146532223559916,,3.6753626139834523,,1.6291005415841937,,4.667807615362108,,7.1875,0.04191356897354126,-0.002382360165938735,0.001351137629171717,1.6893463507294655,0.5257951021194458,0.9934554100036621,0.3857944905757904,-0.08433157950639725,0.11380693316459656,0.5712119340896606,0.06564946472644806,4816,0.3206305205821991,4.961644649505615,0.011581271886825562,9863168,10961,4816,301,-16.301044,0.006958018659497611,0.005963549291482195,-2.839818026125431,-30.290218,0.003397841614059871,0.0018196532219008077,-2.915450872480869,,,0.95,0.9,none,3.7392072196441193,2.905553969868401,0.7791142782381155,0.0,-78.15846,2413.1962073130003,-16.301044
61,1784824203.4408865,,8.0,,8.0,,6.0,,6.0,,10.0,,10.0,,1.0,,1.0,,4.0,,4.0,,2.0,,2.0,,5.0,,5.0,,8.0,,8.0,,8.65814480977133,,6.37915909406729,,9.788160369265825,,1.1127863100264221,,4.267263622023165,,2.0745055594015867,,4.949244976043701,,8.375,0.09029776602983475,-0.005102354160044342,0.004460551972442772,1.6986947171390057,0.30763477087020874,0.8267793655395508,0.15358959138393402,0.005051836371421814,0.2213522344827652,0.6465674638748169,0.062499336898326874,4896,0.35916852951049805,5.700532913208008,0.010101577267050743,10027008,11121,4896,306,-1.5735211,0.005241593818936963,0.003979582611646037,-2.8677112609148026,-20.264048,0.003565636903294944,0.003339265677641379,-2.9607140526175497,,,0.95,0.9,none,3.367009466556241,3.5593010593113563,0.41182611907144784,0.0,-40.828163,2329.125262788691,-1.5735211
62,1784824271.7155914,,8.0,,8.0,,6.0,,6.0,,10.0,,10.0,,1.0,,1.0,,4.0,,4.0,,2.0,,2.0,,5.0,,5.0,,8.0,,8.0,,8.362206189427525,,6.742760864086449,,9.94068817794323,,1.308365860604681,,4.311730546876788,,2.339920599013567,,4.975880172103643,,8.625,0.027483666315674782,-0.0020023900433443487,0.0004041201232212188,1.6983163729310036,0.2815190553665161,0.8465869426727295,0.18606561422348022,0.12712247669696808,0.0837760716676712,0.5656660199165344,0.07141818851232529,4976,0.3431101441383362,5.8258185386657715,0.00559811620041728,10190848,11284,4976,311,-3.2651753,0.0045444619747286195,0.004458402444288368,-2.935506361722946,-21.309216,0.0039860218006651845,0.0032324810657883064,-3.0067974835634232,,,0.95,0.9,none,3.7219243417053023,3.36359641644741,0.44849543446665796,0.0,-57.293903,2399.7156887623573,-3.2651753
63,1784824341.3906338,,8.0,,8.0,,6.0,,6.0,,10.0,,10.0,,1.0,,1.0,,4.0,,4.0,,2.0,,2.0,,5.0,,5.0,,8.0,,8.0,,8.494664012920111,,6.000651434995234,,9.904642075300217,,1.1404396288562566,,4.111305732047185,,2.1021029131952673,,4.891297109890729,,8.3125,0.04392578825354576,-0.0032425535027869046,0.013100786716677248,1.709289651364088,0.37399643659591675,0.8238426446914673,0.241910919547081,0.10342375189065933,0.11792781949043274,0.6842637062072754,0.0638854131102562,5056,0.44991618394851685,5.619699954986572,0.039548080414533615,10354688,11445,5056,316,-3.6311498,0.005082750426663551,0.004271553214493906,-2.990200388431549,-32.532734,0.006616166817548219,0.003496972910943441,-3.0103582337498667,,,0.95,0.9,none,3.664104210077636,3.778864197012531,0.7309023006415618,0.0,-53.66283,2351.4874656913216,-3.6311498
64,1784824409.1915548,,8.0,,8.0,,6.0,,6.0,,10.0,,10.0,,1.0,,1.0,,4.0,,4.0,,2.0,,2.0,,5.0,,5.0,,8.0,,8.0,,7.883842526003718,,5.89951113332063,,9.683798827434657,,0.7998236743733287,,3.798244569450617,,1.970780328148976,,4.780004404485226,,8.125,0.10560368746519089,-0.007903255231212825,0.003330405546876136,1.7052640654146671,0.2709171175956726,0.751947283744812,0.12430278956890106,0.4060944616794586,0.25684136152267456,0.5943740606307983,0.06610183417797089,5136,0.4851086437702179,5.367625713348389,0.007509722840040922,10518528,11606,5136,321,-0.99251443,0.0055361272279697005,0.004802606869634474,-3.035013070702553,-20.719051,0.00313471815752564,0.003956988224308589,-3.111935466527939,,,0.95,0.9,none,3.6553130899306483,3.5526419742519812,0.4219142408294156,0.0,-79.48616,2416.4863277548666,-0.99251443
65,1784824479.395739,,8.0,,8.0,,6.0,,6.0,,10.0,,10.0,,1.0,,1.0,,4.0,,4.0,,2.0,,2.0,,5.0,,5.0,,8.0,,8.0,,8.694408219773322,,6.673771748319268,,9.913797138258815,,1.2359826166648418,,4.309333540033549,,2.3400811408646405,,4.964798508910462,,8.625,0.07881728559732437,-0.007910574495326728,0.020380270332680084,1.7117249742150307,0.35003232955932617,0.8499217629432678,0.14932012557983398,-0.29015055298805237,0.23857025802135468,0.472779244184494,0.06642603129148483,5216,0.3441382646560669,5.844646453857422,0.005657788831740618,10682368,11766,5216,326,-9.060494,0.0069413509496371265,0.0044417574747058096,-3.0990703761577607,-18.339384,0.0033067818214476572,0.002974319184431806,-3.169781295955181,,,0.95,0.9,none,3.5197088463404453,3.2640369694426212,0.729713722507962,0.0,-57.780212,2333.7684215425224,-9.060494
66,1784824549.4359977,,8.0,,8.0,,6.0,,6.0,,10.0,,10.0,,1.0,,1.0,,4.0,,4.0,,2.0,,2.0,,5.0,,5.0,,8.0,,8.0,,8.498612182214856,,6.525517233647406,,9.895559607306495,,1.2042560062836856,,4.272888298612088,,2.267733746673912,,4.9658915982581675,,8.625,0.03844783455133438,-0.002176531299483031,0.04259132134029642,1.723269123584032,0.2534050941467285,0.8582223653793335,0.0993218794465065,0.3778630793094635,0.10201536118984222,0.5122495293617249,0.06288067251443863,5296,0.3755815029144287,5.781932830810547,0.01300644688308239,10846208,11927,5296,331,-3.6409607,0.011198699749365914,0.003469332707754802,-3.106764370203018,-26.72111,0.00372402502107434,0.0038722605997463687,-3.2456837102770804,,,0.95,0.9,none,4.2600687879625365,4.289070220966221,0.9555308172921293,0.0,-54.306347,2339.2215869368824,-3.6409607
67,1784824619.4026682,,8.0,,8.0,,6.0,,6.0,,10.0,,10.0,,1.0,,1.0,,4.0,,4.0,,2.0,,2.0,,5.0,,5.0,,8.0,,8.0,,7.272480607731268,,5.318002404645085,,9.427262089418946,,0.5819027377292514,,3.618309867568314,,1.627536393236369,,4.6440460765734315,,7.375,0.020845163613557816,-0.0007858463213779032,0.0030834756271360675,1.7286457605659962,0.23090770840644836,0.8748430609703064,0.08624643087387085,0.10858342051506042,0.06818032264709473,0.563149631023407,0.061885543167591095,5376,0.30805703997612,4.983067512512207,0.006164863705635071,11010048,12088,5376,336,-14.724765,0.01114461814868264,0.004730855669185985,-3.1186311095952988,-27.125305,0.0024714919381949585,0.004974423245585058,-3.312886710464954,,,0.95,0.9,none,3.4913094075445,3.964467542701681,0.6352315571252909,0.0,-59.98341,2341.6865264482603,-14.724765
68,1784824689.938886,,8.0,,8.0,,6.0,,6.0,,10.0,,10.0,,1.0,,1.0,,4.0,,4.0,,2.0,,2.0,,5.0,,5.0,,8.0,,8.0,,8.384696964756586,,6.1071770745911635,,9.773461060831323,,1.0196322965421132,,4.189399424474686,,1.8866038201376796,,4.886481604538858,,8.125,0.07609639316797256,-0.0018552588298916817,0.0062102362790028565,1.7381646409630775,0.18606102466583252,0.988440752029419,0.08629912883043289,-0.3275497257709503,0.21753157675266266,0.4595367908477783,0.05783070623874664,5456,0.46980780363082886,5.54655647277832,0.00467261578887701,11173888,12248,5456,341,-10.412277,0.00784678857307881,0.0028137844827142546,-3.1419559150934218,-24.363708,0.0020716129845823163,0.004453039808140602,-3.3441842079162596,,,0.95,0.9,none,3.5897110714059375,4.207396567956453,0.45039326342118363,0.0,-64.93021,2322.7785326188314,-10.412277
69,1784824760.5103724,,8.0,,8.0,,6.0,,6.0,,10.0,,10.0,,1.0,,1.0,,4.0,,4.0,,2.0,,2.0,,5.0,,5.0,,8.0,,8.0,,7.42261600587517,,5.587748143821955,,9.422020146623254,,0.8314272044226527,,3.8329401353839785,,1.7081462508067489,,4.690053404541686,,7.4375,0.05509916692972183,0.00039591453969478607,0.007303382513782708,1.7442969717085361,0.23892901837825775,0.8766030073165894,0.0904553234577179,-0.003164643421769142,0.146392360329628,0.38993483781814575,0.0568544939160347,5536,0.44916558265686035,5.116556644439697,0.004794529173523188,11337728,12408,5536,346,-4.517391,0.006774593942100182,0.0041115754065685906,-3.170894591510296,-22.084112,0.0018826967330824117,0.004752239253866719,-3.3733871206641197,,,0.95,0.9,none,3.94508805382751,3.9957965879840502,0.6180866770100757,0.0,-51.886963,2321.61729629519,-4.517391
70,1784824831.9402945,,8.0,,8.0,,6.0,,6.0,,10.0,,10.0,,1.0,,1.0,,4.0,,4.0,,2.0,,2.0,,5.0,,5.0,,8.0,,8.0,,7.966465251520276,,5.845699530094862,,9.574014380108565,,1.0857605929486454,,3.9607488344190642,,1.9575463130604476,,4.785969752003439,,7.875,0.04008437693119049,-0.007266235072165728,0.0020607387050404213,1.7573223784565926,0.2129637897014618,0.8600580096244812,0.1018100380897522,0.06319910287857056,0.10747437179088593,0.4731804132461548,0.05442043021321297,5616,0.5118656754493713,5.381401062011719,0.004659892059862614,11501568,12569,5616,351,-11.763124,0.00821177747711772,0.003737077131518163,-3.194321317970753,-17.818344,0.001975256041259854,0.004984323133976431,-3.38900738209486,,,0.95,0.9,none,3.6345657939727842,4.076582867454322,0.41427854659677077,0.0,-73.01974,2293.716861062483,-11.763124
71,1784824904.2791624,,8.0,,8.0,,6.0,,6.0,,10.0,,10.0,,1.0,,1.0,,4.0,,4.0,,2.0,,2.0,,5.0,,5.0,,8.0,,8.0,,8.367193924728781,,6.058303780853748,,9.691828854382038,,1.1491629625670612,,4.105695508369536,,2.0571139621606562,,4.905902728671208,,8.25,0.1325564980506897,-0.007127171382308006,0.0058225691464031115,1.762317892163992,0.17426535487174988,0.7819051742553711,0.05416306108236313,0.004630612209439278,0.305040180683136,0.46117162704467773,0.04875431954860687,5696,0.4580620527267456,5.573149681091309,0.0032609610352665186,11665408,12729,5696,356,-7.759941,0.007306699214677792,0.004412431543460116,-3.2581108286976814,-23.531704,0.0014804425172769697,0.0049903233855729924,-3.4313468053936957,,,0.95,0.9,none,3.8412050039002716,4.172464591745296,0.463900845102154,0.0,-40.54567,2264.896044564723,-7.759941
72,1784824975.6639116,,8.0,,8.0,,6.0,,6.0,,10.0,,10.0,,1.0,,1.0,,4.0,,4.0,,2.0,,2.0,,5.0,,5.0,,8.0,,8.0,,7.191272062249482,,5.309046175330877,,9.066268058493733,,0.6289730370044708,,3.6864954826887697,,1.6078023586887866,,4.554924118099734,,7.1875,0.022240111604332924,0.0004221287090331316,0.004468468021514127,1.7653670944273472,0.15219368040561676,0.9611697196960449,0.06195041537284851,-0.215509831905365,0.06344547867774963,0.49296438694000244,0.04545453190803528,5776,0.31193941831588745,4.904035568237305,0.003509249771013856,11829248,12889,5776,361,2.7739983,0.0053870392453973185,0.005711434353725053,-3.292153851687908,-19.626022,0.002102414186811075,0.004547417147114175,-3.5239496394991874,,,0.95,0.9,none,4.015388536150351,4.155925853937722,0.886599046732828,0.0,-50.467422,2295.1681139787074,2.7739983
73,1784825045.896779,,8.0,,8.0,,6.0,,6.0,,10.0,,10.0,,1.0,,1.0,,4.0,,4.0,,2.0,,2.0,,5.0,,5.0,,8.0,,8.0,,8.470849784091115,,6.482230417896062,,9.856899794191122,,1.1784005282679573,,4.2185516625177115,,2.1769463658565655,,4.948645604774356,,8.4375,0.05381963774561882,-0.0044739238801412284,0.0010197649971814826,1.7755719497799873,0.13118547201156616,0.8255136013031006,0.06403353810310364,0.058614280074834824,0.14802873134613037,0.4476231336593628,0.04547418653964996,5856,0.42051756381988525,5.721252918243408,0.004506544675678015,11993088,13049,5856,366,-4.459797,0.00704360771633219,0.002978942216213909,-3.293838468194008,-20.92676,0.0011160383015521801,0.004719784551707562,-3.5828993022441864,,,0.95,0.9,none,3.7421967818254793,4.695143571623001,0.3606799518856695,0.0,-58.536133,2332.8120101672885,-4.459797
74,1784825119.6691823,,8.0,,8.0,,6.0,,6.0,,10.0,,10.0,,1.0,,1.0,,4.0,,4.0,,2.0,,2.0,,5.0,,5.0,,8.0,,8.0,,8.204864096827805,,6.442423729225993,,9.872372034471482,,1.222042957044323,,4.321212914190255,,2.2080370801268145,,4.980468850582838,,8.4375,0.04001305252313614,-0.009282917191740125,0.002943827144918032,1.7824830412864685,0.22076934576034546,0.8176560401916504,0.08568914234638214,-0.18746314942836761,0.10575342923402786,0.4090799391269684,0.04576162248849869,5936,0.4194144308567047,5.71111536026001,0.003606433980166912,12156928,13209,5936,371,-8.689979,0.00838792428985471,0.004561632146942429,-3.3305472299456595,-19.748104,0.002462192379971384,0.005472539904440054,-3.6626798376441,,,0.95,0.9,none,3.861080895709469,4.421906712690577,0.4028931838440191,0.0,-44.404194,2220.8835721482988,-8.689979
75,1784825188.3778,,8.0,,8.0,,6.0,,6.0,,10.0,,10.0,,1.0,,1.0,,4.0,,4.0,,2.0,,2.0,,5.0,,5.0,,8.0,,8.0,,8.46521476842463,,6.366290987236425,,9.954219415783882,,1.1888273479416966,,4.332757712341845,,2.2836129385977983,,4.892653312999755,,8.3125,0.11912534385919571,-0.0014288823585957289,0.004660537189920433,1.787587083876133,0.1378275603055954,0.9056422710418701,0.08201338350772858,0.3798917233943939,0.32031941413879395,0.520903468132019,0.046044837683439255,6016,0.4259660542011261,5.724509239196777,0.003693448845297098,12320768,13373,6016,376,0.347406,0.011577448828029446,0.0036570684947946574,-3.405789943039417,-15.966093,0.0025574036793841516,0.0036891667477902956,-3.6999683931469916,,,0.95,0.9,none,4.003433271819089,4.080982998349858,0.41539510138066776,0.0,-76.73297,2384.562312663022,0.347406
76,1784825255.4928102,,8.0,,8.0,,6.0,,6.0,,10.0,,10.0,,1.0,,1.0,,4.0,,4.0,,2.0,,2.0,,5.0,,5.0,,8.0,,8.0,,8.679729051385948,,6.539172584482003,,9.813362310640514,,1.279525735648349,,4.1421401545230765,,2.1779315639287233,,4.98123424500227,,8.375,0.041224777698516846,-0.0029064720147289336,0.0024641310155857354,1.8130290694534779,0.1392964869737625,0.9039586186408997,0.0766250342130661,-0.14807794988155365,0.11017602682113647,0.45234376192092896,0.04226679354906082,6096,0.39684635400772095,5.748512268066406,0.004103190265595913,12484608,13533,6096,381,-9.870501,0.012839447922306135,0.0033682954759569838,-3.4209493845701218,-18.319153,0.0021021847751399036,0.004306661826558411,-3.7432712256908416,,,0.95,0.9,none,3.996259373457253,4.65813881088615,0.4312708404279877,0.0,-85.51979,2441.1954752297484,-9.870501
77,1784825323.832392,,8.0,,8.0,,6.0,,6.0,,10.0,,10.0,,1.0,,1.0,,4.0,,4.0,,2.0,,2.0,,5.0,,5.0,,8.0,,8.0,,8.061282262206078,,5.845929306698963,,9.736134434118867,,0.9914868191117421,,4.153825991321355,,2.0482795203570276,,4.861467710870784,,8.0,0.056938305497169495,-0.0031830710940994322,0.0018463839287505834,1.8215090185403824,0.15532417595386505,0.7827761769294739,0.07238689810037613,0.10822314023971558,0.14836247265338898,0.3504513204097748,0.043794769793748856,6176,0.5107733607292175,5.4623003005981445,0.004486566875129938,12648448,13693,6176,386,1.2131679,0.010617176000960172,0.004895833769114688,-3.472467264533043,-21.16363,0.0017147281683719483,0.006247454119147733,-3.7941707715392115,,,0.95,0.9,none,4.285037451990162,4.565249740999386,0.3688184639410014,0.0,-68.77746,2397.426929929103,1.2131679
78,1784825392.170797,,8.0,,8.0,,6.0,,6.0,,10.0,,10.0,,1.0,,1.0,,4.0,,4.0,,2.0,,2.0,,5.0,,5.0,,8.0,,8.0,,7.647049268940464,,5.645246157655492,,9.645753702148795,,0.810864663857501,,3.8926343095954508,,1.8110762909636833,,4.792683439212851,,7.9375,0.08470481634140015,-0.003930004546418786,0.008505442208843306,1.8224277384579182,0.1162899062037468,0.8409600257873535,0.06376447528600693,-0.221101313829422,0.22486291825771332,0.3591372072696686,0.04211634397506714,6256,0.478073388338089,5.27285099029541,0.005557502619922161,12812288,13855,6256,391,-9.007528,0.014294284567586146,0.004582076201040763,-3.556728444993496,-17.3395,0.0019344644821103429,0.00721415225925739,-3.8640575766563416,,,0.95,0.9,none,4.144228194076071,5.144755344208983,0.5618827612307566,0.0,-79.56404,2397.48069052054,-9.007528
79,1784825463.0878189,,8.0,,8.0,,6.0,,6.0,,10.0,,10.0,,1.0,,1.0,,4.0,,4.0,,2.0,,2.0,,5.0,,5.0,,8.0,,8.0,,8.302746041677892,,6.495732306211721,,9.740033756708726,,1.085207350552082,,4.06155296403449,,1.8682972127571702,,4.776769136311486,,7.8125,0.0580713152885437,-0.007420060806907713,0.0018409338354103966,1.8224613592028618,0.12084004282951355,0.7519429922103882,0.047418225556612015,-0.16269375383853912,0.1394646316766739,0.3908316493034363,0.04409940913319588,6336,0.45362263917922974,5.517855167388916,0.0029808166436851025,12976128,14019,6336,396,-42.02736,0.013176837179344147,0.00644325696703163,-3.584377612173557,-19.338589,0.0013275894241814967,0.0044922372515429744,-3.9072554484009743,,,0.95,0.9,none,4.366206328243425,4.451172039066513,0.45893187904324306,0.0,-53.151043,2310.3086623655618,-42.02736
80,1784825533.8845942,,8.0,,8.0,,6.0,,6.0,,10.0,,10.0,,1.0,,1.0,,4.0,,4.0,,2.0,,2.0,,5.0,,5.0,,8.0,,8.0,,8.079475910868496,,5.999925285344943,,9.561142722144723,,1.0131779159419239,,3.9963495954871178,,1.861448974115774,,4.825039142277092,,8.1875,0.03799419850111008,1.5570403775200248e-05,0.017478375346399844,1.8277273811399937,0.10039053112268448,0.8467992544174194,0.05516054108738899,0.49265095591545105,0.0983312800526619,0.39061057567596436,0.04151444882154465,6416,0.49046725034713745,5.440507888793945,0.00518227880820632,13139968,14182,6416,401,-17.1633,0.011682672830647788,0.005394622465246357,-3.582769027352333,-16.428333,0.002286135391477728,0.005359848245279864,-3.9543533712625503,,,0.95,0.9,none,4.164884509653513,4.658115517248775,0.5902618716959389,0.0,-64.6064,2314.226651605309,-17.1633
81,1784825602.2499578,,8.0,,8.0,,6.0,,6.0,,10.0,,10.0,,1.0,,1.0,,4.0,,4.0,,2.0,,2.0,,5.0,,5.0,,8.0,,8.0,,8.827862317673862,,6.640560375526547,,9.958223335444927,,1.388004538253881,,4.171551851090044,,2.4612791910767555,,4.979503192007542,,8.9375,0.04692427068948746,-0.005157134961336851,0.0048137834419321734,1.8205164931714535,0.09681949019432068,0.9865192770957947,0.05391792953014374,-0.12289322167634964,0.13472260534763336,0.3762325048446655,0.04616200551390648,6496,0.24830403923988342,5.920560359954834,0.0026804720982909203,13303808,14343,6496,406,-5.2405825,0.010012466105399654,0.0031056157717102907,-3.6264181971549987,-18.420765,0.0016160547220351873,0.0063972952440963125,-4.018322277069092,,,0.95,0.9,none,4.01858654325817,5.007496029844018,0.6783513122300395,0.0,-80.54981,2396.5351408292177,-5.2405825
82,1784825671.8740788,,8.0,,8.0,,6.0,,6.0,,10.0,,10.0,,1.0,,1.0,,4.0,,4.0,,2.0,,2.0,,5.0,,5.0,,8.0,,8.0,,7.970654548145831,,6.150970534887165,,9.717054408043623,,0.972101534716785,,3.9520176327205263,,2.050427158479579,,4.82760906778276,,8.0,0.062049370259046555,-0.010403430322185159,0.010984629545419011,1.831468354910612,0.11042603105306625,0.7702704071998596,0.052239030599594116,-0.1075587272644043,0.15584063529968262,0.38398775458335876,0.04571760445833206,6576,0.47064322233200073,5.455104827880859,0.0045717996545135975,13467648,14504,6576,411,-15.832151,0.014602621845551767,0.004613792788586579,-3.646446169912815,-17.72607,0.0016371683188481257,0.005658596393186599,-4.073269614577294,,,0.95,0.9,none,3.9876223592833737,5.161670316285966,0.5537537588657493,0.0,-55.02403,2353.2095215039317,-15.832151
83,1784825739.452089,,8.0,,8.0,,6.0,,6.0,,10.0,,10.0,,1.0,,1.0,,4.0,,4.0,,2.0,,2.0,,5.0,,5.0,,8.0,,8.0,,8.399516600184143,,6.298485476523638,,9.657754907384515,,1.060720786685124,,4.037741775624454,,2.032115899026394,,4.869049271102995,,8.4375,0.09646981954574585,-0.00047136982902884483,0.012359975225990638,1.8341965340077877,0.5795813202857971,0.8679330945014954,0.42077454924583435,-0.1396295577287674,0.2676820158958435,0.36957451701164246,0.042978160083293915,6656,0.4714093804359436,5.599111080169678,0.01021429244428873,13631488,14678,6656,416,-68.19906,0.03457580282120034,0.003717035660520196,-3.6846982136368753,-27.966074,0.001731869188733981,0.004508985158463474,-4.0861151099205015,,,0.95,0.9,none,4.622206804762433,4.152704845805256,0.45467886278014125,0.0,-82.75657,2424.4553543368984,-68.19906
84,1784825809.6558087,,8.0,,8.0,,6.0,,6.0,,10.0,,10.0,,1.0,,1.0,,4.0,,4.0,,2.0,,2.0,,5.0,,5.0,,8.0,,8.0,,8.31077089253813,,6.513913880975451,,9.808797467499971,,1.0830132667906582,,4.0354889100417495,,2.082564994227141,,4.91545922961086,,8.3125,0.054336950182914734,-0.0023457317147403955,0.009055671442183666,1.8340044803917408,0.10574540495872498,0.9276745915412903,0.05810873955488205,0.19557097554206848,0.172489732503891,0.35657310485839844,0.04211728274822235,6736,0.46478989720344543,5.632813453674316,0.0028161494992673397,13795328,14848,6736,421,-3.822972,0.009873761897324584,0.004077854103525169,-3.7488162010908126,-16.536009,0.0015636034149792977,0.004921742447186262,-4.143791973590851,,,0.95,0.9,none,4.1208815884798,5.3673702978866284,0.45913833868137155,0.0,-50.981956,2333.7793147098,-3.822972
85,1784825881.800816,,8.0,,8.0,,6.0,,6.0,,10.0,,10.0,,1.0,,1.0,,4.0,,4.0,,2.0,,2.0,,5.0,,5.0,,8.0,,8.0,,8.10708608943969,,6.041388910496607,,9.347408856265247,,0.9958696973044425,,3.977420686278492,,1.743248780258,,4.755680064670742,,7.875,0.12402449548244476,-0.0006086801295168698,0.015933321279590018,1.8378195613622665,0.14079470932483673,0.7450540661811829,0.07299821078777313,-0.1054767444729805,0.3175823390483856,0.34206831455230713,0.040829136967659,6816,0.5189899206161499,5.3553876876831055,0.004512423183768988,13959168,15008,6816,426,3.798982,0.005808149121003225,0.00360992557980353,-3.7763244807720184,-21.978176,0.0020346713077742606,0.005506259144749492,-4.202087488770485,,,0.95,0.9,none,4.38096011054557,4.716516878540987,0.529722095529744,0.0,-32.635056,2270.9869496975803,3.798982
86,1784825951.0554473,,8.0,,8.0,,6.0,,6.0,,10.0,,10.0,,1.0,,1.0,,4.0,,4.0,,2.0,,2.0,,5.0,,5.0,,8.0,,8.0,,7.5921102948486805,,5.41461050324142,,9.42036313097924,,0.8451997530646622,,3.80947654414922,,1.8543651131913066,,4.8130543334409595,,7.75,0.12502999603748322,-0.007655032677575946,0.004995540497475304,1.8360424004495144,0.08948536217212677,0.9244368076324463,0.046773023903369904,0.13177679479122162,0.31419530510902405,0.3797489404678345,0.041525699198246,6896,0.4812188744544983,5.187397480010986,0.006006108596920967,14123008,15169,6896,431,2.6046216,0.008583395327150356,0.004162153028300963,-3.792094333469868,-14.187967,0.0016592117801337736,0.006056969102064613,-4.24702405333519,,,0.95,0.9,none,4.257122775213057,5.317010787655133,0.377915153322523,0.0,-84.34393,2365.7594042194733,2.6046216
87,1784826021.4203033,,8.0,,8.0,,6.0,,6.0,,10.0,,10.0,,1.0,,1.0,,4.0,,4.0,,2.0,,2.0,,5.0,,5.0,,8.0,,8.0,,7.283512280555442,,5.320104914717376,,9.286850593052804,,0.7217170591466129,,3.7536739751230925,,1.6759328842163086,,4.63284238986671,,7.375,0.04805843532085419,-0.004623872577212751,0.008178411822882481,1.8343994356691837,0.09739654511213303,0.8944166898727417,0.0615508034825325,0.10473181307315826,0.11911517381668091,0.39291632175445557,0.04045531898736954,6976,0.3523769676685333,5.006204128265381,0.006363444030284882,14286848,15329,6976,436,1.4217031,0.005671027940115892,0.004297641358425608,-3.8347383469343184,-12.816805,0.0017261447210330516,0.005060392074665287,-4.327132976055145,,,0.95,0.9,none,4.551562907383838,5.11092097248415,0.46702951423423483,0.0,-63.94286,2328.432300681395,1.4217031
88,1784826090.9879732,,8.0,,8.0,,6.0,,6.0,,10.0,,10.0,,1.0,,1.0,,4.0,,4.0,,2.0,,2.0,,5.0,,5.0,,8.0,,8.0,,7.973260976723395,,5.9081237483769655,,9.469835678115487,,0.8340427353978157,,3.8292341721244156,,1.8406797437928617,,4.6794586651958525,,7.6875,0.11260509490966797,-0.0005588115454884246,0.019007688824785873,1.8467457108199596,0.09818085283041,0.9333787560462952,0.05359239503741264,-0.22930100560188293,0.2979656755924225,0.32172685861587524,0.03954494372010231,7056,0.5032050609588623,5.277766704559326,0.002785026328638196,14450688,15489,7056,441,-16.458767,0.006910138935199939,0.004121723506250419,-3.860355830192566,-12.533091,0.0014018825753737475,0.00506522031937493,-4.4238935053348545,,,0.95,0.9,none,4.270081951982417,5.892122333382662,0.5960375630078812,0.0,-80.624916,2355.117951870813,-16.458767
89,1784826161.035616,,8.0,,8.0,,6.0,,6.0,,10.0,,10.0,,1.0,,1.0,,4.0,,4.0,,2.0,,2.0,,5.0,,5.0,,8.0,,8.0,,8.257286925800145,,6.029632644262165,,9.91650135628879,,1.1435108529403806,,3.812548688147217,,2.2948726546019316,,4.890202013775706,,8.1875,0.05701873451471329,-0.0033023589639924467,0.012746452164719813,1.8477686494588852,0.11082355678081512,0.7286363840103149,0.06891801208257675,0.21848294138908386,0.14439232647418976,0.2869154214859009,0.03876378759741783,7136,0.44129547476768494,5.566507339477539,0.004956096410751343,14614528,15651,7136,446,-43.62071,0.013021654554177076,0.0011863596431794577,-3.9355087012052534,-16.093819,0.0017644755593209994,0.006671766960062086,-4.473137837648392,,,0.95,0.9,none,4.58078534194963,5.842957119563733,0.5517471418721159,0.0,-78.69524,2338.978712511474,-43.62071
90,1784826229.8386488,,8.0,,8.0,,6.0,,6.0,,10.0,,10.0,,1.0,,1.0,,4.0,,4.0,,2.0,,2.0,,5.0,,5.0,,8.0,,8.0,,8.20261194370687,,6.478230684064329,,9.72919575870037,,1.0778514314442873,,4.148310298565775,,2.129171902546659,,4.867554419208318,,8.3125,0.046293072402477264,-0.017356131109409034,0.0036791575148527045,1.8589644841849804,0.0875101163983345,0.7868768572807312,0.04441184550523758,-0.4426816999912262,0.13955672085285187,0.26884663105010986,0.037014350295066833,7216,0.46959275007247925,5.618178844451904,0.00264572910964489,14778368,15811,7216,451,2.4420605,0.007200907163496595,0.002981074796116445,-3.9797957703471183,-14.432277,0.0017759309863322414,0.008148535109648946,-4.50331763625145,,,0.95,0.9,none,4.423426123968918,5.854454541768256,0.3842401382075845,0.0,-83.437805,2381.2903274615255,2.4420605
91,1784826299.0291405,,8.0,,8.0,,6.0,,6.0,,10.0,,10.0,,1.0,,1.0,,4.0,,4.0,,2.0,,2.0,,5.0,,5.0,,8.0,,8.0,,8.139046907424927,,6.3257738426327705,,9.66587467957288,,1.139049238525331,,3.996600951155415,,2.187643950805068,,4.871001264313236,,8.25,0.07082654535770416,0.0003116538282483816,0.008814671011350583,1.8686829656362534,0.19397231936454773,0.888197660446167,0.08589086681604385,0.18511280417442322,0.17285460233688354,0.36357712745666504,0.03597577288746834,7296,0.4944232404232025,5.571874141693115,0.008606980554759502,14942208,15972,7296,456,-34.585945,0.008182417004718445,0.004200807653251104,-3.9786102056503294,-19.736502,0.003118051606725203,0.008497056960186456,-4.539996984601021,,,0.95,0.9,none,4.928286832763713,6.118288402607648,0.4938109143026447,0.0,-87.695724,2367.95540892231,-34.585945
92,1784826371.2342746,,8.0,,8.0,,6.0,,6.0,,10.0,,10.0,,1.0,,1.0,,4.0,,4.0,,2.0,,2.0,,5.0,,5.0,,8.0,,8.0,,8.01036958862096,,5.780752889113501,,9.472958757542074,,1.2559988773427904,,4.188064211979508,,1.9333711090730503,,4.716882965294644,,8.125,0.1061185747385025,-0.0025250036269426346,0.0149307190295076,1.8733612187206745,0.1444462537765503,0.8000664114952087,0.09313461184501648,-0.2720521092414856,0.26536113023757935,0.3452332615852356,0.03709486499428749,7376,0.5115854740142822,5.4354248046875,0.05547252669930458,15106048,16133,7376,461,2.9819932,0.009312143782153726,0.005459943392634159,-4.027478131651878,-16.83286,0.0033175149736052846,0.005204613707610406,-4.575495567917824,,,0.95,0.9,none,4.600927748201264,6.9997349765569865,0.5504343204923078,0.0,-20.807632,2269.0929781283307,2.9819932
93,1784826438.1163595,,8.0,,8.0,,6.0,,6.0,,10.0,,10.0,,1.0,,1.0,,4.0,,4.0,,2.0,,2.0,,5.0,,5.0,,8.0,,8.0,,7.487867567688227,,5.941755308682332,,9.453256600536406,,0.9723971427883953,,4.012967619200936,,1.8472088761627674,,4.809787186793983,,7.625,0.05997426062822342,-0.0028503643115982413,0.005586286573816324,1.8809470385313034,0.13508401811122894,0.8905600905418396,0.06156676262617111,0.1630488634109497,0.18569976091384888,0.38098111748695374,0.039701856672763824,7456,0.4630093574523926,5.268779277801514,0.010647104121744633,15269888,16293,7456,466,-15.787198,0.00793494032259332,0.005908570807514479,-4.0344108790159225,-17.274555,0.0034502890477597246,0.0061222907577757725,-4.5905257105827335,,,0.95,0.9,none,4.681994387943052,5.721069644675524,0.37332679091807763,0.0,-75.96458,2449.681667497475,-15.787198
94,1784826506.3659034,,8.0,,8.0,,6.0,,6.0,,10.0,,10.0,,1.0,,1.0,,4.0,,4.0,,2.0,,2.0,,5.0,,5.0,,8.0,,8.0,,7.230739353224635,,5.410237922216766,,9.36128421875037,,0.7669417229481041,,3.673834872432053,,1.6961331362836063,,4.729190186597407,,7.25,0.04986163601279259,-0.008583030372392386,0.0013724834079766879,1.88569325953722,0.20593084394931793,0.8414897322654724,0.09524153918027878,-0.048885781317949295,0.14294776320457458,0.2966310977935791,0.04279979318380356,7536,0.382930725812912,5.014795303344727,0.012184852734208107,15433728,16454,7536,471,-22.639847,0.013476809117128142,0.002335837544524111,-4.05537259876728,-32.218616,0.003122180139325792,0.008089601296524052,-4.612259101867676,,,0.95,0.9,none,4.7572992689317495,5.798536544600729,0.39729417730034683,0.0,-78.085815,2400.602270669905,-22.639847
95,1784826575.0097413,,8.0,,8.0,,6.0,,6.0,,10.0,,10.0,,1.0,,1.0,,4.0,,4.0,,2.0,,2.0,,5.0,,5.0,,8.0,,8.0,,8.316890967078507,,6.2422839645296335,,9.85820553638041,,1.158680814318359,,3.9957390374329407,,2.0411521499045193,,4.926163081196137,,8.0,0.08159330487251282,-0.0021736753988079727,0.0071289398983935826,1.8995732367038727,0.13839271664619446,0.952748715877533,0.12080100923776627,-0.17640528082847595,0.20196668803691864,0.3718002736568451,0.041716091334819794,7616,0.49071985483169556,5.567389488220215,0.00841197557747364,15597568,16615,7616,476,-24.876799,0.015112936854711734,0.004956387005222496,-4.080676329135895,-18.30524,0.002786663205915829,0.005758788023376838,-4.645828568935395,,,0.95,0.9,none,4.532875012783748,6.178000534422852,0.41914928239516164,0.0,-86.95164,2386.8134240174295,-24.876799
96,1784826642.2825062,,8.0,,8.0,,6.0,,6.0,,10.0,,10.0,,1.0,,1.0,,4.0,,4.0,,2.0,,2.0,,5.0,,5.0,,8.0,,8.0,,8.175091277807951,,6.675276484107599,,10.0,,1.2007112491410226,,4.269735438050702,,2.2880455152480863,,4.973487861454487,,8.375,0.07731113582849503,-0.0020288052619434893,0.0026525111443334026,1.9131835512816906,0.2514609396457672,0.8607305884361267,0.18892672657966614,-0.039131730794906616,0.17808328568935394,0.2261359989643097,0.04319058358669281,7696,0.4188835322856903,5.744668483734131,0.008595054969191551,15761408,16779,7696,481,-29.507309,0.019059630582341926,0.0050069601158611475,-4.192253115773201,-20.402151,0.0019392258422158194,0.008092833099362906,-4.65439827144146,,,0.95,0.9,none,5.328164838882946,6.813960779710575,0.4356179598028538,0.0,-77.42855,2435.457676536584,-29.507309
97,1784826710.2302287,,8.0,,8.0,,6.0,,6.0,,10.0,,10.0,,1.0,,1.0,,4.0,,4.0,,2.0,,2.0,,5.0,,5.0,,8.0,,8.0,,7.271252298727632,,5.306787142995745,,9.419884767383337,,0.7917281006812118,,3.747009487822652,,1.7596665658056736,,4.798026537057012,,7.375,0.029925761744379997,-0.0030202955240383744,0.0008762033148741466,1.923300165683031,0.18349942564964294,0.9253181219100952,0.08831369876861572,0.023207716643810272,0.08384978026151657,0.2542908191680908,0.043617866933345795,7776,0.386007159948349,5.058669567108154,0.014042508788406849,15925248,16942,7776,486,-25.382174,0.02381514059379697,0.004077888864412671,-4.258552572131157,-18.764957,0.0036453364431508818,0.004810413222730858,-4.676024231314659,,,0.95,0.9,none,4.804881335910024,5.812205103198309,0.31721232091170093,0.0,-75.373825,2411.265431743856,-25.382174
98,1784826778.3728497,,8.0,,8.0,,6.0,,6.0,,10.0,,10.0,,1.0,,1.0,,4.0,,4.0,,2.0,,2.0,,5.0,,5.0,,8.0,,8.0,,7.631283682771027,,5.768937144428492,,9.53232921473682,,0.8319451885763556,,3.778201794717461,,1.726945229806006,,4.74415900465101,,7.875,0.07575970888137817,-0.003818443336058408,0.0015998543876776239,1.9232338555157185,0.1276620626449585,0.9909208416938782,0.054945480078458786,0.01776769757270813,0.21343041956424713,0.28583085536956787,0.049640536308288574,7856,0.5021499991416931,5.236100196838379,0.005300520919263363,16089088,17106,7856,491,5.4664884,0.0081278677447699,0.007345703150349436,-4.280406177043915,-17.982828,0.0032985111167363355,0.008724383435037453,-4.703400561213494,,,0.95,0.9,none,4.927408511272013,5.903075750976809,0.47678384670959084,0.0,-59.000317,2404.3689882808717,5.4664884
99,1784826845.6755912,,8.0,,8.0,,6.0,,6.0,,10.0,,10.0,,1.0,,1.0,,4.0,,4.0,,2.0,,2.0,,5.0,,5.0,,8.0,,8.0,,8.0465298127383,,5.954715474508703,,9.583994410000741,,0.9294424038380384,,3.8201174384448677,,1.893724832276348,,4.6893141400069,,7.6875,0.15165047347545624,-0.0027357921353541315,0.00858245232666377,1.9248026311397552,0.1462896764278412,0.8237264752388,0.1047254353761673,-0.07505493611097336,0.3489587604999542,0.33358946442604065,0.06195485591888428,7936,0.5092301964759827,5.325667381286621,0.010134303011000156,16252928,17274,7936,496,-7.5244308,0.006640344177139923,0.008599968973430804,-4.267295387387276,-26.815567,0.0051024052241700705,0.009689632133813575,-4.723001858592033,,,0.95,0.9,none,5.2738633650191025,6.154535079329973,0.3747017287386256,0.0,-82.75697,2434.37328493153,-7.5244308
100,1784826915.3238037,,8.0,,8.0,,6.0,,6.0,,10.0,,10.0,,1.0,,1.0,,4.0,,4.0,,2.0,,2.0,,5.0,,5.0,,8.0,,8.0,,7.985156997106969,,5.749035893008113,,9.616031711921096,,0.90984822603059,,4.1425222172401845,,1.9048933471785858,,4.78133144043386,,7.6875,0.073099285364151,-0.0007011677080299705,0.005268452048767358,1.9263927973806858,0.19024133682250977,0.9472629427909851,0.1421234905719757,-0.000984635204076767,0.19304582476615906,0.4136846661567688,0.06813499331474304,8016,0.5129513144493103,5.347039699554443,0.01725882850587368,16416768,17440,8016,501,-6.2032156,0.011732463986845687,0.0024612457629700655,-4.258154684305191,-40.372654,0.007455413794377819,0.006570668294443749,-4.7432767182588575,,,0.95,0.9,none,4.69839761200438,6.842826835067532,0.3373092009565695,0.0,-81.09844,2352.3934700352656,-6.2032156
101,1784826987.4075308,,8.0,,8.0,,6.0,,6.0,,10.0,,10.0,,1.0,,1.0,,4.0,,4.0,,2.0,,2.0,,5.0,,5.0,,8.0,,8.0,,8.544781060423702,,6.350358305498958,,9.692440135404468,,1.0958770895376801,,4.237413736860617,,2.113718210021034,,4.800747495144606,,8.3125,0.09796114265918732,-0.0037386000622063875,0.004313886878662743,1.9248921051621437,0.18149538338184357,0.8969150185585022,0.13222604990005493,-0.10655084252357483,0.24309559166431427,0.47662901878356934,0.06570731103420258,8096,0.46022534370422363,5.643479347229004,0.008228405378758907,16580608,17606,8096,506,-15.252686,0.010986052948283032,0.005308883084217087,-4.323397532105446,-9.69388,0.004280501972971251,0.006751027586869895,-4.772819378972054,,,0.95,0.9,none,4.933054805342901,5.85943037254515,0.32356391727361267,0.0,-51.756886,2272.9154683978845,-15.252686
102,1784827060.951557,,8.0,,8.0,,6.0,,6.0,,10.0,,10.0,,1.0,,1.0,,4.0,,4.0,,2.0,,2.0,,5.0,,5.0,,8.0,,8.0,,7.875765112810768,,6.035965114831924,,9.592576898634434,,1.041709152981639,,3.8031921837246045,,2.0407912372611463,,4.785130941309035,,8.1875,0.05141746997833252,-0.004158635390922427,0.002361363724048715,1.9210346974432468,0.1650368869304657,0.8423911333084106,0.095937579870224,-0.22071731090545654,0.13085173070430756,0.39850446581840515,0.055552974343299866,8176,0.5280863642692566,5.4203290939331055,0.014996534213423729,16744448,17773,8176,511,-25.21104,0.016936411091592163,0.0012433693060302175,-4.379403054714203,-20.655922,0.005347124711261131,0.003643530602857936,-4.752755343914032,,,0.95,0.9,none,4.942656260532457,5.51079993668254,0.26925618162802456,0.0,-54.877785,2227.779377752919,-25.21104
103,1784827136.055511,,8.0,,8.0,,6.0,,6.0,,10.0,,10.0,,1.0,,1.0,,4.0,,4.0,,2.0,,2.0,,5.0,,5.0,,8.0,,8.0,,7.353659640997648,,5.267806762829423,,9.186324793845415,,0.6014669854193926,,3.6930271424353123,,1.6426733499392867,,4.5751762861036696,,7.125,0.05633799731731415,-0.000285819114651531,0.009432755745365284,1.929524451494217,0.14895448088645935,0.8187898993492126,0.1140611544251442,0.06855987012386322,0.18305394053459167,0.32230156660079956,0.047220874577760696,8192,0.36288362741470337,4.930642127990723,0.0075173270888626575,16908288,17936,8256,516,-4.5913534,0.008822827979747672,0.005814269593975041,-4.314519137144089,-17.886992,0.003023944491724251,0.00781007759651402,-4.75123650431633,,,0.95,0.9,none,5.0038638287493225,5.989308333850607,0.4729759982148467,0.0,-63.617542,2181.5127879229763,-4.5913534
104,1784827213.431876,,8.0,,8.0,,6.0,,6.0,,10.0,,10.0,,1.0,,1.0,,4.0,,4.0,,2.0,,2.0,,5.0,,5.0,,8.0,,8.0,,7.725631190929562,,5.969557646661997,,9.60691517405212,,0.978565136436373,,3.875849219330121,,1.7047869116067886,,4.716285796836019,,7.8125,0.05489185452461243,-0.00548382691340521,0.0014658609507023357,1.9412103667855263,0.1624227911233902,0.9175391793251038,0.09412635117769241,-0.3401174545288086,0.1347678005695343,0.2648273706436157,0.04288310557603836,8192,0.512533962726593,5.298761367797852,0.018549010157585144,17072128,18103,8336,521,-44.503418,0.01384893549256958,0.001051082945195958,-4.332598167657852,-31.898829,0.005733552463061642,0.003913513945008162,-4.73957910835743,,,0.95,0.9,none,5.467518685144954,5.439129434758996,0.2983858419482608,0.0,-29.654526,2117.4387854045167,-44.503418
105,1784827285.3937225,,8.0,,8.0,,6.0,,6.0,,10.0,,10.0,,1.0,,1.0,,4.0,,4.0,,2.0,,2.0,,5.0,,5.0,,8.0,,8.0,,7.544399228878319,,5.841936607845128,,9.337122473865747,,0.7098794877529144,,3.7316289450973272,,1.934827409684658,,4.659066699445248,,7.125,0.1267472803592682,-0.007679894100874662,0.006953882038942538,1.9598465599119663,0.14235524833202362,0.9405933618545532,0.08037020266056061,-0.17099601030349731,0.2953763008117676,0.32050979137420654,0.048980679363012314,8192,0.4342383146286011,5.110482692718506,0.006119388621300459,17235968,18269,8416,526,-15.018712,0.010846908789244481,0.004363309076870792,-4.3624704539775845,-41.040905,0.0045348378138442055,0.005691097196540795,-4.744010272622108,,,0.95,0.9,none,4.7919456726246965,6.291446715781963,0.3699533682746339,0.0,-66.61184,2276.762637332913,-15.018712
106,1784827358.861313,,8.0,,8.0,,6.0,,6.0,,10.0,,10.0,,1.0,,1.0,,4.0,,4.0,,2.0,,2.0,,5.0,,5.0,,8.0,,8.0,,7.5027098641730845,,5.64568656188203,,9.486825872692862,,0.8933182379696518,,3.92532944548293,,1.8540090360911563,,4.7194506148807704,,7.75,0.10664357244968414,-6.192957516759634e-05,0.006587367221072782,1.9742547497153282,0.14347703754901886,0.948188304901123,0.09794256091117859,0.4132300615310669,0.2768907845020294,0.405559241771698,0.05177094787359238,8192,0.5172045826911926,5.222167015075684,0.009286176413297653,17399808,18436,8496,531,4.2611265,0.00977098112925887,0.006316080014221371,-4.402526035904884,-38.957466,0.005824759427923709,0.004070330165268388,-4.771434083580971,,,0.95,0.9,none,5.285115384666492,5.795417557497514,0.3257337337545619,0.0,-33.40454,2230.099033914369,4.2611265
107,1784827427.3735864,,8.0,,8.0,,6.0,,6.0,,10.0,,10.0,,1.0,,1.0,,4.0,,4.0,,2.0,,2.0,,5.0,,5.0,,8.0,,8.0,,7.714256061241031,,6.059386820998043,,9.464179873466492,,0.8701676870696247,,3.8131484766490757,,1.9077371340245008,,4.823169021867216,,7.375,0.14424581825733185,-0.0023807449033483863,0.022890910506248474,1.9710936024785042,0.2297181338071823,0.8009151816368103,0.1860865205526352,0.25161072611808777,0.3740798234939575,0.4300858974456787,0.05535136163234711,8192,0.5157439112663269,5.25338077545166,0.026503052562475204,17563648,18610,8576,536,-32.428074,0.014008466995437629,0.0040230399332358505,-4.4226161420345305,-22.420376,0.008841614867560566,0.00651147519092774,-4.77787908911705,,,0.95,0.9,none,5.38046138182236,6.814535000370727,0.4839245946173158,0.0,-80.1306,2391.395266058651,-32.428074
108,1784827498.392064,,8.0,,8.0,,6.0,,6.0,,10.0,,10.0,,1.0,,1.0,,4.0,,4.0,,2.0,,2.0,,5.0,,5.0,,8.0,,8.0,,8.3971739676781,,6.716080730839167,,9.766033941879869,,1.2833652377594262,,4.191263459390029,,2.206561199389398,,4.8217702988768,,8.125,0.042172640562057495,-0.004795079177711159,0.0016434037916042143,1.9678285494446754,0.20766891539096832,0.8624330759048462,0.1645418107509613,0.033803537487983704,0.11576350033283234,0.4248925447463989,0.051922786980867386,8192,0.45418888330459595,5.688405990600586,0.041517093777656555,17727488,18773,8656,541,5.363904,0.0096178120438708,0.005768606351921335,-4.514685046672821,-37.56617,0.005795366341772024,0.005261808286013548,-4.8350497603416445,,,0.95,0.9,none,5.215055646742551,7.4019265674021995,0.36338255166581046,0.0,-55.75899,2307.0061294386555,5.363904
109,1784827567.5169113,,8.0,,8.0,,6.0,,6.0,,10.0,,10.0,,1.0,,1.0,,4.0,,4.0,,2.0,,2.0,,5.0,,5.0,,8.0,,8.0,,7.416342820972204,,5.688411003910005,,9.55634963605553,,1.0091653380804928,,3.8913734876550734,,1.7197203805553727,,4.624593362212181,,7.375,0.13626864552497864,-0.003992384532466531,0.005720920176827349,1.9725654684007168,0.15297824144363403,0.7934982180595398,0.07033131271600723,0.0070317890495061874,0.3300773799419403,0.3979143798351288,0.04400953650474548,8192,0.42936235666275024,5.160119533538818,0.01895105466246605,17891328,18940,8736,546,-23.711239,0.014195563181419856,0.004893204192921985,-4.514491984248162,-26.136026,0.004908813498332165,0.007358250026300084,-4.846544772386551,,,0.95,0.9,none,5.238197346435586,6.602089612700939,0.3414895586733029,0.0,-48.242332,2370.2033871072013,-23.711239
110,1784827638.8143008,,8.0,,8.0,,6.0,,6.0,,10.0,,10.0,,1.0,,1.0,,4.0,,4.0,,2.0,,2.0,,5.0,,5.0,,8.0,,8.0,,8.319642659276724,,6.153220860287547,,9.765306046232581,,1.297066428232938,,4.154026453034021,,2.3155728860292584,,4.89155257679522,,8.4375,0.07232708483934402,-0.001957434229552746,0.004671257447625976,1.981454610824585,0.17406179010868073,0.9662456512451172,0.11552643775939941,0.22136445343494415,0.19597309827804565,0.38553914427757263,0.036791861057281494,8192,0.4791181981563568,5.666736125946045,0.019488519057631493,18055168,19108,8816,551,4.5441756,0.006155090438551269,0.006976801482960582,-4.550991582870483,-47.476215,0.005651008839777205,0.005863536899414612,-4.864973318576813,,,0.95,0.9,none,5.366397953682544,6.718648606453624,0.35005033702805294,0.0,-62.729897,2297.9800425609774,4.5441756
111,1784827708.901865,,8.0,,8.0,,6.0,,6.0,,10.0,,10.0,,1.0,,1.0,,4.0,,4.0,,2.0,,2.0,,5.0,,5.0,,8.0,,8.0,,7.709845217876136,,5.684115304844454,,9.628499479964375,,0.976250983600039,,3.9302825510967523,,1.9994894408155233,,4.830505064688623,,8.1875,0.07144343107938766,-0.0015892919327598065,0.007538030280556995,1.992905780673027,0.13168329000473022,0.8523218035697937,0.09095301479101181,-0.40769854187965393,0.17797699570655823,0.37349390983581543,0.04071841388940811,8192,0.5233083963394165,5.368310928344727,0.018401190638542175,18219008,19281,8896,556,-41.87427,0.022014483832754193,0.005898023008194286,-4.528386470675469,-28.61641,0.007275956054218114,0.006974650574557017,-4.906807696819305,,,0.95,0.9,none,5.716934217542092,6.657963986391477,0.40591401237404456,0.0,-81.13619,2337.6471893279654,-41.87427
112,1784827782.3642533,,8.0,,8.0,,6.0,,6.0,,10.0,,10.0,,1.0,,1.0,,4.0,,4.0,,2.0,,2.0,,5.0,,5.0,,8.0,,8.0,,7.90791501570493,,6.3313612984493375,,9.790165644139051,,1.1499828891828656,,3.9913232349790633,,2.282870406517759,,4.818130664527416,,8.25,0.06593753397464752,-0.004370411450508982,0.0021127632753632497,1.989689689129591,0.18542881309986115,1.0062298774719238,0.185409814119339,-0.09947164356708527,0.19745400547981262,0.32505375146865845,0.042835891246795654,8192,0.5075657963752747,5.565218448638916,0.01327928900718689,18382848,19457,8976,561,-35.68284,0.02431998458923772,0.0032357981661334636,-4.566290661692619,-38.780178,0.006712752170278691,0.006901597726391628,-4.905861753225326,,,0.95,0.9,none,5.1744576907827255,6.148826965905161,0.295940732392711,0.0,-48.72685,2230.257880691278,-35.68284
113,1784827850.5562813,,8.0,,8.0,,6.0,,6.0,,10.0,,10.0,,1.0,,1.0,,4.0,,4.0,,2.0,,2.0,,5.0,,5.0,,8.0,,8.0,,8.146942040417343,,6.291136409854516,,9.605737489648163,,1.1311129599343985,,3.9898077342659235,,2.187194524332881,,4.759434362873435,,8.5,0.08664736896753311,-0.002320642670383677,0.007113225627108477,2.003483384847641,0.14582449197769165,0.8840372562408447,0.08352091163396835,0.09390968084335327,0.23829762637615204,0.4975961446762085,0.0652654618024826,8192,0.4866984486579895,5.576420307159424,0.029338844120502472,18546688,19639,9056,566,-24.413776,0.011143558847834356,0.004692855264875106,-4.5845561683177944,-62.386635,0.009103228476305958,0.00456417247914942,-4.912946048378944,,,0.95,0.9,none,5.385236402530166,6.287716339150616,0.36413894749436665,0.0,-80.84644,2402.6259932397743,-24.413776
114,1784827920.268717,,8.0,,8.0,,6.0,,6.0,,10.0,,10.0,,1.0,,1.0,,4.0,,4.0,,2.0,,2.0,,5.0,,5.0,,8.0,,8.0,,8.3333825962618,,6.425876351073384,,9.707288411445916,,1.2022621696814897,,4.267441552598029,,2.1086461608065292,,4.907284400425851,,8.5,0.05748654156923294,-8.986389730125666e-05,0.0045596006530104205,2.0043983832001686,0.11846202611923218,0.8705000877380371,0.0819002240896225,0.1581050157546997,0.1450604349374771,0.3649941384792328,0.04405282065272331,8192,0.4548126757144928,5.681522846221924,0.037464454770088196,18710528,19813,9136,571,-11.480989,0.010137186432257295,0.004405163203773555,-4.63735955953598,-33.498653,0.0047852541611064225,0.004867716954322532,-4.8950646966695786,,,0.95,0.9,none,5.58485262927036,7.524817147105656,0.40949169290767307,0.0,-63.1789,2350.226467585694,-11.480989
115,1784827990.2596726,,8.0,,8.0,,6.0,,6.0,,10.0,,10.0,,1.0,,1.0,,4.0,,4.0,,2.0,,2.0,,5.0,,5.0,,8.0,,8.0,,8.204072270542383,,6.462698429822922,,9.625923492014408,,1.0705377678386867,,4.2265153443440795,,2.0801536911167204,,4.917221904732287,,7.9375,0.09330082684755325,-0.001655184372793883,0.0027888325530511793,2.0120375528931618,0.13520726561546326,0.7132982611656189,0.12215420603752136,-0.06428370624780655,0.23957768082618713,0.47555577754974365,0.04913381487131119,8192,0.5237607955932617,5.565577983856201,0.01842343807220459,18874368,19987,9216,576,-20.266342,0.011367027857340872,0.00418707628705306,-4.681849354505539,-31.81132,0.007464967615669593,0.005862294806865976,-4.886103448271752,,,0.95,0.9,none,5.338255024865758,6.522096910873223,0.31664628967003394,0.0,-68.57621,2340.8739824202735,-20.266342
116,1784828061.0685546,,8.0,,8.0,,6.0,,6.0,,10.0,,10.0,,1.0,,1.0,,4.0,,4.0,,2.0,,2.0,,5.0,,5.0,,8.0,,8.0,,7.866698398778681,,5.5953370882198215,,9.389433460310102,,0.8684895671904087,,3.888260474835988,,1.6099309753626585,,4.574445448815823,,7.6875,0.11859078705310822,-0.0006291418103501201,0.008316197418025695,2.0125320702791214,0.10394511371850967,0.8139732480049133,0.0933191329240799,-0.37125036120414734,0.3164249062538147,0.33899611234664917,0.03635519742965698,8192,0.4694494307041168,5.185011386871338,0.014222066849470139,19038208,20157,9296,581,-4.2091045,0.008534350947593338,0.004516768935718574,-4.759376782178879,-18.157291,0.005510985080036335,0.006314064520120155,-4.923132008314132,,,0.95,0.9,none,5.59000242358673,6.113779233121365,0.40356724210329054,0.0,-57.2595,2313.843167657735,-4.2091045
117,1784828129.5623171,,8.0,,8.0,,6.0,,6.0,,10.0,,10.0,,1.0,,1.0,,4.0,,4.0,,2.0,,2.0,,5.0,,5.0,,8.0,,8.0,,7.698910533450544,,5.817077695392072,,9.626410190016031,,0.907948037944152,,3.966323980363086,,1.9780457285232842,,4.7935298616066575,,7.75,0.06088407337665558,-0.013959293399238959,0.0036265695016481914,2.015855111181736,0.1422956883907318,0.8123802542686462,0.08491352945566177,-0.19665126502513885,0.16240860521793365,0.4185652732849121,0.046632710844278336,8192,0.518397331237793,5.3172807693481445,0.006153667811304331,19202048,20324,9376,586,-12.088826,0.008418457093648612,0.006877488664031262,-4.7540636241436,-48.561726,0.004302992703014752,0.006091083362116478,-4.960438379645348,,,0.95,0.9,none,5.861973417705126,6.306045088276553,0.3377675980084656,0.0,-78.28765,2392.03266968762,-12.088826
118,1784828197.7750518,,8.0,,8.0,,6.0,,6.0,,10.0,,10.0,,1.0,,1.0,,4.0,,4.0,,2.0,,2.0,,5.0,,5.0,,8.0,,8.0,,7.575098229572177,,5.5156860975548625,,9.479428087186534,,0.8688102983869612,,3.970666943117976,,2.061630478827283,,4.816210243850946,,7.4375,0.058646462857723236,-0.005633599357679486,0.003571887285943376,2.0220910906791687,0.17046277225017548,0.8574118614196777,0.20484822988510132,-0.08274692296981812,0.15766800940036774,0.38054272532463074,0.04150776565074921,8192,0.4737943410873413,5.215628147125244,0.028081145137548447,19365888,20497,9456,591,4.471521,0.0073941043461672965,0.008514721639221534,-4.7854101091623304,-49.034355,0.006641210235829931,0.006389243663579691,-4.996717551350594,,,0.95,0.9,none,5.984480297300374,6.864026581843197,0.33659110001696035,0.0,-79.64729,2401.8974632138256,4.471521
119,1784828268.2561784,,8.0,,8.0,,6.0,,6.0,,10.0,,10.0,,1.0,,1.0,,4.0,,4.0,,2.0,,2.0,,5.0,,5.0,,8.0,,8.0,,8.381411158261471,,6.0374523173086345,,9.496666034683585,,0.8740087589249015,,3.990504859131761,,1.9605734788783593,,4.7974295895546675,,7.75,0.09586164355278015,-0.009192222263664007,0.01069022243609652,2.0324229523539543,0.10942421853542328,1.0034558773040771,0.10480327904224396,0.012612562626600266,0.26836320757865906,0.3672882318496704,0.039347320795059204,8192,0.5188115239143372,5.41100549697876,0.03546695038676262,19529728,20663,9536,596,4.8645315,0.008005484190653079,0.007014005500241183,-4.759237965941429,-29.94083,0.004426325352687855,0.0046945255468017425,-4.997157680988312,,,0.95,0.9,none,5.7727455908023035,7.694578028819329,0.4024649125661972,0.0,-78.696556,2324.5944126021964,4.8645315
120,1784828341.647289,,8.0,,8.0,,6.0,,6.0,,10.0,,10.0,,1.0,,1.0,,4.0,,4.0,,2.0,,2.0,,5.0,,5.0,,8.0,,8.0,,7.47969467198709,,5.596692611463368,,9.271160567179322,,0.7349562114104629,,4.0434660403989255,,1.8840841860510409,,4.73558328486979,,7.625,0.12133219838142395,-0.008539129281416535,0.0052044477124582045,2.0383538603782654,0.16602733731269836,0.8260067701339722,0.1502062827348709,-0.2897043228149414,0.3036557734012604,0.262672483921051,0.03813021630048752,8192,0.46867334842681885,5.171329498291016,0.004752185195684433,19693568,20837,9616,601,-5.815823,0.011544303697883151,0.003921287280900287,-4.767592078447342,-28.07279,0.0030337326315930113,0.003612327742303023,-5.060419222712516,,,0.95,0.9,none,4.999433907082188,5.624410536037659,0.39050095847294347,0.0,-44.410698,2232.422431796262,-5.815823
121,1784828413.9421983,,8.0,,8.0,,6.0,,6.0,,10.0,,10.0,,1.0,,1.0,,4.0,,4.0,,2.0,,2.0,,5.0,,5.0,,8.0,,8.0,,8.054752323776484,,6.18746370170993,,9.799373447545804,,1.1566487839445472,,4.151808167807758,,2.227705793455243,,4.85406453628093,,8.25,0.10161563754081726,-0.007524885120801628,0.005532537143153604,2.0431252792477608,0.16589146852493286,0.8821101784706116,0.13345567882061005,-0.2255699634552002,0.2818608582019806,0.2597954273223877,0.03377450257539749,8192,0.5088460445404053,5.585227012634277,0.0035324515774846077,19857408,21009,9696,606,-47.019875,0.018810003384714946,0.0028092538923374377,-4.791579478979111,-19.077106,0.0020793566705833654,0.006310489976021927,-5.114796006679535,,,0.95,0.9,none,6.039311579221672,5.9955184701799435,0.2558648383151607,0.0,-47.34658,2266.273985688304,-47.019875
122,1784828485.2340486,,8.0,,8.0,,6.0,,6.0,,10.0,,10.0,,1.0,,1.0,,4.0,,4.0,,2.0,,2.0,,5.0,,5.0,,8.0,,8.0,,8.177088933996856,,5.879265508847311,,9.456981934607029,,0.9109996105544269,,3.8486546935600927,,2.0240647254977375,,4.705448200460523,,7.8125,0.08821641653776169,-0.004140862496569753,0.009603210113709792,2.0347765311598778,0.13218805193901062,0.7367432713508606,0.09450818598270416,0.13959988951683044,0.22675764560699463,0.3207034170627594,0.031909406185150146,8192,0.5370873212814331,5.3518757820129395,0.0066481176763772964,20021248,21174,9776,611,-3.6064553,0.008573226162116043,0.007829869345005135,-4.811190930008888,-16.19955,0.003026130542275496,0.007958503739064326,-5.117056006193161,,,0.95,0.9,none,5.767530795521881,5.940508720825808,0.36723883582278216,0.0,-58.277855,2298.1581753347637,-3.6064553
123,1784828557.0812178,,8.0,,8.0,,6.0,,6.0,,10.0,,10.0,,1.0,,1.0,,4.0,,4.0,,2.0,,2.0,,5.0,,5.0,,8.0,,8.0,,8.159247670322657,,6.008432576432824,,9.387350330129266,,0.9673874378204346,,4.063144717365503,,2.0627375290496275,,4.831172136589885,,8.3125,0.16974839568138123,-0.005669351667165756,0.01746097792056389,2.0350690856575966,0.11515678465366364,0.9309232831001282,0.06329122930765152,0.09665404260158539,0.43100887537002563,0.3234912157058716,0.03593000769615173,8192,0.5178109407424927,5.473996639251709,0.017938295379281044,20185088,21354,9856,616,-55.629078,0.024961147509748115,0.004278282527229749,-4.811250567436218,-31.823889,0.005593471675820183,0.005563514743698761,-5.100927078723908,,,0.95,0.9,none,6.062548663419304,6.888370891613744,0.41938146984570907,0.0,-68.305145,2280.395733347789,-55.629078
124,1784828628.7198648,,8.0,,8.0,,6.0,,6.0,,10.0,,10.0,,1.0,,1.0,,4.0,,4.0,,2.0,,2.0,,5.0,,5.0,,8.0,,8.0,,7.930878489161842,,6.182274166494608,,9.56930842064321,,0.9390828642062843,,3.9015781725902343,,2.1235362426377833,,4.757471656426787,,8.125,0.05459349602460861,-0.00419387745205313,0.0012916527230117936,2.0312912464141846,0.11548325419425964,0.8361876010894775,0.07042402774095535,0.31678980588912964,0.1458020806312561,0.42749518156051636,0.03698137402534485,8192,0.5380592346191406,5.441141128540039,0.012195402756333351,20348928,21523,9936,621,-3.2619545,0.009491147664084565,0.006567013263702392,-4.851769444346428,-36.206528,0.005832166031177621,0.003302391576289665,-5.0874191373586655,,,0.95,0.9,none,6.166249836213067,5.01192532548127,0.2693458968215374,0.0,-81.44996,2287.03395727178,-3.2619545
125,1784828698.7862394,,8.0,,8.0,,6.0,,6.0,,10.0,,10.0,,1.0,,1.0,,4.0,,4.0,,2.0,,2.0,,5.0,,5.0,,8.0,,8.0,,7.922066640108824,,6.076205197605304,,9.504430777858943,,0.8529578091111034,,4.059053969103843,,1.940976785896055,,4.768629797268659,,8.1875,0.04875505343079567,-0.004658201476559043,0.006376507262757514,2.038241572678089,0.12208960205316544,0.8418124914169312,0.06961055845022202,-0.03490479290485382,0.1377183049917221,0.3690195083618164,0.03574209660291672,8192,0.5447243452072144,5.413978099822998,0.00484894122928381,20512768,21688,10016,626,-4.9035234,0.011273008567513898,0.004493175414245343,-4.867707619071007,-25.646322,0.0034775364518282005,0.007028713360341499,-5.145859935879708,,,0.95,0.9,none,5.516432282092577,5.983060713283887,0.4097763750875783,0.0,-79.15522,2338.3540593145053,-4.9035234
126,1784828770.3364828,,8.0,,8.0,,6.0,,6.0,,10.0,,10.0,,1.0,,1.0,,4.0,,4.0,,2.0,,2.0,,5.0,,5.0,,8.0,,8.0,,8.013893492519855,,5.707667906302959,,9.594327269122005,,1.1275611221790314,,3.9431008163373917,,1.9250775021500885,,4.771524188108742,,7.6875,0.07619599252939224,-0.0049127794918604195,0.006849332123238128,2.044770561158657,0.1346675455570221,0.8427433371543884,0.0910644680261612,0.07205942273139954,0.21341215074062347,0.25867003202438354,0.028467684984207153,8192,0.5210134983062744,5.3463311195373535,0.005761816166341305,20676608,21858,10096,631,-48.061035,0.020103232297697105,0.005213203038147185,-4.8730057060718535,-19.454132,0.0027758496915339494,0.007140392286964925,-5.187435689568519,,,0.95,0.9,none,6.149020862504489,6.007039235084035,0.2834810648778654,0.0,-60.754597,2289.8611846430745,-48.061035
127,1784828839.0617588,,8.0,,8.0,,6.0,,6.0,,10.0,,10.0,,1.0,,1.0,,4.0,,4.0,,2.0,,2.0,,5.0,,5.0,,8.0,,8.0,,8.241502016957384,,6.155007250607014,,9.648264184594154,,1.017548867908772,,4.139009327162057,,2.0623067321721464,,4.885371234733611,,8.0625,0.11776158213615417,-0.0031577351910527796,0.025031885525095277,2.048995479941368,0.16331812739372253,0.8296030759811401,0.1283799260854721,-0.14756102859973907,0.3374199867248535,0.309887170791626,0.03316735848784447,8192,0.5112608075141907,5.5264387130737305,0.004484487231820822,20840448,22025,10176,636,-29.897274,0.018507181538734586,0.00618937719555106,-4.88093846142292,-14.895335,0.001980881081908592,0.00737197634880431,-5.139394623041153,,,0.95,0.9,none,5.851236726756257,6.466858403885484,0.48861556116860344,0.0,-66.9442,2383.9826998148174,-29.897274
128,1784828905.590611,,8.0,,8.0,,6.0,,6.0,,10.0,,10.0,,1.0,,1.0,,4.0,,4.0,,2.0,,2.0,,5.0,,5.0,,8.0,,8.0,,8.453759658208583,,6.1335492840153165,,9.62858549784869,,1.1673659618900274,,4.040870486758649,,1.9955865259980783,,4.794924670830369,,8.0625,0.13564002513885498,-0.006043986126314849,0.004624719906132668,2.0488575994968414,0.13955216109752655,0.8659703135490417,0.08051073551177979,0.09668496251106262,0.40834763646125793,0.24698323011398315,0.02356061339378357,8192,0.5227445363998413,5.534642696380615,0.002684286329895258,21004288,22186,10256,641,-12.021718,0.008401599977514707,0.00578686542903597,-4.8104734182357785,-18.417408,0.0017556053688167594,0.0064250924144289455,-5.157461184263229,,,0.95,0.9,none,5.181474555986361,6.13217345275223,0.2975470922072824,0.0,-62.546368,2462.6907573926574,-12.021718
129,1784828973.0775862,,8.0,,8.0,,6.0,,6.0,,10.0,,10.0,,1.0,,1.0,,4.0,,4.0,,2.0,,2.0,,5.0,,5.0,,8.0,,8.0,,7.924974995985394,,6.372850145329721,,9.554090016521513,,1.0567447827197611,,4.0897866651648656,,1.812879157543648,,4.79820603466942,,8.375,0.07546990364789963,6.222946103662252e-05,0.005934023167355917,2.0455174669623375,0.10590114444494247,0.838295042514801,0.05851487070322037,-0.03591548651456833,0.187888503074646,0.355705589056015,0.03369090333580971,8192,0.48369452357292175,5.498066425323486,0.015638692304491997,21168128,22355,10336,646,4.4239597,0.00859153863566462,0.0070819367057993075,-4.843907642364502,-37.6547,0.004686707448854577,0.0068182508188328935,-5.148915585875511,,,0.95,0.9,none,6.521348098367783,6.43681691187312,0.3055081943145217,0.0,-60.720917,2427.7279523175507,4.4239597
130,1784829042.2162066,,8.0,,8.0,,6.0,,6.0,,10.0,,10.0,,1.0,,1.0,,4.0,,4.0,,2.0,,2.0,,5.0,,5.0,,8.0,,8.0,,8.12015493772924,,5.85716936760582,,9.390308447182178,,0.8526739552617073,,4.138401685282588,,1.8418891611509025,,4.791771428659558,,7.625,0.0695057287812233,-0.00013461511116474867,0.003714626014698297,2.051903672516346,0.1771603375673294,0.8015036582946777,0.15255987644195557,-0.0033515263348817825,0.16718992590904236,0.2662946283817291,0.03368772938847542,8192,0.5191635489463806,5.3271708488464355,0.0068867141380906105,21331968,22524,10416,651,-5.2205205,0.007359761545376387,0.006795524850895162,-4.83818227648735,-23.069042,0.0031099585998163094,0.004018474806071026,-5.109142053127289,,,0.95,0.9,none,5.997375425912743,5.768441265506504,0.3518746263320774,0.0,-45.83437,2369.7358901453504,-5.2205205
131,1784829107.9199936,,8.0,,8.0,,6.0,,6.0,,10.0,,10.0,,1.0,,1.0,,4.0,,4.0,,2.0,,2.0,,5.0,,5.0,,8.0,,8.0,,7.849487641593441,,5.94398555252701,,9.600741270929575,,1.0881214335677214,,3.9917458939016797,,2.205157414660789,,4.8159071411937475,,8.3125,0.04924840107560158,-0.007825051667168736,0.01624318333051633,2.059951588511467,0.14171411097049713,0.8174824118614197,0.09555915743112564,0.23155911266803741,0.12056681513786316,0.40562885999679565,0.032270148396492004,8192,0.5115688443183899,5.475955963134766,0.012529895640909672,21495808,22690,10496,656,-5.880482,0.006693710637046024,0.007142279457184486,-4.782286831736565,-21.928837,0.004481795025640167,0.0071163520522532055,-5.118295302987098,,,0.95,0.9,none,5.70819942847074,6.819093176798333,0.512453756413455,0.0,-54.090324,2493.6110503190584,-5.880482
132,1784829174.2228262,,8.0,,8.0,,6.0,,6.0,,10.0,,10.0,,1.0,,1.0,,4.0,,4.0,,2.0,,2.0,,5.0,,5.0,,8.0,,8.0,,8.08495430147741,,6.191471776459366,,9.881898461841047,,1.2113473718054593,,4.110183607437648,,2.125325823901221,,4.803837638348341,,8.4375,0.10941170901060104,-0.0009944189223460853,0.008158083481248468,2.0643035769462585,0.11669211834669113,0.7511133551597595,0.07090762257575989,-0.15048690140247345,0.277759313583374,0.3378867208957672,0.03015228360891342,8192,0.5033871531486511,5.605814456939697,0.007942860014736652,21659648,22856,10576,661,-13.8904085,0.009670293718227186,0.0056749014445813374,-4.765263760089875,-23.305737,0.00311214780449518,0.00781386943126563,-5.112777730822563,,,0.95,0.9,none,6.172107637962379,6.589618039793455,0.26351735433547857,0.0,-70.39843,2471.0862981269424,-13.8904085
133,1784829242.9798667,,8.0,,8.0,,6.0,,6.0,,10.0,,10.0,,1.0,,1.0,,4.0,,4.0,,2.0,,2.0,,5.0,,5.0,,8.0,,8.0,,8.364189773797989,,6.202072951942682,,9.78562889713794,,1.1353359625209123,,4.165919735329226,,2.222472185268998,,4.878932926338166,,8.3125,0.15922203660011292,-0.008079499995801598,0.009703060990432277,2.0655926316976547,0.1495438814163208,0.8983087539672852,0.10710778832435608,0.21495011448860168,0.3726160228252411,0.3622284531593323,0.03501714766025543,8192,0.5093291401863098,5.6333818435668945,0.010684528388082981,21823488,23024,10656,666,-3.8994343,0.008469413258717395,0.00662805491956533,-4.774547708034516,-12.135915,0.005184340760752093,0.006461921930895187,-5.111983081698417,,,0.95,0.9,none,5.369818219391068,6.759847037356702,0.3442039179855184,0.0,-43.26524,2382.8839648853404,-3.8994343
134,1784829310.7278395,,8.0,,8.0,,6.0,,6.0,,10.0,,10.0,,1.0,,1.0,,4.0,,4.0,,2.0,,2.0,,5.0,,5.0,,8.0,,8.0,,8.142620263621211,,6.321290276013315,,9.772741066291928,,1.1370067876996472,,4.245560254901648,,2.1371066196006723,,4.903244993649423,,8.5,0.07507428526878357,-0.006982946244534105,0.0032301896644639783,2.067781299352646,0.11802725493907928,0.9068299531936646,0.06962259113788605,-0.1599898338317871,0.1971108466386795,0.3003671169281006,0.036026954650878906,8192,0.49766796827316284,5.644946098327637,0.009122153744101524,21987328,23191,10736,671,-21.992239,0.010326765493664425,0.005217604237259366,-4.800846871733666,-20.74829,0.004567925567243947,0.006390745892713312,-5.06037734746933,,,0.95,0.9,none,5.909028059760796,5.7517985818313395,0.3031515363350812,0.0,-70.39218,2418.3779089474588,-21.992239
135,1784829376.7770865,,8.0,,8.0,,6.0,,6.0,,10.0,,10.0,,1.0,,1.0,,4.0,,4.0,,2.0,,2.0,,5.0,,5.0,,8.0,,8.0,,7.98566163162468,,5.681096874177456,,9.319622539449483,,0.8383073249133304,,4.018166909838328,,1.9908295817440376,,4.874844164354727,,8.1875,0.09780484437942505,-0.01963770025759004,0.01307168320636265,2.063310854136944,0.12076988071203232,0.8836323022842407,0.04836834594607353,-0.04770614206790924,0.24524083733558655,0.279911071062088,0.03131799399852753,8192,0.49392977356910706,5.362003326416016,0.00557134160771966,22151168,23358,10816,676,5.435479,0.009931415269966238,0.003958040823636111,-4.815515485405922,-29.867243,0.0030525137073709628,0.006617896181705873,-5.074068379402161,,,0.95,0.9,none,4.79293546620261,6.047901020681894,0.46536392659659315,0.0,-74.94222,2480.569324211791,5.435479
136,1784829444.54036,,8.0,,8.0,,6.0,,6.0,,10.0,,10.0,,1.0,,1.0,,4.0,,4.0,,2.0,,2.0,,5.0,,5.0,,8.0,,8.0,,8.353788846172392,,6.65688868612051,,9.870645135641098,,0.9269339824095368,,4.225546398898587,,1.9964443892240524,,4.846679508686066,,8.25,0.19972793757915497,-0.0008821386727504432,0.013443361633107997,2.071423478424549,0.088499054312706,0.7740193605422974,0.056766413152217865,0.2117818146944046,0.5072005391120911,0.39372164011001587,0.04369846731424332,8192,0.47906115651130676,5.640866279602051,0.008807898499071598,22315008,23528,10896,681,-12.721215,0.009772698816959746,0.005546032881829888,-4.872140061855316,-31.2439,0.006320189232064876,0.005167025224363897,-5.082808116078377,,,0.95,0.9,none,5.2370711268663594,5.609268395826134,0.30887218714594633,0.0,-32.087105,2417.828937082069,-12.721215
137,1784829509.6567662,,8.0,,8.0,,6.0,,6.0,,10.0,,10.0,,1.0,,1.0,,4.0,,4.0,,2.0,,2.0,,5.0,,5.0,,8.0,,8.0,,7.7388406014069915,,5.475373711436987,,9.56304832175374,,0.7565944134257734,,3.840586174657801,,1.8679211999406107,,4.818555092439055,,7.375,0.0570596419274807,-0.002356227778363973,0.0030845650435367133,2.0796695053577423,0.14434437453746796,0.8960341811180115,0.08037829399108887,-0.1859656274318695,0.13848969340324402,0.3267858624458313,0.025246478617191315,8192,0.4729336202144623,5.179490089416504,0.003912222571671009,22478848,23689,10976,686,-5.547795,0.009900081407977268,0.006648644673987292,-4.8949490815401075,-10.407797,0.0027474168593471402,0.007334071872173808,-5.072838345170021,,,0.95,0.9,none,5.674705261028033,6.070123311888859,0.34243490939355503,0.0,-87.62184,2516.109581949915,-5.547795
138,1784829575.2705977,,8.0,,8.0,,6.0,,6.0,,10.0,,10.0,,1.0,,1.0,,4.0,,4.0,,2.0,,2.0,,5.0,,5.0,,8.0,,8.0,,7.976373929996043,,6.201992733869702,,9.6462922769133,,0.9572655390948057,,3.8581879979465157,,2.1336322783317883,,4.8073843494057655,,7.875,0.07014922052621841,0.00012691348092630506,0.0032789085162221454,2.077954851090908,0.11833801865577698,0.8390024304389954,0.057379480451345444,0.07797109335660934,0.1827683299779892,0.2997073531150818,0.027126401662826538,8192,0.544160783290863,5.432015895843506,0.00404987670481205,22642688,23854,11056,691,-44.131798,0.014959303598152474,0.0039183462111395785,-4.873448857665062,-9.6822605,0.003872369653254282,0.005681740435829852,-5.044524177908897,,,0.95,0.9,none,6.184460273490601,5.833241771333771,0.23676195397224015,0.0,-77.27923,2497.0342579787907,-44.131798
139,1784829643.4250064,,8.0,,8.0,,6.0,,6.0,,10.0,,10.0,,1.0,,1.0,,4.0,,4.0,,2.0,,2.0,,5.0,,5.0,,8.0,,8.0,,7.712015537545085,,6.36379469698295,,9.731038215570152,,0.9734252792550251,,4.1494486098890775,,2.0948048872232903,,4.868162548169494,,8.25,0.05387942120432854,-0.012268015649169683,0.004200026814942248,2.08026522397995,0.08188366144895554,0.9058393836021423,0.14106501638889313,0.05703847482800484,0.13987429440021515,0.2350476086139679,0.031093239784240723,8192,0.5058633089065552,5.517836093902588,0.018229089677333832,22806528,24040,11136,696,-32.71228,0.01536975268390961,0.005955323370289989,-4.911185246706009,-32.49305,0.00394962881837273,0.004162277720752172,-5.06043182015419,,,0.95,0.9,none,6.625009901051493,6.75015637689763,0.35767742494377225,0.0,-48.893547,2403.953201924452,-32.71228
140,1784829711.2717233,,8.0,,8.0,,6.0,,6.0,,10.0,,10.0,,1.0,,1.0,,4.0,,4.0,,2.0,,2.0,,5.0,,5.0,,8.0,,8.0,,7.910750079900026,,5.938261706265621,,9.516703516244888,,0.8212377024319721,,3.702954465872608,,1.9347654422745109,,4.717361053451896,,7.4375,0.04434363916516304,8.656363934278488e-05,0.003010488613654161,2.0836469382047653,0.08696290850639343,0.716018795967102,0.05300120636820793,-0.14152655005455017,0.13732485473155975,0.35264459252357483,0.026908572763204575,8192,0.4939906895160675,5.24744176864624,0.005072011612355709,22970368,24209,11216,701,-31.06306,0.018874698283616452,0.0027766023740696255,-4.979114434123039,-25.318424,0.0034310748007555956,0.0030719536865944975,-5.046392446756363,,,0.95,0.9,none,5.924741698673654,5.385302338054975,0.27051031877834897,0.0,-41.500156,2414.855278311869,-31.06306
141,1784829777.3929381,,8.0,,8.0,,6.0,,6.0,,10.0,,10.0,,1.0,,1.0,,4.0,,4.0,,2.0,,2.0,,5.0,,5.0,,8.0,,8.0,,7.817356298677623,,5.455061939544976,,9.678163145668805,,0.7042654119431973,,3.8738723266869783,,1.7731257192790508,,4.707228092011064,,7.9375,0.06878639757633209,-0.004493318672757596,0.0015399064432131127,2.096200831234455,0.12434632331132889,0.8912006616592407,0.10718009620904922,-0.20874497294425964,0.1807871311903,0.36756381392478943,0.027938222512602806,8192,0.4886428713798523,5.243321418762207,0.0075909849256277084,23134208,24405,11296,706,-45.162132,0.02405871847877279,0.004064115454093553,-5.060218301415444,-29.076908,0.007354601944098249,0.004040851160243619,-4.995080825686455,,,0.95,0.9,none,7.484275841816642,6.241107863266363,0.2654056390679109,0.0,-88.83644,2477.8734915116784,-45.162132
142,1784829843.7441244,,8.0,,8.0,,6.0,,6.0,,10.0,,10.0,,1.0,,1.0,,4.0,,4.0,,2.0,,2.0,,5.0,,5.0,,8.0,,8.0,,8.01488896459341,,5.969044313766062,,9.592386243864894,,1.0711425638291985,,4.089147562161088,,1.990924496203661,,4.76385403983295,,8.0,0.17000891268253326,-0.0036066792090423405,0.010797800830914639,2.0935840979218483,0.5277584195137024,0.8070517182350159,0.46847623586654663,0.11641144007444382,0.394905686378479,0.42436832189559937,0.030598342418670654,8192,0.5613251328468323,5.436423301696777,0.07537312060594559,23298048,24579,11376,711,-1.6442268,0.010007560611120426,0.004994159698253497,-5.075653603672981,-48.704506,0.00945229447388556,0.004935508598282468,-4.983819645643234,,,0.95,0.9,none,6.050816753639384,7.051121201776217,0.27250201481068537,0.0,-99.688675,2469.28479614516,-1.6442268
143,1784829910.583909,,8.0,,8.0,,6.0,,6.0,,10.0,,10.0,,1.0,,1.0,,4.0,,4.0,,2.0,,2.0,,5.0,,5.0,,8.0,,8.0,,7.405878567835316,,5.6537879896350205,,9.589068530825898,,0.8461863596457988,,3.799730220809579,,1.8419181781355292,,4.7792095970362425,,7.6875,0.11925319582223892,-0.0021884595043957233,0.006003146438160911,2.085195630788803,0.5684888362884521,0.9168746471405029,0.7030601501464844,0.07371821254491806,0.3026587963104248,0.4573104679584503,0.02948894165456295,8192,0.5064500570297241,5.20041036605835,0.19304949045181274,23461888,24747,11456,716,-2.836163,0.009499330408289097,0.007385834224987775,-5.060733994841575,-23.661917,0.013614086277084426,0.004857143937260844,-5.012773060798645,,,0.95,0.9,none,5.618144846222211,9.395711334145437,0.2807874124138258,0.0,-71.91676,2451.234891593852,-2.836163
144,1784829977.3599057,,8.0,,8.0,,6.0,,6.0,,10.0,,10.0,,1.0,,1.0,,4.0,,4.0,,2.0,,2.0,,5.0,,5.0,,8.0,,8.0,,7.9872511718422174,,5.85872689448297,,9.73929248796776,,1.017030542017892,,3.981013748794794,,2.0677285755518824,,4.735115839168429,,7.5,0.12359265238046646,0.00011069915490224957,0.008337312217918225,2.0878391787409782,0.11290249973535538,0.809880793094635,0.07223380357027054,-0.0311458520591259,0.3128032386302948,0.3626323640346527,0.03236211836338043,8192,0.5489267706871033,5.360769748687744,0.017724987119436264,23625728,24916,11536,721,-17.386469,0.013639867992606015,0.0047898231459839735,-5.107520025968552,-39.565647,0.006942465393512976,0.004017429817758966,-5.057877695560455,,,0.95,0.9,none,6.312634239366897,4.723912047537027,0.26417921897551055,0.0,-91.61784,2453.5761391801416,-17.386469
145,1784830044.598679,,8.0,,8.0,,6.0,,6.0,,10.0,,10.0,,1.0,,1.0,,4.0,,4.0,,2.0,,2.0,,5.0,,5.0,,8.0,,8.0,,7.831103965640068,,5.749882904812694,,9.617170836776495,,0.8222744893282652,,3.797998243011534,,1.8391305155673763,,4.788047108799219,,7.5,0.06122186779975891,-0.0025601148372516036,0.0039032710483297706,2.0887420773506165,0.1672217845916748,0.9367717504501343,0.09393523633480072,0.3220771849155426,0.17708376049995422,0.2584649920463562,0.02203868143260479,8192,0.5074282884597778,5.24320125579834,0.007557644508779049,23789568,25121,11616,726,-31.81137,0.014115442309412174,0.005856947912252508,-5.198123654723167,-19.364717,0.004728023163625039,0.005197494973253924,-5.064940857887268,,,0.95,0.9,none,6.7694127328632065,5.546182827979523,0.30645978389173667,0.0,-79.886024,2436.6896280630262,-31.81137
146,1784830115.3971202,,8.0,,8.0,,6.0,,6.0,,10.0,,10.0,,1.0,,1.0,,4.0,,4.0,,2.0,,2.0,,5.0,,5.0,,8.0,,8.0,,7.6231590416282415,,5.550197475589812,,9.344670856371522,,0.8872384063433856,,3.958795524202287,,1.8547964750323445,,4.6952170841395855,,7.6875,0.037779852747917175,-0.0036075140815228224,0.0013650869004777633,2.0915845036506653,0.13658860325813293,1.0363155603408813,0.11592811346054077,-0.08052081614732742,0.0981825739145279,0.30007028579711914,0.02378251403570175,8192,0.49603742361068726,5.200197219848633,0.013312102295458317,23953408,25290,11696,731,-12.360813,0.01082041501358617,0.006825974430830684,-5.1598900884389876,-23.870256,0.00462046845277655,0.0037939385074423626,-5.060184729099274,,,0.95,0.9,none,6.1322457314207615,5.163593539461123,0.2794636456843164,0.0,-51.181877,2314.1748755682943,-12.360813
147,1784830182.3076656,,8.0,,8.0,,6.0,,6.0,,10.0,,10.0,,1.0,,1.0,,4.0,,4.0,,2.0,,2.0,,5.0,,5.0,,8.0,,8.0,,7.819355513900518,,5.886098679620773,,9.722656212747097,,0.9072730937041342,,4.059696708805859,,1.9303305884823203,,4.658247882500291,,7.8125,0.07907997071743011,-0.0018007182516157627,0.0042130026340601034,2.0938917323946953,0.35653916001319885,0.8986850380897522,0.24320673942565918,0.10089553892612457,0.20197583734989166,0.37173929810523987,0.032105594873428345,8192,0.5368619561195374,5.3495192527771,0.05201726779341698,24117248,25465,11776,736,6.784545,0.006255940819391981,0.005457655893405899,-5.155606347322464,-54.052315,0.00843665873107966,0.0047568400885211306,-5.1123937457799915,,,0.95,0.9,none,6.159407116898601,7.21796813124585,0.2786612093370049,0.0,-67.686165,2448.642519462608,6.784545
148,1784830249.4471142,,8.0,,8.0,,6.0,,6.0,,10.0,,10.0,,1.0,,1.0,,4.0,,4.0,,2.0,,2.0,,5.0,,5.0,,8.0,,8.0,,7.796776852104813,,6.150134680792689,,9.732465911889449,,0.8426727019250393,,4.040615770965815,,1.8423698358237743,,4.792864270508289,,7.9375,0.09402280300855637,0.0003452063538134098,0.004476881164009683,2.092591807246208,0.1433117836713791,0.7973868250846863,0.1093711331486702,-0.17739929258823395,0.2354763150215149,0.3475666642189026,0.030768610537052155,8192,0.555010974407196,5.39192533493042,0.014102679677307606,24281088,25641,11856,741,-21.747189,0.018838356639025732,0.0025357712831464594,-5.143234354257584,-29.244558,0.0076818469635327345,0.004555025110312272,-5.079652726650238,,,0.95,0.9,none,6.62253094986915,5.429350635554172,0.30832572656019114,0.0,-57.992207,2440.294130450235,-21.747189
149,1784830316.945877,,8.0,,8.0,,6.0,,6.0,,10.0,,10.0,,1.0,,1.0,,4.0,,4.0,,2.0,,2.0,,5.0,,5.0,,8.0,,8.0,,8.39877056144178,,6.2657912047579885,,9.800599101930857,,1.2058706446550786,,4.062081284355372,,2.290858531370759,,4.889770654961467,,8.375,0.03831884264945984,-0.0017959864344447851,0.0019074671236012364,2.0881673991680145,0.09038065373897552,0.9099600911140442,0.16124798357486725,0.19480541348457336,0.09917569160461426,0.3795977234840393,0.02377258613705635,8192,0.4837416410446167,5.661092758178711,0.01600370928645134,24444928,25807,11936,746,7.3826456,0.013552385586081073,0.00598844934720546,-5.121023121476173,-41.8111,0.005476440249185544,0.004174347086518537,-5.124300429224968,,,0.95,0.9,none,5.752541378798467,6.356848952043855,0.31651739942193224,0.0,-73.075554,2427.304370333392,7.3826456
150,1784830382.4448333,,8.0,,8.0,,6.0,,6.0,,10.0,,10.0,,1.0,,1.0,,4.0,,4.0,,2.0,,2.0,,5.0,,5.0,,8.0,,8.0,,8.104269044473767,,6.061930378898978,,9.661318715894595,,0.8257820808539691,,4.057026165071875,,1.9900621161796153,,4.776873840019107,,8.3125,0.08262702077627182,0.00016106601106002927,0.00420280386970262,2.0884312465786934,0.14608383178710938,0.7717195749282837,0.08410724997520447,0.028085431084036827,0.22746975719928741,0.37783539295196533,0.01895950920879841,8192,0.511663019657135,5.473720550537109,0.0038948662113398314,24608768,25991,12016,751,-20.148123,0.015632523244130427,0.005697135394439101,-5.154225245118141,-16.460573,0.0035787604880169964,0.007721408380893991,-5.137323725223541,,,0.95,0.9,none,7.39758017597388,6.223069615754357,0.27208180679829563,0.0,-81.956055,2501.413162289474,-20.148123
151,1784830450.3438077,,8.0,,8.0,,6.0,,6.0,,10.0,,10.0,,1.0,,1.0,,4.0,,4.0,,2.0,,2.0,,5.0,,5.0,,8.0,,8.0,,8.192808514460921,,6.346038796240464,,9.609681038185954,,1.1586889196187258,,4.053799361223355,,2.0312992691178806,,4.879939775390085,,8.1875,0.06360326707363129,0.0001553233014419675,0.004376459226477891,2.086684010922909,0.07102496176958084,0.8851878046989441,0.05296791344881058,0.18855737149715424,0.1866982877254486,0.27173906564712524,0.019813818857073784,8192,0.4997745752334595,5.557469367980957,0.014882582239806652,24772608,26219,12096,756,-79.06048,0.0769105470739305,0.002908227035368327,-5.224744361639023,-20.672394,0.0037830985005712137,0.005655390498577617,-5.139410972595215,,,0.95,0.9,none,8.989070893907941,6.231209271472098,0.30734046153241334,0.0,-78.43388,2412.996670966303,-79.06048
152,1784830515.7090433,,8.0,,8.0,,6.0,,6.0,,10.0,,10.0,,1.0,,1.0,,4.0,,4.0,,2.0,,2.0,,5.0,,5.0,,8.0,,8.0,,8.009306486463174,,6.42460100655444,,9.748737441375852,,0.9143272495712154,,3.806015576585196,,2.050723224063404,,4.769197656889446,,7.6875,0.044854190200567245,-0.002697021176572889,0.001054510938047315,2.090651199221611,0.09777005016803741,0.7623869180679321,0.048794619739055634,0.11506716907024384,0.10532812774181366,0.35317814350128174,0.021208740770816803,8192,0.5073721408843994,5.426300525665283,0.003988956566900015,24936448,26396,12176,761,-1.5551574,0.009787528126616962,0.010313292262435426,-5.322494223713875,-6.8541613,0.0031929598640999756,0.00670045821898384,-5.147088679671287,,,0.95,0.9,none,7.087556382006889,5.893529694572523,0.30567182715929503,0.0,-74.94836,2506.531156355167,-1.5551574
153,1784830582.5537393,,8.0,,8.0,,6.0,,6.0,,10.0,,10.0,,1.0,,1.0,,4.0,,4.0,,2.0,,2.0,,5.0,,5.0,,8.0,,8.0,,8.130944162607193,,6.344746666494757,,9.900066182017326,,1.214225305011496,,4.206286244792864,,2.1899061407893896,,4.919835781678557,,8.25,0.047317832708358765,-0.0004519157519098371,0.004735526883450802,2.0961896777153015,0.1337335854768753,0.8469491600990295,0.08364924788475037,-0.020089030265808105,0.1320449560880661,0.3158148527145386,0.018667105585336685,8192,0.4830883741378784,5.644501209259033,0.005128507036715746,25100288,26565,12256,766,-8.200387,0.01472264553012792,0.008551845120382495,-5.309563940763473,-16.762163,0.005068133211170789,0.0068635813979199154,-5.1750009775161745,,,0.95,0.9,none,6.7279333886393715,6.281284047222995,0.36982390127165843,0.0,-64.33866,2451.0549057553008,-8.200387
154,1784830646.8420315,,8.0,,8.0,,6.0,,6.0,,10.0,,10.0,,1.0,,1.0,,4.0,,4.0,,2.0,,2.0,,5.0,,5.0,,8.0,,8.0,,8.41698433784768,,6.544991171918809,,9.88691403530538,,1.2746413303539157,,4.269089268520474,,2.328074940247461,,4.946776540018618,,8.5,0.11502376198768616,-0.0005570782232098281,0.004491025400056969,2.0934150889515877,0.2576198875904083,0.8295736312866211,0.12873800098896027,0.1323907971382141,0.3578082323074341,0.25779610872268677,0.019110538065433502,8192,0.43117809295654297,5.770934104919434,0.011628941632807255,25264128,26737,12336,771,-16.09937,0.01380154190119356,0.006215591046930058,-5.277097347378731,-46.67794,0.005981523892842233,0.008191253613040317,-5.1648264765739444,,,0.95,0.9,none,6.998222299304315,6.686807213301047,0.2971395546103056,0.0,-74.383736,2548.5197620719646,-16.09937
155,1784830713.6591702,,8.0,,8.0,,6.0,,6.0,,10.0,,10.0,,1.0,,1.0,,4.0,,4.0,,2.0,,2.0,,5.0,,5.0,,8.0,,8.0,,8.596374397631735,,6.1214727642945945,,9.873345903353766,,1.1429391334531829,,4.241357694379985,,2.2760445391759276,,4.943781487643719,,8.375,0.06497642397880554,0.00011458084918558598,0.0023927952170197386,2.1019583866000175,0.09824256598949432,0.8692202568054199,0.07367528975009918,0.10535584390163422,0.16442790627479553,0.3295583724975586,0.020152006298303604,8192,0.44930166006088257,5.696289539337158,0.01255554985255003,25427968,26912,12416,776,-10.174835,0.010179544417769647,0.0053013680168078284,-5.242798402905464,-13.513789,0.0047312382099335085,0.0065964607296336904,-5.146878638863564,,,0.95,0.9,none,5.932038241584087,6.814167110837606,0.3749238974215824,0.0,-57.670643,2452.065483125877,-10.174835
156,1784830781.6186008,,8.0,,8.0,,6.0,,6.0,,10.0,,10.0,,1.0,,1.0,,4.0,,4.0,,2.0,,2.0,,5.0,,5.0,,8.0,,8.0,,8.359280714765191,,6.154565237928182,,9.474193535745144,,1.1970187710248865,,4.039946331875399,,2.2895727530121803,,4.843828118406236,,8.375,0.09219563007354736,-0.0009520594030618668,0.005885577622393612,2.1027655750513077,0.24909743666648865,0.8876869678497314,0.1623915135860443,-0.1624387800693512,0.2598906457424164,0.39121338725090027,0.02610241249203682,8192,0.48356276750564575,5.591675758361816,0.05240685120224953,25591808,27089,12496,781,-3.7101007,0.010266569562372752,0.006008840469439747,-5.1986581772565845,-60.83999,0.006981787401309702,0.004556130895070965,-5.11630372107029,,,0.95,0.9,none,6.442644083266612,7.287609025402557,0.2038387658236743,0.0,-54.917458,2410.853589841436,-3.7101007
157,1784830849.515202,,8.0,,8.0,,6.0,,6.0,,10.0,,10.0,,1.0,,1.0,,4.0,,4.0,,2.0,,2.0,,5.0,,5.0,,8.0,,8.0,,8.376632960513234,,6.8003208711743355,,9.93533185729757,,1.2794599369954085,,4.301458251662552,,2.400081155821681,,4.937355951871723,,8.8125,0.07703346014022827,-0.005016195907955989,0.004972967799403705,2.101095713675022,0.0713345855474472,0.7404739856719971,0.05718781799077988,0.2395726889371872,0.2093123346567154,0.34973934292793274,0.02919541485607624,8192,0.35109469294548035,5.855392932891846,0.01095364335924387,25755648,27260,12576,786,-16.074364,0.015129632948082871,0.006251862674253062,-5.150791984796524,-25.057182,0.006163268478121609,0.006098274652322289,-5.082282873988151,,,0.95,0.9,none,5.8515242128245735,6.617101993334225,0.3285974275392055,0.0,-83.13337,2413.077436501817,-16.074364
158,1784830917.561957,,8.0,,8.0,,6.0,,6.0,,10.0,,10.0,,1.0,,1.0,,4.0,,4.0,,2.0,,2.0,,5.0,,5.0,,8.0,,8.0,,7.9657943460624665,,5.9832284739241,,9.791811727453023,,1.0156382825225592,,4.119801008608192,,1.9421305608702824,,4.770262284204364,,8.0625,0.02971465513110161,-0.000558824569452554,0.0012490470689954236,2.1122714057564735,0.169406458735466,0.8803996443748474,0.14571310579776764,0.0818551704287529,0.08447588980197906,0.3328782320022583,0.022452648729085922,8192,0.5311118364334106,5.456395626068115,0.0061194803565740585,25919488,27433,12656,791,-17.099997,0.010903462948044762,0.006304523618746316,-5.173156723380089,-3.5502315,0.004136020660371287,0.005835343436774565,-5.080134752392769,,,0.95,0.9,none,5.965830572621657,6.14852185593905,0.19138448801174684,0.0,-55.55199,2407.7563342514923,-17.099997
159,1784830982.8393526,,8.0,,8.0,,6.0,,6.0,,10.0,,10.0,,1.0,,1.0,,4.0,,4.0,,2.0,,2.0,,5.0,,5.0,,8.0,,8.0,,7.842365381366108,,5.654952428070828,,9.302487974986434,,0.7933105810079724,,3.751434249919839,,1.862716464791447,,4.736289966152981,,7.75,0.08289258182048798,-0.006868146068882197,0.0047649152074882295,2.121663860976696,0.12255853414535522,0.7523710131645203,0.09444588422775269,-0.2549823224544525,0.21374677121639252,0.36996445059776306,0.023856215178966522,8192,0.4876057505607605,5.211694717407227,0.01544515136629343,26083328,27620,12736,796,-16.850908,0.027290928270667793,0.005654445476830005,-5.159402856230736,-43.92562,0.00828905774105806,0.003311369035509415,-5.087954261898995,,,0.95,0.9,none,6.241092535637676,6.411494198116114,0.36070357793161517,0.0,-82.75857,2509.909391552336,-16.850908
160,1784831051.923593,,8.0,,8.0,,6.0,,6.0,,10.0,,10.0,,1.0,,1.0,,4.0,,4.0,,2.0,,2.0,,5.0,,5.0,,8.0,,8.0,,7.83607230708003,,5.538080998696387,,9.395663382369094,,0.9344038935378194,,3.684965518070385,,1.701852297410369,,4.696327805519104,,7.5625,0.055387601256370544,-0.0034681102260947227,0.002445107191306306,2.138602763414383,0.11924076080322266,0.8041912913322449,0.09804543852806091,-0.22316612303256989,0.14764581620693207,0.3284575939178467,0.021570604294538498,8192,0.519311785697937,5.168733596801758,0.008707807399332523,26247168,27797,12816,801,-16.380356,0.013688264132360928,0.005710004091088195,-5.161904466152191,-12.951675,0.005424388572282624,0.004799979578820057,-5.074597874283791,,,0.95,0.9,none,5.9348704074959056,6.157074693718394,0.26337426573218703,0.0,-76.66722,2371.5926270041386,-16.380356
161,1784831119.2174454,,8.0,,8.0,,6.0,,6.0,,10.0,,10.0,,1.0,,1.0,,4.0,,4.0,,2.0,,2.0,,5.0,,5.0,,8.0,,8.0,,7.667015563696623,,5.925649548880756,,9.760683445259929,,1.0948925607372075,,4.089228252880275,,1.9176104561192915,,4.838453249074519,,7.9375,0.08150528371334076,-0.0005281657795421779,0.0076268259435892105,2.1408129930496216,0.11425655335187912,0.8156861662864685,0.08180433511734009,3.255903720855713e-05,0.2366596907377243,0.2929975986480713,0.030675947666168213,8192,0.5578479766845703,5.403879642486572,0.014945795759558678,26411008,27989,12896,806,-7.960908,0.01178552653582301,0.009005081102077383,-5.1421546131372455,-57.69588,0.011606539497734047,0.002584694755205419,-5.100367042422294,,,0.95,0.9,none,6.909352346729323,5.855885317736312,0.19179070971894363,0.0,-76.75653,2434.695071902385,-7.960908
162,1784831186.4213853,,8.0,,8.0,,6.0,,6.0,,10.0,,10.0,,1.0,,1.0,,4.0,,4.0,,2.0,,2.0,,5.0,,5.0,,8.0,,8.0,,7.225406483747065,,5.510430086404085,,9.265017105266452,,0.6533354045823216,,3.612873886479065,,1.7512735105119646,,4.600813965778798,,7.1875,0.09586245566606522,-0.0013500642962753773,0.007424320123391226,2.141933672130108,0.19328108429908752,0.9415061473846436,0.08768289536237717,-0.027693605050444603,0.33475151658058167,0.31789904832839966,0.029455512762069702,8192,0.41147854924201965,4.975831508636475,0.04643102362751961,26574848,28181,12976,811,-25.341251,0.016630464541958646,0.00968670356523944,-5.170083490014076,-56.203728,0.010615298736956902,0.0034522037283750253,-5.121641290187836,,,0.95,0.9,none,6.4679678210242315,6.588214877852534,0.4622111658803397,0.0,-81.53612,2437.952524526469,-25.341251
163,1784831255.7401772,,8.0,,8.0,,6.0,,6.0,,10.0,,10.0,,1.0,,1.0,,4.0,,4.0,,2.0,,2.0,,5.0,,5.0,,8.0,,8.0,,7.75982074206695,,5.576070984359831,,9.426433749496937,,0.9256097937468439,,4.030973113141954,,1.8761968305334449,,4.763168575242162,,7.625,0.09083976596593857,-0.001285364560317248,0.0035081050300505012,2.148456707596779,0.2131827473640442,0.8663631081581116,0.1611391305923462,-0.10742798447608948,0.22331133484840393,0.2874581813812256,0.022918207570910454,8192,0.5347073078155518,5.247909069061279,0.003502336796373129,26738688,28373,13056,816,0.27536592,0.01375170717947185,0.008989525130891707,-5.141605165600777,-8.341074,0.0038342552492395044,0.004915484723460395,-5.128400892019272,,,0.95,0.9,none,6.24024497670974,5.584578687588532,0.24910867941484838,0.0,-78.53729,2363.574682780473,0.27536592
164,1784831323.3337152,,8.0,,8.0,,6.0,,6.0,,10.0,,10.0,,1.0,,1.0,,4.0,,4.0,,2.0,,2.0,,5.0,,5.0,,8.0,,8.0,,7.585296250879765,,5.776149291836191,,9.603804556652904,,1.0733065956737846,,4.019162630662322,,1.9970585159026086,,4.7113156244158745,,7.75,0.06665901094675064,-0.0007125476840883493,0.009052681001776364,2.1542497128248215,0.14611610770225525,0.9119014739990234,0.1404954344034195,-0.2641345262527466,0.224112406373024,0.3099369704723358,0.021748831495642662,8192,0.5375572443008423,5.314511775970459,0.016716059297323227,26902528,28556,13136,821,0.05383129,0.006939988207886927,0.0061644286106457,-5.1059569954872135,-16.845348,0.0070575976933469065,0.0036264077221858314,-5.137128448486328,,,0.95,0.9,none,5.995328817027395,7.060104156065118,0.2778484606227728,0.0,-83.81451,2423.8984813900533,0.05383129
165,1784831390.4152322,,8.0,,8.0,,6.0,,6.0,,10.0,,10.0,,1.0,,1.0,,4.0,,4.0,,2.0,,2.0,,5.0,,5.0,,8.0,,8.0,,8.419509856030345,,6.132581538928207,,9.749891565646976,,1.1672796541824937,,4.240558211924508,,2.200822572223842,,4.909006405621767,,8.3125,0.12028855085372925,-0.0044245274912100285,0.00821849497151561,2.155128188431263,0.24189084768295288,0.8887478113174438,0.26307758688926697,-0.20112967491149902,0.2787494659423828,0.4807143211364746,0.019612524658441544,8192,0.5205580592155457,5.641518592834473,0.039618030190467834,27066368,28748,13216,826,-37.12858,0.019036014226730912,0.004674356893519871,-5.157871651649475,-44.04907,0.010980355239007622,0.00356827438226901,-5.20717179775238,,,0.95,0.9,none,7.133821219566828,7.218317741878645,0.3993549327279236,0.0,-48.31681,2442.40079438732,-37.12858
166,1784831457.294267,,8.0,,8.0,,6.0,,6.0,,10.0,,10.0,,1.0,,1.0,,4.0,,4.0,,2.0,,2.0,,5.0,,5.0,,8.0,,8.0,,7.081774074584246,,5.288730774074793,,9.145949926227331,,0.5671769236214459,,3.659990878775716,,1.6547210440039635,,4.585276487283409,,7.0625,0.044246233999729156,0.0009493744582869112,0.00048061233428597916,2.1587333530187607,0.12788447737693787,0.7151128649711609,0.11125464737415314,0.19865572452545166,0.12379442155361176,0.42218318581581116,0.014819505624473095,8192,0.27509671449661255,4.880764961242676,0.06209216266870499,27230208,29023,13296,831,-78.17555,0.04869070977438241,-0.0017555059617734513,-5.3251390814781185,-32.605843,0.011167580570327119,0.001477779158449266,-5.267257571220398,,,0.95,0.9,none,9.083863889028446,6.816900931189167,0.43223277039608615,0.0,-55.212708,2449.7961642254954,-78.17555
167,1784831523.9915109,,8.0,,8.0,,6.0,,6.0,,10.0,,10.0,,1.0,,1.0,,4.0,,4.0,,2.0,,2.0,,5.0,,5.0,,8.0,,8.0,,7.296026486903429,,5.102903377264738,,9.23134632781148,,0.7628540455480106,,3.7570838267274667,,1.8139615047257394,,4.5146209970116615,,7.125,0.041508130729198456,0.0009272733586840332,0.002587509763543494,2.1728192940354347,0.11239803582429886,0.8756574392318726,0.13898633420467377,-0.257499098777771,0.11024842411279678,0.4086061120033264,0.015748407691717148,8192,0.29658496379852295,4.950474739074707,0.011705906130373478,27394048,29201,13376,836,-1.3913829,0.007162972107471433,0.007481469741469482,-5.362493848800659,-49.75785,0.008477018336998298,0.005326211299689021,-5.283283218741417,,,0.95,0.9,none,7.746783659088583,6.856842198998559,0.4276973321540434,0.0,-65.895874,2456.4731692073105,-1.3913829
168,1784831591.6461387,,8.0,,8.0,,6.0,,6.0,,10.0,,10.0,,1.0,,1.0,,4.0,,4.0,,2.0,,2.0,,5.0,,5.0,,8.0,,8.0,,7.9481370029971,,5.442343564238399,,9.277371907606721,,0.8269166718237102,,3.6744784973561764,,1.9123909757472575,,4.648836195701733,,7.4375,0.09197990596294403,-0.004119996156077832,0.009638965006161015,2.186426103115082,0.11067792028188705,1.0389728546142578,0.06701140850782394,-0.11542929708957672,0.26789623498916626,0.2763897478580475,0.014690668322145939,8192,0.48348668217658997,5.145996570587158,0.026207325980067253,27557888,29376,13456,841,-17.451094,0.008846774187986739,0.008371267770417034,-5.315797588229179,-39.174706,0.006026426113385242,0.0048891237820498645,-5.307655680179596,,,0.95,0.9,none,6.575540184972276,6.7522296144322045,0.3885205411206216,0.0,-80.98515,2421.7117664057205,-17.451094
169,1784831659.1485245,,8.0,,8.0,,6.0,,6.0,,10.0,,10.0,,1.0,,1.0,,4.0,,4.0,,2.0,,2.0,,5.0,,5.0,,8.0,,8.0,,7.990624915808439,,6.284011124633253,,9.649648182094097,,1.1482403757981956,,4.03593833494233,,2.0505172153934836,,4.7948788702487946,,8.0,0.06316383183002472,-0.00538354623131454,0.015538223931798711,2.197326637804508,0.1091868132352829,0.964163064956665,0.07590067386627197,-0.042940735816955566,0.16410328447818756,0.3809703290462494,0.027600467205047607,8192,0.5564520955085754,5.494232177734375,0.013684537261724472,27721728,29575,13536,846,-35.69141,0.013983147250837647,0.0069803622958716,-5.303358316421509,-54.36384,0.009114244964439421,0.003768943980685435,-5.292849883437157,,,0.95,0.9,none,7.083809956507882,6.164514040148781,0.41695907136191657,0.0,-58.650597,2427.173664602408,-35.69141
170,1784831727.7733455,,8.0,,8.0,,6.0,,6.0,,10.0,,10.0,,1.0,,1.0,,4.0,,4.0,,2.0,,2.0,,5.0,,5.0,,8.0,,8.0,,8.259308086708188,,5.73272221442312,,9.532731220126152,,1.0459325462579727,,4.082793121691793,,2.040092990733683,,4.767168329097331,,8.0625,0.06887371093034744,-0.0004887135000899434,0.0035356096777832136,2.2005894854664803,0.08112720400094986,0.8406906127929688,0.07978732883930206,-0.019885018467903137,0.18018242716789246,0.2886730432510376,0.024447061121463776,8192,0.5666942596435547,5.440406322479248,0.004550973419100046,27885568,29772,13616,851,0.009176349,0.008695557911414653,0.006808064758661203,-5.308490258455277,-28.34734,0.006934259229456075,0.005278242847271031,-5.3066801071167,,,0.95,0.9,none,6.892764896034208,6.523056859292069,0.24274601842729915,0.0,-67.744545,2387.4741643365223,0.009176349
171,1784831796.9179568,,8.0,,8.0,,6.0,,6.0,,10.0,,10.0,,1.0,,1.0,,4.0,,4.0,,2.0,,2.0,,5.0,,5.0,,8.0,,8.0,,8.062995843589306,,5.74572834931314,,9.693082351237535,,0.9667475952301174,,3.962237433064729,,1.8851619922206737,,4.729929299093783,,7.75,0.07926401495933533,-0.0005992031656205654,0.005067606522061396,2.2044098526239395,0.30862846970558167,0.7880587577819824,0.37356579303741455,-0.2955412268638611,0.20798945426940918,0.45990124344825745,0.017050329595804214,8192,0.5494601130485535,5.349485397338867,0.10409526526927948,28049408,29941,13696,856,7.953733,0.007665810323669575,0.005140178807778284,-5.294019284844398,-26.816242,0.008048197008611169,0.003225558485428337,-5.286657366156578,,,0.95,0.9,none,7.083297718302592,8.129357949482833,0.27085062696596274,0.0,-73.91028,2369.5273970808566,7.953733
172,1784831864.9104273,,8.0,,8.0,,6.0,,6.0,,10.0,,10.0,,1.0,,1.0,,4.0,,4.0,,2.0,,2.0,,5.0,,5.0,,8.0,,8.0,,8.265357627999038,,6.16981505707372,,9.800267342012376,,1.0263250954449177,,4.013376695220359,,2.0531105138361454,,4.821232498332392,,8.125,0.06329542398452759,-0.009930021245963871,0.002216213400970446,2.209887273609638,0.1616588532924652,0.8900373578071594,0.1271846890449524,0.15442343056201935,0.15196797251701355,0.30446678400039673,0.014404026791453362,8192,0.5428773164749146,5.534310340881348,0.014120347797870636,28213248,30114,13776,861,8.317146,0.005852036669966765,0.00941145927499747,-5.383477330207825,-10.253001,0.003454158578097122,0.0056541439596912825,-5.311790701746941,,,0.95,0.9,none,6.8850691654296075,6.539940909022508,0.2893250926773963,0.0,-71.605286,2409.67778951914,8.317146
173,1784831931.7092574,,8.0,,8.0,,6.0,,6.0,,10.0,,10.0,,1.0,,1.0,,4.0,,4.0,,2.0,,2.0,,5.0,,5.0,,8.0,,8.0,,8.004815746098757,,5.364973987452686,,9.351728762499988,,0.7676610331982374,,3.8305623326450586,,1.7475078924617264,,4.619670184329152,,7.5625,0.11607673019170761,-0.00041559821693226695,0.005893831650610082,2.2098065987229347,0.14753305912017822,0.8393864035606384,0.08088205754756927,0.10360565036535263,0.2819859981536865,0.31534823775291443,0.011505869217216969,8192,0.49099594354629517,5.156177997589111,0.0073012965731322765,28377088,30277,13856,866,8.967527,0.00657794234866742,0.00700642117735697,-5.352635678648949,-18.11988,0.0031241507022059523,0.005262040473462548,-5.343345841765403,,,0.95,0.9,none,6.438103670362873,6.575600504671522,0.28930005618984644,0.0,-87.28714,2452.7375862290883,8.967527
174,1784831998.6779692,,8.0,,8.0,,6.0,,6.0,,10.0,,10.0,,1.0,,1.0,,4.0,,4.0,,2.0,,2.0,,5.0,,5.0,,8.0,,8.0,,7.570885844528675,,5.205925996415317,,9.236974264960736,,0.5222504194825888,,3.7883176476170775,,1.6366968918591738,,4.633694149553776,,7.25,0.07151193916797638,-0.0012511560344137251,0.003388657441973919,2.2119016349315643,0.10771200060844421,0.8918563723564148,0.061798762530088425,-0.0970342829823494,0.1863454431295395,0.40711984038352966,0.015210296958684921,8192,0.3807637691497803,4.980593204498291,0.0199787225574255,28540928,30441,13936,871,-2.5710351,0.009352871772716754,0.008010552835185081,-5.344822803139687,-32.413445,0.0049671744607621806,0.005878985099843703,-5.322953334450721,,,0.95,0.9,none,6.8160457592259975,6.507619687570239,0.4272055395882513,0.0,-83.48573,2446.515461802719,-2.5710351
175,1784832067.0832314,,8.0,,8.0,,6.0,,6.0,,10.0,,10.0,,1.0,,1.0,,4.0,,4.0,,2.0,,2.0,,5.0,,5.0,,8.0,,8.0,,8.702009873464704,,6.35300241690129,,9.584246577695012,,1.0488978535868227,,4.0856633589137346,,2.052721134852618,,4.8850677727896255,,8.375,0.11352241039276123,-0.0034357220283709466,0.005557548480283003,2.210765242576599,0.0960664302110672,0.7268015146255493,0.04572366178035736,0.24682049453258514,0.2881987988948822,0.320046603679657,0.012497424148023129,8192,0.4957064688205719,5.635826110839844,0.005917429458349943,28704768,30601,14016,876,9.565008,0.006709083005989669,0.008249856175825698,-5.3106524556875225,-12.047979,0.0034221808913571295,0.007787740087951534,-5.291117838025093,,,0.95,0.9,none,6.243756128343485,5.381657824915717,0.2476179013929139,0.0,-80.19619,2395.137460250179,9.565008
176,1784832138.3029995,,8.0,,8.0,,6.0,,6.0,,10.0,,10.0,,1.0,,1.0,,4.0,,4.0,,2.0,,2.0,,5.0,,5.0,,8.0,,8.0,,7.9723618272691965,,5.959442337974906,,9.819563951343298,,1.067621341906488,,3.892644104314968,,2.2048515861388296,,4.883742557838559,,8.0,0.12536215782165527,-0.0030844087013974786,0.0072854058817029,2.2112185806035995,0.0980314090847969,0.6871903538703918,0.05557343363761902,-0.36857640743255615,0.3095889389514923,0.30799585580825806,0.01044268999248743,8192,0.5430448651313782,5.475028038024902,0.006212300155311823,28868608,30763,14096,881,-26.47529,0.010553776402957737,0.00349583661154611,-5.311349010467529,-15.695145,0.0031318087290856055,0.004812416686036158,-5.266427788138389,,,0.95,0.9,none,7.466003568135243,6.020529938112701,0.2026174334610164,0.0,-63.698498,2300.4853058897324,-26.47529
177,1784832208.3170342,,8.0,,8.0,,6.0,,6.0,,10.0,,10.0,,1.0,,1.0,,4.0,,4.0,,2.0,,2.0,,5.0,,5.0,,8.0,,8.0,,8.12260009534657,,6.3449699017219245,,9.55275510251522,,0.8416096405126154,,4.023550170473754,,2.073055822402239,,4.8522286340012215,,7.75,0.0588698610663414,-0.023742037534248084,0.006516075081890449,2.200963318347931,0.10587659478187561,0.9729549288749695,0.08297267556190491,-0.14966630935668945,0.18748995661735535,0.3122093677520752,0.010529007762670517,8192,0.5434845685958862,5.445096492767334,0.006868800148367882,29032448,30923,14176,886,3.4020443,0.007625035327509977,0.006462813609687146,-5.265728828310967,-13.700409,0.0033625441319600213,0.005136200908600586,-5.250344869494438,,,0.95,0.9,none,6.428080445788058,6.198787677346418,0.3177281285518898,0.0,-60.68927,2340.1021742677876,3.4020443
178,1784832276.533423,,8.0,,8.0,,6.0,,6.0,,10.0,,10.0,,1.0,,1.0,,4.0,,4.0,,2.0,,2.0,,5.0,,5.0,,8.0,,8.0,,7.697507837088779,,5.5706089697778225,,9.407699756324291,,0.78363054516376,,4.000449315644801,,1.930629427311942,,4.785444185137749,,7.4375,0.10024687647819519,-0.0026951184845529497,0.009773229467100464,2.2012680619955063,0.2611227035522461,0.8182276487350464,0.5609870553016663,-0.24981413781642914,0.2823152542114258,0.30918318033218384,0.013873456977307796,8192,0.5065678954124451,5.20168399810791,0.11467244476079941,29196288,31086,14256,891,0.20322227,0.006019148736959324,0.00629955980257364,-5.263822448253632,-11.598963,0.006862435345828999,0.0038968154840404168,-5.264912176132202,,,0.95,0.9,none,6.590689474514962,8.117085850943576,0.25964835467185643,0.0,-82.85293,2401.7687646989602,0.20322227
179,1784832346.8579736,,8.0,,8.0,,6.0,,6.0,,10.0,,10.0,,1.0,,1.0,,4.0,,4.0,,2.0,,2.0,,5.0,,5.0,,8.0,,8.0,,8.516812874004245,,6.671191338915378,,9.83327087201178,,1.3288874640129507,,4.386419097427279,,2.1831085607409477,,4.859568275511265,,8.5625,0.09528444707393646,0.0006232497398741543,0.005184611483855406,2.198362521827221,0.07877415418624878,0.7725443840026855,0.058419931679964066,0.09098157286643982,0.26732751727104187,0.20859932899475098,0.0132182277739048,8192,0.41628846526145935,5.792719841003418,0.006366256158798933,29360128,31252,14336,896,-10.403811,0.01591462228971068,0.004609475475444924,-5.278113129734993,-14.558888,0.002245571605817531,0.004208520626707468,-5.2440844655036924,,,0.95,0.9,none,7.08644284498852,5.356892366155478,0.3708128872076759,0.0,-70.86418,2329.76973042276,-10.403811
180,1784832418.0392363,,8.0,,8.0,,6.0,,6.0,,10.0,,10.0,,1.0,,1.0,,4.0,,4.0,,2.0,,2.0,,5.0,,5.0,,8.0,,8.0,,7.436983311548829,,5.513765290030278,,9.323626415804029,,0.7102758921682835,,3.8429382549365982,,1.8978962997789495,,4.743209794163704,,8.0625,0.11071893572807312,-0.006556814565556124,0.011410883154894691,2.2069248780608177,0.0963716208934784,0.8356058597564697,0.06424091011285782,-0.33397573232650757,0.3153740167617798,0.31521737575531006,0.020038124173879623,8192,0.46884503960609436,5.191399574279785,0.005398743785917759,29523968,31467,14416,901,-78.592705,0.038292908039875326,0.002716219800640829,-5.371843495965004,-15.373697,0.0043145052732143085,0.004720656924473587,-5.247719344496727,,,0.95,0.9,none,11.262521413534746,5.929477362771528,0.34365753766443174,0.0,-71.393814,2301.728914067705,-78.592705
181,1784832486.4348762,,8.0,,8.0,,6.0,,6.0,,10.0,,10.0,,1.0,,1.0,,4.0,,4.0,,2.0,,2.0,,5.0,,5.0,,8.0,,8.0,,8.045537154423073,,5.874338157125749,,9.480154309421778,,1.090907972306013,,4.0904358346015215,,1.9514918802742613,,4.871134031563997,,8.3125,0.11651457846164703,-0.0009222401422448456,0.004927080022753216,2.2036423459649086,0.1575431227684021,0.8433238863945007,0.08026691526174545,0.30995041131973267,0.2834917902946472,0.3132876753807068,0.01725935935974121,8192,0.5438495874404907,5.46456241607666,0.031487055122852325,29687808,31639,14496,906,9.122355,0.006101096268685069,0.00862213280342985,-5.447116279602051,-17.267452,0.005754456698196009,0.0038303721375996247,-5.258837714791298,,,0.95,0.9,none,6.4881081724509695,6.999033031668222,0.24272611764122717,0.0,-77.50286,2395.474375289213,9.122355
182,1784832559.250741,,8.0,,8.0,,6.0,,6.0,,10.0,,10.0,,1.0,,1.0,,4.0,,4.0,,2.0,,2.0,,5.0,,5.0,,8.0,,8.0,,8.2207902809605,,5.676285545807332,,9.846168769523501,,1.338971819728613,,4.321417825296521,,2.1516972850076854,,4.859580290969461,,8.4375,0.07865844666957855,-0.0018080357694998384,0.005690965750545729,2.2159867137670517,0.14115144312381744,0.9711641073226929,0.07689516246318817,-0.11086805909872055,0.21493729948997498,0.29417937994003296,0.020824698731303215,8192,0.49795418977737427,5.606551647186279,0.006026012822985649,29851648,31801,14576,911,1.6073179,0.01182198150199838,0.005717619113420369,-5.42596483528614,-19.491274,0.006888026623346377,0.00486394249019213,-5.263837334513664,,,0.95,0.9,none,7.180088741485674,5.805986285127889,0.24116556497769398,0.0,-78.55514,2250.059201438548,1.6073179
183,1784832630.5214915,,8.0,,8.0,,6.0,,6.0,,10.0,,10.0,,1.0,,1.0,,4.0,,4.0,,2.0,,2.0,,5.0,,5.0,,8.0,,8.0,,8.396786601748317,,6.454529807437211,,9.874524341430515,,1.237720189616084,,4.214878400787711,,2.2155416100285947,,4.856030735420063,,8.1875,0.023428108543157578,-0.0071264656144194305,0.000376931302525918,2.226002335548401,0.10342945903539658,0.704731285572052,0.06394626945257187,-0.22999513149261475,0.05792628601193428,0.24872273206710815,0.017225828021764755,8192,0.48690569400787354,5.679689407348633,0.009241513907909393,30015488,31966,14656,916,8.276364,0.006152502681652549,0.006941581956925802,-5.355917939543724,-27.452621,0.005627675309369806,0.005166852137881506,-5.260453817248345,,,0.95,0.9,none,6.556556736745645,6.117413279055066,0.2344215018940898,0.0,-79.07766,2298.8406921399055,8.276364
184,1784832703.860636,,8.0,,8.0,,6.0,,6.0,,10.0,,10.0,,1.0,,1.0,,4.0,,4.0,,2.0,,2.0,,5.0,,5.0,,8.0,,8.0,,8.251722569577396,,6.310076004825532,,9.851479299366474,,1.2379621285945177,,4.326549152639927,,2.2411410808563232,,4.8991046622395515,,8.5,0.1042792946100235,-0.00018374109640717506,0.003509181347908452,2.2302616760134697,0.06374860554933548,0.9134334325790405,0.054294370114803314,0.5512755513191223,0.24320608377456665,0.2590819001197815,0.017620321363210678,8192,0.47839057445526123,5.702254295349121,0.006130334455519915,30179328,32148,14736,921,-48.667595,0.02724783621961251,0.006820240963133983,-5.38117133975029,-13.5293865,0.003733412156725535,0.0030973151835496536,-5.258322834968567,,,0.95,0.9,none,8.17927977047645,5.720329742286211,0.26356239457519876,0.0,-63.7076,2234.0036599438154,-48.667595
185,1784832775.7890496,,8.0,,8.0,,6.0,,6.0,,10.0,,10.0,,1.0,,1.0,,4.0,,4.0,,2.0,,2.0,,5.0,,5.0,,8.0,,8.0,,8.41471878066659,,6.082303004339337,,9.615494813770056,,1.1823822450824082,,4.154006811790168,,1.965070809237659,,4.834202942438424,,7.6875,0.046934060752391815,-0.005346474354155362,0.0014330149879242526,2.227242186665535,0.1477949321269989,0.746788501739502,0.09440867602825165,0.10730522125959396,0.12393422424793243,0.3353562653064728,0.02499333769083023,8192,0.5283298492431641,5.491959571838379,0.01527682039886713,30343168,32319,14816,926,-10.3676195,0.014039954493637197,0.006946007667283993,-5.398993477225304,-8.403776,0.006121779793465976,0.004543648081744322,-5.264372506737709,,,0.95,0.9,none,7.359718709022687,6.930265049226106,0.29824116415791624,0.0,-78.907265,2277.8200273995185,-10.3676195
186,1784832849.8601706,,8.0,,8.0,,6.0,,6.0,,10.0,,10.0,,1.0,,1.0,,4.0,,4.0,,2.0,,2.0,,5.0,,5.0,,8.0,,8.0,,8.081630074360874,,6.065762843936682,,9.736365316435695,,1.0993740037083626,,4.10880212020129,,1.9578374843113124,,4.906531802378595,,8.1875,0.11328266561031342,-0.0007528476417064667,0.006875493956613354,2.223469078540802,0.08017829805612564,1.018366813659668,0.05439513549208641,0.08127886056900024,0.2965739369392395,0.27387502789497375,0.020898886024951935,8192,0.5408869981765747,5.517975807189941,0.005969920661300421,30507008,32482,14896,931,-9.6085415,0.016182930156355725,0.0050449613019736715,-5.399075147509575,-11.961147,0.005127369803813053,0.005402693797077518,-5.2576760947704315,,,0.95,0.9,none,8.12232909830642,5.95949565663509,0.20016450822541948,0.0,-60.703033,2211.928833518214,-9.6085415
187,1784832922.8887022,,8.0,,8.0,,6.0,,6.0,,10.0,,10.0,,1.0,,1.0,,4.0,,4.0,,2.0,,2.0,,5.0,,5.0,,8.0,,8.0,,7.068592002615333,,5.358998538926244,,9.14855232089758,,0.6499697174876928,,3.6856291266158223,,1.7622938081622124,,4.653217504732311,,7.25,0.06906791031360626,0.00010957772610709071,0.0034447386024112348,2.2224244698882103,0.16902576386928558,0.9107792973518372,0.17410124838352203,0.06504785269498825,0.16400882601737976,0.2469165325164795,0.02193664014339447,8192,0.3499666452407837,4.94715690612793,0.0045216865837574005,30670848,32649,14976,936,10.082986,0.007700203658896498,0.008484493485593703,-5.375633749365806,-8.376429,0.003218746562197339,0.007349728138069622,-5.264264157414436,,,0.95,0.9,none,7.399815488008869,6.173521330583167,0.37945881676528836,0.0,-76.56746,2243.505953623213,10.082986
188,1784832997.8176496,,8.0,,8.0,,6.0,,6.0,,10.0,,10.0,,1.0,,1.0,,4.0,,4.0,,2.0,,2.0,,5.0,,5.0,,8.0,,8.0,,7.798982407897711,,5.919099476188421,,9.632693111896515,,1.1357980999164283,,3.9889324754476547,,1.9671146981418133,,4.798703794367611,,8.1875,0.09712943434715271,-0.008638584753498435,0.012991708907065913,2.232182525098324,0.08442002534866333,0.9754030704498291,0.05431276559829712,-0.31503230333328247,0.2810591459274292,0.2581520974636078,0.023843297734856606,8192,0.5604203939437866,5.428603172302246,0.008178142830729485,30834688,32833,15056,941,-81.761826,0.03210620696190745,0.002737762928882148,-5.3022252261638645,-38.077118,0.005538921189145185,0.0037320239342079732,-5.248638340830803,,,0.95,0.9,none,8.756451393203795,6.078602087861289,0.32924053126679187,0.0,-61.514233,2186.6049993534552,-81.761826
189,1784833071.2393787,,8.0,,8.0,,6.0,,6.0,,10.0,,10.0,,1.0,,1.0,,4.0,,4.0,,2.0,,2.0,,5.0,,5.0,,8.0,,8.0,,8.262111466377974,,6.344192057382315,,9.705613714642823,,1.042240343609592,,3.9830774186411873,,2.0846085967496037,,4.899798834696412,,8.1875,0.1903260201215744,-2.3602857254445553e-05,0.015279197541531175,2.2368485406041145,0.24958814680576324,0.9624710083007812,0.1649874746799469,-0.025004085153341293,0.44333770871162415,0.2158196121454239,0.02595144882798195,8192,0.5517033934593201,5.563642978668213,0.023606503382325172,30998528,33033,15136,946,-33.95874,0.0300712970783934,0.004322546307230368,-5.365618789196015,-27.719534,0.006872950316756032,0.0066915540111949666,-5.255588859319687,,,0.95,0.9,none,8.019393838867513,5.950133988687921,0.2124214460617144,0.0,-72.58203,2231.491974023864,-33.95874
190,1784833143.984276,,8.0,,8.0,,6.0,,6.0,,10.0,,10.0,,1.0,,1.0,,4.0,,4.0,,2.0,,2.0,,5.0,,5.0,,8.0,,8.0,,7.799114399589598,,6.028243949171156,,9.673950075171888,,0.9803232285194099,,4.245522783749038,,1.936939062550664,,4.845361974090338,,7.9375,0.08698256313800812,-0.0026246592751704156,0.004160292613960337,2.2390384823083878,0.09242226183414459,0.8000723719596863,0.07500634342432022,0.0849299430847168,0.22265887260437012,0.2955806255340576,0.0332198441028595,8192,0.5397984385490417,5.430869102478027,0.07706703245639801,31162368,33217,15216,951,-15.96731,0.016925299339345657,0.005434553007944487,-5.357633516192436,-26.335388,0.015356011266703717,0.004908518875890877,-5.262168243527412,,,0.95,0.9,none,6.5173716504292685,7.709133242244936,0.22987710620095148,0.0,-83.08998,2252.2548403108203,-15.96731
191,1784833217.875385,,8.0,,8.0,,6.0,,6.0,,10.0,,10.0,,1.0,,1.0,,4.0,,4.0,,2.0,,2.0,,5.0,,5.0,,8.0,,8.0,,7.67096733674407,,5.534939446020871,,9.354194544255733,,1.0141511030960828,,3.805691847577691,,1.8866072897799313,,4.688583629205823,,7.6875,0.11612071096897125,-0.001592278596945107,0.007800173509167507,2.2378356233239174,0.0814550369977951,0.7898060083389282,0.059918880462646484,0.2335461974143982,0.3127393126487732,0.30576735734939575,0.02663101628422737,8192,0.5429692268371582,5.205329418182373,0.016452006995677948,31326208,33388,15296,956,10.33811,0.006275931179698091,0.009643957344815135,-5.337577146291733,-24.618988,0.007229704724159092,0.004651482393819606,-5.292555671930313,,,0.95,0.9,none,6.258319302451865,6.2587675963790605,0.21923436045514139,0.0,-61.15254,2217.3169495680663,10.33811
192,1784833291.5363524,,8.0,,8.0,,6.0,,6.0,,10.0,,10.0,,1.0,,1.0,,4.0,,4.0,,2.0,,2.0,,5.0,,5.0,,8.0,,8.0,,7.810568316141143,,5.489340168423951,,9.366722531616688,,0.643476685276255,,3.847468655090779,,1.6832399913691916,,4.723473617341369,,7.5,0.07876046001911163,-0.0018788170418702066,0.0016461596242152154,2.2360131815075874,0.15531788766384125,0.8828654885292053,0.1572243571281433,0.16796664893627167,0.24910056591033936,0.41205868124961853,0.0237470343708992,8192,0.4769628643989563,5.133036136627197,0.016225766390562057,31490048,33569,15376,961,-46.897858,0.01536766825884115,0.0054971237921563445,-5.378812226653099,-14.368419,0.006773976431577467,0.004986288525833516,-5.280854737758636,,,0.95,0.9,none,7.521632538491518,7.046167089205127,0.236732957237696,0.0,-86.21946,2224.2436979059166,-46.897858
193,1784833365.125184,,8.0,,8.0,,6.0,,6.0,,10.0,,10.0,,1.0,,1.0,,4.0,,4.0,,2.0,,2.0,,5.0,,5.0,,8.0,,8.0,,7.8958889450877905,,5.465358286630362,,9.466480296105146,,0.9288068716414273,,3.796924074180424,,1.9507162414956838,,4.741165604442358,,7.9375,0.08283061534166336,-0.0037865464109927416,0.006361790903611109,2.2482285127043724,0.11020444333553314,0.8916338086128235,0.09243187308311462,-0.14786334335803986,0.20991875231266022,0.41182035207748413,0.024489551782608032,8192,0.5410337448120117,5.272854804992676,0.012750079855322838,31653888,33740,15456,966,-28.823536,0.014313729188870639,0.006955157752963714,-5.384223639965057,-23.812363,0.007634266631794162,0.006477877761062701,-5.2929518789052965,,,0.95,0.9,none,6.439705955132148,6.878334810725358,0.3649818744537666,0.0,-94.3279,2226.424818212093,-28.823536
194,1784833436.036964,,8.0,,8.0,,6.0,,6.0,,10.0,,10.0,,1.0,,1.0,,4.0,,4.0,,2.0,,2.0,,5.0,,5.0,,8.0,,8.0,,7.53838000074029,,5.3855225634761155,,9.278164207935333,,0.7872549649327993,,3.703242332674563,,1.6052186404704116,,4.619331508409232,,7.4375,0.09605569392442703,0.00034076429437845945,0.004937143814458977,2.2493165135383606,0.11563993245363235,0.8867286443710327,0.10400541871786118,-0.13123519718647003,0.22837789356708527,0.16283173859119415,0.014782711863517761,8192,0.4492376446723938,5.0443267822265625,0.00883343443274498,31817728,33911,15536,971,-36.537067,0.012920106019009836,0.0034029595903120936,-5.3899190813303,-25.129536,0.00413172830012627,0.006422136917535681,-5.298561602830887,,,0.95,0.9,none,6.801713173935875,6.46452142722066,0.3293438415602244,0.0,-74.37229,2310.4765550408147,-36.537067
195,1784833505.929608,,8.0,,8.0,,6.0,,6.0,,10.0,,10.0,,1.0,,1.0,,4.0,,4.0,,2.0,,2.0,,5.0,,5.0,,8.0,,8.0,,7.461095670238137,,5.159780278801918,,9.274872310459614,,0.7599727506749332,,3.7619591967668384,,1.9054776821285486,,4.688863212126307,,7.4375,0.056357115507125854,-0.0005974602681817487,0.004943879528582329,2.2523975297808647,0.08997546881437302,0.7958788871765137,0.04721270874142647,-0.1413930058479309,0.19478224217891693,0.2692073583602905,0.015261005610227585,8192,0.4417566657066345,5.056190013885498,0.014418372884392738,31981568,34072,15616,976,10.249636,0.007775799190858379,0.008610919368220494,-5.394428104162216,-6.397277,0.00466965386949596,0.004664118279470131,-5.312166064977646,,,0.95,0.9,none,6.756422868266965,6.392627037549528,0.4485290121575641,0.0,-79.40202,2344.1665243989382,10.249636
196,1784833575.808132,,8.0,,8.0,,6.0,,6.0,,10.0,,10.0,,1.0,,1.0,,4.0,,4.0,,2.0,,2.0,,5.0,,5.0,,8.0,,8.0,,8.962921891361475,,6.86696011107415,,10.0,,1.3310843231156468,,4.395003674784675,,2.287243417929858,,4.915716301649809,,8.625,0.04490054398775101,-0.0006532749976031482,0.0027860847767442465,2.2579274028539658,0.08592221140861511,0.8315244317054749,0.06128392741084099,-0.15168039500713348,0.10907455533742905,0.2611977458000183,0.011989206075668335,8192,0.24929647147655487,5.9229912757873535,0.007955992594361305,32145408,34237,15696,981,1.1729282,0.007356344810978044,0.00728375046455767,-5.374283453822136,-20.719584,0.0028568270543473774,0.0035171286086551844,-5.31234170794487,,,0.95,0.9,none,6.820255365084078,5.764291628551726,0.43108044391856715,0.0,-72.4898,2344.640293790803,1.1729282
197,1784833647.0607665,,8.0,,8.0,,6.0,,6.0,,10.0,,10.0,,1.0,,1.0,,4.0,,4.0,,2.0,,2.0,,5.0,,5.0,,8.0,,8.0,,8.186945996480063,,6.039124899412855,,9.725462576374412,,1.0189105845056474,,3.961999805876985,,2.092142656678334,,4.804013443179429,,8.0,0.1807897835969925,8.097087265923619e-05,0.011140264658024535,2.2575768455863,0.46444958448410034,0.9591585397720337,0.8342317938804626,-0.22452165186405182,0.43214574456214905,0.38026463985443115,0.015063797123730183,8192,0.5550327897071838,5.478574275970459,0.1665686070919037,32309248,34401,15776,986,8.592867,0.009046135187963955,0.003744653887406457,-5.358023929595947,-5.4535837,0.010121650906512514,0.004320046640350484,-5.333229720592499,,,0.95,0.9,none,5.876629831753141,8.23197330359309,0.19609848795576745,0.0,-56.670856,2299.4237894861117,8.592867
198,1784833717.9145434,,8.0,,8.0,,6.0,,6.0,,10.0,,10.0,,1.0,,1.0,,4.0,,4.0,,2.0,,2.0,,5.0,,5.0,,8.0,,8.0,,7.09045125124976,,5.434023753739893,,9.24773926474154,,0.6877040149411187,,3.679544343613088,,1.6918071759864688,,4.579085798934102,,7.625,0.029890989884734154,-0.004312686913181096,0.0014851827600068646,2.261869929730892,0.07216623425483704,0.8732510805130005,0.0944395437836647,0.16567236185073853,0.0984516590833664,0.40586549043655396,0.0198501069098711,8192,0.3974815011024475,5.004420280456543,0.04175443574786186,32473088,34563,15856,991,-27.79159,0.008611826786363963,0.0034655436684261076,-5.332312160730362,-21.50272,0.005046950264659245,0.003429810494708363,-5.366869550943375,,,0.95,0.9,none,6.238409592306996,6.871674244799321,0.350195676125729,0.0,-53.563164,2312.3687147485557,-27.79159
199,1784833787.028881,,8.0,,8.0,,6.0,,6.0,,10.0,,10.0,,1.0,,1.0,,4.0,,4.0,,2.0,,2.0,,5.0,,5.0,,8.0,,8.0,,7.985069026239216,,6.09406518144533,,9.845059442479396,,1.0126437149010599,,3.867001501726918,,1.897230502218008,,4.8949464512988925,,7.625,0.10794612020254135,-0.006624811328947544,0.005863781625521369,2.2711893394589424,0.08674810826778412,0.7762389183044434,0.06415516883134842,-0.11508907377719879,0.26151442527770996,0.2587019205093384,0.01950356550514698,8192,0.5505316257476807,5.4026265144348145,0.011428963392972946,32636928,34734,15936,996,-19.968412,0.017511645087506623,0.0047517033868643924,-5.315016940236092,-38.95199,0.0053613130716257725,0.003043421883194242,-5.4035754144191745,,,0.95,0.9,none,5.9653554041835495,6.180899700622795,0.25069581987876116,0.0,-55.110107,2370.5639056155646,-19.968412
200,1784833856.0354145,,8.0,,8.0,,6.0,,6.0,,10.0,,10.0,,1.0,,1.0,,4.0,,4.0,,2.0,,2.0,,5.0,,5.0,,8.0,,8.0,,7.925118473358452,,5.719935489818454,,9.499529622495174,,0.8763963904930279,,3.870032876729965,,2.0303493086248636,,4.73202144674724,,7.75,0.04059552028775215,-0.00458059593802318,0.0013469560144585557,2.279164284467697,0.06750348955392838,0.956116259098053,0.04831891134381294,0.12534432113170624,0.10292819887399673,0.30871593952178955,0.019449427723884583,8192,0.5767499208450317,5.3004231452941895,0.010577366687357426,32800768,34903,16016,1001,-39.49949,0.01180338689009659,0.0033047588454792275,-5.3629342943429945,-32.715027,0.005033658668980934,0.005308501445688308,-5.423878559470177,,,0.95,0.9,none,7.085870429506403,6.736970269484024,0.27441739582510966,0.0,-58.37449,2374.2677754408087,-39.49949
201,1784833923.4951687,,8.0,,8.0,,6.0,,6.0,,10.0,,10.0,,1.0,,1.0,,4.0,,4.0,,2.0,,2.0,,5.0,,5.0,,8.0,,8.0,,7.629428286105394,,5.6329879853874445,,9.65207180310972,,0.8779688215909118,,4.12236353661865,,2.145770402625203,,4.8708842714258935,,7.875,0.07584791630506516,-0.0069554601213894784,0.003503996107610874,2.282476380467415,0.1124085932970047,0.836475670337677,0.08457977324724197,-0.19042500853538513,0.19754569232463837,0.33717212080955505,0.022874511778354645,8192,0.5303309559822083,5.350809574127197,0.027308784425258636,32964608,35091,16096,1006,-0.429782,0.00798120114923222,0.007220261452312115,-5.387448298931122,-37.338406,0.007632764763548039,0.002452708932105452,-5.401867610216141,,,0.95,0.9,none,6.84957081218627,6.479211731036119,0.21994007143881283,0.0,-72.7668,2428.7097265901602,-0.429782
202,1784833993.0439909,,8.0,,8.0,,6.0,,6.0,,10.0,,10.0,,1.0,,1.0,,4.0,,4.0,,2.0,,2.0,,5.0,,5.0,,8.0,,8.0,,8.279391961172223,,6.49511868879199,,9.687083156779408,,1.0470027569681406,,4.08887554256944,,2.000818951171823,,4.890502158552408,,8.125,0.09197582304477692,-0.004835979663766921,0.005440237706352491,2.2816042453050613,0.7679929137229919,0.859200656414032,0.5564429759979248,0.9463645219802856,0.30495020747184753,0.5053712129592896,0.027303703129291534,8192,0.5425177812576294,5.576724052429199,0.15234318375587463,33128448,35273,16176,1011,-37.28848,0.010584422337706201,0.006087988901708741,-5.350863817334175,-43.22275,0.014379003606154583,0.003802845539757982,-5.413879492878914,,,0.95,0.9,none,7.13029624451853,8.509709919338961,0.36960455023792493,0.0,-83.24167,2355.7526637843894,-37.28848
203,1784834061.4717908,,8.0,,8.0,,6.0,,6.0,,10.0,,10.0,,1.0,,1.0,,4.0,,4.0,,2.0,,2.0,,5.0,,5.0,,8.0,,8.0,,7.374537158757448,,5.602425846271217,,9.285104170441628,,0.6319325724616647,,3.8096071688923985,,1.7562652984634042,,4.689749609678984,,7.5625,0.06165117770433426,-0.0013984103570692241,0.0017730487561493646,2.2857968881726265,0.07541785389184952,0.8498731851577759,0.06178771331906319,0.17714287340641022,0.16255490481853485,0.365395724773407,0.02521429769694805,8192,0.4769936800003052,5.089015483856201,0.010919539257884026,33292288,35484,16256,1016,-53.538677,0.024714597163256257,0.0025605385075323285,-5.435562169551849,-15.315466,0.005681861692573875,0.003194036211061757,-5.424787548184395,,,0.95,0.9,none,8.668683028169205,6.5881388922611945,0.20205790455122896,0.0,-56.98924,2394.3486191996512,-53.538677
204,1784834130.313477,,8.0,,8.0,,6.0,,6.0,,10.0,,10.0,,1.0,,1.0,,4.0,,4.0,,2.0,,2.0,,5.0,,5.0,,8.0,,8.0,,7.424774296581745,,5.997327217832208,,9.37483680434525,,0.5881601329892874,,3.9271072602132335,,1.8961836918606423,,4.715572550194338,,7.625,0.1444789320230484,6.490328814834356e-06,0.006085180342779495,2.2900997921824455,0.10153335332870483,0.790330708026886,0.09199662506580353,0.07605746388435364,0.3610851764678955,0.31633737683296204,0.028363829478621483,8192,0.5003851652145386,5.193620204925537,0.007835262455046177,33456128,35665,16336,1021,-6.7591333,0.009416325988422614,0.006336991716671037,-5.477303212881088,-19.145206,0.0051673508627573025,0.006154583796160296,-5.44525121152401,,,0.95,0.9,none,7.086252578504658,6.245865891099756,0.21860763398568184,0.0,-69.72801,2379.953994941115,-6.7591333
205,1784834199.3491545,,8.0,,8.0,,6.0,,6.0,,10.0,,10.0,,1.0,,1.0,,4.0,,4.0,,2.0,,2.0,,5.0,,5.0,,8.0,,8.0,,7.521405154839158,,5.5300193396396935,,9.342401780188084,,0.7227152679115534,,3.6030021756887436,,1.8502407234627753,,4.729714319109917,,7.625,0.32501786947250366,-0.02198045828845352,0.03589696384733543,2.2950119748711586,0.11488652974367142,0.7509327530860901,0.08290854096412659,-0.23662912845611572,0.8248235583305359,0.37219226360321045,0.01734534651041031,8192,0.49312227964401245,5.115561485290527,0.016677923500537872,33619968,35842,16416,1026,2.125138,0.008211803503218106,0.006011722406401532,-5.49190225303173,-29.667332,0.005814885030849837,0.0038162242795806377,-5.481542125344276,,,0.95,0.9,none,5.9769544193626345,6.798008751589509,0.3781008374691358,0.0,-89.4134,2373.265591160747,2.125138
206,1784834267.9404223,,8.0,,8.0,,6.0,,6.0,,10.0,,10.0,,1.0,,1.0,,4.0,,4.0,,2.0,,2.0,,5.0,,5.0,,8.0,,8.0,,7.810758836567402,,5.925298001617193,,9.650074951350689,,0.8578198840841651,,3.911915309377946,,1.9344054744578898,,4.834967403090559,,8.0,0.06888363510370255,-0.006311174656730145,0.0037128992698853835,2.305911600589752,0.08597621321678162,0.790132462978363,0.07820030301809311,0.12093600630760193,0.1786898672580719,0.3578406572341919,0.025728797540068626,8192,0.5546610951423645,5.365654945373535,0.008903947658836842,33783808,36017,16496,1031,2.0005927,0.011984045276767575,0.008072739068302326,-5.440227338671685,-40.845123,0.004771616074140184,0.004810983910283539,-5.530103459954262,,,0.95,0.9,none,6.559134167517246,6.709334858912176,0.29783324024872593,0.0,-74.02767,2388.6414558711194,2.0005927
207,1784834338.0112307,,8.0,,8.0,,6.0,,6.0,,10.0,,10.0,,1.0,,1.0,,4.0,,4.0,,2.0,,2.0,,5.0,,5.0,,8.0,,8.0,,8.042673712596297,,6.1961747942259535,,9.478417031466961,,0.9883864012081176,,4.001770593284164,,2.1245997509686276,,4.780267842579633,,8.1875,0.08910006284713745,-0.009322619764134288,0.006295944884186611,2.3067622259259224,0.08753231912851334,0.8377798795700073,0.050142668187618256,0.10873554646968842,0.2323995679616928,0.36150646209716797,0.024679439142346382,8192,0.5562953948974609,5.474973678588867,0.02098141983151436,33947648,36190,16576,1036,-27.789677,0.012575579475378618,0.005467687574855518,-5.432191398739815,-48.940285,0.006356244916969444,0.003952759141975548,-5.532005798816681,,,0.95,0.9,none,7.2628749217265165,7.4359615039155305,0.2300798936248826,0.0,-85.4753,2338.206283145788,-27.789677
208,1784834409.1239514,,8.0,,8.0,,6.0,,6.0,,10.0,,10.0,,1.0,,1.0,,4.0,,4.0,,2.0,,2.0,,5.0,,5.0,,8.0,,8.0,,7.607188279274851,,5.845175663009286,,9.470589274540544,,0.7336231637746096,,3.7440034247701988,,1.9808701736619696,,4.773885474540293,,7.9375,0.05750981345772743,-0.007702297036303207,0.001474978516853298,2.305016130208969,0.065497487783432,0.8657395839691162,0.04584959149360657,-0.10931111872196198,0.15009325742721558,0.4177047312259674,0.022899668663740158,8192,0.5308654308319092,5.2616047859191895,0.014895657077431679,34111488,36357,16656,1041,11.127044,0.008698430261574686,0.007849364043067908,-5.415655815601349,-21.23898,0.005321671144338324,0.006170044573082123,-5.577080363035202,,,0.95,0.9,none,6.33080527464178,7.225072696662162,0.2695249818637307,0.0,-91.438736,2303.9485666377996,11.127044
209,1784834481.8451014,,8.0,,8.0,,6.0,,6.0,,10.0,,10.0,,1.0,,1.0,,4.0,,4.0,,2.0,,2.0,,5.0,,5.0,,8.0,,8.0,,8.06095215305686,,5.960065180202946,,9.5822465531528,,1.0497749475762248,,4.058063179953024,,2.2756363495718688,,4.825866135302931,,8.0625,0.06553862243890762,-0.005611263943137601,0.002020337706198916,2.2962356880307198,0.11508988589048386,0.7967991232872009,0.08327487856149673,-0.136940598487854,0.1683860421180725,0.3823932409286499,0.020100565627217293,8192,0.5279771685600281,5.4843878746032715,0.028233163058757782,34275328,36528,16736,1046,10.580484,0.009465615011868067,0.0073700421606190504,-5.389236730337143,-33.026653,0.007611696924141142,0.0037587326660286635,-5.601077282428742,,,0.95,0.9,none,6.8103091218991665,6.439024308083399,0.23269281347372162,0.0,-74.75142,2252.9894030093756,10.580484
210,1784834555.1581118,,8.0,,8.0,,6.0,,6.0,,10.0,,10.0,,1.0,,1.0,,4.0,,4.0,,2.0,,2.0,,5.0,,5.0,,8.0,,8.0,,7.520153161138296,,5.192997587611899,,9.317010682076216,,0.7984574290458113,,3.6776976231485605,,1.6612571505829692,,4.5812860038131475,,7.6875,0.056080251932144165,0.00025648513110354543,0.0030906784704711754,2.30845507979393,0.11785572022199631,0.9764014482498169,0.07510942965745926,-0.08296095579862595,0.12933096289634705,0.47813621163368225,0.022418197244405746,8192,0.45897436141967773,5.054544925689697,0.014051918871700764,34439168,36697,16816,1051,10.4389305,0.006405277372687123,0.004731947678374126,-5.380933687090874,-14.383365,0.008215427104732952,0.005199663671373855,-5.597082462906838,,,0.95,0.9,none,6.193506579749375,7.401883042985841,0.3311045211000937,0.0,-50.911785,2234.8017805572595,10.4389305
211,1784834625.1646278,,8.0,,8.0,,6.0,,6.0,,10.0,,10.0,,1.0,,1.0,,4.0,,4.0,,2.0,,2.0,,5.0,,5.0,,8.0,,8.0,,7.5464571584016085,,5.483755869790912,,9.29062967794016,,0.6662364071235061,,3.734694391489029,,1.6797272328985855,,4.606580747757107,,7.5,0.050310686230659485,-0.00017589697381481528,0.000993708044916275,2.315284311771393,0.14359857141971588,0.9621096253395081,0.15298202633857727,0.21825312077999115,0.20378844439983368,0.38793569803237915,0.014801951125264168,8192,0.489215224981308,5.063510417938232,0.08044783771038055,34603008,36882,16896,1056,-44.61333,0.021840968838660046,0.006368679666775279,-5.381552106142044,-50.551155,0.007074134700815193,0.004191957300645299,-5.56340055167675,,,0.95,0.9,none,7.950760294072699,8.384371284212907,0.6731005192113579,0.0,-50.84725,2340.35234150207,-44.61333
212,1784834693.7795408,,8.0,,8.0,,6.0,,6.0,,10.0,,10.0,,1.0,,1.0,,4.0,,4.0,,2.0,,2.0,,5.0,,5.0,,8.0,,8.0,,8.329324841033667,,6.353851247578859,,9.612306327093393,,0.9155541202053428,,4.201825470896438,,2.235887191258371,,4.862827554345131,,7.625,0.052996933460235596,-0.001992139033973217,0.0016550449799979106,2.334107220172882,0.09832961857318878,0.9369531869888306,0.07901805639266968,-0.13218331336975098,0.14120467007160187,0.2602243721485138,0.012427741661667824,8192,0.5286012887954712,5.517071723937988,0.005208851303905249,34766848,37048,16976,1061,-33.559395,0.022048503247788176,0.004269904384273104,-5.4227022469043735,-12.603154,0.0055676084622973574,0.006364404107443988,-5.584371319413185,,,0.95,0.9,none,7.423673434295571,6.501452209989267,0.22797599701278443,0.0,-115.95076,2387.8196060015753,-33.559395
213,1784834760.107416,,8.0,,8.0,,6.0,,6.0,,10.0,,10.0,,1.0,,1.0,,4.0,,4.0,,2.0,,2.0,,5.0,,5.0,,8.0,,8.0,,7.381937434896827,,5.471752640092745,,9.27532487269491,,0.7755726734176278,,3.6314273404423147,,1.6951049687340856,,4.596291742287576,,7.25,0.062290433794260025,-0.003917959285899997,0.003219702648493694,2.340603396296501,0.12329215556383133,0.7721404433250427,0.10145998746156693,-0.0407528392970562,0.17253287136554718,0.32112979888916016,0.011383410543203354,8192,0.43025386333465576,5.009676456451416,0.028314359486103058,34930688,37215,17056,1066,-18.981005,0.017231843143235892,0.004942576120083686,-5.442065891623497,-34.654305,0.008637480268953368,0.0035939412788138724,-5.570903488993645,,,0.95,0.9,none,8.557383239177799,6.2687176801254925,0.3547622401371062,0.0,-73.43485,2470.152541626335,-18.981005
214,1784834829.3054354,,8.0,,8.0,,6.0,,6.0,,10.0,,10.0,,1.0,,1.0,,4.0,,4.0,,2.0,,2.0,,5.0,,5.0,,8.0,,8.0,,7.829086508601904,,5.42624045163393,,9.187628688290715,,0.5755450092256069,,3.6725908969528973,,1.7587560089305043,,4.602891084738076,,7.6875,0.1238328069448471,-0.0011188192293047905,0.008013954269699752,2.349463999271393,0.12705758213996887,0.9071667194366455,0.07959792017936707,0.11051672697067261,0.31296244263648987,0.30957210063934326,0.019626444205641747,8192,0.475853830575943,5.092530250549316,0.008729062974452972,35094528,37401,17136,1071,-26.444046,0.014684033539379016,0.004062175376748201,-5.512294203042984,-42.65557,0.00887482042890042,0.007184239225171041,-5.562382972240448,,,0.95,0.9,none,8.002310890540034,7.365607147775924,0.3154190145994314,0.0,-65.888275,2367.6989522657764,-26.444046
215,1784834896.7403727,,8.0,,8.0,,6.0,,6.0,,10.0,,10.0,,1.0,,1.0,,4.0,,4.0,,2.0,,2.0,,5.0,,5.0,,8.0,,8.0,,7.696328366175294,,6.017943707527593,,9.631485713645816,,0.9656598102301359,,3.815443618223071,,1.85627721529454,,4.858810489997268,,7.6875,0.09522346407175064,-0.0017167784972116351,0.003502150644635549,2.361581765115261,0.20143741369247437,0.702273964881897,0.09813685715198517,0.12903445959091187,0.2294277399778366,0.2836388349533081,0.022613823413848877,8192,0.5628113150596619,5.316181182861328,0.026614923030138016,35258368,37600,17216,1076,-40.138428,0.014563710638321936,0.00382838719378924,-5.543697389960289,-38.29963,0.008874522501719185,0.004501928105310071,-5.547987020015716,,,0.95,0.9,none,6.71104219561826,7.2447697308176,0.2992883286863968,0.0,-74.7426,2429.5999371704975,-40.138428
216,1784834965.4757128,,8.0,,8.0,,6.0,,6.0,,10.0,,10.0,,1.0,,1.0,,4.0,,4.0,,2.0,,2.0,,5.0,,5.0,,8.0,,8.0,,7.7856526002287865,,6.192882340401411,,9.443495813757181,,0.8212781999900471,,3.771047430112958,,1.868277084082365,,4.831700942013413,,8.25,0.16088512539863586,-0.004981915932148695,0.020389721088577062,2.365739993751049,0.15084373950958252,0.9123872518539429,0.1282128095626831,0.03558361530303955,0.4261780083179474,0.33905357122421265,0.016289975494146347,8192,0.5538209676742554,5.370541572570801,0.005989240948110819,35422208,37764,17296,1081,2.533319,0.008362520177615806,0.007354059375938959,-5.513209760189056,-3.4956589,0.004460217912128428,0.005382353330787737,-5.553098902106285,,,0.95,0.9,none,6.542034884257866,5.936192317283289,0.23316090983702864,0.0,-64.50327,2383.635683947262,2.533319
217,1784835031.0258183,,8.0,,8.0,,6.0,,6.0,,10.0,,10.0,,1.0,,1.0,,4.0,,4.0,,2.0,,2.0,,5.0,,5.0,,8.0,,8.0,,7.715654283296317,,6.138905242085457,,9.537054166197777,,1.080071539618075,,3.994163236115128,,2.002953023649752,,4.813131861388683,,7.6875,0.054867684841156006,-0.0025352108059450984,0.0073561074805184035,2.3669526278972626,0.0850578099489212,0.9361324906349182,0.05424441024661064,-0.06550540030002594,0.209044948220253,0.37516844272613525,0.017923716455698013,8192,0.5829199552536011,5.371179103851318,0.013064466416835785,35586048,37944,17376,1086,2.8447213,0.008860047085909173,0.003940475745184813,-5.467436730861664,-36.852085,0.0073099970235489305,0.004325033468194306,-5.5233748108148575,,,0.95,0.9,none,6.378182314941618,5.741880900948035,0.21277625800813516,0.0,-80.63578,2499.46544120685,2.8447213
218,1784835098.976786,,8.0,,8.0,,6.0,,6.0,,10.0,,10.0,,1.0,,1.0,,4.0,,4.0,,2.0,,2.0,,5.0,,5.0,,8.0,,8.0,,7.654981254832819,,5.187965636141598,,9.158018416725099,,0.8033794836374,,3.6486502485349774,,1.6459040504414588,,4.763677375391126,,7.25,0.058584392070770264,-0.0016926308744587004,0.001959926728886785,2.371351234614849,0.4163525700569153,0.861676037311554,0.31904107332229614,0.06635089218616486,0.14984366297721863,0.3865816295146942,0.017461974173784256,8192,0.41109296679496765,5.014071941375732,0.08530829101800919,35749888,38130,17456,1091,-5.135495,0.009276932539069093,0.004110620183928404,-5.4637131720781325,-15.24,0.009401312796398997,0.0050346619915217165,-5.516112720966339,,,0.95,0.9,none,5.893495204652247,8.576758499949614,0.20355068990409078,0.0,-56.724304,2411.1474013635075,-5.135495
219,1784835166.6675556,,8.0,,8.0,,6.0,,6.0,,10.0,,10.0,,1.0,,1.0,,4.0,,4.0,,2.0,,2.0,,5.0,,5.0,,8.0,,8.0,,7.640662340447307,,5.97626687027514,,9.435344502562657,,0.8485332988202572,,4.059993075206876,,2.1336301919072866,,4.751331891398877,,7.8125,0.027486708015203476,-0.008211100823245943,0.0014369411228472018,2.3774945363402367,0.14043128490447998,0.8104038834571838,0.12118472903966904,-0.057598065584897995,0.07411849498748779,0.3176255226135254,0.01840175874531269,8192,0.5483391880989075,5.332283020019531,0.012097638100385666,35913728,38314,17536,1096,10.500563,0.010758602636633441,0.0047613734685000965,-5.41360028386116,-14.201384,0.005292239785194397,0.0073349596321349965,-5.472527587413788,,,0.95,0.9,none,6.5540991038876495,7.328527573560945,0.28916175919881826,0.0,-57.997875,2420.426166377045,10.500563
220,1784835234.0172083,,8.0,,8.0,,6.0,,6.0,,10.0,,10.0,,1.0,,1.0,,4.0,,4.0,,2.0,,2.0,,5.0,,5.0,,8.0,,8.0,,7.672794579993933,,5.224757168442011,,9.326107732951641,,0.5416064942255616,,3.6725814463570714,,1.7450462569249794,,4.624356464482844,,7.5625,0.09350382536649704,-3.546889638528228e-05,0.0053389695603982545,2.3821313083171844,0.11771727353334427,0.7509124279022217,0.07802290469408035,-0.025304554030299187,0.2525596618652344,0.41435307264328003,0.016923317685723305,8192,0.43991196155548096,5.0462188720703125,0.012299517169594765,36077568,38483,17616,1101,10.685403,0.006917179374431726,0.006013196583080571,-5.446284958720208,-27.441563,0.00851217303716112,0.006323990049349959,-5.455962654948235,,,0.95,0.9,none,7.18797507908554,6.099206564572585,0.2181641243480109,0.0,-55.36448,2432.669698524306,10.685403
221,1784835301.2667863,,8.0,,8.0,,6.0,,6.0,,10.0,,10.0,,1.0,,1.0,,4.0,,4.0,,2.0,,2.0,,5.0,,5.0,,8.0,,8.0,,7.900212088599801,,6.092561597935855,,9.42737017199397,,0.824441316537559,,3.7288027248578146,,1.7688353220000863,,4.72583444416523,,7.8125,0.038830652832984924,-0.00011146022006869316,0.0018638270230439957,2.385569393634796,0.09039941430091858,1.0818766355514526,0.06838414072990417,-0.04395625740289688,0.10040447860956192,0.4117300510406494,0.014184879139065742,8192,0.5463430285453796,5.285069942474365,0.006836581975221634,36241408,38650,17696,1106,-49.00004,0.021751798869809137,0.006505032337736338,-5.475624054670334,-10.295086,0.004812471758486936,0.006364998272329103,-5.466085004806518,,,0.95,0.9,none,7.3983019362854865,6.592126032595056,0.21461103721274305,0.0,-78.00818,2436.298188079701,-49.00004
222,1784835367.7972782,,8.0,,8.0,,6.0,,6.0,,10.0,,10.0,,1.0,,1.0,,4.0,,4.0,,2.0,,2.0,,5.0,,5.0,,8.0,,8.0,,8.35904556303285,,6.372528938576579,,9.78422316070646,,1.2473430605605245,,4.198117775842547,,2.201717703603208,,4.851169208995998,,8.375,0.24144446849822998,-9.106099605560303e-05,0.020255332870874554,2.3869833201169968,0.08473385870456696,0.822584867477417,0.07608025521039963,-0.6248038411140442,0.6539815068244934,0.26314374804496765,0.011221924796700478,8192,0.49483639001846313,5.673643112182617,0.006406781729310751,36405248,38818,17776,1111,-9.238248,0.014196596483816392,0.007075309639185434,-5.483700481057167,-12.506443,0.0038398777855036315,0.005660031083971262,-5.4736955016851425,,,0.95,0.9,none,6.846584060237601,6.186172971200479,0.2641191834668433,0.0,-65.72537,2462.630363241225,-9.238248
223,1784835437.3508976,,8.0,,8.0,,6.0,,6.0,,10.0,,10.0,,1.0,,1.0,,4.0,,4.0,,2.0,,2.0,,5.0,,5.0,,8.0,,8.0,,7.850403597578406,,5.568502650596201,,9.339210676029325,,0.7098436676897109,,3.7473540938663064,,1.9822160918265581,,4.681059551425278,,7.25,0.11353029310703278,-0.007573571056127548,0.008797752168902662,2.3930391371250153,0.1052040159702301,0.8531777858734131,0.07778970897197723,0.3190248906612396,0.31543824076652527,0.29862868785858154,0.007697612512856722,8192,0.5017766952514648,5.141073226928711,0.010260378941893578,36569088,38978,17856,1116,-6.9910073,0.008022282832826022,0.004650397376099136,-5.459124061465263,-12.890383,0.005497817120340187,0.0023086736800905783,-5.451790913939476,,,0.95,0.9,none,6.366289991550131,4.7995189815761,0.2701510653065521,0.0,-39.170174,2355.592301324067,-6.9910073
224,1784835504.5568898,,8.0,,8.0,,6.0,,6.0,,10.0,,10.0,,1.0,,1.0,,4.0,,4.0,,2.0,,2.0,,5.0,,5.0,,8.0,,8.0,,7.719087308272719,,5.6064633732894436,,9.513698678463697,,1.0503598731011152,,3.9613556964322925,,2.0079002510756254,,4.788301654160023,,7.8125,0.06663613021373749,-0.00046761706471443176,0.009964264158043079,2.4021113365888596,0.09881452471017838,0.8642024993896484,0.057103224098682404,-0.17109151184558868,0.24637168645858765,0.26231837272644043,0.010983391664922237,8192,0.5753040909767151,5.307458877563477,0.01774372160434723,36732928,39150,17936,1121,-62.267708,0.018773635174147783,0.005500164516706718,-5.483198818564415,-30.088013,0.005088154137774836,0.00345376869518077,-5.410375478863716,,,0.95,0.9,none,8.269419311242146,6.453889611883861,0.2198356182367619,0.0,-69.17909,2437.8778346435206,-62.267708
225,1784835571.8795044,,8.0,,8.0,,6.0,,6.0,,10.0,,10.0,,1.0,,1.0,,4.0,,4.0,,2.0,,2.0,,5.0,,5.0,,8.0,,8.0,,7.718026648275554,,5.939461518079042,,9.826275076717138,,1.2151098577305675,,3.99966657650657,,2.019141813623719,,4.894228108692914,,8.0625,0.17522770166397095,-0.000473872700240463,0.022705623938236386,2.407444089651108,0.07137151807546616,0.8182215094566345,0.07528109103441238,0.6040241718292236,0.4582999348640442,0.3836590647697449,0.01423389557749033,8192,0.5353559255599976,5.459301471710205,0.007665790151804686,36896768,39326,18016,1126,-8.136176,0.01192173802992329,0.004935259405465331,-5.52935374379158,-34.538425,0.005599361169151962,0.00437429389130557,-5.4125205934047695,,,0.95,0.9,none,6.543701090091472,6.445113498558387,0.25124017143233945,0.0,-53.411674,2433.654736435516,-8.136176
226,1784835639.1948895,,8.0,,8.0,,6.0,,6.0,,10.0,,10.0,,1.0,,1.0,,4.0,,4.0,,2.0,,2.0,,5.0,,5.0,,8.0,,8.0,,7.987159870564938,,6.112941771745682,,9.635639919899404,,0.9822424459271133,,3.9378989734395873,,2.126260636607185,,4.889541286975145,,8.1875,0.10032840818166733,-0.008831010869471356,0.004210642098769313,2.4156266152858734,0.20904362201690674,0.8771950006484985,0.17745162546634674,-0.27608978748321533,0.23690810799598694,0.37508425116539,0.014742114581167698,8192,0.557561457157135,5.48239803314209,0.012180974707007408,37060608,39501,18096,1131,11.845989,0.012330225890036673,0.00705753851798363,-5.568061971664429,-49.053135,0.007985855473089032,0.0043995900588924995,-5.398980459570884,,,0.95,0.9,none,7.596277849239816,6.805989637800789,0.21489591606510045,0.0,-59.928123,2433.9161510030276,11.845989
227,1784835707.9222884,,8.0,,8.0,,6.0,,6.0,,10.0,,10.0,,1.0,,1.0,,4.0,,4.0,,2.0,,2.0,,5.0,,5.0,,8.0,,8.0,,7.951501409523189,,5.756913621909916,,9.394202664494514,,1.0276845679618418,,3.958571064285934,,1.9230428063310683,,4.738673188723624,,8.125,0.08229890465736389,-0.001469097041990608,0.0033422100423194934,2.420274741947651,0.1667073667049408,0.8739414215087891,0.1534479558467865,0.0828881710767746,0.21454234421253204,0.24856019020080566,0.010497679933905602,8192,0.5861870646476746,5.359448432922363,0.00720967585220933,37224448,39670,18176,1136,-43.14315,0.013447255597566255,0.004787551386107225,-5.565388804674148,-13.285179,0.0038938910358410793,0.0036066534114070235,-5.3886866718530655,,,0.95,0.9,none,6.895630034103043,5.768449287259061,0.17136842751372,0.0,-97.25258,2383.9113014164222,-43.14315
228,1784835772.904024,,8.0,,8.0,,6.0,,6.0,,10.0,,10.0,,1.0,,1.0,,4.0,,4.0,,2.0,,2.0,,5.0,,5.0,,8.0,,8.0,,8.322325341869146,,6.340342542156577,,9.683825608342886,,1.1621828665956855,,4.160803967155516,,2.062897057039663,,4.813994813710451,,8.1875,0.12460365146398544,-0.005578137817792594,0.012808470812160522,2.423681639134884,0.09549672901630402,0.8623692393302917,0.09791537374258041,-0.048628032207489014,0.34230849146842957,0.2809821367263794,0.019312318414449692,8192,0.5383290648460388,5.591733932495117,0.006784819066524506,37388288,39858,18256,1141,3.2663674,0.015449231141246855,0.004156860435614362,-5.533425843715667,-18.239235,0.00585005922766868,0.008037962249363772,-5.3939645171165465,,,0.95,0.9,none,6.873272848084591,6.3023799423191935,0.23007781769098998,0.0,-76.916214,2521.323863122026,3.2663674
229,1784835838.712706,,8.0,,8.0,,6.0,,6.0,,10.0,,10.0,,1.0,,1.0,,4.0,,4.0,,2.0,,2.0,,5.0,,5.0,,8.0,,8.0,,8.422271242598072,,6.656833472661674,,9.858158979564905,,1.0575249707326293,,4.056658984161913,,1.970681301318109,,4.911353964183945,,8.0,0.1971484273672104,-8.590577635914087e-06,0.02103636774700135,2.4268807619810104,0.13366033136844635,0.7238344550132751,0.10853191465139389,-0.34506750106811523,0.5009181499481201,0.31328150629997253,0.01591845601797104,8192,0.5188830494880676,5.616685390472412,0.059049371629953384,37552128,40031,18336,1146,-28.138315,0.014446510549169034,0.002559240872506052,-5.597383370995521,-14.126867,0.005471856660005869,0.004292415977397468,-5.394114488363266,,,0.95,0.9,none,7.985918162268345,7.502144222433128,0.22290893769082953,0.0,-77.75663,2489.6408981811896,-28.138315
230,1784835905.3208928,,8.0,,8.0,,6.0,,6.0,,10.0,,10.0,,1.0,,1.0,,4.0,,4.0,,2.0,,2.0,,5.0,,5.0,,8.0,,8.0,,7.571276034228504,,5.623698350042105,,9.592791132628918,,0.5882005915045738,,3.8433771766722202,,1.8961266968399286,,4.7685812171548605,,7.1875,0.1450210064649582,-0.002979912213049829,0.012291816237848252,2.427884377539158,0.12495867162942886,0.8621088266372681,0.06318307667970657,-0.06624648720026016,0.3785132169723511,0.3910825252532959,0.02166963741183281,8192,0.5011968612670898,5.133943557739258,0.021889857947826385,37715968,40225,18416,1151,11.91195,0.015494427195517347,0.004416937161295209,-5.669965672492981,-42.92876,0.007413034161436372,0.0052448242233367635,-5.421705961227417,,,0.95,0.9,none,6.459613035355899,7.274449574175324,0.259861861852434,0.0,-90.88779,2459.7574422695225,11.91195
231,1784835971.9855762,,8.0,,8.0,,6.0,,6.0,,10.0,,10.0,,1.0,,1.0,,4.0,,4.0,,2.0,,2.0,,5.0,,5.0,,8.0,,8.0,,8.330636293627322,,6.516786420717835,,9.877402398735285,,1.2827712139114738,,4.306512281298637,,2.084254699293524,,4.8838637843728065,,8.5625,0.10447192192077637,6.0242542531341314e-05,0.00398585506627569,2.429048106074333,0.13333116471767426,0.9751641750335693,0.07411253452301025,0.07225528359413147,0.29362693428993225,0.3098301589488983,0.019536517560482025,8192,0.49601873755455017,5.7305908203125,0.01966799609363079,37879808,40421,18496,1156,-7.5657783,0.022126712143654005,0.007097498068469576,-5.621634057164192,-54.96325,0.0076218063331907615,0.003253597058937885,-5.428094494342804,,,0.95,0.9,none,7.4166856613576355,6.592264236772958,0.24457371450255933,0.0,-67.25275,2457.673142073033,-7.5657783
232,1784836037.4007306,,8.0,,8.0,,6.0,,6.0,,10.0,,10.0,,1.0,,1.0,,4.0,,4.0,,2.0,,2.0,,5.0,,5.0,,8.0,,8.0,,8.721853092312813,,6.649116411805153,,9.880540989339352,,1.2033308532554656,,4.237057727761567,,2.3121636969663086,,4.919695683754981,,8.6875,0.11114892363548279,-0.007786571222823113,0.017644387087784708,2.4301500618457794,0.07933688163757324,0.952483594417572,0.059173207730054855,-0.023726066574454308,0.34053733944892883,0.2933862507343292,0.019399188458919525,8192,0.460373193025589,5.826407432556152,0.06733527779579163,38043648,40623,18576,1161,-11.881686,0.018796500621829183,0.006795950645755511,-5.631095144152641,-31.315014,0.007865477855375502,0.0042364478984382005,-5.4205009788274765,,,0.95,0.9,none,8.024463956623967,6.5669317914531735,0.2769871506538302,0.0,-72.57775,2504.622345929651,-11.881686
233,1784836103.422817,,8.0,,8.0,,6.0,,6.0,,10.0,,10.0,,1.0,,1.0,,4.0,,4.0,,2.0,,2.0,,5.0,,5.0,,8.0,,8.0,,8.726745662279427,,6.505392591643613,,9.91932748653926,,1.1972071081399918,,4.381222240626812,,2.2258540495240595,,4.921009295154363,,8.5625,0.07958608865737915,-0.0010215463989879936,0.0022575520451937336,2.436480961740017,0.15637366473674774,0.9115406274795532,0.14764592051506042,0.004523321054875851,0.199601948261261,0.3865118622779846,0.016215305775403976,8192,0.4428795576095581,5.804907321929932,0.012229407206177711,38207488,40789,18656,1166,11.54664,0.007228295486129355,0.008874379731423687,-5.643294480443001,-14.5627775,0.004274483987683197,0.004957721038954333,-5.426902791857719,,,0.95,0.9,none,7.383472071523284,6.445745602820146,0.23750066771859601,0.0,-81.39435,2481.5899244472275,11.54664
234,1784836169.6806488,,8.0,,8.0,,6.0,,6.0,,10.0,,10.0,,1.0,,1.0,,4.0,,4.0,,2.0,,2.0,,5.0,,5.0,,8.0,,8.0,,8.419631890021265,,6.386469352990389,,9.894843650981784,,1.1988547928631306,,4.310230274684727,,2.267994811758399,,4.850176053121686,,8.875,0.09261883050203323,-0.002213186235167086,0.0052829460182692856,2.4345781579613686,0.11150828003883362,1.0013941526412964,0.13510550558567047,-0.010835140943527222,0.23533384501934052,0.3561290502548218,0.010048949159681797,8192,0.42224735021591187,5.775400638580322,0.010656454600393772,38371328,40964,18736,1171,1.750481,0.010022441938053817,0.004007075827394147,-5.667580392956734,-19.443277,0.006371494247287046,0.005993632353784051,-5.457164099812507,,,0.95,0.9,none,7.060350754479879,6.820503013956345,0.23095193322973936,0.0,-83.681656,2472.7650554796796,1.750481
235,1784836239.1302068,,8.0,,8.0,,6.0,,6.0,,10.0,,10.0,,1.0,,1.0,,4.0,,4.0,,2.0,,2.0,,5.0,,5.0,,8.0,,8.0,,8.510828476166353,,6.409180153859779,,9.90550235658884,,1.2917387967463583,,4.280482557718642,,2.2538502914831042,,4.860668981447816,,8.8125,0.11104737967252731,-0.00585124094504863,0.0028149693316663615,2.4308249726891518,0.13850198686122894,0.8471214771270752,0.08767613023519516,-0.018193883821368217,0.2894260585308075,0.41103124618530273,0.01592113822698593,8192,0.42819082736968994,5.790594577789307,0.03296052664518356,38535168,41151,18816,1176,0.9832697,0.006417973952193279,0.007373862074746285,-5.66613840162754,-58.23765,0.009123997981077991,0.005914500509243225,-5.473877894878387,,,0.95,0.9,none,7.6764889400911045,7.928763725295222,0.28233181900479987,0.0,-64.10882,2359.1221100752164,0.9832697
236,1784836305.108572,,8.0,,8.0,,6.0,,6.0,,10.0,,10.0,,1.0,,1.0,,4.0,,4.0,,2.0,,2.0,,5.0,,5.0,,8.0,,8.0,,7.221553422510624,,5.373204311123118,,9.305949043482542,,0.7291629202663898,,3.6027108831331134,,1.6073649676982313,,4.708155795931816,,7.3125,0.06820905953645706,9.893381502479315e-05,0.00512809821520932,2.4432357102632523,0.08781503885984421,1.0035462379455566,0.06839403510093689,-0.3375917971134186,0.19294682145118713,0.3229450583457947,0.012099324725568295,8192,0.41644954681396484,4.982575416564941,0.00814169179648161,38699008,41323,18896,1181,11.476995,0.007179260883276584,0.008286991895874962,-5.689677345752716,-14.998698,0.006217329823994078,0.00650393356118002,-5.499128663539887,,,0.95,0.9,none,8.625749219883437,6.806059751518617,0.23233862130312477,0.0,-72.07988,2483.2376270595946,11.476995
237,1784836371.3494508,,8.0,,8.0,,6.0,,6.0,,10.0,,10.0,,1.0,,1.0,,4.0,,4.0,,2.0,,2.0,,5.0,,5.0,,8.0,,8.0,,8.592999089509249,,6.89412927441299,,9.979320880025625,,1.4268465316854417,,4.335408002138138,,2.3566053134854883,,4.968994126211328,,8.5,0.03143914043903351,-0.00234576896764338,0.0011666505115499604,2.4430609941482544,0.1945377141237259,0.8234090209007263,0.332023024559021,-0.584975004196167,0.09989677369594574,0.4754863977432251,0.011912832036614418,8192,0.3632667660713196,5.8817877769470215,0.017764365300536156,38862848,41494,18976,1186,-6.306914,0.0067966804243042135,0.004980681726738112,-5.718297484517097,-39.43584,0.011453916583559477,0.002611247957975138,-5.48319385945797,,,0.95,0.9,none,7.212771276433992,7.278270114487567,0.27571074549440777,0.0,-106.366234,2473.3973989582287,-6.306914
238,1784836437.336407,,8.0,,8.0,,6.0,,6.0,,10.0,,10.0,,1.0,,1.0,,4.0,,4.0,,2.0,,2.0,,5.0,,5.0,,8.0,,8.0,,7.47871096432209,,5.780735034029931,,9.426164435222745,,0.8380244364961982,,3.8727248281938955,,1.9297504778951406,,4.806569552980363,,7.75,0.05640255659818649,-0.0011160190333612263,0.003074959142395528,2.449895054101944,0.1417907178401947,0.6945232152938843,0.11029259860515594,0.3517707586288452,0.1708618402481079,0.3045347332954407,0.010725455358624458,8192,0.5426996350288391,5.235334873199463,0.011004176922142506,39026688,41660,19056,1191,11.494602,0.0059394601637905,0.005061450459470507,-5.699677312374115,-0.16131106,0.0067561990421381776,0.0038306461348838637,-5.492800527811051,,,0.95,0.9,none,7.202368050104584,5.754992484129309,0.24284624340576005,0.0,-81.88391,2482.915098713252,11.494602
239,1784836504.9881094,,8.0,,8.0,,6.0,,6.0,,10.0,,10.0,,1.0,,1.0,,4.0,,4.0,,2.0,,2.0,,5.0,,5.0,,8.0,,8.0,,7.864195175468922,,5.946511930786073,,9.567298244684935,,1.1182584688067436,,4.082441279664636,,1.8994387057609856,,4.889338672161102,,8.0,0.11808736622333527,-0.012115300924051553,0.009957583723007701,2.4488921090960503,0.15307050943374634,0.7433458566665649,0.13654805719852448,0.14886784553527832,0.31934934854507446,0.221502423286438,0.009817062877118587,8192,0.5602550506591797,5.420936107635498,0.009637889452278614,39190528,41839,19136,1196,1.2357932,0.00743302906921599,0.006745908242010046,-5.706563746929168,-13.442358,0.003048343396221753,0.004655866444227286,-5.508082759380341,,,0.95,0.9,none,7.888326126537066,6.455499150075225,0.22130641245210034,0.0,-66.404655,2421.816469965273,1.2357932
240,1784836572.1095352,,8.0,,8.0,,6.0,,6.0,,10.0,,10.0,,1.0,,1.0,,4.0,,4.0,,2.0,,2.0,,5.0,,5.0,,8.0,,8.0,,7.536011073738337,,5.273140996694565,,9.25041078031063,,0.7248885724693537,,3.6659032283350825,,1.8171098502352834,,4.656405793502927,,7.5625,0.05530079826712608,8.824351243674755e-05,0.0017141475836979225,2.455926477909088,0.10113845020532608,0.8391072750091553,0.07390110939741135,0.2441030740737915,0.19780203700065613,0.36952638626098633,0.013813055120408535,8192,0.48693332076072693,5.060796737670898,0.02378666400909424,39354368,42008,19216,1201,11.190318,0.0058440372784389185,0.004942771125206491,-5.679217064380646,-15.362312,0.006766817891912069,0.005002828283613781,-5.4875906020402905,,,0.95,0.9,none,6.686245378064209,7.600946172986371,0.3230750985104987,0.0,-66.267715,2440.9492727728452,11.190318
241,1784836638.798729,,8.0,,8.0,,6.0,,6.0,,10.0,,10.0,,1.0,,1.0,,4.0,,4.0,,2.0,,2.0,,5.0,,5.0,,8.0,,8.0,,8.31174861267209,,6.569943681359291,,9.797235116373486,,1.068837990052998,,4.357096276246011,,2.2704910961911082,,4.782009368762374,,8.0625,0.039122529327869415,-0.002790921018458903,0.0008081335872702766,2.46792134642601,0.1384129822254181,0.9441436529159546,0.09305408596992493,-0.10672374069690704,0.09965815395116806,0.4024304151535034,0.012012666091322899,8192,0.5348075032234192,5.652482986450195,0.02516760490834713,39518208,42175,19296,1206,2.6345253,0.0064015967553132215,0.007904508005594835,-5.698037925362587,-17.84106,0.004552523523307173,0.0025387899411725813,-5.472080552577973,,,0.95,0.9,none,6.359755007545067,6.926905845609052,0.21015423485649276,0.0,-68.7672,2456.769617765622,2.6345253
242,1784836706.04403,,8.0,,8.0,,6.0,,6.0,,10.0,,10.0,,1.0,,1.0,,4.0,,4.0,,2.0,,2.0,,5.0,,5.0,,8.0,,8.0,,7.845806609839201,,5.513182663358748,,9.596610768465325,,0.8728236360475421,,4.0051450580358505,,1.9921617680229247,,4.666428381577134,,7.625,0.056293755769729614,-0.000526506220921874,0.00299926832485653,2.4749343246221542,0.07986105978488922,0.7440304756164551,0.05835678428411484,-0.237282857298851,0.16735494136810303,0.3572043180465698,0.013316945172846317,8192,0.5578446984291077,5.264644622802734,0.015505984425544739,39682048,42358,19376,1211,2.3073068,0.010801778052700684,0.007254994196409825,-5.77561596930027,-20.43961,0.005227955718874,0.0036023445391037967,-5.484336844086647,,,0.95,0.9,none,7.965866368543795,6.6940149984982495,0.16629557862682431,0.0,-79.00921,2436.457166935365,2.3073068
243,1784836771.4169545,,8.0,,8.0,,6.0,,6.0,,10.0,,10.0,,1.0,,1.0,,4.0,,4.0,,2.0,,2.0,,5.0,,5.0,,8.0,,8.0,,7.517845607362688,,5.43778753420338,,9.24888126226142,,0.7042630659416318,,3.70117568038404,,1.8180952188558877,,4.647578866221011,,7.75,0.06826390326023102,0.00011822528904303908,0.0019472327112453058,2.479542925953865,0.34394732117652893,0.8478039503097534,0.19916294515132904,0.25028908252716064,0.15687295794487,0.29755955934524536,0.010682024993002415,8192,0.5025362968444824,5.103203296661377,0.010782478377223015,39845888,42528,19456,1216,-14.380089,0.009724739158991724,0.006976655242033303,-5.828059670329094,-13.402761,0.006386724539333954,0.003971258499223041,-5.4961234599351885,,,0.95,0.9,none,7.514783344851196,6.475166431611717,0.2159959657203136,0.0,-76.40122,2506.2322657796717,-14.380089
244,1784836838.4478426,,8.0,,8.0,,6.0,,6.0,,10.0,,10.0,,1.0,,1.0,,4.0,,4.0,,2.0,,2.0,,5.0,,5.0,,8.0,,8.0,,7.915080175735056,,6.187704162672162,,9.658213801681995,,1.2514381590299308,,4.09014847362414,,2.1008912343531847,,4.852138266665861,,8.1875,0.11056587845087051,-0.0003374516381882131,0.0074379249708727,2.4805070906877518,0.2557849884033203,0.8011207580566406,0.31311091780662537,-0.03161177784204483,0.2744238078594208,0.38242048025131226,0.014133046381175518,8192,0.5597853064537048,5.530389308929443,0.14690087735652924,40009728,42703,19536,1221,3.6543033,0.005583549336006399,0.008940945233916864,-5.785143613815308,-9.42369,0.009398648096248508,0.00468593647092348,-5.540570163726807,,,0.95,0.9,none,7.872921487914184,9.523205895174703,0.17795190814446565,0.0,-68.47766,2444.24846771686,3.6543033
245,1784836904.2338898,,8.0,,8.0,,6.0,,6.0,,10.0,,10.0,,1.0,,1.0,,4.0,,4.0,,2.0,,2.0,,5.0,,5.0,,8.0,,8.0,,8.773696294054389,,6.096268620574847,,9.638247578404844,,0.9767859285930172,,4.238743805108243,,2.0944668048759922,,4.854812457342632,,8.75,0.032243452966213226,-0.000568465911783278,0.001618261199837434,2.482247978448868,0.11324725300073624,0.8345190286636353,0.0858769491314888,0.25446751713752747,0.08110534399747849,0.24617785215377808,0.011262891814112663,8192,0.47685763239860535,5.677877902984619,0.0074325320310890675,40173568,42873,19616,1226,11.776269,0.005584106001333566,0.0055633571493672205,-5.742942997813225,-14.382243,0.005828992012538947,0.00430631067865761,-5.533594006299973,,,0.95,0.9,none,7.219094915159249,6.475358638972996,0.21780790165727748,0.0,-64.182816,2490.4950671499278,11.776269
246,1784836970.8315897,,8.0,,8.0,,6.0,,6.0,,10.0,,10.0,,1.0,,1.0,,4.0,,4.0,,2.0,,2.0,,5.0,,5.0,,8.0,,8.0,,8.243194099515676,,6.055812939070165,,9.679784063482657,,1.0138463065959513,,4.2883884399198,,2.0298187045846134,,4.791030319407582,,7.8125,0.1259687840938568,-0.0014547192840836942,0.007093742198776454,2.4843548387289047,0.09763414412736893,0.8081844449043274,0.07991449534893036,-0.015728699043393135,0.30053645372390747,0.2862040400505066,0.013145089149475098,8192,0.5486903786659241,5.489296913146973,0.01199316419661045,40337408,43058,19696,1231,12.151558,0.007555993933783612,0.006649143669346813,-5.721748712658882,-34.09194,0.003729593849857338,0.004771471719868714,-5.509959810972214,,,0.95,0.9,none,7.044186701550819,6.861534869177514,0.15608844520325543,0.0,-57.001392,2460.144949910718,12.151558
247,1784837035.0951166,,8.0,,8.0,,6.0,,6.0,,10.0,,10.0,,1.0,,1.0,,4.0,,4.0,,2.0,,2.0,,5.0,,5.0,,8.0,,8.0,,8.230537706054747,,6.400485215242952,,9.705228440463543,,1.2289361949078739,,4.156014007749036,,2.0837845315691084,,4.945208607241511,,8.6875,0.20060789585113525,-0.0028894544229842722,0.026244869484798983,2.4938152506947517,0.14602693915367126,0.7359943389892578,0.1123851090669632,-0.13888351619243622,0.5100494623184204,0.22821050882339478,0.008671039715409279,8192,0.5159671902656555,5.67971134185791,0.006674402393400669,40501248,43219,19776,1236,6.219341,0.00649228000693256,0.006553301560052205,-5.71260946393013,-5.501379,0.0037773495736473706,0.006643168081063777,-5.522819060087204,,,0.95,0.9,none,7.056823110823596,6.394548199367456,0.2790281177860231,0.0,-69.44637,2549.5020698506582,6.219341
248,1784837099.082338,,8.0,,8.0,,6.0,,6.0,,10.0,,10.0,,1.0,,1.0,,4.0,,4.0,,2.0,,2.0,,5.0,,5.0,,8.0,,8.0,,7.509866129606962,,5.496603028383106,,9.150757256895304,,0.7343485848978162,,3.678435204550624,,1.6038751369342208,,4.609554216265678,,8.0,0.07993583381175995,-0.0010620643734000623,0.0033590942148293834,2.4956051036715508,0.11139456182718277,0.9229680895805359,0.10320713371038437,0.287219762802124,0.2047402560710907,0.46249455213546753,0.01484925951808691,8192,0.46679913997650146,5.097929954528809,0.05620245635509491,40665088,43388,19856,1241,-75.10946,0.032291862333659084,0.0038769779363065026,-5.6970762491226195,-1.040962,0.008488026182749308,0.002098089175706264,-5.528153520822525,,,0.95,0.9,none,7.498875150948254,7.801384707833121,0.25200026689379396,0.0,-68.9946,2560.5111070226135,-75.10946
249,1784837163.9154336,,8.0,,8.0,,6.0,,6.0,,10.0,,10.0,,1.0,,1.0,,4.0,,4.0,,2.0,,2.0,,5.0,,5.0,,8.0,,8.0,,8.451011065393686,,6.014035832136869,,9.732089063618332,,1.215932222083211,,4.244329776498489,,2.013898454606533,,4.832043737638742,,8.5,0.039238400757312775,5.466380389407277e-05,0.0015845634206925752,2.4983367323875427,0.19728204607963562,0.8088961839675903,0.21705734729766846,-0.08657680451869965,0.11382268369197845,0.21101877093315125,0.011421164497733116,8192,0.5284211039543152,5.625417232513428,0.009911148808896542,40828928,43602,19936,1246,-56.964527,0.031029307493008675,0.004640574743825709,-5.822200989723205,-9.355635,0.004019605085341027,0.005123768967314391,-5.523511210083962,,,0.95,0.9,none,7.831689558173229,6.468295700327767,0.1875446150849092,0.0,-64.527855,2527.10481973788,-56.964527
250,1784837228.697139,,8.0,,8.0,,6.0,,6.0,,10.0,,10.0,,1.0,,1.0,,4.0,,4.0,,2.0,,2.0,,5.0,,5.0,,8.0,,8.0,,7.8980494709685445,,6.148148898035288,,9.742903988808393,,0.7942391796968877,,3.8117927352432166,,2.1401934335008264,,4.7969655194319785,,8.125,0.08946314454078674,-8.119037374854088e-06,0.005353365522751119,2.501929149031639,0.10676299780607224,0.7862276434898376,0.062471188604831696,-0.4895559549331665,0.23239387571811676,0.27165862917900085,0.007939937524497509,8192,0.5763119459152222,5.432161808013916,0.007753387559205294,40992768,43769,20016,1251,1.9317831,0.009856191631115507,0.006628824997460469,-5.8292539566755295,-6.404499,0.003924162704788614,0.009030227465700591,-5.491517272591591,,,0.95,0.9,none,7.985189361560001,6.799453308398117,0.16265722212851907,0.0,-56.145042,2529.1099121468383,1.9317831
251,1784837292.9929898,,8.0,,8.0,,6.0,,6.0,,10.0,,10.0,,1.0,,1.0,,4.0,,4.0,,2.0,,2.0,,5.0,,5.0,,8.0,,8.0,,7.125234741717577,,5.359466444700956,,9.016765553504229,,0.6926361732184887,,3.7752408874221146,,1.7121927752159536,,4.592637926340103,,7.1875,0.03835634887218475,-0.002717059920541942,0.00042709294848464197,2.5029510259628296,0.1937994360923767,0.7607478499412537,0.11776372045278549,0.07944156229496002,0.10578667372465134,0.22155313193798065,0.005334834568202496,8192,0.35038837790489197,4.932709217071533,0.022931156679987907,41156608,43935,20096,1256,-24.774935,0.011794204928446562,0.006247240543598309,-5.844023710489273,-13.68125,0.003626955915387953,0.004545164688897785,-5.5534296303987505,,,0.95,0.9,none,8.863535231359018,6.839726118816161,0.1968784009366568,0.0,-58.24668,2548.2196054503197,-24.774935
252,1784837356.8554997,,8.0,,8.0,,6.0,,6.0,,10.0,,10.0,,1.0,,1.0,,4.0,,4.0,,2.0,,2.0,,5.0,,5.0,,8.0,,8.0,,7.9082703702151775,,6.247039414942265,,9.667142988182604,,1.0303162089549005,,3.8573079286143184,,2.07979555753991,,4.854409710504115,,7.875,0.08986199647188187,-0.0005447268486022949,0.004031750620924868,2.5022661834955215,0.10419625788927078,0.9588820934295654,0.09574807435274124,-0.06752820312976837,0.23195698857307434,0.25647711753845215,0.010684557259082794,8192,0.5807526111602783,5.439909934997559,0.01607516221702099,41320448,44104,20176,1261,12.288735,0.006343340777675621,0.009435077940725022,-5.914470863342285,-8.944832,0.0043182411842281,0.007273191832064185,-5.571419790387154,,,0.95,0.9,none,7.496124751174634,6.900771644117273,0.16541127985795198,0.0,-65.65256,2565.5109472077397,12.288735
253,1784837418.9675965,,8.0,,8.0,,6.0,,6.0,,10.0,,10.0,,1.0,,1.0,,4.0,,4.0,,2.0,,2.0,,5.0,,5.0,,8.0,,8.0,,7.780856755562127,,5.721570434980094,,9.458672773092985,,0.9309575483202934,,3.7504507452249527,,2.0692086867056787,,4.843679977231659,,7.875,0.09586919099092484,-0.002278878353536129,0.0026666889316402376,2.5085852220654488,0.06584703177213669,0.7428877353668213,0.042447760701179504,0.024210061877965927,0.2295328974723816,0.284218966960907,0.009742905385792255,8192,0.5631070733070374,5.303799152374268,0.010634137317538261,41484288,44264,20256,1266,3.9468017,0.006906319863628596,0.006007376542402199,-5.890952983498574,-17.828678,0.005224446026841178,0.005028834487893619,-5.558961051702499,,,0.95,0.9,none,6.750612315808962,6.9475843594562745,0.17827227115956895,0.0,-76.91814,2637.811509946012,3.9468017
254,1784837481.7072563,,8.0,,8.0,,6.0,,6.0,,10.0,,10.0,,1.0,,1.0,,4.0,,4.0,,2.0,,2.0,,5.0,,5.0,,8.0,,8.0,,7.730321196839213,,5.7415932402946055,,9.500838901847601,,0.8919372241944075,,3.9175458909012377,,1.909122941084206,,4.681752035859972,,7.5,0.10362951457500458,-0.004355978569947183,0.0023929014314489905,2.511790454387665,0.061723291873931885,0.9290368556976318,0.03677382692694664,-0.3899841904640198,0.2683893144130707,0.26710325479507446,0.013509447686374187,8192,0.5771639943122864,5.234138488769531,0.013228037394583225,41648128,44435,20336,1271,-4.5824447,0.009459789721586277,0.0033619740104768427,-5.8950557798147205,-25.213207,0.005805095107643865,0.0049232813347771295,-5.551383575797081,,,0.95,0.9,none,6.832254202669626,6.576444478644447,0.1471304456815383,0.0,-52.285164,2611.426478358006,-4.5824447
255,1784837543.534431,,8.0,,8.0,,6.0,,6.0,,10.0,,10.0,,1.0,,1.0,,4.0,,4.0,,2.0,,2.0,,5.0,,5.0,,8.0,,8.0,,8.342274620197713,,6.5022205132991076,,9.832824040204287,,1.0071857056464069,,4.2947791195474565,,2.1270627256599255,,4.8992604883387685,,8.375,0.11601490527391434,-0.003682065522298217,0.003835777344647795,2.51672226190567,0.09829629957675934,0.8227196931838989,0.06290177255868912,0.27083730697631836,0.31455695629119873,0.2553306818008423,0.007374375127255917,8192,0.5513508319854736,5.672576427459717,0.005048999562859535,41811968,44600,20416,1276,4.4943347,0.008806726896727924,0.0066300528604188004,-5.8880083709955215,-16.386623,0.003231657920696307,0.005994594520598184,-5.560247939825058,,,0.95,0.9,none,6.896399044437433,6.559906757703608,0.2274450225158678,0.0,-69.352585,2649.967150946895,4.4943347
256,1784837608.8519678,,8.0,,8.0,,6.0,,6.0,,10.0,,10.0,,1.0,,1.0,,4.0,,4.0,,2.0,,2.0,,5.0,,5.0,,8.0,,8.0,,7.766289742663503,,5.211701932363212,,9.476049844175577,,0.8456308888271451,,3.7264895879197866,,1.8554359348490834,,4.720716123469174,,7.6875,0.0883428230881691,-0.001372531638480723,0.0036094779425184242,2.5204095989465714,0.14085906744003296,0.8733102083206177,0.194228395819664,0.01126934215426445,0.2427462637424469,0.29972124099731445,0.01135791651904583,8192,0.5132391452789307,5.161227226257324,0.046208322048187256,41975808,44766,20496,1281,4.525479,0.007311969221336767,0.0057483020653307905,-5.839445579051971,-33.054493,0.005161048902664334,0.0036471352461376226,-5.526198768615723,,,0.95,0.9,none,7.13313681608486,7.546829312266105,0.22594909240652492,0.0,-43.55709,2508.3617677886555,4.525479
257,1784837672.0110497,,8.0,,8.0,,6.0,,6.0,,10.0,,10.0,,1.0,,1.0,,4.0,,4.0,,2.0,,2.0,,5.0,,5.0,,8.0,,8.0,,8.168844999745488,,6.099642787128687,,9.705421602353454,,1.011514489306137,,3.9236023403936997,,1.9450564971193671,,4.756396550685167,,7.875,0.15873073041439056,-0.00047935423208400607,0.013047876913333312,2.525964744389057,0.06598779559135437,0.7689717411994934,0.041127659380435944,0.2497074007987976,0.39560192823410034,0.3493174910545349,0.013520581647753716,8192,0.5838882327079773,5.435685157775879,0.007202082313597202,42139648,44933,20576,1286,3.2324631,0.006347218820883427,0.005696410399104934,-5.782416868209839,-34.303284,0.003026915313239442,0.0026631622145941946,-5.546306204795838,,,0.95,0.9,none,7.342185123975834,6.195832481570449,0.14239493344836002,0.0,-53.97827,2594.0853407376226,3.2324631
258,1784837735.7898715,,8.0,,8.0,,6.0,,6.0,,10.0,,10.0,,1.0,,1.0,,4.0,,4.0,,2.0,,2.0,,5.0,,5.0,,8.0,,8.0,,7.456202034838498,,5.656463507562876,,9.367654267698526,,0.6357271429151297,,3.7383860116824508,,1.6943060024641454,,4.689283668994904,,7.375,0.15827599167823792,0.00021301442757248878,0.009221737767802551,2.5287550166249275,0.08845243602991104,0.7498570680618286,0.05421798303723335,-0.2500840127468109,0.37260913848876953,0.3018326759338379,0.01019737683236599,8192,0.5099246501922607,5.076627254486084,0.010281113907694817,42303488,45102,20656,1291,-16.72499,0.007321782055078075,0.0071541347162565215,-5.820684194564819,-20.383839,0.005117731749487575,0.005768629466183483,-5.534628641605377,,,0.95,0.9,none,7.4386147323027005,6.659616538623752,0.30834963802168436,0.0,-56.611794,2568.87710407985,-16.72499
259,1784837798.2580104,,8.0,,8.0,,6.0,,6.0,,10.0,,10.0,,1.0,,1.0,,4.0,,4.0,,2.0,,2.0,,5.0,,5.0,,8.0,,8.0,,7.613717522472143,,6.194642729125917,,9.420464625582099,,0.8387838246999308,,3.814222179353237,,1.7722102194093168,,4.721691558137536,,7.6875,0.06777369976043701,3.4015276469290257e-05,0.003267780241003493,2.5307496041059494,0.07569967955350876,0.888291597366333,0.04423317313194275,-0.334434449672699,0.17589512467384338,0.315585196018219,0.014558911323547363,8192,0.5496469736099243,5.257904052734375,0.013219540938735008,42467328,45274,20736,1296,-6.8632784,0.0074093235889449716,0.006382597361516673,-5.849972695112228,-45.659657,0.005686263390816748,0.004224597285792697,-5.515735775232315,,,0.95,0.9,none,6.9280181267494525,6.349718098288811,0.2070579991585941,0.0,-58.912163,2622.7767721653167,-6.8632784
260,1784837862.0159712,,8.0,,8.0,,6.0,,6.0,,10.0,,10.0,,1.0,,1.0,,4.0,,4.0,,2.0,,2.0,,5.0,,5.0,,8.0,,8.0,,8.150092974305153,,6.3020929507911205,,9.627818953245878,,0.7989592343801633,,4.065113485325128,,1.8853795416653156,,4.751602051779628,,7.8125,0.09826764464378357,-0.001524693623650819,0.006166407183627598,2.53587993234396,0.22165101766586304,0.8342762589454651,0.09639021754264832,-0.20466727018356323,0.2515832781791687,0.34404271841049194,0.020886171609163284,8192,0.5852161049842834,5.424194812774658,0.026078319177031517,42631168,45614,20816,1301,-76.683266,0.04198143413523212,-0.0005485924353706651,-5.976151347160339,-18.310656,0.00801969206368085,0.003881428218301153,-5.488087326288223,,,0.95,0.9,none,10.625113182911388,7.405772273209005,0.19562542539473046,0.0,-88.8099,2569.7186176315704,-76.683266
261,1784837926.0254445,,8.0,,8.0,,6.0,,6.0,,10.0,,10.0,,1.0,,1.0,,4.0,,4.0,,2.0,,2.0,,5.0,,5.0,,8.0,,8.0,,8.298590697348118,,6.10964217223227,,9.61868035979569,,1.1877315724268556,,4.080448305234313,,2.0190891541424207,,4.828568741679192,,8.1875,0.10164575278759003,-5.259527824819088e-05,0.0031706721274531446,2.5409632697701454,0.0786215141415596,0.7370080947875977,0.08974778652191162,0.020051315426826477,0.2610488831996918,0.260398268699646,0.015920571982860565,8192,0.5816748738288879,5.541281223297119,0.007597342599183321,42795008,45839,20896,1306,-30.970806,0.01939007207402028,0.0064349759006290695,-6.0395388275384905,-30.94314,0.004208059633674566,0.008048901706206379,-5.515934753417969,,,0.95,0.9,none,9.651420895103179,7.091102013908895,0.13684367396429653,0.0,-65.67741,2559.6208388062364,-30.970806
262,1784837987.5693421,,8.0,,8.0,,6.0,,6.0,,10.0,,10.0,,1.0,,1.0,,4.0,,4.0,,2.0,,2.0,,5.0,,5.0,,8.0,,8.0,,7.750441130250692,,5.77122303750366,,9.479597670026124,,0.9184059328399599,,4.102312913513742,,1.9948615757748485,,4.8060607416555285,,8.1875,0.07933381199836731,-5.852332105860114e-05,0.0034768536788760684,2.5482109636068344,0.06288768351078033,0.9151027798652649,0.04265208542346954,-0.42141827940940857,0.20223484933376312,0.312943696975708,0.014328429475426674,8192,0.6013849973678589,5.376300811767578,0.006989006418734789,42958848,46019,20976,1311,-15.433893,0.012426418633549475,0.006286353393807076,-6.029950857162476,-12.735865,0.0044840265778475445,0.0020094572129892184,-5.530755189061165,,,0.95,0.9,none,8.754899700914475,6.612574114190119,0.18771055379671092,0.0,-80.57027,2662.1676448560634,-15.433893
263,1784838051.5500371,,8.0,,8.0,,6.0,,6.0,,10.0,,10.0,,1.0,,1.0,,4.0,,4.0,,2.0,,2.0,,5.0,,5.0,,8.0,,8.0,,8.328308036318049,,6.403218101710081,,9.535333445761353,,1.1925333044491708,,4.159119758754969,,2.099632245255634,,4.81714460067451,,8.25,0.16748212277889252,1.9222614355385303e-05,0.012915505329146981,2.551111586391926,0.21377357840538025,0.7683553099632263,0.11152498424053192,0.7803562879562378,0.4574323892593384,0.37386274337768555,0.02877921611070633,8192,0.5571211576461792,5.598160743713379,0.014366469345986843,43122688,46230,21056,1316,3.0917873,0.007782153123116586,0.0068820723601675125,-6.027673873305321,-63.578327,0.008975414898304734,0.0031356669089291243,-5.498274701833725,,,0.95,0.9,none,8.621784006391227,6.27972767780713,0.20004723211067627,0.0,-56.1285,2560.770866253393,3.0917873
264,1784838114.0185506,,8.0,,8.0,,6.0,,6.0,,10.0,,10.0,,1.0,,1.0,,4.0,,4.0,,2.0,,2.0,,5.0,,5.0,,8.0,,8.0,,7.353015196043998,,5.405767224729061,,9.354417204856873,,0.7161276231054217,,3.833031604066491,,1.8300940549816005,,4.635212366469204,,7.875,0.04211069270968437,0.0001776639837771654,0.0014761733127670595,2.5550220906734467,0.2989193797111511,0.8905721306800842,0.11101620644330978,-0.028872929513454437,0.12359785288572311,0.39913129806518555,0.027074435725808144,8192,0.516941249370575,5.125333309173584,0.018099451437592506,43286528,46445,21136,1321,-14.410779,0.010844920470844954,0.004526353954861406,-6.036611887812614,-58.043957,0.011716896016150714,0.0032934951697825452,-5.52249904870987,,,0.95,0.9,none,8.77993265977668,8.010624132705859,0.2788588968155239,0.0,-76.902534,2622.7608983854016,-14.410779
265,1784838177.5076637,,8.0,,8.0,,6.0,,6.0,,10.0,,10.0,,1.0,,1.0,,4.0,,4.0,,2.0,,2.0,,5.0,,5.0,,8.0,,8.0,,8.459864355623722,,6.319402985740453,,9.929839514195919,,1.180391954490915,,4.35062713176012,,2.0593581069260836,,4.940273635089397,,8.625,0.07009362429380417,-0.0004589227610267699,0.0020682144258898916,2.5548760667443275,0.09094701707363129,0.8391150236129761,0.07364173978567123,0.10184670984745026,0.1726672351360321,0.3681461811065674,0.020572464913129807,8192,0.48435357213020325,5.733095169067383,0.029926659539341927,43450368,46644,21216,1326,12.712552,0.006822709296829999,0.008361157822946552,-6.042895808815956,-0.82792264,0.007578917199862189,0.003273737613926642,-5.545598515868187,,,0.95,0.9,none,7.925746791287509,7.472307540294696,0.20087232759584206,0.0,-55.82238,2580.599752319115,12.712552
266,1784838241.106781,,8.0,,8.0,,6.0,,6.0,,10.0,,10.0,,1.0,,1.0,,4.0,,4.0,,2.0,,2.0,,5.0,,5.0,,8.0,,8.0,,7.464610680937768,,5.948284836020321,,9.39175783097744,,0.7858210308477283,,3.9135580072179437,,1.9880887661129236,,4.823649474186823,,7.5625,0.07387268543243408,-0.003354011510964483,0.0021349727940105367,2.5578350126743317,0.08855608850717545,0.8517776131629944,0.0799708291888237,-0.2039569765329361,0.19699227809906006,0.2863689064979553,0.011597471311688423,8192,0.5514722466468811,5.234784126281738,0.011135897599160671,43614208,46826,21296,1331,-33.754753,0.009677248366642743,0.004437827377114445,-6.018327686190605,-21.717602,0.00797550439601764,0.003709513788635377,-5.595173609256745,,,0.95,0.9,none,8.929287140156253,6.689060541373296,0.20697455886338204,0.0,-63.233936,2576.1358660548185,-33.754753
267,1784838304.1723897,,8.0,,8.0,,6.0,,6.0,,10.0,,10.0,,1.0,,1.0,,4.0,,4.0,,2.0,,2.0,,5.0,,5.0,,8.0,,8.0,,7.9054159466177225,,5.488133961334825,,9.470181446056813,,0.9245301904156804,,4.0864408718189225,,2.0490189036354423,,4.8521080878563225,,8.0,0.048699475824832916,-0.002779462141916156,0.000942422219850414,2.558153934776783,0.13964347541332245,0.7795669436454773,0.10401882231235504,-0.06221188232302666,0.11762002855539322,0.523392379283905,0.010604074224829674,8192,0.5500136017799377,5.346978664398193,0.01163850724697113,43778048,47003,21376,1336,-44.637844,0.013413965021027253,0.004842740522872191,-6.091868197917938,-0.84845084,0.00560859013494337,0.0022319567840895617,-5.635062688589096,,,0.95,0.9,none,9.731266460800999,6.032900636456754,0.18932511641922314,0.0,-79.54489,2597.930153696245,-44.637844
268,1784838368.0635712,,8.0,,8.0,,6.0,,6.0,,10.0,,10.0,,1.0,,1.0,,4.0,,4.0,,2.0,,2.0,,5.0,,5.0,,8.0,,8.0,,7.4207507483661175,,5.542880069464445,,9.225170735269785,,0.6803813017904758,,3.906189426779747,,1.8520811963826418,,4.747987538576126,,7.25,0.05534821376204491,-0.00012574769789353013,0.0015089508779055905,2.5641750395298004,0.12971006333827972,0.9659070372581482,0.09595669060945511,0.10062745213508606,0.1527433693408966,0.24268412590026855,0.006568548269569874,8192,0.5018728971481323,5.078180313110352,0.007195660844445229,43941888,47175,21456,1341,-13.546621,0.01125136902264785,0.006625742982578231,-6.152027413249016,-2.7322428,0.005058462027227506,0.005459705289104022,-5.658540266752243,,,0.95,0.9,none,8.143908380704337,6.952604901309376,0.16109610610833094,0.0,-68.04627,2564.359742283898,-13.546621
269,1784838430.0067878,,8.0,,8.0,,6.0,,6.0,,10.0,,10.0,,1.0,,1.0,,4.0,,4.0,,2.0,,2.0,,5.0,,5.0,,8.0,,8.0,,7.885596568696201,,5.989802572876215,,9.727080581709743,,1.0485130662564188,,3.9394336801487952,,2.0756098367273808,,4.806312166154385,,8.125,0.10563088208436966,-0.004138055199291557,0.0048346188850700855,2.5685968473553658,0.11808009445667267,0.6678345799446106,0.06290984153747559,-0.5223958492279053,0.26495128870010376,0.3971805274486542,0.007782019674777985,8192,0.5809327363967896,5.4496684074401855,0.004703177139163017,44105728,47345,21536,1346,13.282064,0.007244524429552257,0.009745795240451115,-6.114982962608337,-1.3702081,0.004183339351584436,0.005707895374507643,-5.663898083567619,,,0.95,0.9,none,8.865799880355635,6.577134046796191,0.20296412577901335,0.0,-76.29868,2645.0034103512257,13.282064
270,1784838492.696592,,8.0,,8.0,,6.0,,6.0,,10.0,,10.0,,1.0,,1.0,,4.0,,4.0,,2.0,,2.0,,5.0,,5.0,,8.0,,8.0,,7.249579183757305,,5.404937483370304,,9.284083371981978,,0.6471418119035661,,3.5637757144868374,,1.6375630032853223,,4.711491621099412,,7.4375,0.04598400741815567,-0.0008953443029895425,0.0038125817372929305,2.5682158395648003,0.1641339212656021,0.8136621713638306,0.09938928484916687,-0.3117002844810486,0.13866613805294037,0.24897482991218567,0.006009811069816351,8192,0.4575870633125305,4.992008209228516,0.008126450702548027,44269568,47510,21616,1351,4.9265413,0.007906060031382367,0.006874134991085157,-6.061495524644852,-0.6800517,0.004922188845375786,0.008664124262577389,-5.665233007073402,,,0.95,0.9,none,7.774574457088482,6.7260790006007145,0.36037755629735857,0.0,-75.75309,2613.5025491796455,4.9265413
271,1784838556.2271228,,8.0,,8.0,,6.0,,6.0,,10.0,,10.0,,1.0,,1.0,,4.0,,4.0,,2.0,,2.0,,5.0,,5.0,,8.0,,8.0,,8.214668004773557,,6.188147304113954,,9.902306091040373,,1.202350820414722,,4.1091446448117495,,2.2754139052703977,,4.951119953766465,,8.0,0.08363136649131775,-0.0009596105664968491,0.004847510164836422,2.574252240359783,0.22136253118515015,0.7713967561721802,0.26303502917289734,0.0759202390909195,0.2483077198266983,0.32844462990760803,0.009472150355577469,8192,0.5405229330062866,5.605393886566162,0.06267740577459335,44433408,47677,21696,1356,4.635186,0.00844222778105177,0.006459824138437398,-6.0726058155298235,-40.701992,0.012067310034763069,0.00274561281548813,-5.6845326840877535,,,0.95,0.9,none,7.606311681730429,7.086655090601809,0.2053903110685132,0.0,-74.67334,2578.918027821116,4.635186
272,1784838618.95633,,8.0,,8.0,,6.0,,6.0,,10.0,,10.0,,1.0,,1.0,,4.0,,4.0,,2.0,,2.0,,5.0,,5.0,,8.0,,8.0,,8.596181375905871,,6.329985389485955,,9.863088100217283,,1.3861446985974908,,4.271803543902934,,2.30026737973094,,4.884403785690665,,8.4375,0.09001009166240692,-7.31172040104866e-05,0.00697621197468834,2.5785961523652077,0.07035494595766068,0.9127791523933411,0.0811561867594719,0.19236120581626892,0.2638039290904999,0.2042950689792633,0.011514449492096901,8192,0.49616849422454834,5.758671760559082,0.033488791435956955,44597248,47865,21776,1361,-5.073728,0.009848020180652384,0.006549780718341935,-6.012947553396225,-29.257374,0.0072832968784496185,0.0033206309322849847,-5.697144448757172,,,0.95,0.9,none,7.593696631010962,7.607877260852621,0.1802779092062326,0.0,-76.2029,2611.8610221010326,-5.073728
273,1784838681.8551,,8.0,,8.0,,6.0,,6.0,,10.0,,10.0,,1.0,,1.0,,4.0,,4.0,,2.0,,2.0,,5.0,,5.0,,8.0,,8.0,,8.106659766286612,,5.945164531469345,,9.541437964886427,,0.9872628673911095,,3.9769873635377735,,1.8486238198383944,,4.762455363525078,,8.0,0.06754584610462189,-0.0003543142229318619,0.0014861106865282636,2.5838271751999855,0.0812547504901886,0.8399955630302429,0.0780690535902977,-0.2286548614501953,0.16356806457042694,0.20109407603740692,0.009744493290781975,8192,0.5892435312271118,5.396073341369629,0.009971135295927525,44761088,48080,21856,1366,-4.0528746,0.013210402129334397,0.007656439494166989,-6.112621405720711,-11.455783,0.004666423678281717,0.004526043478108477,-5.704620054364204,,,0.95,0.9,none,7.764456820753257,6.666820955412545,0.14209593362817152,0.0,-81.87893,2604.8203862616456,-4.0528746
274,1784838744.1733334,,8.0,,8.0,,6.0,,6.0,,10.0,,10.0,,1.0,,1.0,,4.0,,4.0,,2.0,,2.0,,5.0,,5.0,,8.0,,8.0,,7.807612365402747,,5.764894761145115,,9.721464972943068,,0.9391552796587348,,3.821323163807392,,2.0440795680042356,,4.715238970704377,,7.75,0.13868993520736694,-0.003800203208811581,0.006051039265003055,2.5956320241093636,0.07094696164131165,0.834768533706665,0.04022681713104248,0.08163966238498688,0.4016358554363251,0.337939977645874,0.017225442454218864,8192,0.605022132396698,5.320471286773682,0.016778185963630676,44924928,48282,21936,1371,-13.778935,0.01173942451714538,0.0076882672576175535,-6.158172351121903,-30.539154,0.006925866866367869,0.005586568769649603,-5.743888583779335,,,0.95,0.9,none,8.303455300379216,7.289905568871592,0.1905807525169923,0.0,-72.00607,2629.0867100116857,-13.778935
275,1784838807.172949,,8.0,,8.0,,6.0,,6.0,,10.0,,10.0,,1.0,,1.0,,4.0,,4.0,,2.0,,2.0,,5.0,,5.0,,8.0,,8.0,,7.553852565586567,,5.818102831020951,,9.380169103853405,,0.9601426748558879,,3.83646622300148,,1.7546421308070421,,4.7066969871521,,7.5625,0.20635834336280823,-2.0117731764912605e-05,0.01560175375198014,2.596590965986252,0.22461271286010742,0.8278493881225586,0.10460767149925232,-0.011752583086490631,0.4749842882156372,0.35585668683052063,0.015702180564403534,8192,0.5659496784210205,5.1965718269348145,0.014701377600431442,45088768,48468,22016,1376,4.059906,0.008793423285533208,0.007756082671403419,-6.148951467871666,-28.734028,0.00799795454076957,0.004570689093088731,-5.764999666810036,,,0.95,0.9,none,7.818356355620317,7.306146319441444,0.22222422074223794,0.0,-77.04309,2600.6501926023593,4.059906
276,1784838871.0840194,,8.0,,8.0,,6.0,,6.0,,10.0,,10.0,,1.0,,1.0,,4.0,,4.0,,2.0,,2.0,,5.0,,5.0,,8.0,,8.0,,8.029662963468581,,6.155920009012334,,9.329155910760164,,0.8630049824714661,,3.955731004010886,,2.0406822226941586,,4.724343885201961,,7.8125,0.0946819931268692,6.101909093558788e-07,0.007172805402660742,2.5965466797351837,0.14136676490306854,0.8179007768630981,0.12302057445049286,0.00025766249746084213,0.26428431272506714,0.292257696390152,0.009975477121770382,8192,0.5848631858825684,5.363874912261963,0.03192980960011482,45252608,48647,22096,1381,12.335542,0.005992210235854145,0.00427427779941354,-6.101493009924889,-68.14876,0.00993511313572526,0.00783987050599535,-5.802252453565598,,,0.95,0.9,none,7.129064861868599,8.355497473163904,0.17702173686740727,0.0,-58.649437,2563.562188104564,12.335542
277,1784838936.6078477,,8.0,,8.0,,6.0,,6.0,,10.0,,10.0,,1.0,,1.0,,4.0,,4.0,,2.0,,2.0,,5.0,,5.0,,8.0,,8.0,,7.690580349415541,,5.667497192975134,,9.316971238702536,,0.7925906572490931,,3.6795712746679783,,1.8516896506771445,,4.752230674959719,,8.1875,0.052543360739946365,-0.0011633831163635477,0.004124280043470208,2.6030341908335686,0.14623206853866577,0.7875661849975586,0.11931315064430237,-0.14378322660923004,0.1550494134426117,0.32583481073379517,0.010384976863861084,8192,0.5524140000343323,5.242329120635986,0.003820903832092881,45416448,48813,22176,1386,-15.383835,0.008269002127053681,0.007548208410298685,-6.118625569343567,-7.218164,0.004017973543523112,0.003752181182790082,-5.800074610114097,,,0.95,0.9,none,8.322561360159783,6.771577135543038,0.2078136064956319,0.0,-58.704933,2500.46561049756,-15.383835
278,1784839000.990407,,8.0,,8.0,,6.0,,6.0,,10.0,,10.0,,1.0,,1.0,,4.0,,4.0,,2.0,,2.0,,5.0,,5.0,,8.0,,8.0,,7.6333854123950005,,5.461243696510792,,9.487383790314198,,0.743183390237391,,3.7545313332229853,,1.7751733774784952,,4.702740926295519,,8.0,0.1184399276971817,8.054706268012524e-05,0.004298410029150546,2.60209321975708,0.15030141174793243,0.9542945623397827,0.12413781881332397,0.0008920552209019661,0.32644253969192505,0.1934717446565628,0.0061226836405694485,8192,0.5374806523323059,5.194705009460449,0.005514068529009819,45580288,48995,22256,1391,-5.0800323,0.015725058066891506,0.005789403128437698,-6.129000523686409,-4.982482,0.004535220266552642,0.004186116102937376,-5.780128610134125,,,0.95,0.9,none,8.624947667824571,6.65140376023453,0.16957051798634704,0.0,-54.781982,2544.7874874429217,-5.0800323
279,1784839064.4948213,,8.0,,8.0,,6.0,,6.0,,10.0,,10.0,,1.0,,1.0,,4.0,,4.0,,2.0,,2.0,,5.0,,5.0,,8.0,,8.0,,7.90040715970099,,5.76264601200819,,9.516058934852481,,0.8144106008112431,,3.9475330654531717,,1.9444074612110853,,4.779645290924236,,7.75,0.06393196433782578,-0.003738432889804244,0.004749462226754986,2.6076270639896393,0.1589941680431366,0.8965908288955688,0.11736647039651871,0.22654575109481812,0.1885240226984024,0.23711766302585602,0.006068512797355652,8192,0.585545539855957,5.301888942718506,0.008251436986029148,45744128,49174,22336,1396,3.9964943,0.007471050762978848,0.0067131111180060545,-6.096408215165138,-9.802887,0.005051215777348262,0.0030069027881836517,-5.808979177474976,,,0.95,0.9,none,7.414329351256415,5.493794649163171,0.20370776956452513,0.0,-60.317455,2579.978071239665,3.9964943
280,1784839128.8939333,,8.0,,8.0,,6.0,,6.0,,10.0,,10.0,,1.0,,1.0,,4.0,,4.0,,2.0,,2.0,,5.0,,5.0,,8.0,,8.0,,7.391846649348736,,5.274214083328843,,9.177911659702659,,0.8490848178043962,,3.650010976009071,,1.7217517637764104,,4.6257827412337065,,7.25,0.05023611709475517,0.00011956744128838181,0.000992560355371097,2.60953526198864,0.09487654268741608,0.8725181221961975,0.07272380590438843,0.8551803827285767,0.13570161163806915,0.2920076847076416,0.009011294692754745,8192,0.4458264708518982,4.992575645446777,0.012654057703912258,45907968,49343,22416,1401,-16.263866,0.011425807781051844,0.004668686403601896,-6.055445453524589,-18.123392,0.00751638207148062,0.004999653950653738,-5.808772704005241,,,0.95,0.9,none,8.841677356076055,6.6165158016977115,0.25115549276675436,0.0,-57.569374,2544.1391903151502,-16.263866
281,1784839192.2295914,,8.0,,8.0,,6.0,,6.0,,10.0,,10.0,,1.0,,1.0,,4.0,,4.0,,2.0,,2.0,,5.0,,5.0,,8.0,,8.0,,7.285803623497486,,5.862464024685323,,9.381884511560202,,0.8286209679208696,,3.7046143729239702,,1.617662132717669,,4.656029496341944,,7.625,0.08858916163444519,-7.902010111138225e-06,0.002219250516645843,2.616894319653511,0.13123254477977753,0.8077568411827087,0.0782565101981163,-0.018604779615998268,0.23951156437397003,0.2251664102077484,0.0039533344097435474,8192,0.5281120538711548,5.1202592849731445,0.0033721693325787783,46071808,49598,22496,1406,-53.85961,0.0220775565772783,0.0029545197277911937,-6.1776296347379684,-9.900723,0.002843832361395471,0.006740443484159186,-5.80140235722065,,,0.95,0.9,none,9.067897987983269,7.516188713240536,0.1641875592021142,0.0,-79.19596,2586.8478747935906,-53.85961
282,1784839254.3672738,,8.0,,8.0,,6.0,,6.0,,10.0,,10.0,,1.0,,1.0,,4.0,,4.0,,2.0,,2.0,,5.0,,5.0,,8.0,,8.0,,8.129018642008305,,6.011551342904568,,9.676125813275576,,1.2077230743598193,,3.793983854819089,,1.9641930563375354,,4.78840640746057,,7.875,0.07431329041719437,5.365576362237334e-05,0.0018843879624910187,2.621540166437626,0.12603724002838135,0.8727613687515259,0.10556506365537643,0.8404521942138672,0.19467197358608246,0.17166301608085632,0.005043170414865017,8192,0.5860193371772766,5.430750370025635,0.0069811465218663216,46235648,49778,22576,1411,-16.175983,0.0205972139374353,0.007679231454676483,-6.208948242664337,-10.449893,0.003779970795585541,0.006526563613442704,-5.8094527423381805,,,0.95,0.9,none,11.05876334811056,7.379320803651746,0.167003609052312,0.0,-96.462845,2636.7247793324186,-16.175983
283,1784839317.9931095,,8.0,,8.0,,6.0,,6.0,,10.0,,10.0,,1.0,,1.0,,4.0,,4.0,,2.0,,2.0,,5.0,,5.0,,8.0,,8.0,,7.713601579423994,,5.579143697861582,,9.569235600531101,,0.8033291804604232,,3.677687806019094,,1.935219282284379,,4.606126967817545,,7.5,0.27244797348976135,0.0001694559759926051,0.023669142392463982,2.6269674226641655,0.08267252892255783,0.7924947738647461,0.0643620640039444,-0.4343229830265045,0.6322439312934875,0.343891978263855,0.006434738636016846,8192,0.5150856375694275,5.173043251037598,0.017352303490042686,46399488,49950,22656,1416,12.548048,0.00793634950532578,0.010859052874729968,-6.209140115976334,-3.85388,0.005460799824504647,0.0056634246502653696,-5.798089310526848,,,0.95,0.9,none,8.476806090592948,7.171122610761758,0.29241533255363056,0.0,-66.93193,2575.0551299064887,12.548048
284,1784839381.0034852,,8.0,,8.0,,6.0,,6.0,,10.0,,10.0,,1.0,,1.0,,4.0,,4.0,,2.0,,2.0,,5.0,,5.0,,8.0,,8.0,,7.897846759296954,,5.779526799917221,,9.417333737015724,,1.0176220391876996,,4.0998675571754575,,1.9997888868674636,,4.727162262424827,,7.9375,0.12130284309387207,-0.0029296035645529628,0.00494763400638476,2.6335284411907196,0.129559725522995,0.7877073884010315,0.10236995667219162,0.18912801146507263,0.28458449244499207,0.17537546157836914,0.004421524703502655,8192,0.5986257791519165,5.359580993652344,0.009202892892062664,46563328,50120,22736,1421,3.8638566,0.0061699883284745734,0.009144466840371023,-6.148128381371498,-14.861099,0.0055902035252074714,0.004961121264568646,-5.766074311733246,,,0.95,0.9,none,7.891554242739026,5.968741553767659,0.20087247441128753,0.0,-77.03355,2600.2074823090356,3.8638566
285,1784839445.105698,,8.0,,8.0,,6.0,,6.0,,10.0,,10.0,,1.0,,1.0,,4.0,,4.0,,2.0,,2.0,,5.0,,5.0,,8.0,,8.0,,8.213510617613792,,6.000124462181702,,9.645838474854827,,1.017091527581215,,3.808625957928598,,2.104342124424875,,4.761287225410342,,8.125,0.0991855040192604,1.105328556150198e-05,0.00310331907166983,2.6367707177996635,0.10666827857494354,0.7625739574432373,0.06721602380275726,0.02655506506562233,0.25600194931030273,0.2813867926597595,0.007422340102493763,8192,0.6052049994468689,5.459476947784424,0.010376130230724812,46727168,50285,22816,1426,2.7451262,0.0072394364848150875,0.006666373921325431,-6.165354129672051,-10.225656,0.005008095817902358,0.0039144586633483415,-5.7529379457235335,,,0.95,0.9,none,7.625585281478012,7.391416571043794,0.14083662191601354,0.0,-54.45936,2555.916954773473,2.7451262
286,1784839507.2727902,,8.0,,8.0,,6.0,,6.0,,10.0,,10.0,,1.0,,1.0,,4.0,,4.0,,2.0,,2.0,,5.0,,5.0,,8.0,,8.0,,7.97220334969461,,5.662495450116694,,9.589775629341602,,0.7822653967887163,,3.6318960785865784,,1.946206423890544,,4.711333319079131,,7.6875,0.06714613735675812,-0.0020543310383800417,0.002583380974101601,2.643187552690506,0.0981455147266388,0.8713738918304443,0.06726410984992981,0.031761910766363144,0.163670614361763,0.30464738607406616,0.00986604392528534,8192,0.5556353330612183,5.247959136962891,0.020735319703817368,46891008,50453,22896,1431,-5.95053,0.010666507482528686,0.006424790533492342,-6.163725489377976,-3.7551105,0.00702848463843111,0.006340932513558073,-5.743194448947906,,,0.95,0.9,none,7.875487654445169,6.534160216535573,0.20361437172026153,0.0,-88.67792,2635.4776843658797,-5.95053
287,1784839570.0995448,,8.0,,8.0,,6.0,,6.0,,10.0,,10.0,,1.0,,1.0,,4.0,,4.0,,2.0,,2.0,,5.0,,5.0,,8.0,,8.0,,8.131124671548605,,5.824449157342315,,9.410896610468626,,0.8267852528952062,,3.9324000030755997,,2.102168728830293,,4.825204076034424,,7.4375,0.14557352662086487,-1.0842573828995228e-05,0.007716759675531648,2.644798494875431,0.16170457005500793,0.8143832087516785,0.16089807450771332,0.0733824148774147,0.34142088890075684,0.2764739692211151,0.012408442795276642,8192,0.5494359135627747,5.31131649017334,0.0790252685546875,47054848,50632,22976,1436,-43.783344,0.016693566174944864,0.005143413570476696,-6.150243872404099,-10.986205,0.00579689467776916,0.0035028759557462763,-5.791185280680656,,,0.95,0.9,none,8.981341591306055,8.539068379272988,0.15675829398185376,0.0,-75.56451,2607.806213620633,-43.783344
288,1784839632.6974256,,8.0,,8.0,,6.0,,6.0,,10.0,,10.0,,1.0,,1.0,,4.0,,4.0,,2.0,,2.0,,5.0,,5.0,,8.0,,8.0,,7.423295576125383,,5.708128205384128,,9.456589192152023,,0.8216404998674989,,3.995221080898773,,1.9275249425554648,,4.781239364761859,,7.75,0.14663657546043396,-0.0005127647309564054,0.010968973554554395,2.649037778377533,0.21579980850219727,0.8953045010566711,0.1863040328025818,-0.14866988360881805,0.371842622756958,0.3792584240436554,0.018306763842701912,8192,0.5688113570213318,5.232954502105713,0.005944357719272375,47218688,50798,23056,1441,12.128678,0.008906385878799484,0.007270316868380177,-6.159463775157929,-0.5305497,0.007474455675401259,0.003293689402198652,-5.7846576303243635,,,0.95,0.9,none,8.103772285531306,5.266693938914709,0.21211748462159458,0.0,-74.47845,2617.3409434021264,12.128678
289,1784839696.3500316,,8.0,,8.0,,6.0,,6.0,,10.0,,10.0,,1.0,,1.0,,4.0,,4.0,,2.0,,2.0,,5.0,,5.0,,8.0,,8.0,,7.821685029193759,,6.1796874245628715,,9.635988398920745,,1.01668963721022,,4.043632611632347,,1.8251122310757637,,4.768725911155343,,7.8125,0.09883946925401688,-0.0009253883035853505,0.006598872096219566,2.6486379876732826,0.0668293759226799,0.7714752554893494,0.05071638897061348,0.14732028543949127,0.2579752206802368,0.33376196026802063,0.011272286996245384,8192,0.5867059826850891,5.388002395629883,0.006790610495954752,47382528,50967,23136,1446,7.704732,0.012096884081256577,0.0038356623699655756,-6.157773557305336,-10.832119,0.005741874901286792,0.004562148597324267,-5.771058982610702,,,0.95,0.9,none,8.524098303936986,7.375193392324611,0.15113725824821947,0.0,-50.33521,2573.9721032193825,7.704732
290,1784839758.460726,,8.0,,8.0,,6.0,,6.0,,10.0,,10.0,,1.0,,1.0,,4.0,,4.0,,2.0,,2.0,,5.0,,5.0,,8.0,,8.0,,8.589072054252028,,6.462757397443056,,9.798837600275874,,1.29584501683712,,4.10329167637974,,2.244381034746766,,4.931541378551628,,8.5,0.05263446271419525,0.00016416970174759626,0.0036842192384938244,2.653131105005741,0.11542396247386932,0.9682899117469788,0.14045344293117523,0.0821002796292305,0.13578325510025024,0.3251454830169678,0.009647704660892487,8192,0.5071669816970825,5.740715503692627,0.006748981308192015,47546368,51130,23216,1451,1.8091701,0.007005274725088384,0.007075006524974015,-6.137586879730224,-24.476967,0.005111048925027717,0.008016629041230771,-5.810590639710426,,,0.95,0.9,none,8.148747633600369,7.696489330161296,0.27091374293043236,0.0,-77.44785,2637.8705104638543,1.8091701
291,1784839820.6700418,,8.0,,8.0,,6.0,,6.0,,10.0,,10.0,,1.0,,1.0,,4.0,,4.0,,2.0,,2.0,,5.0,,5.0,,8.0,,8.0,,7.874639919027686,,5.76728555932641,,9.626490026712418,,1.0151631315238774,,4.030703795608133,,1.9521738746552728,,4.828452660236508,,8.125,0.06266158074140549,-0.00032436547917313874,0.00613109761980013,2.656445689499378,0.10738200694322586,0.7856494188308716,0.07799647003412247,0.1383924037218094,0.20395244657993317,0.2648710012435913,0.006901903077960014,8192,0.6159808039665222,5.402488708496094,0.013136520981788635,47710208,51291,23296,1456,-4.349334,0.008079621428623795,0.007048524529818678,-6.098991021513939,2.4102101,0.004553860496525885,0.007226664904737845,-5.772808760404587,,,0.95,0.9,none,7.268197063709995,7.015877296622442,0.15044616866203334,0.0,-84.87915,2633.689057474381,-4.349334
292,1784839885.173354,,8.0,,8.0,,6.0,,6.0,,10.0,,10.0,,1.0,,1.0,,4.0,,4.0,,2.0,,2.0,,5.0,,5.0,,8.0,,8.0,,7.803298373706639,,6.139700402505696,,9.659582559019327,,1.047599057026673,,3.953976133838296,,1.9044528272934258,,4.734007497667335,,8.0625,0.06278813630342484,-0.0013087587431073189,0.003908523583959322,2.658357173204422,0.11771190166473389,0.930147111415863,0.09059026837348938,0.15859375894069672,0.18727952241897583,0.24064619839191437,0.01023835875093937,8192,0.5998556017875671,5.413139820098877,0.006763397715985775,47874048,51460,23376,1461,3.6529489,0.007100893466849811,0.007852895957330474,-6.076772132515908,-0.26355878,0.0044434780764277095,0.005090095549530815,-5.7617216378450395,,,0.95,0.9,none,7.905750948426518,6.921047459766368,0.1619160814421316,0.0,-47.937035,2540.0245949496034,3.6529489
293,1784839948.2778585,,8.0,,8.0,,6.0,,6.0,,10.0,,10.0,,1.0,,1.0,,4.0,,4.0,,2.0,,2.0,,5.0,,5.0,,8.0,,8.0,,7.617135670618154,,5.530719997361302,,9.458326071500778,,0.9093076470308006,,3.702606593258679,,1.7880701899994165,,4.6459849793463945,,7.5,0.15163256227970123,-0.0008843533578328788,0.012977817270439118,2.660920485854149,0.17655761539936066,0.7986305952072144,0.09279438108205795,0.07121542096138,0.39559972286224365,0.18172818422317505,0.007051064632833004,8192,0.5270906686782837,5.14401912689209,0.013828549534082413,48037888,51625,23456,1466,-6.947005,0.009676616017532069,0.008726552450389136,-6.079949873685837,-7.3044534,0.004672896700503771,0.008438657940132543,-5.7476037502288815,,,0.95,0.9,none,8.7233352369112,7.688088576582663,0.2178436829948675,0.0,-76.6904,2596.3281717684717,-6.947005
294,1784840012.181491,,8.0,,8.0,,6.0,,6.0,,10.0,,10.0,,1.0,,1.0,,4.0,,4.0,,2.0,,2.0,,5.0,,5.0,,8.0,,8.0,,8.478221613913774,,6.25562334433198,,9.931060687173158,,1.197029886301607,,4.221473766257986,,2.283233412541449,,4.889967883937061,,8.5,0.026361726224422455,-0.0002623729524202645,0.002558189940828015,2.663437880575657,0.09694100171327591,0.8640755414962769,0.06849977374076843,0.08260203152894974,0.06518915295600891,0.19611819088459015,0.011326431296765804,8192,0.5025398135185242,5.719576358795166,0.016293112188577652,48201728,51804,23536,1471,13.014137,0.007802664431801531,0.010810604631114985,-6.027538710832596,-50.64871,0.007620034430874512,0.0035504089733876753,-5.713040763139725,,,0.95,0.9,none,9.507162937086704,6.007877490888006,0.2811064405343804,0.0,-60.177197,2563.862468583921,13.014137
295,1784840076.7541819,,8.0,,8.0,,6.0,,6.0,,10.0,,10.0,,1.0,,1.0,,4.0,,4.0,,2.0,,2.0,,5.0,,5.0,,8.0,,8.0,,7.894682599231601,,5.985518433153629,,9.561462428420782,,0.8043290572240949,,3.9875061900820583,,1.6761843785643578,,4.776723749935627,,8.0625,0.09125394374132156,-0.0006574422004632652,0.002681542708160123,2.6663350835442543,0.04357350245118141,0.779478132724762,0.029500233009457588,0.09472452104091644,0.24659107625484467,0.23699019849300385,0.012106318026781082,8192,0.5775071382522583,5.343613624572754,0.006189304403960705,48365568,51969,23616,1476,-6.097007,0.008748266365728341,0.005224421806633473,-6.048294597864151,-1.382541,0.004559235012129648,0.004026220625382848,-5.677643990516662,,,0.95,0.9,none,7.59980224882367,6.855132371676388,0.1910563066234413,0.0,-78.162155,2537.2935775647384,-6.097007
296,1784840141.0178964,,8.0,,8.0,,6.0,,6.0,,10.0,,10.0,,1.0,,1.0,,4.0,,4.0,,2.0,,2.0,,5.0,,5.0,,8.0,,8.0,,7.714834700571373,,5.3379374532960355,,9.600891899783164,,0.8168679997324944,,3.5888190641999245,,1.9589676747564226,,4.755907669663429,,7.5,0.12839803099632263,-0.0012692370219156146,0.004783984593814239,2.6735666170716286,0.09786497056484222,0.8793458938598633,0.06795664876699448,0.11055546253919601,0.3410469591617584,0.23720575869083405,0.008580287918448448,8192,0.5141600370407104,5.15927791595459,0.007749973330646753,48529408,52134,23696,1481,-8.619434,0.00829444991541095,0.009759182053676341,-6.041611975431442,-11.705197,0.004500570501841139,0.00572752080988721,-5.6267346233129505,,,0.95,0.9,none,9.182695260839742,7.0561791121105255,0.19028657271082516,0.0,-61.789864,2549.4947693175054,-8.619434
297,1784840204.9985554,,8.0,,8.0,,6.0,,6.0,,10.0,,10.0,,1.0,,1.0,,4.0,,4.0,,2.0,,2.0,,5.0,,5.0,,8.0,,8.0,,7.564146127551794,,5.958828742848709,,9.324545819312334,,0.9709009630605578,,4.00666656170506,,1.7655273112468421,,4.7017056765034795,,7.5,0.07972530275583267,-0.005452899378724396,0.003305228161480045,2.676682688295841,0.11317551881074905,0.8368699550628662,0.08219980448484421,0.18805275857448578,0.1991705447435379,0.3058183789253235,0.008195578120648861,8192,0.571959376335144,5.2240400314331055,0.008165371604263783,48693248,52298,23776,1486,-58.173687,0.016218749585095792,0.005205898085841909,-5.986332184076309,-4.518648,0.0042083803542482204,0.006177121302607702,-5.674239233136177,,,0.95,0.9,none,8.429111686444111,6.979026917424369,0.21277814321741628,0.0,-64.810165,2560.773919695174,-58.173687
298,1784840268.5806596,,8.0,,8.0,,6.0,,6.0,,10.0,,10.0,,1.0,,1.0,,4.0,,4.0,,2.0,,2.0,,5.0,,5.0,,8.0,,8.0,,7.566734787076712,,5.680153261870146,,9.36060979962349,,0.9458048286032863,,3.844021442811936,,1.8520560897886753,,4.772530818358064,,8.0625,0.07743974030017853,-0.000929156260099262,0.0047642544013797306,2.6813293769955635,0.11845871061086655,0.8830888271331787,0.10809149593114853,0.1189723014831543,0.20886854827404022,0.23204326629638672,0.008729987777769566,8192,0.5732406973838806,5.260551452636719,0.00662428280338645,48857088,52463,23856,1491,-7.8953285,0.008235841222631279,0.006113630341133103,-5.969454354047775,-3.9515102,0.004310962776071392,0.004859542837948538,-5.642386344075203,,,0.95,0.9,none,7.797229911553603,6.788658580573781,0.1381789664149341,0.0,-58.78011,2576.8255583917467,-7.8953285
299,1784840332.4995952,,8.0,,8.0,,6.0,,6.0,,10.0,,10.0,,1.0,,1.0,,4.0,,4.0,,2.0,,2.0,,5.0,,5.0,,8.0,,8.0,,7.727009599329904,,5.508014642633498,,9.34925041650422,,0.935456020757556,,3.822592500713654,,1.789129005628638,,4.682915134355426,,7.6875,0.11096195876598358,-0.0004868259420618415,0.0044997254881309345,2.687468707561493,0.08064747601747513,0.8359352946281433,0.06394137442111969,0.026430610567331314,0.2722502648830414,0.2550058364868164,0.007082005962729454,8192,0.5606256127357483,5.1877336502075195,0.024058880284428596,49020928,52624,23936,1496,11.757896,0.007383303320966661,0.008064612159796525,-5.950728636980057,-0.40547958,0.004817019271285972,0.0028110115774325093,-5.624149295687675,,,0.95,0.9,none,7.660218974762941,7.009861511349913,0.17706210709573164,0.0,-65.77738,2563.247636116667,11.757896
300,1784840394.5988944,,8.0,,8.0,,6.0,,6.0,,10.0,,10.0,,1.0,,1.0,,4.0,,4.0,,2.0,,2.0,,5.0,,5.0,,8.0,,8.0,,7.839383252430707,,6.262922461843118,,9.621867932379246,,1.0893353270366788,,3.847443520091474,,2.0699265524744987,,4.77545128390193,,8.125,0.10788142681121826,-0.0016866136866156012,0.0088572323002154,2.691400609910488,0.10271038860082626,0.7625226378440857,0.14205022156238556,0.14171218872070312,0.28116413950920105,0.33990126848220825,0.00907841231673956,8192,0.5664036273956299,5.453916549682617,0.01737300306558609,49184768,52788,24016,1501,-9.206593,0.007802350119163748,0.005211058794520796,-5.954580825567246,-20.048212,0.004377743157965597,0.005331394761014963,-5.611221212148666,,,0.95,0.9,none,7.245701479348969,7.602677779055165,0.1709075254932822,0.0,-71.24774,2638.3541599285827,-9.206593
301,1784840456.5781748,,8.0,,8.0,,6.0,,6.0,,10.0,,10.0,,1.0,,1.0,,4.0,,4.0,,2.0,,2.0,,5.0,,5.0,,8.0,,8.0,,8.31243989057839,,5.911601012572646,,9.704082327894866,,1.2808830398134887,,4.228891898412257,,2.298972027376294,,4.7903431272134185,,8.25,0.0906565934419632,-0.004878108040429652,0.009556870165397413,2.693427063524723,0.0572463795542717,0.7317599654197693,0.05263174697756767,0.0453324168920517,0.2663798928260803,0.24383914470672607,0.011442519724369049,8192,0.5851729512214661,5.597152233123779,0.03833145648241043,49348608,52954,24096,1506,-7.555295,0.006136308329587337,0.007099184063554276,-5.93580595254898,-11.092252,0.005478845929610543,0.004555090510984882,-5.620692560076714,,,0.95,0.9,none,7.825004648384658,7.592913779793413,0.19591935019243584,0.0,-76.814415,2643.4648148147508,-7.555295
302,1784840518.6399565,,8.0,,8.0,,6.0,,6.0,,10.0,,10.0,,1.0,,1.0,,4.0,,4.0,,2.0,,2.0,,5.0,,5.0,,8.0,,8.0,,7.568936727941036,,5.8160539055243134,,9.408672731369734,,0.9529076907783747,,3.8529378867242485,,2.082688221242279,,4.7605359414592385,,7.6875,0.12834616005420685,-0.006219576462171972,0.011427978388383053,2.6962871998548508,0.07474447041749954,0.771935224533081,0.07388047873973846,-0.0677342563867569,0.3334008753299713,0.28849783539772034,0.01441156305372715,8192,0.5626122355461121,5.2662787437438965,0.014093133620917797,49512448,53119,24176,1511,4.587426,0.007055412443878595,0.005620379735046299,-5.89594437777996,-3.571465,0.0047566180117428304,0.00415894639590988,-5.640256580710411,,,0.95,0.9,none,7.1440109584504565,6.91839325326176,0.189068205175665,0.0,-72.87624,2639.949157679122,4.587426
303,1784840581.562967,,8.0,,8.0,,6.0,,6.0,,10.0,,10.0,,1.0,,1.0,,4.0,,4.0,,2.0,,2.0,,5.0,,5.0,,8.0,,8.0,,8.350025133229792,,6.1332693081349134,,9.806666573509574,,1.069098972424399,,4.001164655433968,,2.065732876653783,,4.770038725808263,,8.0,0.1293601244688034,8.034281199797988e-05,0.00684689414629247,2.6984568014740944,0.27598297595977783,0.9433510899543762,0.18808892369270325,-0.11704753339290619,0.315285861492157,0.33901679515838623,0.02220281772315502,8192,0.5936717391014099,5.524499416351318,0.011884459294378757,49676288,53296,24256,1516,10.380941,0.009147530776681378,0.006058826512889937,-5.864445000886917,-30.141891,0.007854943905840628,0.003880415605090093,-5.6350430130958555,,,0.95,0.9,none,6.677685010706185,7.3018819079961474,0.14686692073862878,0.0,-57.471386,2603.8171084281994,10.380941
304,1784840644.4855983,,8.0,,8.0,,6.0,,6.0,,10.0,,10.0,,1.0,,1.0,,4.0,,4.0,,2.0,,2.0,,5.0,,5.0,,8.0,,8.0,,8.648369799368083,,6.257285987037903,,9.651904173311777,,1.2510829232633114,,4.408794954419136,,2.172381928190589,,4.920376252382994,,8.375,0.09140627086162567,-0.0017115229275077581,0.003657151071820408,2.7005263715982437,0.07685347646474838,0.8573718070983887,0.06356994062662125,0.23084396123886108,0.2305665761232376,0.30112946033477783,0.021365340799093246,8192,0.49847015738487244,5.710649490356445,0.01100099552422762,49840128,53460,24336,1521,-16.60957,0.009446697983366902,0.005168900128046517,-5.844397553801537,-22.652065,0.006837429836741649,0.0041847638713079505,-5.650106656551361,,,0.95,0.9,none,6.764523362208057,6.437987337469634,0.19533618015766252,0.0,-52.598347,2603.8324835062585,-16.60957
305,1784840694.9639108,,8.0,,8.0,,6.0,,6.0,,10.0,,10.0,,1.0,,1.0,,4.0,,4.0,,2.0,,2.0,,5.0,,5.0,,8.0,,8.0,,7.670375833287835,,5.708864960819483,,9.380616828799248,,0.8458873615600169,,3.8158045262098312,,1.9263059816039458,,4.6491931532509625,,7.625,0.09864182770252228,-0.004306281916797161,0.012817970680771396,2.70000022649765,0.08139551430940628,0.8557524085044861,0.06242934986948967,-0.012725288048386574,0.28815609216690063,0.21530947089195251,0.013377007097005844,8192,0.5908806324005127,5.202755928039551,0.00799552071839571,49971200,53592,24400,1525,-35.78338,0.012893326324410736,0.005489207977370824,-5.826545855402946,-19.883402,0.004573746046662564,0.006273519650130765,-5.654927998781204,,,0.95,0.9,none,7.858410799319737,6.9960112027633174,0.19618146163032518,0.0,-61.87803,3245.7505290084673,-35.78338
