# _tick,_time,plr_track_ground_roughness,track_ground_roughness,plr_track_student_ground_roughness,track_student_ground_roughness,plr_track_pit_gap_low,track_pit_gap_low,plr_track_student_pit_gap_low,track_student_pit_gap_low,plr_track_pit_gap_high,track_pit_gap_high,plr_track_student_pit_gap_high,track_student_pit_gap_high,plr_track_stump_height_low,track_stump_height_low,plr_track_student_stump_height_low,track_student_stump_height_low,plr_track_stump_height_high,track_stump_height_high,plr_track_student_stump_height_high,track_student_stump_height_high,plr_track_stair_height_low,track_stair_height_low,plr_track_student_stair_height_low,track_student_stair_height_low,plr_track_stair_height_high,track_stair_height_high,plr_track_student_stair_height_high,track_student_stair_height_high,plr_track_stair_steps,track_stair_steps,plr_track_student_stair_steps,track_student_stair_steps,plr_track_ued_ground_roughness,track_ued_ground_roughness,plr_track_ued_pit_gap_low,track_ued_pit_gap_low,plr_track_ued_pit_gap_high,track_ued_pit_gap_high,plr_track_ued_stump_height_low,track_ued_stump_height_low,plr_track_ued_stump_height_high,track_ued_stump_height_high,plr_track_ued_stair_height_low,track_ued_stair_height_low,plr_track_ued_stair_height_high,track_ued_stair_height_high,plr_track_ued_stair_steps,track_ued_stair_steps,mean_env_return,adversary_env_pg_loss,adversary_env_value_loss,adversary_env_dist_entropy,dces_l_pi,dces_l_delta,dces_l_tot,dces_q_delta,dces_q_delta_std,dces_w1,dces_w2,dces_buf,dces_c_std,dces_c_absmean,dces_reg_std,steps,total_episodes,total_seeds,total_student_grad_updates,mean_agent_return,agent_value_loss,agent_pg_loss,agent_dist_entropy,mean_adversary_agent_return,adversary_value_loss,adversary_pg_loss,adversary_dist_entropy,kl_loss_advagent_agent,kl_loss_agent_advagent,dps_lambda_skill,dps_lambda_target,dps_mode,agent_grad_norm,adversary_grad_norm,adversary_env_grad_norm,solved_rate:BipedalWalker-MADS-Hard-Eval-v0,test_returns:BipedalWalker-MADS-Hard-Eval-v0,sps,target_agent_return
0,1784881283.0301244,,8.0,,8.0,,6.0,,6.0,,10.0,,10.0,,1.0,,1.0,,4.0,,4.0,,2.0,,2.0,,5.0,,5.0,,8.0,,8.0,,7.803630894777598,,5.882041091463179,,9.662797892466187,,0.9452086293604225,,3.825056070345454,,1.7730082497000694,,4.797878487501293,,7.6875,-2.561137080192566e-09,-0.012852146406657994,0.030756425112485886,1.4160617366433144,1.002565622329712,0.0,0.9860313534736633,0.05085702985525131,0.0017446154961362481,0.7350656390190125,0.6192724108695984,16,0.41525188088417053,5.297140598297119,0.2788015604019165,32768,136,16,1,-135.90807,0.067861825437285,-0.0027109306553029454,5.664332655072212,-111.19733,0.22847696747630836,-0.0018877052192692646,5.664652913808823,,,0.95,0.9,both,0.37312295961614517,0.37735836703340064,0.9478455892812833,0.0,-153.60464,2061.3988676891954,-135.90807
1,1784881358.7023678,,8.0,,8.0,,6.0,,6.0,,10.0,,10.0,,1.0,,1.0,,4.0,,4.0,,2.0,,2.0,,5.0,,5.0,,8.0,,8.0,,8.912579212337732,,6.974073491990566,,10.0,,1.4727559369057417,,4.418899950571358,,2.4541718512773514,,5.0,,9.0,-9.313225746154785e-10,0.0010952214361168444,0.2443907706765458,1.4076604954898357,0.9543019533157349,0.9346814751625061,0.905116081237793,-0.03138045594096184,0.00023264736228156835,0.7518405914306641,0.6413732767105103,96,0.04967808350920677,6.029059886932373,0.04879109933972359,196608,755,96,6,-115.515854,0.035606489900965245,-0.0035995328187709676,5.6160090893507,-126.08866,0.05816970765590668,-0.0035078355635050685,5.677745565772057,,,0.95,0.9,both,0.2786275316199546,0.25538860421448417,2.479838420898586,0.0,-117.60732,2165.1273692687005,-115.515854
2,1784881433.4112885,,8.0,,8.0,,6.0,,6.0,,10.0,,10.0,,1.0,,1.0,,4.0,,4.0,,2.0,,2.0,,5.0,,5.0,,8.0,,8.0,,8.705761769902892,,6.706566795706749,,9.988507238216698,,1.4418020732700825,,4.379520645976299,,2.440978607162833,,4.974700270220637,,8.625,-6.984919309616089e-10,0.001927082019392401,0.007793380700604757,1.4059690721333027,0.9512321949005127,0.9339743256568909,0.9384002089500427,0.022764600813388824,0.0036551766097545624,0.8604225516319275,0.627966582775116,176,0.22112604975700378,5.907855033874512,0.02990119718015194,360448,1053,176,11,-121.95693,0.03737593638943508,-0.0027093855213024655,5.553755182027817,-132.15675,0.019636628282023595,-0.003462472214596346,5.586031514406204,,,0.95,0.9,both,0.2876254753404392,0.19653630240212489,1.22501351696173,0.0,-134.07425,2193.045074880817,-121.95693
3,1784881509.6942127,,8.0,,8.0,,6.0,,6.0,,10.0,,10.0,,1.0,,1.0,,4.0,,4.0,,2.0,,2.0,,5.0,,5.0,,8.0,,8.0,,8.875573016703129,,6.739739293814637,,10.0,,1.3948714598082006,,4.406060599256307,,2.3727637846022844,,4.972045229747891,,8.9375,0.0,0.0007984038675203919,0.02668282194645144,1.3954977840185165,0.8757109642028809,0.9321640133857727,0.7994213700294495,-0.010748893022537231,0.004239292349666357,1.0911072492599487,0.5522547960281372,256,0.18081913888454437,5.9623188972473145,0.01680894009768963,524288,1346,256,16,-133.62384,0.02107544637983665,-0.004686791264975909,5.425647160410881,-128.44775,0.010920125275151803,-0.0036333572017611003,5.489525929093361,,,0.95,0.9,both,0.3131982740621624,0.275699540832686,1.3162465546127222,0.0,-125.12178,2147.7940019641815,-133.62384
4,1784881585.8062642,,8.0,,8.0,,6.0,,6.0,,10.0,,10.0,,1.0,,1.0,,4.0,,4.0,,2.0,,2.0,,5.0,,5.0,,8.0,,8.0,,8.58176336158067,,6.251383854250889,,9.970594377839006,,1.200622039148584,,4.144858110928908,,2.2606826769770123,,4.917189395055175,,8.75,-2.3283064365386963e-10,-0.0021146231738384813,0.0326203504082514,1.3989370986819267,0.6898583769798279,0.9280780553817749,0.45164817571640015,0.00011669355444610119,0.008450581692159176,1.5158236026763916,0.4631704092025757,336,0.326935350894928,5.759636878967285,0.02697058953344822,688128,1600,336,21,-120.42332,0.01248134303605184,-0.0049669364292640236,5.181585848331451,-109.00458,0.0241179556818679,-0.0031062782276421786,5.281873676180839,,,0.95,0.9,both,0.35743491269577543,0.3103914479663259,1.0991280430425971,0.0,-117.2584,2152.6155575778057,-120.42332
5,1784881661.227676,,8.0,,8.0,,6.0,,6.0,,10.0,,10.0,,1.0,,1.0,,4.0,,4.0,,2.0,,2.0,,5.0,,5.0,,8.0,,8.0,,8.856449073180556,,6.8374688271433115,,9.994995364453644,,1.4777284674346447,,4.405053422786295,,2.401880875695497,,5.0,,8.9375,-9.313225746154785e-10,-0.000227262731641531,0.02966564330563415,1.4055646024644375,0.6238866448402405,0.9258336424827576,0.3848017454147339,0.009021643549203873,0.022706350311636925,1.8438560962677002,0.4214906096458435,416,0.14658202230930328,5.988884449005127,0.036639586091041565,851968,1852,416,26,-117.5544,0.017160043661715463,-0.003370854812237667,4.951052832603454,-116.04292,0.021952140994835646,-0.001907181041315198,5.045304080843925,,,0.95,0.9,both,0.3744755282582871,0.35125022424321095,1.5792860112160834,0.0,-122.95547,2172.3278630090476,-117.5544
6,1784881735.2468424,,8.0,,8.0,,6.0,,6.0,,10.0,,10.0,,1.0,,1.0,,4.0,,4.0,,2.0,,2.0,,5.0,,5.0,,8.0,,8.0,,8.047491257777438,,5.831967257428914,,9.621396595844999,,0.8882309874716157,,3.8979621920734644,,1.7872113306075335,,4.734537562355399,,7.75,-2.3283064365386963e-10,-2.3619330022484064e-05,0.0008002562335605035,1.4010430164635181,0.6140506863594055,0.9247574210166931,0.35968270897865295,0.008140024729073048,0.053154852241277695,1.5577048063278198,0.44436419010162354,496,0.409127801656723,5.319849014282227,0.023628393188118935,1015808,2095,496,31,-116.991135,0.01457604083698243,-0.0026805369270732626,4.717044702172279,-110.06417,0.01867120193783194,-0.0028930017128004693,4.810897296667099,,,0.95,0.9,both,0.4432095661436689,0.40831293839254135,0.45573930709106747,0.0,-114.67696,2213.480772075813,-116.991135
7,1784881808.795438,,8.0,,8.0,,6.0,,6.0,,10.0,,10.0,,1.0,,1.0,,4.0,,4.0,,2.0,,2.0,,5.0,,5.0,,8.0,,8.0,,8.646495390217751,,6.598640667274594,,9.931316308677197,,1.3366542859002948,,4.349913238082081,,2.32343421143014,,4.977065149694681,,8.75,-2.3283064365386963e-10,-0.004177716575213708,0.004902868411591044,1.404414463788271,0.5982024669647217,0.8958881497383118,0.3704789876937866,0.0003614984452724457,0.02109363302588463,1.4250128269195557,0.4166257977485657,576,0.28839564323425293,5.864190101623535,0.03512527048587799,1179648,2357,576,36,-125.098656,0.030274602223653347,-0.003004713810514659,4.503628978133202,-107.01896,0.02583654304035008,-0.002838828705716878,4.593304139375687,,,0.95,0.9,both,0.43125816486371366,0.44501263224346765,0.9065739667519515,0.0,-93.69621,2227.641441524124,-125.098656
8,1784881879.9977899,,8.0,,8.0,,6.0,,6.0,,10.0,,10.0,,1.0,,1.0,,4.0,,4.0,,2.0,,2.0,,5.0,,5.0,,8.0,,8.0,,7.368673516903073,,5.530454847961664,,9.437011182890274,,0.8199372596573085,,3.684284580871463,,1.8203753943089396,,4.8131233509629965,,7.75,-3.725290298461914e-09,-0.003377303422894329,0.0013607442397187697,1.4054696895182133,0.43161365389823914,0.8641166090965271,0.2237650454044342,0.07494491338729858,0.0734112560749054,1.0904955863952637,0.4399092495441437,656,0.36432749032974243,5.152982234954834,0.035377707332372665,1343488,2674,656,41,-99.604454,0.02005236142431386,-0.003071522692334838,4.302722951769828,-102.27525,0.04936487595550716,-0.00219307724837563,4.394068574905395,,,0.95,0.9,both,0.5433683391251127,0.5094369900905037,0.5818752105991483,0.0,-97.43549,2301.046848063,-99.604454
9,1784881953.113337,,8.0,,8.0,,6.0,,6.0,,10.0,,10.0,,1.0,,1.0,,4.0,,4.0,,2.0,,2.0,,5.0,,5.0,,8.0,,8.0,,8.681018290575594,,6.734935674350709,,9.96839876845479,,1.2827035174705088,,4.3998608803376555,,2.353659318294376,,4.955119520484004,,8.8125,3.725290298461914e-09,0.000451810221420601,0.0019556151373762987,1.4210536517202854,0.42827481031417847,0.9204391837120056,0.27023521065711975,0.11868561804294586,0.016150647774338722,1.1557841300964355,0.4047848582267761,736,0.22063897550106049,5.898524761199951,0.06987893581390381,1507328,2984,736,46,-104.74425,0.028223621123470367,-0.002394003525841981,4.109090414643288,-104.1888,0.06663969620130956,-0.0018981761357281357,4.221163663268089,,,0.95,0.9,both,0.5717282505623359,0.5132279388635619,0.6374401038434496,0.0,-118.48026,2240.837240407538,-104.74425
10,1784882024.1519504,,8.0,,8.0,,6.0,,6.0,,10.0,,10.0,,1.0,,1.0,,4.0,,4.0,,2.0,,2.0,,5.0,,5.0,,8.0,,8.0,,8.693143878132105,,6.700692820362747,,9.921791162341833,,1.2777655425015837,,4.3318431216757745,,2.2998219287546817,,4.974621340632439,,8.75,5.820766091346741e-09,-0.003381425398401916,0.01879252771323081,1.4308844804763794,0.3862971365451813,0.9781242609024048,0.1912366896867752,0.07114839553833008,0.03988625109195709,1.0224577188491821,0.37686029076576233,816,0.23735105991363525,5.868710517883301,0.0366753488779068,1671168,3257,816,51,-121.546425,0.024492565542459488,-0.0014621389920648653,3.9457640945911407,-128.67802,0.03874918869696557,-0.001779798532515997,4.021387776732444,,,0.95,0.9,both,0.6097967379243311,0.5484540521665547,0.9704566353993938,0.0,-89.35278,2306.3509770846836,-121.546425
11,1784882097.5767288,,8.0,,8.0,,6.0,,6.0,,10.0,,10.0,,1.0,,1.0,,4.0,,4.0,,2.0,,2.0,,5.0,,5.0,,8.0,,8.0,,7.285771702998318,,5.444369756150991,,9.334787916392088,,0.6484863897785544,,3.7782616284675896,,1.7049144395859912,,4.6564659252762794,,7.4375,2.561137080192566e-09,-0.00142250643693842,0.014305671837064438,1.4346595592796803,0.49690425395965576,0.9567409157752991,0.31803572177886963,0.05062757432460785,0.04907318204641342,0.836362898349762,0.3826901912689209,896,0.3472777009010315,5.036319732666016,0.038632214069366455,1835008,3500,896,56,-82.29539,0.013673164643114433,-0.0009782440101844259,3.8039555087685586,-101.29186,0.032880252448376265,-0.0024574342707637696,3.8461689025163652,,,0.95,0.9,both,0.656721121911106,0.573599110599088,0.9269153256475804,0.0,-99.74598,2231.3992408118256,-82.29539
12,1784882172.3314123,,8.0,,8.0,,6.0,,6.0,,10.0,,10.0,,1.0,,1.0,,4.0,,4.0,,2.0,,2.0,,5.0,,5.0,,8.0,,8.0,,7.606910832691938,,5.6761864819563925,,9.418095506727695,,0.8254497037269175,,3.872690542601049,,1.7928647946682759,,4.7146920235827565,,7.6875,2.3283064365386963e-09,0.0004564609262160957,0.03243599501729477,1.432375468313694,0.39279744029045105,0.8310699462890625,0.16342203319072723,0.07309413701295853,0.044090624898672104,0.8717886209487915,0.3372788727283478,976,0.414159893989563,5.199298858642578,0.028809353709220886,1998848,3698,976,61,-106.40598,0.019899537740275263,-0.0016137889673700557,3.613944612443447,-93.23897,0.01589781271177344,-0.0026863698949455284,3.6261143729090692,,,0.95,0.9,both,0.6926724105654675,0.6521475936160595,1.0607295846149576,0.0,-101.92266,2191.701917775307,-106.40598
13,1784882245.2273674,,8.0,,8.0,,6.0,,6.0,,10.0,,10.0,,1.0,,1.0,,4.0,,4.0,,2.0,,2.0,,5.0,,5.0,,8.0,,8.0,,7.68264281982556,,5.606861508451402,,9.734298069961369,,0.9139716331847012,,3.851064709480852,,1.7918496092315763,,4.82634811475873,,8.0,-9.313225746154785e-10,-0.010229925159364939,0.053820911300135776,1.4357080832123756,0.609403133392334,0.8782758116722107,0.4783306419849396,0.06570068001747131,0.04169483110308647,0.7967939376831055,0.3469191789627075,1056,0.4321492910385132,5.30087947845459,0.04531356692314148,2162688,3941,1056,66,-81.595924,0.014610629813978449,-0.0019521394104231149,3.4338431760668753,-118.11898,0.039393765409477054,-0.0016998241269902791,3.4922607123851774,,,0.95,0.9,both,0.7391933941101009,0.6069203659326672,1.325092174606549,0.0,-105.21755,2247.5873783601546,-81.595924
14,1784882316.117189,,8.0,,8.0,,6.0,,6.0,,10.0,,10.0,,1.0,,1.0,,4.0,,4.0,,2.0,,2.0,,5.0,,5.0,,8.0,,8.0,,7.249241367913783,,5.243490893393755,,9.217417620588094,,0.6664040107280016,,3.765089711174369,,1.6804381916299462,,4.6470920434221625,,7.125,1.3969838619232178e-09,-8.822756353765726e-05,0.0025792409742280142,1.4372017718851566,0.4985203444957733,0.8255752921104431,0.3159122169017792,-0.012234171852469444,0.03624918684363365,0.859731912612915,0.32212525606155396,1136,0.30315279960632324,4.949272155761719,0.024665938690304756,2326528,4161,1136,71,-75.95775,0.013148139254190028,-0.0021598992927465586,3.26074730604887,-111.416466,0.02892500681336969,-0.001249481081322301,3.330623497068882,,,0.95,0.9,both,0.7437296473656174,0.6980091824142667,0.6295249693071773,0.0,-99.892136,2311.1918319133865,-75.95775
15,1784882389.200739,,8.0,,8.0,,6.0,,6.0,,10.0,,10.0,,1.0,,1.0,,4.0,,4.0,,2.0,,2.0,,5.0,,5.0,,8.0,,8.0,,7.512922275811434,,5.220298214815557,,9.24814691953361,,0.6527158725075424,,3.6321980850188993,,1.6847496988484636,,4.618505225982517,,7.25,0.0,-0.0008632696699351072,0.009217588565661572,1.4342973195016384,0.43077772855758667,0.8681409955024719,0.25328850746154785,0.031832750886678696,0.09988090395927429,0.7704298496246338,0.2911655902862549,1216,0.2959155738353729,4.977442264556885,0.040236227214336395,2490368,4349,1216,76,-68.276474,0.011176508461358026,-0.000903658832248766,3.0551364347338676,-108.17202,0.02058643942582421,-0.0010250645704218187,3.1148886382579803,,,0.95,0.9,both,0.8803373979382098,0.7379068781877528,0.9247243071281409,0.0,-97.76286,2241.817730404213,-68.276474
16,1784882463.8625937,,8.0,,8.0,,6.0,,6.0,,10.0,,10.0,,1.0,,1.0,,4.0,,4.0,,2.0,,2.0,,5.0,,5.0,,8.0,,8.0,,8.794035723432899,,6.817702250555158,,9.977742461924208,,1.3845441699959338,,4.397345073521137,,2.388534752652049,,5.0,,8.875,5.587935447692871e-09,0.001024731551297009,0.002059297046798747,1.4366694055497646,0.3391326367855072,0.9064525365829468,0.2471258044242859,-0.06761069595813751,0.03530685603618622,1.1056747436523438,0.27372753620147705,1296,0.2102707475423813,5.9543633460998535,0.027612781152129173,2654208,4541,1296,81,-76.84729,0.012722522486001253,-0.0018570168322185054,2.8886753797531126,-87.93442,0.020967482292326166,-0.0012878139343229123,2.951707647740841,,,0.95,0.9,both,0.8193488089995924,0.7779911832120825,1.0009094617904233,0.0,-90.87234,2194.4270387178026,-76.84729
17,1784882535.1285965,,8.0,,8.0,,6.0,,6.0,,10.0,,10.0,,1.0,,1.0,,4.0,,4.0,,2.0,,2.0,,5.0,,5.0,,8.0,,8.0,,8.00542138077435,,6.056549973320216,,9.623398743569851,,0.9761854603129905,,4.03705892036669,,2.122249209554866,,4.887530233245343,,7.6875,1.862645149230957e-09,-0.011786295974161476,0.004626604510121979,1.429806426167488,0.38713645935058594,0.90238356590271,0.23609034717082977,0.08468883484601974,0.1196010485291481,0.7628445625305176,0.3018168807029724,1376,0.42622584104537964,5.424487113952637,0.038818247616291046,2818048,4759,1376,86,-72.794304,0.020581884594867005,-0.0005089549478725531,2.714739890396595,-109.5258,0.030350421241018923,-0.0008442453101451975,2.7813786014914514,,,0.95,0.9,both,0.8825693914610268,0.7323600507979859,0.7211335097915654,0.0,-113.08626,2298.9937220578017,-72.794304
18,1784882610.035626,,8.0,,8.0,,6.0,,6.0,,10.0,,10.0,,1.0,,1.0,,4.0,,4.0,,2.0,,2.0,,5.0,,5.0,,8.0,,8.0,,8.233514729887247,,6.394542481226381,,9.911124031525105,,1.3362740718293935,,4.296527826227248,,2.2291234601289034,,4.974606275791302,,8.75,1.862645149230957e-09,-0.004122706945054233,0.009636014743591659,1.4345842748880386,0.3899010419845581,0.9047321677207947,0.2838469445705414,0.18309226632118225,0.06012684106826782,0.7421324253082275,0.2859278917312622,1456,0.3529205024242401,5.765714168548584,0.05828746408224106,2981888,4992,1456,91,-70.134636,0.011489414059906267,-0.0005680470858351327,2.552412895858288,-91.56213,0.05767506484407932,-0.0003565025166608393,2.5993568032979963,,,0.95,0.9,both,1.0520104357476454,0.8049354505033905,0.8639698278457286,0.0,-99.97247,2187.2436598432396,-70.134636
19,1784882683.9532678,,8.0,,8.0,,6.0,,6.0,,10.0,,10.0,,1.0,,1.0,,4.0,,4.0,,2.0,,2.0,,5.0,,5.0,,8.0,,8.0,,7.684661594219506,,5.723973107524216,,9.513294142438099,,0.8501446179579943,,3.9759319820441306,,1.7698502387938788,,4.812991905491799,,7.375,1.862645149230957e-09,-0.00025067856768146157,0.013762512433459051,1.438481416553259,0.44421327114105225,1.0408884286880493,0.30530381202697754,-0.026649383828043938,0.11960291862487793,0.7258238196372986,0.2896481156349182,1536,0.39828136563301086,5.213230609893799,0.024598419666290283,3145728,5195,1536,96,-70.21907,0.01634826831286773,-0.0014136719590169377,2.410482166707516,-98.55842,0.02989705063519068,-0.0004278517728380393,2.4914846405386926,,,0.95,0.9,both,0.9281925918497345,0.8346765807086985,0.7769071698040316,0.0,-96.78419,2216.5214358747007,-70.21907
20,1784882756.8935363,,8.0,,8.0,,6.0,,6.0,,10.0,,10.0,,1.0,,1.0,,4.0,,4.0,,2.0,,2.0,,5.0,,5.0,,8.0,,8.0,,7.935495958197862,,6.1143607925623655,,9.858090593479574,,1.1365531906485558,,4.034421340562403,,2.090957062318921,,4.898968876339495,,8.125,-4.6566128730773926e-09,-0.003997653839178383,0.09583377951639704,1.428011529147625,0.5259344577789307,0.9808666110038757,0.4504287540912628,-0.0363042876124382,0.05890406295657158,0.8459181785583496,0.26688775420188904,1616,0.4129753112792969,5.52423095703125,0.0592360682785511,3309568,5394,1616,101,-61.27284,0.015835506236180664,-0.0014049051620531826,2.281034156680107,-96.20791,0.027739054843550548,-1.9734686065930874e-05,2.368433025479317,,,0.95,0.9,both,0.9543275335913034,0.9627611784619191,1.5710076521245913,0.0,-110.90322,2246.2207976973677,-61.27284
21,1784882830.5369985,,8.0,,8.0,,6.0,,6.0,,10.0,,10.0,,1.0,,1.0,,4.0,,4.0,,2.0,,2.0,,5.0,,5.0,,8.0,,8.0,,7.105579422554001,,5.122445791959763,,9.183735329657793,,0.5765862537082285,,3.584419259801507,,1.5646427534520626,,4.539703308604658,,7.3125,7.450580596923828e-09,0.0012713769101537764,0.0015295865496227634,1.4316556304693222,0.48827308416366577,0.8616048693656921,0.40515536069869995,-0.06608656048774719,0.017637426033616066,0.5483421087265015,0.28224122524261475,1696,0.21248841285705566,4.873701572418213,0.04723843187093735,3473408,5622,1696,106,-67.846275,0.02029833919950761,-0.00012200556811876595,2.1540786564350127,-95.32054,0.032114579051267356,-0.00043939796305494385,2.1763930350542067,,,0.95,0.9,both,0.959932225698004,0.9195200894778063,1.0441735927047304,0.0,-96.64403,2224.7732346374564,-67.846275
22,1784882904.0215206,,8.0,,8.0,,6.0,,6.0,,10.0,,10.0,,1.0,,1.0,,4.0,,4.0,,2.0,,2.0,,5.0,,5.0,,8.0,,8.0,,7.396838375367224,,5.194242812693118,,9.225615501403809,,0.6485055158409523,,3.6585243800655007,,1.6231085136532784,,4.645301606506109,,7.5,-3.259629011154175e-09,-0.005511059600394219,0.0035665591803990537,1.439096849411726,0.6888076663017273,0.863955020904541,0.579299807548523,-0.06525328010320663,0.03910988196730614,0.7560868263244629,0.25983044505119324,1776,0.28118517994880676,4.986516952514648,0.03773330897092819,3637248,5812,1776,111,-85.60758,0.02299737822031602,-0.0016236621289863252,1.9959639765322208,-105.88811,0.04037152470555157,0.0005520554899703711,2.047096957266331,,,0.95,0.9,both,1.0407928314390178,0.9452417252013816,0.8212998221941307,0.0,-112.77338,2229.58543143606,-85.60758
23,1784882979.6920116,,8.0,,8.0,,6.0,,6.0,,10.0,,10.0,,1.0,,1.0,,4.0,,4.0,,2.0,,2.0,,5.0,,5.0,,8.0,,8.0,,7.342139936983585,,5.40922734932974,,9.337072354741395,,0.6662875143811107,,3.7240909030660987,,1.670366537058726,,4.667600063607097,,7.4375,7.450580596923828e-09,0.0006541099573951215,0.023209292921819724,1.4422773830592632,0.6250954866409302,0.7688420414924622,0.5383363366127014,0.10953713953495026,0.16056860983371735,0.7935367822647095,0.2635554075241089,1856,0.3440031409263611,5.031785488128662,0.05522284656763077,3801088,6034,1856,116,-67.94735,0.031894209794700146,-0.0001972898986423388,1.8843134738504888,-118.33126,0.02752674780203961,-3.1253902125172314e-05,1.9373469650745392,,,0.95,0.9,both,1.0878524757049428,0.9478683780481184,1.0060681397640578,0.0,-81.70036,2165.17675911373,-67.94735
24,1784883053.333576,,8.0,,8.0,,6.0,,6.0,,10.0,,10.0,,1.0,,1.0,,4.0,,4.0,,2.0,,2.0,,5.0,,5.0,,8.0,,8.0,,7.679996827850118,,5.719865955412388,,9.640711597166955,,0.9009667248465121,,3.8698109765537083,,1.9842105441493914,,4.726709769107401,,7.6875,-9.313225746154785e-10,-0.004051250987686217,0.0011261411691521062,1.445367056876421,0.4025173783302307,0.8783764243125916,0.3364880681037903,0.04256855696439743,0.05298319458961487,0.544225811958313,0.25833624601364136,1936,0.38117870688438416,5.276221752166748,0.047510601580142975,3964928,6245,1936,121,-59.50718,0.016815073462203144,-0.001506691136455629,1.7738135412335396,-91.13601,0.030042157316347583,-0.0010496111346583348,1.839902026951313,,,0.95,0.9,both,1.0794595023817402,0.9822716111322002,0.6090052307207915,0.0,-105.39931,2224.8320218223757,-59.50718
25,1784883127.0286512,,8.0,,8.0,,6.0,,6.0,,10.0,,10.0,,1.0,,1.0,,4.0,,4.0,,2.0,,2.0,,5.0,,5.0,,8.0,,8.0,,7.8815424758940935,,5.948154603363946,,9.846875451505184,,1.0785727228794713,,3.967905477853492,,2.026354867266491,,4.897213814780116,,7.9375,-8.847564458847046e-09,-0.00023059907834976912,0.11736255488358438,1.447022520005703,0.7851666212081909,0.8847731351852417,0.6634437441825867,-0.11996392905712128,0.08466093242168427,0.5691995620727539,0.24941661953926086,2016,0.47439199686050415,5.448015213012695,0.02278580516576767,4128768,6463,2016,126,-69.85659,0.018873164360411466,-0.0006821278861025348,1.6549441806972027,-73.51206,0.03147065785015002,4.4913213059771806e-05,1.7113738432526588,,,0.95,0.9,both,1.18843559383567,1.0419058150745641,1.457811067353938,0.0,-112.90324,2223.213733783502,-69.85659
26,1784883200.5452359,,8.0,,8.0,,6.0,,6.0,,10.0,,10.0,,1.0,,1.0,,4.0,,4.0,,2.0,,2.0,,5.0,,5.0,,8.0,,8.0,,7.228551760315896,,5.440565917408094,,9.369620194658637,,0.6946694765938446,,3.6561610312201083,,1.6768296621739864,,4.648314390331507,,7.3125,3.725290298461914e-09,0.0007148495642468333,0.03193876524164807,1.4439225941896439,0.8444889783859253,0.9065979719161987,0.7025822401046753,0.0344105064868927,0.04875683784484863,0.6323336362838745,0.2397025227546692,2096,0.28655704855918884,5.003401279449463,0.06284692138433456,4292608,6669,2096,131,-55.760918,0.02019957108423114,0.00014887878132867626,1.5418416418135166,-94.731995,0.03763433794956654,0.0007345312595134601,1.604819518327713,,,0.95,0.9,both,1.1897909274041312,1.1307827379350575,1.1220412686396486,0.0,-107.94702,2228.6126038216703,-55.760918
27,1784883273.9375527,,8.0,,8.0,,6.0,,6.0,,10.0,,10.0,,1.0,,1.0,,4.0,,4.0,,2.0,,2.0,,5.0,,5.0,,8.0,,8.0,,8.861703604459763,,6.944330479949713,,10.0,,1.4383029430173337,,4.423348561860621,,2.4127317564561963,,5.0,,9.0,-8.381903171539307e-09,0.00031956168822944164,0.0009888898366625654,1.4466319791972637,0.4933709502220154,0.9089540839195251,0.41248124837875366,0.14098341763019562,0.023920075967907906,0.7483789920806885,0.21188576519489288,2176,0.06947542726993561,6.010051727294922,0.07536650449037552,4456448,6873,2176,136,-66.466965,0.023705106682609767,-0.0007303438229428139,1.4428545542061328,-97.008255,0.04443766385084018,-0.00033912719372892753,1.5111998289823532,,,0.95,0.9,both,1.229651754558835,1.0566822526372124,0.8800441655196348,0.0,-83.5544,2232.3861955447055,-66.466965
28,1784883348.7112424,,8.0,,8.0,,6.0,,6.0,,10.0,,10.0,,1.0,,1.0,,4.0,,4.0,,2.0,,2.0,,5.0,,5.0,,8.0,,8.0,,8.798156122677028,,6.935371924191713,,9.969963178038597,,1.3633724362589419,,4.380160956643522,,2.3895627167075872,,5.0,,8.6875,-1.1641532182693481e-09,-0.0015119833406060934,0.0035017640257137828,1.4445660784840584,0.6020897626876831,0.753930926322937,0.49107250571250916,-0.020481381565332413,0.041577473282814026,0.4812501072883606,0.2336357682943344,2256,0.18576031923294067,5.940511226654053,0.038799967616796494,4620288,7112,2256,141,-43.304203,0.019791477150283752,0.0006657443474978209,1.3588065043091775,-88.79393,0.034553164325188845,-0.0011845265704323537,1.4235409751534462,,,0.95,0.9,both,1.3800247461508732,1.0836819088489515,0.742188522924355,0.0,-90.03276,2191.146048296978,-43.304203
29,1784883422.9755087,,8.0,,8.0,,6.0,,6.0,,10.0,,10.0,,1.0,,1.0,,4.0,,4.0,,2.0,,2.0,,5.0,,5.0,,8.0,,8.0,,8.541211569681764,,6.271465331315994,,9.881326229311526,,1.2924275733530521,,4.280412999913096,,2.342998289503157,,4.9300027238205075,,8.5625,4.656612873077393e-10,-0.00240218301769346,0.008144105158862658,1.4466688819229603,0.5394307971000671,0.8638656735420227,0.4034426510334015,0.01897423341870308,0.09272151440382004,0.6436017751693726,0.23225137591362,2336,0.3690837323665619,5.762792587280273,0.037787821143865585,4784128,7322,2336,146,-35.47222,0.01052419668994844,-0.0002318642902537249,1.2952844075858594,-94.064316,0.037198609416373075,-0.0003232894989196211,1.369705644249916,,,0.95,0.9,both,1.3673600193368691,1.2273948550244431,0.5611312041747814,0.0,-105.38817,2206.17450866699,-35.47222
30,1784883498.181001,,8.0,,8.0,,6.0,,6.0,,10.0,,10.0,,1.0,,1.0,,4.0,,4.0,,2.0,,2.0,,5.0,,5.0,,8.0,,8.0,,7.304486180422828,,5.3804059659159975,,9.55516053084284,,0.6976791499182582,,3.7538266869960353,,1.6406319816596806,,4.596134392777458,,7.25,0.0,0.0006226471159607172,0.008117295197735075,1.444224875420332,0.6309294104576111,0.8499694466590881,0.5389700531959534,0.043920986354351044,0.10643290728330612,0.5369095802307129,0.2297009378671646,2416,0.3066146969795227,5.022290229797363,0.028707532212138176,4947968,7539,2416,151,-44.097626,0.021363187150564046,-0.0006606590381124988,1.2250288650393486,-86.48369,0.0175534454989247,-0.0007607376552186907,1.2997068852186202,,,0.95,0.9,both,1.1888481455438988,1.0747064073060775,0.7122518909058423,0.0,-99.37193,2178.564557059427,-44.097626
31,1784883572.0855072,,8.0,,8.0,,6.0,,6.0,,10.0,,10.0,,1.0,,1.0,,4.0,,4.0,,2.0,,2.0,,5.0,,5.0,,8.0,,8.0,,7.365883908234537,,5.499698397703469,,9.328912773169577,,0.6937642658594996,,3.7218142226338387,,1.6753240062389523,,4.708659369265661,,7.25,9.313225746154785e-10,-0.002313357312232256,0.07871388897183351,1.4319614693522453,0.4157806932926178,0.9128816723823547,0.29928380250930786,-0.07047902792692184,0.07481630891561508,0.7345506548881531,0.20060995221138,2496,0.32957348227500916,5.0305070877075195,0.02110622450709343,5111808,7723,2496,156,-53.230217,0.01622550275642425,0.0004598466490278952,1.1408591285347938,-75.38088,0.009216531150741503,9.495025151409208e-05,1.1810048460960387,,,0.95,0.9,both,1.347767345895053,1.2089602856688533,1.276504854311082,0.0,-70.209076,2216.9144400735845,-53.230217
32,1784883645.9639342,,8.0,,8.0,,6.0,,6.0,,10.0,,10.0,,1.0,,1.0,,4.0,,4.0,,2.0,,2.0,,5.0,,5.0,,8.0,,8.0,,7.065824536606669,,5.012056712061167,,9.030093897134066,,0.5081860423088074,,3.5095334947109222,,1.5067740641534328,,4.506001375615597,,7.0,-1.862645149230957e-09,0.0012384399306029081,0.0002799730482365703,1.4209106750786304,0.5838097333908081,0.8763488531112671,0.48336607217788696,0.026472626253962517,0.00771426921710372,0.794676661491394,0.20662647485733032,2576,0.03580544888973236,4.767308712005615,0.058872200548648834,5275648,7955,2576,161,-52.269543,0.031341753539163617,0.0004613562807207927,1.0466611839830875,-109.835594,0.04696095711551607,0.0008319343382027,1.104335494339466,,,0.95,0.9,both,1.3975565058880077,1.3048117189804482,1.8450883714577682,0.0,-89.75481,2217.6982046940525,-52.269543
33,1784883721.9040084,,8.0,,8.0,,6.0,,6.0,,10.0,,10.0,,1.0,,1.0,,4.0,,4.0,,2.0,,2.0,,5.0,,5.0,,8.0,,8.0,,7.1993602849543095,,5.194549713283777,,9.199753157794476,,0.5809712777845562,,3.571987704373896,,1.6256693361792713,,4.548123262822628,,7.3125,9.313225746154785e-10,-0.002552317688241601,0.006400638958439231,1.428493868559599,0.3401908278465271,0.866556704044342,0.24952352046966553,0.10088493674993515,0.16326339542865753,0.5987802147865295,0.21850356459617615,2656,0.24644167721271515,4.904114246368408,0.05165734142065048,5439488,8158,2656,166,-32.6614,0.013088777888333425,0.0016049806217779405,0.9567320842295886,-85.332924,0.02398542478331365,0.0005141301269759424,1.0001575827598572,,,0.95,0.9,both,1.5181805909201458,1.319181842556004,1.005080299057735,0.0,-70.143196,2157.4901404961415,-32.6614
34,1784883796.7735722,,8.0,,8.0,,6.0,,6.0,,10.0,,10.0,,1.0,,1.0,,4.0,,4.0,,2.0,,2.0,,5.0,,5.0,,8.0,,8.0,,8.959275234490633,,6.957340199500322,,10.0,,1.4670548383146524,,4.4963174518197775,,2.465159898623824,,5.0,,9.0,-2.3283064365386963e-10,0.0019460628973320127,0.003623800163040869,1.429016649723053,0.49468183517456055,0.81452476978302,0.36393553018569946,-0.001735670492053032,0.01799152046442032,0.6000962257385254,0.22459691762924194,2736,0.041699547320604324,6.0431437492370605,0.04708017781376839,5603328,8356,2736,171,-34.69316,0.009875381062738598,0.0006888454518048093,0.8169506624341011,-91.92655,0.04542055054334924,0.000276926314109005,0.9174633704125881,,,0.95,0.9,both,1.4989635947593758,1.2089886978112359,1.8206404080999383,0.0,-66.3273,2188.339721904314,-34.69316
35,1784883871.5055814,,8.0,,8.0,,6.0,,6.0,,10.0,,10.0,,1.0,,1.0,,4.0,,4.0,,2.0,,2.0,,5.0,,5.0,,8.0,,8.0,,7.545593417598866,,5.4484439911320806,,9.45021113846451,,0.7291040870186407,,3.756849270197563,,1.6731169605627656,,4.674297912046313,,7.5,-3.259629011154175e-09,-0.005847508204169571,0.0031095601952983998,1.4281448423862457,0.4755398631095886,0.8926351070404053,0.40736114978790283,-0.08659811317920685,0.09468280524015427,0.5771888494491577,0.2324957251548767,2816,0.37626394629478455,5.097202301025391,0.029165662825107574,5767168,8555,2816,176,-40.016033,0.014712090851389803,3.6479003028944133e-06,0.7016453765332699,-79.13842,0.021109531685942783,0.00016211739275604487,0.7982915967702866,,,0.95,0.9,both,1.4286367135423172,1.3415098052067742,0.8325772140770862,0.0,-80.34519,2192.3688045144413,-40.016033
36,1784883946.5869484,,8.0,,8.0,,6.0,,6.0,,10.0,,10.0,,1.0,,1.0,,4.0,,4.0,,2.0,,2.0,,5.0,,5.0,,8.0,,8.0,,7.064834771677852,,5.104520790278912,,9.016812194138765,,0.5346817104145885,,3.5128536000847816,,1.5193276647478342,,4.534558741375804,,7.0625,7.450580596923828e-09,0.00040321657434105873,0.0020269444958103122,1.4320336990058422,0.4364829659461975,0.8851242065429688,0.3830994963645935,-0.12308957427740097,0.020742183551192284,0.5021145343780518,0.2361159324645996,2896,0.11084882915019989,4.793761253356934,0.030244065448641777,5931008,8780,2896,181,-27.734833,0.010900966785266064,0.0006598295789444819,0.6487467024475336,-69.458595,0.016581761313136666,-0.0013810542975988937,0.7114819996058941,,,0.95,0.9,both,1.5436635122120166,1.3819246540955743,1.7256282872335915,0.0,-82.75093,2182.163669345698,-27.734833
37,1784884022.4694278,,8.0,,8.0,,6.0,,6.0,,10.0,,10.0,,1.0,,1.0,,4.0,,4.0,,2.0,,2.0,,5.0,,5.0,,8.0,,8.0,,7.648210994899273,,5.702541453880258,,9.4778749095276,,0.7376424157992005,,3.757372371153906,,1.8352785018505529,,4.860324026551098,,7.875,-1.862645149230957e-09,-0.012673826480749995,0.031198437558487058,1.4272390119731426,0.40094608068466187,0.8338466882705688,0.25408369302749634,0.045635223388671875,0.19791921973228455,0.5771257877349854,0.23582619428634644,2976,0.43147677183151245,5.236780643463135,0.04860758036375046,6094848,8986,2976,186,-32.66641,0.01291454277234152,0.0008386341702134814,0.5225751582533121,-67.434364,0.030241567420307546,-2.519066838431172e-05,0.6341499496251345,,,0.95,0.9,both,1.5989201713258834,1.325311167175602,1.0297182583542779,0.0,-76.380264,2159.128263009319,-32.66641
38,1784884096.1476495,,8.0,,8.0,,6.0,,6.0,,10.0,,10.0,,1.0,,1.0,,4.0,,4.0,,2.0,,2.0,,5.0,,5.0,,8.0,,8.0,,7.266250545158982,,5.289661053160671,,9.156269084662199,,0.5314116179943085,,3.6523711350746453,,1.697367928456515,,4.5448110941797495,,7.125,-3.259629011154175e-09,0.0005974686937406659,0.0020133310681558214,1.4253430217504501,0.42987605929374695,0.8580483198165894,0.35144907236099243,0.14602963626384735,0.08592675626277924,0.5968810319900513,0.21611858904361725,3056,0.25673675537109375,4.90789270401001,0.065509133040905,6258688,9197,3056,191,-33.293907,0.01223628428997472,0.0007462442488758824,0.4649144638329744,-86.40821,0.02870622221380472,0.0003465242538368329,0.5596662696450949,,,0.95,0.9,both,1.4452188474234384,1.2249029518175878,0.8604300415089866,0.0,-87.05222,2223.7257351351873,-33.293907
39,1784884170.658683,,8.0,,8.0,,6.0,,6.0,,10.0,,10.0,,1.0,,1.0,,4.0,,4.0,,2.0,,2.0,,5.0,,5.0,,8.0,,8.0,,8.837452147156,,6.8580925250425935,,9.958819404244423,,1.3402175139635801,,4.417253726162016,,2.4637581780552864,,4.995504094753414,,8.875,-1.862645149230957e-09,-0.0011460738605819643,0.005663462532538688,1.4239492118358612,0.5040453672409058,0.8395107984542847,0.3022826910018921,-0.07375200092792511,0.06763895601034164,0.6418361663818359,0.2139846831560135,3136,0.20149272680282593,5.968262672424316,0.045637257397174835,6422528,9403,3136,196,-22.782667,0.010019809863297268,-7.623201818205417e-05,0.37603337336331605,-64.750404,0.03195801965193823,-0.00044111323441029524,0.468462030403316,,,0.95,0.9,both,1.6570670102527114,1.4323673825139012,1.080442974054721,0.0,-59.16617,2198.8669695004187,-22.782667
40,1784884245.558792,,8.0,,8.0,,6.0,,6.0,,10.0,,10.0,,1.0,,1.0,,4.0,,4.0,,2.0,,2.0,,5.0,,5.0,,8.0,,8.0,,8.943575888872147,,6.972089741379023,,10.0,,1.4588915668427944,,4.485287249088287,,2.4899088013917208,,5.0,,8.9375,0.0,0.0030564571206923574,0.023168526880908757,1.423958320170641,0.19870391488075256,0.9997214078903198,0.1963946521282196,-0.026967450976371765,0.015921134501695633,0.6511721611022949,0.21391573548316956,3216,0.06506035476922989,6.035906791687012,0.04095475748181343,6586368,9608,3216,201,-22.447655,0.013631118804914877,-7.232311545521953e-05,0.30259692315012215,-53.06144,0.02566293114214204,-0.0004189869956462644,0.35859199371188877,,,0.95,0.9,both,1.67080574129989,1.5017960607746883,2.510211906545802,0.0,-80.50859,2187.4465660365145,-22.447655
41,1784884317.1660037,,8.0,,8.0,,6.0,,6.0,,10.0,,10.0,,1.0,,1.0,,4.0,,4.0,,2.0,,2.0,,5.0,,5.0,,8.0,,8.0,,8.592644155956805,,6.527597702341154,,9.931590279564261,,1.2262838883325458,,4.274470891396049,,2.3522532917559147,,4.973952560452744,,8.75,-1.862645149230957e-09,-0.004940470040310174,0.0052865633624605834,1.422181710600853,0.3050021529197693,0.8507660627365112,0.2274366319179535,0.03541594371199608,0.10677306354045868,0.6446738243103027,0.22245216369628906,3296,0.2887267470359802,5.828598976135254,0.04243839159607887,6750208,9822,3296,206,-24.14148,0.010057439579395578,0.0009949679893907159,0.2096827207133174,-74.9326,0.02916398799279705,0.0011313449082081205,0.2739776590839028,,,0.95,0.9,both,1.7388383018499378,1.6072105737449522,0.4344011375833995,0.0,-70.860916,2288.0387612375403,-24.14148
42,1784884389.7700696,,8.0,,8.0,,6.0,,6.0,,10.0,,10.0,,1.0,,1.0,,4.0,,4.0,,2.0,,2.0,,5.0,,5.0,,8.0,,8.0,,7.091478690505028,,5.062964770942926,,9.175577709684148,,0.534539308398962,,3.5509964532975573,,1.5835493467748165,,4.522979862987995,,7.0,-1.6298145055770874e-09,0.0008750297129154205,0.009284404390200507,1.427131313830614,0.6489756107330322,0.9633662700653076,0.29565560817718506,0.045005716383457184,0.04068746790289879,0.6372926235198975,0.2148103415966034,3376,0.10857401043176651,4.815260410308838,0.04632893204689026,6914048,10010,3376,211,-27.374292,0.01732394613791257,0.0007400521193630993,0.13447425812482833,-77.07519,0.023673225939273835,0.0011747662952984682,0.19782541636377574,,,0.95,0.9,both,1.6205559298132015,1.7013589769435575,1.4095568987677585,0.0,-63.232506,2256.623781312723,-27.374292
43,1784884462.0894167,,8.0,,8.0,,6.0,,6.0,,10.0,,10.0,,1.0,,1.0,,4.0,,4.0,,2.0,,2.0,,5.0,,5.0,,8.0,,8.0,,8.88140969723463,,6.803951425477862,,10.0,,1.436087753623724,,4.458419941365719,,2.4665777776390314,,5.0,,8.8125,2.3283064365386963e-10,0.0008885484421625733,0.00018707640640514,1.4349023289978504,0.5111899971961975,0.9304335713386536,0.24669820070266724,0.010109219700098038,0.01958348974585533,0.7521053552627563,0.1940118819475174,3456,0.15226119756698608,5.982368469238281,0.04495019093155861,7077888,10189,3456,216,-40.43258,0.01422795605903957,0.000525734928669408,0.0533061571419239,-87.62914,0.022198263742029666,-0.00011576246470212936,0.10889450684189797,,,0.95,0.9,both,1.5921405677825267,1.5511404209705348,1.3657171416489011,0.0,-66.56677,2265.5054423663632,-40.43258
44,1784884535.1500065,,8.0,,8.0,,6.0,,6.0,,10.0,,10.0,,1.0,,1.0,,4.0,,4.0,,2.0,,2.0,,5.0,,5.0,,8.0,,8.0,,8.431117014260963,,6.45267259888351,,9.868304554838687,,1.1644395235052798,,4.103779023047537,,2.190216134127695,,4.935109573416412,,8.1875,3.725290298461914e-09,-0.008710940048331395,0.008460108147119172,1.4492011219263077,0.46875807642936707,0.919314444065094,0.2593713402748108,0.0294078029692173,0.1633034348487854,0.6551840305328369,0.1839231252670288,3536,0.39511173963546753,5.666642665863037,0.04182146117091179,7241728,10373,3536,221,-21.47101,0.011261598370037974,0.0002990667926496826,-0.047565658390522,-76.677635,0.016239198349649087,0.0004593539604684338,-0.0374221608042717,,,0.95,0.9,both,1.8395805796517375,1.6539994820887216,0.8057874832590096,0.0,-66.89935,2242.5311228032965,-21.47101
45,1784884605.8248594,,8.0,,8.0,,6.0,,6.0,,10.0,,10.0,,1.0,,1.0,,4.0,,4.0,,2.0,,2.0,,5.0,,5.0,,8.0,,8.0,,8.716308988630772,,6.819799717981368,,10.0,,1.436633124947548,,4.360566331073642,,2.4097368149086833,,4.984365401498508,,8.8125,-5.3551048040390015e-09,-0.006693908711895347,0.004810581584024476,1.4578131549060345,0.39333951473236084,0.9354792237281799,0.29186883568763733,0.055487971752882004,0.09774795919656754,0.6811163425445557,0.17480769753456116,3616,0.18884557485580444,5.942488670349121,0.03604310005903244,7405568,10561,3616,226,-27.565674,0.009996094639063813,0.001042762550059706,-0.15322737768292427,-64.29154,0.02298942708875984,0.0010753402944828848,-0.10554920509457588,,,0.95,0.9,both,1.98870114227018,1.6025093516206657,0.9507328283949561,0.0,-54.539467,2318.21242226401,-27.565674
46,1784884676.839031,,8.0,,8.0,,6.0,,6.0,,10.0,,10.0,,1.0,,1.0,,4.0,,4.0,,2.0,,2.0,,5.0,,5.0,,8.0,,8.0,,8.624455532328284,,6.6051044864580035,,9.990150495432317,,1.3883067953865975,,4.449379792436957,,2.3981503434479237,,5.0,,8.875,-1.3969838619232178e-09,-0.009263019892387092,0.0021562454876402626,1.4659650921821594,0.36584043502807617,0.836920976638794,0.3036898076534271,-0.037358786910772324,0.06814678013324738,0.5950733423233032,0.17292681336402893,3696,0.21726329624652863,5.916318416595459,0.032506998628377914,7569408,10768,3696,231,-36.028553,0.016374920596717857,0.0010984601060044952,-0.1704273278824985,-63.852203,0.0153070732136257,-0.00046396220568567514,-0.18810873813927173,,,0.95,0.9,both,1.645504937136853,1.5231582468485882,0.6887222704973922,0.0,-77.52999,2307.1471662917534,-36.028553
47,1784884748.7459087,,8.0,,8.0,,6.0,,6.0,,10.0,,10.0,,1.0,,1.0,,4.0,,4.0,,2.0,,2.0,,5.0,,5.0,,8.0,,8.0,,7.089401066303253,,5.065984155982733,,9.132364090532064,,0.5734075522050261,,3.555598819628358,,1.51789447106421,,4.552671488374472,,7.25,4.656612873077393e-10,0.0010856038425117731,0.015283117587387096,1.4663317017257214,0.5780631899833679,0.8981872200965881,0.3719624876976013,-0.09802840650081635,0.03795628622174263,0.6613450646400452,0.16975238919258118,3776,0.1644955575466156,4.842164993286133,0.04103071987628937,7733248,10961,3776,236,-34.44836,0.015101813536603004,0.00026930777967208995,-0.24588299337774516,-95.43323,0.027304402878507973,0.0008888143056537956,-0.23299272004514932,,,0.95,0.9,both,1.6946774547388963,1.7646687899898417,1.3250385245540646,0.0,-80.89103,2278.502435572747,-34.44836
48,1784884821.3065195,,8.0,,8.0,,6.0,,6.0,,10.0,,10.0,,1.0,,1.0,,4.0,,4.0,,2.0,,2.0,,5.0,,5.0,,8.0,,8.0,,7.03547502681613,,5.042571786791086,,9.05432422272861,,0.5150143541395664,,3.5366062186658382,,1.515897698700428,,4.505507718771696,,7.0625,-8.381903171539307e-09,0.0009607286774553359,0.00015808396153715876,1.472712978720665,0.41658076643943787,0.8376960754394531,0.3946419656276703,0.07997307926416397,0.02458536997437477,0.5816094875335693,0.1626112312078476,3856,0.09131961315870285,4.783487319946289,0.03399928659200668,7897088,11156,3856,241,-39.347546,0.01629786753328517,0.0005140296401805244,-0.3142908113077283,-52.412243,0.020881860289955513,0.0002138810436008498,-0.2714075384661555,,,0.95,0.9,both,1.9553842043404088,1.503574438129313,1.2555793220462848,0.0,-76.03286,2257.9749856184935,-39.347546
49,1784884895.0500157,,8.0,,8.0,,6.0,,6.0,,10.0,,10.0,,1.0,,1.0,,4.0,,4.0,,2.0,,2.0,,5.0,,5.0,,8.0,,8.0,,8.953768339008093,,6.861470151692629,,9.989179223310202,,1.4125544636044651,,4.433321759104729,,2.459698025137186,,5.0,,9.0,0.0,0.0009520831517875195,0.006091347055189544,1.4754511080682278,0.44235607981681824,0.8489187359809875,0.35964086651802063,-0.18681102991104126,0.020740633830428123,0.6679030656814575,0.17042900621891022,3936,0.09782081842422485,6.013749122619629,0.03161518648266792,8060928,11368,3936,246,-18.190113,0.007109682209556922,0.0007468823372619226,-0.34965753480792044,-54.16104,0.015751688391901553,-0.00048674174904590474,-0.314167769998312,,,0.95,0.9,both,2.070848856662693,1.6512070255076168,1.6259108066703103,0.0,-68.295654,2221.7527645493856,-18.190113
50,1784884966.3243651,,8.0,,8.0,,6.0,,6.0,,10.0,,10.0,,1.0,,1.0,,4.0,,4.0,,2.0,,2.0,,5.0,,5.0,,8.0,,8.0,,8.931841276586056,,6.923185963183641,,9.97073886031285,,1.47174253128469,,4.436043524183333,,2.4718056563287973,,4.982640225440264,,8.8125,-4.6566128730773926e-09,-0.0006354926445055753,0.011426596596720628,1.471238348633051,0.4299788475036621,0.915801465511322,0.3143337070941925,0.05989234894514084,0.044723931699991226,0.5276190042495728,0.16201458871364594,4016,0.12777626514434814,6.000061988830566,0.03619790077209473,8224768,11558,4016,251,-28.56593,0.01513786809227895,0.0007265262640430592,-0.45196101125329735,-70.14363,0.0190813101711683,6.973973941057921e-05,-0.36583607867360113,,,0.95,0.9,both,1.7604360776775454,1.5123006537839847,1.7016714805409738,0.0,-97.67405,2298.726495880993,-28.56593
51,1784885038.115896,,8.0,,8.0,,6.0,,6.0,,10.0,,10.0,,1.0,,1.0,,4.0,,4.0,,2.0,,2.0,,5.0,,5.0,,8.0,,8.0,,7.113376099616289,,5.092140335589647,,9.079550802707672,,0.5495272073894739,,3.631067029898986,,1.585493931779638,,4.571012431755662,,7.125,-9.313225746154785e-10,0.0006970708491280675,0.0070956284216663335,1.4661377742886543,0.4039333760738373,0.8926146030426025,0.28953298926353455,0.015712454915046692,0.04458627104759216,0.5788630247116089,0.17631080746650696,4096,0.16943705081939697,4.843395709991455,0.029587559401988983,8388608,11751,4096,256,-16.236559,0.014562538344762288,0.001527609662298346,-0.49511312786489725,-46.706852,0.02523856519255787,0.0014166524400934578,-0.46984017062932254,,,0.95,0.9,both,1.7423743484785437,1.8160416544928062,0.9569172720093445,0.0,-53.003906,2282.162266786999,-16.236559
52,1784885107.3547838,,8.0,,8.0,,6.0,,6.0,,10.0,,10.0,,1.0,,1.0,,4.0,,4.0,,2.0,,2.0,,5.0,,5.0,,8.0,,8.0,,8.922454915940762,,6.852601357270032,,10.0,,1.4475581492297351,,4.449287473922595,,2.445348620414734,,5.0,,8.875,4.656612873077393e-10,0.0015583422500640154,0.0030938668624003185,1.4673837646842003,0.4023253917694092,0.8297362327575684,0.2629537284374237,0.11486740410327911,0.05296218767762184,0.6059386730194092,0.15149007737636566,4176,0.1398569792509079,5.9990315437316895,0.055905479937791824,8552448,11939,4176,261,-29.676044,0.015258772694505752,0.0003622642158006784,-0.5241791293025017,-71.08439,0.027441612601978704,0.0006050477633834817,-0.4738600494340062,,,0.95,0.9,both,1.682155661439527,1.7154372362815047,1.1027020073914107,0.0,-72.04923,2366.298011000359,-29.676044
53,1784885175.3870838,,8.0,,8.0,,6.0,,6.0,,10.0,,10.0,,1.0,,1.0,,4.0,,4.0,,2.0,,2.0,,5.0,,5.0,,8.0,,8.0,,8.756934906821698,,6.8969278410077095,,10.0,,1.440571317449212,,4.44397884234786,,2.437862771563232,,5.0,,9.0,0.0,0.0015128037193790078,0.0005563850450016616,1.4701655395328999,0.3680919110774994,0.8389915823936462,0.26086553931236267,0.052391912788152695,0.03031313791871071,0.571208655834198,0.1520298570394516,4256,0.1243601068854332,5.997034072875977,0.04797643795609474,8716288,12134,4256,266,-24.191883,0.01210490751254838,0.0009654939480242319,-0.5780286431312561,-57.47044,0.033020122162997725,3.8667155604343864e-05,-0.5108799517154694,,,0.95,0.9,both,1.9535788218791623,1.6355586430518962,1.3783943521783517,0.0,-49.59959,2408.2686645784033,-24.191883
54,1784885244.418594,,8.0,,8.0,,6.0,,6.0,,10.0,,10.0,,1.0,,1.0,,4.0,,4.0,,2.0,,2.0,,5.0,,5.0,,8.0,,8.0,,7.420555795542896,,5.684180929325521,,9.400131060741842,,0.7761761797592044,,3.812946491583716,,1.8495962102897465,,4.768067817669362,,7.5,-3.725290298461914e-09,-0.007448168413247913,0.005748750816565007,1.4792261347174644,0.38737109303474426,0.9298511743545532,0.3334062099456787,0.05107725039124489,0.1485828161239624,0.6083688735961914,0.12153474986553192,4336,0.4090259075164795,5.151456832885742,0.047460541129112244,8880128,12316,4336,271,-10.423841,0.008850492793135345,0.0005965725264104549,-0.6264340974390507,-83.346054,0.018497801243211143,0.0006357349135214463,-0.5726882327347994,,,0.95,0.9,both,1.7927605098175712,1.466049694532965,0.48054016140146605,0.0,-50.46319,2373.4083347559313,-10.423841
55,1784885317.3196204,,8.0,,8.0,,6.0,,6.0,,10.0,,10.0,,1.0,,1.0,,4.0,,4.0,,2.0,,2.0,,5.0,,5.0,,8.0,,8.0,,7.065977428108454,,5.0796567145735025,,9.106013806536794,,0.5066632740199566,,3.5917691942304373,,1.514949792996049,,4.532896379008889,,7.0625,-2.3283064365386963e-09,0.0011213791440241039,0.019815858409856446,1.485105276107788,0.21055936813354492,0.8697413206100464,0.1575460582971573,0.039338432252407074,0.02053452841937542,0.5208151340484619,0.14058786630630493,4416,0.13156625628471375,4.807553291320801,0.028593964874744415,9043968,12508,4416,276,-7.9677787,0.015540416626026853,-0.00016757071716710925,-0.6880008742213249,-71.22145,0.016469091005274095,0.0002965783991385251,-0.6331255953758955,,,0.95,0.9,both,1.8804041541130772,2.010182294456865,1.3258268277005003,0.0,-65.904076,2247.430439942602,-7.9677787
56,1784885385.0378299,,8.0,,8.0,,6.0,,6.0,,10.0,,10.0,,1.0,,1.0,,4.0,,4.0,,2.0,,2.0,,5.0,,5.0,,8.0,,8.0,,8.763405888050329,,6.866478158161044,,9.974549343809485,,1.4721136409789324,,4.375432116677985,,2.468021437525749,,5.0,,9.0,-3.725290298461914e-09,0.000477852881886065,0.0009079801375264651,1.5019870586693287,0.37592411041259766,0.8826473355293274,0.2953239381313324,0.11139035224914551,0.03184671700000763,0.6205770969390869,0.12308277189731598,4496,0.10732565820217133,5.990000247955322,0.02515094168484211,9207808,12677,4496,281,-16.61571,0.010100907197920606,0.0011099156239652076,-0.7686688493937254,-65.416504,0.01459035743610002,0.00045012381160631777,-0.6910240240395069,,,0.95,0.9,both,2.1811974181112226,1.7022929350311713,0.937012994738563,0.0,-90.29958,2419.438226654419,-16.61571
57,1784885456.2384222,,8.0,,8.0,,6.0,,6.0,,10.0,,10.0,,1.0,,1.0,,4.0,,4.0,,2.0,,2.0,,5.0,,5.0,,8.0,,8.0,,7.105844581499696,,5.104453835636377,,9.2155603421852,,0.5525046493858099,,3.5577629734762013,,1.5503552909940481,,4.553773233667016,,7.0,5.587935447692871e-09,-3.298957017250359e-05,0.0025701240338094067,1.5029269568622112,0.4686916768550873,0.8062617778778076,0.377586305141449,0.14085756242275238,0.02857598103582859,0.48424750566482544,0.12510253489017487,4576,0.12632617354393005,4.8300323486328125,0.03585966303944588,9371648,12879,4576,286,-23.46134,0.012653283632243984,0.001812943884578999,-0.7903874959796667,-86.26303,0.02786931554437615,0.0018956336367409675,-0.7355269111692906,,,0.95,0.9,both,1.9602750675986322,1.8243634478045003,1.3989460103531852,0.0,-42.764027,2301.1042303883255,-23.46134
58,1784885524.175488,,8.0,,8.0,,6.0,,6.0,,10.0,,10.0,,1.0,,1.0,,4.0,,4.0,,2.0,,2.0,,5.0,,5.0,,8.0,,8.0,,8.933278437703848,,6.979268327355385,,10.0,,1.4761712700128555,,4.490536576136947,,2.4693231536075473,,5.0,,8.9375,-1.1641532182693481e-09,0.0013920459896326065,0.000281534548662421,1.509970486164093,0.29618072509765625,0.8608816862106323,0.2743185758590698,0.01519863586872816,0.008049987256526947,0.6011282205581665,0.12265638262033463,4656,0.07014884054660797,6.035759449005127,0.04105567932128906,9535488,13084,4656,291,-35.62138,0.015258501825155691,0.0008854382977006026,-0.8167442545294762,-75.83201,0.03504369143629447,0.00044628673349507154,-0.7446099396795034,,,0.95,0.9,both,1.963322131230847,1.8568299268307171,2.1865396921831715,0.0,-64.679886,2411.643983902763,-35.62138
59,1784885591.297577,,8.0,,8.0,,6.0,,6.0,,10.0,,10.0,,1.0,,1.0,,4.0,,4.0,,2.0,,2.0,,5.0,,5.0,,8.0,,8.0,,8.571233610098716,,6.273917881771922,,9.861098141409457,,1.1744931953726336,,4.225222643406596,,2.239277192624286,,4.962828677613288,,8.4375,-4.6566128730773926e-09,7.343309698626399e-05,0.0007652275726286462,1.5094052404165268,0.26942917704582214,0.9878913164138794,0.19196386635303497,-0.1444377601146698,0.0521845743060112,0.47296226024627686,0.11892847716808319,4736,0.4170261025428772,5.718196392059326,0.06251099705696106,9699328,13292,4736,296,-24.211452,0.008975727733923123,0.0010435769429022912,-0.8247990004718304,-64.58241,0.03790047271177173,0.0009676656511146576,-0.7880407840013504,,,0.95,0.9,both,2.159642313489848,1.8784880577584389,0.48541135322721296,0.0,-89.54924,2440.924573738277,-24.211452
60,1784885659.3482723,,8.0,,8.0,,6.0,,6.0,,10.0,,10.0,,1.0,,1.0,,4.0,,4.0,,2.0,,2.0,,5.0,,5.0,,8.0,,8.0,,8.627858913503587,,6.546605101786554,,9.839313114294782,,1.249226104497211,,4.20943097572308,,2.169721910264343,,4.970208316575736,,8.4375,9.313225746154785e-10,-0.0058603621437214315,0.005658865789882839,1.5089362412691116,0.3539085388183594,0.9398457407951355,0.2959202527999878,0.11053004115819931,0.15214645862579346,0.5393649339675903,0.10838591307401657,4816,0.37611010670661926,5.756232738494873,0.059962160885334015,9863168,13496,4816,301,-27.747253,0.015456708730198443,0.0007301785779418423,-0.831356155872345,-65.38774,0.029624576499918474,0.0015011400151706765,-0.821964580193162,,,0.95,0.9,both,1.997031455164158,1.7570554283197048,0.5447151683789055,0.0,-62.746998,2407.61801981429,-27.747253
61,1784885724.1058273,,8.0,,8.0,,6.0,,6.0,,10.0,,10.0,,1.0,,1.0,,4.0,,4.0,,2.0,,2.0,,5.0,,5.0,,8.0,,8.0,,8.581105118617415,,6.5035913864849135,,9.88922483031638,,1.1524151037447155,,4.146692697104299,,2.2073910606559366,,4.9707083945395425,,8.625,4.6566128730773926e-09,-0.005587799241766334,0.006100817925471347,1.517064444720745,0.3486805558204651,0.892831027507782,0.29121023416519165,-0.014536913484334946,0.12716203927993774,0.5436924695968628,0.11448803544044495,4896,0.33462727069854736,5.75951623916626,0.05688886344432831,10027008,13690,4896,306,-3.1727867,0.008390936884097755,0.00036022873682668434,-0.8593616869300604,-91.4258,0.030064140126341954,0.0007404350064462051,-0.8387249752879142,,,0.95,0.9,both,2.1262906936624444,1.7097620233429516,0.6697375165458286,0.0,-75.37437,2530.0511365683583,-3.1727867
62,1784885788.7938519,,8.0,,8.0,,6.0,,6.0,,10.0,,10.0,,1.0,,1.0,,4.0,,4.0,,2.0,,2.0,,5.0,,5.0,,8.0,,8.0,,8.265202893177047,,6.328048380091786,,9.88705974817276,,1.1654204539954662,,4.140716496214736,,2.2022998528555036,,4.971529971808195,,8.5,1.862645149230957e-09,-0.001739406281558331,0.00317058412838378,1.5205495283007622,0.3588205575942993,0.9159120321273804,0.2328428328037262,-0.016632217913866043,0.09698447585105896,0.532975435256958,0.13186264038085938,4976,0.3836953938007355,5.682535171508789,0.0448392890393734,10190848,13881,4976,311,-28.301016,0.009742052567889913,0.0010398304784757784,-0.9012957785278559,-91.657486,0.019242698285961524,0.0005558703051065095,-0.8627160470932722,,,0.95,0.9,both,2.1856777964624405,2.0968063051167958,0.5906179435686418,0.0,-72.68707,2532.773457236973,-28.301016
63,1784885851.9033213,,8.0,,8.0,,6.0,,6.0,,10.0,,10.0,,1.0,,1.0,,4.0,,4.0,,2.0,,2.0,,5.0,,5.0,,8.0,,8.0,,7.216482941061258,,5.213669481920078,,9.235403778031468,,0.5531378332525492,,3.5762988748028874,,1.6277416879311204,,4.636100186267868,,7.25,3.259629011154175e-09,0.00019053637515753508,0.006011077355651651,1.5280657783150673,0.33591294288635254,0.8825176954269409,0.4220878481864929,-0.021098963916301727,0.14262519776821136,0.6146807074546814,0.12229447066783905,5056,0.2496880143880844,4.913604259490967,0.0568382702767849,10354688,14078,5056,316,-26.150126,0.015113968666992151,-8.352444565389306e-05,-0.9381410274654627,-99.15535,0.05749341034097597,0.00016941158392000944,-0.8924817383289337,,,0.95,0.9,both,1.7610553519411625,1.7744578346517499,0.9864770370628503,0.0,-45.183876,2596.125363928058,-26.150126
64,1784885913.4446568,,8.0,,8.0,,6.0,,6.0,,10.0,,10.0,,1.0,,1.0,,4.0,,4.0,,2.0,,2.0,,5.0,,5.0,,8.0,,8.0,,7.009847819805145,,5.002030923962593,,9.009155478328466,,0.5011407900601625,,3.503518393263221,,1.5176902543753386,,4.505368506535888,,7.0625,-1.3969838619232178e-09,0.0011379182687960565,0.0002615336266558188,1.5261361449956894,0.3273223042488098,0.9446682333946228,0.21469488739967346,0.02142268791794777,0.02220340631902218,0.5603049993515015,0.12805858254432678,5136,0.04433045908808708,4.763906002044678,0.013693543151021004,10518528,14267,5136,321,-1.5309293,0.010246556354104541,0.0012553638305689673,-0.968874565884471,-46.637024,0.012989974682568572,0.00202182000502944,-0.9453224889934063,,,0.95,0.9,both,2.2865457856672244,2.30301914589018,2.6780364308496285,0.0,-70.499825,2662.272461521611,-1.5309293
65,1784885975.087785,,8.0,,8.0,,6.0,,6.0,,10.0,,10.0,,1.0,,1.0,,4.0,,4.0,,2.0,,2.0,,5.0,,5.0,,8.0,,8.0,,7.0390693210065365,,5.008107151836157,,9.024349570274353,,0.5113517045974731,,3.508035918697715,,1.5032571759074926,,4.514331636950374,,7.0,0.0,0.0013759997673332691,0.0004523800332663086,1.521208468824625,0.3746856451034546,0.885854959487915,0.24820983409881592,0.013302324339747429,0.002521636663004756,0.6709405183792114,0.11443018913269043,5216,0.028470464050769806,4.76356315612793,0.04666385427117348,10682368,14462,5216,326,-60.018005,0.01963493406656198,0.0014534845089656302,-1.0139020808041095,-70.383156,0.028056988428579642,0.001492758451786358,-0.9851313460618257,,,0.95,0.9,both,2.022735813521899,1.9812843953740746,1.3716346356100768,0.0,-39.33019,2657.878938015992,-60.018005
66,1784886037.033601,,8.0,,8.0,,6.0,,6.0,,10.0,,10.0,,1.0,,1.0,,4.0,,4.0,,2.0,,2.0,,5.0,,5.0,,8.0,,8.0,,8.961964149028063,,6.9659675396978855,,10.0,,1.3688770447624847,,4.474804613739252,,2.395609499886632,,5.0,,8.875,0.0,-0.00038538884837180376,0.00912995701219188,1.5190589800477028,0.2379477322101593,0.9480150938034058,0.23864112794399261,0.02656535804271698,0.053075600415468216,0.6055608987808228,0.11321979761123657,5296,0.11570940911769867,6.005277633666992,0.029938029125332832,10846208,14642,5296,331,-15.373062,0.009734734211815522,0.0010556080189417117,-1.020193938910961,-48.27869,0.016612972068833186,0.001359210214286577,-1.0166647031903266,,,0.95,0.9,both,2.206077816446664,2.248024521050901,1.1692024703534716,0.0,-57.71853,2644.892080040874,-15.373062
67,1784886097.6956146,,8.0,,8.0,,6.0,,6.0,,10.0,,10.0,,1.0,,1.0,,4.0,,4.0,,2.0,,2.0,,5.0,,5.0,,8.0,,8.0,,8.830177318304777,,6.716989357955754,,9.96618727594614,,1.4729234278202057,,4.428421742748469,,2.41521252784878,,5.0,,8.9375,5.587935447692871e-09,-0.00015117553994059563,0.0018864317535189912,1.5248972587287426,0.4182552099227905,0.8446187376976013,0.3015924394130707,0.08904745429754257,0.08614767342805862,0.539505660533905,0.10434816777706146,5376,0.19214579463005066,5.970926284790039,0.07858213782310486,11010048,14836,5376,336,-0.026654374,0.008360821807582398,0.001034224352770252,-1.068930034339428,-68.32523,0.0248632873641327,0.0007618810326675884,-1.0617299519479275,,,0.95,0.9,both,2.1695123795929403,1.8167507897087056,0.8769964955131602,0.0,-66.679115,2700.8665250504223,-0.026654374
68,1784886159.785802,,8.0,,8.0,,6.0,,6.0,,10.0,,10.0,,1.0,,1.0,,4.0,,4.0,,2.0,,2.0,,5.0,,5.0,,8.0,,8.0,,8.780030306894332,,6.798542391508818,,9.989733763970435,,1.4141763849183917,,4.412944548763335,,2.402427677065134,,5.0,,8.8125,2.7939677238464355e-09,-0.0016024108044803143,0.00391189241054235,1.523703783750534,0.4452967345714569,0.821007251739502,0.29250988364219666,0.05471107363700867,0.03399725630879402,0.4731754660606384,0.11076495051383972,5456,0.18954655528068542,5.951294422149658,0.08081060647964478,11173888,15035,5456,341,-41.21524,0.017561768071027474,0.0015572941498248837,-1.101577016711235,-47.688484,0.03226616020547226,0.0008390947303269058,-1.0383953891694546,,,0.95,0.9,both,1.999669854392884,1.7874112416268009,0.8938969108286547,0.0,-72.43596,2638.7425458651633,-41.21524
69,1784886224.5835097,,8.0,,8.0,,6.0,,6.0,,10.0,,10.0,,1.0,,1.0,,4.0,,4.0,,2.0,,2.0,,5.0,,5.0,,8.0,,8.0,,8.791383201256394,,6.657598725782009,,9.949657786637545,,1.3727903398685157,,4.272022542310879,,2.3237835636828095,,4.941805028822273,,8.625,9.313225746154785e-10,-0.0007673738873563707,0.004701939713413594,1.525660451501608,0.27644264698028564,0.8195029497146606,0.1845988929271698,0.026581352576613426,0.08001256734132767,0.5674887895584106,0.10053904354572296,5536,0.28642380237579346,5.86675500869751,0.02185256965458393,11337728,15220,5536,346,-21.426756,0.011861909498111344,0.0016805023151391651,-1.131069190055132,-72.840935,0.01726316757267341,0.0015377743351564278,-1.0507503628730774,,,0.95,0.9,both,2.309912049081935,2.0504195427495837,0.6177265453231026,0.0,-31.031641,2528.484525012527,-21.426756
70,1784886286.9964952,,8.0,,8.0,,6.0,,6.0,,10.0,,10.0,,1.0,,1.0,,4.0,,4.0,,2.0,,2.0,,5.0,,5.0,,8.0,,8.0,,7.0174573212862015,,5.050181958824396,,9.084092978388071,,0.5351883033290505,,3.5401935586705804,,1.5925120450556278,,4.525027023628354,,7.0625,-6.402842700481415e-10,0.00026622950099408627,0.0023767196835251525,1.5248601585626602,0.35616156458854675,0.8644346594810486,0.2892158031463623,-0.009789613075554371,0.04382818192243576,0.5326106548309326,0.11429975181818008,5616,0.1298726201057434,4.800893783569336,0.053403787314891815,11501568,15424,5616,351,-21.175465,0.011304988546180538,0.00016339637368218974,-1.2002174861729145,-91.40251,0.04179975372971967,0.0006117614961112849,-1.0853515982627868,,,0.95,0.9,both,2.083963223191886,1.7945121516384461,1.1051752061667883,0.0,-46.980827,2625.094924199173,-21.175465
71,1784886350.3211758,,8.0,,8.0,,6.0,,6.0,,10.0,,10.0,,1.0,,1.0,,4.0,,4.0,,2.0,,2.0,,5.0,,5.0,,8.0,,8.0,,7.091232463717461,,5.252301268745214,,9.252402693964541,,0.5676569566130638,,3.573927540332079,,1.6535645499825478,,4.559899410232902,,7.0625,-1.1175870895385742e-08,-0.004760382886161096,0.0009506181204415043,1.5316991657018661,0.34782084822654724,0.8668662905693054,0.3220135569572449,0.18499332666397095,0.04091733321547508,0.43731898069381714,0.11516475677490234,5696,0.206154003739357,4.876685619354248,0.018957942724227905,11665408,15618,5696,356,-10.00332,0.010961793886963278,0.002275367092806846,-1.2350056946277619,-44.643585,0.021642274447367528,0.0006070577263017185,-1.1674805194139481,,,0.95,0.9,both,2.143848768973536,1.8522792989285388,0.6764151226304613,0.0,-39.12921,2587.300922533857,-10.00332
72,1784886414.2091963,,8.0,,8.0,,6.0,,6.0,,10.0,,10.0,,1.0,,1.0,,4.0,,4.0,,2.0,,2.0,,5.0,,5.0,,8.0,,8.0,,7.431409180746414,,5.738643632037565,,9.698515676893294,,0.8377474579028785,,3.850385005120188,,1.8245775634422898,,4.74391340429429,,7.625,-2.0954757928848267e-09,-0.004703589773271233,0.006608298019273207,1.5227146819233894,0.39389750361442566,0.8026312589645386,0.3414878249168396,-0.01688111200928688,0.11041905730962753,0.3855079412460327,0.12237854301929474,5776,0.41009294986724854,5.218773365020752,0.056451551616191864,11829248,15818,5776,361,-10.628511,0.01351616058673244,0.0016209120760322549,-1.2898687444627286,-68.37307,0.028413951891707256,0.0008262498806288932,-1.2191140845417976,,,0.95,0.9,both,2.428328281860111,1.9116399334861534,0.61929226818914,0.0,-48.029316,2564.4867190967716,-10.628511
73,1784886474.9172335,,8.0,,8.0,,6.0,,6.0,,10.0,,10.0,,1.0,,1.0,,4.0,,4.0,,2.0,,2.0,,5.0,,5.0,,8.0,,8.0,,8.990997590124607,,6.987043362110853,,10.0,,1.4947303272783756,,4.492641054093838,,2.4941393490880728,,5.0,,9.0,-1.862645149230957e-09,0.0020991069031879306,0.0013196673316997476,1.5272326841950417,0.21343472599983215,0.8948027491569519,0.18353399634361267,0.14481857419013977,0.0014844995457679033,0.45329180359840393,0.13880591094493866,5856,0.008343741297721863,6.057444095611572,0.03092595376074314,11993088,16032,5856,366,-25.437033,0.011791698791785165,0.0013182882707042155,-1.328410804271698,-43.880318,0.025913102913182228,-4.639245817088522e-05,-1.269667448848486,,,0.95,0.9,both,2.556964037931497,2.219720304483646,2.3071734012368696,0.0,-74.875244,2698.82057004087,-25.437033
74,1784886538.2236533,,8.0,,8.0,,6.0,,6.0,,10.0,,10.0,,1.0,,1.0,,4.0,,4.0,,2.0,,2.0,,5.0,,5.0,,8.0,,8.0,,8.959072683006525,,6.798414999619126,,10.0,,1.4354118276387453,,4.471108473837376,,2.4678449127823114,,5.0,,8.9375,3.725290298461914e-09,0.0018212682916782796,0.0020234976127539994,1.5296769700944424,0.35775452852249146,0.8610504269599915,0.24832208454608917,-0.08423030376434326,0.045467913150787354,0.5444155931472778,0.1367015540599823,5936,0.11418541520833969,6.008669376373291,0.034462619572877884,12156928,16236,5936,371,-23.601788,0.014139789150794968,0.0016079232736956328,-1.3584514863789081,-73.574844,0.017487936513498427,0.0023079525359207763,-1.3323975913226604,,,0.95,0.9,both,2.336386532450369,2.520604130195771,0.9785962457934907,0.0,-46.727562,2588.047886476036,-23.601788
75,1784886601.1997116,,8.0,,8.0,,6.0,,6.0,,10.0,,10.0,,1.0,,1.0,,4.0,,4.0,,2.0,,2.0,,5.0,,5.0,,8.0,,8.0,,7.149575578048825,,5.147200748324394,,9.04339350387454,,0.5828416422009468,,3.561845967080444,,1.542703297920525,,4.531095791608095,,7.0,0.0,0.0026888720458373427,0.003366242003721709,1.5302497260272503,0.3378607928752899,0.9286810159683228,0.22746816277503967,0.00451186578720808,0.08702293038368225,0.5605229139328003,0.1380741000175476,6016,0.14269956946372986,4.8198323249816895,0.04968509450554848,12320768,16433,6016,376,-3.3527222,0.009903011679125485,0.001064840954495594,-1.3873170465230942,-52.8825,0.028168452880345286,0.0009499559848336503,-1.341535174846649,,,0.95,0.9,both,2.139347358742671,2.246460172950056,1.1677087924124023,0.0,-78.19446,2601.6217366136043,-3.3527222
76,1784886666.0782523,,8.0,,8.0,,6.0,,6.0,,10.0,,10.0,,1.0,,1.0,,4.0,,4.0,,2.0,,2.0,,5.0,,5.0,,8.0,,8.0,,8.968258831650019,,6.939078226685524,,10.0,,1.4763515498489141,,4.390431236475706,,2.4818668626248837,,5.0,,9.0,1.3969838619232178e-09,0.0007160943932831287,0.007016228646534728,1.5334152095019817,0.32988911867141724,0.9185144901275635,0.23120741546154022,-0.03670269623398781,0.01938512735068798,0.44644272327423096,0.10944834351539612,6096,0.05055610463023186,6.031998634338379,0.02295762114226818,12484608,16618,6096,381,-18.529018,0.012261914223199711,0.0019127174149616622,-1.4304789140820504,-43.655514,0.004961643790011294,0.0007682037699851208,-1.4113918274641037,,,0.95,0.9,both,2.402543940605902,2.2430624123085723,0.9075116680620209,0.0,-40.259243,2525.3340389848463,-18.529018
77,1784886728.93753,,8.0,,8.0,,6.0,,6.0,,10.0,,10.0,,1.0,,1.0,,4.0,,4.0,,2.0,,2.0,,5.0,,5.0,,8.0,,8.0,,7.017114020884037,,5.031363483518362,,9.010576263070107,,0.5071782413870096,,3.5316664651036263,,1.5296565014868975,,4.50377344712615,,7.0,-1.3969838619232178e-09,0.0010862488998100162,0.008200990996556357,1.536027129739523,0.36903753876686096,0.8528547286987305,0.3071690797805786,0.10690567642450333,0.021266240626573563,0.4968947768211365,0.14129814505577087,6176,0.03383699804544449,4.766416072845459,0.10228142142295837,12648448,16841,6176,386,-23.267282,0.017255788506008684,0.0018047894089249894,-1.4233763538300992,-87.33394,0.06880667430814355,0.0019345018838066608,-1.4311557851731778,,,0.95,0.9,both,2.0985894874860223,2.240576331219935,1.7628380351838913,0.0,-76.034386,2606.456731060706,-23.267282
78,1784886792.363153,,8.0,,8.0,,6.0,,6.0,,10.0,,10.0,,1.0,,1.0,,4.0,,4.0,,2.0,,2.0,,5.0,,5.0,,8.0,,8.0,,8.964798018336296,,6.9795836210250854,,10.0,,1.458635055925697,,4.439037996344268,,2.4759840266779065,,5.0,,8.9375,2.3283064365386963e-10,0.00026833207812160254,0.0044334106241876725,1.5495449155569077,0.3556675612926483,0.8195583820343018,0.3005744218826294,-0.0076385680586099625,0.049556948244571686,0.42502889037132263,0.11883249878883362,6256,0.09098812192678452,6.031941890716553,0.026793984696269035,12812288,17046,6256,391,-0.8470149,0.007514431548770517,0.00020424314279807732,-1.51372447386384,-34.20794,0.007558989600511268,0.0005766368631157093,-1.442263189703226,,,0.95,0.9,both,2.4513235215568008,2.3091123651064533,1.5346481889215906,0.0,-63.820198,2583.1831958243592,-0.8470149
79,1784886857.4231393,,8.0,,8.0,,6.0,,6.0,,10.0,,10.0,,1.0,,1.0,,4.0,,4.0,,2.0,,2.0,,5.0,,5.0,,8.0,,8.0,,8.95846139267087,,6.840437272563577,,10.0,,1.488559877499938,,4.4823001734912395,,2.442947675473988,,4.980623811483383,,8.875,-4.656612873077393e-10,0.00033816281938925385,0.006865502829896286,1.5631590075790882,0.19742266833782196,0.88828045129776,0.15487249195575714,0.02793467976152897,0.053000301122665405,0.48639774322509766,0.12311741709709167,6336,0.11798445135354996,6.008541107177734,0.03402746096253395,12976128,17252,6336,396,-23.41463,0.014810726983705535,0.0022810383175965398,-1.567442250996828,-69.78599,0.027008144406136126,0.0019232296996051445,-1.5147737562656403,,,0.95,0.9,both,2.5964686839028004,2.227204838319168,1.1747804315586179,0.0,-55.55025,2518.291238754106,-23.41463
80,1784886922.9316607,,8.0,,8.0,,6.0,,6.0,,10.0,,10.0,,1.0,,1.0,,4.0,,4.0,,2.0,,2.0,,5.0,,5.0,,8.0,,8.0,,7.0361702516674995,,5.0801173616200686,,9.071580223739147,,0.5715692080557346,,3.520667066797614,,1.5070563722401857,,4.520688433200121,,7.0625,-4.656612873077393e-10,0.0015162224881350994,0.0019936452472393285,1.5683760046958923,0.32135528326034546,0.8817596435546875,0.2980470061302185,-0.03333105519413948,0.07590781152248383,0.4910881817340851,0.13488373160362244,6416,0.12349963933229446,4.79629373550415,0.06286090612411499,13139968,17436,6416,401,-1.5004104,0.013523858308326453,0.0012013889929221478,-1.6210242263972758,-43.97495,0.027077631501015276,0.0023597644292749466,-1.565608587116003,,,0.95,0.9,both,2.616333494885425,2.2760312855000278,1.4845338437474829,0.0,-40.307888,2501.048640128511,-1.5004104
81,1784886987.6056368,,8.0,,8.0,,6.0,,6.0,,10.0,,10.0,,1.0,,1.0,,4.0,,4.0,,2.0,,2.0,,5.0,,5.0,,8.0,,8.0,,8.580650524236262,,6.75714092887938,,9.914200497791171,,1.3304186989553273,,4.299738500034437,,2.367791541852057,,4.969064554199576,,8.875,1.862645149230957e-09,-0.0017529725446365774,0.004038643437525025,1.5731567963957787,0.3361565172672272,1.0108174085617065,0.24802397191524506,0.07003915309906006,0.12871894240379333,0.5329881310462952,0.11308656632900238,6496,0.2976340055465698,5.8867506980896,0.02201995626091957,13303808,17626,6496,406,-1.861906,0.01206769174314104,0.0005937735026236623,-1.6318209990859032,-34.9191,0.010537266527535394,0.0007029235250229249,-1.5940471313893796,,,0.95,0.9,both,2.392715191931823,2.1344497529414754,0.5954709961530809,0.0,-48.789024,2533.3223384919743,-1.861906
82,1784887053.0472107,,8.0,,8.0,,6.0,,6.0,,10.0,,10.0,,1.0,,1.0,,4.0,,4.0,,2.0,,2.0,,5.0,,5.0,,8.0,,8.0,,7.2878041453659534,,5.472509186714888,,9.427459798753262,,0.6515020802617073,,3.7403271845541894,,1.6340378737077117,,4.641669769072905,,7.125,-2.7939677238464355e-09,-0.0037482967600226402,0.0052959331587771885,1.586926642805338,0.2947203814983368,0.9348503947257996,0.17009559273719788,0.1297144591808319,0.14808052778244019,0.4398823380470276,0.09333619475364685,6576,0.3309604227542877,4.997538089752197,0.03489690646529198,13467648,17799,6576,411,-25.026037,0.012159399446682073,0.001409931667149067,-1.6791087687015533,-54.793846,0.0064754471197375095,0.0009470759687246755,-1.6566138342022896,,,0.95,0.9,both,2.5866299153664585,2.2779282956313756,0.5972834578294668,0.0,-46.402435,2503.6071059376864,-25.026037
83,1784887117.3138223,,8.0,,8.0,,6.0,,6.0,,10.0,,10.0,,1.0,,1.0,,4.0,,4.0,,2.0,,2.0,,5.0,,5.0,,8.0,,8.0,,7.557472605723888,,5.966370647307485,,9.526647119782865,,1.0960369685199112,,3.7800942761823535,,1.924679053016007,,4.768201419617981,,7.9375,-2.3283064365386963e-09,-0.002357961144298315,0.007478886873286683,1.5895518697798252,0.37551775574684143,0.9345065355300903,0.271696001291275,-0.04124617949128151,0.16769801080226898,0.6116312742233276,0.10647252202033997,6656,0.4480242133140564,5.319624900817871,0.025997480377554893,13631488,17971,6656,416,0.36548167,0.007527032752113883,0.002030575146636693,-1.7503223195672035,-42.03633,0.013156874102423898,0.00038814188010292126,-1.682169920951128,,,0.95,0.9,both,2.616913259423535,2.0928741556203976,0.4440335843560716,0.0,-67.688866,2549.379549851045,0.36548167
84,1784887182.7109332,,8.0,,8.0,,6.0,,6.0,,10.0,,10.0,,1.0,,1.0,,4.0,,4.0,,2.0,,2.0,,5.0,,5.0,,8.0,,8.0,,8.376753891818225,,6.628634791821241,,9.91517293592915,,1.2603574143722653,,4.206204009242356,,2.3033030568622053,,4.884248419199139,,8.25,5.587935447692871e-09,-0.0010841473122127354,0.005128542543388903,1.5871769487857819,0.2588115334510803,0.7775901556015015,0.1824267953634262,-0.004315147176384926,0.14524932205677032,0.5983274579048157,0.1019289493560791,6736,0.3851408064365387,5.728084564208984,0.02955314703285694,13795328,18140,6736,421,6.7591653,0.006504298052459489,0.001864631872740574,-1.7791801989078522,-45.544518,0.00966960140649462,0.0011183040776813868,-1.7454246573150158,,,0.95,0.9,both,2.987666492078259,2.2501054471809936,0.7949925402844504,0.0,-51.89033,2505.3094375405576,6.7591653
85,1784887247.373011,,8.0,,8.0,,6.0,,6.0,,10.0,,10.0,,1.0,,1.0,,4.0,,4.0,,2.0,,2.0,,5.0,,5.0,,8.0,,8.0,,7.014401689171791,,5.1167439660057425,,9.051532844081521,,0.5122158844023943,,3.505999844521284,,1.5053829792886972,,4.524628039449453,,7.0,-3.725290298461914e-09,0.000757340487325564,0.0027775395774369827,1.591844331473112,0.37241411209106445,0.9604520201683044,0.3831438720226288,0.1282252073287964,0.05516493320465088,0.6102237701416016,0.09629827737808228,6816,0.06785807758569717,4.778862953186035,0.04284559190273285,13959168,18309,6816,426,-15.700053,0.009615895035676659,0.0013847694448486437,-1.849547766894102,-72.748924,0.02664902113028802,0.0005578993797826115,-1.7940295293927193,,,0.95,0.9,both,2.8498593575874276,2.1646520854410514,1.4475618858221995,0.0,-34.98519,2533.7880500766855,-15.700053
86,1784887311.3393981,,8.0,,8.0,,6.0,,6.0,,10.0,,10.0,,1.0,,1.0,,4.0,,4.0,,2.0,,2.0,,5.0,,5.0,,8.0,,8.0,,8.92098979279399,,6.864882653579116,,9.98132998868823,,1.371821513865143,,4.409460973809473,,2.3674025585642084,,5.0,,8.9375,-4.656612873077393e-10,0.0009252019226551056,0.009669659317296464,1.5930865295231342,0.3414936363697052,0.8981484174728394,0.30930864810943604,-0.0035015051253139973,0.019884293898940086,0.5116824507713318,0.09626627713441849,6896,0.13456279039382935,5.981673717498779,0.029033901169896126,14123008,18474,6896,431,-1.8934886,0.010125495793181472,0.001672574184340192,-1.91179658472538,-53.398582,0.0219035628659185,0.0011083672019594815,-1.8762744762003423,,,0.95,0.9,both,2.7186900519711985,2.2182513058307696,0.7640736669094329,0.0,-48.576714,2561.345668181427,-1.8934886
87,1784887375.439594,,8.0,,8.0,,6.0,,6.0,,10.0,,10.0,,1.0,,1.0,,4.0,,4.0,,2.0,,2.0,,5.0,,5.0,,8.0,,8.0,,7.149891732260585,,5.1199139226228,,9.155088347382843,,0.5524003598839045,,3.6110487831756473,,1.6205266052857041,,4.572503320407122,,7.125,-1.3969838619232178e-09,6.04171073064208e-05,0.005387881232309155,1.606996688991785,0.2579280138015747,0.9143208265304565,0.2394317090511322,-0.0029483619146049023,0.062214553356170654,0.5411351919174194,0.10481107980012894,6976,0.2103613168001175,4.863296985626221,0.04113462194800377,14286848,18651,6976,436,-4.997483,0.010095827089389785,0.0015213847742415964,-1.960197488218546,-82.40001,0.02548621956957504,0.0015918176810373551,-1.9332314491271974,,,0.95,0.9,both,2.793828233339325,2.401437007862328,0.7804353428869197,0.0,-38.21396,2555.9978007512573,-4.997483
88,1784887438.9610052,,8.0,,8.0,,6.0,,6.0,,10.0,,10.0,,1.0,,1.0,,4.0,,4.0,,2.0,,2.0,,5.0,,5.0,,8.0,,8.0,,7.225481596775353,,5.193632489303127,,9.234764652326703,,0.6854613274335861,,3.6785871353931725,,1.656841938616708,,4.656318100634962,,7.3125,-6.05359673500061e-09,-0.0011880130623467267,0.0013569971151810023,1.6038276702165604,0.2587871849536896,0.8763689398765564,0.18476711213588715,0.15029512345790863,0.037860121577978134,0.5196245908737183,0.08922495692968369,7056,0.2950461506843567,4.955448627471924,0.04082183539867401,14450688,18823,7056,441,10.864965,0.005761231179349124,0.0021513766929274424,-2.0330871134996413,-66.76563,0.016615854640258478,0.0017993675763136707,-1.9711505979299546,,,0.95,0.9,both,3.079868312533183,2.2820551309712718,0.5351921520263705,0.0,-27.10145,2579.288233900369,10.864965
89,1784887501.604414,,8.0,,8.0,,6.0,,6.0,,10.0,,10.0,,1.0,,1.0,,4.0,,4.0,,2.0,,2.0,,5.0,,5.0,,8.0,,8.0,,7.218769104219973,,5.226128306239843,,9.359311901847832,,0.6487065739929676,,3.6211821974720806,,1.624078534077853,,4.70425780210644,,7.25,9.313225746154785e-10,-0.0025367350317537785,0.0022961500835663173,1.60729368776083,0.2933308184146881,0.8757531642913818,0.21801723539829254,-0.00037427060306072235,0.0970294326543808,0.4322105050086975,0.10591769963502884,7136,0.31465762853622437,4.956554412841797,0.05607708916068077,14614528,19010,7136,446,-6.008889,0.008282953791785985,0.0030496394087094814,-2.1029192551970484,-69.98662,0.033215574570931494,0.0028548362868605183,-1.9907018944621087,,,0.95,0.9,both,3.198808833597776,2.5262779862141764,0.7294095185304952,0.0,-46.01433,2615.4386287084,-6.008889
90,1784887564.7328663,,8.0,,8.0,,6.0,,6.0,,10.0,,10.0,,1.0,,1.0,,4.0,,4.0,,2.0,,2.0,,5.0,,5.0,,8.0,,8.0,,8.548998950514942,,6.825979832559824,,10.0,,1.3711963640525937,,4.37364685216744,,2.257286337437108,,4.945318727695849,,8.4375,1.3969838619232178e-08,-0.003628320060670376,0.008051036449614912,1.602901328355074,0.2606368958950043,0.8588699698448181,0.23659199476242065,0.15722884237766266,0.14701615273952484,0.44913485646247864,0.08636084198951721,7216,0.301787793636322,5.8449907302856445,0.036923717707395554,14778368,19190,7216,451,-1.3101076,0.009763546867179684,0.0016308494290569798,-2.092069907486439,-50.13534,0.020056503298110328,0.002463134768549935,-2.042219503223896,,,0.95,0.9,both,2.7508008165496545,2.6565424481206126,0.7586783525841958,0.0,-46.28757,2595.343613953464,-1.3101076
91,1784887626.807742,,8.0,,8.0,,6.0,,6.0,,10.0,,10.0,,1.0,,1.0,,4.0,,4.0,,2.0,,2.0,,5.0,,5.0,,8.0,,8.0,,7.0756625812500715,,5.101715055294335,,9.198252521455288,,0.5337182767689228,,3.6487420187331736,,1.5362272337079048,,4.522112425416708,,7.0625,1.862645149230957e-09,0.00020361642236821353,0.004074320422660094,1.6020905412733555,0.2546570301055908,0.9457895159721375,0.1720658540725708,0.039436548948287964,0.07171283662319183,0.41218551993370056,0.08939744532108307,7296,0.17187391221523285,4.834866046905518,0.02641894482076168,14942208,19366,7296,456,-5.1275597,0.011029961070744321,0.0011719272079062648,-2.0771795764565466,-30.486736,0.011910450816503725,0.00017180312279378994,-2.0419330939650537,,,0.95,0.9,both,2.695781467954919,2.0626817265007817,0.9421576765651806,0.0,-52.854603,2639.3923888264394,-5.1275597
92,1784887688.8376899,,8.0,,8.0,,6.0,,6.0,,10.0,,10.0,,1.0,,1.0,,4.0,,4.0,,2.0,,2.0,,5.0,,5.0,,8.0,,8.0,,7.012023441493512,,5.0374008528888226,,9.00490341708064,,0.51160161010921,,3.524514576420188,,1.5069578606635332,,4.506034843623638,,7.0,-1.6763806343078613e-08,0.001415216422174126,0.005510779501491925,1.6021407768130302,0.26751962304115295,0.9551483988761902,0.2230832874774933,-0.2523311376571655,0.014312056824564934,0.4532374441623688,0.08368478715419769,7376,0.02152622863650322,4.762929439544678,0.02318454161286354,15106048,19535,7376,461,-18.302044,0.009720533119980246,0.0018053509629680775,-2.137243242561817,-20.131664,0.005327138294524048,0.002139860029274132,-2.10744216889143,,,0.95,0.9,both,2.8582538169109952,2.871851489018822,1.773758177934286,0.0,-55.3479,2641.3057458814837,-18.302044
93,1784887750.4651053,,8.0,,8.0,,6.0,,6.0,,10.0,,10.0,,1.0,,1.0,,4.0,,4.0,,2.0,,2.0,,5.0,,5.0,,8.0,,8.0,,7.2261045826599,,5.255942292045802,,9.089699981734157,,0.5522813908755779,,3.6491624834015965,,1.6020889282226562,,4.570891777984798,,7.3125,-9.313225746154785e-10,-0.0019069791305810213,0.006147600877739023,1.6065818555653095,0.21034270524978638,0.8959700465202332,0.1576968878507614,-0.04760086536407471,0.0690150037407875,0.34988898038864136,0.09818955510854721,7456,0.2801803648471832,4.907333850860596,0.02803153358399868,15269888,19717,7456,466,14.300348,0.01546909472090192,0.0015867580797930714,-2.192358006536961,-18.623869,0.015996960626216604,0.0018493039009626956,-2.1509420454502104,,,0.95,0.9,both,2.5407532985958987,2.6999980936529697,0.824227977688385,0.0,-83.7453,2658.559029119791,14.300348
94,1784887811.6093235,,8.0,,8.0,,6.0,,6.0,,10.0,,10.0,,1.0,,1.0,,4.0,,4.0,,2.0,,2.0,,5.0,,5.0,,8.0,,8.0,,7.019826985895634,,5.012714948505163,,9.007816158235073,,0.515598377212882,,3.5050276555120945,,1.515741629526019,,4.510618755593896,,7.0625,-1.1641532182693481e-09,0.0018709096766542643,0.00015968439089419917,1.6058808118104935,0.29094982147216797,0.8272026181221008,0.22808881103992462,-0.012355172075331211,0.02471214532852173,0.42024725675582886,0.10412084311246872,7536,0.057423241436481476,4.768730640411377,0.0327998623251915,15433728,19901,7536,471,-4.791406,0.014574877463746815,0.0016161678737262263,-2.1938349157571793,-59.01061,0.016332293418236075,0.0020703388996480498,-2.1820689290761948,,,0.95,0.9,both,2.586176748193302,2.4985128386279456,1.5432164313731314,0.0,-52.33791,2679.5636592069227,-4.791406
95,1784887873.3869874,,8.0,,8.0,,6.0,,6.0,,10.0,,10.0,,1.0,,1.0,,4.0,,4.0,,2.0,,2.0,,5.0,,5.0,,8.0,,8.0,,7.065918862819672,,5.03622766956687,,9.046015851199627,,0.5512865604832768,,3.5252920035272837,,1.5090670809149742,,4.5974592918064445,,7.0,-5.820766091346741e-10,0.000490341626573354,0.013829370749590453,1.5948696210980415,0.2317771464586258,0.8317201137542725,0.2216843217611313,-0.0035237018018960953,0.05764531344175339,0.4857487678527832,0.07972587645053864,7616,0.07594749331474304,4.791408061981201,0.01759278029203415,15597568,20082,7616,476,-17.814585,0.02398098089033738,0.0022452655161032454,-2.182869537174702,-39.98904,0.01359632718958892,0.002526575457886793,-2.196941930055618,,,0.95,0.9,both,2.748024902310134,2.5213757572842628,1.1670587208226113,0.0,-35.92759,2652.091351535131,-17.814585
96,1784887935.2475457,,8.0,,8.0,,6.0,,6.0,,10.0,,10.0,,1.0,,1.0,,4.0,,4.0,,2.0,,2.0,,5.0,,5.0,,8.0,,8.0,,7.061943009495735,,5.032711993902922,,9.085773201659322,,0.5474308552220464,,3.55704780947417,,1.5242995508015156,,4.557262900285423,,7.0,-1.3969838619232178e-09,-0.00041226152097806334,0.002823982973495731,1.6042825430631638,0.33492207527160645,0.9897363185882568,0.2822532653808594,-0.008465932682156563,0.04671721160411835,0.545434832572937,0.09436450898647308,7696,0.08533249795436859,4.795808792114258,0.056397005915641785,15761408,20267,7696,481,-1.0150887,0.009674870039452799,0.0025418996025109663,-2.1979045137763022,-55.67799,0.03189128380618058,0.0014083122383453882,-2.157728263735771,,,0.95,0.9,both,2.932817060192481,2.611468121846802,1.1079664854944153,0.0,-65.085266,2648.5383691239763,-1.0150887
97,1784887997.9216635,,8.0,,8.0,,6.0,,6.0,,10.0,,10.0,,1.0,,1.0,,4.0,,4.0,,2.0,,2.0,,5.0,,5.0,,8.0,,8.0,,8.342864958918653,,6.502843704074621,,9.911542300949804,,1.2132977885194123,,4.27219701296417,,2.3780334778130054,,4.978422629646957,,8.6875,-4.656612873077393e-10,-0.0007835183059796691,0.0011370264310244238,1.610519528388977,0.20535461604595184,1.088881492614746,0.1859266310930252,-0.011864707805216312,0.057471759617328644,0.3195335268974304,0.07911565154790878,7776,0.32716798782348633,5.7858381271362305,0.014187593944370747,15925248,20451,7776,486,-51.29112,0.018670813454082235,0.0019678178941830993,-2.2377911046147347,-23.824856,0.007521842989081051,0.00264560473151505,-2.1910775721073152,,,0.95,0.9,both,2.719969667264581,2.368231783569505,0.46259851413174313,0.0,-69.292694,2614.1578006358427,-51.29112
98,1784888059.442442,,8.0,,8.0,,6.0,,6.0,,10.0,,10.0,,1.0,,1.0,,4.0,,4.0,,2.0,,2.0,,5.0,,5.0,,8.0,,8.0,,7.565582562237978,,5.384597644384485,,9.479220112785697,,0.863037557923235,,3.814735525753349,,1.729703007848002,,4.674555925419554,,7.6875,-3.725290298461914e-09,-0.006795340101234615,0.002302783334016567,1.6169484332203865,0.22911933064460754,0.9602749943733215,0.21967051923274994,0.05927126854658127,0.08748099952936172,0.4453633427619934,0.10340341180562973,7856,0.41613122820854187,5.149866580963135,0.06298717111349106,16089088,20639,7856,491,-9.333221,0.01455838002730161,0.0009015090050525032,-2.2229034125804903,-24.858686,0.030068742274306715,0.0031137590245634782,-2.1831502810120584,,,0.95,0.9,both,2.559695716071604,2.702149233688343,0.6684953073702569,0.0,-52.279797,2663.1652769671678,-9.333221
99,1784888124.2931068,,8.0,,8.0,,6.0,,6.0,,10.0,,10.0,,1.0,,1.0,,4.0,,4.0,,2.0,,2.0,,5.0,,5.0,,8.0,,8.0,,8.937080694362521,,6.946224592626095,,10.0,,1.4891621116548777,,4.477680987678468,,2.4897617157548666,,5.0,,8.9375,-1.210719347000122e-08,0.0028488177340477705,0.0019221137554268353,1.6206135042011738,0.2112525999546051,0.9056423902511597,0.18326230347156525,-0.18654310703277588,0.03465238958597183,0.3728640079498291,0.0833369791507721,7936,0.08433112502098083,6.0346760749816895,0.021079039201140404,16252928,20831,7936,496,-25.864023,0.016636029531946407,0.001060689237783663,-2.2355586707592012,-42.66253,0.01702045239508152,0.001291425157978665,-2.226356102526188,,,0.95,0.9,both,2.728386373192734,2.519853368064134,2.1423551995962877,0.0,-54.229004,2526.4188304834697,-25.864023
100,1784888186.6861372,,8.0,,8.0,,6.0,,6.0,,10.0,,10.0,,1.0,,1.0,,4.0,,4.0,,2.0,,2.0,,5.0,,5.0,,8.0,,8.0,,8.193365490587894,,6.497919558081776,,9.86180548928678,,1.3157093347981572,,4.163819525158033,,2.262995193421375,,4.938102304469794,,8.1875,1.862645149230957e-09,-0.005818531382828951,0.004837268112169113,1.631236407905817,0.24554072320461273,0.8103601932525635,0.1620289832353592,0.07233930379152298,0.12118543684482574,0.41052213311195374,0.07478871196508408,8016,0.37222015857696533,5.677651882171631,0.027662575244903564,16416768,21024,8016,501,-1.9923515,0.012727865757187828,0.002100429486017674,-2.277762396633625,-47.359997,0.009571674722246825,0.0020565922670357393,-2.234799401462078,,,0.95,0.9,both,2.8717447541846557,2.6212009395530296,0.4351762654547998,0.0,-44.66633,2625.9336127194542,-1.9923515
101,1784888250.1255016,,8.0,,8.0,,6.0,,6.0,,10.0,,10.0,,1.0,,1.0,,4.0,,4.0,,2.0,,2.0,,5.0,,5.0,,8.0,,8.0,,7.0041066855192184,,5.045474249869585,,9.043827559798956,,0.5065813586115837,,3.5336574842222035,,1.501769669353962,,4.509985212236643,,7.0625,-1.862645149230957e-09,0.0007280203280970454,0.0010749802081591042,1.6403893791139126,0.304088294506073,0.8808217644691467,0.27846968173980713,0.14255797863006592,0.06688499450683594,0.3445674479007721,0.08197152614593506,8096,0.07970263063907623,4.77598762512207,0.04402049258351326,16580608,21232,8096,506,-28.096985,0.013154889366705901,0.0016522728932613973,-2.310497498512268,-67.56354,0.02406572946929373,0.0009523009401164017,-2.2669762149453163,,,0.95,0.9,both,3.006942420249893,2.7074370172458244,1.6706892206967787,0.0,-30.766064,2582.6236517581074,-28.096985
102,1784888312.552349,,8.0,,8.0,,6.0,,6.0,,10.0,,10.0,,1.0,,1.0,,4.0,,4.0,,2.0,,2.0,,5.0,,5.0,,8.0,,8.0,,8.672741986811161,,6.556473619770259,,9.996143404161558,,1.2410967089235783,,4.197608671151102,,2.267820918932557,,4.943533753044903,,8.6875,-4.656612873077393e-10,-0.004053442913573235,0.004270379700756166,1.6498177647590637,0.32287395000457764,0.8045431971549988,0.2786816954612732,-0.09212402254343033,0.10925103724002838,0.5114015936851501,0.09822309017181396,8176,0.3264279365539551,5.820364952087402,0.023249000310897827,16744448,21403,8176,511,-33.04861,0.019308838094002568,0.001872102645575069,-2.320038251578808,-33.36437,0.013478587762801909,0.0018411827491945586,-2.3402749598026276,,,0.95,0.9,both,2.7065410611490295,2.993556635575699,0.44537517911690616,0.0,-35.270905,2624.5196063086464,-33.04861
103,1784888376.843945,,8.0,,8.0,,6.0,,6.0,,10.0,,10.0,,1.0,,1.0,,4.0,,4.0,,2.0,,2.0,,5.0,,5.0,,8.0,,8.0,,7.149951448664069,,5.1193939205259085,,9.086850913241506,,0.584547420963645,,3.6157288094982505,,1.5833957571303472,,4.527107262983918,,7.125,5.587935447692871e-09,0.0004092372255399823,0.0018234865165140945,1.6681105606257915,0.3096976578235626,0.865292489528656,0.2486468255519867,-0.088341124355793,0.06058252975344658,0.36924004554748535,0.07716229557991028,8192,0.2037450671195984,4.848997116088867,0.027568446472287178,16908288,21576,8256,516,-9.448585,0.01301119834824931,0.0008265817450592294,-2.3542977228760718,-46.72173,0.01241141597274691,0.0007895853676018305,-2.372002309560776,,,0.95,0.9,both,2.564058746840745,2.2672792041700154,0.9832817935633981,0.0,-19.79196,2548.382263637465,-9.448585
104,1784888439.5776727,,8.0,,8.0,,6.0,,6.0,,10.0,,10.0,,1.0,,1.0,,4.0,,4.0,,2.0,,2.0,,5.0,,5.0,,8.0,,8.0,,7.238532571587712,,5.1852614872623235,,9.104555428028107,,0.5920686819590628,,3.6498280884698033,,1.5862980075762607,,4.575801419094205,,7.25,-2.3283064365386963e-09,0.001264600025024265,0.0018451401956554037,1.6743471026420593,0.27201998233795166,1.0435538291931152,0.2277005910873413,0.06912126392126083,0.08137519657611847,0.5035592317581177,0.09554895758628845,8192,0.26100313663482666,4.897793769836426,0.05329084396362305,17072128,21755,8336,521,6.130102,0.01346180157852359,0.000846696332882857,-2.368971274793148,-47.79111,0.023743818624643608,0.0018085744697600604,-2.3775827050209046,,,0.95,0.9,both,2.7530190899555342,2.4046393250442075,0.8593771394625089,0.0,-19.628712,2611.6740204547023,6.130102
105,1784888502.501389,,8.0,,8.0,,6.0,,6.0,,10.0,,10.0,,1.0,,1.0,,4.0,,4.0,,2.0,,2.0,,5.0,,5.0,,8.0,,8.0,,8.657777700107545,,6.760528411716223,,9.940012838691473,,1.1118753468617797,,4.185814934084192,,2.1640628198802005,,4.963604067452252,,8.4375,4.656612873077393e-10,-0.005403182934969664,0.00043675667484421865,1.6774755157530308,0.19925570487976074,0.781938374042511,0.18412640690803528,-0.03264949470758438,0.0377281978726387,0.46056652069091797,0.07443307340145111,8192,0.36186110973358154,5.777646541595459,0.017946641892194748,17235968,21933,8416,526,-1.1307847,0.012007349249324761,0.0009323360747657717,-2.422285132110119,-41.674267,0.01478385501250159,0.0019726782949874176,-2.397052910923958,,,0.95,0.9,both,2.7205010280973227,3.032601793279383,0.5532916391056221,0.0,-30.600622,2603.7865192878617,-1.1307847
106,1784888564.4604142,,8.0,,8.0,,6.0,,6.0,,10.0,,10.0,,1.0,,1.0,,4.0,,4.0,,2.0,,2.0,,5.0,,5.0,,8.0,,8.0,,7.042469296604395,,5.112204728415236,,9.130525793880224,,0.5464732581749558,,3.5134281553328037,,1.541523509658873,,4.543445888906717,,7.0625,-4.190951585769653e-09,0.001027009799145162,0.0016511825670022517,1.6781541481614113,0.28819674253463745,0.9048234224319458,0.251493901014328,0.08057204633951187,0.07787545770406723,0.4635947346687317,0.09171076118946075,8192,0.1395486444234848,4.81157112121582,0.0782318189740181,17399808,22122,8496,531,-8.903688,0.012502770891296677,0.0014380869135493413,-2.4146740645170213,-62.98463,0.050146220228634776,0.0018291514948941766,-2.405926752090454,,,0.95,0.9,both,2.8437427328223284,2.562222931782409,1.0557034124269769,0.0,-23.55794,2644.331142263273,-8.903688
107,1784888627.3990433,,8.0,,8.0,,6.0,,6.0,,10.0,,10.0,,1.0,,1.0,,4.0,,4.0,,2.0,,2.0,,5.0,,5.0,,8.0,,8.0,,8.691269797622226,,6.6759635880589485,,9.942322339862585,,1.190701895597158,,4.3641998348757625,,2.299006978981197,,4.945517539745197,,8.625,5.587935447692871e-09,-0.0014865181728964671,0.02511294579016976,1.6817077919840813,0.27199670672416687,1.0148398876190186,0.2817423939704895,0.10034047067165375,0.2794235348701477,0.30123573541641235,0.0872483104467392,8192,0.33381912112236023,5.841747760772705,0.022278130054473877,17563648,22315,8576,536,2.0136006,0.008916411286918446,0.002117024727340322,-2.410557009279728,-7.7229795,0.013478634468629024,0.0025089301241678187,-2.411631575226784,,,0.95,0.9,both,3.0052631317237406,2.881437742271596,0.6841926290665781,0.0,-42.89669,2603.1704234614517,2.0136006
108,1784888690.068318,,8.0,,8.0,,6.0,,6.0,,10.0,,10.0,,1.0,,1.0,,4.0,,4.0,,2.0,,2.0,,5.0,,5.0,,8.0,,8.0,,8.723249405622482,,6.491189622553065,,9.807311490178108,,1.3125468515791,,4.289629636099562,,2.2939717159606516,,4.985274906503037,,8.5625,-2.0489096641540527e-08,-0.0001675566309131682,0.009981251336284913,1.6856751553714275,0.21205082535743713,0.8960044384002686,0.18557503819465637,-0.1066996306180954,0.20302021503448486,0.4116477370262146,0.09527330845594406,8192,0.3494323492050171,5.808209419250488,0.03827380761504173,17727488,22507,8656,541,16.46284,0.007932287984294817,0.001254015351878479,-2.420962980389595,-30.541523,0.022574979782802984,0.0029449978814227507,-2.444872885942459,,,0.95,0.9,both,2.9502720951857464,2.5243326890069735,0.4417857808377321,0.0,-44.405853,2614.357260485651,16.46284
109,1784888752.3190002,,8.0,,8.0,,6.0,,6.0,,10.0,,10.0,,1.0,,1.0,,4.0,,4.0,,2.0,,2.0,,5.0,,5.0,,8.0,,8.0,,7.18604307807982,,5.227865517139435,,9.187193375313655,,0.603707991540432,,3.5848500470165163,,1.645294085610658,,4.6515652649104595,,7.125,-9.313225746154785e-10,0.0005550053319893777,0.0024088697791739833,1.6951246596872807,0.282637357711792,0.8770695924758911,0.21518491208553314,0.008952228352427483,0.09854472428560257,0.440034955739975,0.09465077519416809,8192,0.28941020369529724,4.901439666748047,0.02721191570162773,17891328,22697,8736,546,0.8338791,0.010163458628812804,0.0037414987658848987,-2.4335911378264425,-43.812126,0.010166686281445436,0.0018392369383946061,-2.4174852684140204,,,0.95,0.9,both,3.1181720439317444,2.4952335352524857,0.7452827909760665,0.0,-60.61303,2631.938616124354,0.8338791
110,1784888815.166138,,8.0,,8.0,,6.0,,6.0,,10.0,,10.0,,1.0,,1.0,,4.0,,4.0,,2.0,,2.0,,5.0,,5.0,,8.0,,8.0,,7.143291464075446,,5.049628056585789,,9.132156075909734,,0.6186427853535861,,3.5825963728129864,,1.5767271629301831,,4.528890665620565,,7.3125,9.313225746154785e-10,-0.0003794647054746747,0.0011238261386097292,1.701904360204935,0.316847026348114,0.9345967173576355,0.23257528245449066,0.01378644723445177,0.039156313985586166,0.4753319025039673,0.0770697146654129,8192,0.25097188353538513,4.868054389953613,0.01828126236796379,18055168,22871,8816,551,10.134492,0.00877949826681288,0.0009579141973517835,-2.4398260369896887,-23.886927,0.006258507966413163,0.0011072066146880389,-2.4309757918119432,,,0.95,0.9,both,2.8277282358145115,2.5135865361972867,0.7327219014541488,0.0,-40.448685,2606.960852540595,10.134492
111,1784888881.3090937,,8.0,,8.0,,6.0,,6.0,,10.0,,10.0,,1.0,,1.0,,4.0,,4.0,,2.0,,2.0,,5.0,,5.0,,8.0,,8.0,,8.954922661185265,,6.862142853438854,,10.0,,1.4906491469591856,,4.488237842917442,,2.4945498518645763,,5.0,,9.0,-4.656612873077393e-10,0.0016453107818961143,0.00055200896167662,1.709768794476986,0.7112630009651184,1.0633502006530762,0.5189045071601868,0.03110305592417717,0.03017200529575348,0.4576973617076874,0.09569202363491058,8192,0.07320572435855865,6.036312580108643,0.0593569315969944,18219008,23084,8896,556,16.89596,0.011131944198859855,0.0025653054828580933,-2.4378723219037055,-65.847664,0.04964330088114366,0.001197123217571061,-2.430297365784645,,,0.95,0.9,both,2.8651761875283936,3.0062551334187875,1.4339732547759407,0.0,-16.548101,2477.0583310280294,16.89596
112,1784888946.8212807,,8.0,,8.0,,6.0,,6.0,,10.0,,10.0,,1.0,,1.0,,4.0,,4.0,,2.0,,2.0,,5.0,,5.0,,8.0,,8.0,,7.052345361560583,,5.033258382230997,,9.21188835776411,,0.6491913767531514,,3.5260200910270214,,1.5655656538438052,,4.559421710669994,,7.3125,-5.587935447692871e-09,-0.0041478710481897,0.006272595455811825,1.7102004364132881,0.2688573896884918,0.8422691822052002,0.1858440488576889,-0.2200617790222168,0.0795365422964096,0.435110479593277,0.084894560277462,8192,0.19680985808372498,4.863773822784424,0.034129418432712555,18382848,23278,8976,561,-12.951838,0.020121762691996992,0.0010602688118524384,-2.4149652019143106,-58.938732,0.014652531492174603,0.001013555821555201,-2.4354299187660216,,,0.95,0.9,both,2.8159571652995954,2.803502966869675,0.814293198153543,0.0,-28.618063,2500.908886484786,-12.951838
113,1784889011.9029768,,8.0,,8.0,,6.0,,6.0,,10.0,,10.0,,1.0,,1.0,,4.0,,4.0,,2.0,,2.0,,5.0,,5.0,,8.0,,8.0,,7.1874623242765665,,5.16940508002881,,9.077273009344935,,0.628545893356204,,3.616437081247568,,1.6988539065932855,,4.5693510584533215,,7.0625,4.656612873077393e-10,0.0005983661394566298,0.0018595615692902356,1.7107510641217232,0.3278493583202362,0.9768678545951843,0.22635094821453094,-0.06007450446486473,0.05645342916250229,0.3384092450141907,0.07427924871444702,8192,0.2336450070142746,4.8762288093566895,0.013174646534025669,18546688,23467,9056,566,16.945837,0.0095300019995193,0.002378001712349942,-2.3994230806827543,-23.353882,0.00968930962990271,0.0006669499060080852,-2.4614769920706747,,,0.95,0.9,both,2.9925108727290883,2.3701157997003715,0.5863004533845335,0.0,-18.766857,2517.4547132516186,16.945837
114,1784889075.1566944,,8.0,,8.0,,6.0,,6.0,,10.0,,10.0,,1.0,,1.0,,4.0,,4.0,,2.0,,2.0,,5.0,,5.0,,8.0,,8.0,,8.50555633532349,,6.669648354669334,,9.897325539728627,,1.17972353938967,,4.314085000194609,,2.2684644877444953,,4.967069985810667,,8.625,4.656612873077393e-10,-0.0017524890135973692,0.005083339081465965,1.7167898528277874,0.2752503752708435,1.1270731687545776,0.2185514122247696,-0.04585319384932518,0.12098127603530884,0.43508490920066833,0.07065293192863464,8192,0.34458136558532715,5.803358554840088,0.024986060336232185,18710528,23645,9136,571,-0.8195075,0.014311118496698328,0.0011265998822636903,-2.416386792063713,-29.824741,0.01165833872219082,0.0005767634123913012,-2.4154722511768343,,,0.95,0.9,both,2.793016368502049,2.462085732137763,0.5929236565191649,0.0,-31.847446,2590.199928263015,-0.8195075
115,1784889139.6799595,,8.0,,8.0,,6.0,,6.0,,10.0,,10.0,,1.0,,1.0,,4.0,,4.0,,2.0,,2.0,,5.0,,5.0,,8.0,,8.0,,8.822357673197985,,6.822053684853017,,10.0,,1.3696764116175473,,4.3996777050197124,,2.333873744821176,,4.970815798267722,,8.875,1.3969838619232178e-09,0.0003407369658816606,0.0023959980171639472,1.7386835813522339,0.2507941722869873,0.9684984683990479,0.18403662741184235,0.10666796565055847,0.07032864540815353,0.443546861410141,0.0764508843421936,8192,0.24652785062789917,5.94918155670166,0.025080688297748566,18874368,23818,9216,576,7.339003,0.011783411429496482,0.0010342919515096583,-2.4229791909456253,-25.231241,0.014786670610192232,0.0018534163842559791,-2.445511318743229,,,0.95,0.9,both,2.8132166309719437,2.558532002332913,0.6194242812825095,0.0,-15.094953,2539.2390632254874,7.339003
116,1784889203.4935613,,8.0,,8.0,,6.0,,6.0,,10.0,,10.0,,1.0,,1.0,,4.0,,4.0,,2.0,,2.0,,5.0,,5.0,,8.0,,8.0,,8.08299444860313,,6.2722421830985695,,9.925107087939978,,1.0817822108510882,,4.223961720708758,,1.9009392133448273,,4.845780530013144,,8.5,0.0,0.0007064735400490463,0.00213113400968723,1.744750052690506,0.29144805669784546,0.906396746635437,0.2036179155111313,-0.010550285689532757,0.09386846423149109,0.43807828426361084,0.08814937621355057,8192,0.38674893975257874,5.604101181030273,0.049286238849163055,19038208,23994,9296,581,17.766842,0.009890002838801593,0.0012112602358683943,-2.428492210805416,-28.846003,0.016765075968578458,0.001747904326475691,-2.433193747699261,,,0.95,0.9,both,2.664657137978897,2.9462305254205,0.5025915224037266,0.0,-10.439715,2567.4778177367184,17.766842
117,1784889265.415911,,8.0,,8.0,,6.0,,6.0,,10.0,,10.0,,1.0,,1.0,,4.0,,4.0,,2.0,,2.0,,5.0,,5.0,,8.0,,8.0,,7.05226313136518,,5.05674035847187,,9.116294721141458,,0.5088520478457212,,3.517624968662858,,1.5227765124291182,,4.516210166737437,,7.0,-1.862645149230957e-09,6.897363346070051e-05,0.002112314188707387,1.7571552731096745,0.2420937418937683,0.8771746158599854,0.18008838593959808,0.10933557897806168,0.021455802023410797,0.5131596326828003,0.0946732759475708,8192,0.08640904724597931,4.7863450050354,0.07563202828168869,19202048,24175,9376,586,0.4686222,0.01155449303041678,0.0016960234963335097,-2.452697406709194,-43.32319,0.02360201518749818,0.0017740368348313496,-2.432843752205372,,,0.95,0.9,both,2.940794010302324,2.513789863742604,0.9909745931105206,0.0,-33.69696,2645.894158332117,0.4686222
118,1784889328.0025997,,8.0,,8.0,,6.0,,6.0,,10.0,,10.0,,1.0,,1.0,,4.0,,4.0,,2.0,,2.0,,5.0,,5.0,,8.0,,8.0,,7.455051900353283,,5.436121901962906,,9.316090119071305,,0.7112897522747517,,3.6992940637283027,,1.7701279879547656,,4.650280489353463,,7.5,1.3969838619232178e-09,-0.005220752151217312,0.0014126832465990447,1.7629021257162094,0.24960137903690338,0.8632479906082153,0.2180817425251007,-0.08172079920768738,0.0747160091996193,0.5035635828971863,0.057899110019207,8192,0.4189465343952179,5.067281723022461,0.024334125220775604,19365888,24343,9456,591,8.947949,0.0101126590045169,0.002427883724158164,-2.4853323504328726,-50.067696,0.009368105148314498,0.0021990047389408574,-2.4916528135538103,,,0.95,0.9,both,3.1213629459817867,3.018275724959122,0.4508425023552909,0.0,-31.422201,2617.809312264877,8.947949
119,1784889390.7597535,,8.0,,8.0,,6.0,,6.0,,10.0,,10.0,,1.0,,1.0,,4.0,,4.0,,2.0,,2.0,,5.0,,5.0,,8.0,,8.0,,8.124862877652049,,6.281980033032596,,9.721686583012342,,0.9578340813095565,,4.152886630035937,,2.1522744689136744,,4.893669838980713,,8.0,3.725290298461914e-09,-0.005111056030727923,0.0021285306611389387,1.760571539402008,0.23969198763370514,0.8266342282295227,0.20232190191745758,-0.050569724291563034,0.09401772171258926,0.2398132085800171,0.05032753944396973,8192,0.4787499010562897,5.535649299621582,0.007775706239044666,19529728,24518,9536,596,16.669958,0.0074953458533855155,0.00273063480926794,-2.4998027116060255,-15.4740505,0.006664886123326141,0.0016921363465371541,-2.481642450392246,,,0.95,0.9,both,3.008374092473331,2.5691733195872266,0.4225536362083107,0.0,-33.363487,2610.699785178075,16.669958
120,1784889455.056767,,8.0,,8.0,,6.0,,6.0,,10.0,,10.0,,1.0,,1.0,,4.0,,4.0,,2.0,,2.0,,5.0,,5.0,,8.0,,8.0,,7.923777747433633,,6.208531990647316,,9.793023316189647,,1.0311381308129057,,4.0598467024974525,,2.0311491526663303,,4.880023054196499,,8.3125,0.0,-0.002789523045066744,0.004201084564556368,1.7704990915954113,0.19392967224121094,0.9267337322235107,0.1486218124628067,0.017450448125600815,0.1251884549856186,0.400014728307724,0.06646847724914551,8192,0.4693332016468048,5.529998302459717,0.02774515002965927,19693568,24689,9616,601,18.06565,0.006405201907909941,0.0014710705479956232,-2.5303421303629876,-28.51391,0.0078815742264851,0.0017461791401728987,-2.5076542854309083,,,0.95,0.9,both,2.9362868137021296,3.123243657084995,0.3870062020939072,0.0,-11.9753065,2548.1736992332517,18.06565
121,1784889519.314152,,8.0,,8.0,,6.0,,6.0,,10.0,,10.0,,1.0,,1.0,,4.0,,4.0,,2.0,,2.0,,5.0,,5.0,,8.0,,8.0,,8.489642283602734,,6.732266895473003,,9.953421626240015,,1.2650884536560625,,4.2474184962920845,,2.4050461670849472,,4.986030659638345,,8.6875,1.3969838619232178e-09,-0.000195804750546813,0.004458738141693175,1.7707175575196743,0.2931135296821594,0.9495584964752197,0.23772524297237396,-0.013123122975230217,0.07313638925552368,0.39421507716178894,0.06933648884296417,8192,0.33472952246665955,5.84580135345459,0.035228483378887177,19857408,24866,9696,606,10.127789,0.009904627758078276,0.001499804363993462,-2.5348488092422485,-34.78782,0.02774858389166184,0.001644044538261369,-2.551907628774643,,,0.95,0.9,both,2.7905720879588256,2.8293997848182624,0.6227000704047072,0.0,-14.248682,2549.745072049976,10.127789
122,1784889581.6171477,,8.0,,8.0,,6.0,,6.0,,10.0,,10.0,,1.0,,1.0,,4.0,,4.0,,2.0,,2.0,,5.0,,5.0,,8.0,,8.0,,7.0197759829461575,,5.007409680634737,,9.054772754199803,,0.5094599425792694,,3.5250507947057486,,1.5031561255455017,,4.528183760121465,,7.0,-2.7939677238464355e-09,-1.9340688595548272e-05,0.0032945377643045504,1.774961918592453,0.2569904625415802,0.9605045914649963,0.21284019947052002,-0.07196013629436493,0.01999935321509838,0.43100541830062866,0.08956330269575119,8192,0.05403561145067215,4.7684760093688965,0.05545919016003609,20021248,25057,9776,611,-16.944225,0.015646634687436746,2.836289640981704e-05,-2.5461028426885606,-50.329384,0.035664796736091374,0.00194309090875322,-2.5760822772979735,,,0.95,0.9,both,2.2794863884128693,2.6154658130013675,1.345244188231711,0.0,-32.40914,2629.7308143582386,-16.944225
123,1784889643.7341936,,8.0,,8.0,,6.0,,6.0,,10.0,,10.0,,1.0,,1.0,,4.0,,4.0,,2.0,,2.0,,5.0,,5.0,,8.0,,8.0,,7.20420356374234,,5.084420122206211,,9.163056943332776,,0.6095766797661781,,3.5984119484201074,,1.5269164368510246,,4.608624700456858,,7.3125,0.0,-0.002299872925505042,0.0020539215138342115,1.7809023670852184,0.23876014351844788,0.7719654440879822,0.19899992644786835,-0.05094938352704048,0.0305568166077137,0.42435622215270996,0.08502477407455444,8192,0.266565203666687,4.888463497161865,0.04731360450387001,20185088,25227,9856,616,16.402908,0.006425051744736265,0.0013566013949457556,-2.5837617009878158,-32.31653,0.030960639857221396,0.0003666684715426527,-2.5550231277942657,,,0.95,0.9,both,3.061325815259925,2.475640516323346,0.7718806540671641,0.0,-47.443176,2637.6025067239,16.402908
124,1784889708.957814,,8.0,,8.0,,6.0,,6.0,,10.0,,10.0,,1.0,,1.0,,4.0,,4.0,,2.0,,2.0,,5.0,,5.0,,8.0,,8.0,,7.0979754738509655,,5.079117884160951,,9.195017489604652,,0.6435307925567031,,3.6088803303427994,,1.5162282474339008,,4.548147229477763,,7.0,-3.958120942115784e-09,0.00021646212553605437,0.00016818320648326335,1.78234476223588,0.2724335193634033,1.1039607524871826,0.23163357377052307,0.066154345870018,0.026344574987888336,0.3755306005477905,0.08603226393461227,8192,0.14942696690559387,4.836112022399902,0.05540718510746956,20348928,25405,9936,621,-16.361065,0.010755990727921017,0.002532528313167859,-2.591752879321575,-14.699141,0.027844617667142302,0.0036586564194294622,-2.586725915968418,,,0.95,0.9,both,3.142839747949581,2.6766353427336873,0.7686996659507304,0.0,-13.709925,2511.9730949924715,-16.361065
125,1784889772.319492,,8.0,,8.0,,6.0,,6.0,,10.0,,10.0,,1.0,,1.0,,4.0,,4.0,,2.0,,2.0,,5.0,,5.0,,8.0,,8.0,,7.01312605664134,,5.103443723171949,,9.008295767009258,,0.5087806936353445,,3.5088246930390596,,1.5658591035753489,,4.515493866056204,,7.0625,-9.313225746154785e-10,0.002209249301813543,0.003578372623451287,1.7865700237452984,0.32737675309181213,1.0135585069656372,0.3646685481071472,-0.06728827953338623,0.11597277224063873,0.28461599349975586,0.06410888582468033,8192,0.11794475466012955,4.785789966583252,0.018614040687680244,20512768,25587,10016,626,0.9825796,0.010016718041151762,0.002256202969874721,-2.5835428088903427,-21.84412,0.00498298520105891,0.002795133334439015,-2.593579612672329,,,0.95,0.9,both,2.7589091574929387,3.0041422840922714,1.045332585037849,0.0,-56.857685,2585.787342560871,0.9825796
126,1784889836.5009186,,8.0,,8.0,,6.0,,6.0,,10.0,,10.0,,1.0,,1.0,,4.0,,4.0,,2.0,,2.0,,5.0,,5.0,,8.0,,8.0,,8.974960777908564,,6.930346056818962,,10.0,,1.4815247412770987,,4.481465682387352,,2.434124406427145,,5.0,,9.0,-1.1641532182693481e-09,0.00035365819348953664,0.004958726993208984,1.7920993641018867,0.2882617712020874,1.04591703414917,0.2707624137401581,-0.02842978574335575,0.019788242876529694,0.4620966613292694,0.07185912132263184,8192,0.07069369405508041,6.037802696228027,0.03168916702270508,20676608,25768,10096,631,8.0701475,0.006556955489213578,0.0003073661355301738,-2.6426368907094,-17.472372,0.019049129617633297,0.0036620545281039084,-2.6324735552072527,,,0.95,0.9,both,2.9561360824493113,3.3010200272746197,1.1297582095236747,0.0,-33.61689,2552.7645114780275,8.0701475
127,1784889900.6757352,,8.0,,8.0,,6.0,,6.0,,10.0,,10.0,,1.0,,1.0,,4.0,,4.0,,2.0,,2.0,,5.0,,5.0,,8.0,,8.0,,8.859510067850351,,6.882572676986456,,9.993469453882426,,1.4274332618806511,,4.436672879382968,,2.38548981648637,,4.973259916529059,,8.875,-1.3969838619232178e-09,-0.001814583025407046,0.0015006540043032146,1.7921733111143112,0.25526395440101624,0.767274796962738,0.191034734249115,0.019246138632297516,0.04193393886089325,0.3953254818916321,0.07551881670951843,8192,0.20359863340854645,5.979176044464111,0.02935897745192051,20840448,25945,10176,636,-35.30301,0.01822187100769952,0.0005680374764779117,-2.6044175371527674,-50.368515,0.020962324499851092,0.0017227076954441146,-2.6181663900613783,,,0.95,0.9,both,2.661043833169038,2.7455448259949393,0.8037789095493405,0.0,-20.85409,2553.0259598194875,-35.30301
128,1784889963.2738812,,8.0,,8.0,,6.0,,6.0,,10.0,,10.0,,1.0,,1.0,,4.0,,4.0,,2.0,,2.0,,5.0,,5.0,,8.0,,8.0,,7.024571489542723,,5.001428384333849,,9.027681335806847,,0.506608884781599,,3.50683631002903,,1.5046742744743824,,4.501999478787184,,7.0625,-3.725290298461914e-09,0.0011252989061176777,0.005533150091650896,1.7966395057737827,0.21475590765476227,0.8851625919342041,0.1987241804599762,0.06712830811738968,0.0061288317665457726,0.43856140971183777,0.07345367223024368,8192,0.053308308124542236,4.767037391662598,0.08335267752408981,21004288,26130,10256,641,0.15700607,0.012101768830325455,0.002201236337714363,-2.6418404996395113,-31.957596,0.03558851249399595,0.0012894063846033532,-2.612595383822918,,,0.95,0.9,both,2.7570165521903727,2.675637369739151,1.4239283993153387,0.0,-32.956882,2617.3292482693723,0.15700607
129,1784890023.7309532,,8.0,,8.0,,6.0,,6.0,,10.0,,10.0,,1.0,,1.0,,4.0,,4.0,,2.0,,2.0,,5.0,,5.0,,8.0,,8.0,,8.683968133293092,,6.87133390782401,,10.0,,1.3843781682662666,,4.422519622370601,,2.392892195377499,,4.978237431496382,,8.9375,-1.3969838619232178e-09,0.0004206436569802463,0.0020622911706595914,1.8087942153215408,0.2245316356420517,0.8986706733703613,0.20697544515132904,0.05828612297773361,0.09109474718570709,0.363498717546463,0.06182986497879028,8192,0.2228618711233139,5.958853244781494,0.025388874113559723,21168128,26325,10336,646,18.648932,0.013527900408371351,0.004193892818875611,-2.634111265838146,-32.67404,0.023204536532284693,-0.00026936717695207334,-2.616474711894989,,,0.95,0.9,both,3.212754507513133,2.483463057254268,0.5481836950457931,0.0,-54.06714,2710.022253722287,18.648932
130,1784890084.8821936,,8.0,,8.0,,6.0,,6.0,,10.0,,10.0,,1.0,,1.0,,4.0,,4.0,,2.0,,2.0,,5.0,,5.0,,8.0,,8.0,,7.918964731390588,,5.952123566821683,,9.463205457199365,,0.8784203550312668,,4.081785670481622,,2.0146360054786783,,4.777800156967714,,8.0625,5.587935447692871e-09,-0.014408431656192988,0.0024347944527107757,1.8087707124650478,0.25290197134017944,0.8980509042739868,0.17311915755271912,-0.12364935874938965,0.08868376165628433,0.354897141456604,0.0676865354180336,8192,0.47337380051612854,5.393679618835449,0.049181804060935974,21331968,26527,10416,651,-13.29331,0.014918885502265767,0.0021422562887892125,-2.672454500198364,-54.041004,0.03406871276674792,0.001082190265879035,-2.675242248177528,,,0.95,0.9,both,3.0280276556618007,2.5516319942111996,0.37622118558657297,0.0,-40.04107,2679.2588475140738,-13.29331
131,1784890145.0599582,,8.0,,8.0,,6.0,,6.0,,10.0,,10.0,,1.0,,1.0,,4.0,,4.0,,2.0,,2.0,,5.0,,5.0,,8.0,,8.0,,8.47789691388607,,6.408744992571883,,9.887164376676083,,1.0663855174789205,,4.13380096340552,,2.2486193673685193,,4.960723177995533,,8.3125,-1.7462298274040222e-09,-0.008610562537796795,0.0007088368420227198,1.8063197918236256,0.1880752146244049,0.9580150842666626,0.20434452593326569,0.009194953367114067,0.05021250620484352,0.46166014671325684,0.06151536479592323,8192,0.4231806695461273,5.6869797706604,0.02294757403433323,21495808,26705,10496,656,-15.072382,0.018444227572763337,0.0005293735506711527,-2.6540130004286766,-54.208946,0.017357225561863743,0.0019480578492220956,-2.7054215610027312,,,0.95,0.9,both,2.9046339787430755,2.9432590674305352,0.3143056466098384,0.0,-39.279488,2722.600484144695,-15.072382
132,1784890206.6209655,,8.0,,8.0,,6.0,,6.0,,10.0,,10.0,,1.0,,1.0,,4.0,,4.0,,2.0,,2.0,,5.0,,5.0,,8.0,,8.0,,8.870348408818245,,6.451097427401692,,9.985886494861916,,1.3634906215593219,,4.292354514822364,,2.208447018871084,,4.961382602341473,,8.625,0.0,-0.011353585228789598,0.004734325688332319,1.8232348002493382,0.26372030377388,0.8448059558868408,0.19881074130535126,-0.1871461719274521,0.11727307736873627,0.3332505524158478,0.05355801805853844,8192,0.28955942392349243,5.844750881195068,0.02473941445350647,21659648,26883,10576,661,2.082049,0.009209977053978946,0.001993467971624341,-2.6786985605955125,-27.604923,0.005766017573478166,0.000980169969261624,-2.6873417392373087,,,0.95,0.9,both,3.145820892343215,2.9189189036663907,0.43053752355984276,0.0,-15.684168,2661.424858592432,2.082049
133,1784890268.2022164,,8.0,,8.0,,6.0,,6.0,,10.0,,10.0,,1.0,,1.0,,4.0,,4.0,,2.0,,2.0,,5.0,,5.0,,8.0,,8.0,,8.039259681594558,,5.903243810869753,,9.538595013320446,,0.9331508954055607,,3.9903816976584494,,2.1049337880685925,,4.866092701908201,,8.0,-4.6566128730773926e-09,-0.010400307772215456,0.0053320427614380606,1.8427152521908283,0.1629180908203125,0.9476966261863708,0.16025352478027344,-0.009647196158766747,0.14884178340435028,0.32557669281959534,0.06506946682929993,8192,0.4855025112628937,5.421957492828369,0.02977987937629223,21823488,27071,10656,666,-23.589806,0.024940307775978,0.0020229460365953854,-2.7093484699726105,-46.419544,0.017872678709682076,0.0023792296662577426,-2.6820083558559418,,,0.95,0.9,both,2.5784003839162026,2.5405550665162027,0.3242620520543993,0.0,-46.04095,2660.550204042293,-23.589806
134,1784890331.2509196,,8.0,,8.0,,6.0,,6.0,,10.0,,10.0,,1.0,,1.0,,4.0,,4.0,,2.0,,2.0,,5.0,,5.0,,8.0,,8.0,,7.366867083124816,,5.282187926582992,,9.299828537739813,,0.6020573761779815,,3.7125387580599636,,1.568967358674854,,4.62287943251431,,7.375,-1.1641532182693481e-08,-0.0007310014334507287,0.017943470447789878,1.8479212783277035,0.2595684230327606,0.9136587381362915,0.2391883134841919,-0.11290372908115387,0.14898240566253662,0.3918779492378235,0.06295599043369293,8192,0.34789150953292847,4.978791236877441,0.02904788963496685,21987328,27252,10736,671,17.563635,0.010871050338027998,0.0018344870062719566,-2.726526382565498,-33.43192,0.01794065882859286,0.0015667733605368994,-2.7407438561320303,,,0.95,0.9,both,2.8282432892277725,2.5688268142677146,0.6989021145896002,0.0,-31.7748,2598.626778952415,17.563635
135,1784890392.3881474,,8.0,,8.0,,6.0,,6.0,,10.0,,10.0,,1.0,,1.0,,4.0,,4.0,,2.0,,2.0,,5.0,,5.0,,8.0,,8.0,,7.355869526974857,,5.373454151209444,,9.449796060100198,,0.7078104196116328,,3.7120520104654133,,1.6729503637179732,,4.646971890702844,,7.5,0.0,0.00025239045498892665,0.0021075538388686255,1.8537416271865368,0.23923006653785706,0.8642785549163818,0.17259734869003296,0.024319633841514587,0.09128933399915695,0.35850897431373596,0.0658271312713623,8192,0.4227677583694458,5.05236291885376,0.030631478875875473,22151168,27434,10816,676,-39.012733,0.015297087866929359,0.003357185103232041,-2.7283045187592507,-27.4463,0.012968303862726316,0.0011407304511521943,-2.7529282689094545,,,0.95,0.9,both,3.0128833209109276,2.7005459710602095,0.44960435485742434,0.0,-85.065475,2679.872101088766,-39.012733
136,1784890452.0168056,,8.0,,8.0,,6.0,,6.0,,10.0,,10.0,,1.0,,1.0,,4.0,,4.0,,2.0,,2.0,,5.0,,5.0,,8.0,,8.0,,7.534755935892463,,5.396358988247812,,9.126538360491395,,0.7133992593735456,,3.6067978870123625,,1.7258123101200908,,4.633382426574826,,7.3125,9.313225746154785e-10,0.0005841788370162249,0.001452641088690143,1.8564000725746155,0.2740671634674072,0.826554000377655,0.2664162516593933,0.050771843641996384,0.07742477208375931,0.5132505893707275,0.07522131502628326,8192,0.37374359369277954,5.006193161010742,0.08787181973457336,22315008,27634,10896,681,11.008108,0.007332184496044647,0.0031242301178281196,-2.8049067512154577,-66.54686,0.04468282522866503,0.002301224933398771,-2.7613555535674097,,,0.95,0.9,both,3.2688894870645058,2.762441653692477,0.436835948196168,0.0,-60.16214,2747.6723685193165,11.008108
137,1784890512.7893863,,8.0,,8.0,,6.0,,6.0,,10.0,,10.0,,1.0,,1.0,,4.0,,4.0,,2.0,,2.0,,5.0,,5.0,,8.0,,8.0,,7.442896072403528,,5.226391546428204,,9.28570606932044,,0.7486379679758102,,3.7122798960190266,,1.7371130688115954,,4.6523543037474155,,7.375,-9.313225746154785e-10,-0.0022171640302985907,0.003883177625539247,1.858304288238287,0.3089129328727722,0.9339958429336548,0.22372907400131226,-0.01887359283864498,0.11510775238275528,0.5238966941833496,0.0943467766046524,8192,0.3786041736602783,5.022547245025635,0.112909235060215,22478848,27843,10976,686,9.175423,0.008397590192907955,0.0011090989399235695,-2.770008331537247,-74.69925,0.05478941383771598,0.002188642120745499,-2.7709012538194657,,,0.95,0.9,both,2.8622195294204067,3.05073702879016,0.47743923254775533,0.0,-33.913593,2695.952397113223,9.175423
138,1784890575.6130857,,8.0,,8.0,,6.0,,6.0,,10.0,,10.0,,1.0,,1.0,,4.0,,4.0,,2.0,,2.0,,5.0,,5.0,,8.0,,8.0,,7.018575273454189,,5.055617615580559,,9.018290653824806,,0.5072781909257174,,3.5128217563033104,,1.5274035818874836,,4.522949127480388,,7.0,4.190951585769653e-09,0.0015403066063299775,0.0020902107116853585,1.8594770282506943,0.23245340585708618,0.8574450612068176,0.20753443241119385,0.03501870483160019,0.02075257897377014,0.49688559770584106,0.09402713179588318,8192,0.05376891791820526,4.77036714553833,0.08734288066625595,22642688,28044,11056,691,17.619053,0.007762144971638918,0.002223637946008239,-2.7130364939570426,-40.575634,0.04073653119849041,0.0014705369831062853,-2.76029195189476,,,0.95,0.9,both,2.858071783472564,2.757774199881608,1.2574065562971204,0.0,-17.700623,2607.933428485059,17.619053
139,1784890636.9180112,,8.0,,8.0,,6.0,,6.0,,10.0,,10.0,,1.0,,1.0,,4.0,,4.0,,2.0,,2.0,,5.0,,5.0,,8.0,,8.0,,7.194700762629509,,5.22269434237387,,9.208318170160055,,0.5537561411038041,,3.6448179171420634,,1.702887789462693,,4.559673201292753,,7.0625,-2.7939677238464355e-09,0.0009559473837725818,0.0021385699474194553,1.8640451990067959,0.25998225808143616,0.8887606263160706,0.21227644383907318,-0.0028269924223423004,0.0943538025021553,0.5035379528999329,0.08555600047111511,8192,0.25248101353645325,4.8936686515808105,0.07196167856454849,22806528,28249,11136,696,10.13896,0.011710564346867614,0.001823353167856112,-2.713920518755913,-50.862476,0.037505534070078284,0.0026085184355906675,-2.7391487538814543,,,0.95,0.9,both,3.1508229748987757,2.9276788774741243,0.5929053882806847,0.0,-28.00642,2672.5427705363068,10.13896
140,1784890698.6103508,,8.0,,8.0,,6.0,,6.0,,10.0,,10.0,,1.0,,1.0,,4.0,,4.0,,2.0,,2.0,,5.0,,5.0,,8.0,,8.0,,7.0905994195491076,,5.028813730925321,,9.086939077824354,,0.5191060267388821,,3.5289204623550177,,1.5087758470326662,,4.5589323826134205,,7.1875,-9.313225746154785e-10,9.491568198427558e-05,0.0003435278645156359,1.8822382763028145,0.2889394760131836,0.9229907989501953,0.241079181432724,0.05768270045518875,0.036704838275909424,0.4805021584033966,0.08942484855651855,8192,0.15250042080879211,4.813698768615723,0.03665214404463768,22970368,28481,11216,701,-26.90733,0.024695707845967262,0.0028437701999791897,-2.7609471037983893,-56.919395,0.045730890985578296,0.00040320266052731315,-2.743261660635471,,,0.95,0.9,both,2.808766593294727,2.8047727938987537,0.8545263801530714,0.0,-34.238983,2655.758299729443,-26.90733
141,1784890762.6998513,,8.0,,8.0,,6.0,,6.0,,10.0,,10.0,,1.0,,1.0,,4.0,,4.0,,2.0,,2.0,,5.0,,5.0,,8.0,,8.0,,7.142779103014618,,5.112047681584954,,9.09397901315242,,0.5081579051911831,,3.5271396338939667,,1.5105543229728937,,4.518410157412291,,7.125,3.259629011154175e-09,0.0007566846907138824,0.003820563404588029,1.8789551295340061,0.2078830450773239,0.9658166170120239,0.1340179592370987,-0.05573677644133568,0.08547966182231903,0.4690247178077698,0.07036259770393372,8192,0.1755153238773346,4.817258358001709,0.046159595251083374,23134208,28676,11296,706,-6.193429,0.015472727981978096,0.0012652320707275066,-2.7477792635560037,-61.044136,0.022590252012014388,0.0008442675083642825,-2.7067935511469843,,,0.95,0.9,both,2.573248011583836,2.870772643516974,0.6101557947229138,0.0,-19.983027,2556.425303084703,-6.193429
142,1784890825.1559231,,8.0,,8.0,,6.0,,6.0,,10.0,,10.0,,1.0,,1.0,,4.0,,4.0,,2.0,,2.0,,5.0,,5.0,,8.0,,8.0,,7.316023314371705,,5.164672199636698,,9.271757761016488,,0.5855725388973951,,3.829452614299953,,1.7415541771333665,,4.587316688615829,,7.375,-3.725290298461914e-09,-0.003510144364554435,0.0063596152103855275,1.8885434344410896,0.19076356291770935,0.8706237077713013,0.1746172308921814,-0.08528290688991547,0.1495279222726822,0.45835959911346436,0.06770837306976318,8192,0.3648182153701782,4.983918190002441,0.12235723435878754,23298048,28892,11376,711,-7.436576,0.01478490995359607,0.001015798367006937,-2.7686039224267005,-31.04628,0.0340914077940397,0.0034523834656283725,-2.7593248054385184,,,0.95,0.9,both,2.733946725639556,3.0244457647104275,0.6899978774484024,0.0,-20.03759,2623.2832230942445,-7.436576
143,1784890886.429401,,8.0,,8.0,,6.0,,6.0,,10.0,,10.0,,1.0,,1.0,,4.0,,4.0,,2.0,,2.0,,5.0,,5.0,,8.0,,8.0,,7.700613947119564,,5.566233994904906,,9.6132591063797,,0.9918675402150257,,3.880489352333825,,1.88651133608073,,4.7097087232687045,,7.625,-4.6566128730773926e-09,-0.005263122133328579,0.003859995849779807,1.8890053741633892,0.24155980348587036,0.948544442653656,0.25525856018066406,0.11904608458280563,0.12602627277374268,0.5372887849807739,0.07184865325689316,8192,0.46976664662361145,5.246710300445557,0.0993693619966507,23461888,29093,11456,716,1.8872592,0.014596442159381695,0.0015263209512340835,-2.748276321589947,-59.40072,0.042924073513131586,0.0013366094266530127,-2.7535381361842157,,,0.95,0.9,both,3.054384782594731,2.9706845740381134,0.3250862012217247,0.0,-25.22768,2673.914058345359,1.8872592
144,1784890947.037397,,8.0,,8.0,,6.0,,6.0,,10.0,,10.0,,1.0,,1.0,,4.0,,4.0,,2.0,,2.0,,5.0,,5.0,,8.0,,8.0,,8.712667901068926,,6.602862264961004,,10.0,,1.4679589876905084,,4.4806085135787725,,2.448762757703662,,4.9530666675418615,,8.8125,-3.026798367500305e-09,0.0006660917424596846,0.004337429898441769,1.892110362648964,0.15765836834907532,1.010284423828125,0.13195401430130005,0.02835000678896904,0.11414264142513275,0.3534916639328003,0.05187024921178818,8192,0.25520750880241394,5.934803485870361,0.022773155942559242,23625728,29284,11536,721,-46.772896,0.029548617283580825,-0.00011926603183383122,-2.746579234302044,-46.638496,0.015622787157190033,0.0014273109030909837,-2.755110225081444,,,0.95,0.9,both,2.5414744605429074,2.6402506184322085,0.7389720530222669,0.0,-45.534176,2703.2733092999774,-46.772896
145,1784891008.0035894,,8.0,,8.0,,6.0,,6.0,,10.0,,10.0,,1.0,,1.0,,4.0,,4.0,,2.0,,2.0,,5.0,,5.0,,8.0,,8.0,,7.820736269466579,,5.580041253939271,,9.44963956810534,,0.8710799901746213,,3.7634391160681844,,1.7321550955530256,,4.784685228252783,,7.8125,-2.7939677238464355e-09,-0.005901307275053114,0.005822247185278684,1.8942677229642868,0.26275792717933655,0.8436634540557861,0.22952944040298462,0.0056801531463861465,0.14532093703746796,0.4443977475166321,0.07206831872463226,8192,0.5078294277191162,5.2267842292785645,0.09052249789237976,23789568,29496,11616,726,-6.1765223,0.015941326151369138,0.0017700505894026719,-2.736380806565285,-72.39834,0.032646382390521464,0.0023134017872507686,-2.744054852426052,,,0.95,0.9,both,2.5806953171730673,2.8064645188836224,0.38505000120213434,0.0,-35.642254,2687.3911442129797,-6.1765223
146,1784891068.2831311,,8.0,,8.0,,6.0,,6.0,,10.0,,10.0,,1.0,,1.0,,4.0,,4.0,,2.0,,2.0,,5.0,,5.0,,8.0,,8.0,,7.282905001658946,,5.126472808420658,,9.099187210202217,,0.598073352011852,,3.5099877696484327,,1.511119892820716,,4.590702825691551,,7.125,-1.0244548320770264e-08,5.514780059456825e-05,0.002436416340060532,1.9062115177512169,0.30015265941619873,0.9398140907287598,0.24359279870986938,-0.1472591906785965,0.09497227519750595,0.49435508251190186,0.06885643303394318,8192,0.23284855484962463,4.855430603027344,0.06469032913446426,23953408,29713,11696,731,-7.4402328,0.017734344108612278,0.002230942239111755,-2.7163498416543006,-71.02566,0.03394396506482735,0.0006677981567918323,-2.7213525429368017,,,0.95,0.9,both,2.9933182749505898,2.7497620395401983,0.7119018999975975,0.0,-34.44085,2718.005315732237,-7.4402328
147,1784891130.0599506,,8.0,,8.0,,6.0,,6.0,,10.0,,10.0,,1.0,,1.0,,4.0,,4.0,,2.0,,2.0,,5.0,,5.0,,8.0,,8.0,,8.131427478045225,,6.233999479562044,,9.862890532240272,,1.2048440781363752,,4.1313049690797925,,2.203811858780682,,4.926173252984881,,8.5625,-3.725290298461914e-09,-0.00906069134362042,0.008503860532073304,1.907360304147005,0.17036639153957367,0.9872569441795349,0.14981979131698608,0.057756900787353516,0.1856340616941452,0.34831738471984863,0.05777135491371155,8192,0.46747851371765137,5.657119274139404,0.023567626252770424,24117248,29908,11776,736,7.9562607,0.010089874867117033,0.0012161556183855281,-2.712405355274677,-30.63741,0.020085755386389792,0.001718397330841981,-2.697219766676426,,,0.95,0.9,both,2.9908855198569744,2.84588816881656,0.4544848262127077,0.0,-19.127224,2652.1266400210457,7.9562607
148,1784891192.0456579,,8.0,,8.0,,6.0,,6.0,,10.0,,10.0,,1.0,,1.0,,4.0,,4.0,,2.0,,2.0,,5.0,,5.0,,8.0,,8.0,,8.726985692977905,,6.845971316099167,,10.0,,1.455411369446665,,4.376179888728075,,2.3467753287404776,,4.98405621573329,,8.8125,-1.3969838619232178e-09,0.00021228163677733392,0.0023663129795750137,1.9129424467682838,0.3425499200820923,0.9663134813308716,0.4648745059967041,-0.024661816656589508,0.08305441588163376,0.633159339427948,0.06594392657279968,8192,0.28459370136260986,5.943484783172607,0.029081882908940315,24281088,30094,11856,741,19.11611,0.008861729443015064,0.0007491743977880106,-2.722922869026661,-29.20604,0.022494131996063517,0.0005817503159050829,-2.7361738204956056,,,0.95,0.9,both,2.8167036446737597,2.981519116493686,0.5244262910770884,0.0,-7.1314697,2643.189720996461,19.11611
149,1784891252.1151958,,8.0,,8.0,,6.0,,6.0,,10.0,,10.0,,1.0,,1.0,,4.0,,4.0,,2.0,,2.0,,5.0,,5.0,,8.0,,8.0,,8.898466359823942,,6.860184444230981,,9.908902931027114,,1.4139596596360207,,4.345453327870928,,2.3572188103571534,,4.970026142895222,,8.75,2.7939677238464355e-09,-0.0009026537882164121,0.0032653362377459416,1.909914817661047,0.30205366015434265,1.0380674600601196,0.26731908321380615,-0.05107634887099266,0.05757899582386017,0.4003588557243347,0.05103755742311478,8192,0.24374224245548248,5.938025951385498,0.025320859625935555,24444928,30286,11936,746,11.754404,0.011752486659679562,0.0010627680538163986,-2.7192409858107567,-15.586456,0.01008282928087283,0.0023365585220744833,-2.708674655854702,,,0.95,0.9,both,2.830945703146228,2.6362055576340886,0.6281794361262252,0.0,-50.81273,2727.5048000449174,11.754404
150,1784891313.3686316,,8.0,,8.0,,6.0,,6.0,,10.0,,10.0,,1.0,,1.0,,4.0,,4.0,,2.0,,2.0,,5.0,,5.0,,8.0,,8.0,,8.20561024802737,,6.263666823972017,,9.638970267958939,,0.9902814384549856,,3.952071855776012,,2.0564813199453056,,4.861377324908972,,8.1875,0.0,-0.01155977079179138,0.006989028115640394,1.9085281677544117,0.2581610381603241,0.8911879658699036,0.2063058763742447,0.006076976656913757,0.17010514438152313,0.4593542516231537,0.057403452694416046,8192,0.5193356275558472,5.519495010375977,0.03492153808474541,24608768,30464,12016,751,-12.0132885,0.013260981196071952,0.0009803511435166,-2.7391661673784258,-33.968052,0.0073689193377504125,0.0013018976751482114,-2.7322886005043983,,,0.95,0.9,both,2.7270485032953724,2.9695973733553203,0.42512145197580675,0.0,-53.901684,2674.788938462448,-12.0132885
151,1784891374.674254,,8.0,,8.0,,6.0,,6.0,,10.0,,10.0,,1.0,,1.0,,4.0,,4.0,,2.0,,2.0,,5.0,,5.0,,8.0,,8.0,,7.414068190380931,,5.753342855721712,,9.378956833912525,,0.6872193000745028,,3.9718056060373783,,1.8144547240808606,,4.630412597209215,,7.6875,5.587935447692871e-09,-0.0006956193828955293,0.014379103726241738,1.9012426994740963,0.2184799313545227,0.9234129190444946,0.1857272833585739,0.21165573596954346,0.14277267456054688,0.32674360275268555,0.05695612356066704,8192,0.4707486927509308,5.167219638824463,0.08252760022878647,24772608,30665,12096,756,0.68089354,0.0089326860033907,0.0007962307150592096,-2.7359378799796104,-60.66514,0.028609349782345816,0.00011406449848436751,-2.712482838332653,,,0.95,0.9,both,2.807302886640857,2.6953483452273703,0.42819091493360245,0.0,-28.203482,2672.5117840899634,0.68089354
152,1784891434.7304842,,8.0,,8.0,,6.0,,6.0,,10.0,,10.0,,1.0,,1.0,,4.0,,4.0,,2.0,,2.0,,5.0,,5.0,,8.0,,8.0,,7.0652507692575455,,5.0624199621379375,,9.10085716471076,,0.5873696357011795,,3.5850431290455163,,1.6109288623556495,,4.563891120254993,,7.1875,1.862645149230957e-09,-0.00031643768306821585,0.01623024756554514,1.902855709195137,0.2361713945865631,0.9486042857170105,0.202406644821167,0.0900510847568512,0.23932857811450958,0.37110692262649536,0.06132140010595322,8192,0.18262030184268951,4.845407962799072,0.035357169806957245,24936448,30871,12176,761,1.4658806,0.015120103137451223,0.0009656987458583899,-2.735860089957714,-53.794422,0.02782033824478276,0.0016859733892488292,-2.7314414858818052,,,0.95,0.9,both,2.8001815385225926,2.7151135869706877,0.6716229431092922,0.0,-72.94082,2728.1106255259742,1.4658806
153,1784891496.7141967,,8.0,,8.0,,6.0,,6.0,,10.0,,10.0,,1.0,,1.0,,4.0,,4.0,,2.0,,2.0,,5.0,,5.0,,8.0,,8.0,,7.151542246341706,,5.176339386031032,,9.103638734668493,,0.7228595660999417,,3.7004819363355637,,1.5695638470351696,,4.549430961633334,,7.4375,-8.381903171539307e-09,-0.0015862907748669386,0.004121855723496992,1.8970312215387821,0.335024893283844,0.9086765050888062,0.29637786746025085,-0.1576734483242035,0.1307998150587082,0.49294617772102356,0.06634848564863205,8192,0.31306448578834534,4.926419734954834,0.12450851500034332,25100288,31111,12256,766,-6.8547873,0.010814425130956807,0.0005656346140312963,-2.7537522196769713,-58.30526,0.0487145408638753,0.00261062382342061,-2.7309162259101867,,,0.95,0.9,both,2.7853717701799163,3.072949766150761,0.5856865539035747,0.0,-30.663136,2643.2743269758116,-6.8547873
154,1784891558.3316536,,8.0,,8.0,,6.0,,6.0,,10.0,,10.0,,1.0,,1.0,,4.0,,4.0,,2.0,,2.0,,5.0,,5.0,,8.0,,8.0,,7.497490901499987,,5.307626865338534,,9.070088941603899,,0.5851973770186305,,3.5813516753260046,,1.6575782410800457,,4.589582225307822,,7.3125,7.450580596923828e-09,0.0001368437660858035,0.014811930886935443,1.8974419757723808,0.2610622048377991,0.8934521675109863,0.2531275749206543,-0.006918586790561676,0.23290061950683594,0.5134038925170898,0.06766548752784729,8192,0.32822293043136597,4.950177192687988,0.11481837183237076,25264128,31313,12336,771,11.077611,0.008871922687103507,0.0021140729906619525,-2.771059902012348,-70.43477,0.03502949442481622,0.0007152132500777952,-2.744406519830227,,,0.95,0.9,both,2.875157249547501,2.7044032526307102,0.6419036007949928,0.0,-4.896353,2658.9865098845344,11.077611
155,1784891618.5317326,,8.0,,8.0,,6.0,,6.0,,10.0,,10.0,,1.0,,1.0,,4.0,,4.0,,2.0,,2.0,,5.0,,5.0,,8.0,,8.0,,8.285003554075956,,6.313310605473816,,9.728372838813812,,1.112446729617659,,4.1634145877324045,,1.9953914531506598,,4.885034512728453,,8.125,1.4901161193847656e-08,-0.00012181312195025384,0.004666347853344632,1.9026460945606232,0.4743621349334717,0.7744289636611938,0.3877284824848175,0.26722079515457153,0.10406182706356049,0.440542995929718,0.07145573198795319,8192,0.48801854252815247,5.5759968757629395,0.09260213375091553,25427968,31556,12416,776,3.2331817,0.01508069304691162,0.002038508437544806,-2.7465867772698402,-50.096256,0.051647051458712664,0.0009347339131636545,-2.74778920263052,,,0.95,0.9,both,2.8474136626246533,2.908723501170682,0.31238284705830943,0.0,-53.946003,2721.5910851035273,3.2331817
156,1784891680.8247201,,8.0,,8.0,,6.0,,6.0,,10.0,,10.0,,1.0,,1.0,,4.0,,4.0,,2.0,,2.0,,5.0,,5.0,,8.0,,8.0,,7.494493673089892,,5.73306065890938,,9.241896781139076,,0.6632241006009281,,3.6728160658385605,,1.906548073515296,,4.683474791236222,,7.6875,9.313225746154785e-10,-0.003445134963840246,0.008419656274782028,1.9099979177117348,0.2692100703716278,0.8141274452209473,0.23051366209983826,-0.03159647062420845,0.1263478845357895,0.38398486375808716,0.056709110736846924,8192,0.45485278964042664,5.135376930236816,0.04016576334834099,25591808,31758,12496,781,-7.0875487,0.010556888041901403,0.0016954808830632827,-2.7652869701385496,-48.3991,0.014312910925946198,3.033159810001962e-05,-2.76288645863533,,,0.95,0.9,both,2.967799374926939,2.6636858941471884,0.4239210465550072,0.0,-40.148884,2630.151836948543,-7.0875487
157,1784891742.925097,,8.0,,8.0,,6.0,,6.0,,10.0,,10.0,,1.0,,1.0,,4.0,,4.0,,2.0,,2.0,,5.0,,5.0,,8.0,,8.0,,7.552511913236231,,5.335225868970156,,9.394332774914801,,0.8519712772686034,,3.6181204814929515,,1.6542563529219478,,4.591239904984832,,7.3125,-8.847564458847046e-09,-0.0002193987020291388,0.002113168822688749,1.9177790433168411,0.28738823533058167,0.9314143061637878,0.22210092842578888,-0.04837895184755325,0.09361661970615387,0.36961808800697327,0.04636761546134949,8192,0.3920159339904785,5.0387701988220215,0.08626887202262878,25755648,31982,12576,786,-25.647146,0.015997541882097722,0.0015940343393594958,-2.7689407497644423,-28.090002,0.03365064550889656,0.0005802844243589789,-2.734162636101246,,,0.95,0.9,both,2.7895902563095127,2.549635287276423,0.44637929836327506,0.0,-28.363201,2638.308909078797,-25.647146
158,1784891804.822656,,8.0,,8.0,,6.0,,6.0,,10.0,,10.0,,1.0,,1.0,,4.0,,4.0,,2.0,,2.0,,5.0,,5.0,,8.0,,8.0,,7.768480786122382,,5.938551471335813,,9.724244315759279,,0.8365896181203425,,3.7980286069214344,,1.9067781581543386,,4.80177169770468,,8.0,-1.210719347000122e-08,0.0001458925544284284,0.019474105327390134,1.9157881401479244,0.31093740463256836,1.0098445415496826,0.2768315374851227,0.14552955329418182,0.280841588973999,0.4121690094470978,0.047463372349739075,8192,0.5245957374572754,5.346805095672607,0.01924971677362919,25919488,32183,12656,791,3.4351196,0.010680879966821521,0.0011777330510085449,-2.755258347094059,-21.645857,0.013835884205764159,0.0007058205774228554,-2.7193088948726656,,,0.95,0.9,both,2.59231388248696,2.621714204639689,0.29673114405010964,0.0,-33.12872,2646.9543644975315,3.4351196
159,1784891866.655514,,8.0,,8.0,,6.0,,6.0,,10.0,,10.0,,1.0,,1.0,,4.0,,4.0,,2.0,,2.0,,5.0,,5.0,,8.0,,8.0,,8.824722023913637,,6.867685251869261,,10.0,,1.3238296560011804,,4.334887087810785,,2.4590606139972806,,5.0,,8.875,-1.3969838619232178e-09,0.0007823958876542747,0.002347879191802349,1.9238436818122864,0.297499418258667,0.8949438333511353,0.2677387297153473,-0.03748762980103493,0.08864288032054901,0.29365476965904236,0.043080348521471024,8192,0.21133551001548767,5.960648059844971,0.014237345196306705,26083328,32401,12736,796,3.1939745,0.009859458837308922,0.0011603019811445847,-2.772258219122887,-28.46492,0.015244008088484407,0.0012154787924373522,-2.719027025997639,,,0.95,0.9,both,2.975110112115972,2.6724833896838844,0.7537565649013402,0.0,-46.995743,2649.7236020038845,3.1939745
160,1784891927.266921,,8.0,,8.0,,6.0,,6.0,,10.0,,10.0,,1.0,,1.0,,4.0,,4.0,,2.0,,2.0,,5.0,,5.0,,8.0,,8.0,,7.25902745872736,,5.278053527697921,,9.151117701083422,,0.551838313229382,,3.578318141400814,,1.5295544993132353,,4.570031721144915,,7.125,1.862645149230957e-09,-0.001041060488205403,0.0022303633304545656,1.9235458970069885,0.29118889570236206,1.0128310918807983,0.24534054100513458,-0.04138202592730522,0.09597215801477432,0.4785754084587097,0.06117245927453041,8192,0.32900944352149963,4.880367755889893,0.13914255797863007,26247168,32639,12816,801,19.67268,0.00822172943444457,0.0006738556519849225,-2.791396363079548,-66.87335,0.04957157358294353,0.0013484270093613304,-2.7306366369128225,,,0.95,0.9,both,2.84439845243298,2.8775524124634084,0.8681966304669453,0.0,-24.141737,2703.12181081276,19.67268
161,1784891988.8278837,,8.0,,8.0,,6.0,,6.0,,10.0,,10.0,,1.0,,1.0,,4.0,,4.0,,2.0,,2.0,,5.0,,5.0,,8.0,,8.0,,7.039844807237387,,5.024169482290745,,9.067136257886887,,0.5077108219265938,,3.5735775474458933,,1.5925789922475815,,4.53224815428257,,7.125,-9.313225746154785e-10,0.00011494214413687587,0.001570422607983346,1.9283215031027794,0.2556801736354828,0.9914449453353882,0.2207135558128357,-0.0026675774715840816,0.05052012950181961,0.3582611083984375,0.05399835482239723,8192,0.15414509177207947,4.807783126831055,0.02934402786195278,26411008,32864,12896,806,4.5128508,0.007957713905489073,0.0018893588916398586,-2.819670204818249,-23.604803,0.0200087379431352,0.0004038505721837282,-2.752166074514389,,,0.95,0.9,both,2.9504157778978213,2.894290964758335,0.9716497599482191,0.0,-11.427769,2661.4268216440014,4.5128508
162,1784892049.8193462,,8.0,,8.0,,6.0,,6.0,,10.0,,10.0,,1.0,,1.0,,4.0,,4.0,,2.0,,2.0,,5.0,,5.0,,8.0,,8.0,,7.567322554066777,,6.191825686022639,,9.429903742857277,,0.7914018269220833,,3.955089659895748,,2.018591203726828,,4.8126227460452355,,8.0625,4.6566128730773926e-09,-0.008549434714950621,0.004744612520880764,1.9267463572323322,0.22024758160114288,0.953475832939148,0.1875973790884018,-0.18173588812351227,0.09502706676721573,0.3842405378818512,0.043314967304468155,8192,0.4791601002216339,5.353656768798828,0.022250549867749214,26574848,33057,12976,811,4.1903305,0.008493555559834932,0.0011991849663900212,-2.826505996286869,-34.086224,0.011219044437166304,-0.0008680460552568548,-2.809173358976841,,,0.95,0.9,both,2.8872419366567486,2.504705318445282,0.3779158077247192,0.0,-46.7824,2686.2788116050738,4.1903305
163,1784892111.5101054,,8.0,,8.0,,6.0,,6.0,,10.0,,10.0,,1.0,,1.0,,4.0,,4.0,,2.0,,2.0,,5.0,,5.0,,8.0,,8.0,,7.142852511256933,,5.0659895446151495,,9.068528968840837,,0.5872553065419197,,3.5962835825048387,,1.7591974703827873,,4.5467839958146214,,7.0,-2.7939677238464355e-09,0.00011987664038315415,0.0011703016175488301,1.916004441678524,0.25896477699279785,1.005845069885254,0.1996620148420334,-0.04024136811494827,0.05240584537386894,0.4352540373802185,0.048367682844400406,8192,0.19860588014125824,4.845860958099365,0.12418033182621002,26738688,33284,13056,816,19.563683,0.009291037055663764,0.002109950658632442,-2.868343509733677,-63.371357,0.03708967136917636,0.0018662359711015598,-2.853456789255142,,,0.95,0.9,both,3.09595690460837,2.7577588016002137,0.5927929703820789,0.0,-38.858433,2655.8287969949633,19.563683
164,1784892174.5623784,,8.0,,8.0,,6.0,,6.0,,10.0,,10.0,,1.0,,1.0,,4.0,,4.0,,2.0,,2.0,,5.0,,5.0,,8.0,,8.0,,8.782063651131466,,6.633075971156359,,9.951096653938293,,1.3190133445314132,,4.3989646951667964,,2.2623286889865994,,4.956274203024805,,8.9375,-7.450580596923828e-09,0.000657560711260885,0.0018124058733519632,1.9130160585045815,0.23345473408699036,0.9554136991500854,0.2659563720226288,0.09583791345357895,0.08590110391378403,0.2835018038749695,0.055365853011608124,8192,0.2915645241737366,5.905039310455322,0.025272876024246216,26902528,33534,13136,821,4.0452056,0.01283461383136455,0.0012493321672081947,-2.829699991643429,-30.23357,0.018538115196861327,0.0002777881338261068,-2.7763056963682176,,,0.95,0.9,both,2.9005929691001526,2.9810589812966435,0.4612050012608717,0.0,-32.301266,2598.4773795420806,4.0452056
165,1784892237.7550693,,8.0,,8.0,,6.0,,6.0,,10.0,,10.0,,1.0,,1.0,,4.0,,4.0,,2.0,,2.0,,5.0,,5.0,,8.0,,8.0,,8.87269917409867,,6.863211877644062,,9.953647293150425,,1.4849118050187826,,4.4840156473219395,,2.442733960226178,,5.0,,8.8125,-7.450580596923828e-09,0.00013924192171543837,0.004196675430648611,1.8996898829936981,0.25999438762664795,0.8623426556587219,0.2531256377696991,-0.15272097289562225,0.13135641813278198,0.30797243118286133,0.05791787430644035,8192,0.19599229097366333,5.98921537399292,0.023276828229427338,27066368,33740,13216,826,11.078627,0.007896663204883225,0.0009779380125110038,-2.863396142423153,-35.073357,0.007017591113981325,5.18410095537547e-05,-2.8208723783493044,,,0.95,0.9,both,2.8258395071577462,2.77010153321762,0.8338888288456661,0.0,-41.61497,2592.7052816609207,11.078627
166,1784892301.006821,,8.0,,8.0,,6.0,,6.0,,10.0,,10.0,,1.0,,1.0,,4.0,,4.0,,2.0,,2.0,,5.0,,5.0,,8.0,,8.0,,7.0176284275949,,5.095049675554037,,9.01145350933075,,0.5312279008794576,,3.5025175474584103,,1.5391809679567814,,4.507073452696204,,7.0625,0.0,0.0005954401567578316,8.350825845582222e-05,1.9009433388710022,0.24079781770706177,0.9516111016273499,0.20981037616729736,-0.09554273635149002,0.018468501046299934,0.3599854111671448,0.057256847620010376,8192,0.11833412200212479,4.783329010009766,0.06263179332017899,27230208,33942,13296,831,-4.351956,0.009191154772997834,0.0018019976356299593,-2.865079167485237,-67.71379,0.017724418223951943,0.0012457232027372812,-2.8299233332276343,,,0.95,0.9,both,3.1115500967640406,2.640461621632862,1.1960820029609383,0.0,-19.149435,2590.2834141570283,-4.351956
167,1784892362.778937,,8.0,,8.0,,6.0,,6.0,,10.0,,10.0,,1.0,,1.0,,4.0,,4.0,,2.0,,2.0,,5.0,,5.0,,8.0,,8.0,,7.948787481756881,,5.605771716684103,,9.419427513610572,,0.9059219742193818,,3.934828176163137,,2.0793079710565507,,4.777394380420446,,7.6875,1.862645149230957e-08,-0.00023747712839394808,0.013615654956083745,1.9004470184445381,0.29045727849006653,0.8317781686782837,0.23206177353858948,-0.20893150568008423,0.2117634266614914,0.3387269973754883,0.051825497299432755,8192,0.5011888146400452,5.294867515563965,0.02369469404220581,27394048,34142,13376,836,10.414895,0.008833731984486804,0.0002480350012774579,-2.887592023611069,-30.168606,0.008449348021531477,0.0011737985267245676,-2.855410984158516,,,0.95,0.9,both,2.8460650780149512,2.8410287731991146,0.35531873840235617,0.0,-29.798,2652.3293053514026,10.414895
168,1784892424.8757389,,8.0,,8.0,,6.0,,6.0,,10.0,,10.0,,1.0,,1.0,,4.0,,4.0,,2.0,,2.0,,5.0,,5.0,,8.0,,8.0,,7.3924432918429375,,5.567916062660515,,9.267278399318457,,0.9066269102040678,,3.8157792817801237,,1.7681310182379093,,4.734460953623056,,7.625,-2.7939677238464355e-09,-0.006032815319485962,0.005540603669942357,1.9027744270861149,0.19649457931518555,0.941491961479187,0.1775631457567215,0.022395823150873184,0.14814086258411407,0.4081088900566101,0.05611004680395126,8192,0.4629570543766022,5.134705066680908,0.07889816910028458,27557888,34367,13456,841,18.455395,0.006612967418914195,0.0010995740485668648,-2.8917109191417696,-37.96978,0.03487623678520322,0.0016211471491260454,-2.8627645269036295,,,0.95,0.9,both,2.9236218411312294,3.034456161956902,0.44187633950087135,0.0,-31.125607,2638.4601564876652,18.455395
169,1784892487.5336843,,8.0,,8.0,,6.0,,6.0,,10.0,,10.0,,1.0,,1.0,,4.0,,4.0,,2.0,,2.0,,5.0,,5.0,,8.0,,8.0,,7.007518760859966,,5.02333614602685,,9.015868678689003,,0.5047435276210308,,3.503972988575697,,1.5111732613295317,,4.5082236006855965,,7.125,1.1641532182693481e-09,0.000978941097855568,0.00027784893177340564,1.9099747724831104,0.2665061950683594,0.9175577163696289,0.2117028832435608,-0.057433631271123886,0.029111061245203018,0.356556236743927,0.05680008977651596,8192,0.06021995469927788,4.774979591369629,0.09115452319383621,27721728,34606,13536,846,1.9796722,0.00968150089320261,0.0005848953594977501,-2.8844614043831824,-58.06019,0.03403631517430768,0.0008285446703666822,-2.852484218776226,,,0.95,0.9,both,2.8717163890424815,3.127662380212191,1.1774012669723528,0.0,-23.548065,2614.832221077755,1.9796722
170,1784892549.3387067,,8.0,,8.0,,6.0,,6.0,,10.0,,10.0,,1.0,,1.0,,4.0,,4.0,,2.0,,2.0,,5.0,,5.0,,8.0,,8.0,,8.54282196238637,,6.291292178444564,,9.699258122593164,,1.2712809203658253,,4.148931128438562,,2.2955106180161238,,4.894320538500324,,8.5,3.725290298461914e-09,-0.0014703378692502156,0.004502084870182443,1.9134687967598438,0.21409058570861816,0.8983071446418762,0.1909533143043518,0.019217826426029205,0.13010524213314056,0.4553435444831848,0.0537838414311409,8192,0.46473413705825806,5.705427646636963,0.06112334132194519,27885568,34797,13616,851,18.789768,0.007191193662583828,0.0008259607428044546,-2.8719486027956007,-41.89191,0.02113684339565225,0.0012137619400164113,-2.848395158350468,,,0.95,0.9,both,2.995860017819605,2.9581238501849976,0.3979736973210313,0.0,-31.13177,2650.9170274639578,18.789768
171,1784892610.4707525,,8.0,,8.0,,6.0,,6.0,,10.0,,10.0,,1.0,,1.0,,4.0,,4.0,,2.0,,2.0,,5.0,,5.0,,8.0,,8.0,,8.085586893372238,,6.294744901591912,,9.65148001164198,,0.9093886206392199,,4.173169184010476,,2.259138269117102,,4.899564106017351,,8.25,3.725290298461914e-09,-0.004105620668269694,0.006908517883857712,1.9212587028741837,0.2747631072998047,1.058118462562561,0.2341444343328476,0.05137497931718826,0.1591939628124237,0.35647034645080566,0.04517753794789314,8192,0.49008506536483765,5.5653839111328125,0.025194067507982254,28049408,34975,13696,856,18.538168,0.006458189188560936,0.001258620698354207,-2.90311488956213,-12.347672,0.006591581749671604,0.0005517603807675186,-2.8765724033117293,,,0.95,0.9,both,3.076194582792351,2.2974802928321214,0.31227432566008373,0.0,-31.656336,2680.100074910257,18.538168
172,1784892672.5810454,,8.0,,8.0,,6.0,,6.0,,10.0,,10.0,,1.0,,1.0,,4.0,,4.0,,2.0,,2.0,,5.0,,5.0,,8.0,,8.0,,7.558617567294277,,5.762366642768029,,9.21434173360467,,0.6983614275231957,,3.7497942071640864,,1.7702837344259024,,4.627854885067791,,7.3125,0.0,-0.002164345409255475,0.006580973480595276,1.9393996186554432,0.2990764379501343,1.0838658809661865,0.2532649338245392,-0.007992347702383995,0.14297717809677124,0.3382468819618225,0.04764336347579956,8192,0.45477011799812317,5.086765289306641,0.036409150809049606,28213248,35170,13776,861,19.289389,0.008018097700551152,0.001978029128804337,-2.93309179097414,-24.263021,0.019458988693077117,0.0022149695079860974,-2.84165942966938,,,0.95,0.9,both,3.178166325131818,2.744513919616073,0.39789721472693784,0.0,-25.020155,2637.888534542125,19.289389
173,1784892734.0835407,,8.0,,8.0,,6.0,,6.0,,10.0,,10.0,,1.0,,1.0,,4.0,,4.0,,2.0,,2.0,,5.0,,5.0,,8.0,,8.0,,7.724254845408723,,5.836878264788538,,9.672353852540255,,1.032562873326242,,3.994933678302914,,1.9320824780734256,,4.856240341439843,,7.5,1.3969838619232178e-09,-0.008040866116061807,0.008246904471889138,1.9481262639164925,0.3167707920074463,0.9360567331314087,0.3125450909137726,-0.0707981213927269,0.1844044327735901,0.25130975246429443,0.0327574796974659,8192,0.49367770552635193,5.318663120269775,0.016308138146996498,28377088,35370,13856,866,10.284928,0.013020184257766233,0.0017931568509084173,-2.9218241557478906,-21.024017,0.0065039870329201225,-3.0326691921800374e-05,-2.8438293531537058,,,0.95,0.9,both,2.6720886489300577,2.7488132086652604,0.30745645896148666,0.0,-30.37048,2663.9566864429758,10.284928
174,1784892795.9519506,,8.0,,8.0,,6.0,,6.0,,10.0,,10.0,,1.0,,1.0,,4.0,,4.0,,2.0,,2.0,,5.0,,5.0,,8.0,,8.0,,8.509221040643752,,6.861488581169397,,9.848567654611543,,1.313796252477914,,4.342634728644043,,2.267168684862554,,4.9500160296447575,,8.8125,9.313225746154785e-09,-0.0023205559118650854,0.0025392393545189407,1.9570970796048641,0.3062497675418854,0.8527517914772034,0.2666206359863281,0.22854505479335785,0.08201272040605545,0.24523109197616577,0.038262732326984406,8192,0.33983737230300903,5.8631744384765625,0.010086476802825928,28540928,35569,13936,871,18.902304,0.00774811784067424,0.001440986597299343,-2.892045773565769,-17.290915,0.0065815672860480845,0.0018290872714715079,-2.8475188061594965,,,0.95,0.9,both,2.9399616055323903,2.5474962496996154,0.37293782257381125,0.0,-43.06974,2648.201388795789,18.902304
175,1784892858.6953394,,8.0,,8.0,,6.0,,6.0,,10.0,,10.0,,1.0,,1.0,,4.0,,4.0,,2.0,,2.0,,5.0,,5.0,,8.0,,8.0,,7.1394009087234735,,5.012845400720835,,9.112160585820675,,0.5095899328589439,,3.519673341885209,,1.5138388704508543,,4.571270753629506,,7.0625,6.51925802230835e-09,-0.002651002228958532,0.001618603341285052,1.9580292254686356,0.2569456398487091,0.9327153563499451,0.20646017789840698,-0.2086448073387146,0.07231640815734863,0.38823628425598145,0.05487442761659622,8192,0.13884396851062775,4.805160045623779,0.11128222942352295,28704768,35773,14016,876,10.052287,0.007437984852003865,0.0006492772739875363,-2.860397385060787,-28.751186,0.043215027975384145,0.002466707049461547,-2.855492612719536,,,0.95,0.9,both,2.934839224161652,2.8109501706792055,1.03683633513084,0.0,-17.146399,2611.2709862255347,10.052287
176,1784892919.2029006,,8.0,,8.0,,6.0,,6.0,,10.0,,10.0,,1.0,,1.0,,4.0,,4.0,,2.0,,2.0,,5.0,,5.0,,8.0,,8.0,,8.513513360638171,,6.714616431389004,,9.743648148607463,,1.2134549622423947,,4.333077740855515,,2.257530201197369,,4.9458280866383575,,8.5625,3.725290298461914e-09,-0.0015044159517856315,0.007421777772833593,1.9667758904397488,0.14484286308288574,0.7865975499153137,0.12091422080993652,-0.0398227795958519,0.17245614528656006,0.3001982271671295,0.037019968032836914,8192,0.4199521243572235,5.785521030426025,0.03150855377316475,28868608,35952,14096,881,-5.0588145,0.011254089725844097,0.001637435877637472,-2.8959730491042137,-27.5993,0.01570827999676112,0.0010779552634630819,-2.870451556146145,,,0.95,0.9,both,2.6735577885578143,2.8385518601685376,0.4055735927333674,0.0,-44.286346,2707.761299814224,-5.0588145
177,1784892980.8971837,,8.0,,8.0,,6.0,,6.0,,10.0,,10.0,,1.0,,1.0,,4.0,,4.0,,2.0,,2.0,,5.0,,5.0,,8.0,,8.0,,7.108497047331184,,5.015693236142397,,9.06942655518651,,0.5167984515428543,,3.5191148575395346,,1.5524684228003025,,4.5180820394307375,,7.0625,-6.51925802230835e-09,0.001810584362829104,0.00011641526577932382,1.9666023217141628,0.34438031911849976,0.9983133673667908,0.31453490257263184,0.0763711929321289,0.015908166766166687,0.4157025218009949,0.05115753412246704,8192,0.12240839004516602,4.795322895050049,0.09234980493783951,29032448,36157,14176,886,9.314898,0.009628379764035345,0.0015047958884679246,-2.8862474605441095,-53.514168,0.035663658136036246,0.0017827119605499319,-2.8586525946855543,,,0.95,0.9,both,2.7254907709786784,2.6463233272680653,0.8439149701125708,0.0,-29.784948,2655.6750064594185,9.314898
178,1784893042.2932355,,8.0,,8.0,,6.0,,6.0,,10.0,,10.0,,1.0,,1.0,,4.0,,4.0,,2.0,,2.0,,5.0,,5.0,,8.0,,8.0,,8.451779912225902,,6.407784330658615,,9.825170241296291,,1.095178463961929,,4.0777299085166305,,2.158086769748479,,4.8197248806245625,,8.125,0.0,-0.0014143193839117885,0.01664910960244015,1.9615572281181812,0.20689338445663452,0.9093101024627686,0.19909730553627014,-0.08773666620254517,0.18365326523780823,0.2863515615463257,0.03481391817331314,8192,0.4801877737045288,5.62005615234375,0.0277636107057333,29196288,36348,14256,891,17.627203,0.009777661252883263,0.00031258542512659917,-2.9146819546818734,-19.026867,0.0071653672523098065,0.001382696197833866,-2.870467858016491,,,0.95,0.9,both,2.773027942234097,2.635902107590358,0.49773382770185726,0.0,-34.101555,2668.575457255735,17.627203
179,1784893102.484195,,8.0,,8.0,,6.0,,6.0,,10.0,,10.0,,1.0,,1.0,,4.0,,4.0,,2.0,,2.0,,5.0,,5.0,,8.0,,8.0,,7.03049048781395,,5.077638546004891,,9.016814649105072,,0.5183961689472198,,3.5068909376859665,,1.5059020016342402,,4.5043724831193686,,7.1875,5.122274160385132e-09,0.0005060997791588306,0.001514880786089634,1.9618860259652138,0.25411731004714966,0.7354604005813599,0.19529664516448975,-0.08785958588123322,0.02869676612317562,0.4006982445716858,0.053765323013067245,8192,0.11191879957914352,4.793499946594238,0.13120795786380768,29360128,36574,14336,896,18.513798,0.008129368588561193,0.0026952828047797084,-2.908869703114033,-73.070816,0.04199256371939555,0.0019358153076609597,-2.893708609044552,,,0.95,0.9,both,2.769099077045832,2.902169084517319,0.5656403671928757,0.0,-26.831226,2722.0035334303,18.513798
180,1784893163.116621,,8.0,,8.0,,6.0,,6.0,,10.0,,10.0,,1.0,,1.0,,4.0,,4.0,,2.0,,2.0,,5.0,,5.0,,8.0,,8.0,,7.494395409245044,,5.529493540525436,,9.354577770456672,,0.6506391677539796,,3.669625459238887,,1.6829267788561992,,4.697006921283901,,7.3125,-1.3969838619232178e-09,-0.00018662051297724247,0.006578316706509213,1.9721938110888004,0.26778966188430786,0.9043625593185425,0.28626570105552673,0.006902032997459173,0.1643124371767044,0.46616774797439575,0.05210891366004944,8192,0.4149758815765381,5.048895359039307,0.12334918975830078,29523968,36786,14416,901,-7.0717545,0.011174021431361324,0.0017780941328965128,-2.897003674507141,-47.641014,0.05752731297397986,0.001953984877036419,-2.8948015838861467,,,0.95,0.9,both,2.966340065386399,2.939159373262946,0.22832245218257385,0.0,-32.137245,2702.1844703664256,-7.0717545
181,1784893224.5977283,,8.0,,8.0,,6.0,,6.0,,10.0,,10.0,,1.0,,1.0,,4.0,,4.0,,2.0,,2.0,,5.0,,5.0,,8.0,,8.0,,7.180187034537084,,5.042773474007845,,9.055929739028215,,0.5098640900105238,,3.6167513709515333,,1.55477573024109,,4.530206937342882,,7.25,-4.656612873077393e-10,-0.0005988771445117891,0.003666934404463973,1.9634985961019993,0.2194438874721527,0.8917803168296814,0.20989304780960083,0.02969123050570488,0.0903334766626358,0.43165862560272217,0.053714800626039505,8192,0.1947932243347168,4.8425612449646,0.07227426767349243,29687808,36983,14496,906,10.578328,0.0077175954065751284,0.0006350373194436542,-2.903023712337017,-49.975502,0.037388979049865156,0.0006462126009864732,-2.880192333459854,,,0.95,0.9,both,2.8179912402922023,2.756196967978341,0.668481454754793,0.0,-25.2194,2664.8839616585014,10.578328
182,1784893284.6030333,,8.0,,8.0,,6.0,,6.0,,10.0,,10.0,,1.0,,1.0,,4.0,,4.0,,2.0,,2.0,,5.0,,5.0,,8.0,,8.0,,8.826628353446722,,6.918250046670437,,10.0,,1.4170733778737485,,4.445453766733408,,2.403735929110553,,4.969895089045167,,8.875,0.0,-0.0015065784100443125,0.0007352982388511009,1.9605551175773144,0.18534907698631287,0.8692373037338257,0.17831245064735413,0.0882038027048111,0.054337482899427414,0.4079260230064392,0.04315219819545746,8192,0.19985894858837128,5.982004642486572,0.025255128741264343,29851648,37172,14576,911,19.0728,0.010019955306779594,-0.00022860829849378206,-2.894512079656124,-25.784576,0.02657485449453816,0.0015106472674233373,-2.8985357120633126,,,0.95,0.9,both,2.471469069040739,2.9928675409711167,0.8564160865991354,0.0,-41.02815,2730.4250872101725,19.0728
183,1784893345.3741062,,8.0,,8.0,,6.0,,6.0,,10.0,,10.0,,1.0,,1.0,,4.0,,4.0,,2.0,,2.0,,5.0,,5.0,,8.0,,8.0,,7.030499704182148,,5.1119952872395515,,9.077584598213434,,0.5219932161271572,,3.509287314489484,,1.575219003483653,,4.527728203684092,,7.0,-1.3969838619232178e-09,0.0012181359925307333,0.0007776369493512902,1.9602032378315926,0.18530875444412231,0.7666676044464111,0.1620282381772995,-0.09989025443792343,0.0544777475297451,0.3262717127799988,0.045389603823423386,8192,0.1269104927778244,4.794288635253906,0.033946096897125244,30015488,37415,14656,916,-15.398996,0.01421591781254392,0.000917769868101459,-2.8972371369600296,-29.444721,0.01524666721234098,-6.532674742629752e-05,-2.8960089176893233,,,0.95,0.9,both,2.717019565298428,2.8139894027224903,0.9734190407288525,0.0,-42.699684,2696.0194032309887,-15.398996
184,1784893405.827244,,8.0,,8.0,,6.0,,6.0,,10.0,,10.0,,1.0,,1.0,,4.0,,4.0,,2.0,,2.0,,5.0,,5.0,,8.0,,8.0,,7.1583031341433525,,5.210447245161049,,9.172637816518545,,0.5637073162943125,,3.762291830033064,,1.6082660130487056,,4.589282896369696,,7.375,1.862645149230957e-09,-0.0008166657498804852,0.0029472032729245257,1.9602918215095997,0.2711218595504761,0.8468220829963684,0.22470705211162567,0.030324412509799004,0.1091499850153923,0.3200554847717285,0.04338569939136505,8192,0.3196440637111664,4.929991722106934,0.023074135184288025,30179328,37590,14736,921,1.7570633,0.01008764306025114,0.00012035120598739014,-2.90063412040472,-13.349358,0.017099722681450658,0.0009365164027258288,-2.9054230853915213,,,0.95,0.9,both,2.9295980226878604,2.652093956160461,0.46771299881940165,0.0,-36.875217,2710.198308735767,1.7570633
185,1784893466.4459386,,8.0,,8.0,,6.0,,6.0,,10.0,,10.0,,1.0,,1.0,,4.0,,4.0,,2.0,,2.0,,5.0,,5.0,,8.0,,8.0,,7.684225843288004,,5.965290179010481,,9.485157649964094,,0.8595794939319603,,3.9498714520595968,,1.9063517861068249,,4.70623675826937,,8.0625,3.725290298461914e-09,-0.013047682645265013,0.010011283055064268,1.960439145565033,0.1958913952112198,1.0283225774765015,0.2056070864200592,-0.06341319531202316,0.13776795566082,0.2912116050720215,0.055485159158706665,8192,0.5061987638473511,5.327401638031006,0.03621486574411392,30343168,37855,14816,926,9.847801,0.008900202199583873,0.0029018649918725716,-2.876740263402462,-51.30584,0.018135357258142904,0.0014046992509975098,-2.8839213356375692,,,0.95,0.9,both,2.968385104395705,2.9754863892470444,0.44753676438108503,0.0,-42.055504,2702.79668571085,9.847801
186,1784893528.1925654,,8.0,,8.0,,6.0,,6.0,,10.0,,10.0,,1.0,,1.0,,4.0,,4.0,,2.0,,2.0,,5.0,,5.0,,8.0,,8.0,,8.832866989658214,,6.597703127190471,,9.83642434515059,,1.4134086109697819,,4.341736184898764,,2.377109345048666,,4.988674144726247,,8.8125,-1.0244548320770264e-08,-0.002901033964008093,0.0015314933589252178,1.956638164818287,0.1597011834383011,0.9287042021751404,0.13146503269672394,0.0742700845003128,0.0780491754412651,0.25572139024734497,0.037996601313352585,8192,0.31606316566467285,5.900053024291992,0.03286236897110939,30507008,38052,14896,931,-9.381963,0.012499571600346825,0.0018523170743719674,-2.854361690580845,-30.962652,0.017438726851833054,0.000306018405535724,-2.872393178939819,,,0.95,0.9,both,2.4029083699275215,2.621365595727156,0.4912052113042143,0.0,-20.754578,2653.4243453453523,-9.381963
187,1784893588.2641,,8.0,,8.0,,6.0,,6.0,,10.0,,10.0,,1.0,,1.0,,4.0,,4.0,,2.0,,2.0,,5.0,,5.0,,8.0,,8.0,,8.457657305523753,,6.601131049916148,,9.84764777123928,,1.2132634030422196,,4.157955436501652,,2.190984063083306,,4.905799368396401,,8.1875,0.0,-0.004541964095551521,0.004929077585984487,1.9514816291630268,0.19450195133686066,0.9052486419677734,0.16006004810333252,-0.2536233961582184,0.12179899960756302,0.3757110834121704,0.04249122738838196,8192,0.43023616075515747,5.695242404937744,0.03372439369559288,30670848,38243,14976,936,-7.2791405,0.011587974510621279,-0.0008732117799809203,-2.8799001812934875,-41.46033,0.014828121254686267,1.3469216355588287e-05,-2.8789889201521874,,,0.95,0.9,both,2.4606106393162883,2.761500298190337,0.3078630413743458,0.0,-17.643173,2727.4146474490703,-7.2791405
188,1784893647.807469,,8.0,,8.0,,6.0,,6.0,,10.0,,10.0,,1.0,,1.0,,4.0,,4.0,,2.0,,2.0,,5.0,,5.0,,8.0,,8.0,,7.702718707732856,,5.491421765647829,,9.411218299530447,,0.7342713191173971,,3.850600844656583,,1.8167241481132805,,4.658293979242444,,7.3125,1.30385160446167e-08,-0.005615940550342202,0.02722388837719336,1.9434148110449314,0.1976732462644577,0.8528558015823364,0.16564269363880157,-0.18198496103286743,0.33440887928009033,0.2906525135040283,0.04407433792948723,8192,0.463255912065506,5.122218608856201,0.10680893063545227,30834688,38469,15056,941,10.434094,0.006939477128617,0.0011037426404072904,-2.8745269387960435,-30.047693,0.02383327796123922,0.0015760871348902584,-2.8148032084107397,,,0.95,0.9,both,2.9877194748917475,2.6454789745791745,0.3117435136110621,0.0,-25.016136,2751.6093442865385,10.434094
189,1784893710.357018,,8.0,,8.0,,6.0,,6.0,,10.0,,10.0,,1.0,,1.0,,4.0,,4.0,,2.0,,2.0,,5.0,,5.0,,8.0,,8.0,,7.861580221448094,,6.0485978364013135,,9.559488974511623,,1.0976908612065017,,3.8083120055962354,,1.9533633748069406,,4.722260577953421,,7.75,4.656612873077393e-10,0.00010835728608071804,0.011329070053761825,1.9496490471065044,0.21645791828632355,0.8823812007904053,0.17182768881320953,0.07003551721572876,0.214973583817482,0.3367169201374054,0.0512239895761013,8192,0.5298599600791931,5.350162029266357,0.12109405547380447,30998528,38694,15136,946,9.722292,0.007457483594771474,0.0011009660098352469,-2.873538222908974,-21.608463,0.03416851678630337,0.001274365751305595,-2.786343502998352,,,0.95,0.9,both,2.97051087617736,2.6996202047588147,0.28166613351350744,0.0,-20.65691,2619.3629434640593,9.722292
190,1784893770.7058675,,8.0,,8.0,,6.0,,6.0,,10.0,,10.0,,1.0,,1.0,,4.0,,4.0,,2.0,,2.0,,5.0,,5.0,,8.0,,8.0,,7.875937261618674,,5.980302286799997,,9.57940518669784,,0.8307149076135829,,3.9203693410381675,,2.1157976656686515,,4.729014844167978,,7.875,1.3969838619232178e-09,-0.006444874394219369,0.007820506842108443,1.954347811639309,0.29126185178756714,0.8963802456855774,0.30769282579421997,0.019114090129733086,0.17977140843868256,0.30994242429733276,0.05334027484059334,8192,0.4938095808029175,5.363317489624023,0.02970677800476551,31162368,38910,15216,951,16.348429,0.010072237029089593,0.0006087043286242988,-2.889764294028282,-16.533258,0.005951383111823816,0.0012802327299141325,-2.829348975419998,,,0.95,0.9,both,2.958226118194992,2.9773241877680894,0.3077627873062154,0.0,-41.751648,2714.8837735129987,16.348429
191,1784893833.0297136,,8.0,,8.0,,6.0,,6.0,,10.0,,10.0,,1.0,,1.0,,4.0,,4.0,,2.0,,2.0,,5.0,,5.0,,8.0,,8.0,,7.032263044267893,,5.02298716083169,,9.052691921591759,,0.5149249527603388,,3.546216344460845,,1.5869998969137669,,4.517417244613171,,7.0625,1.3969838619232178e-09,-0.002673865237738937,0.002410743155678574,1.9537624381482601,0.2779061794281006,0.8724203109741211,0.2220550775527954,-0.10185106098651886,0.09893929213285446,0.4990804195404053,0.07147744297981262,8192,0.10949856787919998,4.791999816894531,0.11180763691663742,31326208,39121,15296,956,0.034023285,0.009662512804789003,0.00013434159991447813,-2.891609252989292,-54.19436,0.04114380484679714,0.002230126655922504,-2.852969253063202,,,0.95,0.9,both,2.6044219989720223,2.786275093209626,0.8320179544693692,0.0,-23.702602,2628.846910641726,0.034023285
192,1784893893.259712,,8.0,,8.0,,6.0,,6.0,,10.0,,10.0,,1.0,,1.0,,4.0,,4.0,,2.0,,2.0,,5.0,,5.0,,8.0,,8.0,,8.944115199148655,,6.9988414235413074,,10.0,,1.4980207365006208,,4.483503809198737,,2.4976539742201567,,5.0,,8.875,7.450580596923828e-09,0.00023195205722004175,0.0002294141894481072,1.9490571953356266,0.3329690098762512,0.7608962655067444,0.3008100092411041,0.07409627735614777,0.029906168580055237,0.24585264921188354,0.04519276320934296,8192,0.06350914388895035,6.037141799926758,0.016720296815037727,31490048,39322,15376,961,10.942354,0.007178743458644022,0.001475373687571846,-2.908864453434944,-43.71923,0.012883791397325695,0.001539735456753988,-2.872305782139301,,,0.95,0.9,both,2.9520686884702463,2.5920112718135018,1.3717898093047278,0.0,-31.566303,2720.2395346126295,10.942354
193,1784893952.3971376,,8.0,,8.0,,6.0,,6.0,,10.0,,10.0,,1.0,,1.0,,4.0,,4.0,,2.0,,2.0,,5.0,,5.0,,8.0,,8.0,,8.89986863010563,,6.882673058658838,,10.0,,1.4393919054418802,,4.489447241649032,,2.4975475929677486,,5.0,,9.0,-9.313225746154785e-10,0.0008659776649437845,0.0016483629015056067,1.944585632532835,0.1896059811115265,1.0263044834136963,0.15894858539104462,0.14277395606040955,0.07542567700147629,0.41699373722076416,0.047104425728321075,8192,0.0881270170211792,6.026116371154785,0.010731012560427189,31653888,39507,15456,966,1.2824465,0.014696591629763134,-0.0005923469288973138,-2.8937410563230515,-25.522158,0.016179196687880905,8.35260703752283e-05,-2.8695908010005953,,,0.95,0.9,both,2.3836735820707426,2.7709852686930048,0.7450479577610292,0.0,-61.82775,2770.4958830173464,1.2824465
194,1784894013.6301186,,8.0,,8.0,,6.0,,6.0,,10.0,,10.0,,1.0,,1.0,,4.0,,4.0,,2.0,,2.0,,5.0,,5.0,,8.0,,8.0,,8.770157990977168,,6.878846205770969,,9.878081530332565,,1.3711613547056913,,4.3804928017780185,,2.3324615438468754,,5.0,,8.875,0.0,-0.0007438281900249422,0.003460100277152378,1.9469932988286018,0.21695634722709656,0.9615561366081238,0.17907075583934784,-0.050023797899484634,0.11322250962257385,0.34746599197387695,0.05095750838518143,8192,0.27365776896476746,5.935775279998779,0.05281462520360947,31817728,39712,15536,971,19.002926,0.007942578458460048,0.001227687590289861,-2.8652191787958143,-69.63434,0.029632575513096525,-7.50610139220953e-05,-2.8419290497899055,,,0.95,0.9,both,2.8674519950385373,2.619401393835075,0.4788865066249046,0.0,-14.1764345,2675.682026201426,19.002926
195,1784894075.775368,,8.0,,8.0,,6.0,,6.0,,10.0,,10.0,,1.0,,1.0,,4.0,,4.0,,2.0,,2.0,,5.0,,5.0,,8.0,,8.0,,8.61013993062079,,6.934599343687296,,9.942878361791372,,1.2779349223710597,,4.256918946397491,,2.3056795932352543,,4.982238637283444,,8.75,3.725290298461914e-09,-0.0007332275272347033,0.002405999333859654,1.9410226345062256,0.4334346652030945,0.9685591459274292,0.4604107737541199,0.25565817952156067,0.08997558057308197,0.20246417820453644,0.034865602850914,8192,0.3318219482898712,5.882548809051514,0.021372521296143532,31981568,39954,15616,976,9.1408825,0.007638294612115714,0.0009016779629746452,-2.8987936973571777,-18.436962,0.01132448270363966,-0.0012249558509211055,-2.8607976615428923,,,0.95,0.9,both,2.9267742591378294,2.2644314549874944,0.5620042072548298,0.0,-15.610333,2636.4040040839263,9.1408825
196,1784894137.0239704,,8.0,,8.0,,6.0,,6.0,,10.0,,10.0,,1.0,,1.0,,4.0,,4.0,,2.0,,2.0,,5.0,,5.0,,8.0,,8.0,,8.920797725673765,,6.96919671818614,,10.0,,1.479558615013957,,4.4931005742400885,,2.466218503235723,,5.0,,8.875,0.0,0.0010325687180738896,0.0018145587000617525,1.9346050210297108,0.21838220953941345,0.7957311272621155,0.2198711335659027,0.006816286128014326,0.08331812173128128,0.43054062128067017,0.05781010910868645,8192,0.1086316928267479,6.02548360824585,0.023335503414273262,32145408,40142,15696,981,-4.4548974,0.011124199774349109,-0.0009219671992468648,-2.9020970717072485,-61.980335,0.01965907508856617,0.000628152847639285,-2.8809218659996985,,,0.95,0.9,both,2.5638989384692814,2.7933581231842357,0.5499476266211052,0.0,-38.231087,2674.9997987844777,-4.4548974
197,1784894198.0458992,,8.0,,8.0,,6.0,,6.0,,10.0,,10.0,,1.0,,1.0,,4.0,,4.0,,2.0,,2.0,,5.0,,5.0,,8.0,,8.0,,8.675282871350646,,5.967620549723506,,9.790124487131834,,1.316628991626203,,4.318287737667561,,2.2319058837601915,,4.918279655277729,,8.625,-5.587935447692871e-09,4.053395241498947e-05,0.03225090948399156,1.9420666098594666,0.15054446458816528,0.8289153575897217,0.14301501214504242,-0.042766302824020386,0.3398686647415161,0.3270464539527893,0.052571021020412445,8192,0.4509426951408386,5.730391025543213,0.016473978757858276,32309248,40344,15776,986,10.143889,0.008779497517389245,6.457879208028316e-05,-2.8792950212955475,-36.649048,0.015361605034559033,-1.9491610873956234e-05,-2.846787206828594,,,0.95,0.9,both,2.8060934591270503,2.5720230013744283,0.5053161874523515,0.0,-29.763859,2684.9366848961167,10.143889
198,1784894260.2464333,,8.0,,8.0,,6.0,,6.0,,10.0,,10.0,,1.0,,1.0,,4.0,,4.0,,2.0,,2.0,,5.0,,5.0,,8.0,,8.0,,7.886799401603639,,5.896644277498126,,9.697851852048188,,0.9498632014729083,,3.7603509686887264,,1.855918621062301,,4.842118389904499,,7.9375,-1.1175870895385742e-08,-0.0006986796506680548,0.03631515661254525,1.9328006468713284,0.29241952300071716,0.9094406962394714,0.2972148656845093,-0.25400394201278687,0.38840892910957336,0.19972562789916992,0.03899563476443291,8192,0.5023619532585144,5.3533806800842285,0.014168467372655869,32473088,40576,15856,991,3.894947,0.009493429970461875,6.192226719576865e-05,-2.889718398451805,-10.82818,0.007980181013408583,0.0007010757854004623,-2.879492224752903,,,0.95,0.9,both,2.833939343889687,2.5141055844657245,0.3283098003092193,0.0,-16.623457,2634.061215407592,3.894947
199,1784894320.6975708,,8.0,,8.0,,6.0,,6.0,,10.0,,10.0,,1.0,,1.0,,4.0,,4.0,,2.0,,2.0,,5.0,,5.0,,8.0,,8.0,,7.115634379675612,,5.2091702576726675,,9.175767192617059,,0.6007358734495938,,3.53483415953815,,1.5525195260997862,,4.59633856266737,,7.125,-1.1175870895385742e-08,-0.0030370071763172746,0.0008766257433308056,1.9345676079392433,0.2381923645734787,1.0527441501617432,0.20001032948493958,-0.2500208020210266,0.047743137925863266,0.49452948570251465,0.0766553208231926,8192,0.25247153639793396,4.863749980926514,0.03655058890581131,32636928,40757,15936,996,-5.932551,0.011699482327094302,-0.00048799862634041347,-2.8858913972973825,-68.02589,0.027222815196728332,0.0025185454222082628,-2.8826619029045104,,,0.95,0.9,both,2.8177162833510736,3.054725213548601,0.6906899641176787,0.0,-20.722897,2710.2878281870508,-5.932551
200,1784894381.6245747,,8.0,,8.0,,6.0,,6.0,,10.0,,10.0,,1.0,,1.0,,4.0,,4.0,,2.0,,2.0,,5.0,,5.0,,8.0,,8.0,,7.990154865197837,,6.068379808450118,,9.797859424725175,,1.0822959157812875,,4.1034716963768005,,1.9265715782530606,,4.868582038208842,,8.125,-4.6566128730773926e-09,-0.00922093348344788,0.015358144708443433,1.9324688576161861,0.3818953037261963,0.969982385635376,0.23943330347537994,0.032114531844854355,0.22090324759483337,0.39481931924819946,0.06956395506858826,8192,0.5048673152923584,5.495289325714111,0.0443413108587265,32800768,41005,16016,1001,10.84685,0.007384873932460323,0.001134764177550096,-2.8757898643612863,-44.730606,0.03433539910474792,0.0012583921721670776,-2.883018693327904,,,0.95,0.9,both,2.8616152207691976,3.310921325777538,0.501669778882176,0.0,-39.59303,2689.1197485343832,10.84685
201,1784894443.2616544,,8.0,,8.0,,6.0,,6.0,,10.0,,10.0,,1.0,,1.0,,4.0,,4.0,,2.0,,2.0,,5.0,,5.0,,8.0,,8.0,,7.553884408203885,,5.568946896120906,,9.514152096118778,,0.7111184103414416,,3.772405122872442,,1.7947171838022768,,4.687826263718307,,7.4375,9.313225746154785e-10,-0.003409441211260855,0.0063362983710248955,1.926925253123045,0.1511053889989853,0.9660792350769043,0.12364839017391205,0.07608664780855179,0.14448460936546326,0.3459864854812622,0.05813442915678024,8192,0.44845178723335266,5.130068778991699,0.01574154943227768,32964608,41199,16096,1006,16.446598,0.01074401307851076,0.0016845568068674765,-2.8678009077906608,-39.240208,0.018725728263962082,0.00032557110098423435,-2.8899819612503053,,,0.95,0.9,both,3.0272744826202893,2.8322435519096536,0.40674139284525523,0.0,-70.10997,2658.1401317466853,16.446598
202,1784894504.4092293,,8.0,,8.0,,6.0,,6.0,,10.0,,10.0,,1.0,,1.0,,4.0,,4.0,,2.0,,2.0,,5.0,,5.0,,8.0,,8.0,,7.800855956273153,,5.972972895018756,,9.646476191468537,,0.7499404470436275,,3.8395797950215638,,1.924899460747838,,4.662762778811157,,7.75,-3.725290298461914e-09,-0.0005685231299139559,0.01468471428961493,1.9299270436167717,0.1873549222946167,0.9753120541572571,0.15525037050247192,0.13394002616405487,0.2383420318365097,0.42546239495277405,0.06203724443912506,8192,0.5077459216117859,5.293436050415039,0.02345351129770279,33128448,41392,16176,1011,9.211077,0.00988949063612381,-5.990144127281383e-05,-2.896348547935486,-35.470764,0.020274208387127145,-9.014471143018455e-05,-2.92746112793684,,,0.95,0.9,both,2.822123550376444,3.0696596847713913,0.33460263591686723,0.0,-36.655483,2679.4191120429664,9.211077
203,1784894564.905969,,8.0,,8.0,,6.0,,6.0,,10.0,,10.0,,1.0,,1.0,,4.0,,4.0,,2.0,,2.0,,5.0,,5.0,,8.0,,8.0,,8.991826590150595,,6.996632292866707,,10.0,,1.494066147133708,,4.457381991669536,,2.4991992451250553,,5.0,,9.0,-3.259629011154175e-09,0.0012072373647242785,0.0003531597054404756,1.9362149834632874,0.2595064043998718,0.9384307265281677,0.24680210649967194,0.026599835604429245,0.03816333785653114,0.37165796756744385,0.05204212665557861,8192,0.02473272569477558,6.054888725280762,0.00988013669848442,33292288,41576,16256,1016,-14.925815,0.012699202640214935,0.00012491337038227356,-2.902301807701588,-15.675598,0.02837879739818163,0.001716318265971495,-2.912591427564621,,,0.95,0.9,both,2.845519456343935,2.95974250392754,1.18702585289977,0.0,-19.161795,2708.2451113478714,-14.925815
204,1784894626.1181052,,8.0,,8.0,,6.0,,6.0,,10.0,,10.0,,1.0,,1.0,,4.0,,4.0,,2.0,,2.0,,5.0,,5.0,,8.0,,8.0,,7.076518829911947,,5.15412687510252,,9.011991541832685,,0.5534675624221563,,3.5197812635451555,,1.5737777727190405,,4.5224796533584595,,7.0625,1.30385160446167e-08,8.072349010035396e-05,0.0013012710569455521,1.9419062435626984,0.29684698581695557,0.8446632623672485,0.35530197620391846,-0.1970210075378418,0.049959249794483185,0.4194709062576294,0.06433413177728653,8192,0.18183688819408417,4.809330940246582,0.07418886572122574,33456128,41775,16336,1021,-19.44723,0.016481865660171024,-0.0004935415025101974,-2.87743106931448,-30.694714,0.040346025465987624,-0.0008705077125341631,-2.875574968755245,,,0.95,0.9,both,2.6916243653250227,2.543167854948128,1.0694133276828546,0.0,-29.59943,2676.5934185113033,-19.44723
205,1784894686.4069133,,8.0,,8.0,,6.0,,6.0,,10.0,,10.0,,1.0,,1.0,,4.0,,4.0,,2.0,,2.0,,5.0,,5.0,,8.0,,8.0,,8.668305920436978,,6.7276180077460594,,9.803311191499233,,1.338199120014906,,4.325075343251228,,2.314041548015666,,4.966006232309155,,8.75,-9.313225746154785e-10,0.0004907384281978011,0.0020535035437205806,1.9418399930000305,0.27014270424842834,0.9623267650604248,0.28228291869163513,-0.06405279785394669,0.09160501509904861,0.25671905279159546,0.04608139023184776,8192,0.357208251953125,5.861569881439209,0.02857602946460247,33619968,41963,16416,1026,-4.35692,0.016969520080601798,-0.0007457105020876043,-2.847222274541855,-16.33598,0.0057894054058124315,0.0017090820125304162,-2.86271203905344,,,0.95,0.9,both,2.6553681201839257,2.9042844552158438,0.3853794904677911,0.0,-53.061493,2717.58558223594,-4.35692
206,1784894746.7618308,,8.0,,8.0,,6.0,,6.0,,10.0,,10.0,,1.0,,1.0,,4.0,,4.0,,2.0,,2.0,,5.0,,5.0,,8.0,,8.0,,8.960537180304527,,6.952256631106138,,10.0,,1.4399617947638035,,4.474807686172426,,2.4071891037747264,,5.0,,8.9375,4.190951585769653e-09,-6.914327968843281e-05,0.0005182608510949649,1.9530612863600254,0.20129577815532684,0.9051555395126343,0.17565453052520752,0.11088390648365021,0.021849388256669044,0.34915485978126526,0.057092055678367615,8192,0.11107656359672546,6.021531581878662,0.022373223677277565,33783808,42160,16496,1031,-13.19019,0.01482999931613449,0.0003956856526201591,-2.8284727454185488,-54.05459,0.01773987501510419,0.0016152491385582834,-2.8346096381545065,,,0.95,0.9,both,2.735909321060641,2.957526193786944,0.8050896474267133,0.0,-50.118217,2714.609158227052,-13.19019
207,1784894808.4990382,,8.0,,8.0,,6.0,,6.0,,10.0,,10.0,,1.0,,1.0,,4.0,,4.0,,2.0,,2.0,,5.0,,5.0,,8.0,,8.0,,7.041639722883701,,5.02083245664835,,9.041696986183524,,0.502389695495367,,3.5016149803996086,,1.5043867994099855,,4.5069295540452,,7.0,3.725290298461914e-09,0.0007650197367183864,0.0009273004789065453,1.9481514692306519,0.45715832710266113,0.9093306064605713,0.5328187942504883,-0.2332136631011963,0.011196504347026348,0.5749690532684326,0.09172185510396957,8192,0.04585031792521477,4.7649359703063965,0.15737594664096832,33947648,42408,16576,1036,4.252852,0.009009380739007611,0.001368727584485896,-2.83419833034277,-78.88181,0.06649179589003325,0.0006632497228565626,-2.824369040131569,,,0.95,0.9,both,2.951643706478909,3.080068181587785,1.086462072241899,0.0,-32.339325,2653.829077770763,4.252852
208,1784894869.4225914,,8.0,,8.0,,6.0,,6.0,,10.0,,10.0,,1.0,,1.0,,4.0,,4.0,,2.0,,2.0,,5.0,,5.0,,8.0,,8.0,,7.4026414435356855,,5.182021817192435,,9.40240764990449,,0.677026703946467,,3.57421937212348,,1.6901673967950046,,4.648274957668036,,7.375,3.725290298461914e-09,-0.005454639554955065,0.00393831919063814,1.9476687796413898,0.1489478200674057,1.0411901473999023,0.1282193958759308,-0.047672778367996216,0.12497136741876602,0.3562268316745758,0.05611400306224823,8192,0.3828359842300415,4.993969917297363,0.0290234312415123,34111488,42607,16656,1041,10.870924,0.010083394794492051,0.001067780035373289,-2.8347286194562913,-50.888466,0.017606329271802678,0.0011969080223934725,-2.8498076513409614,,,0.95,0.9,both,2.7786048863267014,2.8632511207503035,0.4604903314590599,0.0,-14.91835,2689.271874535528,10.870924
209,1784894931.9802966,,8.0,,8.0,,6.0,,6.0,,10.0,,10.0,,1.0,,1.0,,4.0,,4.0,,2.0,,2.0,,5.0,,5.0,,8.0,,8.0,,8.998056270182133,,6.999360922724009,,10.0,,1.499414797872305,,4.499772265553474,,2.4788960553705692,,4.993373298551887,,9.0,-3.725290298461914e-09,0.00028160284273326397,0.0012258033530088142,1.9540172778069973,0.18927888572216034,0.8660478591918945,0.1493818461894989,-0.07622673362493515,0.007771847769618034,0.33751964569091797,0.05418606102466583,8192,0.011327358894050121,6.058609485626221,0.021882953122258186,34275328,42807,16736,1046,-20.934765,0.014999242592602968,-0.0008540602124412544,-2.8353511944413183,-39.24694,0.02809954564436339,0.0011266278648690785,-2.8435569643974303,,,0.95,0.9,both,2.299949548288759,2.8650079621467213,1.4189745115056547,0.0,-5.236735,2619.0219405159105,-20.934765
210,1784894991.8577049,,8.0,,8.0,,6.0,,6.0,,10.0,,10.0,,1.0,,1.0,,4.0,,4.0,,2.0,,2.0,,5.0,,5.0,,8.0,,8.0,,7.000651638954878,,5.014069300144911,,9.014704708009958,,0.5009701550006866,,3.504114715382457,,1.5074009764939547,,4.5031490959227085,,7.0,3.725290298461914e-09,0.0006932347896508873,2.7986404631974438e-05,1.956726886332035,0.23897966742515564,0.9286007881164551,0.19269181787967682,-0.06048736348748207,0.008552578277885914,0.4359338581562042,0.0667744055390358,8192,0.013386717066168785,4.7556328773498535,0.09276247769594193,34439168,43009,16816,1051,-6.1568856,0.017333737181616016,-0.00018360591493546963,-2.871677017211914,-50.946667,0.034082051750738175,0.0006955088043469005,-2.8709726572036742,,,0.95,0.9,both,2.4420269227926874,2.8515117871218236,1.017681058619729,0.0,-34.270134,2736.2581680490384,-6.1568856
211,1784895052.4403071,,8.0,,8.0,,6.0,,6.0,,10.0,,10.0,,1.0,,1.0,,4.0,,4.0,,2.0,,2.0,,5.0,,5.0,,8.0,,8.0,,7.690709115471691,,5.403308093547821,,9.324333567172289,,0.8360494683147408,,3.853491013403982,,1.9270502167055383,,4.758582761511207,,7.8125,0.0,0.00012254802277311683,0.00741737567295786,1.959015317261219,0.23730790615081787,0.9865561127662659,0.20747746527194977,0.035812608897686005,0.17136524617671967,0.38494542241096497,0.053746677935123444,8192,0.4904073476791382,5.2007527351379395,0.026432214304804802,34603008,43194,16896,1056,-6.3708086,0.01501961407775525,9.492490789853036e-06,-2.910013090074062,-35.15412,0.011536195161170326,0.00042673849893617446,-2.901550842821598,,,0.95,0.9,both,2.645219294799034,2.7781992171579,0.3521420823121274,0.0,-11.407263,2704.4065663233187,-6.3708086
212,1784895113.3709543,,8.0,,8.0,,6.0,,6.0,,10.0,,10.0,,1.0,,1.0,,4.0,,4.0,,2.0,,2.0,,5.0,,5.0,,8.0,,8.0,,8.631426705047488,,6.605876002460718,,9.969992050901055,,1.3060225863009691,,4.391696433071047,,2.345507639925927,,4.962926685810089,,8.8125,-2.0489096641540527e-08,-0.002237135049654171,0.005451759214338381,1.9664000794291496,0.26153329014778137,1.0537315607070923,0.22001712024211884,0.31065237522125244,0.14816956222057343,0.3373908996582031,0.051504895091056824,8192,0.31624674797058105,5.878243446350098,0.022172454744577408,34766848,43385,16976,1061,-47.92573,0.02188950862037018,0.001107720627624076,-2.9072129279375076,-27.838171,0.009292197096510791,-4.8478077223990114e-05,-2.892875689268112,,,0.95,0.9,both,2.929831147491975,2.5863220295167535,0.5175718251096728,0.0,-30.216137,2688.9583109408577,-47.92573
213,1784895171.9415638,,8.0,,8.0,,6.0,,6.0,,10.0,,10.0,,1.0,,1.0,,4.0,,4.0,,2.0,,2.0,,5.0,,5.0,,8.0,,8.0,,7.002672892063856,,5.001025289297104,,9.003665279597044,,0.5123450476676226,,3.5031263157725334,,1.5028983820229769,,4.501300293952227,,7.0,-7.450580596923828e-09,0.001162742031738162,2.346314047940723e-05,1.972144104540348,0.2569272518157959,0.9277817010879517,0.22129888832569122,-0.1685180813074112,0.004877146333456039,0.44801753759384155,0.08231695741415024,8192,0.008831020444631577,4.7533793449401855,0.09842127561569214,34930688,43617,17056,1066,-18.478079,0.021235925116343424,-0.00022419643210014328,-2.919795921444893,-73.422745,0.04123184212949127,-0.0002943845218396746,-2.910653777420521,,,0.95,0.9,both,2.792671898159671,3.048796865305684,1.6861576373388738,0.0,-54.03816,2797.3072705601653,-18.478079
214,1784895231.252312,,8.0,,8.0,,6.0,,6.0,,10.0,,10.0,,1.0,,1.0,,4.0,,4.0,,2.0,,2.0,,5.0,,5.0,,8.0,,8.0,,8.682821821654215,,6.901595002040267,,9.911610201001167,,1.3710980013711378,,4.405330817680806,,2.382945803925395,,4.963949241209775,,8.75,1.862645149230957e-09,-0.0005724253132939339,0.0017392870358889922,1.9634516201913357,0.22837136685848236,0.8357948064804077,0.1805572509765625,-0.03340610861778259,0.08497581630945206,0.3541628420352936,0.05270886421203613,8192,0.2606874108314514,5.921168327331543,0.03252929076552391,35094528,43828,17136,1071,-29.6899,0.020861123356735334,2.6881604571826757e-05,-2.917343932390213,-42.697823,0.014526742330053822,0.0013163143376004882,-2.902067093551159,,,0.95,0.9,both,2.722948059462257,2.775129229317624,0.6837609153164427,0.0,-27.219936,2762.4009975137187,-29.6899
215,1784895292.5135562,,8.0,,8.0,,6.0,,6.0,,10.0,,10.0,,1.0,,1.0,,4.0,,4.0,,2.0,,2.0,,5.0,,5.0,,8.0,,8.0,,7.106347128748894,,5.001382596790791,,9.002304788678885,,0.5069504883140326,,3.5032362043857574,,1.5004885625094175,,4.500070324167609,,7.0,3.725290298461914e-09,0.0007189337047748268,0.0007577231776849658,1.9650879055261612,0.24732257425785065,0.9018728733062744,0.20598571002483368,0.0790073499083519,0.009050816297531128,0.43758440017700195,0.08342330902814865,8192,0.02979237399995327,4.765097618103027,0.08535493165254593,35258368,44084,17216,1076,3.703627,0.015414718334795907,0.00022318385454127564,-2.910436876118183,-68.89083,0.053874287754297256,0.00021838392713107168,-2.8927474066615106,,,0.95,0.9,both,2.6714152594153844,2.8363855251793453,1.1637384025689017,0.0,-9.783716,2674.4470134319868,3.703627
216,1784895353.1915872,,8.0,,8.0,,6.0,,6.0,,10.0,,10.0,,1.0,,1.0,,4.0,,4.0,,2.0,,2.0,,5.0,,5.0,,8.0,,8.0,,8.993069600313902,,6.993821162730455,,10.0,,1.491874499246478,,4.495443440973759,,2.4990824591368437,,5.0,,8.9375,-8.847564458847046e-09,0.0008398544159717858,0.0026275621203240007,1.9607750661671162,0.36267682909965515,0.8664920330047607,0.38276976346969604,0.1252574622631073,0.012975635007023811,0.27602821588516235,0.05610281974077225,8192,0.039742495864629745,6.051348686218262,0.0285060815513134,35422208,44355,17296,1081,-4.0374045,0.019879101851256565,0.0007328378036618233,-2.9337913528084756,-20.858053,0.01005095158907352,-0.0004947503417497501,-2.882415345311165,,,0.95,0.9,both,2.716018330349224,2.860083002456092,1.143018185536969,0.0,-17.043467,2700.1531844534675,-4.0374045
217,1784895411.1551795,,8.0,,8.0,,6.0,,6.0,,10.0,,10.0,,1.0,,1.0,,4.0,,4.0,,2.0,,2.0,,5.0,,5.0,,8.0,,8.0,,8.831889510154724,,6.837949860841036,,9.957535821944475,,1.3508229409344494,,4.385374013334513,,2.4527617995627224,,4.951725203543901,,8.875,9.313225746154785e-10,0.0007372334657702595,0.0015139800925680902,1.9618665911257267,0.25211143493652344,0.7730689644813538,0.19088901579380035,-0.00719973212108016,0.06939806044101715,0.38342443108558655,0.06277342140674591,8192,0.24950885772705078,5.955382347106934,0.03827802836894989,35586048,44581,17376,1086,-24.907572,0.01785368732525967,0.0017728242761222645,-2.9245702400803566,-51.825737,0.0385168198030442,-0.00013317838893271982,-2.923950935900211,,,0.95,0.9,both,2.826249078160893,2.7137129809883236,0.5380167130989439,0.0,-65.252335,2826.6018787101098,-24.907572
218,1784895472.2029095,,8.0,,8.0,,6.0,,6.0,,10.0,,10.0,,1.0,,1.0,,4.0,,4.0,,2.0,,2.0,,5.0,,5.0,,8.0,,8.0,,8.933339154347777,,6.988992113620043,,10.0,,1.4845020156353712,,4.498474018648267,,2.4964737240225077,,5.0,,9.0,-2.7939677238464355e-09,0.0008876423817127943,0.000739872927624674,1.9675237759947777,0.14680854976177216,0.855937123298645,0.1470647156238556,0.037834532558918,0.025895792990922928,0.32110077142715454,0.04904142767190933,8192,0.03135978803038597,6.050222396850586,0.02463294193148613,35749888,44794,17456,1091,-23.655716,0.011932662612525746,0.0007267011576914228,-2.9368012621998787,-25.562485,0.01315219390380662,0.0007392287414404563,-2.9277499824762345,,,0.95,0.9,both,2.8555423927306443,2.7836246199735504,0.9185786392473898,0.0,-26.554377,2683.8016565892785,-23.655716
219,1784895532.2101586,,8.0,,8.0,,6.0,,6.0,,10.0,,10.0,,1.0,,1.0,,4.0,,4.0,,2.0,,2.0,,5.0,,5.0,,8.0,,8.0,,7.712384697049856,,5.811580157489516,,9.323201049119234,,0.8091726149432361,,3.922308519075159,,1.858467677840963,,4.674739180831239,,7.4375,6.984919309616089e-09,-0.0016393546247854829,0.008826659533951897,1.9670041128993034,0.37492895126342773,0.9354692697525024,0.3092479705810547,-0.048339419066905975,0.19062429666519165,0.33270031213760376,0.03909512981772423,8192,0.4643752872943878,5.19366979598999,0.032794345170259476,35913728,44994,17536,1096,1.1390728,0.010692945960909129,0.0019521197711583227,-2.9390169218182565,-33.40271,0.011888116440968589,0.0013668593121110462,-2.9042026579380034,,,0.95,0.9,both,2.800465271544442,2.7987966606541783,0.29614713168699286,0.0,-38.23841,2730.3368376984918,1.1390728
220,1784895591.563039,,8.0,,8.0,,6.0,,6.0,,10.0,,10.0,,1.0,,1.0,,4.0,,4.0,,2.0,,2.0,,5.0,,5.0,,8.0,,8.0,,7.035712249577045,,5.048599518835545,,9.071045331656933,,0.5436899103224277,,3.536355354823172,,1.5080424696207047,,4.504071187227964,,7.0,1.862645149230957e-09,-0.0010474530281499028,0.0024025884304137435,1.973981685936451,0.34111329913139343,0.8644701242446899,0.35552921891212463,0.23449653387069702,0.033690840005874634,0.5506981015205383,0.057653579860925674,8192,0.09187014400959015,4.780939102172852,0.11084388941526413,36077568,45233,17616,1101,-14.923792,0.013854167109820991,0.00046031733800191434,-2.910801127552986,-44.480583,0.04432741579366848,0.001936927552014822,-2.914353446662426,,,0.95,0.9,both,2.8587387262607207,3.0341049651020753,0.8798955313374729,0.0,-27.766245,2760.438955360307,-14.923792
221,1784895651.2792263,,8.0,,8.0,,6.0,,6.0,,10.0,,10.0,,1.0,,1.0,,4.0,,4.0,,2.0,,2.0,,5.0,,5.0,,8.0,,8.0,,8.985236015170813,,6.9861158318817616,,10.0,,1.4925773218274117,,4.487280225381255,,2.4981025103479624,,5.0,,8.875,-4.656612873077393e-10,0.001559500233270228,0.003917498642294959,1.9804692640900612,0.21873199939727783,0.8732646703720093,0.17998458445072174,0.11218089610338211,0.12224078923463821,0.3367345631122589,0.043026287108659744,8192,0.08287732303142548,6.040538787841797,0.02839534357190132,36241408,45467,17696,1106,1.5175304,0.013881945237517356,0.002389537583803758,-2.90630007237196,-47.711086,0.024037895700894298,0.0011610081404796802,-2.9299762353301047,,,0.95,0.9,both,2.6646544822875344,2.8161581662910753,1.3018379994570126,0.0,-27.587524,2743.645112359725,1.5175304
222,1784895710.6184003,,8.0,,8.0,,6.0,,6.0,,10.0,,10.0,,1.0,,1.0,,4.0,,4.0,,2.0,,2.0,,5.0,,5.0,,8.0,,8.0,,7.054151922464371,,5.043016720563173,,9.012828558683395,,0.5745097799226642,,3.5125503353774548,,1.5193001255393028,,4.505164632573724,,7.125,-4.6566128730773926e-09,0.0029409663402475417,0.0038207572697501746,1.9852516204118729,0.1874384731054306,0.8712674379348755,0.15580792725086212,0.14649413526058197,0.12597669661045074,0.40929991006851196,0.051191408187150955,8192,0.13151100277900696,4.7933149337768555,0.10137555748224258,36405248,45688,17776,1111,3.1128094,0.01322428995918017,0.0005023258301662282,-2.8992932468652723,-34.15293,0.03359000916825607,0.0008268165052868426,-2.9053100630640984,,,0.95,0.9,both,2.60975179720596,2.8203913748705967,1.0755894161538104,0.0,-45.850006,2761.076150537391,3.1128094
223,1784895772.601187,,8.0,,8.0,,6.0,,6.0,,10.0,,10.0,,1.0,,1.0,,4.0,,4.0,,2.0,,2.0,,5.0,,5.0,,8.0,,8.0,,7.392937082331628,,5.479343956336379,,9.317303352523595,,0.6536758106667548,,3.552282049320638,,1.6983503652736545,,4.66070191655308,,7.1875,-4.6566128730773926e-09,-0.0004101425292901695,0.014498897595331073,1.98813246935606,0.25152355432510376,0.8930718898773193,0.2117893397808075,-0.07364500313997269,0.24565400183200836,0.4407229423522949,0.05305810272693634,8192,0.3758709728717804,4.992761611938477,0.09595130383968353,36569088,45902,17856,1116,-20.51923,0.017349118532729337,0.00018672586156753823,-2.903524436056614,-63.88217,0.038975057448260485,0.0006057795391825494,-2.8845836862921717,,,0.95,0.9,both,2.7223221489817,2.82052840611355,0.5372239931478479,0.0,-20.24374,2643.314437221305,-20.51923
224,1784895831.2067728,,8.0,,8.0,,6.0,,6.0,,10.0,,10.0,,1.0,,1.0,,4.0,,4.0,,2.0,,2.0,,5.0,,5.0,,8.0,,8.0,,7.946035882108845,,5.942879596725106,,9.626336757093668,,0.9588828226551414,,4.021039459854364,,2.026213521065074,,4.846430772449821,,7.625,-5.587935447692871e-09,3.181752981618047e-05,0.028351117682177573,1.989478912204504,0.16345737874507904,0.8274434804916382,0.15356843173503876,0.19217123091220856,0.3432030975818634,0.3777981102466583,0.05198068916797638,8192,0.5338332056999207,5.374101638793945,0.03537202626466751,36732928,46098,17936,1121,-3.5370338,0.011523766993195749,0.001053800486624823,-2.8918720930814743,-46.224987,0.020296576857799665,0.002034251854638569,-2.9035812839865685,,,0.95,0.9,both,2.975257872623459,2.741250632741965,0.3593965189627581,0.0,-35.1622,2795.6379243556007,-3.5370338
225,1784895890.460483,,8.0,,8.0,,6.0,,6.0,,10.0,,10.0,,1.0,,1.0,,4.0,,4.0,,2.0,,2.0,,5.0,,5.0,,8.0,,8.0,,8.999068949371576,,6.9966463297605515,,10.0,,1.4985473360866308,,4.499812446534634,,2.493286995217204,,5.0,,9.0,6.51925802230835e-09,0.0006356069352477789,0.00038579019542339665,1.982571016997099,0.2507275938987732,1.0530812740325928,0.20533177256584167,0.13376516103744507,0.002514471299946308,0.3028722405433655,0.032550156116485596,8192,0.004870293661952019,6.060920238494873,0.02182500809431076,36896768,46285,18016,1126,5.2254767,0.012501158253871835,-4.062049411004409e-05,-2.9408918008208276,-50.85968,0.01279477417410817,0.00012973056582268327,-2.9168233782052995,,,0.95,0.9,both,2.5488002551996645,2.839298265190619,1.531858281209208,0.0,-42.954994,2765.0606295979687,5.2254767
226,1784895950.9033668,,8.0,,8.0,,6.0,,6.0,,10.0,,10.0,,1.0,,1.0,,4.0,,4.0,,2.0,,2.0,,5.0,,5.0,,8.0,,8.0,,7.011905193328857,,5.019645303487778,,9.012728091329336,,0.5015891585499048,,3.507164191454649,,1.5140368212014437,,4.514506621286273,,7.0,2.7939677238464355e-09,0.0006162647041492164,0.0014950088661862537,1.9814050197601318,0.2595404386520386,0.9574570059776306,0.20820459723472595,-0.08909884840250015,0.017206454649567604,0.379163533449173,0.042525988072156906,8192,0.028054310008883476,4.760197162628174,0.05561377853155136,37060608,46493,18096,1131,-9.988649,0.01616257509449497,-0.00040596861726953647,-2.9439391881227492,-49.594448,0.024419676070101558,0.0006619924337428529,-2.9289113491773606,,,0.95,0.9,both,2.458052436660646,2.7624859802857076,0.8794072591585642,0.0,-48.95295,2710.656806615263,-9.988649
227,1784896011.495409,,8.0,,8.0,,6.0,,6.0,,10.0,,10.0,,1.0,,1.0,,4.0,,4.0,,2.0,,2.0,,5.0,,5.0,,8.0,,8.0,,7.017656486481428,,5.005219053477049,,9.02043965831399,,0.5004476252943277,,3.517955167219043,,1.502072537317872,,4.5002275966107845,,7.0,1.862645149230957e-09,0.0009764660499058664,8.932395536476179e-05,1.9856877252459526,0.22930757701396942,0.7836406826972961,0.22150586545467377,-0.03787848353385925,0.015203941613435745,0.2762174904346466,0.04063621163368225,8192,0.02702176198363304,4.758002281188965,0.027018683031201363,37224448,46719,18176,1136,11.706338,0.009775880904635414,0.0011874472642375623,-2.886780160665512,-48.759342,0.010675716534024104,0.002345103905827273,-2.910262870788574,,,0.95,0.9,both,2.92792749588657,3.0351234063613988,1.1585606922770944,0.0,-40.137623,2703.9861366653136,11.706338
228,1784896071.8596308,,8.0,,8.0,,6.0,,6.0,,10.0,,10.0,,1.0,,1.0,,4.0,,4.0,,2.0,,2.0,,5.0,,5.0,,8.0,,8.0,,7.010217182338238,,5.001763757318258,,9.010947771370411,,0.5016796626150608,,3.512295685708523,,1.5021210089325905,,4.533376339823008,,7.0,3.259629011154175e-09,-0.0004388950765132904,0.0002017814163082221,1.9826414696872234,0.2002575397491455,0.9080253839492798,0.15913084149360657,0.13363713026046753,0.02676757052540779,0.406422883272171,0.05659618601202965,8192,0.030180662870407104,4.759049892425537,0.0734964981675148,37388288,46953,18256,1141,2.5764585,0.011021727832849137,-0.0005138112690474372,-2.8890991106629373,-75.34407,0.03391710377763957,0.0009778419116628356,-2.8859188467264176,,,0.95,0.9,both,2.6316040993541963,3.040529644933998,0.9446101953359716,0.0,-27.142773,2714.1896786761367,2.5764585
229,1784896129.5594966,,8.0,,8.0,,6.0,,6.0,,10.0,,10.0,,1.0,,1.0,,4.0,,4.0,,2.0,,2.0,,5.0,,5.0,,8.0,,8.0,,7.481637395976577,,5.215183831751347,,9.306855522096157,,0.7287013542372733,,3.730227546475362,,1.645732463686727,,4.633166903397068,,7.25,0.0,-0.0027221906930208206,0.0021389785142673645,1.9818660840392113,0.21017427742481232,0.870842456817627,0.19424603879451752,-0.002077147364616394,0.07225758582353592,0.3691680431365967,0.0410582572221756,8192,0.3747883141040802,4.99893856048584,0.05652628839015961,37552128,47168,18336,1146,5.798827,0.00975155780906789,0.0005568211185163818,-2.882213355600834,-42.02433,0.03315351621131413,-0.00010041909554274753,-2.8779679119586943,,,0.95,0.9,both,2.8275365336014024,2.7775700536467904,0.5642004946762034,0.0,-59.372795,2839.521330082084,5.798827
230,1784896189.2754164,,8.0,,8.0,,6.0,,6.0,,10.0,,10.0,,1.0,,1.0,,4.0,,4.0,,2.0,,2.0,,5.0,,5.0,,8.0,,8.0,,8.997632447630167,,6.99820701777935,,10.0,,1.4971073474735022,,4.499626038596034,,2.4991877619177103,,5.0,,9.0,-4.190951585769653e-09,0.0004996131174266338,0.00015554881952084543,1.9854793809354305,0.14371547102928162,0.8590496778488159,0.16706186532974243,0.09527190029621124,0.002317636739462614,0.4161756634712219,0.052853915840387344,8192,0.0024095356930047274,6.061470031738281,0.027723131701350212,37715968,47348,18416,1151,18.554998,0.007563606368785258,0.00030912401707610114,-2.8790546104311945,-39.37063,0.00976574858650565,-0.0007231642535771243,-2.8883757904171943,,,0.95,0.9,both,2.7018611380480055,2.697118131645693,1.2993332054282187,0.0,-22.383448,2743.656936062913,18.554998
231,1784896251.8080368,,8.0,,8.0,,6.0,,6.0,,10.0,,10.0,,1.0,,1.0,,4.0,,4.0,,2.0,,2.0,,5.0,,5.0,,8.0,,8.0,,7.005864128470421,,5.003291856497526,,9.00265545770526,,0.5021022371947765,,3.506657887250185,,1.5016414802521467,,4.501215795055032,,7.0,0.0,0.0018915825639851391,0.0005132631886226591,1.9800156243145466,0.24199509620666504,0.8202266693115234,0.21345609426498413,-0.0001264326274394989,0.007552694994956255,0.39006468653678894,0.04170086234807968,8192,0.008285305462777615,4.752928733825684,0.10068079084157944,37879808,47545,18496,1156,-14.300456,0.01753124538518023,-0.00030357887590071186,-2.8793222486972807,-37.044666,0.032386719819623974,0.0012352170640951953,-2.8968529105186462,,,0.95,0.9,both,2.6368710361436376,2.7949899540053904,1.773146152539367,0.0,-37.297295,2620.0727645786183,-14.300456
232,1784896314.3780532,,8.0,,8.0,,6.0,,6.0,,10.0,,10.0,,1.0,,1.0,,4.0,,4.0,,2.0,,2.0,,5.0,,5.0,,8.0,,8.0,,7.004131730645895,,5.016033880412579,,9.068319719284773,,0.5008693728595972,,3.5107988137751818,,1.5007334519177675,,4.519478057511151,,7.0,1.862645149230957e-09,0.0018051580991595984,0.0012135000251873862,1.9770866073668003,0.3396862745285034,0.9782602190971375,0.3277151584625244,-0.0826214849948883,0.06143054738640785,0.5278636813163757,0.06045011430978775,8192,0.053956128656864166,4.765045642852783,0.07779063284397125,38043648,47759,18576,1161,-6.480681,0.015039513443480246,-0.00034661679455894046,-2.889465782046318,-73.82989,0.037936504394747314,-0.00037219003279460595,-2.8536821752786636,,,0.95,0.9,both,2.6413347056971035,2.8671472853054603,1.684411177168873,0.0,-39.83245,2618.5064352052523,-6.480681
233,1784896373.4197068,,8.0,,8.0,,6.0,,6.0,,10.0,,10.0,,1.0,,1.0,,4.0,,4.0,,2.0,,2.0,,5.0,,5.0,,8.0,,8.0,,8.964106971397996,,6.985715609043837,,9.951121684163809,,1.4985766429454088,,4.499463664367795,,2.4919764772057533,,5.0,,9.0,-3.725290298461914e-09,0.0004051357973366976,0.0010886598784054513,1.9809269607067108,0.11226819455623627,0.8713060617446899,0.09794004261493683,0.06399103254079819,0.02689308300614357,0.335584819316864,0.03690014034509659,8192,0.049509018659591675,6.048870086669922,0.020826339721679688,38207488,47940,18656,1166,-5.00953,0.010254194526351058,-0.0003565517588867806,-2.8798080727458,-25.707895,0.010308873653411866,0.0009715447653434239,-2.8879572585225106,,,0.95,0.9,both,2.8516044645440095,2.9056866746791883,1.013163918200846,0.0,-28.91184,2774.990455959923,-5.00953
234,1784896433.9002478,,8.0,,8.0,,6.0,,6.0,,10.0,,10.0,,1.0,,1.0,,4.0,,4.0,,2.0,,2.0,,5.0,,5.0,,8.0,,8.0,,7.095429808367044,,5.3009996032342315,,9.129775526933372,,0.5866237089503556,,3.60462657478638,,1.5720891697856132,,4.587195059779333,,7.1875,-1.862645149230957e-09,0.0003950933460146189,0.001375379964883905,1.9757458306849003,0.23910045623779297,0.9360474944114685,0.1718394011259079,-0.04988495260477066,0.06400876492261887,0.33097708225250244,0.031420741230249405,8192,0.27142348885536194,4.883029937744141,0.09201040118932724,38371328,48148,18736,1171,-31.424768,0.02166309531312436,-6.188980405568145e-05,-2.9085672080516813,-10.511046,0.017197335453238337,0.0005788082678918726,-2.8723287761211393,,,0.95,0.9,both,2.3195505467089625,2.7508286632714416,0.4844724816520578,0.0,-31.906137,2708.9699756692125,-31.424768
235,1784896493.3070986,,8.0,,8.0,,6.0,,6.0,,10.0,,10.0,,1.0,,1.0,,4.0,,4.0,,2.0,,2.0,,5.0,,5.0,,8.0,,8.0,,8.613138061016798,,6.607848539017141,,9.960827805101871,,1.4413814265280962,,4.2674256497994065,,2.3302938695997,,4.969795159995556,,8.6875,1.1175870895385742e-08,-0.008443718776106834,0.008309411525260657,1.9808959811925888,0.2730628550052643,0.9712536334991455,0.2575073838233948,-0.08251616358757019,0.18469054996967316,0.27225202322006226,0.03485426306724548,8192,0.3568619191646576,5.859776496887207,0.02770579233765602,38535168,48336,18816,1176,11.947025,0.008159659360535443,0.0015277204423910008,-2.8970551624894143,-21.367764,0.004321867314865812,0.0007339285366469994,-2.8966453194618227,,,0.95,0.9,both,2.800638143516938,2.7896477732348486,0.5664009142675639,0.0,-30.615768,2757.9311666033627,11.947025
236,1784896552.1126032,,8.0,,8.0,,6.0,,6.0,,10.0,,10.0,,1.0,,1.0,,4.0,,4.0,,2.0,,2.0,,5.0,,5.0,,8.0,,8.0,,8.023199463263154,,6.280283645261079,,9.786875503137708,,1.009858297649771,,4.006204971112311,,2.1798907769843936,,4.7758241686969995,,7.9375,1.1175870895385742e-08,-0.003945271600969136,0.006611748307477683,1.987296897917986,0.32049745321273804,0.9254137277603149,0.29297658801078796,0.15224334597587585,0.16433843970298767,0.3777807354927063,0.04404212534427643,8192,0.5449513792991638,5.499954700469971,0.023935291916131973,38699008,48524,18896,1181,-5.195905,0.011605622398201376,0.0020106846779526675,-2.9056993648409843,-25.393845,0.01789057648857124,-0.0009528365437290632,-2.888297201693058,,,0.95,0.9,both,2.524246945344842,2.3257838701394933,0.3059548363164223,0.0,-18.564053,2786.1336096392633,-5.195905
237,1784896611.5857232,,8.0,,8.0,,6.0,,6.0,,10.0,,10.0,,1.0,,1.0,,4.0,,4.0,,2.0,,2.0,,5.0,,5.0,,8.0,,8.0,,7.002460859715939,,5.109838946256787,,9.025546878576279,,0.5057557709515095,,3.504403667524457,,1.503199739381671,,4.518541695550084,,7.0,-2.3283064365386963e-09,0.0012959363957634196,6.794051193992345e-05,1.9896833188831806,0.2806193232536316,1.149347186088562,0.24891397356987,-0.1440032422542572,0.01389562338590622,0.32526734471321106,0.0330522246658802,8192,0.05459420755505562,4.771218299865723,0.027011465281248093,38862848,48726,18976,1186,-21.272512,0.013270316185662523,-0.0005970239828457125,-2.883096657693386,-24.05614,0.006529676298669074,-0.0010064345078717452,-2.8963152408599853,,,0.95,0.9,both,2.659368113386187,2.4421887132389877,1.384444236226447,0.0,-31.101263,2754.857999427277,-21.272512
238,1784896670.637603,,8.0,,8.0,,6.0,,6.0,,10.0,,10.0,,1.0,,1.0,,4.0,,4.0,,2.0,,2.0,,5.0,,5.0,,8.0,,8.0,,7.000051870942116,,5.000049330294131,,9.014273144304752,,0.5003645271062851,,3.5003053471446037,,1.5001988876610994,,4.5002869460731745,,7.0,-3.725290298461914e-09,0.0012301254901103675,0.0001109708530862008,1.9962308779358864,0.21032632887363434,0.7571612000465393,0.16772429645061493,-0.07899490743875504,0.009744393639266491,0.3355773985385895,0.03801746666431427,8192,0.00716377142816782,4.751941204071045,0.07635589689016342,39026688,48937,19056,1191,10.848587,0.00744486484763911,-0.0002812786558934022,-2.9145452693104743,-57.114056,0.02562730463105254,0.0011871199269080535,-2.915880174934864,,,0.95,0.9,both,2.668055537728637,2.774348060812057,1.4806330792959475,0.0,-31.663376,2774.5105514192437,10.848587
239,1784896731.0957959,,8.0,,8.0,,6.0,,6.0,,10.0,,10.0,,1.0,,1.0,,4.0,,4.0,,2.0,,2.0,,5.0,,5.0,,8.0,,8.0,,7.527837291359901,,5.474866025149822,,9.459445293992758,,0.7309755957685411,,3.8577779110055417,,1.6462632697075605,,4.616983966901898,,7.8125,1.862645149230957e-09,-0.0045102734584361315,0.019207816862035543,1.9918186962604523,0.29937463998794556,0.7903251051902771,0.30446916818618774,-0.026442235335707664,0.2797045111656189,0.2378934621810913,0.032095760107040405,8192,0.493814080953598,5.140831470489502,0.033052582293748856,39190528,49163,19136,1196,-11.359867,0.01718790912127588,-5.80487605475355e-05,-2.91253974288702,-16.222511,0.010823274444555863,-0.0013535167927329894,-2.9344383984804154,,,0.95,0.9,both,2.453943386409211,2.789891625380818,0.4216428442745967,0.0,-21.370634,2709.971156141051,-11.359867
240,1784896792.225985,,8.0,,8.0,,6.0,,6.0,,10.0,,10.0,,1.0,,1.0,,4.0,,4.0,,2.0,,2.0,,5.0,,5.0,,8.0,,8.0,,7.402461214456707,,5.69683802081272,,9.303704569116235,,0.7369839410239365,,3.695959129370749,,1.7727233620826155,,4.664494450902566,,7.8125,-3.725290298461914e-09,-0.007087606121785939,0.005402192851761356,1.9968669675290585,0.21597975492477417,0.9617049694061279,0.21747949719429016,-0.07166174799203873,0.13598720729351044,0.3860005736351013,0.03520410135388374,8192,0.454375684261322,5.135708808898926,0.048003651201725006,39354368,49364,19216,1201,5.1691585,0.011888654116773978,0.0006384987413184717,-2.886470103263855,-70.03494,0.025408265634905548,0.0006242732211831026,-2.920609953999519,,,0.95,0.9,both,2.4031816203428114,2.7500504503620613,0.5332900760900846,0.0,-18.547935,2680.1811883861205,5.1691585
241,1784896853.4940557,,8.0,,8.0,,6.0,,6.0,,10.0,,10.0,,1.0,,1.0,,4.0,,4.0,,2.0,,2.0,,5.0,,5.0,,8.0,,8.0,,8.910311096347868,,6.931366194039583,,10.0,,1.4726777132600546,,4.4805659130215645,,2.495587008073926,,5.0,,8.9375,-1.862645149230957e-09,0.0008004473056644201,0.004463923378352774,1.9947871752083302,0.24486787617206573,0.8904631733894348,0.20273728668689728,0.008245071396231651,0.12814348936080933,0.31643831729888916,0.039726804941892624,8192,0.09976010024547577,6.028501510620117,0.014148707501590252,39518208,49567,19296,1206,12.185861,0.01049759921443183,-0.00017602321604499594,-2.892415541410446,-42.83622,0.026165827322984114,0.0024518581856682433,-2.9161966025829313,,,0.95,0.9,both,2.545089942901826,2.876797206520796,0.7955724194784387,0.0,-33.837223,2674.1498463813614,12.185861
242,1784896914.635071,,8.0,,8.0,,6.0,,6.0,,10.0,,10.0,,1.0,,1.0,,4.0,,4.0,,2.0,,2.0,,5.0,,5.0,,8.0,,8.0,,8.92724216915667,,6.922155678970739,,10.0,,1.4869875200092793,,4.498280787840486,,2.494589265435934,,5.0,,9.0,1.862645149230957e-09,0.0001266777398996055,0.0007990536942088511,1.9923311099410057,0.27039074897766113,0.9413157105445862,0.20517827570438385,0.11025276780128479,0.05365632846951485,0.24575242400169373,0.029222408309578896,8192,0.05896148085594177,6.041157245635986,0.01657203771173954,39682048,49752,19376,1211,-26.84201,0.01921033173566684,0.00023978212266229093,-2.9479536786675453,-17.835154,0.006017512499238364,0.0007611122011439875,-2.894271743297577,,,0.95,0.9,both,2.6023999331786496,2.526965225101157,0.5858691621539952,0.0,-13.617769,2679.7068249393274,-26.84201
243,1784896976.62603,,8.0,,8.0,,6.0,,6.0,,10.0,,10.0,,1.0,,1.0,,4.0,,4.0,,2.0,,2.0,,5.0,,5.0,,8.0,,8.0,,8.99611708894372,,6.988892011344433,,10.0,,1.4993816018104553,,4.49499873444438,,2.499302964657545,,5.0,,9.0,-3.259629011154175e-09,0.0006578732281923294,0.000275537802508552,1.9871823713183403,0.2903766930103302,0.8421597480773926,0.279879093170166,-0.03069475293159485,0.0021472894586622715,0.19470073282718658,0.021732434630393982,8192,0.006228941958397627,6.059836387634277,0.018509425222873688,39845888,49953,19456,1216,12.317279,0.010440045638824813,0.0004205054690828547,-2.9180957466363906,-17.562853,0.008786609477829188,0.0009071743937965948,-2.920572002232075,,,0.95,0.9,both,2.6518284972131445,2.4341262453935686,1.529991270734052,0.0,-23.006475,2642.966071120407,12.317279
244,1784897037.6754484,,8.0,,8.0,,6.0,,6.0,,10.0,,10.0,,1.0,,1.0,,4.0,,4.0,,2.0,,2.0,,5.0,,5.0,,8.0,,8.0,,7.0835977755486965,,5.09299295488745,,9.117609966546297,,0.5697668571374379,,3.5014834869652987,,1.5314458534121513,,4.549268199130893,,7.0,-1.3969838619232178e-09,0.00021343817934393883,0.0016361847729058354,1.9867607429623604,0.22617214918136597,0.9176724553108215,0.17657840251922607,0.0257624089717865,0.04673364758491516,0.3534162640571594,0.045944176614284515,8192,0.14133702218532562,4.8057708740234375,0.0769117921590805,40009728,50165,19536,1221,-6.721596,0.02106702346354723,0.00021326844253053424,-2.8952746093273163,-49.584774,0.042088605603203176,-0.00016493893635924906,-2.917656698822975,,,0.95,0.9,both,2.4461154690103513,2.809969158337978,0.6663504323061815,0.0,-21.053442,2683.7274334023077,-6.721596
245,1784897096.5868194,,8.0,,8.0,,6.0,,6.0,,10.0,,10.0,,1.0,,1.0,,4.0,,4.0,,2.0,,2.0,,5.0,,5.0,,8.0,,8.0,,7.493570598773658,,5.552196307107806,,9.292454645037651,,0.809119300916791,,3.9276026547013316,,1.8536713875946589,,4.736230724491179,,7.625,-7.450580596923828e-09,-0.007836535718524829,0.009465008624829352,1.9881630837917328,0.23976555466651917,0.9067890048027039,0.21083830296993256,-0.15477034449577332,0.19601762294769287,0.24732396006584167,0.02745877578854561,8192,0.4694337248802185,5.161230564117432,0.02191474661231041,40173568,50344,19616,1226,-28.336386,0.029837704106466845,-0.0014935425730072892,-2.8648949816823004,-21.80237,0.006049277336569503,-0.0008319023210788146,-2.9232683002948763,,,0.95,0.9,both,2.253285093664256,2.4556268045091953,0.30598355151989415,0.0,-37.720974,2781.1269040579236,-28.336386
246,1784897156.1042585,,8.0,,8.0,,6.0,,6.0,,10.0,,10.0,,1.0,,1.0,,4.0,,4.0,,2.0,,2.0,,5.0,,5.0,,8.0,,8.0,,7.000371512025595,,5.000058934092522,,9.00007002055645,,0.5067979842424393,,3.5000078845769167,,1.500021444633603,,4.500056255608797,,7.0,1.1641532182693481e-09,0.0003666487755253911,1.6811048432430198e-05,1.9954957626760006,0.2671525180339813,0.7501792907714844,0.29102522134780884,0.04266846179962158,0.0010646105511114001,0.41822734475135803,0.04659301042556763,8192,0.0035357321612536907,4.750923156738281,0.11357411742210388,40337408,50570,19696,1231,11.891225,0.011888594727497547,-0.00031003621843410655,-2.9041928365826606,-60.690174,0.03549231581855565,0.0009344050267827697,-2.893836463987827,,,0.95,0.9,both,2.6264924676633297,2.9959068919034864,1.4271664076340507,0.0,-26.287323,2752.806576118551,11.891225
247,1784897217.5226147,,8.0,,8.0,,6.0,,6.0,,10.0,,10.0,,1.0,,1.0,,4.0,,4.0,,2.0,,2.0,,5.0,,5.0,,8.0,,8.0,,7.0015241317451,,5.011886909604073,,9.003408767282963,,0.5001545883715153,,3.5006955713033676,,1.5001938994973898,,4.500849112868309,,7.0625,-9.313225746154785e-10,0.0010200884426012635,0.0005225268319009047,1.9953654557466507,0.31299662590026855,1.0024545192718506,0.30173763632774353,-0.09466563165187836,0.046583738178014755,0.39665210247039795,0.05200343206524849,8192,0.03710876405239105,4.760151386260986,0.12166883796453476,40501248,50796,19776,1236,-11.665914,0.015221846394706518,0.0009093628643313423,-2.9062131315469744,-69.5659,0.03993236267706379,0.00042922245484078303,-2.9056745782494544,,,0.95,0.9,both,2.9592069002745767,2.8096609055807398,1.3489696162765894,0.0,-12.837858,2667.606440492195,-11.665914
248,1784897278.2765975,,8.0,,8.0,,6.0,,6.0,,10.0,,10.0,,1.0,,1.0,,4.0,,4.0,,2.0,,2.0,,5.0,,5.0,,8.0,,8.0,,7.154034849256277,,5.540988616645336,,9.23769418336451,,0.8024819940765155,,3.8411904959357344,,1.6029280666261911,,4.7101751997251995,,7.5,0.0,-0.008236587105784565,0.01026622969948221,1.9999179281294346,0.24475990235805511,0.8873322010040283,0.19655221700668335,0.04892474412918091,0.17165793478488922,0.357566773891449,0.048560574650764465,8192,0.3910229802131653,5.048686981201172,0.061146073043346405,40665088,51016,19856,1241,-3.0607166,0.010586328548379242,0.0010395840195997152,-2.9308393076062202,-49.84544,0.028607305919285862,0.0006981634389376268,-2.9070132851600645,,,0.95,0.9,both,2.6063282196858295,2.907808851973484,0.5040791667155345,0.0,-27.851465,2696.777881412688,-3.0607166
249,1784897338.7159572,,8.0,,8.0,,6.0,,6.0,,10.0,,10.0,,1.0,,1.0,,4.0,,4.0,,2.0,,2.0,,5.0,,5.0,,8.0,,8.0,,7.57077375787776,,5.479590210830793,,9.261419570073485,,0.591961320489645,,3.671310414560139,,1.7721120733767748,,4.600246289744973,,7.25,-1.3969838619232178e-09,0.000286239170236513,0.002726184524362907,2.0077570602297783,0.24001029133796692,0.8796790838241577,0.18387916684150696,0.1686793565750122,0.10387969017028809,0.2998344898223877,0.02757764235138893,8192,0.4169583320617676,5.02467679977417,0.024193502962589264,40828928,51199,19936,1246,5.396596,0.011669226878439076,0.000552087344112806,-2.9109976053237916,-27.62354,0.008184912244905718,-0.0009205190624925307,-2.9351438865065576,,,0.95,0.9,both,2.9130920152165545,2.7373212715138218,0.46201759865479997,0.0,-32.88782,2710.816350375123,5.396596
250,1784897397.1557798,,8.0,,8.0,,6.0,,6.0,,10.0,,10.0,,1.0,,1.0,,4.0,,4.0,,2.0,,2.0,,5.0,,5.0,,8.0,,8.0,,8.454229277791455,,6.521062825806439,,9.843483378179371,,1.1796317177504534,,4.247712165117264,,2.2637084033340216,,4.943083684891462,,8.5625,-1.4901161193847656e-08,-0.0028921807534061372,0.01638592813105788,2.006030857563019,0.19810694456100464,0.8988440036773682,0.15731053054332733,0.17259226739406586,0.25670090317726135,0.27362680435180664,0.038045484572649,8192,0.4164496064186096,5.751926422119141,0.0283123217523098,40992768,51410,20016,1251,13.139867,0.010507160978158936,-0.0004152434761635959,-2.898643732070923,-47.614113,0.0174856782250572,0.001789044478937285,-2.9235153198242188,,,0.95,0.9,both,2.294965512683443,2.7300200557599124,0.43305335301787007,0.0,-57.706245,2803.567652178239,13.139867
251,1784897457.586119,,8.0,,8.0,,6.0,,6.0,,10.0,,10.0,,1.0,,1.0,,4.0,,4.0,,2.0,,2.0,,5.0,,5.0,,8.0,,8.0,,7.757882558275014,,6.18305196473375,,9.678820269182324,,1.110364565582131,,3.9684918373823166,,2.01241513081186,,4.7612281162291765,,8.0625,-2.7939677238464355e-09,-0.0027162479236721992,0.030650921224150807,2.0050922110676765,0.19764494895935059,0.9579110741615295,0.1807616651058197,-0.07177434116601944,0.35632264614105225,0.274619460105896,0.032411154359579086,8192,0.4972824454307556,5.4418439865112305,0.057547472417354584,41156608,51597,20096,1256,-10.981875,0.011044412077171727,-0.001541965400974732,-2.850567039847374,-62.755352,0.015840270897024313,-0.0008111336050205864,-2.8780974745750427,,,0.95,0.9,both,2.389654398329354,2.432866961989596,0.33084735160058754,0.0,-28.33974,2711.220936213757,-10.981875
252,1784897516.4917521,,8.0,,8.0,,6.0,,6.0,,10.0,,10.0,,1.0,,1.0,,4.0,,4.0,,2.0,,2.0,,5.0,,5.0,,8.0,,8.0,,7.0038629360497,,5.002774238586426,,9.000372372567654,,0.500841511413455,,3.500122619792819,,1.5009993873536587,,4.500490991398692,,7.0,0.0,0.0005041822441853583,0.0033022396401065635,2.012205518782139,0.29783207178115845,0.9273650050163269,0.28822410106658936,-0.07120907306671143,0.009041334502398968,0.26927316188812256,0.0384189635515213,8192,0.004074942320585251,4.751183032989502,0.03450038284063339,41320448,51828,20176,1261,11.386899,0.01377283748006448,0.0003605083576985635,-2.815928892791271,-32.797447,0.020566454558866097,0.00012119084858568386,-2.8609536990523337,,,0.95,0.9,both,2.7830596439095343,2.6263988546340746,1.9654538505149444,0.0,-46.533012,2781.3978931097695,11.386899
253,1784897578.1252353,,8.0,,8.0,,6.0,,6.0,,10.0,,10.0,,1.0,,1.0,,4.0,,4.0,,2.0,,2.0,,5.0,,5.0,,8.0,,8.0,,7.003543101251125,,5.127479769289494,,9.013942506164312,,0.5007343906909227,,3.5007776003330946,,1.5019163060933352,,4.5001008454710245,,7.0,9.313225746154785e-10,0.00036752980668097734,0.0037664275719180296,2.020960710942745,0.29815226793289185,0.94677734375,0.21903963387012482,-0.04334116727113724,0.12415134161710739,0.2808770537376404,0.028191164135932922,8192,0.06546350568532944,4.768562316894531,0.03208179026842117,41484288,52031,20256,1266,-26.040295,0.01592433608893771,0.0005537766883207951,-2.820635110139847,-46.28855,0.016979054288822227,-0.0007501525571569801,-2.863632947206497,,,0.95,0.9,both,2.636055223287323,2.388222670447928,1.2634333073684507,0.0,-22.212582,2658.295356935434,-26.040295
254,1784897639.064562,,8.0,,8.0,,6.0,,6.0,,10.0,,10.0,,1.0,,1.0,,4.0,,4.0,,2.0,,2.0,,5.0,,5.0,,8.0,,8.0,,8.500364321749657,,6.200372029095888,,9.910029829945415,,1.3334144838154316,,4.262545914389193,,2.368623413494788,,4.885214252397418,,8.6875,1.3969838619232178e-09,-0.0026566473534330726,0.0038937542849453166,2.022068902850151,0.19458571076393127,0.8681300282478333,0.20089490711688995,-0.00497373566031456,0.11362480372190475,0.29135680198669434,0.032946065068244934,8192,0.4244827330112457,5.768508434295654,0.09205839037895203,41648128,52240,20336,1271,4.834586,0.009001873251690995,0.0006992627197178081,-2.817370930314064,-34.083374,0.029168523801490664,-0.0010392058757133782,-2.8382495671510695,,,0.95,0.9,both,2.9199344436198453,2.584336927654521,0.4039505946045302,0.0,-22.330639,2688.5758184560714,4.834586
255,1784897699.4503944,,8.0,,8.0,,6.0,,6.0,,10.0,,10.0,,1.0,,1.0,,4.0,,4.0,,2.0,,2.0,,5.0,,5.0,,8.0,,8.0,,8.999031487852335,,6.999647043645382,,10.0,,1.4994922913610935,,4.499948104843497,,2.4999901466071606,,5.0,,9.0,3.725290298461914e-09,0.0006034782854840159,2.2156267945661057e-05,2.025427520275116,0.1740679293870926,0.8211057186126709,0.1318318098783493,0.08237296342849731,0.00023678934667259455,0.2787717878818512,0.03719010204076767,8192,0.0008396726916544139,6.0622639656066895,0.03068140335381031,41811968,52439,20416,1276,6.151666,0.007822251875768415,0.0013086485778330825,-2.8424474865198137,-36.14754,0.00832118433318101,-0.00047767732248757964,-2.8426819056272508,,,0.95,0.9,both,2.829820044711007,2.721032398299442,1.6482418681828883,0.0,-46.914234,2713.2193216667733,6.151666
256,1784897759.5277371,,8.0,,8.0,,6.0,,6.0,,10.0,,10.0,,1.0,,1.0,,4.0,,4.0,,2.0,,2.0,,5.0,,5.0,,8.0,,8.0,,8.16720204835292,,5.979534301906824,,9.784081968013197,,1.086944887880236,,4.11644360772334,,2.0183627833612263,,4.855061942245811,,7.875,2.7939677238464355e-09,0.00012715643970295787,0.011081913558882661,2.027452453970909,0.2584512233734131,0.9079036116600037,0.18127714097499847,-0.008783450350165367,0.20657701790332794,0.33090707659721375,0.049102988094091415,8192,0.5309197902679443,5.4853291511535645,0.03474947065114975,41975808,52668,20496,1281,20.764593,0.009092825156403705,0.0005974609739496373,-2.867764782905579,-57.706066,0.0263873795629479,-0.0004840996873099357,-2.876397116482258,,,0.95,0.9,both,2.712644139696156,2.787008469814064,0.2588199453661572,0.0,-29.651312,2727.151043032282,20.764593
257,1784897820.4545999,,8.0,,8.0,,6.0,,6.0,,10.0,,10.0,,1.0,,1.0,,4.0,,4.0,,2.0,,2.0,,5.0,,5.0,,8.0,,8.0,,7.987083165964577,,5.957403643522412,,9.579435683786869,,1.0192115561803803,,4.201532740145922,,2.0096384279895574,,4.891728851944208,,8.0625,0.0,-0.005584631464444101,0.005598089643171988,2.02919140458107,0.21488125622272491,0.8186346292495728,0.1705608069896698,-0.08231643587350845,0.15247367322444916,0.2929564416408539,0.04371103644371033,8192,0.5527641177177429,5.463566780090332,0.07375913858413696,42139648,52884,20576,1286,3.9399376,0.01216501355957007,0.0005303108860971406,-2.8704787611961367,-41.76232,0.03077951363520697,-0.0003550831155735068,-2.8673938035964968,,,0.95,0.9,both,2.393888932059535,2.658140484365603,0.35093915462358327,0.0,-20.511276,2689.1257724199504,3.9399376
258,1784897881.8734508,,8.0,,8.0,,6.0,,6.0,,10.0,,10.0,,1.0,,1.0,,4.0,,4.0,,2.0,,2.0,,5.0,,5.0,,8.0,,8.0,,7.550848936196417,,5.535478497855365,,9.456758277490735,,0.8359311098465696,,3.7871598470956087,,1.6962134025525302,,4.657376796007156,,7.5,-9.313225746154785e-10,3.371282946318388e-05,0.005773760880401824,2.0313950702548027,0.22559429705142975,0.9606718420982361,0.15910381078720093,0.05932662636041641,0.1550825983285904,0.2896800637245178,0.041104286909103394,8192,0.4901970326900482,5.12747049331665,0.07652299851179123,42303488,53090,20656,1291,3.8098576,0.012272983544971795,-0.0007538644931628369,-2.8767259255051614,-64.216,0.0226984707347583,0.0001675302177318372,-2.8443690598011018,,,0.95,0.9,both,2.729957199320343,2.6635250119447127,0.3359722279451526,0.0,-24.295355,2667.5850607582647,3.8098576
259,1784897944.3756309,,8.0,,8.0,,6.0,,6.0,,10.0,,10.0,,1.0,,1.0,,4.0,,4.0,,2.0,,2.0,,5.0,,5.0,,8.0,,8.0,,7.4771173214539886,,5.378202947322279,,9.247893817722797,,0.6579899685457349,,3.7440392011776567,,1.9454593097325414,,4.660453198477626,,7.625,-2.7939677238464355e-09,-1.0072311852127314e-05,0.003950417427404318,2.0348241552710533,0.19506505131721497,0.8897823095321655,0.15695860981941223,0.060663528740406036,0.11054849624633789,0.22845850884914398,0.03600785508751869,8192,0.4452717900276184,5.092019557952881,0.025248577818274498,42467328,53311,20736,1296,4.720258,0.012143273671972566,0.0008005158808373381,-2.924703012406826,-42.340935,0.023299447068711742,-0.00032503470938536336,-2.882955326139927,,,0.95,0.9,both,2.6321606053957147,2.556399457303977,0.282762998116458,0.0,-21.955334,2621.3484380187565,4.720258
260,1784898006.792132,,8.0,,8.0,,6.0,,6.0,,10.0,,10.0,,1.0,,1.0,,4.0,,4.0,,2.0,,2.0,,5.0,,5.0,,8.0,,8.0,,8.908398263156414,,6.9829961732029915,,10.0,,1.4824140649288895,,4.491147100925446,,2.489919386804104,,5.0,,8.9375,-3.725290298461914e-09,0.000355718337232247,0.00023236880929289327,2.0330264940857887,0.3048565685749054,0.9437909722328186,0.22321465611457825,-0.09853646159172058,0.017958343029022217,0.30866628885269165,0.028442852199077606,8192,0.08371810615062714,6.03654670715332,0.019910253584384918,42631168,53492,20816,1301,4.313202,0.01013175368134398,-0.0007256478464114479,-2.9392119482159615,-17.783482,0.010342924742144533,9.603059879736975e-05,-2.9409497186541556,,,0.95,0.9,both,2.8017541458462216,2.5263192144019344,0.6945737406213186,0.0,-27.518902,2624.9469608486493,4.313202
261,1784898068.0422332,,8.0,,8.0,,6.0,,6.0,,10.0,,10.0,,1.0,,1.0,,4.0,,4.0,,2.0,,2.0,,5.0,,5.0,,8.0,,8.0,,8.580944370478392,,6.922086745500565,,9.929201520979404,,1.4082399532198906,,4.4841327629983425,,2.2552041267044842,,4.976323090842925,,8.875,-2.7939677238464355e-09,-0.0028443422343116254,0.0009712781920825364,2.039047323167324,0.21080945432186127,0.7813445329666138,0.19528982043266296,0.11188607662916183,0.06028863042593002,0.2157226949930191,0.03517787158489227,8192,0.23245927691459656,5.928891181945801,0.022243138402700424,42795008,53716,20896,1306,11.683467,0.01583339794888161,-0.0003285290833446197,-2.9582227244973183,-55.795403,0.024787261534947903,-0.0007888437176006846,-2.931514543294907,,,0.95,0.9,both,2.4173677443154964,2.704642104801472,0.5202358211004374,0.0,-27.756994,2674.9342968184387,11.683467
262,1784898130.127081,,8.0,,8.0,,6.0,,6.0,,10.0,,10.0,,1.0,,1.0,,4.0,,4.0,,2.0,,2.0,,5.0,,5.0,,8.0,,8.0,,8.16434665210545,,6.401290095411241,,9.891444873064756,,1.1663361229002476,,4.160675898194313,,2.180414568807464,,4.924137456342578,,8.375,0.0,0.00019779882859438658,0.005357216457923641,2.035038560628891,0.26975777745246887,0.8381465673446655,0.2616989016532898,0.06937768310308456,0.14937737584114075,0.24766139686107635,0.0341951809823513,8192,0.4703165292739868,5.657955169677734,0.020517675206065178,42958848,53936,20976,1311,12.604424,0.007939833207638003,-0.00035234989773016425,-2.9594155684113503,-17.41252,0.008778905574581585,-4.4887901458423586e-05,-2.966519947350025,,,0.95,0.9,both,2.677194758303759,2.624056664998668,0.29722662242517,0.0,-22.925259,2638.969160915336,12.604424
263,1784898191.419669,,8.0,,8.0,,6.0,,6.0,,10.0,,10.0,,1.0,,1.0,,4.0,,4.0,,2.0,,2.0,,5.0,,5.0,,8.0,,8.0,,7.9454126581549644,,6.447722448036075,,9.783056000247598,,1.2361683434573933,,4.053120457567275,,2.118733322713524,,4.864100682083517,,8.0,7.450580596923828e-09,0.00029288255609571934,0.00421253055537818,2.040342941880226,0.21131910383701324,1.0774253606796265,0.17927218973636627,0.03180079534649849,0.11555543541908264,0.40021538734436035,0.04401487857103348,8192,0.5018139481544495,5.556039333343506,0.07470396161079407,43122688,54139,21056,1316,13.273287,0.007210628893517423,-0.00019692886271514,-2.9546166181564333,-29.864563,0.024109654955100267,0.0003854218142805621,-2.9683913350105287,,,0.95,0.9,both,2.748833304870399,2.944373416288517,0.3551643922071528,0.0,-34.116444,2673.080224464284,13.273287
264,1784898252.7497888,,8.0,,8.0,,6.0,,6.0,,10.0,,10.0,,1.0,,1.0,,4.0,,4.0,,2.0,,2.0,,5.0,,5.0,,8.0,,8.0,,7.000052016228437,,5.000680141150951,,9.000931818038225,,0.5000803172588348,,3.500004932284355,,1.50001385435462,,4.500074602663517,,7.0,-4.6566128730773926e-09,0.0004854931030422449,1.222930197286587e-05,2.0421880036592484,0.21530784666538239,1.0754104852676392,0.18161550164222717,-0.13025400042533875,0.0005013187183067203,0.2971687614917755,0.02632400020956993,8192,0.0005872836918570101,4.750229358673096,0.019302675500512123,43286528,54307,21136,1321,11.837572,0.00946137999271741,0.0010851370156160557,-2.9705138176679613,-20.557268,0.007495776479481719,0.0009267542176530696,-2.9913487449288367,,,0.95,0.9,both,2.4944181891181985,2.9807854221666994,2.3627212872991414,0.0,-36.38222,2671.4454860551486,11.837572
265,1784898313.791756,,8.0,,8.0,,6.0,,6.0,,10.0,,10.0,,1.0,,1.0,,4.0,,4.0,,2.0,,2.0,,5.0,,5.0,,8.0,,8.0,,8.954840756952763,,6.998422544449568,,10.0,,1.479055406525731,,4.49602454341948,,2.492425937205553,,5.0,,8.9375,1.862645149230957e-09,0.001089148165192455,0.00019904806435988576,2.044373646378517,0.2125595510005951,0.9738788604736328,0.16957664489746094,0.2303439974784851,0.02744828537106514,0.2797735333442688,0.02066991478204727,8192,0.06411350518465042,6.044783592224121,0.02135378308594227,43450368,54490,21216,1326,-3.7422042,0.012859436540747993,-5.126023170305416e-05,-2.9854849502444267,-27.31461,0.01134295632946305,0.0017051670620276127,-2.986628200113773,,,0.95,0.9,both,2.584668910716399,2.787436138851726,1.055875981162122,0.0,-43.033432,2684.0538075609024,-3.7422042
266,1784898374.579353,,8.0,,8.0,,6.0,,6.0,,10.0,,10.0,,1.0,,1.0,,4.0,,4.0,,2.0,,2.0,,5.0,,5.0,,8.0,,8.0,,8.93968740850687,,6.993283875286579,,10.0,,1.4401352154091,,4.498686762526631,,2.4628243956249207,,5.0,,8.8125,-1.862645149230957e-09,-0.0020470692543312907,0.004257771164702717,2.044589191675186,0.16508983075618744,0.8078578114509583,0.15624943375587463,0.0256844200193882,0.1230800673365593,0.26804685592651367,0.024484634399414062,8192,0.12154096364974976,6.018389701843262,0.017914611846208572,43614208,54679,21296,1331,3.8959174,0.010272556242125575,-4.799278685823083e-05,-3.010258214175701,-30.737408,0.010378064270480537,0.000332132721086964,-3.0178162083029747,,,0.95,0.9,both,2.3595915306905604,2.6376385359041192,1.0221556413392607,0.0,-31.879425,2695.2867320659334,3.8959174
267,1784898435.1410084,,8.0,,8.0,,6.0,,6.0,,10.0,,10.0,,1.0,,1.0,,4.0,,4.0,,2.0,,2.0,,5.0,,5.0,,8.0,,8.0,,8.64542237506248,,6.5525139551609755,,9.809305404429324,,1.0960765122435987,,4.273645548149943,,2.038647904060781,,4.968699638149701,,8.5625,-4.6566128730773926e-09,-0.001725159352645278,0.004902300104731694,2.0433984249830246,0.17495214939117432,1.0204781293869019,0.135690838098526,-0.14638565480709076,0.12709929049015045,0.2504549026489258,0.02355436608195305,8192,0.40263885259628296,5.743350982666016,0.026090651750564575,43778048,54882,21376,1336,13.041873,0.010275096510304138,-0.00010551617815508507,-2.9833783701062204,-33.450043,0.01726390021503903,-0.0010229109262581914,-2.9941133886575697,,,0.95,0.9,both,2.773034434001514,2.515785862231764,0.3326781520282082,0.0,-19.314054,2705.3420560796017,13.041873
268,1784898495.552703,,8.0,,8.0,,6.0,,6.0,,10.0,,10.0,,1.0,,1.0,,4.0,,4.0,,2.0,,2.0,,5.0,,5.0,,8.0,,8.0,,8.557228004559875,,6.542747726663947,,9.942006522789598,,1.2238591874483973,,4.262262082309462,,2.2082253503613174,,4.851620399393141,,8.3125,-3.259629011154175e-09,-0.0032901333179324865,0.006650384115346242,2.044566810131073,0.11766985058784485,0.8877437710762024,0.09744089841842651,0.05985246226191521,0.14619134366512299,0.2583153247833252,0.03462505340576172,8192,0.45441728830337524,5.737555980682373,0.025741098448634148,43941888,55098,21456,1341,5.056495,0.0110783712065313,0.0008153695227520075,-2.9931678593158724,-41.992935,0.016105381087982096,0.00020873376852250657,-2.973756144940853,,,0.95,0.9,both,2.911135732239413,2.9203379821338964,0.3548568658668992,0.0,-57.044518,2712.0577124909687,5.056495
269,1784898555.7698507,,8.0,,8.0,,6.0,,6.0,,10.0,,10.0,,1.0,,1.0,,4.0,,4.0,,2.0,,2.0,,5.0,,5.0,,8.0,,8.0,,7.002077698707581,,5.002180688083172,,9.027216136455536,,0.5004381351172924,,3.5022048987448215,,1.502499483525753,,4.500591078773141,,7.0,0.0,0.003536661737598479,0.0006105099937485647,2.0433556362986565,0.20608249306678772,0.7606777548789978,0.18242613971233368,0.05697870999574661,0.003979264758527279,0.25488096475601196,0.025003008544445038,8192,0.015260903164744377,4.754651069641113,0.021386373788118362,44105728,55274,21536,1346,-7.236018,0.013870502696954645,0.00022070108534535393,-2.9907954379916193,-12.58494,0.005648948866291903,0.0010275759785145055,-2.987548305094242,,,0.95,0.9,both,2.812033408979992,2.8053976314156976,1.3682890431850272,0.0,-45.48064,2720.819677475278,-7.236018
270,1784898618.5343642,,8.0,,8.0,,6.0,,6.0,,10.0,,10.0,,1.0,,1.0,,4.0,,4.0,,2.0,,2.0,,5.0,,5.0,,8.0,,8.0,,7.852005272521637,,6.170348277315497,,9.746291004121304,,1.007688251673244,,4.020132586709224,,1.9608289564494044,,4.78055370572838,,8.25,0.0,-0.008923022309318185,0.023459042218746617,2.04743629693985,0.1981513798236847,0.7563114166259766,0.16541430354118347,0.057695649564266205,0.31134364008903503,0.23861385881900787,0.02425721287727356,8192,0.530750572681427,5.473480701446533,0.02674121968448162,44269568,55446,21616,1351,20.852243,0.007750755874440074,0.00020674834595411085,-3.003886440396309,-15.5711775,0.00561745139566483,0.0012468129556509667,-3.0003120347857477,,,0.95,0.9,both,2.818998359547431,2.646179969635386,0.3509590740664099,0.0,-23.60461,2610.3924378353177,20.852243
271,1784898679.8083382,,8.0,,8.0,,6.0,,6.0,,10.0,,10.0,,1.0,,1.0,,4.0,,4.0,,2.0,,2.0,,5.0,,5.0,,8.0,,8.0,,7.000113096088171,,5.0000582449138165,,9.000319115817547,,0.5003625955432653,,3.5003964882344007,,1.5011423584073782,,4.500285025686026,,7.0,-1.862645149230957e-09,0.0015446491888724267,0.0020915357581543503,2.04598955065012,0.2555830478668213,0.7241592407226562,0.2140895277261734,-0.14144836366176605,0.0006464472389779985,0.3424256443977356,0.03164293244481087,8192,0.0012231376022100449,4.7503342628479,0.0461648553609848,44433408,55628,21696,1356,-3.8869534,0.011010080491541886,0.0005703460861695931,-2.9782500579953193,-66.20128,0.03158583589829504,0.0006132194423116744,-2.9826963648200033,,,0.95,0.9,both,2.8255111361310816,2.764427066639517,2.1528298112123423,0.0,-27.682941,2673.891962260832,-3.8869534
272,1784898740.0457969,,8.0,,8.0,,6.0,,6.0,,10.0,,10.0,,1.0,,1.0,,4.0,,4.0,,2.0,,2.0,,5.0,,5.0,,8.0,,8.0,,8.915163341909647,,6.978989198803902,,9.972475077956915,,1.4353343788534403,,4.464115685666911,,2.4070381536730565,,5.0,,9.0,-3.259629011154175e-09,0.0018343859119340777,0.001860023145127343,2.0465372502803802,0.21344473958015442,0.9851832389831543,0.17994394898414612,0.09660114347934723,0.06586696952581406,0.19641143083572388,0.019330337643623352,8192,0.13332274556159973,6.021639347076416,0.024522753432393074,44597248,55810,21776,1361,-12.305747,0.010846524787484668,-0.0009205323061905801,-3.0022068068385126,-30.711731,0.008510293466679286,-0.0003144792288367171,-2.9760686233639717,,,0.95,0.9,both,2.915418179430511,2.3800301540945346,0.9017392248811058,0.0,-29.145908,2719.9022939939296,-12.305747
273,1784898801.7738695,,8.0,,8.0,,6.0,,6.0,,10.0,,10.0,,1.0,,1.0,,4.0,,4.0,,2.0,,2.0,,5.0,,5.0,,8.0,,8.0,,7.792046652641147,,5.380879684584215,,9.278409443795681,,0.8240595830138773,,3.805437672883272,,1.769272575093055,,4.677337686531246,,7.5625,-1.862645149230957e-09,-0.0007328674546442926,0.0091983712190995,2.05971447378397,0.1867857128381729,1.0282390117645264,0.19779124855995178,0.05732259899377823,0.19531655311584473,0.27270370721817017,0.030053334310650826,8192,0.4850476086139679,5.136242866516113,0.02861012890934944,44761088,56014,21856,1366,13.967178,0.008700811123708263,-0.0009521077779936604,-3.0491858646273613,-20.953453,0.0082530977379065,-0.000743065495043993,-3.0121504977345466,,,0.95,0.9,both,2.778585890534532,2.9643224067611373,0.3893277099255894,0.0,-15.361323,2654.2219476363402,13.967178
274,1784898862.1913135,,8.0,,8.0,,6.0,,6.0,,10.0,,10.0,,1.0,,1.0,,4.0,,4.0,,2.0,,2.0,,5.0,,5.0,,8.0,,8.0,,7.233268012292683,,5.065800426527858,,9.10004817097797,,0.5581112396903336,,3.6086556557565928,,1.653600899502635,,4.554696645587683,,7.0625,-9.313225746154785e-10,0.0008653607219457626,0.003620136634708615,2.0609969720244408,0.20320191979408264,0.8276313543319702,0.16083326935768127,-0.028977345675230026,0.1223444938659668,0.4121743440628052,0.04027044028043747,8192,0.2566237449645996,4.854584693908691,0.044667355716228485,44924928,56193,21936,1371,14.325755,0.008676739488146267,0.0005872016219655052,-3.0691157251596453,-39.173805,0.024736062245210633,0.00031419263541465625,-3.066212886571884,,,0.95,0.9,both,2.7372523291754987,2.9772064988575524,0.6722445573513993,0.0,-6.7719626,2711.800655136297,14.325755
275,1784898922.5306466,,8.0,,8.0,,6.0,,6.0,,10.0,,10.0,,1.0,,1.0,,4.0,,4.0,,2.0,,2.0,,5.0,,5.0,,8.0,,8.0,,8.976359810680151,,6.99911305680871,,10.0,,1.4990766867995262,,4.497847933322191,,2.499678237363696,,5.0,,9.0,0.0,0.0005537846591323614,2.2813222578577097e-05,2.0656070709228516,0.21371963620185852,0.7912123799324036,0.19557951390743256,-0.10287900269031525,0.008304575458168983,0.2534218728542328,0.020265262573957443,8192,0.011893413960933685,6.059009552001953,0.02223636768758297,45088768,56380,22016,1376,22.008003,0.007792242875439115,0.0010543324780883268,-3.0888493344187737,-13.696333,0.007054940864327364,-0.00029246909616631456,-3.0492736384272576,,,0.95,0.9,both,2.7636426145540147,2.4127898555881466,1.3122588156309025,0.0,-29.978693,2715.309360160521,22.008003
276,1784898983.2478752,,8.0,,8.0,,6.0,,6.0,,10.0,,10.0,,1.0,,1.0,,4.0,,4.0,,2.0,,2.0,,5.0,,5.0,,8.0,,8.0,,7.373203132367053,,5.0993703114800155,,9.218682043720037,,0.5791353206150234,,3.6110279578715563,,1.5728223620099016,,4.58833440579474,,7.1875,-3.725290298461914e-09,-0.00021685019601136446,0.0019203550491511123,2.0682897120714188,0.28172966837882996,0.9155837893486023,0.30989018082618713,-0.23786067962646484,0.07598373293876648,0.4459630250930786,0.03591516986489296,8192,0.29148754477500916,4.903759002685547,0.040504101663827896,45252608,56550,22096,1381,14.379163,0.007018471810442861,-0.0004945215740008279,-3.097946394979954,-47.020897,0.02064648748491891,0.00015895879405434244,-3.0957559019327165,,,0.95,0.9,both,2.8919801241159724,3.0258594188199424,0.5924521151126241,0.0,-32.05889,2698.409944083945,14.379163
277,1784899044.5559974,,8.0,,8.0,,6.0,,6.0,,10.0,,10.0,,1.0,,1.0,,4.0,,4.0,,2.0,,2.0,,5.0,,5.0,,8.0,,8.0,,7.000255044549704,,5.007391568273306,,9.004125081002712,,0.5025351978838444,,3.5007967967540026,,1.5008129701018333,,4.502784438431263,,7.0,-1.862645149230957e-09,0.001832525129429996,0.0001705068482351635,2.0671326890587807,0.18012753129005432,0.8918597102165222,0.13835091888904572,-0.0315389558672905,0.0013972331071272492,0.3082807660102844,0.03267497569322586,8192,0.004851748235523701,4.752337455749512,0.0329146571457386,45416448,56741,22176,1386,22.47694,0.008550765932886862,0.0006262284237891436,-3.1350762978196145,-23.88139,0.01606676593364682,-0.00023963481216924266,-3.094846197962761,,,0.95,0.9,both,2.8609737099088677,2.925922440513596,1.4194644596567574,0.0,-37.199455,2672.403347166937,22.47694
278,1784899106.0892513,,8.0,,8.0,,6.0,,6.0,,10.0,,10.0,,1.0,,1.0,,4.0,,4.0,,2.0,,2.0,,5.0,,5.0,,8.0,,8.0,,8.9994564242661,,6.999769821763039,,10.0,,1.4999580569565296,,4.4984824024140835,,2.4996770843863487,,5.0,,9.0,-9.313225746154785e-10,0.00043328438187018037,0.0002602312600856749,2.071428529918194,0.20076529681682587,0.896904706954956,0.18414407968521118,-0.045322347432374954,0.0008738068281672895,0.362972617149353,0.02653675526380539,8192,0.0010637107770889997,6.062167644500732,0.01912109926342964,45580288,56919,22256,1391,22.734348,0.006904390093404799,-0.00012610239500645548,-3.1698978662490847,-25.157558,0.010761030463618227,0.0006742801153450273,-3.1519559755921365,,,0.95,0.9,both,2.915374926422193,3.119685564070732,1.4554668169958878,0.0,-6.6716757,2662.6248353189108,22.734348
279,1784899166.6387715,,8.0,,8.0,,6.0,,6.0,,10.0,,10.0,,1.0,,1.0,,4.0,,4.0,,2.0,,2.0,,5.0,,5.0,,8.0,,8.0,,8.983250632882118,,6.999760180711746,,10.0,,1.4903037138283253,,4.496614873409271,,2.49993309751153,,5.0,,9.0,-4.6566128730773926e-09,0.0007939769420772791,0.0010963904269374325,2.0691551715135574,0.22161990404129028,0.8977802395820618,0.1907583773136139,-0.07039276510477066,0.0024205190129578114,0.22186478972434998,0.024236522614955902,8192,0.012894648127257824,6.058732509613037,0.017286229878664017,45744128,57106,22336,1396,14.7323475,0.010826530742633622,-0.0003072668732784223,-3.196150706708431,-21.52601,0.006129279456217773,0.0007074709719745442,-3.1723835691809654,,,0.95,0.9,both,2.574353751162616,3.0126075425652843,1.3437662974456748,0.0,-26.165125,2705.8843596630327,14.7323475
280,1784899228.6235604,,8.0,,8.0,,6.0,,6.0,,10.0,,10.0,,1.0,,1.0,,4.0,,4.0,,2.0,,2.0,,5.0,,5.0,,8.0,,8.0,,8.996643800288439,,6.951860096305609,,9.9534603767097,,1.4765096325427294,,4.485163597390056,,2.424533326178789,,5.0,,8.9375,-9.313225746154785e-09,0.0008062052656896412,0.0024275775940623134,2.079266205430031,0.17744143307209015,0.7895566821098328,0.1426427960395813,0.09820827841758728,0.07452850788831711,0.22699441015720367,0.018407855182886124,8192,0.12214086204767227,6.0282087326049805,0.012610027566552162,45907968,57287,22416,1401,6.181184,0.010699154358007945,0.0014728355265106075,-3.1910866513848304,-19.861588,0.004873896793287713,-0.0006938279067981057,-3.166510248184204,,,0.95,0.9,both,2.7405583914187908,2.5957886103435808,1.0535956865392955,0.0,-2.0957437,2643.2291312019297,6.181184
281,1784899290.4785695,,8.0,,8.0,,6.0,,6.0,,10.0,,10.0,,1.0,,1.0,,4.0,,4.0,,2.0,,2.0,,5.0,,5.0,,8.0,,8.0,,7.5068627297878265,,6.005623821052723,,9.480128737166524,,0.7878068697173148,,3.9075691613252275,,1.8464144971221685,,4.717148080468178,,7.8125,5.587935447692871e-09,-0.00029416143661364913,0.015188747842330486,2.0804902091622353,0.15699058771133423,0.9177843928337097,0.1335243582725525,0.18365663290023804,0.2462059110403061,0.2712084650993347,0.025652706623077393,8192,0.5164221525192261,5.258006572723389,0.025223858654499054,46071808,57461,22496,1406,-1.7536633,0.009856566750386264,0.0016562876022362615,-3.1990490585565565,-18.84579,0.005467074633634184,-0.0001959038956556469,-3.1729902043938636,,,0.95,0.9,both,3.1478786245693953,3.0075773930153176,0.3442846052981138,0.0,-23.1235,2648.775073067322,-1.7536633
282,1784899362.4289162,,8.0,,8.0,,6.0,,6.0,,10.0,,10.0,,1.0,,1.0,,4.0,,4.0,,2.0,,2.0,,5.0,,5.0,,8.0,,8.0,,8.966059874743223,,6.936021517030895,,10.0,,1.4421209385618567,,4.4517314890399575,,2.4429216510616243,,4.9966025680769235,,9.0,-1.6298145055770874e-09,0.0011658575385808945,0.004220567650918383,2.08578010648489,0.1950387805700302,0.7925477027893066,0.19176875054836273,0.05257611349225044,0.13090215623378754,0.258118599653244,0.03911484777927399,8192,0.0953797847032547,6.02943229675293,0.023747019469738007,46235648,57670,22576,1411,7.5415792,0.01034161862480687,0.0006479863906861283,-3.1748304426670075,-33.498314,0.015452106902375817,0.0010355917227570898,-3.1652382776141166,,,0.95,0.9,both,2.7531801039335293,2.9227299928573167,0.7670162541605805,0.0,-20.334791,2277.12585857486,7.5415792
283,1784899439.438108,,8.0,,8.0,,6.0,,6.0,,10.0,,10.0,,1.0,,1.0,,4.0,,4.0,,2.0,,2.0,,5.0,,5.0,,8.0,,8.0,,8.299649938708171,,6.705037363019073,,9.866794837638736,,1.3752080672420561,,4.231962224468589,,2.2695184694603086,,4.8670727126300335,,8.8125,-5.587935447692871e-09,-0.0059205564321018755,0.03006187127903104,2.0889155343174934,0.18689292669296265,0.8315802216529846,0.1582556515932083,0.35375428199768066,0.3497326970100403,0.24495850503444672,0.021942323073744774,8192,0.42257460951805115,5.803467750549316,0.01569219119846821,46399488,57838,22656,1416,-9.130354,0.014106535774772055,0.00017996090318774804,-3.1809967309236526,-9.492263,0.009532570009469055,1.4737043238710612e-05,-3.1778950870037077,,,0.95,0.9,both,2.6648793930847403,2.532572381769473,0.34459168362344933,0.0,-18.141659,2127.5382102615354,-9.130354
284,1784899556.887044,,8.0,,8.0,,6.0,,6.0,,10.0,,10.0,,1.0,,1.0,,4.0,,4.0,,2.0,,2.0,,5.0,,5.0,,8.0,,8.0,,8.97668008506298,,6.96553785726428,,10.0,,1.4741692692041397,,4.495891444385052,,2.4976750314235687,,5.0,,8.875,-1.862645149230957e-09,0.00034683762351050973,0.002397125450443127,2.0990649461746216,0.9059664011001587,0.7722075581550598,0.7832238674163818,0.024416733533143997,0.09563443064689636,0.39489635825157166,0.043632641434669495,8192,0.09233896434307098,6.035619735717773,0.03873930871486664,46563328,58033,22736,1421,15.168802,0.00815070779499365,0.0018206967841251753,-3.177018292248249,-61.01071,0.029677622998133302,0.0006377469107974321,-3.191785638034344,,,0.95,0.9,both,2.9323658690673238,3.211184260845738,0.8636108964793705,0.0,-32.480267,1394.9893714973036,15.168802
285,1784899674.9676485,,8.0,,8.0,,6.0,,6.0,,10.0,,10.0,,1.0,,1.0,,4.0,,4.0,,2.0,,2.0,,5.0,,5.0,,8.0,,8.0,,8.969960674643517,,6.999341387301683,,9.975296596065164,,1.4997193925082684,,4.49789172410965,,2.49585354141891,,5.0,,9.0,1.862645149230957e-09,0.000631206959951669,5.582914830881691e-06,2.099135085940361,0.24626877903938293,0.8848055601119995,0.2054908126592636,0.019790377467870712,0.004657980054616928,0.1790599524974823,0.031972162425518036,8192,0.030124029144644737,6.054757118225098,0.021834807470440865,46727168,58213,22816,1426,6.8035293,0.009820869754184969,0.0006904279383888934,-3.1562748178839684,-34.469997,0.008461537392577156,0.00021189607941778376,-3.175911159813404,,,0.95,0.9,both,2.883126802579375,2.7897736478865247,0.9591002312455337,0.0,-16.221565,1387.526633138332,6.8035293
286,1784899771.1476052,,8.0,,8.0,,6.0,,6.0,,10.0,,10.0,,1.0,,1.0,,4.0,,4.0,,2.0,,2.0,,5.0,,5.0,,8.0,,8.0,,7.0020668394863605,,5.000223312526941,,9.000962547957897,,0.5015369299799204,,3.5614169407635927,,1.5032325182110071,,4.500133795663714,,7.0,4.656612873077393e-10,0.0012344731367193162,0.0030500983348247246,2.099606826901436,0.1642930805683136,0.7287564277648926,0.13714146614074707,-0.03353985771536827,0.08983799070119858,0.3609856367111206,0.05093216896057129,8192,0.03388714790344238,4.758696556091309,0.04704898223280907,46891008,58395,22896,1431,0.21770363,0.01046606816817075,-9.572219641995616e-05,-3.1680922254920008,-37.556053,0.016055666396277958,8.240430324804037e-05,-3.2012782379984857,,,0.95,0.9,both,2.8701059691447184,2.977943701338983,1.4210816977427545,0.0,-25.838812,1703.4734511181584,0.21770363
287,1784899860.689108,,8.0,,8.0,,6.0,,6.0,,10.0,,10.0,,1.0,,1.0,,4.0,,4.0,,2.0,,2.0,,5.0,,5.0,,8.0,,8.0,,7.002379707992077,,5.010906979441643,,9.005037754774094,,0.5021120347082615,,3.513652103021741,,1.5040346719324589,,4.502533221617341,,7.0,3.725290298461914e-09,0.0006609249976463616,2.802016200575963e-05,2.1079696863889694,0.25975170731544495,0.8539570569992065,0.2404167652130127,0.06596063077449799,0.005383916664868593,0.3402990698814392,0.04412761330604553,8192,0.014325043186545372,4.755081653594971,0.08694744855165482,47054848,58578,22976,1436,6.799304,0.011646412150003015,0.0015484560863114893,-3.205335205793381,-40.13884,0.02313914372352883,-0.00036762776871910317,-3.199616901576519,,,0.95,0.9,both,3.1718573452044008,3.001459737940116,0.729406478262105,0.0,-33.884563,1829.7660028440582,6.799304
288,1784899922.8727076,,8.0,,8.0,,6.0,,6.0,,10.0,,10.0,,1.0,,1.0,,4.0,,4.0,,2.0,,2.0,,5.0,,5.0,,8.0,,8.0,,8.983815133571625,,6.995928380638361,,10.0,,1.4963459186255932,,4.457301820628345,,2.488209556788206,,5.0,,8.9375,-3.725290298461914e-09,0.0024284113897010684,0.0011770759615501447,2.1140835359692574,0.22419656813144684,0.834484338760376,0.21305523812770844,0.05399751663208008,0.06966838985681534,0.28292807936668396,0.033871959894895554,8192,0.06680579483509064,6.044887542724609,0.024702943861484528,47218688,58748,23056,1441,8.023122,0.01262051451485604,5.8772127522388475e-05,-3.2217850044369696,-30.847616,0.01565240357303992,-8.016140855033882e-05,-3.2190329134464264,,,0.95,0.9,both,2.925704474601108,2.8103672744187316,1.229235423236315,0.0,-14.399887,2634.7782898957307,8.023122
289,1784899984.1365104,,8.0,,8.0,,6.0,,6.0,,10.0,,10.0,,1.0,,1.0,,4.0,,4.0,,2.0,,2.0,,5.0,,5.0,,8.0,,8.0,,8.947359286248684,,6.949081925675273,,10.0,,1.473581725731492,,4.494162894785404,,2.424049159511924,,5.0,,9.0,0.0,0.0006004922324791551,0.0007575607801300066,2.1215117424726486,0.17254790663719177,0.9933757781982422,0.12788726389408112,-0.05380284786224365,0.052813753485679626,0.2350863367319107,0.03229687735438347,8192,0.0853947326540947,6.03602933883667,0.023501107469201088,47382528,58938,23136,1446,-10.330287,0.01599015562678687,-1.5977334987837823e-05,-3.1688283413648604,-27.925877,0.0063819847637205385,0.00034874755219789223,-3.218950501084328,,,0.95,0.9,both,2.8148654328908456,2.8656016488735085,0.7602794489924072,0.0,-27.900646,2674.336131174818,-10.330287
290,1784900051.3446603,,8.0,,8.0,,6.0,,6.0,,10.0,,10.0,,1.0,,1.0,,4.0,,4.0,,2.0,,2.0,,5.0,,5.0,,8.0,,8.0,,8.999939877539873,,6.999969340860844,,10.0,,1.4998906385153532,,4.499928805977106,,2.4993933849036694,,5.0,,9.0,0.0,0.0005551536160055548,0.0005358045241337095,2.1289710849523544,0.15602338314056396,1.011476993560791,0.13253456354141235,-0.006759218871593475,0.00010531607404118404,0.2454509288072586,0.03064301609992981,8192,0.00034951907582581043,6.062389850616455,0.021278152242302895,47546368,59115,23216,1451,7.8577967,0.00998650508117862,0.0029971523457788863,-3.1751230537891386,-24.616894,0.011723299635923468,-0.00029584026196971536,-3.2165800616145135,,,0.95,0.9,both,3.1711680159014657,3.0023828771370176,1.4433607665474546,0.0,-31.313374,2437.79980233484,7.8577967
291,1784900119.9806252,,8.0,,8.0,,6.0,,6.0,,10.0,,10.0,,1.0,,1.0,,4.0,,4.0,,2.0,,2.0,,5.0,,5.0,,8.0,,8.0,,8.963429734110832,,6.90770830960173,,10.0,,1.4762499229982495,,4.495324667543173,,2.495650392025709,,4.984296135604382,,9.0,-3.259629011154175e-09,0.0005964531446807086,0.007065615438477835,2.1400758922100067,0.2856510877609253,0.7488605976104736,0.3032734990119934,0.005011608824133873,0.16890564560890198,0.16406822204589844,0.02884705550968647,8192,0.06408730149269104,6.040331840515137,0.02784930355846882,47710208,59326,23296,1456,15.161062,0.012668336158094462,-9.543492196826265e-05,-3.1645842298865317,-18.761816,0.005118921965186018,0.0008794119101366959,-3.19949935823679,,,0.95,0.9,both,2.7951725915688126,3.032369712381432,0.7806852258899605,0.0,-7.4888277,2387.0866650120565,15.161062
292,1784900186.70899,,8.0,,8.0,,6.0,,6.0,,10.0,,10.0,,1.0,,1.0,,4.0,,4.0,,2.0,,2.0,,5.0,,5.0,,8.0,,8.0,,8.470521686598659,,6.820651426911354,,9.999695884587709,,1.3316728373756632,,4.436222670599818,,2.429235320072621,,4.942732467316091,,8.4375,2.3283064365386963e-09,-0.0013617075164802372,0.004147294741414953,2.141608700156212,0.2403700053691864,0.8948014378547668,0.24670475721359253,0.18992091715335846,0.13070374727249146,0.2004127949476242,0.035797130316495895,8192,0.3435370624065399,5.858529567718506,0.03127124905586243,47874048,59556,23376,1461,23.217468,0.008585729441256263,0.00015326654247473925,-3.156369115412235,-65.24546,0.022657419706229122,0.001954728779674042,-3.19275883436203,,,0.95,0.9,both,2.8611669859204794,2.90806425300422,0.611705204178115,0.0,-13.988586,2455.3275507329267,23.217468
293,1784900253.2132564,,8.0,,8.0,,6.0,,6.0,,10.0,,10.0,,1.0,,1.0,,4.0,,4.0,,2.0,,2.0,,5.0,,5.0,,8.0,,8.0,,8.980049677193165,,6.997269164770842,,9.982879420742393,,1.494614789262414,,4.494247123599052,,2.478291398845613,,5.0,,9.0,-9.313225746154785e-10,0.0006259279907681048,0.001390419238305185,2.1498540192842484,0.15527398884296417,0.9364475607872009,0.13725125789642334,-0.01781453937292099,0.006964333355426788,0.32965368032455444,0.04169360548257828,8192,0.031578317284584045,6.0534186363220215,0.01885966584086418,48037888,59738,23456,1466,10.210947,0.009728497422474901,0.0007988100260263309,-3.184595887362957,-21.990955,0.01686048393603414,-0.00015922555467113854,-3.2267118394374847,,,0.95,0.9,both,3.076137182508024,3.344117340158725,0.6605844252359361,0.0,-11.367506,2463.602045603381,10.210947
294,1784900322.0902712,,8.0,,8.0,,6.0,,6.0,,10.0,,10.0,,1.0,,1.0,,4.0,,4.0,,2.0,,2.0,,5.0,,5.0,,8.0,,8.0,,7.0291658118367195,,5.468329614493996,,9.144990442320704,,0.6061527547426522,,3.63680645020213,,1.6641010322491638,,4.611382992938161,,7.6875,-9.313225746154785e-10,-0.002692802401725203,0.011321451878757216,2.156276635825634,0.23753097653388977,0.9552963972091675,0.19039589166641235,0.01284862495958805,0.19456863403320312,0.233323872089386,0.03701871261000633,8192,0.33238399028778076,4.981053352355957,0.07734222710132599,48201728,59961,23536,1471,-28.223995,0.02279920417640824,-0.0012247293161635753,-3.172166199982166,-50.276012,0.02695743295480497,0.0020968983240891247,-3.1970105156302453,,,0.95,0.9,both,2.3958418707106808,3.1364409633489587,0.6036235076997928,0.0,-18.779926,2378.732166288681,-28.223995
295,1784900388.7001877,,8.0,,8.0,,6.0,,6.0,,10.0,,10.0,,1.0,,1.0,,4.0,,4.0,,2.0,,2.0,,5.0,,5.0,,8.0,,8.0,,7.6129567213356495,,5.72831772454083,,9.54819280654192,,1.0536760319955647,,3.921849539503455,,1.9099034905084409,,4.705671525560319,,7.75,1.4901161193847656e-08,-0.001418805739376694,0.020483272528508678,2.150695614516735,0.2537294030189514,0.8473027348518372,0.23300886154174805,0.14932502806186676,0.27966731786727905,0.24248823523521423,0.03909892961382866,8192,0.5369663238525391,5.278820991516113,0.059005022048950195,48365568,60165,23616,1476,-18.003216,0.01748201702721417,-0.0003536463336786255,-3.194639411568642,-36.76661,0.017426523484755308,0.0010570044680207503,-3.1635660022497176,,,0.95,0.9,both,2.8750492809001207,2.7878249949226257,0.3471172551683152,0.0,-23.296194,2459.6939632726703,-18.003216
296,1784900454.263506,,8.0,,8.0,,6.0,,6.0,,10.0,,10.0,,1.0,,1.0,,4.0,,4.0,,2.0,,2.0,,5.0,,5.0,,8.0,,8.0,,8.714740708470345,,6.939037814736366,,10.0,,1.4781205113977194,,4.482266606763005,,2.4103671070188284,,4.99017093796283,,8.5625,-1.862645149230957e-09,-0.0005087006138637662,0.003089591566094896,2.148375488817692,0.22190047800540924,0.7263520956039429,0.22278033196926117,-0.07527685165405273,0.11155962944030762,0.23778051137924194,0.02599290758371353,8192,0.2359451949596405,5.947150230407715,0.026102596893906593,48529408,60363,23696,1481,-0.8460682,0.012710745178628713,0.00040039110681391323,-3.1646169066429137,-23.741833,0.009280830346688163,-0.0011456832296971697,-3.141503781080246,,,0.95,0.9,both,2.707595984376463,2.3932578794071175,0.6225183418986655,0.0,-50.366737,2498.9578597208947,-0.8460682
297,1784900521.713731,,8.0,,8.0,,6.0,,6.0,,10.0,,10.0,,1.0,,1.0,,4.0,,4.0,,2.0,,2.0,,5.0,,5.0,,8.0,,8.0,,7.516326145865605,,5.2109278563875705,,9.37199760042131,,0.6889483062550426,,3.6161085041239858,,1.7079316033050418,,4.691971541382372,,7.0625,-2.7939677238464355e-09,-0.001649264304433018,0.005957941844826564,2.161100335419178,0.23355847597122192,1.0526725053787231,0.20495346188545227,-0.06311783194541931,0.1323535293340683,0.28279727697372437,0.026008768007159233,8192,0.34747281670570374,4.983339309692383,0.027871668338775635,48693248,60541,23776,1486,14.847511,0.008183097616711165,-0.00015300519953598268,-3.1934302285313607,-33.44621,0.012899250513873995,-8.520824485458433e-06,-3.1846118405461312,,,0.95,0.9,both,2.9291336344907157,2.6249494580019856,0.5844325943311439,0.0,10.670374,2429.0508764092506,14.847511
298,1784900588.1907723,,8.0,,8.0,,6.0,,6.0,,10.0,,10.0,,1.0,,1.0,,4.0,,4.0,,2.0,,2.0,,5.0,,5.0,,8.0,,8.0,,8.516988033428788,,5.975638505071402,,9.865065513178706,,1.0542583288624883,,3.943867839872837,,2.168297780212015,,4.869221527129412,,8.0,1.6763806343078613e-08,-0.0009538184385746717,0.005423886948847212,2.1637450829148293,0.15880131721496582,0.8171358108520508,0.11867300420999527,-0.2233281433582306,0.14945149421691895,0.28832969069480896,0.036837272346019745,8192,0.505669891834259,5.549166679382324,0.025900982320308685,48857088,60757,23856,1491,21.827543,0.007435656794405077,-0.0005381880153436213,-3.1825268045067787,-43.61116,0.01837652866379358,0.0008522866322891786,-3.1672276303172113,,,0.95,0.9,both,2.713418600303997,2.8663133581253866,0.2178444094129799,0.0,-30.856394,2464.6099336803522,21.827543
299,1784900654.0925717,,8.0,,8.0,,6.0,,6.0,,10.0,,10.0,,1.0,,1.0,,4.0,,4.0,,2.0,,2.0,,5.0,,5.0,,8.0,,8.0,,7.7974571979139,,5.475180896144593,,9.486334085464478,,0.6465391041710973,,3.722931707277894,,1.7585531380027533,,4.72990445792675,,7.6875,-3.259629011154175e-09,0.00025878060841932893,0.004381781094707549,2.167649157345295,0.21070505678653717,0.7896206974983215,0.1931111216545105,0.029943490400910378,0.13200347125530243,0.2812139093875885,0.03283229470252991,8192,0.466754287481308,5.163049697875977,0.03434789925813675,49020928,60973,23936,1496,-10.182938,0.0150548138510203,0.0002350079084862955,-3.168660955131054,-40.720177,0.01632717846077867,-0.0011830807474325412,-3.1546870157122613,,,0.95,0.9,both,2.840457687132627,2.7686779418469163,0.35147263899589853,0.0,-6.3020678,2486.123321432024,-10.182938
300,1784900720.021526,,8.0,,8.0,,6.0,,6.0,,10.0,,10.0,,1.0,,1.0,,4.0,,4.0,,2.0,,2.0,,5.0,,5.0,,8.0,,8.0,,7.976262012962252,,5.6524527472793125,,9.643231552094221,,0.9560240646824241,,4.092625543475151,,1.9104750640690327,,4.770388247445226,,8.0,0.0,-0.006579006905667484,0.017699603689834476,2.1820606142282486,0.2576417922973633,1.0983037948608398,0.19302082061767578,0.009147652424871922,0.249197855591774,0.3559983968734741,0.03144865855574608,8192,0.5508071780204773,5.375182628631592,0.0397343672811985,49184768,61154,24016,1501,14.347071,0.010098223167005926,0.00063070725009311,-3.1420961663126947,-37.435818,0.017007197396014816,-0.000635512157168705,-3.172424553334713,,,0.95,0.9,both,2.8679665392057183,2.6670554916961047,0.2932065258738038,0.0,-33.088238,2485.0993124046977,14.347071
301,1784900788.1241865,,8.0,,8.0,,6.0,,6.0,,10.0,,10.0,,1.0,,1.0,,4.0,,4.0,,2.0,,2.0,,5.0,,5.0,,8.0,,8.0,,7.890423042699695,,5.7728426260873675,,9.508715499425307,,0.8657635789713822,,3.8768271936569363,,1.866976140998304,,4.763157573528588,,7.875,-9.313225746154785e-10,-0.010420524165965617,0.0067195660376455635,2.1915222629904747,0.24135282635688782,0.8863560557365417,0.21288132667541504,-0.0027506761252880096,0.16668909788131714,0.2506420612335205,0.03544416278600693,8192,0.5549812316894531,5.302463531494141,0.07798982411623001,49348608,61396,24096,1506,-2.1850557,0.010859585923026317,0.0010558593770838343,-3.1371689796447755,-33.728733,0.021164560044417156,-0.0015263367873558308,-3.1378616869449614,,,0.95,0.9,both,2.918739615925443,2.7897712124585534,0.29642583541688533,0.0,-14.061948,2405.779717602491,-2.1850557
302,1784900854.223643,,8.0,,8.0,,6.0,,6.0,,10.0,,10.0,,1.0,,1.0,,4.0,,4.0,,2.0,,2.0,,5.0,,5.0,,8.0,,8.0,,8.185392423532903,,6.431611884385347,,9.545705602969974,,1.0207293666899204,,3.861397611675784,,1.8844004524871707,,4.864075819030404,,8.125,3.725290298461914e-09,-0.00724416458979249,0.012405883477185853,2.1937206834554672,0.22940967977046967,1.0345335006713867,0.17082977294921875,-0.0409037321805954,0.2233182191848755,0.2562047839164734,0.02931600995361805,8192,0.5337135195732117,5.489789009094238,0.0796990916132927,49512448,61590,24176,1511,-8.331637,0.014136629688437097,-0.00060611164662987,-3.153877541422844,-70.151054,0.016251948120770975,0.0007361995551036671,-3.136764016747475,,,0.95,0.9,both,2.722084368481958,2.9558034403023754,0.2880253624056589,0.0,-36.84446,2478.6890330238816,-8.331637
303,1784900919.3889713,,8.0,,8.0,,6.0,,6.0,,10.0,,10.0,,1.0,,1.0,,4.0,,4.0,,2.0,,2.0,,5.0,,5.0,,8.0,,8.0,,7.257246421650052,,5.171599768102169,,9.163139637559652,,0.5836096704006195,,3.716248204931617,,1.7371140266768634,,4.596597088035196,,7.25,-5.587935447692871e-09,-8.569948840886354e-05,0.006516674013255397,2.1928842440247536,0.3570655286312103,0.8795976638793945,0.26177579164505005,-0.09896352142095566,0.16356675326824188,0.3728345036506653,0.048173971474170685,8192,0.3578026294708252,4.934444427490234,0.045706670731306076,49676288,61830,24256,1516,-17.138187,0.017600817378843205,0.001118248670536559,-3.1374936267733573,-49.362812,0.032720914564561096,0.0013438355817925185,-3.149318289756775,,,0.95,0.9,both,3.0400949585902017,3.2500235594999216,0.5539799385286412,0.0,-35.973846,2514.220449700672,-17.138187
304,1784900987.043539,,8.0,,8.0,,6.0,,6.0,,10.0,,10.0,,1.0,,1.0,,4.0,,4.0,,2.0,,2.0,,5.0,,5.0,,8.0,,8.0,,7.0906787272542715,,5.038601037114859,,9.09715841524303,,0.5142951346933842,,3.50125247053802,,1.5171225564554334,,4.5021394751966,,7.0,5.587935447692871e-09,0.0005241864128038287,0.0009702519100756035,2.1901875659823418,0.22025899589061737,1.0046552419662476,0.19072316586971283,0.0435289666056633,0.053767427802085876,0.2718677520751953,0.02738715335726738,8192,0.11311110109090805,4.782655239105225,0.038462065160274506,49840128,62026,24336,1521,-16.522411,0.016372840624535458,0.0010121493643964641,-3.1334535613656045,-26.174768,0.019429618708090856,-0.000558570827706717,-3.1332446366548536,,,0.95,0.9,both,2.8724488388439426,2.6847463415261155,0.9784885567321269,0.0,-31.011866,2421.7138170432227,-16.522411
305,1784901039.4007175,,8.0,,8.0,,6.0,,6.0,,10.0,,10.0,,1.0,,1.0,,4.0,,4.0,,2.0,,2.0,,5.0,,5.0,,8.0,,8.0,,8.706288405694067,,6.653547298163176,,9.80707922950387,,1.346670176833868,,4.4106678776443005,,2.485467877238989,,4.993842324241996,,8.1875,-5.587935447692871e-09,0.00032248039497062564,0.007033763686195016,2.189299665391445,0.15100421011447906,0.9360281825065613,0.13499829173088074,0.08708644658327103,0.16939853131771088,0.1685381531715393,0.020573846995830536,8192,0.3499751091003418,5.823883056640625,0.026004556566476822,49971200,62197,24400,1525,-8.036821,0.01850568147201557,-0.0010356863145716487,-3.1382403403520582,-20.626642,0.01224046541901771,-0.0009939761679561344,-3.1176852166652678,,,0.95,0.9,both,2.7770618966881626,2.7998198212186316,0.3727184016310435,0.0,-34.662804,3129.2748463424364,-8.036821
