# _tick,_time,plr_track_ground_roughness,track_ground_roughness,plr_track_pit_gap_low,track_pit_gap_low,plr_track_pit_gap_high,track_pit_gap_high,plr_track_stump_height_low,track_stump_height_low,plr_track_stump_height_high,track_stump_height_high,plr_track_stair_height_low,track_stair_height_low,plr_track_stair_height_high,track_stair_height_high,plr_track_stair_steps,track_stair_steps,mean_env_return,adversary_env_pg_loss,adversary_env_value_loss,adversary_env_dist_entropy,steps,total_episodes,total_seeds,total_student_grad_updates,mean_agent_return,agent_value_loss,agent_pg_loss,agent_dist_entropy,mean_adversary_agent_return,adversary_value_loss,adversary_pg_loss,adversary_dist_entropy,kl_loss_advagent_agent,kl_loss_agent_advagent,agent_grad_norm,adversary_grad_norm,adversary_env_grad_norm,solved_rate:BipedalWalker-MADS-Medium-Eval-v0,test_returns:BipedalWalker-MADS-Medium-Eval-v0,target_agent_return,target_solved_rate,sps
0,1784900015.0375757,,4.559101792983711,,1.8398905033245683,,5.9383006021380424,,1.6940289799822494,,3.3298036048654467,,1.9733332481700927,,3.0606346763670444,,4.375,0.0,0.0,0.0,0.0,32768,49,16,1,-108.13993,0.1490277550648898,-0.002717310230946168,5.67944727241993,0,0.0,0.0,0.0,,,0.35973705873836886,0,0,0.0,-115.97599,-115.97599029541016,0.0,3898.625904711394
1,1784900053.8968933,,5.288316626101732,,3.387706980574876,,6.635234663262963,,1.3626481941901147,,3.464624509215355,,2.553805442294106,,3.4097290853969753,,5.375,0.0,0.0,0.0,0.0,196608,302,96,6,-108.29598,0.11599001763388514,-0.0021086828084662555,5.6613806873559955,0,0.0,0.0,0.0,,,0.3516857037520455,0,0,0.0,-116.9434,-116.94339752197266,0.0,4216.231464016708
2,1784900094.5907116,,4.331863334809896,,2.9037540056742728,,7.211945503950119,,1.1599001998547465,,2.9486922919750214,,2.13428522227332,,4.140992723405361,,4.8125,0.0,0.0,0.0,0.0,360448,528,176,11,-103.15946,0.10687049007974565,-0.002475948981009424,5.647312143445015,0,0.0,0.0,0.0,,,0.33865485207504636,0,0,0.0,-140.21877,-140.21876525878906,0.0,4026.1693181405303
3,1784900136.9748242,,3.8548370089847594,,4.070394319132902,,6.020316404756159,,1.4081363851437345,,3.3830829756334424,,1.8136592290829867,,3.3787616482004523,,5.5625,0.0,0.0,0.0,0.0,524288,753,256,16,-102.833534,0.09906469369307161,-0.0023055380857840645,5.565805327892304,0,0.0,0.0,0.0,,,0.3576669236846771,0,0,0.0,-102.8242,-102.82420349121094,0.0,3865.597299019166
4,1784900179.6318808,,7.790314462035894,,2.93504198663868,,5.96541247330606,,1.578986004460603,,3.658769866451621,,1.588233330694493,,3.338418062776327,,4.0,0.0,0.0,0.0,0.0,688128,974,336,21,-103.89526,0.09616593248210847,-0.002307305396243464,5.500635704398155,0,0.0,0.0,0.0,,,0.37710907345861266,0,0,0.0,-102.52214,-102.52214050292969,0.0,3840.8628488471572
5,1784900222.1334195,,4.067683194298297,,4.390293590258807,,7.4506220780313015,,1.9040781102376059,,3.882359266281128,,1.2623520311899483,,3.424362540245056,,4.75,0.0,0.0,0.0,0.0,851968,1187,416,26,-102.29142,0.09984436444938183,-0.002066807821393013,5.391616931557655,0,0.0,0.0,0.0,,,0.3894606387049082,0,0,0.0,-102.89748,-102.89747619628906,0.0,3854.918945029036
6,1784900266.3333726,,5.269198101013899,,3.4976920625194907,,6.97944690939039,,0.882748950534733,,2.6858812267892063,,1.2235520733520389,,3.6659046076238155,,3.6875,0.0,0.0,0.0,0.0,1015808,1388,496,31,-102.45549,0.09272843254730105,-0.0017264004476601259,5.298690649867058,0,0.0,0.0,0.0,,,0.40591313232844345,0,0,0.0,-97.792336,-97.7923355102539,0.0,3706.7945158812977
7,1784900310.031059,,5.297721659298986,,3.877114688511938,,7.254635039716959,,2.2308275918476284,,3.98856392595917,,1.1370515206363052,,3.1816097837872803,,5.0625,0.0,0.0,0.0,0.0,1179648,1586,576,36,-99.87102,0.09283770364709198,-0.0024232469833805224,5.210260674357414,0,0.0,0.0,0.0,,,0.4273104081207856,0,0,0.0,-97.96346,-97.96346282958984,0.0,3749.3942045142576
8,1784900355.5261574,,5.558381461305544,,3.1724382867105305,,6.226084977388382,,1.6165405843639746,,3.052876233123243,,1.352977511123754,,3.5179133992642164,,6.5,0.0,0.0,0.0,0.0,1343488,1777,656,41,-101.43588,0.0890380535274744,-0.0009706598299089819,5.116740769147873,0,0.0,0.0,0.0,,,0.45589695596264146,0,0,0.0,-95.9764,-95.97640228271484,0.0,3601.2677696970736
9,1784900401.4976661,,4.613047910388559,,2.827619481831789,,6.321420513559133,,1.1387334414757788,,2.69621514249593,,1.981251667602919,,3.5787206678651273,,4.75,0.0,0.0,0.0,0.0,1507328,1954,736,46,-99.60264,0.0859384797513485,-0.0012073195961420425,5.07541501224041,0,0.0,0.0,0.0,,,0.4578902671170552,0,0,0.0,-97.33991,-97.33991241455078,0.0,3563.945616193344
10,1784900444.6961954,,6.389310057274997,,2.7354277059203014,,6.274123806506395,,1.4679923275252804,,3.564321305602789,,1.9875577962739044,,3.25881106313318,,5.1875,0.0,0.0,0.0,0.0,1671168,2124,816,51,-100.63871,0.08587588500231505,-0.001008561004709918,4.973357319831848,0,0.0,0.0,0.0,,,0.4742276510442194,0,0,0.0,-99.26474,-99.26473999023438,0.0,3792.7217602302735
11,1784900488.6008515,,4.524647020734847,,2.17538281052839,,4.4874120922759175,,2.0490226964466274,,3.7529767211526632,,1.189052559202537,,3.741706106811762,,4.5625,0.0,0.0,0.0,0.0,1835008,2284,896,56,-99.66155,0.08384512120392174,-0.0016611084814940114,4.927307745814323,0,0.0,0.0,0.0,,,0.4714105504908259,0,0,0.0,-95.74702,-95.74701690673828,0.0,3731.722839695774
12,1784900532.6131294,,6.519351811148226,,3.8648684322834015,,6.770842159166932,,0.8853014311171137,,3.2341307849856094,,1.8174083082703874,,3.3953738026320934,,4.75,0.0,0.0,0.0,0.0,1998848,2435,976,61,-98.99788,0.09196342665236443,-0.00013539761785068548,4.90637173652649,0,0.0,0.0,0.0,,,0.5165423399814466,0,0,0.0,-95.51105,-95.51104736328125,0.0,3722.5981546156727
13,1784900577.269239,,5.709237297996879,,2.376256382558495,,5.881958771497011,,1.5737926820293069,,3.4440748021006584,,1.8494660791475326,,3.707052059471607,,6.0625,0.0,0.0,0.0,0.0,2162688,2579,1056,66,-97.18703,0.08464316308964044,-0.0007679529298911802,4.810405018925667,0,0.0,0.0,0.0,,,0.512220200544925,0,0,0.0,-92.512,-92.51200103759766,0.0,3668.9262737864406
14,1784900622.7740097,,4.41730726393871,,3.6126234335824847,,7.413303069770336,,1.5714895143173635,,3.660264238715172,,1.2841382823535241,,3.3265049709007144,,4.9375,0.0,0.0,0.0,0.0,2326528,2719,1136,71,-99.11953,0.09673730600625277,-0.0013961890479549765,4.668130812048912,0,0.0,0.0,0.0,,,0.5135928509598664,0,0,0.0,-93.79194,-93.79193878173828,0.0,3600.502668936716
15,1784900665.6822972,,4.454327933490276,,2.6319671649252996,,6.006968864239752,,1.4402736106421798,,3.4452138748019934,,1.3234078203095123,,3.392751896753907,,5.8125,0.0,0.0,0.0,0.0,2490368,2845,1216,76,-95.65416,0.08340144706889988,-0.001699526104493998,4.508327361941338,0,0.0,0.0,0.0,,,0.5436374372345215,0,0,0.0,-92.51759,-92.51759338378906,0.0,3818.3764057234257
16,1784900712.9845064,,4.277577371394727,,3.5907430021325126,,7.248914996162057,,2.076735567243304,,3.5625281604006886,,1.9393964199116454,,3.30343518871814,,5.4375,0.0,0.0,0.0,0.0,2654208,2965,1296,81,-97.09029,0.10796164567582309,-0.001827448575932067,4.351450717449188,0,0.0,0.0,0.0,,,0.5736521783073918,0,0,0.0,-90.30809,-90.30809020996094,0.0,3463.6857841291776
17,1784900756.2660067,,5.217661438509822,,3.738082762574777,,7.726074289530516,,1.192121384156053,,3.302312484011054,,1.3933655789878685,,3.4341517090797424,,4.6875,0.0,0.0,0.0,0.0,2818048,3074,1376,86,-94.50755,0.05599674989935011,-0.0018422926223138347,4.186411920189857,0,0.0,0.0,0.0,,,0.6557507242162809,0,0,0.0,-97.09624,-97.09623718261719,0.0,3785.450230334419
18,1784900800.1149747,,5.380906234495342,,3.30977363162674,,6.602718234062195,,1.711158067919314,,3.1663642218336463,,1.0165469342609867,,3.439220180734992,,3.6875,0.0,0.0,0.0,0.0,2981888,3176,1456,91,-93.8599,0.05665971648413688,-0.0005953632848104462,4.071094110608101,0,0.0,0.0,0.0,,,0.7068158547854826,0,0,0.0,-94.410904,-94.41090393066406,0.0,3736.466521450876
19,1784900844.6026716,,4.34162859339267,,3.0565109476447105,,6.653524227440357,,1.702233391260961,,3.681173361837864,,1.6756944928783923,,3.2987716048955917,,5.25,0.0,0.0,0.0,0.0,3145728,3279,1536,96,-93.36737,0.07565149602014572,-0.0012763745111442405,3.9327355146408083,0,0.0,0.0,0.0,,,0.692727746970729,0,0,0.0,-82.843254,-82.84325408935547,0.0,3682.81717025788
20,1784900887.9656231,,6.005981899361359,,2.9713991227254155,,7.802446577697992,,1.431198948994279,,3.211881397292018,,1.9706921325996518,,3.5673374449834228,,5.1875,0.0,0.0,0.0,0.0,3309568,3377,1616,101,-95.00264,0.07525795102119445,-0.001991643771179952,3.7790005415678025,0,0.0,0.0,0.0,,,0.7490411821470844,0,0,0.0,-85.63905,-85.63905334472656,0.0,3778.335408643665
21,1784900932.6743512,,4.489014111459255,,3.189560312894173,,6.430656122975051,,1.3648817101784516,,3.021826548501849,,1.9400001544272527,,3.3829667326062918,,5.25,0.0,0.0,0.0,0.0,3473408,3468,1696,106,-91.59094,0.08055753917433321,-0.0031778645803569815,3.667918837070465,0,0.0,0.0,0.0,,,0.7330896769345758,0,0,0.0,-92.59109,-92.5910873413086,0.0,3664.6118093003784
22,1784900976.9063382,,4.807652392191812,,2.559979755897075,,6.656107474118471,,1.6280505796021316,,3.62468047067523,,1.0092182455809962,,3.067939020693302,,5.9375,0.0,0.0,0.0,0.0,3637248,3565,1776,111,-96.81149,0.08343044931534678,-0.0023331174128543354,3.5553649708628656,0,0.0,0.0,0.0,,,0.7922038954092875,0,0,0.0,-85.42082,-85.42082214355469,0.0,3704.1031987806255
23,1784901020.8906093,,5.040741893462837,,2.347687023866456,,5.941776395775378,,1.7789008526597172,,3.5602131951600313,,1.511912483983906,,3.5389927960932255,,5.25,0.0,0.0,0.0,0.0,3801088,3664,1856,116,-90.6502,0.0814008464338258,-0.0016441809086245485,3.4159377098083494,0,0.0,0.0,0.0,,,0.8516223011427646,0,0,0.0,-82.897415,-82.89741516113281,0.0,3724.9723246223225
24,1784901064.1346543,,6.585134090855718,,3.318794649094343,,6.003609839826822,,1.514611984603107,,3.411700250580907,,1.381717905169353,,3.4343051072210073,,5.75,0.0,0.0,0.0,0.0,3964928,3765,1936,121,-90.63632,0.10475032199174165,-0.001907940699311439,3.3158604979515074,0,0.0,0.0,0.0,,,0.8364440317463462,0,0,0.0,-83.43794,-83.43794250488281,0.0,3788.7252464720045
25,1784901108.4303784,,3.992892801761627,,2.1403090679086745,,6.453329836949706,,1.2677585473284125,,3.4167928341776133,,1.2478441471466795,,3.3223942201584578,,4.8125,0.0,0.0,0.0,0.0,4128768,3862,2016,126,-88.17612,0.07878904626704752,-0.0010572229832177982,3.1789992198348047,0,0.0,0.0,0.0,,,0.8962747579208046,0,0,0.0,-77.51101,-77.5110092163086,0.0,3698.7774476700592
26,1784901153.0423493,,4.343907334841788,,3.440857162931934,,7.630023621022701,,1.7386772809550166,,2.7631045249290764,,1.9633920916749048,,3.395932726562023,,4.9375,0.0,0.0,0.0,0.0,4292608,3953,2096,131,-92.9374,0.08909263308160006,-0.0013437797140795737,3.116965813934803,0,0.0,0.0,0.0,,,0.9512229212954054,0,0,0.0,-83.48013,-83.48013305664062,0.0,3672.5581671501795
27,1784901191.711662,,5.538745056837797,,1.686403332860209,,6.166925076395273,,1.4430993876885623,,3.541465327143669,,1.7055797798093408,,3.4399416157975793,,4.625,0.0,0.0,0.0,0.0,4456448,4049,2176,136,-95.64091,0.09525798824615776,-0.0016038091918744613,3.0390551194548605,0,0.0,0.0,0.0,,,0.9249039211378551,0,0,0.0,-79.03493,-79.03492736816406,0.0,4236.94849148024
28,1784901235.937705,,6.9220298156142235,,3.0529125034809113,,5.9909414406865835,,1.7246883403277025,,3.395024910569191,,1.3657824169058586,,3.3210963662713766,,4.875,0.0,0.0,0.0,0.0,4620288,4142,2256,141,-89.82007,0.10027295793406665,-0.0014973833727708551,2.9533567294478416,0,0.0,0.0,0.0,,,0.9788615501550115,0,0,0.0,-78.55039,-78.5503921508789,0.0,3704.6053528812236
29,1784901279.7506695,,7.258111792616546,,2.866053810575977,,7.030710875988007,,1.5412830935383681,,2.9423481482081115,,1.9012262189062312,,3.788661053404212,,4.6875,0.0,0.0,0.0,0.0,4784128,4239,2336,146,-87.19229,0.10133211920037866,-0.000662385844043456,2.8513110861182214,0,0.0,0.0,0.0,,,1.0848752858014137,0,0,0.0,-83.348526,-83.34852600097656,0.0,3739.5319686331063
30,1784901323.8683228,,5.439458836335689,,3.290515400003642,,6.872796919196844,,1.6208772547543049,,2.987235616892576,,1.3276058249175549,,3.160974537022412,,4.875,0.0,0.0,0.0,0.0,4947968,4331,2416,151,-89.0748,0.09007852328941227,-0.001572554414451588,2.7663195550441744,0,0.0,0.0,0.0,,,0.9790557853199431,0,0,0.0,-76.999,-76.9990005493164,0.0,3713.7091672273987
31,1784901368.5515943,,4.291725718649104,,3.0939193698577583,,7.554945778101683,,2.2367589187342674,,3.959023719653487,,1.2399306643055752,,3.1693923519924283,,4.8125,0.0,0.0,0.0,0.0,5111808,4416,2496,156,-88.586136,0.08137187364045531,-0.0012825286263250745,2.657968007028103,0,0.0,0.0,0.0,,,1.0714143675170882,0,0,0.0,-76.42556,-76.4255599975586,0.0,3666.695405263949
32,1784901413.127181,,3.3806342765456066,,2.7539650538528804,,6.765184998512268,,1.7829405912198126,,3.406165335327387,,1.389038790948689,,3.4757632669061422,,4.6875,0.0,0.0,0.0,0.0,5275648,4505,2576,161,-87.30476,0.07491316208615899,-0.0015957395575242118,2.6117343857884405,0,0.0,0.0,0.0,,,1.0653876479875597,0,0,0.0,-75.63637,-75.63636779785156,0.0,3675.555276783879
33,1784901453.4459856,,4.277530472027138,,1.7670559138059616,,6.399406720884144,,1.5063252672553062,,3.05315843783319,,0.982580045965733,,1.970393555238843,,4.5625,0.0,0.0,0.0,0.0,5439488,4590,2656,166,-86.339134,0.07548089334741234,-0.0014009395017637871,2.551596334576607,0,0.0,0.0,0.0,,,1.1134261880981178,0,0,0.0,-85.24723,-85.24723052978516,0.0,4063.609223230764
34,1784901498.7082653,,5.438420870341361,,2.4674477032385767,,5.986330220475793,,0.8197578163526487,,2.7518159756436944,,1.4482978227897547,,3.4640322742052376,,5.5625,0.0,0.0,0.0,0.0,5603328,4674,2736,171,-85.36483,0.08526610538829119,-0.0009997735105571337,2.4902186155319215,0,0.0,0.0,0.0,,,1.167277235329455,0,0,0.0,-64.656845,-64.65684509277344,0.0,3619.7915782414857
35,1784901544.806959,,5.925708524882793,,2.820349627872929,,6.720666661858559,,1.4644899641280062,,3.3778932597488165,,1.1624267217121087,,3.067995812743902,,5.125,0.0,0.0,0.0,0.0,5767168,4757,2816,176,-91.319595,0.07589998862240463,-0.00107900741204503,2.3895019575953484,0,0.0,0.0,0.0,,,1.1748862824969677,0,0,0.0,-77.13765,-77.13764953613281,0.0,3554.1132308465103
36,1784901585.0625112,,4.820829023374245,,2.792889155825833,,6.179259605705738,,1.5561747626634315,,3.256143517792225,,1.2825107369280886,,2.916711131692864,,6.375,0.0,0.0,0.0,0.0,5931008,4845,2896,181,-85.02259,0.08221446902025491,-0.0006619051127927378,2.3070226490497587,0,0.0,0.0,0.0,,,1.221695363592293,0,0,0.0,-74.205505,-74.20550537109375,0.0,4069.99855396093
37,1784901631.3373764,,4.84544119797647,,2.9942537506576627,,6.6084277257323265,,2.299975887290202,,3.716027708724141,,1.2654667580500245,,3.426754823885858,,5.3125,0.0,0.0,0.0,0.0,6094848,4935,2976,186,-87.98757,0.0893772165523842,-0.001532284294080455,2.234658731520176,0,0.0,0.0,0.0,,,1.1704047469474461,0,0,0.0,-71.41364,-71.41364288330078,0.0,3540.5882104905836
38,1784901677.79258,,4.810910708038136,,3.0290508503094316,,7.183214696124196,,1.5693904194631614,,3.5438431907095946,,1.3243950152536854,,3.1909049907699227,,5.9375,0.0,0.0,0.0,0.0,6258688,5028,3056,191,-87.113235,0.08333417405374348,-0.00036291366268415004,2.1399915128946305,0,0.0,0.0,0.0,,,1.2658454013923277,0,0,0.0,-68.193436,-68.19343566894531,0.0,3526.832665323737
39,1784901725.2806947,,4.234346983139403,,2.3607989570882637,,6.746761072427034,,1.7056240158854052,,4.003120446577668,,1.6434646275592968,,3.099024510011077,,6.75,0.0,0.0,0.0,0.0,6422528,5121,3136,196,-87.80931,0.08932018596678973,-0.0009699156733404379,2.057942046225071,0,0.0,0.0,0.0,,,1.2910753186982533,0,0,0.0,-76.41443,-76.4144287109375,0.0,3450.140622134192
40,1784901772.6324084,,5.469325826270506,,2.7528047634405084,,6.6153431218117476,,0.9253973305021646,,3.4405120369046926,,1.6970066768453762,,3.546281084418297,,5.0,0.0,0.0,0.0,0.0,6586368,5214,3216,201,-83.669846,0.09606681088916957,-0.001698065994423814,1.9674586564302445,0,0.0,0.0,0.0,,,1.3218285491104789,0,0,0.0,-80.380936,-80.38093566894531,0.0,3460.0512124531365
41,1784901820.730814,,4.947231414262205,,3.418014255585149,,6.768287010490894,,1.4250891125993803,,3.136664303019643,,1.7899126045813318,,3.5557139944285154,,5.0,0.0,0.0,0.0,0.0,6750208,5304,3296,206,-89.96204,0.07924363685306161,-0.0008045399394177366,1.928482998907566,0,0.0,0.0,0.0,,,1.3654191207141826,0,0,0.0,-68.185646,-68.1856460571289,0.0,3406.3517446286864
42,1784901861.455842,,5.644663944840431,,2.857713421108201,,8.265913408249617,,1.193111854372546,,2.8685611207038164,,1.0934646078385413,,2.999105043709278,,5.375,0.0,0.0,0.0,0.0,6914048,5388,3376,211,-85.77618,0.08222695314325393,-0.0010319277527742088,1.8921438336372376,0,0.0,0.0,0.0,,,1.3374310465736226,0,0,0.0,-74.91969,-74.91969299316406,0.0,4023.0755766342813
43,1784901909.0075867,,5.395516129210591,,3.5710676992312074,,7.8297471813857555,,1.2750485107244458,,3.2738647653604858,,1.7151493037818,,3.3314426383003592,,5.6875,0.0,0.0,0.0,0.0,7077888,5475,3456,216,-83.488686,0.08113699420355261,-0.0016910497201024556,1.8633633993566037,0,0.0,0.0,0.0,,,1.2402984810747846,0,0,0.0,-84.02382,-84.02381896972656,0.0,3445.5136560708893
44,1784901957.0958383,,5.025198283256032,,2.681873431429267,,7.7100832015275955,,1.6834248142549768,,3.633788926526904,,1.629187687067315,,3.592501536477357,,5.375,0.0,0.0,0.0,0.0,7241728,5564,3536,221,-83.94011,0.0975354774389416,-0.0011852516159706282,1.7957432344555855,0,0.0,0.0,0.0,,,1.3372277268664436,0,0,0.0,-77.579285,-77.57928466796875,0.0,3407.0705896190084
45,1784901998.2770581,,4.579780027270317,,4.022130933590233,,7.549106236547232,,1.7325114368577488,,3.205487213563174,,1.2903913157060742,,3.543272688984871,,4.875,0.0,0.0,0.0,0.0,7405568,5649,3616,226,-82.97776,0.08738790648058056,-0.0007120056136045605,1.7312474764883519,0,0.0,0.0,0.0,,,1.4524709944319507,0,0,0.0,-72.66136,-72.66136169433594,0.0,3978.5068558821176
46,1784902045.5144036,,5.433459141058847,,2.721163807436824,,6.986792962998152,,1.5074085552623728,,3.5673904372379184,,1.4847092935815454,,3.3464323123916984,,5.6875,0.0,0.0,0.0,0.0,7569408,5741,3696,231,-85.60891,0.0925682719796896,-0.0019927485380321743,1.7012903220951556,0,0.0,0.0,0.0,,,1.3293947658486143,0,0,0.0,-70.97804,-70.97804260253906,0.0,3468.444893359199
47,1784902093.959208,,5.627793776802719,,3.811959616141394,,7.097425581887364,,1.6382478165905923,,3.140005529858172,,1.4328084827866405,,3.701088400557637,,4.875,0.0,0.0,0.0,0.0,7733248,5827,3776,236,-82.648056,0.0888550535775721,-0.0018961318521178328,1.6534345999360085,0,0.0,0.0,0.0,,,1.3163342096337758,0,0,0.0,-66.9744,-66.97440338134766,0.0,3381.989894585815
48,1784902141.955298,,4.881921985797817,,2.173002869822085,,6.8334760423749685,,1.2442581103823613,,3.363072397187352,,1.1153208487667143,,3.120255945250392,,4.8125,0.0,0.0,0.0,0.0,7897088,5914,3856,241,-84.55583,0.07304257499054075,-0.0014242133853258564,1.6167718663811683,0,0.0,0.0,0.0,,,1.3740070249379046,0,0,0.0,-79.35279,-79.35279083251953,0.0,3413.6113184236933
49,1784902189.8640242,,4.820356203126721,,2.2390013677068055,,6.548786549828947,,1.394149869447574,,2.8907562606036663,,1.1804293422028422,,3.0096638342365623,,6.0,0.0,0.0,0.0,0.0,8060928,6001,3936,246,-80.88508,0.08291689821053297,-0.0015423667733557521,1.5455624632537366,0,0.0,0.0,0.0,,,1.3808592979969248,0,0,0.0,-74.63408,-74.63407897949219,0.0,3419.8367817249937
50,1784902230.9241972,,6.458856668323278,,2.351298179710284,,5.522550682653673,,1.792537503351923,,3.931853622198105,,1.7839386788546108,,3.2457964564673603,,5.125,0.0,0.0,0.0,0.0,8224768,6079,4016,251,-86.20387,0.08144090976566076,-0.0012480003584641962,1.469093108177185,0,0.0,0.0,0.0,,,1.410052893087809,0,0,0.0,-68.8632,-68.86319732666016,0.0,3990.240963537193
51,1784902279.5913243,,4.782627811655402,,3.7920625414699316,,6.249449849128723,,1.129583945730701,,2.8402138431556523,,1.3393523427475884,,2.6379835151601583,,5.0625,0.0,0.0,0.0,0.0,8388608,6161,4096,256,-81.59453,0.08139657999854535,-0.0015090427856193855,1.4330393269658088,0,0.0,0.0,0.0,,,1.4430565194807534,0,0,0.0,-84.62245,-84.62245178222656,0.0,3366.5429726471384
52,1784902321.3718238,,4.297388717532158,,2.951351997908205,,6.9403934851288795,,1.2327818886842579,,3.4620825038291514,,1.3841571440570988,,3.235379485413432,,5.875,0.0,0.0,0.0,0.0,8552448,6247,4176,261,-85.2813,0.06878705271519721,-0.0007028127904050053,1.3693967156112195,0,0.0,0.0,0.0,,,1.505264534653276,0,0,0.0,-82.15553,-82.15553283691406,0.0,3921.4486078935884
53,1784902370.2945971,,5.192912782076746,,3.6587881919695064,,7.49704597517848,,1.5132932673441246,,3.03155280649662,,1.1289965362811927,,2.785903343465179,,5.8125,0.0,0.0,0.0,0.0,8716288,6334,4256,266,-82.64101,0.08177503563929349,-0.0013656208495376632,1.270313336700201,0,0.0,0.0,0.0,,,1.4687387774860312,0,0,0.0,-84.086845,-84.08684539794922,0.0,3348.9574459729943
54,1784902418.9617047,,4.767512026010081,,2.0098507567308843,,6.5569983050227165,,1.6271043149754405,,3.263436541892588,,1.6560031042899936,,3.1921636452898383,,4.25,0.0,0.0,0.0,0.0,8880128,6427,4336,271,-86.02617,0.09199825213290751,-0.0012424892905983143,1.2339696131646634,0,0.0,0.0,0.0,,,1.6129763422311705,0,0,0.0,-76.97035,-76.97035217285156,0.0,3366.541371941979
55,1784902467.574034,,5.444119782187045,,3.1785761739593,,7.31072474271059,,1.149007097701542,,3.0897768307477236,,1.047152626561001,,2.6806505653075874,,5.4375,0.0,0.0,0.0,0.0,9043968,6514,4416,276,-82.617905,0.08522930240724236,-0.0006941849991562776,1.1929965250194072,0,0.0,0.0,0.0,,,1.5697363812644436,0,0,0.0,-84.68179,-84.68179321289062,0.0,3370.3348821881677
56,1784902509.794441,,4.031086749746464,,3.366181596647948,,7.921879664063454,,1.0584545566234738,,2.7096046949736774,,1.5190404164604843,,3.1598474085330963,,5.375,0.0,0.0,0.0,0.0,9207808,6597,4496,281,-84.07526,0.08278179680928588,-0.0009603324928320944,1.1421942695975305,0,0.0,0.0,0.0,,,1.5311201508982966,0,0,0.0,-67.3364,-67.3364028930664,0.0,3880.593689266796
57,1784902559.015545,,4.768351372331381,,4.0516757452860475,,7.001020889729261,,1.7870897357352078,,3.582983473315835,,1.7979211194324307,,3.297375119291246,,5.9375,0.0,0.0,0.0,0.0,9371648,6684,4576,286,-82.13786,0.08605175889097154,-0.0008232667547417805,1.1141597002744674,0,0.0,0.0,0.0,,,1.5440034917883154,0,0,0.0,-82.83647,-82.83647155761719,0.0,3328.6489854548936
58,1784902608.8930514,,4.678613506839611,,3.3154206397011876,,7.126763239502907,,1.5307491907151416,,2.9895076667889953,,1.082605654373765,,3.546337177976966,,5.625,0.0,0.0,0.0,0.0,9535488,6776,4656,291,-82.07709,0.0907802863046527,-0.001182078982674284,1.0382427655160427,0,0.0,0.0,0.0,,,1.5314276487653333,0,0,0.0,-73.0258,-73.02580261230469,0.0,3284.850269472809
59,1784902659.0449488,,3.9778340922202915,,3.5394147702027112,,7.369935121387243,,1.033849448140245,,3.0554437823593616,,2.010449137305841,,3.711494030430913,,4.5625,0.0,0.0,0.0,0.0,9699328,6867,4736,296,-82.39007,0.08135827900841833,-0.0003178500264766626,0.9874631855636835,0,0.0,0.0,0.0,,,1.6629212875166814,0,0,0.0,-72.38185,-72.38185119628906,0.0,3266.8743436904133
60,1784902709.466114,,6.18207142688334,,3.2936440350022167,,7.232849909923971,,2.0305953663773835,,3.1929872429464012,,1.2776777754334034,,3.269906514324248,,5.5,0.0,0.0,0.0,0.0,9863168,6962,4816,301,-81.88447,0.07778650817926973,-0.0004294397687772289,0.9495060402899981,0,0.0,0.0,0.0,,,1.7021379947355624,0,0,0.0,-71.42877,-71.42877197265625,0.0,3249.4275644315294
61,1784902759.7928185,,5.174041502177715,,3.2125671254470944,,7.347420807927847,,1.6993782488862053,,3.08093634666875,,1.559154250571737,,3.1427187705412507,,5.1875,0.0,0.0,0.0,0.0,10027008,7052,4896,306,-81.77117,0.07743363580666482,-0.0005972498984192498,0.8947767321020365,0,0.0,0.0,0.0,,,1.6711640524840128,0,0,0.0,-77.23497,-77.23497009277344,0.0,3255.5282429662093
62,1784902801.9739943,,4.750647898763418,,3.508455459959805,,7.381828501820564,,1.3384201831649989,,2.8713576414156705,,1.6570513873011805,,3.0499755311757326,,6.1875,0.0,0.0,0.0,0.0,10190848,7141,4976,311,-87.44383,0.08044164208695292,0.0007602291996590793,0.8456310510635376,0,0.0,0.0,0.0,,,1.7218202681552062,0,0,0.0,-75.94106,-75.9410629272461,0.0,3884.197232639134
63,1784902852.1245599,,4.53272421611473,,2.775779648218304,,7.171047572046518,,1.453527946723625,,2.6339870574884117,,1.3527025491930544,,3.1685512047261,,6.625,0.0,0.0,0.0,0.0,10354688,7225,5056,316,-84.34605,0.06970528145320713,0.00018791603652061893,0.8042846113443375,0,0.0,0.0,0.0,,,1.714987618876173,0,0,0.0,-70.36158,-70.36157989501953,0.0,3266.964754059152
64,1784902902.6650639,,5.143502768478356,,2.973408044781536,,7.512792274355888,,1.7945250839693472,,3.2614037464372814,,1.4609340392053127,,3.646678808145225,,5.625,0.0,0.0,0.0,0.0,10518528,7305,5136,321,-82.28652,0.07599621685221791,0.00020583646255545318,0.7794944252818823,0,0.0,0.0,0.0,,,1.8888574582987012,0,0,0.0,-72.50075,-72.50074768066406,0.0,3241.7531718861505
65,1784902945.1840878,,5.408687482122332,,2.9022187541704625,,6.695761517621577,,1.2520711694378406,,2.612572517246008,,1.602144106218475,,3.7879242841154337,,6.4375,0.0,0.0,0.0,0.0,10682368,7387,5216,326,-81.60713,0.07746239164844156,-7.841517508495599e-05,0.7746963825076818,0,0.0,0.0,0.0,,,1.7458281386419714,0,0,0.0,-67.70492,-67.70491790771484,0.0,3853.33652444939
66,1784902996.5710847,,4.848287008062471,,3.2774559597601183,,7.442056406289339,,1.5178926938096993,,2.8283677552826703,,1.6444577934453264,,3.341141794808209,,5.0625,0.0,0.0,0.0,0.0,10846208,7466,5296,331,-82.46738,0.0864748541265726,-0.0006640537321800366,0.7605098571628333,0,0.0,0.0,0.0,,,1.6771294222509578,0,0,0.0,-82.057625,-82.05762481689453,0.0,3188.353741741556
67,1784903039.7476485,,5.456543725449592,,2.900380067003425,,7.561227660626173,,1.193011543218745,,3.275294601917267,,1.9428925937972963,,3.2152069685980678,,5.1875,0.0,0.0,0.0,0.0,11010048,7545,5376,336,-84.2693,0.0702220148872584,-0.0003009698382811621,0.7654913902282715,0,0.0,0.0,0.0,,,1.7041753776744044,0,0,0.0,-71.93429,-71.93428802490234,0.0,3794.65186258463
68,1784903091.1746457,,5.154891740530729,,2.4442084808833897,,6.3966350350528955,,1.4772673032712191,,3.1118426271132194,,1.582851514685899,,3.1378866732120514,,5.25,0.0,0.0,0.0,0.0,11173888,7626,5456,341,-83.31203,0.07448211894370615,-0.0008559319554478862,0.746206060796976,0,0.0,0.0,0.0,,,1.7069340077931003,0,0,0.0,-69.0345,-69.03450012207031,0.0,3185.8748943762066
69,1784903142.9101162,,3.777048555202782,,2.729288002010435,,6.890234984457493,,1.6031276079593226,,3.118311488069594,,1.5949351905146614,,3.481659688986838,,6.3125,0.0,0.0,0.0,0.0,11337728,7707,5536,346,-83.156654,0.07195198733825237,-0.0009440816953429021,0.7042322359979153,0,0.0,0.0,0.0,,,1.7690450782595923,0,0,0.0,-76.39693,-76.39692687988281,0.0,3166.8798182610285
70,1784903184.111097,,3.7041746987961233,,2.0091606490314007,,6.779828993603587,,0.5723055766429752,,2.192565310979262,,1.7538921894447412,,3.386482442729175,,5.5,0.0,0.0,0.0,0.0,11501568,7793,5616,351,-85.113434,0.07616660869680345,-0.0017797137552406639,0.6903557196259499,0,0.0,0.0,0.0,,,1.651861907016547,0,0,0.0,-74.58478,-74.58477783203125,0.0,3976.604708405258
71,1784903236.3827353,,3.445244756003376,,4.382933824090287,,7.743898183107376,,1.1054244369734079,,2.7350196707993746,,1.5448956871478003,,3.761346433311701,,5.8125,0.0,0.0,0.0,0.0,11665408,7880,5696,356,-82.30202,0.08334965307731182,-0.00011406344274291768,0.6672509416937829,0,0.0,0.0,0.0,,,1.8048707328815616,0,0,0.0,-68.25078,-68.25077819824219,0.0,3134.396544056998
72,1784903289.0247903,,4.762715307006147,,2.9649794966098852,,7.67281093634665,,1.3019050084403716,,3.007285944186151,,1.196093128528446,,2.749502952210605,,6.1875,0.0,0.0,0.0,0.0,11829248,7963,5776,361,-86.84695,0.07111819165293128,-0.0006787368445657193,0.6338502578437328,0,0.0,0.0,0.0,,,1.6874296260752017,0,0,0.0,-71.12215,-71.12214660644531,0.0,3112.339235707392
73,1784903333.2870343,,5.884471908211708,,3.195348510053009,,7.408891171216965,,1.7272490917821415,,3.098411220125854,,1.4102615768206306,,2.8373176767490804,,4.5625,0.0,0.0,0.0,0.0,11993088,8044,5856,366,-84.589516,0.08319719962310046,0.000413466108875582,0.6161820296198129,0,0.0,0.0,0.0,,,1.7500820568374276,0,0,0.0,-70.36954,-70.36953735351562,0.0,3701.575686780099
74,1784903385.5077662,,5.371769594494253,,1.716332042706199,,7.064887788146734,,1.507368092534307,,3.5739971324801445,,1.4197044225875288,,2.8422173112630844,,5.375,0.0,0.0,0.0,0.0,12156928,8129,5936,371,-80.8882,0.09499037901405245,-0.00034468026788090354,0.5480146661400795,0,0.0,0.0,0.0,,,1.7546999118119146,0,0,0.0,-81.31075,-81.31075286865234,0.0,3137.4567887496964
75,1784903438.0389495,,5.008563809096813,,4.8631212674081326,,6.977623077109456,,0.8237156592076644,,2.157717809313908,,1.2868037577391078,,3.477073647081852,,5.875,0.0,0.0,0.0,0.0,12320768,8215,6016,376,-84.98683,0.08203560975380242,-0.00033613330888329076,0.4756978502497077,0,0.0,0.0,0.0,,,1.7942195018492846,0,0,0.0,-58.07943,-58.079429626464844,0.0,3118.905236870687
76,1784903490.5318685,,5.180731555446982,,3.028392453561537,,7.3572080582380295,,1.186070607509464,,2.559035806916654,,1.2699725083075464,,3.3728741528466344,,6.4375,0.0,0.0,0.0,0.0,12484608,8300,6096,381,-84.56539,0.07027192960958928,-0.0012033830036671134,0.4415742924436927,0,0.0,0.0,0.0,,,1.8211309627555992,0,0,0.0,-75.909004,-75.90900421142578,0.0,3121.1826643230943
77,1784903533.4383454,,4.035610758000985,,3.4010638133622706,,7.263230364769697,,1.2084835395216942,,2.797843983862549,,1.406391159107443,,3.167066953610629,,4.9375,0.0,0.0,0.0,0.0,12648448,8385,6176,386,-83.58875,0.07577233721967787,0.0005320192693034187,0.41047705747187135,0,0.0,0.0,0.0,,,1.918793482074581,0,0,0.0,-58.385803,-58.38580322265625,0.0,3818.536243331685
78,1784903586.6924453,,6.060849754139781,,4.424831718206406,,8.480439335107803,,1.0599741197074763,,2.7444134652614594,,2.126079967711121,,2.9218334960751235,,5.125,0.0,0.0,0.0,0.0,12812288,8470,6256,391,-82.361374,0.08191280809696763,-0.001469219653517939,0.38670712914317845,0,0.0,0.0,0.0,,,1.8308094226988025,0,0,0.0,-69.36854,-69.36853790283203,0.0,3076.5696199922986
79,1784903640.2575917,,3.559947886969894,,3.774306012201123,,7.265369528904557,,1.034602452564286,,2.4494614865398034,,1.0792406697873957,,3.0074683064594865,,5.875,0.0,0.0,0.0,0.0,12976128,8555,6336,396,-82.735596,0.08571901554241776,-6.139530596556142e-05,0.3783610761165619,0,0.0,0.0,0.0,,,1.845056330297853,0,0,0.0,-69.29836,-69.2983627319336,0.0,3058.706009558104
80,1784903685.697596,,5.511822132393718,,3.308309488929808,,7.533135395497084,,0.7408725415007211,,2.696248380234465,,1.8243141876882873,,3.484867704100907,,5.25,0.0,0.0,0.0,0.0,13139968,8638,6416,401,-82.7854,0.07847473742440343,-0.00046302923874463886,0.33650179039686917,0,0.0,0.0,0.0,,,1.9490027971578219,0,0,0.0,-88.54727,-88.54727172851562,0.0,3605.6337533823516
81,1784903739.665279,,5.03789521069848,,3.6056991340592504,,7.739968523383141,,1.0885126446919458,,3.454838814213872,,1.6199282577417762,,3.4155329782515764,,4.875,0.0,0.0,0.0,0.0,13303808,8721,6496,406,-81.97902,0.07621872355230153,-0.0004048510250868276,0.34255032781511546,0,0.0,0.0,0.0,,,1.9104227173021875,0,0,0.0,-74.038635,-74.03863525390625,0.0,3035.891819529106
82,1784903793.817207,,4.442182618076913,,3.1909422983881086,,7.607778068631887,,1.56360108172521,,2.7233260916545987,,2.058655947621446,,3.457618160173297,,5.6875,0.0,0.0,0.0,0.0,13467648,8804,6576,411,-80.92181,0.07078018903266639,-0.0009859362740826326,0.3667377632111311,0,0.0,0.0,0.0,,,1.7837817046652682,0,0,0.0,-71.53569,-71.53569030761719,0.0,3025.5619192872286
83,1784903837.029366,,4.535612881591078,,3.8185938354581594,,7.602339498698711,,1.0006784784491174,,2.461092686280608,,1.2471654312685132,,3.2914175232872367,,5.375,0.0,0.0,0.0,0.0,13631488,8886,6656,416,-79.66418,0.07498287276830524,0.00010616984218358994,0.312546587176621,0,0.0,0.0,0.0,,,2.038659158476601,0,0,0.0,-63.01426,-63.014259338378906,0.0,3791.5259772678974
84,1784903891.056771,,5.2940020768437535,,4.569643636932597,,8.511101976037025,,1.2014769273810089,,2.599608974996954,,1.9378980272449553,,3.293012836948037,,4.3125,0.0,0.0,0.0,0.0,13795328,8970,6736,421,-81.66521,0.08331199157983064,-0.0006800964314606972,0.2569556115195155,0,0.0,0.0,0.0,,,1.884665233133628,0,0,0.0,-69.104355,-69.10435485839844,0.0,3032.5327305719316
85,1784903944.808929,,5.558208076035953,,3.5695256979670376,,7.818603776395321,,1.1293538520112634,,2.056568171828985,,1.7604936636053026,,3.3199282409623265,,5.5625,0.0,0.0,0.0,0.0,13959168,9052,6816,426,-79.038475,0.08793066560756416,-0.0010126745139132254,0.21226677093654872,0,0.0,0.0,0.0,,,1.8756159548662588,0,0,0.0,-77.85443,-77.85443115234375,0.0,3048.0644222201827
86,1784903988.1376178,,5.769962838385254,,3.1720498227514327,,6.369281420484185,,1.122288665283122,,2.6254561659879982,,1.509390779901878,,2.73474816349335,,4.4375,0.0,0.0,0.0,0.0,14123008,9134,6896,431,-83.909546,0.0802906684577465,-0.0018865203965106048,0.19930762983858585,0,0.0,0.0,0.0,,,1.7943075203967431,0,0,0.0,-68.317184,-68.31718444824219,0.0,3781.3276122792495
87,1784904043.0632584,,5.0200982531532645,,3.677372904494405,,7.141131404787302,,0.987704229191877,,2.911885711364448,,1.4862130221445113,,3.6058947443962097,,5.0,0.0,0.0,0.0,0.0,14286848,9218,6976,436,-80.55694,0.08168904471676797,-0.0017908998430357314,0.17105608051642776,0,0.0,0.0,0.0,,,1.8582485307310719,0,0,0.0,-81.618416,-81.61841583251953,0.0,2982.9417952219774
88,1784904096.9900737,,4.2113692266866565,,3.562960939016193,,7.724869027733803,,1.1322298922459595,,2.93794815428555,,1.439602398313582,,2.531519053154625,,5.125,0.0,0.0,0.0,0.0,14450688,9302,7056,441,-81.55666,0.07319369420874863,0.00017001039232127367,0.14992621243000032,0,0.0,0.0,0.0,,,2.053334545621072,0,0,0.0,-89.90877,-89.90876770019531,0.0,3038.191575892993
89,1784904139.1642108,,5.384633389767259,,3.4202081919647753,,7.328383158892393,,1.4009354513837025,,2.7951114950701594,,1.5841551322955638,,3.2298729568719864,,6.25,0.0,0.0,0.0,0.0,14614528,9384,7136,446,-79.480835,0.0766552526736632,-0.0006285268835199531,0.08857681974768639,0,0.0,0.0,0.0,,,1.9466747669050561,0,0,0.0,-82.5023,-82.5022964477539,0.0,3884.845171134407
90,1784904192.7739623,,5.45352732646279,,3.3941281380248256,,6.565965563058853,,1.5274219165439717,,2.6961338613182306,,1.0490768367162673,,3.0545650119893253,,4.875,0.0,0.0,0.0,0.0,14778368,9467,7216,451,-83.72579,0.08796899288427085,-0.00023640801227884368,0.05276706665754318,0,0.0,0.0,0.0,,,2.0766704809624073,0,0,0.0,-65.816444,-65.81644439697266,0.0,3056.1616661234466
91,1784904246.50123,,5.2874541853088886,,3.315085647664091,,6.612649243324995,,1.104666925384663,,2.8754410054534674,,2.0387134491465986,,3.094680462963879,,6.0625,0.0,0.0,0.0,0.0,14942208,9552,7296,456,-82.85367,0.08358144564554096,-0.0008116726043226663,0.016680970042943954,0,0.0,0.0,0.0,,,2.001913262653587,0,0,0.0,-73.92245,-73.92244720458984,0.0,3049.47611714352
92,1784904289.0395546,,5.449795052409172,,2.628281235229224,,7.278231251984835,,1.0619701461837394,,2.714714757166803,,1.5085298903250077,,3.868449665606022,,6.4375,0.0,0.0,0.0,0.0,15106048,9636,7376,461,-81.566734,0.08465310502797366,-0.00035725054985960016,0.022409527003765105,0,0.0,0.0,0.0,,,2.0001043664282463,0,0,0.0,-74.648224,-74.64822387695312,0.0,3851.585357641221
93,1784904341.976896,,5.701601887121797,,3.9392447378486395,,7.081127166748047,,1.2202770891599357,,2.6867360691539943,,1.2254550572833978,,2.4729714915156364,,5.1875,0.0,0.0,0.0,0.0,15269888,9722,7456,466,-79.562645,0.08315684986300767,-0.0005355876841349527,0.013810393959283828,0,0.0,0.0,0.0,,,1.9942312650262124,0,0,0.0,-70.86039,-70.86038970947266,0.0,3094.9785925397064
94,1784904395.9776387,,5.3999361796013545,,3.5798550222534686,,7.596303466707468,,1.6341329116403358,,2.715738050173968,,1.4421090862015262,,3.0765769444406033,,5.625,0.0,0.0,0.0,0.0,15433728,9807,7536,471,-82.13078,0.08735280090477318,-0.0005187327333260328,-0.019401102513074874,0,0.0,0.0,0.0,,,2.0070199096165005,0,0,0.0,-78.850914,-78.85091400146484,0.0,3034.0326482914284
95,1784904438.6291566,,5.059533603489399,,3.6108741851057857,,6.7383356764912605,,0.831414878484793,,2.581132333725691,,1.4533557249524165,,3.3826654497534037,,4.8125,0.0,0.0,0.0,0.0,15597568,9889,7616,476,-81.90068,0.08838815607596189,-0.000731574597011786,-0.04908855184912682,0,0.0,0.0,0.0,,,1.972264132622741,0,0,0.0,-72.97484,-72.97483825683594,0.0,3841.3635130755706
96,1784904492.681033,,4.745948861818761,,3.7060904456302524,,7.31673639267683,,1.3328105132677592,,2.8505159774795175,,1.3469282310688868,,3.4677787497639656,,5.5625,0.0,0.0,0.0,0.0,15761408,9969,7696,481,-87.44448,0.08863649724517017,-0.0015728248996310867,-0.09530034437775611,0,0.0,0.0,0.0,,,1.9535965540822169,0,0,0.0,-62.977913,-62.97791290283203,0.0,3031.1623064993582
97,1784904534.5464435,,6.811990197747946,,3.0732830660417676,,6.5571824461221695,,1.2187955970875919,,2.8390459902584553,,1.6582670728166704,,3.7673879135400057,,4.375,0.0,0.0,0.0,0.0,15925248,10048,7776,486,-80.49642,0.09244424800854176,0.0001724313828162849,-0.12839534059166907,0,0.0,0.0,0.0,,,2.1715006710511067,0,0,0.0,-62.37617,-62.37617111206055,0.0,3913.4963834048785
98,1784904588.1139445,,5.453456339892,,4.22847471665591,,7.486008256673813,,1.3259927014587447,,2.855385453440249,,2.1397043217439204,,3.222335239406675,,4.5625,0.0,0.0,0.0,0.0,16089088,10127,7856,491,-82.935,0.07309186412021518,0.0003060712086153217,-0.18831657338887453,0,0.0,0.0,0.0,,,2.1181746022833385,0,0,0.0,-80.172966,-80.17296600341797,0.0,3058.568807810211
99,1784904642.1196969,,4.407701231539249,,4.011432323604822,,7.439911589026451,,0.7995329796540318,,3.082451964728534,,1.456602697726339,,3.054205779917538,,4.375,0.0,0.0,0.0,0.0,16252928,10204,7936,496,-77.955414,0.07333068181760609,0.00017486728684161789,-0.19194656210020183,0,0.0,0.0,0.0,,,2.21402526379481,0,0,0.0,-67.25159,-67.2515869140625,0.0,3033.751630153193
100,1784904684.99357,,5.984941381029785,,3.7589932198170573,,7.321501262485981,,1.4032474328996614,,3.0673285899683833,,1.2571806879714131,,3.213618933223188,,5.4375,0.0,0.0,0.0,0.0,16416768,10288,8016,501,-87.27465,0.08396474623586983,-4.862357964157127e-05,-0.19671384366229178,0,0.0,0.0,0.0,,,2.1466633313795156,0,0,0.0,-73.546745,-73.54674530029297,0.0,3821.441651048977
101,1784904739.7192564,,5.5414393078535795,,4.626944523770362,,8.455228377133608,,1.3966729829553515,,3.0134235229343176,,1.7543531203409657,,3.001469038426876,,5.375,0.0,0.0,0.0,0.0,16580608,10368,8096,506,-84.46359,0.08105206720065325,0.0008501237258315087,-0.2446075240150094,0,0.0,0.0,0.0,,,2.272827813166443,0,0,0.0,-77.78689,-77.7868881225586,0.0,2993.841246067542
102,1784904795.3191159,,4.650922511646058,,3.5356686147861183,,7.348679918795824,,1.3767053360061254,,3.5582211799919605,,2.1936321386601776,,4.009194057434797,,5.9375,0.0,0.0,0.0,0.0,16744448,10451,8176,511,-83.161,0.09333388153463602,-0.0009092032152693719,-0.29868892915546896,0,0.0,0.0,0.0,,,2.0913894821531214,0,0,0.0,-77.51489,-77.514892578125,0.0,2946.769939151579
103,1784904838.6777284,,2.8108188783517107,,3.4092542668804526,,6.91315146163106,,1.1445436286157928,,2.190392898628488,,1.171944307279773,,3.0555877229198813,,6.375,0.0,0.0,0.0,0.0,16908288,10530,8256,516,-81.489944,0.07860783007927238,0.0003922558986232616,-0.33301362562924625,0,0.0,0.0,0.0,,,2.2187006474274624,0,0,0.0,-75.13161,-75.13160705566406,0.0,3778.717026635881
104,1784904894.722944,,4.0339746698737144,,2.4058503727428615,,7.267042957246304,,1.6129900548548903,,2.821125350892544,,1.4558135106926784,,3.5928326658904552,,5.25,0.0,0.0,0.0,0.0,17072128,10608,8336,521,-82.64785,0.077757084579207,0.00011133102234452962,-0.3370550533756614,0,0.0,0.0,0.0,,,2.3578045788622717,0,0,0.0,-80.40493,-80.4049301147461,0.0,2923.3553975119025
105,1784904938.831345,,4.9515255726873875,,3.836249331361614,,7.668219772167504,,0.7377831553458236,,1.9129252061247826,,1.932106297390419,,3.0427307542413473,,6.375,0.0,0.0,0.0,0.0,17235968,10687,8416,526,-81.94378,0.07099202366080135,-0.0008416485863563139,-0.30923483055084944,0,0.0,0.0,0.0,,,2.2512928426335743,0,0,0.0,-82.6818,-82.68180084228516,0.0,3714.4828979131553
106,1784904995.0081348,,4.993456981610507,,3.7480207695625722,,7.384125674143434,,0.7225198110680253,,2.524984427727759,,1.728607935947366,,2.944051700178534,,4.375,0.0,0.0,0.0,0.0,17399808,10770,8496,531,-81.566895,0.08116278150118887,-0.00021783677802886814,-0.3560807010158896,0,0.0,0.0,0.0,,,2.334575146400836,0,0,0.0,-63.60443,-63.60443115234375,0.0,2916.5068672328207
107,1784905051.6160932,,4.122869120910764,,4.211262636817992,,6.463781893253326,,0.8099115060758777,,2.2063841740600765,,1.3184591813478619,,3.2472009491175413,,6.0625,0.0,0.0,0.0,0.0,17563648,10850,8576,536,-77.555466,0.07560237902216613,-0.0005845244828378782,-0.3855543786659837,0,0.0,0.0,0.0,,,2.2503765166071745,0,0,0.0,-75.68124,-75.68123626708984,0.0,2894.292985182989
108,1784905096.5476553,,4.149062997894362,,3.30537369241938,,7.3783982545137405,,1.3488249143119901,,2.962046628817916,,1.4030280140286777,,3.7076408974826336,,4.125,0.0,0.0,0.0,0.0,17727488,10934,8656,541,-83.959366,0.07975510898977518,-0.00031998482591006906,-0.4070708291605115,0,0.0,0.0,0.0,,,2.2198560473445363,0,0,0.0,-67.64463,-67.6446304321289,0.0,3646.4343957183446
109,1784905154.241434,,5.873752371408045,,3.184254083316773,,6.731294062919915,,1.6349956201156601,,3.3836949011310935,,1.3574309967225417,,2.946938588283956,,6.3125,0.0,0.0,0.0,0.0,17891328,11013,8736,546,-82.92884,0.06663935722317546,0.00030425671284319835,-0.4311840280890465,0,0.0,0.0,0.0,,,2.3774648220665875,0,0,0.0,-66.953354,-66.95335388183594,0.0,2839.8215464277314
110,1784905199.67292,,4.548467375570908,,3.4082517551723868,,6.974322218447924,,0.6978113017976284,,1.998083526850678,,1.8060944628086872,,3.197412951849401,,5.0,0.0,0.0,0.0,0.0,18055168,11092,8816,551,-85.41912,0.08693852028809487,0.0003595322748878971,-0.4688248222693801,0,0.0,0.0,0.0,,,2.299678975505919,0,0,0.0,-73.557175,-73.55717468261719,0.0,3606.3080255943664
111,1784905257.9681945,,5.513454503379762,,3.5317876102635637,,6.58834622008726,,1.0351375007121533,,2.856476728338748,,1.6670249798335135,,3.3021719567477703,,5.4375,0.0,0.0,0.0,0.0,18219008,11169,8896,556,-83.59491,0.08876513380091637,-5.9793016407638786e-05,-0.5346139494329691,0,0.0,0.0,0.0,,,2.4145773974625664,0,0,0.0,-83.36053,-83.36052703857422,0.0,2810.520605961054
112,1784905303.200007,,4.0362032083794475,,3.065420781786088,,6.982573503628373,,0.9927997222985141,,2.1967735048383474,,1.6415073815733194,,2.988901629578322,,6.6875,0.0,0.0,0.0,0.0,18382848,11247,8976,561,-81.42198,0.07727698839735239,0.0016396260019973853,-0.5387045823037624,0,0.0,0.0,0.0,,,2.4809382926914028,0,0,0.0,-63.617188,-63.6171875,0.0,3622.2293319579844
113,1784905361.2557938,,4.91489933046978,,3.6178801103960723,,7.0106592401862144,,0.8197787666904333,,2.7494561532512307,,1.195159325725399,,2.8907206375151873,,5.3125,0.0,0.0,0.0,0.0,18546688,11327,9056,566,-80.31631,0.08090199443977326,-0.0007566755564766936,-0.5688000869005918,0,0.0,0.0,0.0,,,2.1862679246528023,0,0,0.0,-74.4156,-74.41560363769531,0.0,2822.112256304967
114,1784905420.4929242,,4.7757686441764235,,3.610854077269323,,7.564519084990025,,1.1502710659988225,,2.7901298785582185,,1.7663446918595582,,3.974622469395399,,4.375,0.0,0.0,0.0,0.0,18710528,11403,9136,571,-81.6528,0.09050330407917499,-0.00021922415326116606,-0.6110372535884381,0,0.0,0.0,0.0,,,2.302706157465246,0,0,0.0,-90.083984,-90.083984375,0.0,2765.832652176434
115,1784905466.5620365,,5.016732872463763,,4.568206910043955,,7.1200809348374605,,0.7199602140462957,,2.0156293595209718,,1.5859747934155166,,3.212742954492569,,5.8125,0.0,0.0,0.0,0.0,18874368,11481,9216,576,-82.618835,0.08366082161664963,-1.447890535928309e-05,-0.6692422784864902,0,0.0,0.0,0.0,,,2.342285614167099,0,0,0.0,-81.64421,-81.64421081542969,0.0,3556.3963263134874
116,1784905526.7091901,,4.128920380026102,,4.294521339470521,,8.194106183946133,,0.865679779308266,,2.652434059418738,,1.6807396317017265,,3.2709283754229546,,5.25,0.0,0.0,0.0,0.0,19038208,11556,9296,581,-83.83195,0.07015352924354375,0.0011228926436160692,-0.6616211153566838,0,0.0,0.0,0.0,,,2.5552398026787264,0,0,0.0,-74.993164,-74.9931640625,0.0,2723.985585899688
117,1784905573.6886451,,5.4047571937553585,,4.377931917551905,,7.151121273636818,,0.7640401927528728,,2.193884967418853,,1.28701422479935,,2.863865364342928,,5.5625,0.0,0.0,0.0,0.0,19202048,11632,9376,586,-80.84751,0.08315607311669737,-0.0007485760470444802,-0.676187802478671,0,0.0,0.0,0.0,,,2.3001508837500504,0,0,0.0,-62.02654,-62.02653884887695,0.0,3487.4821641417634
118,1784905635.9582,,5.256333345314488,,3.528614225797355,,7.087345505133271,,1.0814902203856036,,2.5206598069053143,,2.1141354288556613,,4.093538848683238,,4.875,0.0,0.0,0.0,0.0,19365888,11708,9456,591,-81.06256,0.07501757428981363,0.0013049385859631002,-0.7158671300858259,0,0.0,0.0,0.0,,,2.7022466763961175,0,0,0.0,-111.33208,-111.33207702636719,0.0,2631.1410705920057
119,1784905682.6589725,,4.3071728374343365,,4.029984987573698,,7.774661667644978,,1.7107592767570168,,2.995942519046366,,1.3188687496585771,,3.3819090807810426,,4.5625,0.0,0.0,0.0,0.0,19529728,11781,9536,596,-82.04656,0.07379667120985686,0.0004529226396698505,-0.7070412956178188,0,0.0,0.0,0.0,,,2.4846224355824944,0,0,0.0,-41.320686,-41.32068634033203,0.0,3508.300075547107
120,1784905745.1817932,,4.8657228401862085,,3.5878153704106808,,7.26505097001791,,1.0419880608969834,,2.4771472613792866,,1.9043402137867815,,3.663767883554101,,5.0625,0.0,0.0,0.0,0.0,19693568,11855,9616,601,-81.1758,0.07540588094852865,-0.00031495498042204416,-0.7087347339838743,0,0.0,0.0,0.0,,,2.2627850012494375,0,0,0.0,-85.2235,-85.22350311279297,0.0,2620.4796750349446
121,1784905793.0565715,,4.144256477302406,,3.3297384064644575,,6.951043643057346,,1.0803895234130323,,2.3639820609241724,,1.7432358802761883,,3.379441136494279,,4.5625,0.0,0.0,0.0,0.0,19857408,11929,9696,606,-80.82965,0.08702888630796224,-0.00011524806468514726,-0.734099643304944,0,0.0,0.0,0.0,,,2.506850690985553,0,0,0.0,-76.44525,-76.44525146484375,0.0,3422.2608576833018
122,1784905855.0227447,,4.5835816219914705,,3.95031371852383,,7.201566770672798,,0.783452665200457,,2.1467545977793634,,1.3247383084672038,,3.1697660591453314,,4.6875,0.0,0.0,0.0,0.0,20021248,12003,9776,611,-79.48124,0.08411670092027634,0.0009502071123279165,-0.7754902806133032,0,0.0,0.0,0.0,,,2.5386770000672825,0,0,0.0,-74.35897,-74.35897064208984,0.0,2644.0233475448613
123,1784905902.4353092,,6.489151109708473,,3.3173005853313953,,6.954831779003143,,1.4343763666693121,,2.9865882312878966,,1.7945933461305685,,3.3468198403716087,,4.6875,0.0,0.0,0.0,0.0,20185088,12078,9856,616,-80.61963,0.07711774783674627,0.00021842130809091032,-0.836613854020834,0,0.0,0.0,0.0,,,2.4901944740354756,0,0,0.0,-85.23689,-85.23689270019531,0.0,3455.6251080553984
124,1784905963.2805648,,4.5857091108337045,,3.407058323500678,,7.413832296151668,,0.9940017639746657,,2.7790637221187353,,1.6408118524122983,,3.0371995456516743,,4.75,0.0,0.0,0.0,0.0,20348928,12155,9936,621,-85.311516,0.06472122785635293,0.0010360308529925532,-0.8481590289622545,0,0.0,0.0,0.0,,,2.633422245246626,0,0,0.0,-81.251434,-81.25143432617188,0.0,2692.731585354467
125,1784906010.9156184,,4.922264565248042,,3.5755816916935146,,7.085434126202017,,1.3624118236475624,,2.6325186248868704,,1.9338374660583213,,3.283141602296382,,5.1875,0.0,0.0,0.0,0.0,20512768,12231,10016,626,-82.74674,0.07727841334417462,-0.00145592188637238,-0.8450575474649668,0,0.0,0.0,0.0,,,2.307477233554919,0,0,0.0,-69.04861,-69.0486068725586,0.0,3439.4850038349523
126,1784906072.973553,,4.893140078056604,,3.1162281846627593,,7.168394457548857,,1.2697849451797083,,2.928881859406829,,1.7736463801702484,,3.1779671739786863,,5.125,0.0,0.0,0.0,0.0,20676608,12311,10096,631,-80.79244,0.07741108001209795,-0.0005142503796378151,-0.8831977665424346,0,0.0,0.0,0.0,,,2.5781691787029324,0,0,0.0,-66.34209,-66.34208679199219,0.0,2640.113019285422
127,1784906120.6486046,,3.800427336827852,,3.8990008790278807,,8.048122990876436,,1.6382906732178526,,3.4537488222122192,,1.4863320549193304,,3.1535106478258967,,4.875,0.0,0.0,0.0,0.0,20840448,12381,10176,636,-76.89693,0.07181240066420287,0.0009518713988654782,-0.8843907818198204,0,0.0,0.0,0.0,,,2.501211612651376,0,0,0.0,-68.10771,-68.10771179199219,0.0,3436.5982029935017
128,1784906183.1167033,,4.258941859006882,,3.7478766962885857,,7.741789137944579,,1.0741223662625998,,1.884220375213772,,1.7932465020567179,,3.177138017490506,,6.5,0.0,0.0,0.0,0.0,21004288,12452,10256,641,-79.88902,0.06997707250993698,0.0006315317674307153,-0.9185946602374315,0,0.0,0.0,0.0,,,2.6788222261162096,0,0,0.0,-89.436966,-89.43696594238281,0.0,2622.7789372501197
129,1784906230.7927668,,4.822171172563685,,4.2174948076717556,,6.769259292632341,,1.8939467982272618,,3.634715750813484,,1.8789488630136475,,3.4327939292415977,,5.8125,0.0,0.0,0.0,0.0,21168128,12528,10336,646,-82.81361,0.07479154686443508,-0.0007773714503855444,-0.9428230777382851,0,0.0,0.0,0.0,,,2.4028327772580758,0,0,0.0,-70.446106,-70.44610595703125,0.0,3436.5274454221444
130,1784906293.792531,,4.787353946594521,,4.524673334090039,,7.476656194776297,,1.1284242696274305,,3.0948080588132143,,1.6306056815665215,,3.197701256722212,,5.1875,0.0,0.0,0.0,0.0,21331968,12602,10416,651,-83.03551,0.07003434966318309,0.0006851155420008581,-0.9429587457329035,0,0.0,0.0,0.0,,,2.546801998707126,0,0,0.0,-81.35099,-81.35099029541016,0.0,2600.6434887228593
131,1784906342.9744415,,5.25228681974113,,4.128729100048076,,7.018312350846827,,1.3436046914284816,,2.860102243721485,,0.9874167243833654,,2.8418376483023167,,5.75,0.0,0.0,0.0,0.0,21495808,12676,10496,656,-81.208595,0.08004366632085294,-0.0006192572822328657,-0.9719330031424761,0,0.0,0.0,0.0,,,2.5961625579312817,0,0,0.0,-71.40367,-71.40367126464844,0.0,3331.305654969875
132,1784906406.4222353,,5.032736868597567,,3.5751758608967066,,7.0838219858706,,1.271040522842668,,2.656402455177158,,1.2578433915041387,,2.8485070914030075,,5.0,0.0,0.0,0.0,0.0,21659648,12752,10576,661,-83.767784,0.07521157513838261,0.00032058603828772904,-0.9944570861756802,0,0.0,0.0,0.0,,,2.657590985222289,0,0,0.0,-67.773705,-67.7737045288086,0.0,2582.280501619727
133,1784906454.6883597,,4.262551006977446,,3.3441435685381293,,7.332539483904839,,0.9575116462656297,,2.471440085209906,,1.4345780675648712,,3.2819680380634964,,4.9375,0.0,0.0,0.0,0.0,21823488,12827,10656,666,-85.39518,0.07539339282084256,0.00020634956381400117,-1.0543111570179462,0,0.0,0.0,0.0,,,2.688240175843997,0,0,0.0,-65.840805,-65.84080505371094,0.0,3394.5132687740593
134,1784906517.1803265,,6.270638192072511,,2.9391037672758102,,6.614190489053726,,1.2608678068500012,,2.1829204267123714,,1.610392442671582,,4.004579819738865,,4.5625,0.0,0.0,0.0,0.0,21987328,12903,10736,671,-80.09726,0.07874378494452686,0.0011985606295638717,-1.1075419835746287,0,0.0,0.0,0.0,,,2.9046784419909395,0,0,0.0,-80.63789,-80.63789367675781,0.0,2621.777653290352
135,1784906564.7438827,,5.119176599546336,,4.242722245398909,,8.08500936254859,,1.2534696629154496,,2.3339251102879643,,1.799550728756003,,3.4946802584454417,,5.625,0.0,0.0,0.0,0.0,22151168,12980,10816,676,-80.08089,0.08394704987294972,0.00043033273977926,-1.1312354788184167,0,0.0,0.0,0.0,,,2.6247239480240716,0,0,0.0,-72.17161,-72.1716079711914,0.0,3444.6533454789305
136,1784906628.0754533,,3.5269710200373083,,3.500230726785958,,6.308725751005113,,1.1083131685154513,,2.78473132988438,,1.1308313952758908,,3.007857627235353,,3.6875,0.0,0.0,0.0,0.0,22315008,13057,10896,681,-81.68825,0.07970289748627693,0.0009817731086513958,-1.184411457926035,0,0.0,0.0,0.0,,,2.667263887511684,0,0,0.0,-74.537186,-74.53718566894531,0.0,2587.0196614737433
137,1784906676.1731677,,4.779671740252525,,1.9651936797890812,,7.083957870490849,,1.153544681146741,,3.01851645228453,,0.9694018997106468,,3.2098345179110765,,5.3125,0.0,0.0,0.0,0.0,22478848,13133,10976,686,-79.37784,0.08542840699665248,0.0008691834591445513,-1.192738239467144,0,0.0,0.0,0.0,,,2.7525318590661123,0,0,0.0,-81.774765,-81.77476501464844,0.0,3406.3985787330753
138,1784906740.0724273,,5.1322325703222305,,3.5210318421013653,,7.203677492216229,,1.09106311450887,,2.6783949369564652,,1.813856057196972,,3.0905102286487818,,5.9375,0.0,0.0,0.0,0.0,22642688,13210,11056,691,-78.73699,0.08016991515178233,0.0016852470311278013,-1.2358959510922432,0,0.0,0.0,0.0,,,3.1660909799687746,0,0,0.0,-86.06307,-86.06307220458984,0.0,2564.036649273155
139,1784906788.2898288,,5.1074976194649935,,3.8728810037719086,,7.581888101994991,,1.3501461315900087,,2.754634516313672,,1.6896246693795547,,3.7146387714892626,,5.0,0.0,0.0,0.0,0.0,22806528,13286,11136,696,-80.2469,0.08540012415032834,0.0009834309166762978,-1.2418981865048409,0,0.0,0.0,0.0,,,2.8437132397626677,0,0,0.0,-77.15642,-77.15641784667969,0.0,3397.9437038834885
140,1784906851.545178,,4.757453356869519,,3.665307611518074,,7.133569736033678,,0.9512354992330074,,2.4478348647244275,,1.5629782248288393,,3.012428912334144,,5.4375,0.0,0.0,0.0,0.0,22970368,13364,11216,701,-78.99708,0.08358972775749862,0.0004483254277147353,-1.2841129377484322,0,0.0,0.0,0.0,,,2.7742959923196233,0,0,0.0,-74.736,-74.73600006103516,0.0,2590.136668195838
141,1784906900.5522509,,5.038532568141818,,3.0572070836205967,,7.376721128821373,,1.24086212948896,,2.9310001665726304,,1.5043963881907985,,3.342772168107331,,5.3125,0.0,0.0,0.0,0.0,23134208,13440,11296,706,-77.92344,0.09442663481459021,0.0010125186730874703,-1.3176384024322032,0,0.0,0.0,0.0,,,2.812256097414059,0,0,0.0,-84.959755,-84.95975494384766,0.0,3343.1904534855626
142,1784906964.9115617,,6.055740835145116,,4.0857161895837635,,7.309603504836559,,1.2730999248014996,,3.008371824398637,,1.5990754927042872,,2.923654743935913,,4.625,0.0,0.0,0.0,0.0,23298048,13518,11376,711,-80.36757,0.09065390161704272,-0.0006356951278576161,-1.3406815759837627,0,0.0,0.0,0.0,,,2.81514594843003,0,0,0.0,-79.49418,-79.49417877197266,0.0,2545.7070672901496
143,1784907014.301851,,5.11525203473866,,3.075764747336507,,7.68202600069344,,1.1704785912297666,,2.1817837050184608,,1.5643194533186033,,3.3569794753566384,,5.6875,0.0,0.0,0.0,0.0,23461888,13593,11456,716,-80.54456,0.08434191823471338,-0.0005135837018315215,-1.364121564477682,0,0.0,0.0,0.0,,,2.8918509415656297,0,0,0.0,-68.48378,-68.48377990722656,0.0,3317.2512645121224
144,1784907079.183307,,5.699574998579919,,3.32232998451218,,7.905057091265917,,1.0031122312648222,,2.269609321374446,,0.9611602104268968,,3.09209069237113,,5.25,0.0,0.0,0.0,0.0,23625728,13668,11536,721,-78.98903,0.08044229245278985,-0.0003752227072254755,-1.390231816470623,0,0.0,0.0,0.0,,,2.8418311506228666,0,0,0.0,-63.733013,-63.73301315307617,0.0,2525.2216390766744
145,1784907129.1631484,,3.4009223710745573,,5.117790556396358,,7.719917446374893,,1.0671702682157047,,2.3848556517623365,,1.9842343591153622,,3.4934856556355953,,6.25,0.0,0.0,0.0,0.0,23789568,13743,11616,726,-80.75282,0.07973856853786856,6.218425987754017e-05,-1.38938545063138,0,0.0,0.0,0.0,,,2.9799635862313094,0,0,0.0,-68.446205,-68.44620513916016,0.0,3278.120134184628
146,1784907195.3362222,,5.8039956970606,,3.5017787874676287,,7.463257219642401,,1.1525111067749094,,2.941268899012357,,1.2658448959700763,,2.5689242966473103,,4.875,0.0,0.0,0.0,0.0,23953408,13817,11696,731,-82.65413,0.0832616352941841,6.794889777665958e-05,-1.4064792811870575,0,0.0,0.0,0.0,,,2.86408566126524,0,0,0.0,-63.60919,-63.60919189453125,0.0,2475.932727806069
147,1784907246.103785,,5.60833316296339,,3.262782715028152,,7.426500357687473,,1.5400416450574994,,3.002459076233208,,2.112076901830733,,3.4255658742040396,,4.8125,0.0,0.0,0.0,0.0,24117248,13890,11776,736,-80.13759,0.0902394860982895,-0.00042508233309490606,-1.4179869577288629,0,0.0,0.0,0.0,,,2.688364571326159,0,0,0.0,-48.189312,-48.18931198120117,0.0,3227.255477973318
148,1784907312.9433558,,3.755014401394874,,3.77302146400325,,6.9967724941670895,,1.36055700815632,,2.1514801066950895,,1.492037810094189,,2.990034823305905,,4.375,0.0,0.0,0.0,0.0,24281088,13965,11856,741,-77.36595,0.0740581592079252,0.0008794315835984889,-1.4302362367510795,0,0.0,0.0,0.0,,,3.2137636588257505,0,0,0.0,-95.889534,-95.88953399658203,0.0,2451.242605368464
149,1784907363.07849,,4.957357143284753,,4.295766153372824,,7.449931483715773,,0.8552260615397245,,1.9526305608451366,,1.583421955583617,,3.3914735913276672,,6.0,0.0,0.0,0.0,0.0,24444928,14043,11936,746,-83.96422,0.0844357266323641,-2.4779510567896068e-05,-1.4669221058487891,0,0.0,0.0,0.0,,,3.1007160842293153,0,0,0.0,-76.60107,-76.60106658935547,0.0,3267.9677564851922
150,1784907430.100188,,4.161904321517795,,2.998081369441934,,7.048525661230087,,1.0048987646587193,,2.6257467502728105,,1.6762089500844013,,3.4983595088124275,,5.1875,0.0,0.0,0.0,0.0,24608768,14119,12016,751,-81.82191,0.08822363016661257,0.0001752386655425653,-1.4624933056533336,0,0.0,0.0,0.0,,,2.9257258814953913,0,0,0.0,-78.14106,-78.14105987548828,0.0,2444.5845470373433
151,1784907496.384835,,4.373464500458795,,2.798065541428514,,6.930797267705202,,1.0449632940617448,,2.7055508899502456,,1.5795800516207237,,3.3375972975045443,,4.8125,0.0,0.0,0.0,0.0,24772608,14202,12096,756,-82.98371,0.10646091196686029,-0.0001314084176556207,-1.483287812769413,0,0.0,0.0,0.0,,,2.9950435388605086,0,0,0.0,-67.79365,-67.79364776611328,0.0,2471.760956264645
152,1784907546.5984018,,3.7089517689310014,,4.375581815838814,,8.446778692305088,,0.5936583234870341,,2.1645574120339006,,1.8016895250184461,,3.4243127005174756,,4.9375,0.0,0.0,0.0,0.0,24936448,14277,12176,761,-76.529076,0.0691023925319314,0.0014835983238299377,-1.5254124641418456,0,0.0,0.0,0.0,,,3.257882532915932,0,0,0.0,-81.19926,-81.19925689697266,0.0,3262.8629927216184
153,1784907614.9283254,,3.5343308106530458,,4.196429171133786,,7.6592387072741985,,0.861600085045211,,2.0217350125312805,,1.844192607095465,,3.3423961512744427,,4.8125,0.0,0.0,0.0,0.0,25100288,14352,12256,766,-80.26372,0.08279114686883986,0.0015184545089141465,-1.5556435354053975,0,0.0,0.0,0.0,,,3.193173331290335,0,0,0.0,-39.08893,-39.08892822265625,0.0,2397.778095076971
154,1784907665.8582814,,5.6153167970478535,,3.7562697869725525,,6.74022264778614,,1.0331674350891262,,2.6584952231496572,,1.6765886910525296,,3.1632102001458406,,3.6875,0.0,0.0,0.0,0.0,25264128,14427,12336,771,-81.04027,0.08086510952562094,0.0005313177738571539,-1.569856309890747,0,0.0,0.0,0.0,,,2.946518552990213,0,0,0.0,-81.57223,-81.57222747802734,0.0,3216.9677457677544
155,1784907733.4582195,,5.884500234387815,,3.8019475254259305,,6.850487539777532,,1.4866238161630463,,3.2386955805122852,,1.9173614651663229,,3.602058542892337,,4.1875,0.0,0.0,0.0,0.0,25427968,14501,12416,776,-81.133865,0.09648120501078665,0.0010890377096075099,-1.5850581273436546,0,0.0,0.0,0.0,,,2.991936753437466,0,0,0.0,-77.08096,-77.08096313476562,0.0,2423.6713938995485
156,1784907785.1252446,,3.208344529848546,,3.8367896620184183,,7.269560843706131,,0.8442858529451769,,2.2799679334275424,,1.193277778220363,,3.217074046842754,,4.3125,0.0,0.0,0.0,0.0,25591808,14576,12496,781,-82.31665,0.08775548674166203,0.0008989996626041829,-1.6073507994413376,0,0.0,0.0,0.0,,,3.130825738142735,0,0,0.0,-64.66129,-64.66129302978516,0.0,3171.0751921009837
157,1784907851.9662735,,3.994602430611849,,3.6302342219278216,,7.174879340454936,,1.4948226581327617,,2.815832580672577,,1.8330671891271777,,3.5561889223754406,,5.4375,0.0,0.0,0.0,0.0,25755648,14651,12576,786,-81.402084,0.07071234879549593,0.001440666741109453,-1.6491661086678504,0,0.0,0.0,0.0,,,3.178702950214203,0,0,0.0,-77.74919,-77.74919128417969,0.0,2451.1894493108225
158,1784907900.6833174,,6.543955495581031,,4.012500625103712,,7.093159817159176,,1.6061123623512685,,2.6217503752559423,,1.8702328111976385,,3.032865959685296,,5.4375,0.0,0.0,0.0,0.0,25919488,14727,12656,791,-82.80931,0.07465574168600142,7.44778590160422e-05,-1.6266630232334136,0,0.0,0.0,0.0,,,2.997089211726054,0,0,0.0,-70.281876,-70.28187561035156,0.0,3363.0925713886522
159,1784907968.3877418,,6.370948322000913,,5.007645795121789,,8.159602358937263,,0.9416106116259471,,2.5231321761384606,,1.4477270806673914,,2.7914072712883353,,5.1875,0.0,0.0,0.0,0.0,26083328,14801,12736,796,-79.04323,0.08089309858623892,0.001631345067289658,-1.6713690035045148,0,0.0,0.0,0.0,,,3.015943763726157,0,0,0.0,-67.41839,-67.41838836669922,0.0,2419.929684382009
160,1784908019.0050533,,5.343370861373842,,3.7146897753700614,,7.693599537014961,,1.0197665099985898,,2.224187282845378,,1.856982511235401,,3.5308463871479034,,5.6875,0.0,0.0,0.0,0.0,26247168,14877,12816,801,-79.04347,0.08568451709579676,0.0007947201374918222,-1.6863131299614906,0,0.0,0.0,0.0,,,3.1660182844231324,0,0,0.0,-61.582653,-61.5826530456543,0.0,3236.838010161001
161,1784908087.8373206,,6.34431816637516,,3.708819290623069,,7.73619931191206,,1.3780877859858265,,3.0848343204706907,,1.920358948991634,,3.4538879757747054,,3.9375,0.0,0.0,0.0,0.0,26411008,14952,12896,806,-78.37956,0.0784642392070964,0.0010429178961203433,-1.7374576419591903,0,0.0,0.0,0.0,,,3.284873519031771,0,0,0.0,-62.257374,-62.25737380981445,0.0,2380.279861990461
162,1784908138.2671478,,3.3949249901343137,,5.131492838263512,,8.077245354652405,,0.8511675053159706,,2.5629658065736294,,1.0593217925634235,,2.9016159987077117,,4.1875,0.0,0.0,0.0,0.0,26574848,15027,12976,811,-82.55,0.0754472972592339,0.00039701216301182287,-1.7950255431234836,0,0.0,0.0,0.0,,,3.065267021269866,0,0,0.0,-89.31543,-89.3154296875,0.0,3248.8689174509436
163,1784908206.610209,,3.24743883087649,,3.552283104509115,,7.28719063103199,,0.9447576411184855,,2.5856108381412923,,1.5621228545205668,,2.8872052009683102,,5.0,0.0,0.0,0.0,0.0,26738688,15107,13056,816,-78.42607,0.08613941948860884,0.0003648670070106164,-1.8075394444167614,0,0.0,0.0,0.0,,,3.4044800696753157,0,0,0.0,-82.13526,-82.13526153564453,0.0,2397.3170640171256
164,1784908258.184893,,4.895026623271406,,3.128202494699508,,7.557319421321154,,1.2383931613294408,,3.2667473517358303,,1.5918970631901175,,3.209796256851405,,5.9375,0.0,0.0,0.0,0.0,26902528,15189,13136,821,-79.38926,0.09266632681246847,0.0007429624201904517,-1.813450312614441,0,0.0,0.0,0.0,,,3.168105239639965,0,0,0.0,-66.27627,-66.2762680053711,0.0,3176.7532101463385
165,1784908327.2216318,,4.863582957186736,,4.2587554501369596,,7.650426998734474,,1.3892432861030102,,2.430135435424745,,1.6979183768853545,,3.049798239953816,,5.625,0.0,0.0,0.0,0.0,27066368,15263,13216,826,-79.96586,0.06875124489888548,0.0011206962619326078,-1.8534394733607769,0,0.0,0.0,0.0,,,3.2766417047139704,0,0,0.0,-79.834915,-79.83491516113281,0.0,2373.2287891666992
166,1784908378.339798,,5.198696574661881,,3.114834581501782,,6.535445526242256,,1.201644440589007,,2.917055976577103,,1.7812054383102804,,3.4094926342368126,,5.875,0.0,0.0,0.0,0.0,27230208,15339,13296,831,-81.97047,0.06775771286338568,5.92387281358242e-05,-1.8215692214667798,0,0.0,0.0,0.0,,,3.2677075321426075,0,0,0.0,-76.18599,-76.18598937988281,0.0,3205.123658535042
167,1784908447.9314356,,4.279220935422927,,3.3483546058414504,,6.4326635748147964,,1.3109376109787263,,2.880608004052192,,1.6440141014754772,,3.2479318231344223,,4.8125,0.0,0.0,0.0,0.0,27394048,15416,13376,836,-80.351265,0.09109383919276297,0.0004280835186364129,-1.8079742543399333,0,0.0,0.0,0.0,,,3.099829764837527,0,0,0.0,-78.1617,-78.16169738769531,0.0,2354.305350493979
168,1784908499.5230803,,4.741727913497016,,4.187692543491721,,7.208960093557835,,1.0120814596302807,,2.665437231771648,,1.6011231392621994,,2.9792981478385627,,5.4375,0.0,0.0,0.0,0.0,27557888,15491,13456,841,-79.21999,0.08226309285964817,0.0008312430683872663,-1.8378552518785,0,0.0,0.0,0.0,,,3.211542977180129,0,0,0.0,-71.93296,-71.9329605102539,0.0,3175.7080503944517
169,1784908569.859327,,4.620797079987824,,4.090347459423356,,7.664042320102453,,1.016658705775626,,2.6258219219744205,,1.77587159560062,,3.3632410084828734,,4.625,0.0,0.0,0.0,0.0,27721728,15569,13536,846,-80.364624,0.08575478268321604,-0.0005471758908242918,-1.8833493791520595,0,0.0,0.0,0.0,,,3.003559290974671,0,0,0.0,-90.20962,-90.2096176147461,0.0,2329.3857150073345
170,1784908621.4828641,,3.035835000046063,,2.6370557831251062,,5.655931271612644,,1.480997207108885,,2.525610108859837,,1.5431653248379007,,3.5483175050467253,,4.375,0.0,0.0,0.0,0.0,27885568,15646,13616,851,-80.2711,0.0737276253523305,0.00013875306030968203,-1.8539067082107068,0,0.0,0.0,0.0,,,3.205394942588722,0,0,0.0,-72.72228,-72.72228240966797,0.0,3173.7399200621508
171,1784908691.8497856,,5.949890138581395,,4.1972355952020735,,7.071578148752451,,1.0678224093135213,,2.725368009414524,,1.9523049058625475,,3.1900286953896284,,5.75,0.0,0.0,0.0,0.0,28049408,15722,13696,856,-83.224434,0.0823228536406532,0.002250715401896741,-1.8066815920174122,0,0.0,0.0,0.0,,,3.3208591612251674,0,0,0.0,-76.7373,-76.73729705810547,0.0,2328.3676706132587
172,1784908763.806077,,4.202406597787558,,3.6582886503310874,,7.7808718383312225,,1.4627979445504025,,2.431410765275359,,1.2215608547558077,,3.0860476079396904,,4.625,0.0,0.0,0.0,0.0,28213248,15801,13776,861,-83.18187,0.07322404352016747,-0.0007349627961957594,-1.7723548643290996,0,0.0,0.0,0.0,,,2.9695235849826176,0,0,0.0,-68.330605,-68.33060455322266,0.0,2276.936966319088
173,1784908815.5948884,,5.59992459602654,,4.070404169615358,,7.38604262471199,,1.2298883066978306,,2.494539248291403,,1.1118159763282165,,3.0181708931922913,,4.8125,0.0,0.0,0.0,0.0,28377088,15882,13856,866,-81.568665,0.08141249604523182,0.000933216010525939,-1.7779253527522088,0,0.0,0.0,0.0,,,3.398164811767341,0,0,0.0,-82.35394,-82.35394287109375,0.0,3163.6198198595766
174,1784908886.515388,,5.166052358690649,,3.5656576324254274,,6.628531590104103,,0.9465516963973641,,2.3306629830040038,,2.302316266577691,,3.691248344257474,,4.25,0.0,0.0,0.0,0.0,28540928,15962,13936,871,-83.37831,0.07766357213258743,-0.0004484959426918067,-1.797724799066782,0,0.0,0.0,0.0,,,3.035150603045033,0,0,0.0,-73.98781,-73.98780822753906,0.0,2310.192025163153
175,1784908938.206763,,5.787813635542989,,4.111680714413524,,7.104852823540568,,0.990528562979307,,2.1919350721873343,,1.8414425221271813,,3.8119426229968667,,4.125,0.0,0.0,0.0,0.0,28704768,16039,14016,876,-79.269554,0.077834098553285,0.00020333734501036814,-1.806027629226446,0,0.0,0.0,0.0,,,3.165343856795734,0,0,0.0,-80.18776,-80.18775939941406,0.0,3169.5791459987154
176,1784909007.9694145,,4.597384468652308,,2.306261017874931,,6.635527438484132,,1.7865745970630087,,3.4321670630015433,,1.3643799687270075,,3.004861893132329,,4.0625,0.0,0.0,0.0,0.0,28868608,16118,14096,881,-80.37679,0.07772022418212146,0.00015722622774774208,-1.8286435633897782,0,0.0,0.0,0.0,,,3.140050829907584,0,0,0.0,-91.53645,-91.53645324707031,0.0,2348.5356727325147
177,1784909058.7497973,,4.133093359414488,,3.5084730602102354,,7.337168538942933,,0.7567516510607675,,2.163564444053918,,1.5296476637013257,,3.9695660024881363,,5.6875,0.0,0.0,0.0,0.0,29032448,16199,14176,886,-83.37901,0.08880397733300924,0.00013507735275197774,-1.8808750443160533,0,0.0,0.0,0.0,,,3.3051490492566287,0,0,0.0,-77.66753,-77.66752624511719,0.0,3226.4408218641556
178,1784909129.5784893,,6.036412343382835,,4.110111708578188,,7.858327049762011,,0.7762265284691239,,1.9085772056132555,,1.335276665049605,,2.9790711402893066,,5.0,0.0,0.0,0.0,0.0,29196288,16283,14256,891,-79.20958,0.08576312453951687,0.00022044106590328737,-1.8946513555943967,0,0.0,0.0,0.0,,,3.0949235205658936,0,0,0.0,-75.75806,-75.758056640625,0.0,2313.186740445318
179,1784909200.432402,,5.699575018370524,,4.5017051114700735,,8.257241509854794,,1.341003034322057,,2.6293132081627846,,2.0697281160391867,,3.5279920510947704,,4.875,0.0,0.0,0.0,0.0,29360128,16361,14336,896,-76.21553,0.08856880075763911,0.00044456763425841926,-1.9162945397198201,0,0.0,0.0,0.0,,,3.0494329317491036,0,0,0.0,-88.89371,-88.89370727539062,0.0,2312.3635486440235
180,1784909254.121909,,4.8168208776041865,,3.9439615327864885,,6.841233242303133,,1.0545716318301857,,3.0445498833432794,,1.8600274488562718,,3.16486862488091,,5.25,0.0,0.0,0.0,0.0,29523968,16445,14416,901,-83.64393,0.07975448304787278,0.0007869385357480496,-1.9582472316920758,0,0.0,0.0,0.0,,,3.3808919074843886,0,0,0.0,-81.940186,-81.940185546875,0.0,3051.620905412745
181,1784909326.641549,,4.942114396253601,,2.746983616380021,,6.08738015871495,,0.7914031291147694,,2.1732534444890916,,1.4855791855370626,,2.8102934872731566,,4.875,0.0,0.0,0.0,0.0,29687808,16526,14496,906,-79.81903,0.0728053004713729,-5.9433936257846653e-05,-1.9655628629028796,0,0.0,0.0,0.0,,,3.309133895096848,0,0,0.0,-65.926926,-65.92692565917969,0.0,2259.249872766708
182,1784909399.4588704,,5.3907676273956895,,3.680968845728785,,7.6783378049731255,,1.3299659395124763,,2.8097536810673773,,1.6819279384799302,,2.876839416567236,,5.375,0.0,0.0,0.0,0.0,29851648,16606,14576,911,-82.15934,0.08895831417758018,0.00012185458326712251,-1.9558991923928262,0,0.0,0.0,0.0,,,2.9891328932979198,0,0,0.0,-84.03496,-84.03495788574219,0.0,2250.014067027608
183,1784909452.935901,,5.126477777957916,,5.202087378129363,,7.189868111163378,,1.0644072139984928,,2.7655901294201612,,1.7179218243109062,,4.031608430668712,,4.625,0.0,0.0,0.0,0.0,30015488,16691,14656,916,-82.80261,0.07933956461492926,0.0006945728375285399,-1.9513327702879906,0,0.0,0.0,0.0,,,3.3295204773995977,0,0,0.0,-64.09161,-64.09161376953125,0.0,3063.745173661853
184,1784909526.0159867,,5.263162937480956,,4.126436293590814,,6.851629372686148,,0.686080248124199,,2.3058353853411973,,1.7494544158762437,,3.4851661883294582,,4.6875,0.0,0.0,0.0,0.0,30179328,16768,14736,921,-80.84801,0.07944361530244351,0.0004856747793382965,-1.9652216345071793,0,0.0,0.0,0.0,,,3.09914691476924,0,0,0.0,-81.3459,-81.34590148925781,0.0,2241.9239618218476
185,1784909579.4708703,,4.4750482036033645,,4.934413079172373,,7.2962164878845215,,0.6785043684067205,,2.1424733742605895,,1.6034814366139472,,3.190710199996829,,4.5,0.0,0.0,0.0,0.0,30343168,16846,14816,926,-81.52037,0.08956533095333725,0.0002893819779274054,-2.000883474200964,0,0.0,0.0,0.0,,,3.2528874461850874,0,0,0.0,-68.09267,-68.09266662597656,0.0,3065.0149719080864
186,1784909651.6044366,,5.606363934930414,,3.7282212334685028,,7.27235296741128,,0.8736876218608813,,2.023571743629873,,2.3841759702190757,,3.799010245129466,,4.625,0.0,0.0,0.0,0.0,30507008,16923,14896,931,-81.32541,0.08641072828322649,-0.0008886871430149768,-2.0192816823720934,0,0.0,0.0,0.0,,,3.013366430666184,0,0,0.0,-60.811695,-60.81169509887695,0.0,2271.3419709887808
187,1784909725.111434,,4.940921096131206,,2.7149799931794405,,8.020686190575361,,1.063876865664497,,2.107772408053279,,1.860794813837856,,3.6383829545229673,,4.75,0.0,0.0,0.0,0.0,30670848,17002,14976,936,-75.66224,0.08544517403934151,-0.0001045476266881451,-2.0793668434023855,0,0.0,0.0,0.0,,,3.4282465937471374,0,0,0.0,-55.08201,-55.082008361816406,0.0,2228.903839622056
188,1784909779.062032,,6.140374997630715,,4.764705841662362,,7.651927564293146,,1.2468302609340753,,2.2588989604264498,,1.4080038364045322,,3.099444340914488,,6.25,0.0,0.0,0.0,0.0,30834688,17081,15056,941,-81.15685,0.07563701921608298,0.00014974748410168104,-2.113244055211544,0,0.0,0.0,0.0,,,3.269620950784774,0,0,0.0,-76.88988,-76.88987731933594,0.0,3036.8517676602205
189,1784909852.9902174,,4.125958357471973,,3.791437531763222,,8.230271451175213,,0.6914192525437102,,1.9396239309571683,,1.3663103323779069,,3.403431153856218,,4.1875,0.0,0.0,0.0,0.0,30998528,17162,15136,946,-82.484665,0.08987902521621435,0.0014169039168336894,-2.1323382303118708,0,0.0,0.0,0.0,,,3.3883939295391756,0,0,0.0,-70.546265,-70.5462646484375,0.0,2216.2047577721696
190,1784909906.6301851,,3.4257780098414514,,4.743901531037409,,7.569726724177599,,1.0121487625292502,,2.3511075135320425,,1.904810261912644,,3.7120568566024303,,5.5,0.0,0.0,0.0,0.0,31162368,17240,15216,951,-81.49766,0.08095297419931739,0.000333859021338867,-2.155509540438652,0,0.0,0.0,0.0,,,3.2262822484906435,0,0,0.0,-51.772133,-51.772132873535156,0.0,3054.440908214327
191,1784909980.7959054,,4.9541299138218164,,4.319640235044062,,7.51038433983922,,0.9992366395090357,,2.39234431181103,,1.8870002217590809,,3.349087368696928,,5.25,0.0,0.0,0.0,0.0,31326208,17320,15296,956,-77.99501,0.09582504499703645,0.00035166227899026127,-2.1368373438715933,0,0.0,0.0,0.0,,,3.3802504647697686,0,0,0.0,-79.80052,-79.80052185058594,0.0,2209.1058955208837
192,1784910055.9654067,,4.0588739537633955,,2.727743841242045,,6.542833335697651,,1.5798072901088744,,2.8914523031562567,,1.2424109585117549,,3.0912229605019093,,4.25,0.0,0.0,0.0,0.0,31490048,17404,15376,961,-82.49144,0.08722413622308522,0.001572522685455624,-2.13911754488945,0,0.0,0.0,0.0,,,3.271961577718507,0,0,0.0,-71.748604,-71.74860382080078,0.0,2179.608026867539
193,1784910109.8469994,,4.5585141982883215,,2.369325285544619,,5.8981803804636,,0.8614106639288366,,1.915833154344,,1.6369233466684818,,3.392110839486122,,4.9375,0.0,0.0,0.0,0.0,31653888,17487,15456,966,-79.5233,0.0768838181393221,0.0003490098984912038,-2.163015092909336,0,0.0,0.0,0.0,,,3.455946624089156,0,0,0.0,-64.92418,-64.92417907714844,0.0,3040.740580094136
194,1784910183.9347286,,4.64983968064189,,4.8796013137325644,,7.824263796210289,,1.1659415203030221,,3.047307999804616,,1.4562395514803939,,3.712651766836643,,4.8125,0.0,0.0,0.0,0.0,31817728,17567,15536,971,-82.97689,0.09175170313101262,0.0007003055899986066,-2.1521636217832567,0,0.0,0.0,0.0,,,3.33743891376474,0,0,0.0,-69.15016,-69.15016174316406,0.0,2211.432047980062
195,1784910238.1480107,,6.61850830540061,,3.8442948111332953,,7.098435135558248,,1.140107968240045,,2.781274071894586,,1.673982092179358,,3.358290249016136,,4.9375,0.0,0.0,0.0,0.0,31981568,17647,15616,976,-78.98986,0.07334767507854849,0.0014494918015770964,-2.1904540374875068,0,0.0,0.0,0.0,,,3.4134254010359064,0,0,0.0,-68.812096,-68.81209564208984,0.0,3022.138493030039
196,1784910313.216937,,3.969854155438952,,3.8478432601550594,,8.198647033423185,,1.12986974985688,,2.5963606825098395,,1.6144279052969068,,3.2022377010434866,,5.8125,0.0,0.0,0.0,0.0,32145408,17724,15696,981,-80.742325,0.0795252317097038,0.0017274633937631734,-2.151921992003918,0,0.0,0.0,0.0,,,3.6206363004662756,0,0,0.0,-78.40444,-78.4044418334961,0.0,2182.527093667469
197,1784910387.5674868,,5.392897627316415,,4.026783318258822,,7.653072327375412,,0.7579004889703356,,2.6601097942329943,,1.5857495568343438,,3.14293191768229,,4.1875,0.0,0.0,0.0,0.0,32309248,17803,15776,986,-78.629005,0.07167038752231747,-0.00047052067529875787,-2.1178552746772765,0,0.0,0.0,0.0,,,3.0814905084627116,0,0,0.0,-80.091095,-80.09109497070312,0.0,2203.6151008669663
198,1784910441.5720696,,5.205475834663957,,3.803936258191243,,7.240525521337986,,1.1289770889561623,,2.2863106848672032,,1.848183186375536,,3.5632718121632934,,5.5625,0.0,0.0,0.0,0.0,32473088,17881,15856,991,-80.138176,0.0811004463583231,0.0013092099179630168,-2.1028385192155836,0,0.0,0.0,0.0,,,3.238572531864791,0,0,0.0,-62.049744,-62.04974365234375,0.0,3033.8176719849394
199,1784910515.7289608,,4.726924300193787,,4.693689511623234,,7.182990480214357,,0.6939268828136846,,2.338709640316665,,1.7617863466148265,,3.5791632370091975,,4.625,0.0,0.0,0.0,0.0,32636928,17957,15936,996,-80.689064,0.08803392495028675,0.001822950263886014,-2.147502826154232,0,0.0,0.0,0.0,,,3.6147768333602928,0,0,0.0,-62.284832,-62.28483200073242,0.0,2209.37031974661
200,1784910568.651716,,4.716918640770018,,4.232885027304292,,7.185407932847738,,1.3292165449820459,,2.774269483052194,,1.7840135653386824,,3.109028209000826,,4.5625,0.0,0.0,0.0,0.0,32800768,18032,16016,1001,-80.62764,0.08804766505490988,0.0004076332195836585,-2.15715361982584,0,0.0,0.0,0.0,,,3.3680611745495894,0,0,0.0,-72.16008,-72.16007995605469,0.0,3095.8311231841294
201,1784910643.383443,,3.6289474205113947,,3.6915512080304325,,6.85668199788779,,0.7849923660978675,,2.10610130103305,,2.373449761653319,,3.7001258693635464,,4.0625,0.0,0.0,0.0,0.0,32964608,18108,16096,1006,-80.9465,0.09053124368656426,0.0009643527781008742,-2.1600795120000837,0,0.0,0.0,0.0,,,3.278357757224291,0,0,0.0,-61.143837,-61.143836975097656,0.0,2192.375438293763
202,1784910697.6550512,,3.958114600391127,,4.174882126972079,,6.47431499324739,,0.7491141914215405,,2.579859585966915,,1.5169502698699944,,3.2270712009631097,,5.0,0.0,0.0,0.0,0.0,33128448,18183,16176,1011,-83.0868,0.07410784955136478,0.0008122451559756883,-2.2067878752946855,0,0.0,0.0,0.0,,,3.570754248548775,0,0,0.0,-72.67371,-72.67371368408203,0.0,3018.88915509774
203,1784910773.1256618,,4.6371233207173645,,3.935817307792604,,7.6323892548680305,,1.0607274010180845,,2.6651056995615363,,1.8035976612009108,,3.2914600567892194,,4.5625,0.0,0.0,0.0,0.0,33292288,18259,16256,1016,-82.94802,0.07492236499674618,-0.0011172287937370128,-2.218270610272884,0,0.0,0.0,0.0,,,3.3334479296408093,0,0,0.0,-71.44354,-71.44354248046875,0.0,2170.91144216228
204,1784910827.1180806,,3.81925507215783,,5.004917262122035,,7.406422756612301,,0.8042831999773625,,2.1901724813506007,,1.4777331256482285,,3.8604597840458155,,5.25,0.0,0.0,0.0,0.0,33456128,18338,16336,1021,-79.22308,0.08806189058814198,0.0007438771339366212,-2.213671584427357,0,0.0,0.0,0.0,,,3.3811263320805436,0,0,0.0,-79.696495,-79.69649505615234,0.0,3034.499998123763
205,1784910903.130594,,5.468333950993838,,4.116995586082339,,8.04282751865685,,1.1309871842968278,,2.6428991928696632,,1.7139995651086792,,3.695084471255541,,5.125,0.0,0.0,0.0,0.0,33619968,18417,16416,1026,-84.41605,0.09598292447626591,0.0013763756098342129,-2.248590277135372,0,0.0,0.0,0.0,,,3.6404514521804727,0,0,0.0,-70.77129,-70.77129364013672,0.0,2155.4349487642753
206,1784910957.1066093,,4.450187790498603,,3.5441386845195666,,7.002218421548605,,0.7401141246737097,,1.748177669942379,,1.5148361504543573,,3.2777007995173335,,4.8125,0.0,0.0,0.0,0.0,33783808,18497,16496,1031,-80.162155,0.08608645512722432,0.0013495914419763722,-2.3058575287461283,0,0.0,0.0,0.0,,,3.59627025339917,0,0,0.0,-63.35691,-63.356910705566406,0.0,3035.421433455329
207,1784911033.4718833,,5.1313698990270495,,3.886602451093495,,6.910235332325101,,1.7878433363512158,,3.3159073116257787,,1.640878795296885,,2.960603218525648,,5.4375,0.0,0.0,0.0,0.0,33947648,18580,16576,1036,-82.05275,0.09057543331291526,0.002532449355931021,-2.3102541744709013,0,0.0,0.0,0.0,,,3.6534544583269977,0,0,0.0,-71.46938,-71.4693832397461,0.0,2145.47937455391
208,1784911109.4019608,,5.85397343384102,,3.1992238631937653,,6.909151487052441,,1.4627288142219186,,2.796592217637226,,1.627358486293815,,3.053900175727904,,4.125,0.0,0.0,0.0,0.0,34111488,18665,16656,1041,-82.01646,0.10072868787683546,-7.85493291914463e-05,-2.3164866998791696,0,0.0,0.0,0.0,,,3.380737732366466,0,0,0.0,-69.42662,-69.42662048339844,0.0,2157.77376627239
209,1784911164.4189277,,4.210319450066891,,3.54566978989169,,6.993256728164852,,1.585581045364961,,2.733396990224719,,2.141224507940933,,3.3548583928495646,,5.4375,0.0,0.0,0.0,0.0,34275328,18748,16736,1046,-79.1344,0.0751459610182792,0.0005383854484534822,-2.349574215710163,0,0.0,0.0,0.0,,,3.4594485611126884,0,0,0.0,-66.24961,-66.2496109008789,0.0,2977.9894402844297
210,1784911241.1388798,,5.3916503163054585,,3.3132465518428944,,7.441513952799141,,0.7967778808961157,,2.81882117735222,,1.749752612086013,,3.1041180389001966,,4.5625,0.0,0.0,0.0,0.0,34439168,18833,16816,1051,-83.61171,0.08300665896385909,-9.189652701024897e-05,-2.351275086402893,0,0.0,0.0,0.0,,,3.297482935491182,0,0,0.0,-69.51839,-69.51838684082031,0.0,2135.559440104834
211,1784911318.179776,,5.5676355242030695,,4.247187741566449,,7.638435885310173,,0.5360388409462757,,1.5810898930067196,,1.3794097513891757,,2.8591193445026875,,5.5,0.0,0.0,0.0,0.0,34603008,18917,16896,1056,-81.36166,0.10133781768381596,0.0004927594738546759,-2.3511635631322862,0,0.0,0.0,0.0,,,3.4367372589005307,0,0,0.0,-79.11629,-79.11628723144531,0.0,2126.662287289509
212,1784911373.3330424,,4.771951164584607,,3.2932342041749507,,6.5016264375299215,,1.000189472688362,,2.2372729307971895,,1.1552422016393393,,2.6090378127992153,,5.8125,0.0,0.0,0.0,0.0,34766848,18997,16976,1061,-80.06196,0.10002658683806658,-0.0006203877441294025,-2.3330188363790514,0,0.0,0.0,0.0,,,3.5507654622975977,0,0,0.0,-69.14852,-69.14852142333984,0.0,2970.6324384411278
213,1784911450.4032047,,4.652438921038993,,4.6724030864425,,7.737864777445793,,0.832636068953434,,2.0608360471669585,,1.4869870920665562,,2.7204822609201074,,5.375,0.0,0.0,0.0,0.0,34930688,19077,17056,1066,-80.98345,0.08192662457004189,0.0013706993755477014,-2.351297041773796,0,0.0,0.0,0.0,,,3.6868810116817605,0,0,0.0,-74.88833,-74.8883285522461,0.0,2125.8548908305424
214,1784911528.4810488,,4.508684955071658,,3.22465761564672,,5.805257018655539,,1.1584033096005442,,2.678630664013326,,2.3000502632930875,,3.7862530536949635,,4.6875,0.0,0.0,0.0,0.0,35094528,19158,17136,1071,-78.55436,0.08837245230097324,0.00012163919454906136,-2.369705806672573,0,0.0,0.0,0.0,,,3.475703868279254,0,0,0.0,-83.27886,-83.27886199951172,0.0,2098.4196705926233
215,1784911584.8719842,,5.333955278620124,,2.669592124875635,,6.789858713746071,,0.9153589210473001,,2.1223577531054616,,2.4524193862453103,,3.9703851006925106,,6.3125,0.0,0.0,0.0,0.0,35258368,19235,17216,1076,-78.968155,0.07970837620086968,0.0007453141690348275,-2.406175374984741,0,0.0,0.0,0.0,,,3.489380957691695,0,0,0.0,-65.42584,-65.42584228515625,0.0,2905.429008873082
216,1784911663.5714147,,4.967023482458899,,3.169670535280602,,7.136221397668123,,1.2189928514999337,,2.9806585726328194,,1.5308571024797857,,3.3164919540286064,,4.9375,0.0,0.0,0.0,0.0,35422208,19315,17296,1081,-77.79136,0.08204012992791831,0.00029148810426704586,-2.4258901447057726,0,0.0,0.0,0.0,,,3.713732433781786,0,0,0.0,-76.703125,-76.703125,0.0,2081.8449148132786
217,1784911719.3626904,,4.249633774161339,,4.235758897848427,,7.345063295215368,,1.3398215710185468,,2.7205267385579646,,1.6660956595315213,,3.55705663561821,,4.75,0.0,0.0,0.0,0.0,35586048,19392,17376,1086,-80.823006,0.07869513786863536,0.0007068162856739945,-2.4312717467546463,0,0.0,0.0,0.0,,,3.7720899789884497,0,0,0.0,-73.87134,-73.871337890625,0.0,2936.6591756024
218,1784911796.6474352,,3.9332736283540726,,3.4350628638640046,,6.64090009406209,,1.3889147731242701,,2.87282835226506,,1.541229920112528,,3.2164175529032946,,5.1875,0.0,0.0,0.0,0.0,35749888,19469,17456,1091,-82.587105,0.08112681698985398,-0.000551819558313582,-2.4507658272981643,0,0.0,0.0,0.0,,,3.708340570838684,0,0,0.0,-72.725296,-72.72529602050781,0.0,2119.9554131633367
219,1784911852.3139305,,4.541144049726427,,5.209744735620916,,7.43178978562355,,1.0252684290753677,,2.4558023957069963,,1.5315214419388212,,2.6674588257446885,,4.625,0.0,0.0,0.0,0.0,35913728,19545,17536,1096,-76.286804,0.07745288030710071,0.0009089461469557137,-2.4506113559007643,0,0.0,0.0,0.0,,,3.59615600998855,0,0,0.0,-42.173115,-42.17311477661133,0.0,2943.2375080851434
220,1784911929.8431695,,5.170881319791079,,4.425872203428298,,8.532635308802128,,0.7094617845723405,,1.6883198381401598,,1.3433059048111318,,2.9877875512465835,,4.75,0.0,0.0,0.0,0.0,36077568,19628,17616,1101,-78.74989,0.08426441687624901,0.0006574181490577758,-2.458695563673973,0,0.0,0.0,0.0,,,3.603363662219929,0,0,0.0,-74.03118,-74.03118133544922,0.0,2113.267098975585
221,1784912007.2491057,,5.391170206130482,,2.800423508742824,,6.5634741727262735,,0.8230786195781548,,2.040357851656154,,1.3702308738720603,,3.477763244882226,,5.875,0.0,0.0,0.0,0.0,36241408,19707,17696,1106,-76.11969,0.07866483682300895,-0.0003101173875620589,-2.477242347598076,0,0.0,0.0,0.0,,,3.572173939113901,0,0,0.0,-67.923386,-67.92338562011719,0.0,2116.633576992254
222,1784912063.3236322,,5.152745982632041,,3.6526553059229627,,7.780886292457581,,0.7666254298237618,,2.2159109776839614,,1.7547401104820892,,3.1608352437615395,,4.375,0.0,0.0,0.0,0.0,36405248,19787,17776,1111,-80.42504,0.1130100385285914,0.0013628973763843532,-2.496356080472469,0,0.0,0.0,0.0,,,3.6760142080291645,0,0,0.0,-54.987232,-54.98723220825195,0.0,2921.8260777147507
223,1784912142.6350012,,3.2679962983820587,,4.780544428504072,,8.224601419642568,,0.783287298399955,,2.2641579061746597,,1.5924222028115764,,3.0714680813252926,,5.0,0.0,0.0,0.0,0.0,36569088,19866,17856,1116,-80.54682,0.09883636061567813,0.001676726723962929,-2.483139668405056,0,0.0,0.0,0.0,,,3.7005069785247846,0,0,0.0,-77.348625,-77.34862518310547,0.0,2065.782663636861
224,1784912198.5594363,,4.732971251942217,,3.290008151670918,,7.391490805894136,,0.9758037072606385,,2.2871986823156476,,1.5067435964010656,,2.909301701001823,,5.6875,0.0,0.0,0.0,0.0,36732928,19945,17936,1121,-79.8891,0.08607781915925443,0.00014190144138410689,-2.521736499667168,0,0.0,0.0,0.0,,,3.670696971981043,0,0,0.0,-81.51181,-81.51181030273438,0.0,2929.6680439158526
225,1784912277.9313745,,4.84767145011574,,4.842738811857998,,7.5153105892241,,0.9385935284080915,,2.2609275532886386,,1.6190333280246705,,3.379031242802739,,4.375,0.0,0.0,0.0,0.0,36896768,20023,18016,1126,-75.59432,0.09007584089413286,0.0014657239029475023,-2.559279926121235,0,0.0,0.0,0.0,,,3.8368667767554983,0,0,0.0,-49.71765,-49.7176513671875,0.0,2064.205484106645
226,1784912357.5593672,,5.405172409955412,,2.8288103733211756,,7.102660648524761,,0.832884534902405,,2.494839180726558,,1.077091465704143,,3.1886669667437673,,4.9375,0.0,0.0,0.0,0.0,37060608,20101,18096,1131,-80.171524,0.07999365436844527,0.000729057150601875,-2.5772887870669363,0,0.0,0.0,0.0,,,3.7170170469359753,0,0,0.0,-73.29855,-73.29855346679688,0.0,2057.5670852878516
227,1784912413.7394903,,5.523443087004125,,3.5244909531320445,,6.130446586757898,,1.0372858399932738,,2.247022367082536,,1.4157237822655588,,3.2134754862636328,,4.8125,0.0,0.0,0.0,0.0,37224448,20174,18176,1136,-79.86604,0.07582937141414732,0.0014301119932497385,-2.5716773882508277,0,0.0,0.0,0.0,,,3.7837383309470196,0,0,0.0,-73.73184,-73.73184204101562,0.0,2916.333594887637
228,1784912493.598281,,4.613996427506208,,4.895217056619003,,7.142861094325781,,1.6356302966596559,,2.746804584749043,,1.608109079534188,,3.236149763688445,,6.125,0.0,0.0,0.0,0.0,37388288,20252,18256,1141,-78.47023,0.08188532742206008,0.002376772255229298,-2.582760728895664,0,0.0,0.0,0.0,,,3.7647855370945535,0,0,0.0,-54.04174,-54.04174041748047,0.0,2051.6219973562906
229,1784912550.2788079,,4.134929199935868,,3.2111852819798514,,6.779134422540665,,1.1192898522131145,,2.3883363092318177,,1.4633744058664888,,3.2609218591824174,,5.25,0.0,0.0,0.0,0.0,37552128,20327,18336,1146,-75.85182,0.08669916233047843,0.0012107008413295261,-2.6084255412220956,0,0.0,0.0,0.0,,,3.8472498389344687,0,0,0.0,-70.30876,-70.30876159667969,0.0,2890.5860477149376
230,1784912631.7481785,,5.437047174200416,,3.669295294675976,,7.631007991731167,,1.204041096061701,,2.528853351250291,,1.4157024330779677,,3.0834122840315104,,4.8125,0.0,0.0,0.0,0.0,37715968,20401,18416,1151,-77.09337,0.08116047284565867,0.0016680852510035037,-2.616385947167873,0,0.0,0.0,0.0,,,3.7969491641271693,0,0,0.0,-84.62349,-84.62348937988281,0.0,2011.0624242213025
231,1784912687.945213,,4.14176672231406,,4.2715156939812005,,8.038197383284569,,0.7868526730453596,,2.2591925086453557,,1.498039783036802,,3.033183547668159,,6.3125,0.0,0.0,0.0,0.0,37879808,20479,18496,1156,-78.70605,0.0876502740662545,0.0008301723151816987,-2.642319545149803,0,0.0,0.0,0.0,,,3.7400270136205997,0,0,0.0,-47.459034,-47.45903396606445,0.0,2915.4564200432314
232,1784912770.102475,,4.375919699668884,,3.1036372645758092,,7.207363210618496,,0.9241378192382399,,2.529560960829258,,1.4402951425290667,,2.420250247232616,,5.75,0.0,0.0,0.0,0.0,38043648,20559,18576,1161,-77.06291,0.0779129927046597,0.00038861393259139734,-2.636193659901619,0,0.0,0.0,0.0,,,3.801413446730064,0,0,0.0,-47.53035,-47.53034973144531,0.0,1994.2246472545276
233,1784912827.0486941,,4.0087560238316655,,3.5983532007958274,,6.997064705938101,,1.1021836751751835,,2.288602259941399,,1.8578992532275151,,3.4293157048523426,,5.1875,0.0,0.0,0.0,0.0,38207488,20637,18656,1166,-76.63153,0.08880457400809974,0.0003039247734704986,-2.6618706449866294,0,0.0,0.0,0.0,,,3.6813673067786707,0,0,0.0,-81.02257,-81.02256774902344,0.0,2877.099487614754
234,1784912908.7979288,,5.352702937088907,,4.584281966090202,,8.165909424424171,,1.1225754792394582,,2.2877867240458727,,2.099819121649489,,3.4878516104072332,,4.4375,0.0,0.0,0.0,0.0,38371328,20716,18736,1171,-75.22807,0.09503016059752553,0.0009051962901139632,-2.691709443926811,0,0.0,0.0,0.0,,,3.6768366422573457,0,0,0.0,-76.876686,-76.8766860961914,0.0,2004.178115205679
235,1784912966.1869051,,5.734378015622497,,3.934330204501748,,7.007728349417448,,0.8067542960634455,,2.039313199929893,,1.7535948473960161,,3.4016263112425804,,5.875,0.0,0.0,0.0,0.0,38535168,20795,18816,1176,-78.67583,0.08796521159820259,0.0009693217896710848,-2.702581225335598,0,0.0,0.0,0.0,,,3.829437853781917,0,0,0.0,-72.93728,-72.9372787475586,0.0,2854.903642963128
236,1784913048.329637,,5.402137287892401,,3.5430850100237876,,7.135937716811895,,0.8118108240159927,,2.410547840408981,,1.9763809783034958,,3.475324921309948,,6.3125,0.0,0.0,0.0,0.0,38699008,20873,18896,1181,-78.63183,0.090610086848028,0.002092164104396943,-2.7102120742201805,0,0.0,0.0,0.0,,,3.9576040320309245,0,0,0.0,-73.47963,-73.47962951660156,0.0,1994.5767171513655
237,1784913130.8836317,,4.890055871801451,,3.5804806110536447,,7.43735246360302,,1.3798031024634838,,2.4385560071095824,,1.3079580757766962,,2.7556676126550883,,4.9375,0.0,0.0,0.0,0.0,38862848,20952,18976,1186,-75.46825,0.0804115786217153,0.0020999802800361067,-2.7125894367694854,0,0.0,0.0,0.0,,,3.965115175642302,0,0,0.0,-74.335144,-74.33514404296875,0.0,1984.6413104229784
238,1784913189.0555577,,5.549544892273843,,2.8834452549926937,,6.4672959968447685,,1.565318797947839,,2.63730573002249,,1.5247755544260144,,3.3868347853422165,,5.125,0.0,0.0,0.0,0.0,39026688,21030,19056,1191,-78.40713,0.06871483328286558,0.0023781123469234443,-2.709549981355667,0,0.0,0.0,0.0,,,3.9413462754364423,0,0,0.0,-65.740204,-65.74020385742188,0.0,2816.4776264124926
239,1784913270.3277957,,3.332063467532862,,4.124311612686142,,7.792148552834988,,0.6675025682488922,,2.626305343583226,,2.135551527608186,,3.482489255256951,,4.75,0.0,0.0,0.0,0.0,39190528,21107,19136,1196,-79.908264,0.09288616273552179,0.00016194022100535221,-2.7042536616325377,0,0.0,0.0,0.0,,,3.6078097611547384,0,0,0.0,-76.60408,-76.60408020019531,0.0,2015.9404693336776
240,1784913327.7493165,,5.761713351821527,,4.390436871908605,,7.6990980468690395,,1.1397770971234422,,2.329256455413997,,1.8879473366541788,,3.5089228115975857,,4.3125,0.0,0.0,0.0,0.0,39354368,21187,19216,1201,-76.20455,0.08228818629868329,-6.602946523344144e-05,-2.7149744987487794,0,0.0,0.0,0.0,,,3.697250970354156,0,0,0.0,-77.818756,-77.81875610351562,0.0,2853.285268451572
241,1784913409.190111,,4.8427938495296985,,3.4772195504046977,,6.596076153218746,,0.8540344045832171,,2.1006783400662243,,1.8032256860169582,,3.3074061572551727,,5.125,0.0,0.0,0.0,0.0,39518208,21265,19296,1206,-76.79785,0.08895650792401284,0.0014245761340134777,-2.7424087822437286,0,0.0,0.0,0.0,,,3.824453236682112,0,0,0.0,-52.055767,-52.05576705932617,0.0,2011.7682671340253
242,1784913466.8997037,,4.647197138983756,,4.2261079081799835,,7.822138629853725,,0.9663586631359067,,2.2581410664133728,,1.2406877923058346,,2.927442970685661,,5.375,0.0,0.0,0.0,0.0,39682048,21348,19376,1211,-77.06403,0.09718010686337948,0.0002852409626939334,-2.7250392019748686,0,0.0,0.0,0.0,,,3.780072991797946,0,0,0.0,-62.53724,-62.53723907470703,0.0,2839.044673201613
243,1784913550.0077887,,4.765925807878375,,3.268705001100898,,7.968703340739012,,0.9928023257816676,,2.4519251147285104,,1.4732832869049162,,3.3423745399340987,,5.375,0.0,0.0,0.0,0.0,39845888,21428,19456,1216,-80.39879,0.09180176605004817,0.0017475065935286694,-2.7480965122580527,0,0.0,0.0,0.0,,,4.090412274136452,0,0,0.0,-52.714306,-52.71430587768555,0.0,1971.4093452883624
244,1784913633.2785451,,4.791118495631963,,3.416920051095076,,7.212097756564617,,1.219544096966274,,2.4956695758737624,,1.3766927435062826,,2.4309251154772937,,5.0625,0.0,0.0,0.0,0.0,40009728,21509,19536,1221,-76.507835,0.07603136717807502,-0.00039570014196215196,-2.7306467965245247,0,0.0,0.0,0.0,,,3.7028009328350238,0,0,0.0,-74.04313,-74.04312896728516,0.0,1967.555934183875
245,1784913691.0179818,,4.379224460572004,,3.4425696823745966,,6.9098912831395864,,0.8901304932078347,,2.221867914777249,,1.0780312586575747,,2.7071638125926256,,4.1875,0.0,0.0,0.0,0.0,40173568,21592,19616,1226,-82.08207,0.08484434336423874,0.0003815505697275512,-2.7198088616132736,0,0.0,0.0,0.0,,,3.6890263459358392,0,0,0.0,-70.256424,-70.25642395019531,0.0,2837.577012090711
246,1784913774.6761448,,6.327752098441124,,3.1801872071810067,,6.485982080921531,,1.3386002276092768,,2.55111962556839,,1.5550661468296312,,2.9881006898358464,,4.875,0.0,0.0,0.0,0.0,40337408,21672,19696,1231,-74.91173,0.08433836952317506,0.0030685589255881494,-2.7250212252140047,0,0.0,0.0,0.0,,,3.9590039789809937,0,0,0.0,-61.789776,-61.78977584838867,0.0,1958.4453918512993
247,1784913833.4103768,,3.951331041753292,,3.6370273015927523,,7.16835331171751,,1.1569898987363558,,2.869741388130933,,1.8827436375431716,,3.469972535967827,,4.8125,0.0,0.0,0.0,0.0,40501248,21747,19776,1236,-74.78118,0.09024844428058713,0.0005838449447765015,-2.700488692522049,0,0.0,0.0,0.0,,,3.7815092585433945,0,0,0.0,-66.22845,-66.22844696044922,0.0,2789.5141827342495
248,1784913917.0463116,,7.113034739159048,,3.5389398215920664,,7.440037187188864,,1.3662462320644408,,2.3361192224547267,,1.3251482548002969,,3.010044773109257,,4.25,0.0,0.0,0.0,0.0,40665088,21825,19856,1241,-76.43623,0.0861091541359201,0.0006538897898280994,-2.678674302995205,0,0.0,0.0,0.0,,,3.632342409572007,0,0,0.0,-79.04237,-79.04237365722656,0.0,1958.9665266134218
249,1784914001.4773374,,5.8034643065184355,,4.051700457930565,,7.646724637597799,,0.6606589277362218,,1.9451985624618828,,1.9639489107066765,,3.1851674802601337,,5.4375,0.0,0.0,0.0,0.0,40828928,21901,19936,1246,-78.02817,0.07411006763577462,0.001596703055110993,-2.6695338636636734,0,0.0,0.0,0.0,,,4.020901282271512,0,0,0.0,-64.134415,-64.13441467285156,0.0,1940.5191496299558
250,1784914060.6992729,,4.580420982092619,,3.3816046570427716,,7.66180454287678,,1.0907592604053207,,2.314722500741482,,1.6777094220742583,,3.078690469264984,,4.8125,0.0,0.0,0.0,0.0,40992768,21974,20016,1251,-72.58882,0.06410689812619239,0.0008295390944113024,-2.650328654050827,0,0.0,0.0,0.0,,,3.899049944913922,0,0,0.0,-65.0858,-65.08580017089844,0.0,2766.5428938212776
251,1784914119.1469803,,4.994810344651341,,4.729690910317004,,7.805179245769978,,0.922539284620143,,2.2706070239655674,,1.7987620772328228,,3.2332157250493765,,4.9375,0.0,0.0,0.0,0.0,41156608,22048,20096,1256,-78.97878,0.10100196436978877,0.001585225941380486,-2.6234409391880034,0,0.0,0.0,0.0,,,3.8318971156212314,0,0,0.0,-78.42861,-78.4286117553711,0.0,2803.1887381056267
252,1784914205.2504919,,4.132657975424081,,3.5939053987385705,,6.4613055950030684,,1.040238007553853,,2.539388253353536,,1.6144292870012578,,3.5126512876013294,,4.5625,0.0,0.0,0.0,0.0,41320448,22123,20176,1261,-79.31349,0.07880247517023235,0.0007644168988917954,-2.606230665743351,0,0.0,0.0,0.0,,,3.6270978614123712,0,0,0.0,-50.38823,-50.38822937011719,0.0,1902.8260300926424
253,1784914264.6036153,,5.516557074151933,,4.383483226411045,,7.670203875750303,,1.0779737270786427,,2.3596550477668643,,1.0123385558836162,,2.870960496366024,,6.75,0.0,0.0,0.0,0.0,41484288,22198,20256,1266,-74.518234,0.09277560478076338,0.0004201541800284758,-2.606470596790314,0,0.0,0.0,0.0,,,3.556056463258089,0,0,0.0,-53.85427,-53.854270935058594,0.0,2760.427534069934
254,1784914349.7994244,,3.7110447883605957,,1.9210877845762298,,5.4397090477868915,,1.1512063047848642,,2.6882790541276336,,1.4671932917553931,,2.965620025061071,,4.75,0.0,0.0,0.0,0.0,41648128,22275,20336,1271,-81.093124,0.07711752310860902,0.0020263791288016365,-2.574591839313507,0,0.0,0.0,0.0,,,3.890801990961761,0,0,0.0,-66.05219,-66.05219268798828,0.0,1923.1011870246673
255,1784914408.968126,,5.217654001899064,,3.748571074102074,,6.153169954195619,,1.5763095119018544,,2.8174422215670347,,2.0415866025723517,,3.428062298335135,,5.4375,0.0,0.0,0.0,0.0,41811968,22349,20416,1276,-80.68184,0.06596435587853193,0.0008459904696792364,-2.587387004494667,0,0.0,0.0,0.0,,,3.6442739471604306,0,0,0.0,-50.499542,-50.499542236328125,0.0,2769.028584881907
256,1784914494.16571,,5.307170005980879,,4.080673410790041,,7.82295823097229,,0.760902616311796,,2.618062284309417,,1.485640115570277,,3.2799452263861895,,4.75,0.0,0.0,0.0,0.0,41975808,22429,20496,1281,-76.38557,0.06660361767280847,-0.0005014829308493063,-2.588525342941284,0,0.0,0.0,0.0,,,3.5549903112295254,0,0,0.0,-53.47508,-53.47507858276367,0.0,1923.0595741256343
257,1784914578.8180854,,4.062749088043347,,4.490983688738197,,7.496811002492905,,0.8634742307913257,,2.071888877544552,,1.4609454822493717,,3.748312504030764,,5.0,0.0,0.0,0.0,0.0,42139648,22508,20576,1286,-76.81389,0.10746928392909467,0.0012575973276398144,-2.64443724155426,0,0.0,0.0,0.0,,,3.7076057650046024,0,0,0.0,-63.931396,-63.931396484375,0.0,1935.444299998139
258,1784914638.1823068,,4.754790852311999,,4.0737553453072906,,7.057471908628941,,0.7412666780874133,,1.6778381844051182,,1.2848196516279131,,3.0815275944769382,,5.4375,0.0,0.0,0.0,0.0,42303488,22583,20656,1291,-75.34283,0.0874740719795227,0.0013862465726560912,-2.633039204776287,0,0.0,0.0,0.0,,,3.5584698957084973,0,0,0.0,-39.252068,-39.25206756591797,0.0,2759.914135599554
259,1784914723.9446034,,5.813142412807792,,3.6590036787674762,,6.605839133262634,,0.9190476881485665,,2.3635598132386804,,1.359141866560094,,3.0994384177029133,,4.8125,0.0,0.0,0.0,0.0,42467328,22659,20736,1296,-74.61466,0.06969924687873572,0.0011290147274849005,-2.6206967920064925,0,0.0,0.0,0.0,,,3.6351402030022717,0,0,0.0,-56.334198,-56.334197998046875,0.0,1910.3952389802678
260,1784914781.9118521,,4.840854867361486,,3.4183426259551197,,6.449033049866557,,1.3884695965680294,,2.5988494837656617,,2.3360958485864103,,3.753917245194316,,4.8125,0.0,0.0,0.0,0.0,42631168,22735,20816,1301,-79.814255,0.07715766390319914,0.00038757856091251595,-2.638700191676617,0,0.0,0.0,0.0,,,3.774210250910991,0,0,0.0,-74.908585,-74.90858459472656,0.0,2826.423076887981
261,1784914866.8165057,,5.464608017355204,,3.1956217015977018,,6.80444105528295,,1.5120212273905054,,2.417980181053281,,1.4913421345409006,,3.6149873584508896,,5.0,0.0,0.0,0.0,0.0,42795008,22810,20896,1306,-77.697586,0.09929226823151112,-0.0010973642296448816,-2.653479552268982,0,0.0,0.0,0.0,,,3.518212666231362,0,0,0.0,-48.846466,-48.846466064453125,0.0,1929.6939369675663
262,1784914925.1084356,,4.798288710881025,,3.753699591034092,,6.842042496427894,,1.080318890089984,,2.456222816836089,,1.601846762932837,,3.380128387361765,,5.0,0.0,0.0,0.0,0.0,42958848,22884,20976,1311,-78.45052,0.09619956898968667,-0.0004904119341517799,-2.658301702141762,0,0.0,0.0,0.0,,,3.7187099006198947,0,0,0.0,-65.81978,-65.81977844238281,0.0,2810.680621356846
263,1784915009.2387512,,3.94626077497378,,3.270686269388534,,5.872594993561506,,0.8169477904448286,,1.9479315332137048,,1.5855269080839207,,2.7011538727674633,,4.625,0.0,0.0,0.0,0.0,43122688,22957,21056,1316,-76.67343,0.08600106807425618,0.0001271624700166285,-2.718860898911953,0,0.0,0.0,0.0,,,3.690001220856286,0,0,0.0,-77.64533,-77.64533233642578,0.0,1947.455015342202
264,1784915067.492277,,4.6589221293106675,,4.9185192584991455,,7.059401080477983,,1.476126965135336,,2.712508251424879,,1.4004513819236308,,3.0465527391061187,,3.875,0.0,0.0,0.0,0.0,43286528,23033,21136,1321,-79.334274,0.09835839262232185,0.0006537977169500664,-2.752889506518841,0,0.0,0.0,0.0,,,3.544005948176538,0,0,0.0,-67.647255,-67.64725494384766,0.0,2812.533803540945
265,1784915152.3786943,,5.003506189386826,,3.6063793205539696,,6.878645122051239,,1.0408490364352474,,2.340284560341388,,1.9958263647276908,,3.237378904595971,,4.375,0.0,0.0,0.0,0.0,43450368,23107,21216,1326,-75.00374,0.08285884805954993,0.0004465619582333602,-2.7468417555093767,0,0.0,0.0,0.0,,,3.8621106405310472,0,0,0.0,-72.90819,-72.90818786621094,0.0,1930.1084483098732
266,1784915210.7615259,,4.988934458233416,,3.3171342202695087,,6.730431420728564,,0.7845556198299164,,2.3273824201896787,,1.6272937273606658,,3.4602960851043463,,6.6875,0.0,0.0,0.0,0.0,43614208,23182,21296,1331,-79.52153,0.0723903241334483,0.001140897707955446,-2.7560456931591033,0,0.0,0.0,0.0,,,4.044217059789824,0,0,0.0,-40.69457,-40.6945686340332,0.0,2806.3044791902307
267,1784915296.1060972,,3.9907630992820486,,3.436765072401613,,6.654729815199971,,0.9285787861153949,,2.3622136330232024,,1.6893389270990156,,3.0743486480787396,,5.5625,0.0,0.0,0.0,0.0,43778048,23258,21376,1336,-76.15835,0.07230358838569373,0.0018663900715182534,-2.729735991358757,0,0.0,0.0,0.0,,,3.969851308066321,0,0,0.0,-65.853745,-65.85374450683594,0.0,1919.7474105992544
268,1784915354.541263,,5.053631132468581,,3.4087386401370168,,7.28263545781374,,1.2944113943376578,,2.430142315570265,,1.5180759146460332,,2.984763265121728,,5.375,0.0,0.0,0.0,0.0,43941888,23333,21456,1341,-75.47939,0.0776276784716174,0.0019302108354168012,-2.7554644256830216,0,0.0,0.0,0.0,,,4.014484775250814,0,0,0.0,-66.83988,-66.83988189697266,0.0,2803.790913243402
269,1784915440.2310567,,7.064327497500926,,3.756282115355134,,5.7854800671339035,,1.305909511866048,,2.508712741546333,,1.5007474948652089,,2.9312420589849353,,5.3125,0.0,0.0,0.0,0.0,44105728,23411,21536,1346,-75.19981,0.08634373114909977,0.0007178460684372113,-2.7748826652765275,0,0.0,0.0,0.0,,,3.7711989518079534,0,0,0.0,-83.19956,-83.1995620727539,0.0,1912.0130451428954
270,1784915498.1885993,,5.113944560289383,,3.4696909767808393,,6.84916865080595,,0.9607143356697634,,2.638296065852046,,1.3862438034266233,,3.033542586490512,,4.5625,0.0,0.0,0.0,0.0,44269568,23489,21616,1351,-78.516624,0.08002122254110873,-0.00064479759967071,-2.788339065015316,0,0.0,0.0,0.0,,,3.6837510789626178,0,0,0.0,-55.39842,-55.39841842651367,0.0,2826.8970896229744
271,1784915582.5704143,,4.711187491193414,,4.590841480530798,,8.059628438204527,,1.2502393657632638,,2.5414666754659265,,1.8061819393187761,,3.095899010077119,,4.875,0.0,0.0,0.0,0.0,44433408,23562,21696,1356,-75.30647,0.06717846172396094,0.001504306119022658,-2.7989813193678854,0,0.0,0.0,0.0,,,3.746847818862457,0,0,0.0,-65.364426,-65.36442565917969,0.0,1941.6517423739563
272,1784915641.3214161,,6.110247815377079,,5.411323874723166,,8.076108526438475,,1.0901212884346023,,2.4161304626613855,,1.2984933881671168,,2.813608576543629,,5.375,0.0,0.0,0.0,0.0,44597248,23634,21776,1361,-76.79423,0.09213507587555796,0.0003384282619663281,-2.8209262669086455,0,0.0,0.0,0.0,,,3.7997971706364595,0,0,0.0,-49.2266,-49.226600646972656,0.0,2788.715869214118
273,1784915727.65049,,5.636851188028231,,4.4151440635323524,,7.454213947057724,,1.462057048047427,,3.126361910253763,,2.33188658952713,,3.729901872575283,,4.1875,0.0,0.0,0.0,0.0,44761088,23708,21856,1366,-73.169624,0.0939601420192048,0.0013478873835993,-2.8382942348718645,0,0.0,0.0,0.0,,,3.73242198281378,0,0,0.0,-65.744316,-65.74431610107422,0.0,1897.8546503397674
274,1784915786.1483889,,4.68096470227465,,3.933071178616956,,6.690472858026624,,0.8656433230498806,,2.4348806217312813,,1.8463889526901767,,3.4058724669739604,,6.125,0.0,0.0,0.0,0.0,44924928,23779,21936,1371,-77.64818,0.09340147955808789,0.0012329457720625214,-2.8859659656882286,0,0.0,0.0,0.0,,,3.9599538536821384,0,0,0.0,-77.5421,-77.54209899902344,0.0,2800.783521959272
275,1784915872.8882086,,3.9921736530959606,,4.028556407429278,,7.60126693174243,,1.0381997918511843,,2.427804199978709,,1.6811339207924902,,2.986589870415628,,5.125,0.0,0.0,0.0,0.0,45088768,23861,22016,1376,-75.96161,0.08515314331743866,0.000625270703312708,-2.8770816907286645,0,0.0,0.0,0.0,,,4.107351282754676,0,0,0.0,-80.94278,-80.94277954101562,0.0,1888.8676095818907
276,1784915932.020157,,3.3338986732997,,4.381989270623308,,7.026231754571199,,0.48767886917630676,,1.7651541042141616,,1.6529390451614745,,3.2517952006310225,,4.375,0.0,0.0,0.0,0.0,45252608,23934,22096,1381,-73.24656,0.08520060400478542,-0.00013132351596141235,-2.9102744206786157,0,0.0,0.0,0.0,,,3.8768100102219036,0,0,0.0,-55.27941,-55.27941131591797,0.0,2770.751259706361
277,1784916017.8736222,,5.0676255277357996,,2.7274028747342527,,7.2467902302742,,1.0445470290142111,,2.394858216866851,,1.7150932698859833,,3.6897207191213965,,5.0,0.0,0.0,0.0,0.0,45416448,24005,22176,1386,-73.99375,0.07556512013543397,0.0016900574846658856,-2.90233186930418,0,0.0,0.0,0.0,,,4.058938438074243,0,0,0.0,-49.741035,-49.74103546142578,0.0,1908.3678846872938
278,1784916076.425943,,5.6508258217945695,,4.243294222978875,,7.534763417206705,,0.8088298561051488,,1.8685588845983148,,1.3351214958311175,,3.478365885093808,,3.9375,0.0,0.0,0.0,0.0,45580288,24074,22256,1391,-72.653076,0.0882842038758099,0.0007790276264131535,-2.9134573504328727,0,0.0,0.0,0.0,,,3.687962640565799,0,0,0.0,-77.27498,-77.27497863769531,0.0,2798.1832532349276
279,1784916135.4438906,,4.135310015408322,,2.6683376643086376,,6.395192798227072,,1.1252253416751046,,2.428641077131033,,1.6181153600336984,,3.1927566742524505,,5.4375,0.0,0.0,0.0,0.0,45744128,24149,22336,1396,-77.09182,0.07618679427541793,0.0012765573876095005,-2.9219376146793365,0,0.0,0.0,0.0,,,4.1967845637361245,0,0,0.0,-63.793415,-63.79341506958008,0.0,2776.1026898479463
280,1784916222.8192015,,5.6476065795868635,,2.8657901189581025,,7.211144734174013,,0.8995277713984251,,2.129200999625027,,1.620170367823448,,2.8547290922142565,,6.0,0.0,0.0,0.0,0.0,45907968,24221,22416,1401,-75.55804,0.0750264880945906,0.0005772977398009971,-2.9194593161344526,0,0.0,0.0,0.0,,,3.9046736762434207,0,0,0.0,-49.856182,-49.85618209838867,0.0,1875.1297550534937
281,1784916282.213578,,6.3904540706425905,,3.486583303892985,,7.800507135689259,,1.1572070032707416,,1.8257124605588615,,1.801209810655564,,3.509269058704376,,5.1875,0.0,0.0,0.0,0.0,46071808,24291,22496,1406,-70.7743,0.07024384706746786,0.0018287011131178587,-2.9503279075026514,0,0.0,0.0,0.0,,,4.045668273645411,0,0,0.0,-63.86985,-63.869850158691406,0.0,2758.509911739436
282,1784916370.7672622,,6.048882873728871,,4.254840891808271,,7.984981779009104,,1.0527475946582854,,2.5743174296803772,,1.1526108044563443,,2.680561267770827,,4.0,0.0,0.0,0.0,0.0,46235648,24364,22576,1411,-75.99063,0.08156729105394334,0.0013819985593727323,-2.943813270330429,0,0.0,0.0,0.0,,,4.05921106397587,0,0,0.0,-55.808155,-55.80815505981445,0.0,1850.1768911056192
283,1784916430.1855407,,3.7088558776304126,,3.0553518631495535,,7.926251664757729,,0.7395764801185578,,1.76905304659158,,1.3975310025853105,,3.1757200229912996,,6.6875,0.0,0.0,0.0,0.0,46399488,24432,22656,1416,-72.56694,0.07817652837838977,0.0022175525067723357,-2.9281101748347282,0,0.0,0.0,0.0,,,4.060394675037666,0,0,0.0,-60.417213,-60.417213439941406,0.0,2757.4004245484048
284,1784916518.5442286,,4.342463614884764,,4.324057914200239,,8.136643152683973,,1.3787194673204795,,3.134968806989491,,1.6732860352203716,,3.3156656206119806,,5.3125,0.0,0.0,0.0,0.0,46563328,24507,22736,1421,-76.3562,0.09770580036565661,0.0010146822009119206,-2.961785192787647,0,0.0,0.0,0.0,,,3.7794531601767445,0,0,0.0,-46.493374,-46.49337387084961,0.0,1854.2605216533086
285,1784916578.381129,,4.769831781741232,,4.558598189614713,,7.100634109228849,,1.5033989259973168,,2.7742143347859383,,1.825796106713824,,3.168011954985559,,5.5,0.0,0.0,0.0,0.0,46727168,24579,22816,1426,-76.006195,0.07775769901927561,0.0020827140899200456,-3.00636927485466,0,0.0,0.0,0.0,,,4.395680587079305,0,0,0.0,-72.38761,-72.38761138916016,0.0,2738.1098936270946
286,1784916666.4951088,,5.243680775165558,,3.56057686265558,,6.645230688154697,,1.1542830732651055,,2.3527525167446584,,1.5019435129943304,,3.32405416527763,,4.75,0.0,0.0,0.0,0.0,46891008,24653,22896,1431,-76.994156,0.07647635382600129,0.001624328552861698,-3.025247922539711,0,0.0,0.0,0.0,,,4.120503471410603,0,0,0.0,-82.96538,-82.96537780761719,0.0,1859.4095442145742
287,1784916725.5388916,,5.013667456805706,,4.377156684640795,,6.49700915440917,,1.292101353756152,,2.610075077973306,,1.9527779036434367,,3.435384761542082,,5.3125,0.0,0.0,0.0,0.0,47054848,24726,22976,1436,-76.084435,0.07581791761331261,0.0021200683011556977,-3.0207698166370394,0,0.0,0.0,0.0,,,3.9598954273762517,0,0,0.0,-60.51017,-60.510169982910156,0.0,2774.8899065069495
288,1784916785.0456343,,4.981811997713521,,2.311522481031716,,7.258662516251206,,1.076916880265344,,2.3984413500875235,,1.9170853451942094,,3.5200066212564707,,6.1875,0.0,0.0,0.0,0.0,47218688,24799,23056,1441,-72.61204,0.0942218005657196,-0.00075509133603191,-3.0117848962545395,0,0.0,0.0,0.0,,,3.731293250501969,0,0,0.0,-58.37606,-58.376060485839844,0.0,2753.3021547688522
289,1784916874.195536,,3.931752755306661,,4.152713284129277,,8.472908232361078,,1.2105732641066425,,2.2695518704131246,,1.4818319212645292,,3.0134988203644753,,5.875,0.0,0.0,0.0,0.0,47382528,24872,23136,1446,-76.64893,0.08137424453161657,0.00012069102667737752,-3.0296440199017525,0,0.0,0.0,0.0,,,4.031205028467612,0,0,0.0,-38.343056,-38.343055725097656,0.0,1837.8031030865316
290,1784916934.067079,,6.18540873285383,,3.503824472427368,,7.850373666733503,,1.1765069043030962,,2.3896997258998454,,1.4218282856745645,,3.1757725798524916,,4.9375,0.0,0.0,0.0,0.0,47546368,24945,23216,1451,-77.95773,0.08291548290289938,0.001441173469356727,-3.056826174259186,0,0.0,0.0,0.0,,,4.196598635009785,0,0,0.0,-69.57632,-69.5763168334961,0.0,2736.525596565195
291,1784917021.261443,,5.081801991909742,,4.57213758607395,,7.462893556803465,,1.2218376918463036,,2.5098297419026494,,1.460217327112332,,3.0317652667872608,,5.0,0.0,0.0,0.0,0.0,47710208,25015,23296,1456,-76.92406,0.0785498594166711,0.0015274539371603168,-3.0932828336954117,0,0.0,0.0,0.0,,,4.278599000439487,0,0,0.0,-72.925606,-72.92560577392578,0.0,1879.0209293402315
292,1784917079.390239,,4.730351992184296,,3.3610938186757267,,7.646915577352047,,1.5980232716538012,,3.0272015975788236,,1.7719636661058757,,3.50096570327878,,5.1875,0.0,0.0,0.0,0.0,47874048,25086,23376,1461,-74.357346,0.06480370042845607,0.001664018835799652,-3.1374953046441076,0,0.0,0.0,0.0,,,4.175015880211907,0,0,0.0,-75.18278,-75.18277740478516,0.0,2818.569321386412
293,1784917167.7462223,,4.5512849278748035,,3.571586566977203,,6.766769997775555,,1.1519352564937435,,2.1582806832157075,,2.162021522235591,,3.1174325477331877,,4.6875,0.0,0.0,0.0,0.0,48037888,25155,23456,1466,-75.03094,0.06664673939812929,0.002046340241213329,-3.1475201457738877,0,0.0,0.0,0.0,,,4.469697530832612,0,0,0.0,-65.28485,-65.28485107421875,0.0,1854.3163723145617
294,1784917226.7501245,,5.05274121183902,,3.6863300995901227,,6.810322506353259,,0.7997705938760191,,2.6580979651771486,,1.3638870202703401,,2.2854384416132234,,4.25,0.0,0.0,0.0,0.0,48201728,25225,23536,1471,-76.638504,0.08605403720866889,0.0017034489967045375,-3.1351429983973502,0,0.0,0.0,0.0,,,4.077947648319036,0,0,0.0,-65.12825,-65.12825012207031,0.0,2776.765553791746
295,1784917285.6317906,,4.955494413152337,,4.654641416855156,,7.410717513412237,,1.5046158639597706,,3.023826195858419,,1.519524180330336,,3.5514894034713507,,5.0625,0.0,0.0,0.0,0.0,48365568,25293,23616,1476,-78.45671,0.06596778959501534,0.0019045706660108408,-3.097869688272476,0,0.0,0.0,0.0,,,4.320725808696109,0,0,0.0,-52.80902,-52.80902099609375,0.0,2782.530063281232
296,1784917373.6859686,,4.695935752242804,,3.995850399369374,,6.412113170372322,,1.118641366774682,,2.544382279738784,,1.4488165848888457,,3.0331468116492033,,5.125,0.0,0.0,0.0,0.0,48529408,25363,23696,1481,-73.75671,0.08663463273551315,0.0011395813911804,-3.055770941078663,0,0.0,0.0,0.0,,,3.885774846453188,0,0,0.0,-75.73158,-75.73158264160156,0.0,1860.673154725047
297,1784917432.83564,,4.320158971240744,,3.31866767432075,,6.144681740552187,,1.4363931277330266,,2.6111188530921936,,1.8378470494644716,,3.2783041894435883,,4.6875,0.0,0.0,0.0,0.0,48693248,25435,23776,1486,-77.647446,0.08816368100233377,0.00024990605452330784,-3.0649564057588576,0,0.0,0.0,0.0,,,3.8452208057219486,0,0,0.0,-68.87924,-68.87924194335938,0.0,2769.920641165894
298,1784917521.3502395,,5.018221238278784,,4.20106261735782,,6.718891076743603,,1.3330604843940819,,2.917289596516639,,1.9867962412536144,,3.2038686610758305,,5.125,0.0,0.0,0.0,0.0,48857088,25504,23856,1491,-73.590225,0.0723804852925241,0.0013494888247805648,-3.0772081166505814,0,0.0,0.0,0.0,,,4.363387611507461,0,0,0.0,-78.57909,-78.57908630371094,0.0,1850.9941512324324
299,1784917581.198576,,4.580399333492551,,4.456888171844184,,7.044913191348314,,1.3629624946042895,,2.5656583486124873,,1.7177573732624296,,3.2316967425867915,,5.0,0.0,0.0,0.0,0.0,49020928,25575,23936,1496,-72.72329,0.07380824454594404,0.001118012894585263,-3.101671372354031,0,0.0,0.0,0.0,,,4.284545483700508,0,0,0.0,-63.61071,-63.61071014404297,0.0,2737.586512961868
300,1784917640.166906,,4.688525664387271,,4.686315320432186,,8.15094942227006,,0.6966057708450535,,1.959749551024288,,2.081761281006038,,3.702266775071621,,4.9375,0.0,0.0,0.0,0.0,49184768,25648,24016,1501,-78.14352,0.07572300801984966,-0.0006928168644662946,-3.1216253310441973,0,0.0,0.0,0.0,,,4.054236393284858,0,0,0.0,-52.979084,-52.97908401489258,0.0,2778.440775519745
301,1784917727.4018695,,5.7767868880182505,,2.4486292293295264,,5.6356368865817785,,0.6777892928221263,,2.4577539158053696,,1.2403299217112362,,3.5839947406202555,,4.625,0.0,0.0,0.0,0.0,49348608,25721,24096,1506,-75.42652,0.08531490878667683,0.0003972657345002517,-3.1200454413890837,0,0.0,0.0,0.0,,,3.7924027793723725,0,0,0.0,-74.96024,-74.96024322509766,0.0,1878.1459401237591
302,1784917784.984954,,4.581252024509013,,2.8748340031597763,,6.816611206158996,,0.44182701167301275,,2.5710389902815223,,2.1870835206937045,,3.4644587710499763,,4.25,0.0,0.0,0.0,0.0,49512448,25796,24176,1511,-80.19938,0.08830200121738016,0.00028645091224461795,-3.13821956217289,0,0.0,0.0,0.0,,,4.161191662853371,0,0,0.0,-38.991295,-38.991294860839844,0.0,2845.2798604998907
303,1784917872.6587756,,5.655745142139494,,2.095740895019844,,5.429164860397577,,1.1555956005031476,,2.832314814440906,,1.60068005672656,,3.384555224329233,,3.8125,0.0,0.0,0.0,0.0,49676288,25869,24256,1516,-75.19911,0.08431569435633719,0.0014744099687959533,-3.114836245775223,0,0.0,0.0,0.0,,,4.112679580932806,0,0,0.0,-49.645615,-49.64561462402344,0.0,1868.7452912037252
304,1784917930.6688287,,4.879838484339416,,4.794827634468675,,7.607437297701836,,0.7437632586515974,,2.344266325235367,,1.8623698316514492,,3.363272794522345,,5.875,0.0,0.0,0.0,0.0,49840128,25945,24336,1521,-75.85859,0.07021181439049543,0.0005156530882231891,-3.111842541396618,0,0.0,0.0,0.0,,,4.269877561734608,0,0,0.0,-25.691242,-25.691242218017578,0.0,2824.3371732678893
305,1784918013.6450403,,4.495065212249756,,3.308436869410798,,6.5933495201170444,,1.0317967853916343,,2.5933953444473445,,1.6412286914419383,,3.2182593503966928,,4.5625,0.0,0.0,0.0,0.0,49971200,26006,24400,1525,-78.19373,0.08714870726689697,0.0009073058499780018,-3.1053066298365595,0,0.0,0.0,0.0,,,4.1678448746056365,0,0,0.0,-64.022095,-64.0220947265625,0.0,1974.5421547960711
