# _tick,_time,plr_track_ground_roughness,track_ground_roughness,plr_track_student_ground_roughness,track_student_ground_roughness,plr_track_pit_gap_low,track_pit_gap_low,plr_track_student_pit_gap_low,track_student_pit_gap_low,plr_track_pit_gap_high,track_pit_gap_high,plr_track_student_pit_gap_high,track_student_pit_gap_high,plr_track_stump_height_low,track_stump_height_low,plr_track_student_stump_height_low,track_student_stump_height_low,plr_track_stump_height_high,track_stump_height_high,plr_track_student_stump_height_high,track_student_stump_height_high,plr_track_ued_ground_roughness,track_ued_ground_roughness,plr_track_ued_pit_gap_low,track_ued_pit_gap_low,plr_track_ued_pit_gap_high,track_ued_pit_gap_high,plr_track_ued_stump_height_low,track_ued_stump_height_low,plr_track_ued_stump_height_high,track_ued_stump_height_high,mean_env_return,adversary_env_pg_loss,adversary_env_value_loss,adversary_env_dist_entropy,dces_l_pi,dces_l_delta,dces_l_tot,dces_q_delta,dces_q_delta_std,dces_w1,dces_w2,dces_buf,dces_c_std,dces_c_absmean,dces_reg_std,steps,total_episodes,total_seeds,total_student_grad_updates,mean_agent_return,agent_value_loss,agent_pg_loss,agent_dist_entropy,mean_adversary_agent_return,adversary_value_loss,adversary_pg_loss,adversary_dist_entropy,kl_loss_advagent_agent,kl_loss_agent_advagent,dps_lambda_skill,dps_lambda_target,dps_mode,agent_grad_norm,adversary_grad_norm,adversary_env_grad_norm,solved_rate:BipedalWalker-MADS-POET-Rose-3a-Eval-v0,test_returns:BipedalWalker-MADS-POET-Rose-3a-Eval-v0,sps,target_agent_return
0,1784840756.560645,,5.28,,5.28,,4.799999999999999,,4.799999999999999,,7.200000000000002,,7.200000000000002,,1.9800000000000002,,1.9800000000000002,,2.759999999999999,,2.759999999999999,,5.8222216088324785,,5.418078532908112,,7.5973927832674235,,2.2286413442343473,,2.941056465730071,0.0016866577789187431,-0.006518673413665965,0.05965522139740642,1.4212419651448727,1.0009584426879883,0.0,1.0104960203170776,-0.06378106772899628,0.004572931677103043,0.6932991743087769,0.6115210056304932,16,0.39981359243392944,4.801478385925293,0.04645613953471184,32768,90,16,1,-123.92444,0.19361907383427024,-0.0025912001554388555,5.678390669822693,-131.1751,0.06667258789530024,-0.0029959825689729767,5.668741583824158,,,0.95,0.9,both,0.38551911377063286,0.3534675834867313,1.356950391561714,0.0,-119.47691,2137.8095915142135,-123.92444
1,1784840834.0777504,,5.28,,5.28,,4.799999999999999,,4.799999999999999,,7.200000000000002,,7.200000000000002,,1.9800000000000002,,1.9800000000000002,,2.759999999999999,,2.759999999999999,,5.624868194106966,,5.169306993484497,,7.445790754631162,,2.160833454108797,,2.853437961661257,0.014051785692572594,-0.004830150748603046,0.006982866485486738,1.426517579704523,0.9680224657058716,0.9279770851135254,0.9423134326934814,-0.004698655568063259,0.03619716688990593,0.7495429515838623,0.6080697774887085,96,0.48835211992263794,4.650847434997559,0.0797705203294754,196608,600,96,6,-141.5685,0.06554815687704832,-0.003720926873211283,5.608244234323502,-119.25791,0.09036583472043276,-0.0025821657909546047,5.596344834566116,,,0.95,0.9,both,0.2971541234969609,0.24455178831900476,1.0121920429100997,0.0,-125.937096,2113.598911097728,-141.5685
2,1784840913.055369,,5.28,,5.28,,4.799999999999999,,4.799999999999999,,7.200000000000002,,7.200000000000002,,1.9800000000000002,,1.9800000000000002,,2.759999999999999,,2.759999999999999,,5.098844170104712,,4.491910884156823,,6.897168877534568,,1.9303909020964056,,2.8231123900040984,0.027954192832112312,-0.016343463154044002,0.2257804526889231,1.4355880096554756,0.9542143940925598,0.9212893843650818,0.8970708847045898,0.0035689114592969418,0.07359020411968231,0.7953259944915771,0.6599210500717163,176,0.5225043296813965,4.248285293579102,0.057762447744607925,360448,1139,176,11,-121.073166,0.026812156266532838,-0.003482955353683792,5.518505123257637,-130.02272,0.029212849185569212,-0.0034163629927206783,5.516641971468926,,,0.95,0.9,both,0.2831980989538815,0.2420364639721833,2.1999820574541458,0.0,-132.90732,2074.513353807527,-121.073166
3,1784840992.981081,,5.28,,5.28,,4.799999999999999,,4.799999999999999,,7.200000000000002,,7.200000000000002,,1.9800000000000002,,1.9800000000000002,,2.759999999999999,,2.759999999999999,,5.3881811778992414,,4.741166977910325,,7.014978141523898,,1.9319297509500757,,2.6918442983878776,0.03862617164850235,-0.008209768973756582,0.004834528481296729,1.4400118105113506,0.8841328620910645,0.9273159503936768,0.7701430320739746,0.012299299240112305,0.09824433922767639,1.0263766050338745,0.6535665988922119,256,0.5223747491836548,4.3536200523376465,0.034276511520147324,524288,1430,256,16,-137.39,0.028520253428723663,-0.0035593438798969144,5.342953261733055,-138.08563,0.017366083292290568,-0.00379566814226564,5.359283202886582,,,0.95,0.9,both,0.28429175993895295,0.2669847456166453,0.9288889269251969,0.0,-127.73006,2049.903837452654,-137.39
4,1784841072.7157757,,5.28,,5.28,,4.799999999999999,,4.799999999999999,,7.200000000000002,,7.200000000000002,,1.9800000000000002,,1.9800000000000002,,2.759999999999999,,2.759999999999999,,6.088479459751397,,5.455988791771233,,7.597642194014043,,2.2903642781311646,,3.138715209439397,0.011783581227064133,-0.00465300923679024,0.006385000140653574,1.4485586248338223,0.7252323031425476,0.9314927458763123,0.43415552377700806,-0.001138879917562008,0.03253611549735069,1.532788634300232,0.6364760398864746,336,0.30937275290489197,4.9142374992370605,0.04121638834476471,688128,1610,336,21,-118.363304,0.015874701310531238,-0.002204924430407118,5.114970800280571,-124.04093,0.009764822613215074,-0.0028659555900958367,5.098950588703156,,,0.95,0.9,both,0.3009164692961979,0.320624549058107,0.732559801960263,0.0,-124.47914,2054.8141116022603,-118.363304
5,1784841152.6879432,,5.28,,5.28,,4.799999999999999,,4.799999999999999,,7.200000000000002,,7.200000000000002,,1.9800000000000002,,1.9800000000000002,,2.759999999999999,,2.759999999999999,,4.751042653108016,,3.967082400806248,,6.431010764557868,,1.6342836580006406,,2.4002120262011886,0.01860034465789795,-0.0018764333799481392,0.008698055440618191,1.4527535028755665,0.6695857644081116,0.9250754117965698,0.48435425758361816,-0.021432168781757355,0.05237327516078949,2.003297805786133,0.6135902404785156,416,0.32607078552246094,3.836726427078247,0.03338677063584328,851968,1775,416,26,-120.259056,0.013674317963887007,-0.00151105151817319,4.884168520569801,-127.13125,0.012969782235450112,-0.0031919835266307926,4.817163473367691,,,0.95,0.9,both,0.3045530492797809,0.31276949406833476,1.6351484518737522,0.0,-121.82039,2048.7111825062193,-120.259056
6,1784841229.6267416,,5.28,,5.28,,4.799999999999999,,4.799999999999999,,7.200000000000002,,7.200000000000002,,1.9800000000000002,,1.9800000000000002,,2.759999999999999,,2.759999999999999,,5.097264118376188,,4.463498883182183,,6.930104590952396,,1.9416043641977012,,2.7893751431256533,0.027165167033672333,-0.011986712808720767,0.027424157666246174,1.4634509645402431,0.700746476650238,0.9280791282653809,0.5816687345504761,-0.036558568477630615,0.06953425705432892,1.6084704399108887,0.5816496014595032,496,0.5099576711654663,4.244369029998779,0.022330360487103462,1015808,1937,496,31,-116.31978,0.010663606738671661,-0.002200434951009811,4.621491578221321,-118.75254,0.01108572224911768,-0.0015468914178200066,4.587269741296768,,,0.95,0.9,both,0.3808614659664483,0.3450250830976855,1.354662570551577,0.0,-129.6153,2129.484675944848,-116.31978
7,1784841305.893797,,5.28,,5.28,,4.799999999999999,,4.799999999999999,,7.200000000000002,,7.200000000000002,,1.9800000000000002,,1.9800000000000002,,2.759999999999999,,2.759999999999999,,5.465126134455204,,4.883163112215698,,7.300925088886288,,2.278362617827952,,2.9639722465071827,0.02570558339357376,-0.01254695577063103,0.010254864220769377,1.4745851084589958,0.7132236361503601,0.9622052907943726,0.6173211932182312,0.010346305556595325,0.07140962779521942,1.5178760290145874,0.5785587430000305,576,0.5013701915740967,4.578310012817383,0.019921179860830307,1179648,2102,576,36,-110.66608,0.011181098112137989,-0.0023262877919478344,4.365572738647461,-115.82471,0.011099858034867793,-0.0016030818682338578,4.347446799278259,,,0.95,0.9,both,0.4081938897899734,0.39887196185983276,1.01827648835219,0.0,-109.52122,2148.2408548305216,-110.66608
8,1784841382.0526361,,5.28,,5.28,,4.799999999999999,,4.799999999999999,,7.200000000000002,,7.200000000000002,,1.9800000000000002,,1.9800000000000002,,2.759999999999999,,2.759999999999999,,4.876878754468635,,4.680257534608245,,6.8379156375303864,,1.683307299434091,,2.5127073698677123,0.02220882847905159,-0.0064915627008304,0.008825194116070634,1.4819600321352482,0.7460163235664368,0.9646971821784973,0.6127455830574036,0.006725223269313574,0.06958083808422089,1.3439064025878906,0.5541937351226807,656,0.48254379630088806,4.118213176727295,0.018179800361394882,1343488,2269,656,41,-108.370316,0.011970687977736816,-0.00171138613804942,4.145840802788735,-116.674545,0.01228700470237527,-0.0020612114458344877,4.1018083721399305,,,0.95,0.9,both,0.389457733499423,0.43090287871645394,0.94347109404554,0.0,-109.64711,2151.293222840658,-108.370316
9,1784841460.4199631,,5.28,,5.28,,4.799999999999999,,4.799999999999999,,7.200000000000002,,7.200000000000002,,1.9800000000000002,,1.9800000000000002,,2.759999999999999,,2.759999999999999,,5.106182312127203,,4.710733139887452,,7.417226640041918,,1.8871813882142305,,2.50741895288229,0.025331977754831314,-0.014301316917453732,0.027325157563609537,1.5036027543246746,0.6633730530738831,0.9578279256820679,0.4555971622467041,0.028830399736762047,0.06946355849504471,1.21156644821167,0.5678058862686157,736,0.4813802242279053,4.325748443603516,0.008469795808196068,1507328,2433,736,46,-103.52956,0.014411380840465426,-0.0013918478987761773,3.869583438336849,-112.40704,0.010124611092032864,-0.0035640375230286737,3.805791346728802,,,0.95,0.9,both,0.4874328497941077,0.5279095410427217,1.0110834415529037,0.0,-102.69185,2090.669218046446,-103.52956
10,1784841537.126454,,5.28,,5.28,,4.799999999999999,,4.799999999999999,,7.200000000000002,,7.200000000000002,,1.9800000000000002,,1.9800000000000002,,2.759999999999999,,2.759999999999999,,4.718426415347494,,4.3625222456030315,,6.674336378462613,,1.8410894771805033,,2.5969333136454225,0.027110787108540535,-0.00019773490566876717,0.010478405849426053,1.51748001947999,0.8864670395851135,0.9101336598396301,1.2718381881713867,-0.0166473388671875,0.06751059740781784,1.0916454792022705,0.5442018508911133,816,0.4490591883659363,4.038661479949951,0.04854828864336014,1671168,2610,816,51,-95.02563,0.006865150824887678,-0.0005489118804689497,3.598094272613525,-111.024765,0.03216966483741999,-0.0025416113770916128,3.5679576501250265,,,0.95,0.9,both,0.5808784389818692,0.557896668550637,0.8731851019901582,0.0,-103.29497,2135.9319867002273,-95.02563
11,1784841613.8950438,,5.28,,5.28,,4.799999999999999,,4.799999999999999,,7.200000000000002,,7.200000000000002,,1.9800000000000002,,1.9800000000000002,,2.759999999999999,,2.759999999999999,,4.837366344407201,,4.312496385537088,,6.627247117459774,,1.8267962890677154,,2.547184300608933,0.02206161618232727,0.0008671667892485857,0.03308103792369366,1.5210941582918167,0.7842119932174683,0.8656827211380005,0.7458394169807434,-0.01074377354234457,0.05972481518983841,0.743315577507019,0.5313752889633179,896,0.4126063883304596,4.03021764755249,0.0450761504471302,1835008,2807,896,56,-89.15568,0.008644317676953506,-0.0012561587900563609,3.2847293987870216,-123.50039,0.027605117741040887,-0.003446353573963279,3.396117867529392,,,0.95,0.9,both,0.5996079464568131,0.5992642022304027,1.2861905352968668,0.0,-108.600746,2134.2061887337877,-89.15568
12,1784841689.710535,,5.28,,5.28,,4.799999999999999,,4.799999999999999,,7.200000000000002,,7.200000000000002,,1.9800000000000002,,1.9800000000000002,,2.759999999999999,,2.759999999999999,,4.960615124087781,,4.598467034171335,,6.976786670740694,,1.8270571783650664,,2.667722624260932,0.026556815952062607,-0.0005211256793700159,0.017099394142860547,1.5312970019876957,0.6987693309783936,0.8622339963912964,0.6531084775924683,0.03512153774499893,0.06852033734321594,0.8094960451126099,0.5108013153076172,976,0.5183313488960266,4.206130027770996,0.04294368624687195,1998848,2994,976,61,-83.34257,0.006985933355463203,-0.0018057461798889562,3.005289579927921,-112.31803,0.025684729556087405,-0.002271532297891099,3.1383129864931107,,,0.95,0.9,both,0.671519080136604,0.6661447848127692,1.1533922716879124,0.0,-98.76369,2161.0349583595944,-83.34257
13,1784841764.4923425,,5.28,,5.28,,4.799999999999999,,4.799999999999999,,7.200000000000002,,7.200000000000002,,1.9800000000000002,,1.9800000000000002,,2.759999999999999,,2.759999999999999,,5.591570114484057,,5.098567368928343,,7.7639591111801565,,2.221625636157114,,3.064411310479045,0.015712032094597816,-0.02025779293035157,0.009207102833897807,1.5365592874586582,0.7003474831581116,0.8895573616027832,0.6281944513320923,-0.01527495589107275,0.04453018307685852,0.87506103515625,0.513019323348999,1056,0.4412084221839905,4.748026371002197,0.0405159592628479,2162688,3166,1056,66,-81.4857,0.00939337334712036,-0.001899431004858343,2.7212806925177575,-107.90121,0.022922597511205824,-0.002412147524592001,2.8719534993171694,,,0.95,0.9,both,0.6379969162003565,0.7046163993633549,0.7563048799439325,0.0,-86.526146,2190.907986474455,-81.4857
14,1784841839.5773933,,5.28,,5.28,,4.799999999999999,,4.799999999999999,,7.200000000000002,,7.200000000000002,,1.9800000000000002,,1.9800000000000002,,2.759999999999999,,2.759999999999999,,5.000156000605784,,4.139932685997337,,6.535838417708874,,1.7740016124444082,,2.463769851718098,0.02643933892250061,0.0004919080529361963,0.000696286124366452,1.548295058310032,0.8123070597648621,0.9043146967887878,0.790394127368927,0.01696702279150486,0.0609494149684906,0.8697515726089478,0.47156015038490295,1136,0.4704112112522125,3.982739210128784,0.07022708654403687,2326528,3357,1136,71,-73.49486,0.004477796550781931,-0.0008155351206369232,2.5474340602755547,-112.55702,0.04286839353153482,-0.002357442492211703,2.6503487646579744,,,0.95,0.9,both,0.7960304799519703,0.720010580632534,0.6712529911984582,0.0,-86.048256,2182.058921081439,-73.49486
15,1784841913.0222766,,5.28,,5.28,,4.799999999999999,,4.799999999999999,,7.200000000000002,,7.200000000000002,,1.9800000000000002,,1.9800000000000002,,2.759999999999999,,2.759999999999999,,4.604370224988088,,3.9340378157794476,,6.434866453986615,,1.6172269135713577,,2.3640803350135684,0.009597169235348701,-0.0007800498860888183,0.032390970052802004,1.5524132139980793,0.5812247395515442,0.8899747133255005,0.5820553302764893,0.016124390065670013,0.02808288112282753,0.9590709209442139,0.4710126519203186,1216,0.2742326855659485,3.7909164428710938,0.05878240242600441,2490368,3536,1216,76,-76.132576,0.008559834286279511,-0.0009470940109167714,2.3111767679452897,-91.64671,0.020647244126303123,-0.000674903036269825,2.431320321559906,,,0.95,0.9,both,0.739197266020184,0.7869110992222782,1.2303699049587047,0.0,-102.189896,2230.78823521928,-76.132576
16,1784841987.60908,,5.28,,5.28,,4.799999999999999,,4.799999999999999,,7.200000000000002,,7.200000000000002,,1.9800000000000002,,1.9800000000000002,,2.759999999999999,,2.759999999999999,,5.805780714377761,,5.022650047001662,,7.362473669229075,,2.1680611963383853,,2.9749242612160742,0.015551792457699776,0.0003137097228318453,0.03321144757501315,1.555618368089199,0.743998646736145,1.0500268936157227,0.7009028792381287,-0.04068810120224953,0.04299848899245262,0.7884951829910278,0.47687238454818726,1296,0.45336586236953735,4.666777610778809,0.04681176692247391,2654208,3745,1296,81,-74.75399,0.011785581914591604,3.101086695096455e-05,2.126528787612915,-101.50017,0.034421947714872655,-0.0030693372318637557,2.215136933326721,,,0.95,0.9,both,0.7827968659196428,0.7582230138536563,1.1501703649149686,0.0,-91.661354,2196.6352138640686,-74.75399
17,1784842064.567485,,5.28,,5.28,,4.799999999999999,,4.799999999999999,,7.200000000000002,,7.200000000000002,,1.9800000000000002,,1.9800000000000002,,2.759999999999999,,2.759999999999999,,5.761529639363289,,5.35306507255882,,7.992144134826958,,2.2260470087639987,,3.0670154381077737,0.017140528187155724,-0.0073282261378153635,0.0017224297662323806,1.5676279924809933,0.6942000985145569,1.0689241886138916,0.6262403130531311,0.010545488446950912,0.05399170145392418,0.8152801990509033,0.4905649721622467,1376,0.39921683073043823,4.879960536956787,0.054082222282886505,2818048,3924,1376,86,-74.34945,0.010827110669924877,-0.00015313882613554597,1.9170558266341686,-85.21889,0.026806978590320794,-0.0012706239009276032,2.028810642659664,,,0.95,0.9,both,0.8121285161656939,0.8336035777654895,0.6292893122258272,0.0,-84.84589,2128.943741932584,-74.34945
18,1784842142.6172864,,5.28,,5.28,,4.799999999999999,,4.799999999999999,,7.200000000000002,,7.200000000000002,,1.9800000000000002,,1.9800000000000002,,2.759999999999999,,2.759999999999999,,5.808175954967737,,4.989950460381806,,7.642094777897,,2.1594202112028142,,3.0260548589285463,0.03208452835679054,-0.0007193124620243907,0.0010592645148790325,1.5797602273523808,0.649606466293335,0.86211097240448,0.6556214094161987,0.03191441297531128,0.07007341086864471,0.9751759767532349,0.48134079575538635,1456,0.531583309173584,4.725139141082764,0.040509119629859924,2981888,4100,1456,91,-62.748848,0.007699160878837574,-0.0005709846423997078,1.7189594954252243,-83.817986,0.012997666033334099,-0.0014129188377410174,1.781496662646532,,,0.95,0.9,both,0.8732287106738184,0.9703415722220166,0.6494457071951902,0.0,-72.30296,2099.171499470457,-62.748848
19,1784842219.4527242,,5.28,,5.28,,4.799999999999999,,4.799999999999999,,7.200000000000002,,7.200000000000002,,1.9800000000000002,,1.9800000000000002,,2.759999999999999,,2.759999999999999,,4.612644698470831,,4.167307982570492,,6.447917897254229,,1.6620381269603968,,2.428173112682998,0.017494898289442062,3.3263058867305517e-06,0.0029194202325015794,1.5937462970614433,0.8100670576095581,1.0529024600982666,1.054492712020874,-0.014673832803964615,0.04431827366352081,1.2387964725494385,0.4384409785270691,1536,0.3399783968925476,3.8636162281036377,0.053134795278310776,3145728,4264,1536,96,-64.00322,0.0069337298351456415,-0.0008832180996250827,1.5075324840843678,-81.98677,0.01779443786945194,-0.0001553918562422041,1.5078986398875713,,,0.95,0.9,both,0.9391029765204546,1.037017901191015,0.7913506358943048,0.0,-98.2234,2132.3491473623276,-64.00322
20,1784842296.7435923,,5.28,,5.28,,4.799999999999999,,4.799999999999999,,7.200000000000002,,7.200000000000002,,1.9800000000000002,,1.9800000000000002,,2.759999999999999,,2.759999999999999,,5.723593481816351,,5.266957966610789,,7.70540389791131,,2.2316615163581446,,2.95234878140036,0.027849067002534866,-0.000778475368861109,0.0153324333296041,1.608869343996048,0.635991096496582,0.8979336023330688,0.5526169538497925,-0.008567560464143753,0.07204543799161911,0.9846268892288208,0.45050495862960815,1616,0.4804501533508301,4.7759928703308105,0.032788459211587906,3309568,4436,1616,101,-61.890118,0.008391331283200998,0.00037960709669278004,1.2880682699382304,-72.19945,0.009830177860567346,-0.001079116421897197,1.3367141470313073,,,0.95,0.9,both,1.0606763352278243,1.0229715553869885,1.048798033190932,0.0,-81.76972,2119.7848358687206,-61.890118
21,1784842374.1317554,,5.28,,5.28,,4.799999999999999,,4.799999999999999,,7.200000000000002,,7.200000000000002,,1.9800000000000002,,1.9800000000000002,,2.759999999999999,,2.759999999999999,,5.615665171761066,,4.802281470329035,,7.2646525194868445,,2.093354883720167,,2.8816765918163583,0.03506064414978027,-0.0014028252335265279,0.05427731134113856,1.6120954975485802,0.4596383571624756,0.9654148817062378,0.45002177357673645,0.0018708202987909317,0.08455515652894974,1.0154136419296265,0.4568595290184021,1696,0.5580947995185852,4.5315260887146,0.033695515245199203,3473408,4601,1696,106,-54.393055,0.008852330392983276,-0.0004732175715616904,1.0634992495179176,-69.04391,0.014456673941458576,-0.0004748963241581805,1.1172064542770386,,,0.95,0.9,both,0.9625085447100521,1.0475515742484305,1.2580463921085345,0.0,-60.46505,2117.1199097088784,-54.393055
22,1784842451.6508944,,5.28,,5.28,,4.799999999999999,,4.799999999999999,,7.200000000000002,,7.200000000000002,,1.9800000000000002,,1.9800000000000002,,2.759999999999999,,2.759999999999999,,5.445933467708528,,5.073740431107581,,7.093307624571025,,2.1322113723726943,,2.858823445974849,0.037138860672712326,-0.007461135406629182,0.0026903306898020674,1.6164790987968445,0.6869872808456421,1.0040709972381592,0.6222391128540039,0.005708701908588409,0.09243158251047134,0.9449198842048645,0.424276739358902,1776,0.5547100305557251,4.520802974700928,0.038574717938899994,3637248,4769,1776,111,-57.608265,0.00829384834796656,3.6373712646309286e-06,0.8990905556827784,-80.94183,0.013889105542330072,-0.0018485732856788673,0.8909704744815826,,,0.95,0.9,both,1.0240496477031684,1.093996934192408,0.6040532604575024,0.0,-71.226006,2113.542396215259,-57.608265
23,1784842528.6145103,,5.28,,5.28,,4.799999999999999,,4.799999999999999,,7.200000000000002,,7.200000000000002,,1.9800000000000002,,1.9800000000000002,,2.759999999999999,,2.759999999999999,,4.76084745908156,,4.512652389705181,,6.859071667946409,,1.716306997463107,,2.5148000243352726,0.013232717290520668,-0.0008546083699911833,0.03425793400674593,1.62848599255085,0.3312253952026367,0.8256384134292603,0.3167515695095062,0.026200713589787483,0.03227078542113304,0.8420357704162598,0.4246712327003479,1856,0.48866620659828186,4.072735786437988,0.04310544580221176,3801088,4936,1856,116,-53.623554,0.008472141488164197,-0.0005751587792474311,0.6915536399930715,-58.14173,0.0063033527316292744,-0.0015410809923196212,0.6872448068112135,,,0.95,0.9,both,1.1242805233291793,1.218880920829185,1.2237734354510619,0.0,-80.396515,2128.7985418435137,-53.623554
24,1784842604.335498,,5.28,,5.28,,4.799999999999999,,4.799999999999999,,7.200000000000002,,7.200000000000002,,1.9800000000000002,,1.9800000000000002,,2.759999999999999,,2.759999999999999,,4.765235002618283,,4.099856039509177,,6.379269925877452,,1.7149172420613468,,2.5551462843141053,0.013967493548989296,-0.012147657253080979,0.0011749483708172193,1.6471350118517876,0.47674107551574707,0.9794930815696716,0.48424971103668213,0.0034859320148825645,0.05879293754696846,1.0505985021591187,0.40067487955093384,1936,0.37835484743118286,3.9028847217559814,0.036556635051965714,3964928,5103,1936,121,-53.319847,0.0069037498775287535,0.0005267120650387369,0.48170349523425104,-60.145008,0.0109706250106683,-0.0015813620790140702,0.5022312233224511,,,0.95,0.9,both,1.2052001046467904,1.140776859433871,0.9701449480262301,0.0,-75.77799,2163.7336158182757,-53.319847
25,1784842680.393827,,5.28,,5.28,,4.799999999999999,,4.799999999999999,,7.200000000000002,,7.200000000000002,,1.9800000000000002,,1.9800000000000002,,2.759999999999999,,2.759999999999999,,5.087558750063181,,4.743871429935098,,7.092349898186512,,1.9117868077009916,,2.855465928092599,0.01717972755432129,-0.005680639675119892,0.04581135223270394,1.6526160761713982,0.489089697599411,0.9613384008407593,0.43099716305732727,0.02146332710981369,0.046331986784935,0.8624751567840576,0.4071551561355591,2016,0.592664897441864,4.3382062911987305,0.045355070382356644,4128768,5270,2016,126,-51.29319,0.011676508752861992,0.0005978819899610244,0.33813484404236077,-61.46189,0.006953051497112029,-0.0013142157578840852,0.34452143106609584,,,0.95,0.9,both,1.1935100088363122,1.3742737578653308,1.2085434017174967,0.0,-58.39486,2154.1351687060737,-51.29319
26,1784842755.8347173,,5.28,,5.28,,4.799999999999999,,4.799999999999999,,7.200000000000002,,7.200000000000002,,1.9800000000000002,,1.9800000000000002,,2.759999999999999,,2.759999999999999,,5.323971289442852,,4.941571724193636,,7.349110362352803,,2.1054836357361637,,3.0796369425952435,0.019130291417241096,-0.007327099912799895,0.005072935564385261,1.6693090870976448,0.5447508692741394,0.9153417348861694,0.5017656087875366,0.016326263546943665,0.05348384007811546,0.712517261505127,0.38962221145629883,2096,0.49468570947647095,4.559954643249512,0.040767159312963486,4292608,5447,2096,131,-37.327236,0.004779241581854876,0.0007293769464013167,0.17287666695192455,-63.4768,0.011185079428832978,-0.0013528591094654984,0.22538028545677663,,,0.95,0.9,both,1.4106334304286325,1.3678393110520681,0.7186922406911933,0.0,-67.19988,2171.766405872202,-37.327236
27,1784842832.5185997,,5.28,,5.28,,4.799999999999999,,4.799999999999999,,7.200000000000002,,7.200000000000002,,1.9800000000000002,,1.9800000000000002,,2.759999999999999,,2.759999999999999,,4.830848335986957,,4.35568092437461,,6.6727670365944505,,1.7650488084182143,,2.417490031453781,0.017124231904745102,-0.0006897161074448377,0.0010926741711045906,1.6731432154774666,1.0320594310760498,1.0402145385742188,1.0231624841690063,0.00267177727073431,0.04612400755286217,0.8684452176094055,0.38597744703292847,2176,0.4412471354007721,4.00836706161499,0.06928307563066483,4456448,5632,2176,136,-42.17896,0.013408170736511238,0.001521022389351856,0.09500250145792961,-76.83066,0.02479388719657436,-5.1693950081244114e-05,0.08465705066919327,,,0.95,0.9,both,1.366390953607383,1.4378727016219799,0.5633100372700118,0.0,-49.324577,2136.5641214933135,-42.17896
28,1784842909.9272695,,5.28,,5.28,,4.799999999999999,,4.799999999999999,,7.200000000000002,,7.200000000000002,,1.9800000000000002,,1.9800000000000002,,2.759999999999999,,2.759999999999999,,4.9199756430462,,4.354536128696054,,6.645390959456563,,1.8825563660357147,,2.5610078405588865,0.018516557291150093,-0.00245001983421389,0.011476761610538233,1.6802092716097832,0.5874901413917542,0.9271456599235535,0.5524373650550842,0.03126678243279457,0.05106772482395172,0.7334238290786743,0.397104412317276,2256,0.49505168199539185,4.072693824768066,0.04993155971169472,4620288,5803,2256,141,-44.824703,0.010406675600097514,8.127547189360485e-05,-0.03311214670538902,-61.45266,0.019160233761067503,0.0007581819168990478,-0.00435062050819397,,,0.95,0.9,both,1.2821009193455695,1.3479094144846548,0.6870261662796184,0.0,-35.123924,2116.560582879553,-44.824703
29,1784842986.5252166,,5.28,,5.28,,4.799999999999999,,4.799999999999999,,7.200000000000002,,7.200000000000002,,1.9800000000000002,,1.9800000000000002,,2.759999999999999,,2.759999999999999,,4.914873267523944,,4.501984176924452,,6.981474025174975,,1.968539502704516,,2.7480032097082585,0.02100028097629547,0.0021017800318077207,0.00039049841006999486,1.6932217702269554,0.605848491191864,0.8460591435432434,0.5495139956474304,0.025572501122951508,0.05001743510365486,0.7179296016693115,0.38387975096702576,2336,0.5425354242324829,4.22297477722168,0.04205482825636864,4784128,5983,2336,146,-67.47271,0.011214382873731665,0.00017741548363119363,-0.14752009343355893,-58.19453,0.013957812552689575,-0.0004319936284446158,-0.12725657895207404,,,0.95,0.9,both,1.390856787368972,1.437899245215602,0.6915038737098249,0.0,-58.277893,2138.958705912628,-67.47271
30,1784843064.6536617,,5.28,,5.28,,4.799999999999999,,4.799999999999999,,7.200000000000002,,7.200000000000002,,1.9800000000000002,,1.9800000000000002,,2.759999999999999,,2.759999999999999,,5.370938874781132,,4.853594939690083,,7.172173794358969,,2.1271483823657036,,2.7792977293138392,0.030641179531812668,0.0004533432875177823,0.0006722757589159301,1.697915330529213,0.47440847754478455,0.9781324863433838,0.42042970657348633,0.016411192715168,0.07867837697267532,0.8137162327766418,0.36022281646728516,2416,0.5660346746444702,4.460630416870117,0.03866817057132721,4947968,6160,2416,151,-57.636883,0.011140070611145348,0.0008363867498701438,-0.20687133045867084,-47.635307,0.008319886750541627,-0.0003138570609735325,-0.27343470584601165,,,0.95,0.9,both,1.3631104809158525,1.6996767991207142,0.58624457708286,0.0,-69.021545,2097.0597535827774,-57.636883
31,1784843141.884084,,5.28,,5.28,,4.799999999999999,,4.799999999999999,,7.200000000000002,,7.200000000000002,,1.9800000000000002,,1.9800000000000002,,2.759999999999999,,2.759999999999999,,5.050200461875647,,4.743559317896143,,6.699817230924964,,1.828575682680821,,2.5885666550602764,0.023029081523418427,-0.00027698837220668793,0.0007524106222263072,1.7150725200772285,0.528023898601532,0.904550313949585,0.46998727321624756,0.0012541525065898895,0.0638720765709877,0.791206419467926,0.3435620367527008,2496,0.5416803956031799,4.182143688201904,0.04097466915845871,5111808,6331,2496,156,-73.8522,0.011241618954227307,0.00017773554427549242,-0.31414119992405176,-47.408524,0.014597022789530456,2.815920906868996e-05,-0.3425244053825736,,,0.95,0.9,both,1.4149214361904388,1.2993163641811234,0.5743827678824969,0.0,-94.51852,2121.4443882535365,-73.8522
32,1784843219.6416633,,5.28,,5.28,,4.799999999999999,,4.799999999999999,,7.200000000000002,,7.200000000000002,,1.9800000000000002,,1.9800000000000002,,2.759999999999999,,2.759999999999999,,5.336836721748114,,4.994193830527365,,7.830355955986306,,2.1482868986204267,,2.883571649901569,0.01986662670969963,0.0002348489360883832,0.000879478459864913,1.7281006574630737,0.5689241886138916,0.9577550292015076,0.47832638025283813,-0.017720818519592285,0.05129130184650421,0.7975566387176514,0.3386123478412628,2576,0.4988611340522766,4.638648986816406,0.03946347534656525,5275648,6520,2576,161,-60.018524,0.018387334857834503,-4.819864698220044e-05,-0.3918152403086424,-85.03884,0.020729905349435286,0.0012719511840259656,-0.435345615260303,,,0.95,0.9,both,1.3682850534873996,1.4985422079145128,0.4309549211273357,0.0,-61.951263,2107.0616121980693,-60.018524
33,1784843298.0505807,,5.28,,5.28,,4.799999999999999,,4.799999999999999,,7.200000000000002,,7.200000000000002,,1.9800000000000002,,1.9800000000000002,,2.759999999999999,,2.759999999999999,,5.387672515120357,,5.1997815845534205,,7.49183929245919,,2.189564225729555,,3.029389987234026,0.018669722601771355,-0.006021871347911656,0.03219198498118203,1.7347529381513596,0.6521804928779602,0.8519560098648071,0.5863966345787048,0.0020549469627439976,0.055080488324165344,0.7745926380157471,0.32907333970069885,2656,0.5303345918655396,4.659649848937988,0.03175099194049835,5439488,6713,2656,166,-75.28459,0.02945330090005882,9.540057508274912e-05,-0.4091852929443121,-62.415844,0.013266210778965615,0.0014848611201159656,-0.5082417650148272,,,0.95,0.9,both,1.4180715506138168,1.5239633125344365,1.1554007901872438,0.0,-74.4359,2089.557255401028,-75.28459
34,1784843375.0242357,,5.28,,5.28,,4.799999999999999,,4.799999999999999,,7.200000000000002,,7.200000000000002,,1.9800000000000002,,1.9800000000000002,,2.759999999999999,,2.759999999999999,,5.448891576379538,,5.1264145551249385,,7.32635803706944,,2.025552876992151,,2.801974273752421,0.02452250011265278,-0.001263269514311105,0.0015956579973135376,1.738385058939457,0.7303701639175415,0.9269585609436035,0.6557562351226807,0.0013830503448843956,0.058734916150569916,0.6361223459243774,0.3287103772163391,2736,0.5603880286216736,4.545838356018066,0.03469762206077576,5603328,6900,2736,171,-53.789234,0.02318206806667149,0.0008813204447505995,-0.5336649600416422,-60.41274,0.025544322200585157,0.0004079352584085427,-0.5556754752993583,,,0.95,0.9,both,1.608023025640394,1.6629184315334757,0.5625634898540524,0.0,-87.3518,2128.520443854065,-53.789234
35,1784843453.380288,,5.28,,5.28,,4.799999999999999,,4.799999999999999,,7.200000000000002,,7.200000000000002,,1.9800000000000002,,1.9800000000000002,,2.759999999999999,,2.759999999999999,,5.781446248758584,,5.423090100288391,,7.770455671241507,,2.1803029435686767,,2.980094654019922,0.014461101964116096,-0.0070937370182946324,0.013576683348219376,1.748008981347084,0.8793655037879944,0.9097145795822144,0.7871062159538269,-0.029373232275247574,0.04237019643187523,0.7375813722610474,0.32814913988113403,2816,0.4760803282260895,4.827077865600586,0.04191562160849571,5767168,7082,2816,176,-47.002075,0.01841085436171852,0.0028351829663733953,-0.5710864424705505,-103.39722,0.03205382085288875,0.000779033965227427,-0.6149272497743368,,,0.95,0.9,both,1.6928205739022548,1.7431486468417432,0.79763173514378,0.0,-64.03938,2090.96819290774,-47.002075
36,1784843531.3969946,,5.28,,5.28,,4.799999999999999,,4.799999999999999,,7.200000000000002,,7.200000000000002,,1.9800000000000002,,1.9800000000000002,,2.759999999999999,,2.759999999999999,,4.8773681405582465,,4.240353250410408,,6.830896060913801,,1.7122391439042985,,2.603296665358357,0.013687551021575928,-0.0011716584558598697,0.02300772188755218,1.7540610656142235,0.8328725099563599,0.9942357540130615,0.7295799851417542,0.015029214322566986,0.03812548890709877,0.9318768978118896,0.3060811758041382,2896,0.5293543934822083,4.052830696105957,0.03511417284607887,5931008,7264,2896,181,-45.712612,0.00857435723155504,-7.743800160824321e-05,-0.6713953536003828,-68.483116,0.023982719954801723,0.002295975654851645,-0.6907745502889157,,,0.95,0.9,both,1.6061084376202373,1.766084728113207,0.8149467556571868,0.0,-56.158356,2100.063534535424,-45.712612
37,1784843609.2191772,,5.28,,5.28,,4.799999999999999,,4.799999999999999,,7.200000000000002,,7.200000000000002,,1.9800000000000002,,1.9800000000000002,,2.759999999999999,,2.759999999999999,,5.286160192918032,,4.8152703497326,,7.379710307810456,,2.0542075582779944,,2.8230279251001775,0.015688251703977585,-0.0014163495907268953,0.009071480890270323,1.7602177262306213,0.7707779407501221,0.9557833075523376,0.6944195628166199,-2.0734965801239014e-05,0.04857419431209564,0.7058824896812439,0.2975522577762604,2976,0.5629352331161499,4.471675395965576,0.023818854242563248,6094848,7436,2976,186,-54.345215,0.015585004020249472,0.00027358078950783237,-0.7548271998763084,-62.69869,0.020489035884384065,0.00044528380894917066,-0.7745001923292876,,,0.95,0.9,both,1.4700707027178468,1.6820034001979063,0.642735346957628,0.0,-51.148735,2105.3115125645413,-54.345215
38,1784843686.2089024,,5.28,,5.28,,4.799999999999999,,4.799999999999999,,7.200000000000002,,7.200000000000002,,1.9800000000000002,,1.9800000000000002,,2.759999999999999,,2.759999999999999,,5.272318432107568,,4.96581643819809,,7.1381234442815185,,2.0850439006462693,,2.90368789085187,0.019652443006634712,-0.00560802491963841,0.000339292519583978,1.770171470940113,0.6412185430526733,0.8058044910430908,0.5820220708847046,0.03367866948246956,0.050668008625507355,1.2306830883026123,0.2672913670539856,3056,0.5936996340751648,4.472997665405273,0.02512098290026188,6258688,7606,3056,191,-51.94168,0.009440001980692614,0.0016179890619241633,-0.8298970948904753,-50.770042,0.012195609029731713,0.0019246648269472643,-0.8754027757793665,,,0.95,0.9,both,1.677855093453393,1.90821654048461,0.40702765644732286,0.0,-57.268402,2128.076379642236,-51.94168
39,1784843762.8871458,,5.28,,5.28,,4.799999999999999,,4.799999999999999,,7.200000000000002,,7.200000000000002,,1.9800000000000002,,1.9800000000000002,,2.759999999999999,,2.759999999999999,,5.458835917059332,,4.956647741608322,,7.501599916256964,,2.2119185880292207,,3.0477398997172713,0.014623883180320263,-0.009171562152914703,0.0027451692840259057,1.7779885046184063,0.7816762924194336,0.9118638038635254,0.624807596206665,-0.021374719217419624,0.04208483174443245,0.926244854927063,0.26990899443626404,3136,0.5635092258453369,4.635348320007324,0.025180019438266754,6422528,7779,3136,196,-54.726612,0.014513583848020062,0.002401243541680742,-0.9035982370376587,-60.181496,0.01992312620859593,0.0015440937539096921,-0.9769503436982632,,,0.95,0.9,both,1.828504760250857,1.8534328981054196,0.5733206270400806,0.0,-70.25396,2136.720628357996,-54.726612
40,1784843840.6401544,,5.28,,5.28,,4.799999999999999,,4.799999999999999,,7.200000000000002,,7.200000000000002,,1.9800000000000002,,1.9800000000000002,,2.759999999999999,,2.759999999999999,,5.017612231895328,,4.508829071710352,,6.910801611840725,,1.8397596962749958,,2.7966744524019305,0.01983773335814476,-0.017046903318259865,0.008264434633019846,1.7891103997826576,0.6478748321533203,0.9519355893135071,0.5134342312812805,0.007429194170981646,0.054808422923088074,0.8429223299026489,0.2649928331375122,3216,0.5434204339981079,4.214735507965088,0.032368484884500504,6586368,7965,3216,201,-59.06382,0.016239679139107465,0.001306816763826646,-0.9580051384866237,-60.03843,0.01069920745503623,0.00038323280023178086,-1.0604214638471603,,,0.95,0.9,both,1.710124003899746,1.9105723357689748,0.6129922516996005,0.0,-55.81199,2107.18518127237,-59.06382
41,1784843917.200023,,5.28,,5.28,,4.799999999999999,,4.799999999999999,,7.200000000000002,,7.200000000000002,,1.9800000000000002,,1.9800000000000002,,2.759999999999999,,2.759999999999999,,4.8824783532181755,,4.190655256388709,,7.334898594301194,,2.0637547466903925,,2.6548925230745226,0.013656646013259888,-0.008024156335523003,0.0008302393935082364,1.7991365641355515,0.6999741792678833,0.9738974571228027,0.5565313100814819,0.005892171524465084,0.03945565223693848,0.7378506064414978,0.26397940516471863,3296,0.5144073367118835,4.225336074829102,0.03564762324094772,6750208,8147,3296,206,-71.113976,0.015286571774049662,0.0018906286022684071,-1.0657821886241436,-60.048668,0.010764524710248224,0.0011673295113723726,-1.139377163350582,,,0.95,0.9,both,1.705055203620826,2.0490091330404745,0.5575022865852717,0.0,-47.954987,2140.024911971014,-71.113976
42,1784843992.311196,,5.28,,5.28,,4.799999999999999,,4.799999999999999,,7.200000000000002,,7.200000000000002,,1.9800000000000002,,1.9800000000000002,,2.759999999999999,,2.759999999999999,,5.101194219198078,,4.6422341372817755,,6.908357140608132,,1.9242042358964682,,2.6533205010928214,0.021683238446712494,-0.00782514656020794,0.0030413435542868683,1.8074724487960339,0.5731383562088013,0.9181625247001648,0.36347872018814087,0.014963345602154732,0.056847237050533295,0.8866729736328125,0.2592948377132416,3376,0.5462538599967957,4.245862007141113,0.036571402102708817,6914048,8332,3376,211,-62.929688,0.013883401182829403,0.0007826785404176917,-1.1323780611157417,-62.461678,0.017304973513819277,0.0019623976389993914,-1.1982772849500178,,,0.95,0.9,both,1.723882616062065,2.018669009268698,0.48711850229678194,0.0,-59.11275,2181.2998589404156,-62.929688
43,1784844067.523278,,5.28,,5.28,,4.799999999999999,,4.799999999999999,,7.200000000000002,,7.200000000000002,,1.9800000000000002,,1.9800000000000002,,2.759999999999999,,2.759999999999999,,5.2830668955575675,,5.326576147694141,,7.423791773384437,,2.0502500815782696,,2.7439161562360823,0.021769922226667404,-0.006155573966680095,0.016276271548122168,1.8071123696863651,0.7367101311683655,0.9480192065238953,0.5878069400787354,-0.027443308383226395,0.05424653738737106,0.7142165899276733,0.2564863860607147,3456,0.5303907990455627,4.565520286560059,0.03061271458864212,7077888,8515,3456,216,-51.70408,0.009673804265912623,0.002460514276754111,-1.1678713247179986,-55.85975,0.016894713166402654,0.001872392724180827,-1.241823074221611,,,0.95,0.9,both,1.778802323503109,2.066267829264178,0.8681866477059783,0.0,-67.91688,2178.3733176765036,-51.70408
44,1784844146.841029,,5.28,,5.28,,4.799999999999999,,4.799999999999999,,7.200000000000002,,7.200000000000002,,1.9800000000000002,,1.9800000000000002,,2.759999999999999,,2.759999999999999,,5.728614125866443,,5.0879034316167235,,7.602445894852281,,2.0364622964989394,,2.867318833246827,0.02098407968878746,-0.0032941438839770854,0.009841224782576319,1.8267920315265656,0.6376111507415771,0.8442405462265015,0.4041229486465454,0.026534708216786385,0.0615776963531971,0.7318305373191833,0.2742762863636017,3536,0.5285285711288452,4.664548397064209,0.06696245819330215,7241728,8697,3536,221,-102.185,0.01755758331855759,0.0013074582471745088,-1.2367730304598807,-70.86212,0.019149396219290793,0.0012307621524087153,-1.3045379243791104,,,0.95,0.9,both,1.7867286555444069,1.8606519808765511,0.6547287855857451,0.0,-34.850067,2065.616378737746,-102.185
45,1784844226.623544,,5.28,,5.28,,4.799999999999999,,4.799999999999999,,7.200000000000002,,7.200000000000002,,1.9800000000000002,,1.9800000000000002,,2.759999999999999,,2.759999999999999,,5.606207535602152,,4.793273076415062,,6.98294067918323,,1.8281017090193927,,2.7881250529317185,0.023763297125697136,-0.009503601613687351,0.001010112418953213,1.8392509892582893,0.5190246105194092,0.9078204035758972,0.35233935713768005,0.04181203991174698,0.06342414021492004,0.8107994198799133,0.2655731439590454,3616,0.6334357261657715,4.3997297286987305,0.03554445877671242,7405568,8902,3616,226,-52.16737,0.011665754285058939,0.0026721015798102598,-1.291868481040001,-45.64221,0.009841470862738788,0.002611113236343954,-1.3338776998221875,,,0.95,0.9,both,1.930193856467745,2.169256858063861,0.5702585954482815,0.0,-32.759033,2053.582894277933,-52.16737
46,1784844305.7968512,,5.28,,5.28,,4.799999999999999,,4.799999999999999,,7.200000000000002,,7.200000000000002,,1.9800000000000002,,1.9800000000000002,,2.759999999999999,,2.759999999999999,,4.91620028577745,,4.773987182183191,,6.590696870349348,,1.8355644908733666,,2.7466404716396937,0.020950349047780037,-0.0025339833373436704,0.0062527111840608995,1.847274087369442,0.5836483836174011,0.92236328125,0.3489280343055725,-0.008162325248122215,0.06275254487991333,0.7470834851264954,0.26006993651390076,3696,0.5691196322441101,4.1726179122924805,0.03398684784770012,7569408,9086,3696,231,-76.10644,0.018307233124505728,0.0017748675927578006,-1.3457552701234818,-51.770893,0.01783489614026621,0.00013655018992722034,-1.4183476269245148,,,0.95,0.9,both,1.837661573923454,1.9499603554557603,0.5822389824974283,0.0,-44.27774,2069.3827931839323,-76.10644
47,1784844382.535026,,5.28,,5.28,,4.799999999999999,,4.799999999999999,,7.200000000000002,,7.200000000000002,,1.9800000000000002,,1.9800000000000002,,2.759999999999999,,2.759999999999999,,5.04356684332015,,4.915567213669419,,7.002673477865756,,1.977114572073333,,2.6902419931720942,0.021527986973524094,-0.0010213585919700563,0.034212689293781295,1.853736501187086,0.636083722114563,0.8690218925476074,0.5289825201034546,-0.0044028377160429955,0.06937271356582642,0.6827019453048706,0.2666226327419281,3776,0.6134400367736816,4.325832843780518,0.046535979956388474,7733248,9287,3776,236,-74.49516,0.01879580202512443,0.001903649697487708,-1.4544220499694347,-48.82145,0.023659354413393886,0.0010456804986461066,-1.4714674778282641,,,0.95,0.9,both,1.905931104480859,1.8734518313455801,0.956945622786099,0.0,-67.85419,2135.052028866306,-74.49516
48,1784844458.4581757,,5.28,,5.28,,4.799999999999999,,4.799999999999999,,7.200000000000002,,7.200000000000002,,1.9800000000000002,,1.9800000000000002,,2.759999999999999,,2.759999999999999,,4.908045757096261,,4.728477595373988,,6.767821494722739,,1.9139659255451988,,2.766871176660061,0.015863001346588135,-0.012579053523950279,0.0006019006605129107,1.8630068115890026,0.5322014689445496,1.0065737962722778,0.31101691722869873,-0.03840409964323044,0.044886257499456406,0.8840734362602234,0.26877009868621826,3856,0.5411964654922485,4.217036247253418,0.06001865118741989,7897088,9492,3856,241,-75.916626,0.02430402934551239,0.0009935290916473604,-1.5064848244190217,-75.814415,0.020480754575692116,0.001605681941146031,-1.5142958626151084,,,0.95,0.9,both,1.961829079869642,1.9819200559792336,0.44557470549119055,0.0,-67.24446,2157.972619139135,-75.916626
49,1784844534.7474763,,5.28,,5.28,,4.799999999999999,,4.799999999999999,,7.200000000000002,,7.200000000000002,,1.9800000000000002,,1.9800000000000002,,2.759999999999999,,2.759999999999999,,4.728162818908459,,4.300755638629198,,6.681678559631109,,1.7907606853405014,,2.640658302232623,0.017811786383390427,-0.006320844775473233,0.0006961577046240564,1.8725189082324505,0.4827088713645935,0.9854691028594971,0.3548840880393982,-0.007895039394497871,0.05758456513285637,0.8416723012924194,0.2706838846206665,3936,0.4976125657558441,4.028403282165527,0.03665279224514961,8060928,9678,3936,246,-87.72727,0.020989376958459614,0.002035379526205361,-1.540185707807541,-45.72478,0.009232088830322028,0.0016074121245765126,-1.560790767520666,,,0.95,0.9,both,1.9483004497011038,2.095197434551312,0.43888777890831604,0.0,-53.190834,2147.6138830399254,-87.72727
50,1784844610.9568694,,5.28,,5.28,,4.799999999999999,,4.799999999999999,,7.200000000000002,,7.200000000000002,,1.9800000000000002,,1.9800000000000002,,2.759999999999999,,2.759999999999999,,4.96704076230526,,4.4735763147473335,,6.442718341015279,,1.828360618557781,,2.6023637391626835,0.022485416382551193,-0.0006388016336131841,0.01234421033586841,1.8699508719146252,0.4783765375614166,0.9584617614746094,0.28702184557914734,0.01261388324201107,0.05700694024562836,0.8237734436988831,0.2832663059234619,4016,0.5010381937026978,4.062811851501465,0.03708432987332344,8224768,9860,4016,251,-83.528,0.019599018708686345,0.0028872036782559007,-1.5791144289076329,-34.94378,0.012408045315532945,0.001432739692972973,-1.5999897062778472,,,0.95,0.9,both,2.250983582828673,1.9715512785283344,0.6621880730084,0.0,-72.6918,2149.867309565152,-83.528
51,1784844689.2217805,,5.28,,5.28,,4.799999999999999,,4.799999999999999,,7.200000000000002,,7.200000000000002,,1.9800000000000002,,1.9800000000000002,,2.759999999999999,,2.759999999999999,,4.739222910255194,,4.30759543273598,,6.974831108702347,,1.6588275372050703,,2.4811001801863313,0.009548040106892586,-7.335090776905417e-05,0.0029450560514305835,1.8783048316836357,0.37977954745292664,0.9496200084686279,0.24379347264766693,-0.011119963601231575,0.02428143285214901,0.82464599609375,0.30388084053993225,4096,0.472403347492218,4.032315254211426,0.05456056445837021,8388608,10054,4096,256,-66.00194,0.014285966678289696,0.0018533083202783018,-1.6476677931845187,-62.30258,0.017574912565760315,0.002177879480586853,-1.656069590896368,,,0.95,0.9,both,2.1242136880634326,2.127524681110304,0.5500669826079269,0.0,-40.21992,2093.4025327822633,-66.00194
52,1784844766.0195172,,5.28,,5.28,,4.799999999999999,,4.799999999999999,,7.200000000000002,,7.200000000000002,,1.9800000000000002,,1.9800000000000002,,2.759999999999999,,2.759999999999999,,5.918616047129035,,5.2749929069541395,,7.467187944799662,,2.1136847040615976,,2.9171958410806837,0.026574961841106415,-0.004894348545349203,0.003260756026065792,1.8823332712054253,0.4704679250717163,0.8838685750961304,0.3087109625339508,-0.01251341961324215,0.07655564695596695,0.7113748788833618,0.2977871298789978,4176,0.5283712148666382,4.738335609436035,0.03327810391783714,8552448,10240,4176,261,-56.805267,0.010818331857444718,0.0007571115464088507,-1.694842343777418,-35.236023,0.007453345545218326,0.00012238630442880095,-1.727640549838543,,,0.95,0.9,both,1.8445012680648118,2.222015559047154,0.42960165981750675,0.0,-40.109756,2133.3952679923505,-56.805267
53,1784844844.0853643,,5.28,,5.28,,4.799999999999999,,4.799999999999999,,7.200000000000002,,7.200000000000002,,1.9800000000000002,,1.9800000000000002,,2.759999999999999,,2.759999999999999,,5.518468567519449,,4.657128597609699,,7.02316752076149,,1.9577243794919923,,2.805359847843647,0.03419112041592598,-0.009378888993524015,0.0008715955564184696,1.8911511115729809,0.35799968242645264,1.006635069847107,0.19349348545074463,0.04340696334838867,0.08408570289611816,0.7460215091705322,0.29826098680496216,4256,0.5771391987800598,4.392369747161865,0.07762958854436874,8716288,10408,4256,266,-49.34179,0.009760691570409107,0.00290815298067173,-1.766294527798891,-58.86695,0.015666688204510136,0.000603106853668578,-1.7941734828054905,,,0.95,0.9,both,2.1010975528352622,2.088796303691339,0.37615944819153063,0.0,-27.734615,2098.7418973103213,-49.34179
54,1784844920.9906328,,5.28,,5.28,,4.799999999999999,,4.799999999999999,,7.200000000000002,,7.200000000000002,,1.9800000000000002,,1.9800000000000002,,2.759999999999999,,2.759999999999999,,5.640549721661955,,4.914091472979635,,7.239424819825217,,2.1849504355341196,,2.950946166412905,0.017643935978412628,-0.010161020938539878,0.004613140012224903,1.9012931548058987,0.470542848110199,0.8965951204299927,0.3537731468677521,0.018440550193190575,0.050882015377283096,0.6479978561401367,0.30332016944885254,4336,0.5563913583755493,4.585992336273193,0.03808186575770378,8880128,10580,4336,271,-37.151485,0.012504851256380789,0.0016046833057771436,-1.8527563363313675,-44.28611,0.00799249257252086,0.0007739448948996142,-1.8615707129240036,,,0.95,0.9,both,2.1175017173868462,2.223782115273533,0.4477825494821312,0.0,-27.781195,2130.4124558579233,-37.151485
55,1784844998.785977,,5.28,,5.28,,4.799999999999999,,4.799999999999999,,7.200000000000002,,7.200000000000002,,1.9800000000000002,,1.9800000000000002,,2.759999999999999,,2.759999999999999,,5.019106694031507,,4.787058049812913,,7.383377794525586,,1.9591376828029752,,2.6951296193292364,0.019534388557076454,-0.0070216260210145265,0.0036593824515875895,1.9068706296384335,0.33307260274887085,0.9582645893096924,0.22462445497512817,-0.0026951231993734837,0.04970245063304901,0.8278869390487671,0.29752811789512634,4416,0.6115602254867554,4.368762016296387,0.033007919788360596,9043968,10746,4416,276,-30.84756,0.008233795550768263,0.0009841398801654576,-1.9407357402145862,-35.660088,0.00815825537138153,0.0015050617250381038,-1.9632999554276467,,,0.95,0.9,both,1.8782113486615828,2.1117104372662543,0.503618123991847,0.0,-28.332829,2106.0394113202306,-30.84756
56,1784845076.831875,,5.28,,5.28,,4.799999999999999,,4.799999999999999,,7.200000000000002,,7.200000000000002,,1.9800000000000002,,1.9800000000000002,,2.759999999999999,,2.759999999999999,,5.5576360989362,,5.383352920413017,,7.763727134210058,,2.136520085390657,,2.8806698345579207,0.022803083062171936,0.00036443898716242984,0.004111289017600939,1.9101476334035397,0.6436928510665894,0.9339618682861328,0.46081027388572693,0.019539400935173035,0.0592346116900444,0.7702300548553467,0.2815718948841095,4496,0.5449816584587097,4.744380950927734,0.022573241963982582,9207808,10920,4496,281,-46.335304,0.012933465701644309,0.002279897440166678,-1.9912986390292644,-52.901386,0.011678665128420107,0.0012214504040457541,-2.004663999378681,,,0.95,0.9,both,2.12762890393883,2.100073153229748,0.5553591263321078,0.0,-50.74654,2099.2771949451767,-46.335304
57,1784845152.6959875,,5.28,,5.28,,4.799999999999999,,4.799999999999999,,7.200000000000002,,7.200000000000002,,1.9800000000000002,,1.9800000000000002,,2.759999999999999,,2.759999999999999,,4.9703074239660054,,4.454165951581672,,7.324121943674982,,1.8373630224959925,,2.7075409088283777,0.02007349580526352,-0.016415481026342604,0.000992065169612033,1.9134256914258003,0.5098705291748047,1.0019938945770264,0.3925996422767639,0.05576767772436142,0.05517500266432762,0.6787503361701965,0.2887200117111206,4576,0.5609928965568542,4.258699893951416,0.0354112908244133,9371648,11089,4576,286,-29.126842,0.01025498273957055,0.0011221679640584625,-2.060089385509491,-39.570045,0.011069627018878236,0.0015154264379816595,-2.0777053043246267,,,0.95,0.9,both,2.032526369433871,2.0929213848580517,0.3626805302970291,0.0,-32.07769,2159.6502273991314,-29.126842
58,1784845230.7762525,,5.28,,5.28,,4.799999999999999,,4.799999999999999,,7.200000000000002,,7.200000000000002,,1.9800000000000002,,1.9800000000000002,,2.759999999999999,,2.759999999999999,,5.403780244290829,,4.595192490145564,,7.601462469436228,,1.9684981270693243,,2.721801351290196,0.02289363369345665,-0.005600201038760133,0.001096703291295853,1.9204729534685612,0.3917943835258484,0.8838658332824707,0.2542162239551544,0.024476490914821625,0.06453780829906464,0.6820720434188843,0.2950834631919861,4656,0.6081126928329468,4.4581475257873535,0.04839364066720009,9535488,11264,4656,291,-69.14684,0.016558591384091416,0.0012852416228270158,-2.1228315442800523,-51.535717,0.016874642911716364,0.0025798098100494825,-2.1086901500821114,,,0.95,0.9,both,1.9065219232834736,2.3199853802736157,0.39936672643704796,0.0,-28.574087,2098.353966535685,-69.14684
59,1784845307.89416,,5.28,,5.28,,4.799999999999999,,4.799999999999999,,7.200000000000002,,7.200000000000002,,1.9800000000000002,,1.9800000000000002,,2.759999999999999,,2.759999999999999,,5.200323365512304,,4.681334609165788,,6.994188274722546,,1.9089450298342854,,2.6438923366367817,0.023808863013982773,-0.013824464185745455,0.001058931675288477,1.9319560378789902,0.3951130509376526,1.0010497570037842,0.38974034786224365,0.011894438415765762,0.06399364769458771,0.6553036570549011,0.29079070687294006,4736,0.6179283857345581,4.285736560821533,0.031001325696706772,9699328,11445,4736,296,-55.259094,0.019531628192635254,0.0018689061034820043,-2.196495896577835,-36.17635,0.00537861861375859,0.0010402465835795739,-2.201195439696312,,,0.95,0.9,both,2.1805957857596576,2.7060314495853888,0.39594173904570074,0.0,-50.757397,2124.538534995498,-55.259094
60,1784845385.3379807,,5.28,,5.28,,4.799999999999999,,4.799999999999999,,7.200000000000002,,7.200000000000002,,1.9800000000000002,,1.9800000000000002,,2.759999999999999,,2.759999999999999,,5.077470921562053,,4.397307036444545,,6.687982658680994,,1.7608751002699137,,2.423475857824087,0.011489947326481342,-0.010842244864761597,0.007585901837956044,1.9369263164699078,0.46403008699417114,0.8977246284484863,0.34338679909706116,0.007710303645581007,0.03157832846045494,0.8133774995803833,0.2821190655231476,4816,0.5519921183586121,4.069422721862793,0.03724498301744461,9863168,11622,4816,301,-27.414865,0.007982231669302564,0.0012804865633370354,-2.238516715168953,-33.249794,0.00596485272544669,0.0012665347574511542,-2.292659614980221,,,0.95,0.9,both,2.1741277852125274,2.6561543546191486,0.6258575661363245,0.0,-62.147522,2115.5980857742557,-27.414865
61,1784845463.913822,,5.28,,5.28,,4.799999999999999,,4.799999999999999,,7.200000000000002,,7.200000000000002,,1.9800000000000002,,1.9800000000000002,,2.759999999999999,,2.759999999999999,,5.203395338961855,,4.74965559784323,,7.096978432033211,,2.169641654123552,,2.642634480725974,0.018551278859376907,-0.003469064482487738,0.0027807689912151545,1.9565229713916779,0.47915196418762207,0.9716985821723938,0.3566610813140869,-0.027669120579957962,0.046992842108011246,0.5960690379142761,0.3016798496246338,4896,0.5955769419670105,4.372461318969727,0.05390763282775879,10027008,11813,4896,306,-37.936405,0.009998721732699778,0.0008388000271224883,-2.3300930202007293,-62.66797,0.019642812706297263,0.0020564504236972427,-2.361702340841293,,,0.95,0.9,both,2.0004311071052885,2.751248447379871,0.41608572410073,0.0,-29.837635,2085.1198949803916,-37.936405
62,1784845540.4484568,,5.28,,5.28,,4.799999999999999,,4.799999999999999,,7.200000000000002,,7.200000000000002,,1.9800000000000002,,1.9800000000000002,,2.759999999999999,,2.759999999999999,,4.828925187583081,,4.878133950987831,,7.013040600344539,,1.9890092127679964,,2.6879756823182106,0.021815646439790726,9.291095193475485e-05,0.0035480860224197386,1.9626858904957771,0.4486876428127289,1.0190412998199463,0.27260756492614746,-0.024830134585499763,0.056856635957956314,0.7871521711349487,0.28212404251098633,4976,0.5533311367034912,4.279416561126709,0.03167573735117912,10190848,11988,4976,311,-37.84022,0.01485489218030125,0.0012147637804446275,-2.380765701830387,-63.69679,0.009220148238819092,0.0014954264552216046,-2.442672097682953,,,0.95,0.9,both,2.2195546880956702,2.421350307144254,0.4908216104902008,0.0,-43.09713,2140.7295434253288,-37.84022
63,1784845616.929429,,5.28,,5.28,,4.799999999999999,,4.799999999999999,,7.200000000000002,,7.200000000000002,,1.9800000000000002,,1.9800000000000002,,2.759999999999999,,2.759999999999999,,5.650911808013916,,5.132831937633455,,7.476858768612146,,2.218016261700541,,3.089113201771397,0.02113782800734043,-0.001314155466388911,0.009088301627343753,1.964662004262209,0.4582873582839966,0.9052097201347351,0.3104799687862396,0.01813548244535923,0.052512798458337784,0.8499770760536194,0.28095895051956177,5056,0.5892317891120911,4.713546276092529,0.03588045760989189,10354688,12165,5056,316,-34.93614,0.01133324502443429,0.002271381342143286,-2.4591133534908294,-43.737946,0.010968456251430326,0.0011670179010252468,-2.521336834132671,,,0.95,0.9,both,2.2358595817888895,2.4207678750597332,0.5389251704462089,0.0,-52.854332,2142.232936669445,-34.93614
64,1784845692.701477,,5.28,,5.28,,4.799999999999999,,4.799999999999999,,7.200000000000002,,7.200000000000002,,1.9800000000000002,,1.9800000000000002,,2.759999999999999,,2.759999999999999,,5.271571302175289,,4.730261223681737,,7.449686572887003,,1.7765588987385854,,2.5499287778511643,0.013424510136246681,-0.006297612490016036,0.00028481898357313185,1.9732887670397758,0.545211672782898,0.9767366051673889,0.3015221059322357,0.0020489213056862354,0.03307265415787697,0.659272313117981,0.2969166040420532,5136,0.5740041136741638,4.3556013107299805,0.03399662673473358,10518528,12346,5136,321,-40.54524,0.008125440456205979,0.0023481380005250683,-2.540932667255402,-60.83902,0.016116839909227566,0.0025313196776551193,-2.5945826947689055,,,0.95,0.9,both,2.2357998129180063,2.612749621081823,0.31984752012074297,0.0,-40.789833,2162.274575329072,-40.54524
65,1784845767.7780979,,5.28,,5.28,,4.799999999999999,,4.799999999999999,,7.200000000000002,,7.200000000000002,,1.9800000000000002,,1.9800000000000002,,2.759999999999999,,2.759999999999999,,5.578029880300164,,4.728641024790704,,7.598557196557522,,2.213866740465164,,2.854905954329297,0.025730576366186142,0.000141887949212105,0.003036476587112702,1.9795913957059383,0.424284428358078,0.9561309814453125,0.22760316729545593,-0.005731964483857155,0.0601968839764595,0.728119432926178,0.28079497814178467,5216,0.6170400977134705,4.5948004722595215,0.029076874256134033,10682368,12523,5216,326,-33.773624,0.008348826740984805,0.002163510707032401,-2.558050882816315,-51.85211,0.00861675722990185,0.0009230201678292361,-2.6349547863006593,,,0.95,0.9,both,2.277734541716644,2.601139016800149,0.37753579484775346,0.0,-42.17379,2182.3034812708793,-33.773624
66,1784845842.7680724,,5.28,,5.28,,4.799999999999999,,4.799999999999999,,7.200000000000002,,7.200000000000002,,1.9800000000000002,,1.9800000000000002,,2.759999999999999,,2.759999999999999,,5.156086266972125,,4.475283046718687,,7.075761230662465,,1.854517847765237,,2.583932099863887,0.018371889367699623,-0.0053341613929660525,0.0037598911112581845,1.9958610720932484,0.4353545308113098,0.8877747654914856,0.2212364673614502,-0.03466090187430382,0.049710460007190704,0.5776855945587158,0.29544979333877563,5296,0.6193779706954956,4.229116439819336,0.03134731948375702,10846208,12698,5296,331,-33.343967,0.006361030020343605,0.001446751556795789,-2.607298678159714,-26.073612,0.007074978480522987,0.0015311246665078216,-2.651933102309704,,,0.95,0.9,both,2.3374184608584025,2.7360085387069213,0.45812776968453606,0.0,-41.60922,2184.825794784559,-33.343967
67,1784845918.2815516,,5.28,,5.28,,4.799999999999999,,4.799999999999999,,7.200000000000002,,7.200000000000002,,1.9800000000000002,,1.9800000000000002,,2.759999999999999,,2.759999999999999,,4.812868362292647,,4.471826852299273,,7.18405324651394,,1.801094206981361,,2.566509428899735,0.01573328860104084,-0.0004828728560823947,0.011851595263578929,2.000831678509712,0.4678736627101898,0.8759743571281433,0.2241767793893814,0.021390194073319435,0.04345681890845299,0.6137968301773071,0.2968129813671112,5376,0.5581451654434204,4.167270183563232,0.02838800847530365,11010048,12866,5376,336,-48.68006,0.011738702398724854,0.0016516333143954398,-2.650264573097229,-42.068752,0.006931883213110268,0.001358090950816404,-2.7293926656246184,,,0.95,0.9,both,2.242382514787453,2.558315513263012,0.5459397617659973,0.0,-22.16101,2169.682461214984,-48.68006
68,1784845993.389979,,5.28,,5.28,,4.799999999999999,,4.799999999999999,,7.200000000000002,,7.200000000000002,,1.9800000000000002,,1.9800000000000002,,2.759999999999999,,2.759999999999999,,5.771025671157986,,4.737219398841262,,7.410028296755627,,2.1292757514165714,,2.9319068901240826,0.019518254324793816,-0.005647897647577338,0.00044073700837543583,2.0045909956097603,0.5414639711380005,0.9038781523704529,0.34495809674263,0.03613879159092903,0.04795103520154953,0.6938430070877075,0.2890360355377197,5456,0.5802546143531799,4.595890998840332,0.03456792235374451,11173888,13034,5456,341,-35.111244,0.00795829935814254,0.0014161224054987543,-2.687258979678154,-37.389896,0.012562724493909628,0.0001522305712569505,-2.778022138774395,,,0.95,0.9,both,2.065027483983692,2.3405486799793493,0.34806063964586176,0.0,-35.5243,2181.3756151482025,-35.111244
69,1784846068.175977,,5.28,,5.28,,4.799999999999999,,4.799999999999999,,7.200000000000002,,7.200000000000002,,1.9800000000000002,,1.9800000000000002,,2.759999999999999,,2.759999999999999,,4.747009946033359,,4.421829890459776,,6.683974296785891,,1.7019879873842,,2.421435478841886,0.016358397901058197,-0.010766264633275568,0.0004757015540235443,2.0143427327275276,0.464493066072464,0.8966190814971924,0.35832199454307556,-0.02561211958527565,0.04788633808493614,0.582050085067749,0.27574580907821655,5536,0.5190852880477905,3.9952473640441895,0.029468968510627747,11337728,13206,5536,346,-27.55194,0.0049811679549748075,0.0028230301031726412,-2.7766716867685317,-30.590336,0.005269589839735999,0.0013318320387043058,-2.83355919867754,,,0.95,0.9,both,2.569305689715528,2.6656222624227377,0.35362898208679305,0.0,-56.83198,2190.7848282766467,-27.55194
70,1784846143.7906399,,5.28,,5.28,,4.799999999999999,,4.799999999999999,,7.200000000000002,,7.200000000000002,,1.9800000000000002,,1.9800000000000002,,2.759999999999999,,2.759999999999999,,5.317102296277881,,4.789183572866023,,7.513482428155839,,1.9546697838231921,,2.6970934852724895,0.017052067443728447,-0.009529468603432178,0.00020027924392707064,2.0207954794168472,0.42025136947631836,0.9239729642868042,0.23984231054782867,0.0005192449316382408,0.043032653629779816,0.5858333110809326,0.31354469060897827,5616,0.6363525986671448,4.454306125640869,0.03247028589248657,11501568,13390,5616,351,-9.150493,0.003898493271844927,0.0022428555494116154,-2.881940357387066,-55.41221,0.010660467940033414,0.0016695112273737323,-2.8793933182954787,,,0.95,0.9,both,2.495888140442733,2.5288328211647415,0.31269817795440336,0.0,-35.64025,2166.775174237043,-9.150493
71,1784846218.351359,,5.28,,5.28,,4.799999999999999,,4.799999999999999,,7.200000000000002,,7.200000000000002,,1.9800000000000002,,1.9800000000000002,,2.759999999999999,,2.759999999999999,,5.180955958552659,,5.306273579597473,,6.963438320206478,,2.0082317665219307,,2.76023206114769,0.02086750976741314,0.0005206623754929751,0.0014724935385856952,2.0201935544610023,0.4312445819377899,0.8770722150802612,0.2206476926803589,0.003275323659181595,0.05831489711999893,0.5784227252006531,0.30515098571777344,5696,0.5885272026062012,4.443826198577881,0.036152489483356476,11665408,13574,5696,356,-31.780659,0.007039214945689309,0.0015691400738433003,-3.000952382385731,-42.605457,0.006082860092283227,0.001975122804287821,-2.9693375796079637,,,0.95,0.9,both,2.3449917520722297,2.8648005520238393,0.4180514271740189,0.0,-25.446701,2197.4045308451873,-31.780659
72,1784846293.992709,,5.28,,5.28,,4.799999999999999,,4.799999999999999,,7.200000000000002,,7.200000000000002,,1.9800000000000002,,1.9800000000000002,,2.759999999999999,,2.759999999999999,,5.155233054421842,,4.713878334732726,,7.338784564519301,,1.8923681303858757,,2.6760504255071282,0.013590666465461254,-0.00017866364942165092,0.0356389304579352,2.0189102068543434,0.4181536138057709,0.9286503195762634,0.17228232324123383,-0.004964079242199659,0.0406661294400692,0.5903308987617493,0.28074976801872253,5776,0.6191866993904114,4.355262756347656,0.032515205442905426,11829248,13751,5776,361,-19.87717,0.00790764422272332,0.001479456749802921,-3.0747916474938393,-45.24713,0.008059317142760846,0.0009947655533323995,-3.0659912914037704,,,0.95,0.9,both,2.0186307565115613,2.61790510588466,0.7912020966671268,0.0,-38.27909,2166.0103294254163,-19.87717
73,1784846370.0737038,,5.28,,5.28,,4.799999999999999,,4.799999999999999,,7.200000000000002,,7.200000000000002,,1.9800000000000002,,1.9800000000000002,,2.759999999999999,,2.759999999999999,,5.2837591075804085,,5.2498048797715455,,7.221274049486965,,1.9606440933421254,,2.987148801330477,0.01718071475625038,-0.008984978048829362,0.0010984447108057793,2.0212673395872116,0.38197922706604004,0.9650008678436279,0.1579011082649231,0.05335380136966705,0.04591931775212288,0.544111967086792,0.2982138395309448,5856,0.5936694145202637,4.540526390075684,0.022566379979252815,11993088,13937,5856,366,-34.45864,0.006075854215305298,0.0034865238347265405,-3.132437051832676,-45.433083,0.007915159700496588,0.002733521286427276,-3.1546993479132652,,,0.95,0.9,both,2.629578074639329,2.7490347721954462,0.4350185674771776,0.0,-29.617304,2153.4947667568686,-34.45864
74,1784846444.3283648,,5.28,,5.28,,4.799999999999999,,4.799999999999999,,7.200000000000002,,7.200000000000002,,1.9800000000000002,,1.9800000000000002,,2.759999999999999,,2.759999999999999,,5.302161954343319,,4.5821690645534545,,7.025043126195669,,1.9881902681663632,,2.732865773141384,0.017322886735200882,-0.0008953089236456435,0.03973944816971198,2.0283838734030724,0.41050925850868225,0.9555457234382629,0.24640297889709473,-0.028666216880083084,0.04911402240395546,0.4658973217010498,0.2886814475059509,5936,0.6220237612724304,4.326086044311523,0.027868326753377914,12156928,14122,5936,371,-20.149881,0.006853694259189069,0.0019349066271388438,-3.184100277721882,-33.591087,0.006246610886591952,0.0016219117467699106,-3.2291912958025932,,,0.95,0.9,both,2.2610763653817356,2.8791031544727437,0.8131076738002113,0.0,-35.51421,2206.4605198767404,-20.149881
75,1784846516.5790277,,5.28,,5.28,,4.799999999999999,,4.799999999999999,,7.200000000000002,,7.200000000000002,,1.9800000000000002,,1.9800000000000002,,2.759999999999999,,2.759999999999999,,4.9091194132342935,,4.621835165657103,,7.024933513253927,,1.9649973553605378,,2.7654859982430935,0.019297579303383827,-0.001845213060732931,0.0003373585373083188,2.039183609187603,0.431979775428772,1.0024553537368774,0.29203441739082336,0.034841567277908325,0.0458613820374012,0.4600287675857544,0.29616230726242065,6016,0.6383835077285767,4.257274150848389,0.02466735802590847,12320768,14297,6016,376,-15.2432,0.006403443510498619,0.0021290841425070537,-3.22103538364172,-21.123674,0.0046699094455107115,0.0019124631959130055,-3.271694341301918,,,0.95,0.9,both,2.185988026678527,2.8492399934705928,0.3616541368793653,0.0,-60.19933,2267.661181424162,-15.2432
76,1784846590.419087,,5.28,,5.28,,4.799999999999999,,4.799999999999999,,7.200000000000002,,7.200000000000002,,1.9800000000000002,,1.9800000000000002,,2.759999999999999,,2.759999999999999,,5.787955028936267,,5.155400139279664,,7.6492975782603025,,2.256903412286192,,2.92077473574318,0.022115061059594154,-0.002344442647881806,0.0035352516897546593,2.0433746352791786,0.3923846483230591,0.9793846011161804,0.2815444767475128,-0.009343649260699749,0.059763696044683456,0.6285735368728638,0.2865997850894928,6096,0.6107631325721741,4.754066467285156,0.018357042223215103,12484608,14472,6096,381,-7.9107413,0.002855240005737869,0.0019056512566749007,-3.3081107541918753,-74.192635,0.01595267733791843,0.0011118850976345128,-3.3115991428494453,,,0.95,0.9,both,2.7517983660255227,2.6593911909664185,0.3773213193712258,0.0,-35.036213,2218.8493765749904,-7.9107413
77,1784846664.8725557,,5.28,,5.28,,4.799999999999999,,4.799999999999999,,7.200000000000002,,7.200000000000002,,1.9800000000000002,,1.9800000000000002,,2.759999999999999,,2.759999999999999,,5.205389761831611,,5.235961331287399,,7.30841813236475,,2.1588032871950418,,2.8183280895464122,0.01743701845407486,-0.002043245367531199,0.00047983955255404,2.0424481481313705,0.37892743945121765,0.981853187084198,0.20839983224868774,-0.027107499539852142,0.05213243514299393,0.49636781215667725,0.29445889592170715,6176,0.6156867146492004,4.545379638671875,0.021577902138233185,12648448,14656,6176,386,-14.544574,0.005674195937172044,0.002759781590066268,-3.398114654421806,-61.100517,0.010710009299509693,0.0014560005598468705,-3.413951452076435,,,0.95,0.9,both,2.6594742534120814,2.5371493780976353,0.3349630487970686,0.0,-33.023792,2200.5692654081804,-14.544574
78,1784846739.2781167,,5.28,,5.28,,4.799999999999999,,4.799999999999999,,7.200000000000002,,7.200000000000002,,1.9800000000000002,,1.9800000000000002,,2.759999999999999,,2.759999999999999,,5.115230347961187,,4.465248121414334,,7.010110130533576,,2.0320944213308394,,2.9464212651364505,0.031025748699903488,-0.007909831561846659,0.0010270769462294993,2.044851928949356,0.46622955799102783,0.9512113928794861,0.22759747505187988,0.044537484645843506,0.07555487006902695,0.5499523878097534,0.2720421254634857,6256,0.6174613833427429,4.313820838928223,0.027876712381839752,12812288,14838,6256,391,-27.009617,0.007825134128506762,0.0017767743018339388,-3.4093754991889,-33.26574,0.008871194650419056,0.0025488528714049607,-3.482702362537384,,,0.95,0.9,both,2.501964885196745,2.9271334198652803,0.3694550478283025,0.0,-36.727627,2201.986546787584,-27.009617
79,1784846814.52155,,5.28,,5.28,,4.799999999999999,,4.799999999999999,,7.200000000000002,,7.200000000000002,,1.9800000000000002,,1.9800000000000002,,2.759999999999999,,2.759999999999999,,5.477831236086786,,5.318447089754045,,7.823008269071579,,2.1516259349882603,,2.9392480896785855,0.02269519679248333,-0.000435287322034128,0.0008736397958273301,2.0448645800352097,0.3442397713661194,0.9657246470451355,0.1474790722131729,-0.013119401410222054,0.06593045592308044,0.5924356579780579,0.26129841804504395,6336,0.5375542640686035,4.742032051086426,0.020304281264543533,12976128,15010,6336,396,-23.026922,0.0075773003933136355,0.001623034354270203,-3.4564289659261704,-34.11747,0.005304817523574456,0.0006781041534850374,-3.5156258419156075,,,0.95,0.9,both,2.261525425103949,3.0248318590432146,0.352175004465511,0.0,-31.109028,2177.465015429907,-23.026922
80,1784846888.8210506,,5.28,,5.28,,4.799999999999999,,4.799999999999999,,7.200000000000002,,7.200000000000002,,1.9800000000000002,,1.9800000000000002,,2.759999999999999,,2.759999999999999,,5.2243897169828415,,4.759924473240972,,7.252019410952926,,1.834630623459816,,2.7640049168840046,0.019967876374721527,-0.00299291021656245,0.005947969153567101,2.049952432513237,0.3923031985759735,0.8792365193367004,0.22369390726089478,0.007989565841853619,0.05472533777356148,0.4431478977203369,0.27155911922454834,6416,0.6388827562332153,4.3669939041137695,0.025104312226176262,13139968,15177,6416,401,-12.3961315,0.0033404022491595243,0.0023586009388964157,-3.524199903011322,-22.12451,0.004195777091081254,0.0022050754894735293,-3.5413841247558593,,,0.95,0.9,both,2.6697430787327217,3.0892816386251307,0.4799778526231443,0.0,-52.950306,2205.1305590446664,-12.3961315
81,1784846963.4446745,,5.28,,5.28,,4.799999999999999,,4.799999999999999,,7.200000000000002,,7.200000000000002,,1.9800000000000002,,1.9800000000000002,,2.759999999999999,,2.759999999999999,,5.611285810824484,,5.12812455103267,,7.74016845645383,,2.065113527700305,,2.9269852796569467,0.013996845111250877,2.288816904183477e-05,0.016880882536497666,2.055338069796562,0.3502284288406372,0.960771381855011,0.3268890380859375,-0.02502625249326229,0.03914767876267433,0.5513600707054138,0.2738131880760193,6496,0.5819914937019348,4.6943359375,0.016029346734285355,13303808,15354,6496,406,-10.283088,0.007615962138515897,0.0021561943209235323,-3.592242993414402,-61.36442,0.01019212618120946,0.002867417071684031,-3.5927301034331323,,,0.95,0.9,both,2.9318225761125385,2.816209613403024,0.5611115895958589,0.0,-33.014267,2195.550046793738,-10.283088
82,1784847038.1943429,,5.28,,5.28,,4.799999999999999,,4.799999999999999,,7.200000000000002,,7.200000000000002,,1.9800000000000002,,1.9800000000000002,,2.759999999999999,,2.759999999999999,,4.824072810821235,,4.422669671475887,,7.030802027322352,,2.0207636997802183,,2.9009594079107046,0.022451251745224,-0.026824910193681717,0.002223169580247486,2.062594175338745,0.42519354820251465,0.8888163566589355,0.25347211956977844,0.03915956988930702,0.06420212239027023,0.48615267872810364,0.26120954751968384,6576,0.5877586603164673,4.239853858947754,0.020853424444794655,13467648,15521,6576,411,-3.1791787,0.005695575971913058,0.002830165031627985,-3.6433316871523855,-33.70475,0.004653724291711114,0.0016481979611853604,-3.663233496248722,,,0.95,0.9,both,2.8313365370259183,2.8735192923190622,0.4504863631873811,0.0,-26.382196,2191.8516175054037,-3.1791787
83,1784847113.1762443,,5.28,,5.28,,4.799999999999999,,4.799999999999999,,7.200000000000002,,7.200000000000002,,1.9800000000000002,,1.9800000000000002,,2.759999999999999,,2.759999999999999,,5.224706377935945,,4.411847743205726,,6.967081597074866,,1.95310456558218,,2.608928279019892,0.014937389642000198,-0.00042840259266085923,0.0014648814794782083,2.0664279460906982,0.31658658385276794,0.8803718686103821,0.17210330069065094,-0.017635945230722427,0.04565826430916786,0.5223886966705322,0.2516261339187622,6656,0.5868924260139465,4.233133792877197,0.026094404980540276,13631488,15700,6656,416,-18.347046,0.005418094072956592,0.003176533991063479,-3.657026419043541,-38.55993,0.004985273962665815,0.002880804841697682,-3.708344982564449,,,0.95,0.9,both,2.913938725506042,3.347531337975157,0.3238473077915596,0.0,-39.251537,2185.0581526326805,-18.347046
84,1784847188.6970038,,5.28,,5.28,,4.799999999999999,,4.799999999999999,,7.200000000000002,,7.200000000000002,,1.9800000000000002,,1.9800000000000002,,2.759999999999999,,2.759999999999999,,5.667784623336047,,4.81096193054691,,7.061406269669533,,1.980171242263168,,2.791205420609913,0.018123861402273178,-0.0004690906935138628,0.0032683286335668527,2.065553493797779,0.4088224768638611,0.962101399898529,0.27442416548728943,0.0175490640103817,0.05088834464550018,0.5285159349441528,0.2560783624649048,6736,0.5851290225982666,4.462306022644043,0.025964779779314995,13795328,15873,6736,421,-40.191154,0.004164761327410815,0.004067872153245844,-3.7223611906170846,-44.576008,0.010202213410229888,0.0006462042729253881,-3.7642413645982744,,,0.95,0.9,both,3.003374850722589,2.337552647488021,0.39033870778772506,0.0,-28.661526,2169.4701282777723,-40.191154
85,1784847259.962211,,5.28,,5.28,,4.799999999999999,,4.799999999999999,,7.200000000000002,,7.200000000000002,,1.9800000000000002,,1.9800000000000002,,2.759999999999999,,2.759999999999999,,5.542889949865639,,4.892398993484676,,6.958895180374384,,1.9464596100151539,,2.9611046416684985,0.02270200103521347,-0.0015313950716517866,0.005144027756614378,2.0756610333919525,0.2707023024559021,0.9713852405548096,0.11999748647212982,0.04054318368434906,0.05579226836562157,0.5640223026275635,0.23897632956504822,6816,0.6489988565444946,4.460349082946777,0.019929993897676468,13959168,16050,6816,426,-29.323019,0.008243235189002007,0.00180098392884247,-3.7567409962415694,-54.54415,0.0049366161692887545,0.002428357018652605,-3.829108250141144,,,0.95,0.9,both,2.6256738764195413,3.3201710796837056,0.44688379211719564,0.0,-59.299103,2299.0175132855097,-29.323019
86,1784847333.5000265,,5.28,,5.28,,4.799999999999999,,4.799999999999999,,7.200000000000002,,7.200000000000002,,1.9800000000000002,,1.9800000000000002,,2.759999999999999,,2.759999999999999,,5.567370565608144,,4.8196002778131515,,7.271595146972686,,2.11645352630876,,2.896639254526235,0.017017776146531105,-1.3608660083264112e-05,0.000879836880358198,2.0796710550785065,0.3051874339580536,0.9170315861701965,0.15677852928638458,0.03460569679737091,0.04701527953147888,0.5857312679290771,0.2358672022819519,6896,0.6402263641357422,4.534331321716309,0.01564963161945343,14123008,16223,6896,431,-1.8152552,0.004482308922160882,0.002690265815181192,-3.814716300368309,-43.640324,0.006834923430869821,0.00030649855762021616,-3.8773486077785493,,,0.95,0.9,both,2.8743656081206352,2.9744771904931673,0.3209649249327765,0.0,-40.243095,2227.969482060182,-1.8152552
87,1784847405.1188898,,5.28,,5.28,,4.799999999999999,,4.799999999999999,,7.200000000000002,,7.200000000000002,,1.9800000000000002,,1.9800000000000002,,2.759999999999999,,2.759999999999999,,5.129599908366799,,4.642786994576454,,7.290043454617262,,1.942626564297825,,2.6853379672393203,0.015618743374943733,-0.0068934697410441,0.00022892654487804975,2.0836464166641235,0.3036385476589203,0.8945783376693726,0.19792889058589935,0.012929113581776619,0.041272737085819244,0.585723340511322,0.22041672468185425,6976,0.6456729173660278,4.338078498840332,0.01588333770632744,14286848,16391,6976,436,-12.594336,0.004620108104427345,0.0015153327971347609,-3.8415318101644518,-38.338,0.006751118012471124,0.003222806062694872,-3.908801516890526,,,0.95,0.9,both,2.953815955096593,3.1124665874795014,0.2803998555140773,0.0,-50.317596,2287.6660693298813,-12.594336
88,1784847478.8442223,,5.28,,5.28,,4.799999999999999,,4.799999999999999,,7.200000000000002,,7.200000000000002,,1.9800000000000002,,1.9800000000000002,,2.759999999999999,,2.759999999999999,,5.3427918422967196,,4.9900843519717455,,7.329843841027468,,2.127663138904609,,3.030942859593779,0.01751132309436798,7.466055103577673e-05,0.0005056663362665859,2.0902320593595505,0.24971707165241241,0.9610543847084045,0.13856904208660126,0.02059796079993248,0.04969850927591324,0.5644021034240723,0.23413324356079102,7056,0.6505481004714966,4.564265251159668,0.014005681499838829,14450688,16562,7056,441,-4.8580804,0.0026163640301092527,0.002035196256474592,-3.917160202562809,-37.279503,0.0048707532303524205,0.0032864024200534915,-3.971977573633194,,,0.95,0.9,both,2.94528355847276,3.529426381593292,0.28999039368991364,0.0,-59.007446,2222.302047409519,-4.8580804
89,1784847552.1247196,,5.28,,5.28,,4.799999999999999,,4.799999999999999,,7.200000000000002,,7.200000000000002,,1.9800000000000002,,1.9800000000000002,,2.759999999999999,,2.759999999999999,,6.13012008741498,,5.389014104381204,,7.850167965050787,,2.3212577803060412,,3.181215262040496,0.015831876546144485,-0.0051693805726245046,0.0008907054534574854,2.093448646366596,0.2686021029949188,0.8579518795013428,0.1423186957836151,-0.0024097072891891003,0.0451139435172081,0.556824803352356,0.23925229907035828,7136,0.4121667444705963,4.9743547439575195,0.01127470564097166,14614528,16728,7136,446,-3.111904,0.0028115978046116654,0.002147521129518282,-4.001356111466885,-32.656223,0.002271050663694041,0.00034320913546252995,-4.024608761072159,,,0.95,0.9,both,3.0597214829921797,3.350743384699,0.43749144436795895,0.0,-36.83185,2235.793298498593,-3.111904
90,1784847625.5427237,,5.28,,5.28,,4.799999999999999,,4.799999999999999,,7.200000000000002,,7.200000000000002,,1.9800000000000002,,1.9800000000000002,,2.759999999999999,,2.759999999999999,,5.618023942690343,,4.797934123314917,,7.214596572332084,,2.1269184867851436,,2.7036411987792235,0.016878679394721985,-0.010536388454056578,0.00030343637013174884,2.103344827890396,0.41143766045570374,0.8291301727294922,0.32035887241363525,0.0004051392897963524,0.0457846000790596,0.4336084723472595,0.23091866075992584,7216,0.5992782115936279,4.492222785949707,0.02145184576511383,14778368,16895,7216,451,-27.946814,0.006608123924524989,0.003145315489382483,-4.049531346559524,-35.339333,0.006172645605693106,0.00036053752119187267,-4.082292431592942,,,0.95,0.9,both,2.769224934349712,3.0177456092866555,0.43563610487195237,0.0,-11.932408,2231.6045982237556,-27.946814
91,1784847698.3756204,,5.28,,5.28,,4.799999999999999,,4.799999999999999,,7.200000000000002,,7.200000000000002,,1.9800000000000002,,1.9800000000000002,,2.759999999999999,,2.759999999999999,,5.280257795006037,,4.99867007433204,,7.614245385630056,,1.9270244319923222,,2.95821650698781,0.024239711463451385,-0.0010825154022313654,0.003536003166118462,2.1105377301573753,0.3452603816986084,0.9388870596885681,0.18188613653182983,0.004246806725859642,0.05765486881136894,0.5077586770057678,0.2361937165260315,7296,0.606026291847229,4.55568265914917,0.023408254608511925,14942208,17064,7296,456,-12.387015,0.0038186006284377074,0.002214524096052628,-4.118121033906936,-26.202671,0.004452707017480862,0.0010732462782470976,-4.1366582155227665,,,0.95,0.9,both,2.658978083078818,3.4776226460551607,0.39465622239205334,0.0,-35.272358,2249.5340165185867,-12.387015
92,1784847772.0354786,,5.28,,5.28,,4.799999999999999,,4.799999999999999,,7.200000000000002,,7.200000000000002,,1.9800000000000002,,1.9800000000000002,,2.759999999999999,,2.759999999999999,,5.567789103835821,,5.257058795541525,,7.522068619728088,,2.2522319244453683,,3.0961413718760014,0.018499821424484253,-0.007215416619146708,0.0003911065391548618,2.113032713532448,0.222157284617424,0.8856494426727295,0.18044553697109222,0.01250289287418127,0.050450898706912994,0.4000934362411499,0.24455280601978302,7376,0.57573401927948,4.739058494567871,0.014731017872691154,15106048,17236,7376,461,-17.42676,0.005177472510695225,0.004729032849718351,-4.165438717603683,-40.80804,0.004757495014928281,0.00216448034188943,-4.190510347485542,,,0.95,0.9,both,3.1458446501702095,3.4783757923740026,0.2721061963692141,0.0,-41.884438,2224.277363698419,-17.42676
93,1784847846.1430945,,5.28,,5.28,,4.799999999999999,,4.799999999999999,,7.200000000000002,,7.200000000000002,,1.9800000000000002,,1.9800000000000002,,2.759999999999999,,2.759999999999999,,4.871179539710283,,4.4707235239911824,,6.918218150734901,,1.894666495732963,,2.761853659467306,0.022318340837955475,-0.013626825755636673,0.0045969754519319395,2.131313771009445,0.3478073477745056,0.9624688029289246,0.24108543992042542,-0.010925497859716415,0.061505697667598724,0.4814618229866028,0.21471849083900452,7456,0.5866100788116455,4.183328628540039,0.016724321991205215,15269888,17397,7456,466,-1.9416994,0.005374011125240941,0.003458215463615488,-4.205128782987595,-24.450672,0.0039747401751810685,0.0022596191494812954,-4.230078780651093,,,0.95,0.9,both,3.2519112344557044,3.3436213346704364,0.47043156406269493,0.0,-30.401325,2210.8421580425984,-1.9416994
94,1784847920.4331439,,5.28,,5.28,,4.799999999999999,,4.799999999999999,,7.200000000000002,,7.200000000000002,,1.9800000000000002,,1.9800000000000002,,2.759999999999999,,2.759999999999999,,5.525530437938869,,5.288758086040616,,7.664089225814678,,2.08173499815166,,3.0587988207116723,0.02231040596961975,-0.001587425358593464,0.0016582176258452819,2.1383077800273895,0.2548629641532898,0.9352291822433472,0.12062511593103409,-0.026134157553315163,0.05503159761428833,0.4916364550590515,0.2006460428237915,7536,0.5554896593093872,4.723782539367676,0.011430050246417522,15433728,17562,7536,471,-1.4407064,0.003900973579584388,0.0031571670551784337,-4.24111678302288,-30.828104,0.003403172983234981,0.0021068036570795813,-4.258608338236809,,,0.95,0.9,both,3.0175186736225825,3.302131752581316,0.32710627126427805,0.0,-23.640587,2205.4061255501056,-1.4407064
95,1784847993.9662244,,5.28,,5.28,,4.799999999999999,,4.799999999999999,,7.200000000000002,,7.200000000000002,,1.9800000000000002,,1.9800000000000002,,2.759999999999999,,2.759999999999999,,5.375060563557781,,4.952642830088735,,7.295901080593467,,1.851014240179211,,2.8339984107296914,0.02195032685995102,-0.0009347513550892472,0.0017964762482733931,2.14232961833477,0.369466632604599,0.8602930903434753,0.5278298854827881,0.022257372736930847,0.05851238965988159,0.6386108994483948,0.18837317824363708,7616,0.6661895513534546,4.461723804473877,0.013983134180307388,15597568,17726,7616,476,-7.991736,0.003702306136256084,0.0023608073315699585,-4.249926304817199,-32.759087,0.00804280167358229,0.001746392052154988,-4.312438175082207,,,0.95,0.9,both,2.9914479670695506,3.100326978271555,0.3699429649829625,0.0,-41.358112,2228.1131287343683,-7.991736
96,1784848066.373869,,5.28,,5.28,,4.799999999999999,,4.799999999999999,,7.200000000000002,,7.200000000000002,,1.9800000000000002,,1.9800000000000002,,2.759999999999999,,2.759999999999999,,5.084121586754918,,4.863003438338637,,7.217272467911243,,1.6975071588531134,,2.70782332586532,0.023077625781297684,-0.0010672494827304035,0.0019346923468219757,2.1486447602510452,0.4034033715724945,0.9076560735702515,0.24597114324569702,0.006613076198846102,0.05820007622241974,0.4171956181526184,0.18576553463935852,7696,0.625216007232666,4.313945770263672,0.012506525032222271,15761408,17893,7696,481,-1.6655629,0.0027903698279260424,0.004070142981800018,-4.322399097681045,-31.921316,0.0055959703313419595,0.0016456964520330075,-4.335988879203796,,,0.95,0.9,both,3.2810798717637377,3.090539352806785,0.4410661955188026,0.0,-38.901894,2262.744048471123,-1.6655629
97,1784848137.983913,,5.28,,5.28,,4.799999999999999,,4.799999999999999,,7.200000000000002,,7.200000000000002,,1.9800000000000002,,1.9800000000000002,,2.759999999999999,,2.759999999999999,,5.769946847110987,,4.907368172891438,,7.3479219055734575,,2.032628882676363,,2.803830496966839,0.020907530561089516,-0.007917276408988982,0.001123806829127716,2.1564657390117645,0.18978159129619598,0.9140020608901978,0.12507115304470062,0.018574479967355728,0.06247420236468315,0.4455391764640808,0.18551041185855865,7776,0.626582145690918,4.572339057922363,0.014966456219553947,15925248,18057,7776,486,-9.216123,0.004875458520109533,0.0028116921052060207,-4.3916195929050446,-19.35928,0.002457023152237525,-5.803345993626863e-06,-4.398062354326248,,,0.95,0.9,both,2.8701055626987015,3.1208665148564014,0.30653309061410955,0.0,-26.666855,2287.947181816681,-9.216123
98,1784848209.9703317,,5.28,,5.28,,4.799999999999999,,4.799999999999999,,7.200000000000002,,7.200000000000002,,1.9800000000000002,,1.9800000000000002,,2.759999999999999,,2.759999999999999,,5.418830741196871,,5.408177798148245,,7.73904975457117,,2.0706321315374225,,2.800632292404771,0.020229456946253777,-0.00016707677423255518,0.0013823670751662576,2.1592314317822456,0.2045031040906906,0.933992326259613,0.08589198440313339,0.002967158332467079,0.06687945872545242,0.44087326526641846,0.19086767733097076,7856,0.6157945394515991,4.687464237213135,0.01180631946772337,16089088,18221,7856,491,-0.26873976,0.0031334591207269114,0.00334774142538663,-4.390436896681786,-13.658282,0.0035844225552864374,0.002760731849411968,-4.416941347718239,,,0.95,0.9,both,3.0034263793564255,3.497137649220966,0.317553921533137,0.0,-29.855448,2275.9857254240333,-0.26873976
99,1784848283.8537695,,5.28,,5.28,,4.799999999999999,,4.799999999999999,,7.200000000000002,,7.200000000000002,,1.9800000000000002,,1.9800000000000002,,2.759999999999999,,2.759999999999999,,4.755921077099629,,4.718780672177672,,7.153171805373859,,1.9211140777915716,,2.6828719656914473,0.025319883599877357,-0.0004577367508318275,0.0017843666264525382,2.170288883149624,0.21180011332035065,0.9868075251579285,0.11826272308826447,0.04067148640751839,0.06703639030456543,0.5591937303543091,0.18794171512126923,7936,0.6434877514839172,4.246371746063232,0.013951894827187061,16252928,18381,7936,496,-16.20498,0.004241388230002485,0.0028589555353391916,-4.412303245067596,-18.17341,0.0026821212646609637,0.0018835487062460743,-4.450590732693672,,,0.95,0.9,both,2.9223723485233677,3.3075483982155776,0.33534063835282385,0.0,-10.030299,2217.546368669918,-16.20498
100,1784848356.381855,,5.28,,5.28,,4.799999999999999,,4.799999999999999,,7.200000000000002,,7.200000000000002,,1.9800000000000002,,1.9800000000000002,,2.759999999999999,,2.759999999999999,,5.491972827352583,,4.678844581358135,,7.222625060938299,,2.0168002342106774,,2.8323124777525663,0.012282075360417366,-0.001076622967957519,0.002020169708885078,2.1772539615631104,0.25065305829048157,0.9159152507781982,0.14711777865886688,0.028250044211745262,0.04010534659028053,0.4955853521823883,0.18083840608596802,8016,0.5996056795120239,4.448511123657227,0.013107895851135254,16416768,18546,8016,501,-24.50885,0.008265576470876113,0.002720371092436835,-4.463654083013535,-15.228865,0.005106173070817022,0.00248097865114687,-4.4660215139389035,,,0.95,0.9,both,3.300092592660312,2.9704405555966047,0.3509441342893179,0.0,-2.7151515,2258.990641670331,-24.50885
101,1784848429.7432294,,5.28,,5.28,,4.799999999999999,,4.799999999999999,,7.200000000000002,,7.200000000000002,,1.9800000000000002,,1.9800000000000002,,2.759999999999999,,2.759999999999999,,5.487211106810719,,4.687518639490008,,7.659277625381947,,1.9716494984459132,,2.6651748698204756,0.025565968826413155,-0.004787550831679255,0.0007990119038367993,2.186249814927578,0.2393375039100647,0.9296928644180298,0.12135909497737885,0.02451923117041588,0.07185689359903336,0.47863519191741943,0.1804380863904953,8096,0.6252169609069824,4.494166374206543,0.01279695238918066,16580608,18707,8096,506,1.2639692,0.004059651443822076,0.003852343340986408,-4.492530682682991,-19.35543,0.003968409992376109,0.002999141849431908,-4.525947958230972,,,0.95,0.9,both,2.953770145543639,3.573761383235953,0.28272672189225767,0.0,-44.701958,2233.324150911535,1.2639692
102,1784848501.0485487,,5.28,,5.28,,4.799999999999999,,4.799999999999999,,7.200000000000002,,7.200000000000002,,1.9800000000000002,,1.9800000000000002,,2.759999999999999,,2.759999999999999,,5.609227363951504,,5.540853310492821,,7.6483794040977955,,2.3102656877599657,,2.9567604234907776,0.017941363155841827,-0.0012462670565582812,0.00341695991846791,2.1933442503213882,0.2563486099243164,0.9041432738304138,0.17901402711868286,0.010022428818047047,0.05106405168771744,0.4692820906639099,0.1986667811870575,8176,0.5414182543754578,4.8130974769592285,0.027683347463607788,16744448,18876,8176,511,-0.16253905,0.0030478336091618987,0.004288072286726674,-4.508739921450615,-48.876114,0.00894735423498787,0.0013101010841637616,-4.580472958087921,,,0.95,0.9,both,3.387976296919008,2.8302055318896047,0.4351884799723187,0.0,-27.838215,2297.7249164374552,-0.16253905
103,1784848575.185133,,5.28,,5.28,,4.799999999999999,,4.799999999999999,,7.200000000000002,,7.200000000000002,,1.9800000000000002,,1.9800000000000002,,2.759999999999999,,2.759999999999999,,4.852634800830856,,5.017334525007755,,7.004284932918381,,2.040963523060782,,2.5169496973976493,0.019387124106287956,9.967922233045101e-05,0.0030325358766276622,2.198253720998764,0.18519838154315948,0.9126821160316467,0.0828046202659607,-0.0280190110206604,0.06028159707784653,0.45956164598464966,0.19659584760665894,8192,0.5752891898155212,4.286433696746826,0.013716385699808598,16908288,19043,8256,516,2.358779,0.004141151494695805,0.003798326538526453,-4.60330351293087,-11.115784,0.002984035317786038,0.0018069639103487135,-4.63239923119545,,,0.95,0.9,both,3.4233193007620057,3.2917565080151383,0.40171852643274847,0.0,-11.549514,2209.9752670483404,2.358779
104,1784848649.337569,,5.28,,5.28,,4.799999999999999,,4.799999999999999,,7.200000000000002,,7.200000000000002,,1.9800000000000002,,1.9800000000000002,,2.759999999999999,,2.759999999999999,,4.943842651788145,,4.3885320774279535,,7.134623794350773,,1.8063225985970348,,2.814879892859608,0.03023572638630867,-0.012851514748945192,0.0009232973297912395,2.202245458960533,0.19966557621955872,0.9331509470939636,0.08115795254707336,0.03709863871335983,0.07318612933158875,0.44987964630126953,0.2004849910736084,8192,0.6324979066848755,4.217639923095703,0.023908507078886032,17072128,19211,8336,521,-6.8338814,0.003595862231304636,0.0035057056986261157,-4.6412048727273945,-31.093487,0.004943226947216317,0.0036759259237442166,-4.699054256081581,,,0.95,0.9,both,3.2368253866440453,3.973516566522895,0.31881476148714044,0.0,-27.802246,2209.502426326012,-6.8338814
105,1784848724.032044,,5.28,,5.28,,4.799999999999999,,4.799999999999999,,7.200000000000002,,7.200000000000002,,1.9800000000000002,,1.9800000000000002,,2.759999999999999,,2.759999999999999,,5.785115006379783,,5.000910739036044,,7.474556194618344,,1.9378567752428353,,2.8087553326040506,0.018994495272636414,-0.019208176527172327,0.002521591984987026,2.210188537836075,0.22933611273765564,0.9237651824951172,0.16785433888435364,-0.02335428260266781,0.05308222025632858,0.4468685984611511,0.19100727140903473,8192,0.6092348694801331,4.601438999176025,0.016442375257611275,17235968,19377,8416,526,-17.320055,0.005358374772185925,0.002643616287241457,-4.690888702869415,-17.802485,0.005016240551776718,0.001247883669566363,-4.692823025584221,,,0.95,0.9,both,3.022616987802067,2.535218526746722,0.39071089884914756,0.0,-7.250627,2193.4719688233467,-17.320055
106,1784848796.5748808,,5.28,,5.28,,4.799999999999999,,4.799999999999999,,7.200000000000002,,7.200000000000002,,1.9800000000000002,,1.9800000000000002,,2.759999999999999,,2.759999999999999,,5.323424158617854,,4.736268009524792,,7.379980972502381,,2.1710071498528123,,2.9436823753640056,0.0257455725222826,-0.005027355917263776,0.0024520474416931393,2.2171069607138634,0.20791083574295044,0.9486261010169983,0.2541063129901886,0.017832979559898376,0.06518996506929398,0.5217339992523193,0.19148153066635132,8192,0.6430822610855103,4.510872840881348,0.016033777967095375,17399808,19544,8496,531,-5.62634,0.004718148429674329,0.0022720466869941445,-4.678377172350883,-33.04021,0.005455637915292755,0.003966137680981774,-4.736813932657242,,,0.95,0.9,both,2.926156884737974,3.7998089822121224,0.32635476695253507,0.0,-23.863556,2258.524201469961,-5.62634
107,1784848869.4911208,,5.28,,5.28,,4.799999999999999,,4.799999999999999,,7.200000000000002,,7.200000000000002,,1.9800000000000002,,1.9800000000000002,,2.759999999999999,,2.759999999999999,,5.493016211083159,,4.914029027684592,,7.08562118926784,,1.9576511308550835,,2.7968735340982676,0.017872445285320282,-0.003856953146168962,0.000751711805605737,2.220383994281292,0.25610896944999695,0.9583147764205933,0.2198805809020996,0.0005096942186355591,0.0477670393884182,0.33611708879470825,0.19674301147460938,8192,0.6318122148513794,4.449438571929932,0.021122945472598076,17563648,19718,8576,536,-13.744611,0.004547929941327311,0.004086972727236571,-4.750206932425499,-15.597715,0.003683233628544258,0.004454708284174558,-4.806772059202194,,,0.95,0.9,both,3.1118029006410652,4.011649953634005,0.2248180873044686,0.0,-23.439434,2246.9617029089227,-13.744611
108,1784848941.2238395,,5.28,,5.28,,4.799999999999999,,4.799999999999999,,7.200000000000002,,7.200000000000002,,1.9800000000000002,,1.9800000000000002,,2.759999999999999,,2.759999999999999,,5.408677408006042,,5.02697828412056,,7.381396910874173,,1.9467322202399373,,2.631248983554542,0.01994081772863865,-0.0010531060979701579,0.0003268064656367642,2.222440205514431,0.20366211235523224,0.8675188422203064,0.12765206396579742,0.00986768864095211,0.05174330994486809,0.4522290527820587,0.19094771146774292,8192,0.6828936338424683,4.479006767272949,0.010150893591344357,17727488,19885,8656,541,-23.662418,0.005032687670609448,0.0015128687198739498,-4.784623911976814,-36.12933,0.0024914657973567956,0.002232497343356954,-4.827168390154839,,,0.95,0.9,both,3.0500369941010623,3.7108241076462276,0.2877151510844495,0.0,-35.602943,2284.0344596870987,-23.662418
109,1784849013.8000093,,5.28,,5.28,,4.799999999999999,,4.799999999999999,,7.200000000000002,,7.200000000000002,,1.9800000000000002,,1.9800000000000002,,2.759999999999999,,2.759999999999999,,5.480486273765564,,5.095104263280518,,7.3247904339805245,,2.023281032103114,,2.8176748087862507,0.016275426372885704,4.977249773219228e-06,0.0003222161099074583,2.2303497791290283,0.16027440130710602,0.8549240231513977,0.12792401015758514,0.0013622231781482697,0.04872773587703705,0.3387402594089508,0.1963946670293808,8192,0.6413307189941406,4.548267364501953,0.016061149537563324,17891328,20059,8736,546,-5.3285646,0.0038689113389409613,0.002194687013980001,-4.84632419347763,-35.647446,0.004793854687886778,0.0005672389594110428,-4.85891259610653,,,0.95,0.9,both,3.0209719449994865,2.742919848841228,0.24613684295356297,0.0,-17.544844,2257.490360521771,-5.3285646
110,1784849087.8891575,,5.28,,5.28,,4.799999999999999,,4.799999999999999,,7.200000000000002,,7.200000000000002,,1.9800000000000002,,1.9800000000000002,,2.759999999999999,,2.759999999999999,,5.250256672501564,,4.109299913048744,,7.19165479275398,,1.775980420410633,,2.922042168385815,0.02269834838807583,-0.0036856488150078803,0.0020933725354552735,2.2344390749931335,0.19262905418872833,0.8953843116760254,0.08034317195415497,0.05684050917625427,0.05889732390642166,0.34954696893692017,0.18472090363502502,8192,0.5974118113517761,4.249846458435059,0.010598651133477688,18055168,20229,8816,551,-21.799524,0.005782372500107158,0.002478559585142648,-4.846349284052849,-38.113914,0.004593312981887721,0.001389667518378701,-4.890317976474762,,,0.95,0.9,both,3.333420790877517,3.573634065287046,0.32552304650507635,0.0,-31.49816,2211.390664760003,-21.799524
111,1784849162.4966974,,5.28,,5.28,,4.799999999999999,,4.799999999999999,,7.200000000000002,,7.200000000000002,,1.9800000000000002,,1.9800000000000002,,2.759999999999999,,2.759999999999999,,5.036545792594552,,4.518989324104041,,7.323855682276189,,1.72564135317225,,2.5318038752302527,0.015154660679399967,-0.00105982058448717,0.0003782768596920505,2.2386451363563538,0.24698364734649658,0.8617587089538574,0.13430054485797882,0.01614185981452465,0.04468565434217453,0.41539329290390015,0.1856347918510437,8192,0.6315131187438965,4.227366924285889,0.023110801354050636,18219008,20401,8896,556,-13.598633,0.006395307544153184,0.0026375621964689344,-4.911664128303528,-45.4989,0.007560049546009395,0.002522355379187502,-4.924521410465241,,,0.95,0.9,both,3.0661251959064857,3.282671740574746,0.26508239899969105,0.0,-26.912067,2196.02393252093,-13.598633
112,1784849234.8189843,,5.28,,5.28,,4.799999999999999,,4.799999999999999,,7.200000000000002,,7.200000000000002,,1.9800000000000002,,1.9800000000000002,,2.759999999999999,,2.759999999999999,,4.9627496115572285,,4.537035216810182,,7.185898219235241,,1.9521685491781682,,2.6507597407326102,0.022106118500232697,4.9463727918919176e-05,0.002602927575026115,2.248527094721794,0.13657402992248535,0.9454866647720337,0.07686444371938705,0.019598960876464844,0.055032819509506226,0.363161563873291,0.21021588146686554,8192,0.6282979846000671,4.2577223777771,0.013629891909658909,18382848,20590,8976,561,-13.894716,0.00610426909988746,0.0023701683498075,-4.947956356406212,-43.60117,0.006583144218893722,0.0016155087483639362,-4.916781187057495,,,0.95,0.9,both,3.3493319003315323,3.8360798541413024,0.3605199863113093,0.0,-20.093952,2265.415981252318,-13.894716
113,1784849308.9125311,,5.28,,5.28,,4.799999999999999,,4.799999999999999,,7.200000000000002,,7.200000000000002,,1.9800000000000002,,1.9800000000000002,,2.759999999999999,,2.759999999999999,,4.80962780630216,,4.36818387825042,,6.747573183849453,,1.804581122007221,,2.539031088235788,0.01310828235000372,-6.888162170071155e-05,0.0031509258496953407,2.2540283277630806,0.19770748913288116,0.9233579039573669,0.16242380440235138,0.05347666144371033,0.04416018724441528,0.41328221559524536,0.191827654838562,8192,0.5727723836898804,4.053799629211426,0.032738156616687775,18546688,20767,9056,566,-4.632335,0.004585429879807634,0.004969953553518281,-4.944978123903274,-61.47683,0.010051663700141943,0.0016267654566036072,-4.962791010737419,,,0.95,0.9,both,3.258295133676431,3.3351555408503812,0.3187029954067341,0.0,-14.126109,2211.258367570182,-4.632335
114,1784849380.3133996,,5.28,,5.28,,4.799999999999999,,4.799999999999999,,7.200000000000002,,7.200000000000002,,1.9800000000000002,,1.9800000000000002,,2.759999999999999,,2.759999999999999,,5.965922005940229,,5.141020544804633,,7.729550771415234,,2.1908699239138514,,3.0087356723379344,0.01603894867002964,-0.0023089499736670405,0.0004200832145215827,2.2622500732541084,0.09629110991954803,0.932573676109314,0.08439616113901138,0.012292182072997093,0.04018860310316086,0.4416807293891907,0.1941368281841278,8192,0.558299720287323,4.807219505310059,0.01182788796722889,18710528,20944,9136,571,-5.2560225,0.005027207690000068,0.002386247622780502,-4.969164100289345,-29.134655,0.0071157534053782005,0.0025009595119627193,-4.983691141009331,,,0.95,0.9,both,3.000222878728129,3.8876815576914594,0.2995652921019272,0.0,-44.331028,2294.6492526942516,-5.2560225
115,1784849451.6848571,,5.28,,5.28,,4.799999999999999,,4.799999999999999,,7.200000000000002,,7.200000000000002,,1.9800000000000002,,1.9800000000000002,,2.759999999999999,,2.759999999999999,,5.095949689857662,,4.787019212730229,,6.862164098769426,,1.8468629873823375,,2.641717718914151,0.0160392913967371,-0.008847714474541135,0.0009462643815822958,2.2689920142292976,0.2518535852432251,0.879833996295929,0.13049626350402832,-0.020463621243834496,0.04070409759879112,0.46327459812164307,0.20030425488948822,8192,0.6428745985031128,4.246743202209473,0.023987598717212677,18874368,21120,9216,576,-13.129219,0.005636973821674473,0.0034610345581313597,-4.951373916864395,-32.959213,0.006271992238180246,0.0019721387630852404,-5.018529450893402,,,0.95,0.9,both,3.309443174590723,3.7403791044053465,0.2938354384646664,0.0,-12.59609,2295.59553652552,-13.129219
116,1784849522.27456,,5.28,,5.28,,4.799999999999999,,4.799999999999999,,7.200000000000002,,7.200000000000002,,1.9800000000000002,,1.9800000000000002,,2.759999999999999,,2.759999999999999,,5.385280576068908,,4.88159840926528,,7.280874835792929,,1.8890583745669574,,2.7524775594938546,0.016372207552194595,-0.002856572187738493,0.003228775141906226,2.2755719050765038,0.31378209590911865,0.9188047647476196,0.25861358642578125,0.024695470929145813,0.04487409070134163,0.4387301802635193,0.17120620608329773,8192,0.6234714984893799,4.4378581047058105,0.045915618538856506,19038208,21291,9296,581,3.8030486,0.004853276857465972,0.0030789611919317394,-4.940495592355728,-45.707333,0.014110687003994826,0.0024640913594339508,-5.006293246150017,,,0.95,0.9,both,3.1527453522520466,2.7914147796735507,0.34878303997432597,0.0,-54.600838,2321.0184111984872,3.8030486
117,1784849596.0316415,,5.28,,5.28,,4.799999999999999,,4.799999999999999,,7.200000000000002,,7.200000000000002,,1.9800000000000002,,1.9800000000000002,,2.759999999999999,,2.759999999999999,,5.956548316404223,,4.5435173492878675,,7.361445024609566,,1.9990473012439907,,2.8767118216492236,0.027496345341205597,-0.0009911569359246641,0.0004942282039337442,2.279384419322014,0.20608343183994293,0.9382188320159912,0.11843737214803696,0.06557172536849976,0.06358087062835693,0.41602230072021484,0.18180033564567566,8192,0.6113317608833313,4.547453880310059,0.013846165500581264,19202048,21461,9376,586,4.1471586,0.005985592542856466,0.004260630399221555,-4.995044988393784,-51.58028,0.006751552116475068,0.0006088957852625754,-5.01172089278698,,,0.95,0.9,both,3.1152738873217682,2.9242630862046783,0.2593981871244981,0.0,-17.982075,2221.3463248605703,4.1471586
118,1784849666.8652313,,5.28,,5.28,,4.799999999999999,,4.799999999999999,,7.200000000000002,,7.200000000000002,,1.9800000000000002,,1.9800000000000002,,2.759999999999999,,2.759999999999999,,5.266849976032972,,4.8535041101276875,,7.129006684757769,,1.9624528413405642,,2.828500454314053,0.023767665028572083,-0.00026150389021495357,0.006743202848156216,2.284766584634781,0.13143818080425262,1.0001380443572998,0.09739744663238525,0.03562510758638382,0.06703385710716248,0.42180687189102173,0.190675288438797,8192,0.6664494276046753,4.408062934875488,0.016062704846262932,19365888,21635,9456,591,-21.478174,0.009902035639970563,0.0012095916186808608,-4.994133532047272,-23.247356,0.004407687844650354,0.0019945646621636116,-5.032635945081711,,,0.95,0.9,both,3.0396840368824973,3.705181183798744,0.40829972164370465,0.0,-47.106766,2313.0266076741914,-21.478174
119,1784849737.5262291,,5.28,,5.28,,4.799999999999999,,4.799999999999999,,7.200000000000002,,7.200000000000002,,1.9800000000000002,,1.9800000000000002,,2.759999999999999,,2.759999999999999,,5.610430626198649,,4.768123174784705,,7.092966427095234,,1.9154211385175586,,2.8154820669442415,0.014244627207517624,-0.004268755059456453,0.00023423514403475565,2.2865759283304214,0.3317337930202484,0.9420946836471558,0.20064681768417358,0.03464735299348831,0.03558804839849472,0.4478604793548584,0.19678211212158203,8192,0.673002302646637,4.440485000610352,0.019214918836951256,19529728,21821,9536,596,-22.764042,0.009118159428180662,0.0030266949441283943,-4.9983577013015745,-31.132452,0.011583370951120742,0.0011043113569030537,-4.975028327107429,,,0.95,0.9,both,3.4641429751942034,3.1707718296834577,0.2717973183477926,0.0,-29.75738,2318.677104113932,-22.764042
120,1784849808.2090025,,5.28,,5.28,,4.799999999999999,,4.799999999999999,,7.200000000000002,,7.200000000000002,,1.9800000000000002,,1.9800000000000002,,2.759999999999999,,2.759999999999999,,5.34174324083142,,4.675456347409636,,6.79938118904829,,1.836038024048321,,2.7721571519505233,0.027602549642324448,0.00016952324585872702,0.0053507453712882125,2.2893579304218292,0.33013975620269775,0.9101758599281311,0.20462004840373993,0.04177446663379669,0.0667610913515091,0.46717125177383423,0.17601291835308075,8192,0.6583631038665771,4.284955024719238,0.019068049266934395,19693568,21998,9616,601,-12.559804,0.0057513622494298035,0.0018874095352657606,-5.061236587166786,-27.453302,0.006256106337241362,0.0018364466610364615,-5.0258996188640594,,,0.95,0.9,both,3.6529325665504375,3.6302088896361537,0.40093909727776283,0.0,-18.29469,2317.961709942135,-12.559804
121,1784849879.0177064,,5.28,,5.28,,4.799999999999999,,4.799999999999999,,7.200000000000002,,7.200000000000002,,1.9800000000000002,,1.9800000000000002,,2.759999999999999,,2.759999999999999,,5.16537078586407,,4.43115103954915,,6.735766797326505,,1.8517158376344014,,2.6556055452674627,0.019743062555789948,-0.0007468687690561637,0.0032176628683373565,2.292533330619335,0.2634885311126709,0.989734947681427,0.1623477041721344,0.004179817624390125,0.053623393177986145,0.5225811004638672,0.15629401803016663,8192,0.6182565689086914,4.167922019958496,0.02456696890294552,19857408,22168,9696,606,-4.325693,0.004134203316789353,0.004246226460236357,-5.083012530207634,-16.947592,0.004616485002043191,0.0035926171607570724,-5.079323118925094,,,0.95,0.9,both,3.387903208727283,3.630464942243809,0.34913200970948227,0.0,-33.932125,2313.839814206822,-4.325693
122,1784849951.5230625,,5.28,,5.28,,4.799999999999999,,4.799999999999999,,7.200000000000002,,7.200000000000002,,1.9800000000000002,,1.9800000000000002,,2.759999999999999,,2.759999999999999,,5.442682006396353,,4.963905806653202,,7.9186677522957325,,2.061730770394206,,2.796693183714524,0.02094469591975212,-0.0004966534324921668,0.0006024695267115021,2.298750303685665,0.2676529884338379,0.9483588933944702,0.163924440741539,-0.004965036176145077,0.05489230528473854,0.5070289373397827,0.15728740394115448,8192,0.5873774290084839,4.636735916137695,0.01487182080745697,20021248,22337,9776,611,-0.36737183,0.004965846019331366,0.003799171596619999,-5.078262946009636,-35.924725,0.007331291605078149,0.001920229686948005,-5.117352911829949,,,0.95,0.9,both,3.2763307266496255,3.4239721434016004,0.29464397400419595,0.0,-22.166103,2259.695183089333,-0.36737183
123,1784850022.1513155,,5.28,,5.28,,4.799999999999999,,4.799999999999999,,7.200000000000002,,7.200000000000002,,1.9800000000000002,,1.9800000000000002,,2.759999999999999,,2.759999999999999,,5.4847023116162745,,4.987723027938046,,7.6572659416124225,,2.022691279940773,,2.7616060319705866,0.013031135313212872,-0.00317485339473933,0.0022423912732847384,2.3018448129296303,0.1831522136926651,0.9480953216552734,0.08461159467697144,0.005743849091231823,0.03539194539189339,0.4499010145664215,0.15737813711166382,8192,0.6082520484924316,4.582797527313232,0.009651267901062965,20185088,22502,9856,616,-7.000244,0.004500691490102326,0.004002815557032591,-5.149670070409774,-22.897615,0.003668549605208682,0.002888306257955264,-5.1105158001184465,,,0.95,0.9,both,3.638743838016372,3.9665567111523656,0.33272300122586207,0.0,-38.997932,2319.752256595774,-7.000244
124,1784850093.9454029,,5.28,,5.28,,4.799999999999999,,4.799999999999999,,7.200000000000002,,7.200000000000002,,1.9800000000000002,,1.9800000000000002,,2.759999999999999,,2.759999999999999,,4.960338044911623,,4.866659699007869,,7.098387382924557,,1.7690522010016139,,2.921269488753751,0.020218471065163612,-0.0002599070285214111,0.00040281586598212016,2.3060865625739098,0.1994907110929489,0.9402939677238464,0.133665531873703,0.01146217342466116,0.05392075330018997,0.5928925275802612,0.14730310440063477,8192,0.6784416437149048,4.323141574859619,0.02247885800898075,20348928,22667,9936,621,-5.5850463,0.004811549428995932,0.0025681564344267826,-5.178652620315551,-30.449854,0.006180137796036433,0.0015596255325363018,-5.179522621631622,,,0.95,0.9,both,3.6766316219178776,3.1251893023054516,0.26755846774961145,0.0,-33.740746,2282.0813474531633,-5.5850463
125,1784850166.4460032,,5.28,,5.28,,4.799999999999999,,4.799999999999999,,7.200000000000002,,7.200000000000002,,1.9800000000000002,,1.9800000000000002,,2.759999999999999,,2.759999999999999,,4.729554634541273,,4.6180341362487525,,6.982859585434198,,1.974448751017917,,2.75771880580578,0.0216117762029171,-0.0052495720810838975,0.0027187186333321733,2.3097909912467003,0.2963651716709137,0.9123650789260864,0.13217532634735107,0.01641707308590412,0.061408303678035736,0.42929863929748535,0.1528393179178238,8192,0.6476771235466003,4.212523460388184,0.0185627993196249,20512768,22831,10016,626,4.971622,0.004325427112053149,0.00455683381005656,-5.210334476828575,-33.064228,0.004962969112966675,0.0009981805982533843,-5.2019141674041744,,,0.95,0.9,both,3.288814646620223,3.414046639807794,0.3669528254553592,0.0,-29.953053,2259.8446179153398,4.971622
126,1784850240.640411,,5.28,,5.28,,4.799999999999999,,4.799999999999999,,7.200000000000002,,7.200000000000002,,1.9800000000000002,,1.9800000000000002,,2.759999999999999,,2.759999999999999,,5.618982149288058,,5.166555002331734,,7.43752109631896,,1.9194529572268948,,2.7850147201679647,0.016900354996323586,-4.13418747484684e-05,0.0001909948784941662,2.316342703998089,0.19656656682491302,0.8896161317825317,0.16965413093566895,-0.008821793831884861,0.04059848189353943,0.4178440272808075,0.1537702977657318,8192,0.6602389216423035,4.58550500869751,0.02017122320830822,20676608,23006,10096,631,2.0222387,0.006156688409100752,0.0035666333773406223,-5.224070724844933,-14.947554,0.010771860467502847,0.0018414626159938053,-5.269251754879951,,,0.95,0.9,both,4.070268763593053,3.6030721541674247,0.2646142013772259,0.0,-15.278659,2208.2515002216023,2.0222387
127,1784850312.2642589,,5.28,,5.28,,4.799999999999999,,4.799999999999999,,7.200000000000002,,7.200000000000002,,1.9800000000000002,,1.9800000000000002,,2.759999999999999,,2.759999999999999,,5.139096925035119,,4.944760342128575,,7.282140778377652,,1.9193506233859807,,2.6438963999971747,0.02418513596057892,-0.0033422698179492727,0.0012103706421839888,2.3268311619758606,0.29611504077911377,0.8930628299713135,0.3059231638908386,0.012830890715122223,0.06956849992275238,0.5293828248977661,0.15881480276584625,8192,0.6714882850646973,4.3858489990234375,0.028528332710266113,20840448,23183,10176,636,-28.534897,0.008173411466123071,0.001954055707028601,-5.251522564888001,-40.375603,0.01289727668336127,0.003119161431095563,-5.291173571348191,,,0.95,0.9,both,3.3309535492708973,3.651385884463404,0.31276659140541513,0.0,-34.746998,2287.5062482201715,-28.534897
128,1784850383.726527,,5.28,,5.28,,4.799999999999999,,4.799999999999999,,7.200000000000002,,7.200000000000002,,1.9800000000000002,,1.9800000000000002,,2.759999999999999,,2.759999999999999,,5.5876529160887,,5.346335067413747,,7.802729215472937,,2.183469840500038,,2.887634765356779,0.015899308025836945,-0.01087706972612068,0.0023845500300012645,2.3330668956041336,0.21690253913402557,0.9251662492752075,0.1707724928855896,-0.00665003526955843,0.056205619126558304,0.4271164536476135,0.15366807579994202,8192,0.609677791595459,4.7615647315979,0.019567809998989105,21004288,23350,10256,641,-3.035088,0.005451699579134583,0.0011439726324169897,-5.271149903535843,-29.921047,0.009306691349775065,0.0008879513305146247,-5.312563768029213,,,0.95,0.9,both,3.1139750612598935,2.8843456202963758,0.3456149875583017,0.0,-32.25103,2292.678628091027,-3.035088
129,1784850454.9161255,,5.28,,5.28,,4.799999999999999,,4.799999999999999,,7.200000000000002,,7.200000000000002,,1.9800000000000002,,1.9800000000000002,,2.759999999999999,,2.759999999999999,,5.373250988719519,,4.634590333327651,,6.926905395463109,,1.8521371487586293,,2.79064769577235,0.0191188957542181,-0.007516422512708232,0.0009244327275155229,2.3380937576293945,0.28014323115348816,0.9612404108047485,0.22934427857398987,0.023685632273554802,0.049828726798295975,0.3236824572086334,0.14227184653282166,8192,0.6460577249526978,4.315506458282471,0.022059058770537376,21168128,23518,10336,646,-20.518404,0.006766854508896358,0.002566947864397662,-5.283313179016114,-22.43903,0.006549401039228542,0.00032034561590990054,-5.3089530795812605,,,0.95,0.9,both,3.2393596582938784,3.3239743321589117,0.30304166493648965,0.0,-43.6249,2301.4596266154463,-20.518404
130,1784850526.0887775,,5.28,,5.28,,4.799999999999999,,4.799999999999999,,7.200000000000002,,7.200000000000002,,1.9800000000000002,,1.9800000000000002,,2.759999999999999,,2.759999999999999,,5.551694521680474,,5.232871184125543,,7.64181515853852,,2.0524744344875216,,2.910280764102936,0.013529491610825062,8.596904808655381e-05,0.0006741567071912868,2.339164324104786,0.3076723515987396,0.9500910043716431,0.1875002086162567,0.012476075440645218,0.037965960800647736,0.4423384666442871,0.14664357900619507,8192,0.6415375471115112,4.67782735824585,0.019883060827851295,21331968,23680,10416,651,-4.091317,0.005344478358892957,0.0005917196518566925,-5.259462395310402,-28.262747,0.006122701340063941,0.00017212878301506863,-5.288470387458801,,,0.95,0.9,both,2.6985258065667823,2.9270283683039056,0.2626729811015281,0.0,-26.593588,2302.0077946303286,-4.091317
131,1784850598.0025618,,5.28,,5.28,,4.799999999999999,,4.799999999999999,,7.200000000000002,,7.200000000000002,,1.9800000000000002,,1.9800000000000002,,2.759999999999999,,2.759999999999999,,5.193330314010382,,4.614301058463752,,7.16785139683634,,1.7291464201407507,,2.720833197236061,0.021266061812639236,-0.007483642650186084,0.0009436872260266682,2.3400458991527557,0.20063289999961853,0.8469527959823608,0.10553491115570068,0.01921415701508522,0.06930838525295258,0.3572200536727905,0.1524081826210022,8192,0.6779006719589233,4.285092353820801,0.021971948444843292,21495808,23850,10496,656,-4.1965384,0.005349456213298254,0.0028777574305422606,-5.298849433660507,-34.374027,0.00696686819428578,0.0019300648098578676,-5.316691887378693,,,0.95,0.9,both,3.46563400377815,3.849457590696929,0.25984872692137306,0.0,-8.500084,2278.2846619970114,-4.1965384
132,1784850668.2349663,,5.28,,5.28,,4.799999999999999,,4.799999999999999,,7.200000000000002,,7.200000000000002,,1.9800000000000002,,1.9800000000000002,,2.759999999999999,,2.759999999999999,,5.409329968038946,,4.5646355375647545,,7.038944486528635,,1.8262834176421165,,2.6362396450713277,0.022545158863067627,-3.435160033404827e-05,0.0017728243310557446,2.341372862458229,0.2508012652397156,0.8825438022613525,0.17766448855400085,0.035697486251592636,0.05476442724466324,0.536078691482544,0.14948707818984985,8192,0.6944248080253601,4.295086860656738,0.022684970870614052,21659648,24012,10576,661,3.8192296,0.004270087205077289,0.0025115550204645844,-5.309309476613999,-29.148432,0.00625005078909453,0.0008978193654911593,-5.32517751455307,,,0.95,0.9,both,3.5164677769984536,2.867720180159226,0.3059980397437113,0.0,-37.06273,2332.82524714638,3.8192296
133,1784850740.449895,,5.28,,5.28,,4.799999999999999,,4.799999999999999,,7.200000000000002,,7.200000000000002,,1.9800000000000002,,1.9800000000000002,,2.759999999999999,,2.759999999999999,,5.359654617495835,,5.3303732592612505,,7.541417301865295,,2.150104457512498,,2.9090198357589543,0.021514002233743668,-0.003876099974149838,0.005700485533452593,2.3501092195510864,0.20451030135154724,0.9331227540969849,0.1373686045408249,-0.008111219853162766,0.06317128241062164,0.4270913004875183,0.1547912061214447,8192,0.6046474575996399,4.658113956451416,0.0171202402561903,21823488,24177,10656,666,-19.952084,0.006070448266109451,0.0041506783978547904,-5.338565000891686,-26.092047,0.003835549119685311,0.0019095455361821223,-5.352564039826393,,,0.95,0.9,both,3.401904526921226,3.8013092275923723,0.4208656674922441,0.0,-23.586946,2268.7839944294524,-19.952084
134,1784850813.5176404,,5.28,,5.28,,4.799999999999999,,4.799999999999999,,7.200000000000002,,7.200000000000002,,1.9800000000000002,,1.9800000000000002,,2.759999999999999,,2.759999999999999,,5.67197903431952,,4.930548939853907,,7.562701752409339,,2.169951903168112,,2.935135535430163,0.014434963464736938,0.0002562054432928562,0.0030505471950164065,2.357417792081833,0.22003242373466492,0.9338769316673279,0.2173696756362915,-0.011930303648114204,0.04167530685663223,0.44862204790115356,0.14255405962467194,8192,0.6299476623535156,4.6540632247924805,0.03794913738965988,21987328,24347,10736,671,-4.8636904,0.004858292960852851,0.003319161159743089,-5.320562326908112,-19.603321,0.011823351787461434,0.001629820093512535,-5.333340075612068,,,0.95,0.9,both,3.5039240511399763,2.891753532419454,0.3678894591966405,0.0,-16.21658,2242.30181880222,-4.8636904
135,1784850886.4411504,,5.28,,5.28,,4.799999999999999,,4.799999999999999,,7.200000000000002,,7.200000000000002,,1.9800000000000002,,1.9800000000000002,,2.759999999999999,,2.759999999999999,,5.256023922935128,,4.693594536394812,,6.837664864957333,,2.1759039713087986,,2.7963501373305917,0.026191694661974907,-0.001989612210309133,0.009850657133938512,2.357576921582222,0.22143112123012543,0.9670447111129761,0.14427122473716736,0.031013719737529755,0.061012059450149536,0.3738412857055664,0.14503471553325653,8192,0.6408171653747559,4.351907253265381,0.017504578456282616,22151168,24515,10816,676,4.81966,0.004091851278644754,0.002059354454104323,-5.3218537211418155,-50.09821,0.006285745915374718,0.0025713327282574027,-5.349250081181526,,,0.95,0.9,both,3.213232800541641,3.402778516356315,0.4220465030039008,0.0,-9.303976,2246.7375118385576,4.81966
136,1784850960.6425357,,5.28,,5.28,,4.799999999999999,,4.799999999999999,,7.200000000000002,,7.200000000000002,,1.9800000000000002,,1.9800000000000002,,2.759999999999999,,2.759999999999999,,5.183127678930759,,5.012686042115092,,7.082297584041953,,1.9810222652740777,,2.4560818979516625,0.021699149161577225,5.7334735174663365e-05,0.0009260132355848327,2.361563988029957,0.20785871148109436,0.9362790584564209,0.11203890293836594,0.001818015705794096,0.06030523031949997,0.5553569793701172,0.13678933680057526,8192,0.6328635215759277,4.343043327331543,0.02304990217089653,22315008,24679,10896,681,5.068516,0.0044653440862020945,0.003019026737456443,-5.33797033727169,-19.906221,0.004054559023643378,0.0020274152819183657,-5.353166279196739,,,0.95,0.9,both,3.314064833880349,4.1268245457444594,0.2088657768013925,0.0,-22.078121,2208.0450726144577,5.068516
137,1784851033.7994158,,5.28,,5.28,,4.799999999999999,,4.799999999999999,,7.200000000000002,,7.200000000000002,,1.9800000000000002,,1.9800000000000002,,2.759999999999999,,2.759999999999999,,4.91342038474977,,4.725760044530034,,6.725340433651581,,1.7287380821071565,,2.5282306142617017,0.02242237702012062,-0.0007196970327640884,0.0015408763947561965,2.3648469373583794,0.15409116446971893,0.8674023151397705,0.07867436856031418,0.006959422491490841,0.055348750203847885,0.419417142868042,0.14064499735832214,8192,0.5954543352127075,4.124298095703125,0.02938457950949669,22478848,24841,10976,686,-20.8991,0.005825665675365599,0.001627241336973384,-5.393188071250916,-23.271769,0.0026958637936331797,0.0013528491239412689,-5.412152242660523,,,0.95,0.9,both,3.0580551250025314,4.1535185005367286,0.2639238723544633,0.0,-14.8179655,2239.571954872928,-20.8991
138,1784851106.6846275,,5.28,,5.28,,4.799999999999999,,4.799999999999999,,7.200000000000002,,7.200000000000002,,1.9800000000000002,,1.9800000000000002,,2.759999999999999,,2.759999999999999,,4.53511495469138,,4.33048371784389,,6.831742095761001,,1.8266869271174073,,2.4821062805131078,0.014510166831314564,-0.004238495021127164,0.00016193586861845688,2.369382359087467,0.2573280930519104,0.9289264678955078,0.21980807185173035,0.019528701901435852,0.03725213557481766,0.39627376198768616,0.14053702354431152,8192,0.5227071046829224,4.001226902008057,0.02811012975871563,22642688,25010,11056,691,5.0158257,0.002734433775549405,0.00448666428510478,-5.4293842792510985,-44.479187,0.006036990677239373,0.002358734553126851,-5.4739100456237795,,,0.95,0.9,both,3.918456203852602,4.102984030317023,0.2404534692075219,0.0,-36.075996,2247.9169285894136,5.0158257
139,1784851180.7524195,,5.28,,5.28,,4.799999999999999,,4.799999999999999,,7.200000000000002,,7.200000000000002,,1.9800000000000002,,1.9800000000000002,,2.759999999999999,,2.759999999999999,,5.841970842331648,,5.087416334543377,,7.416280996054411,,1.8563377597020008,,2.9018355237785727,0.018053388223052025,-0.011751542045203678,0.0025806373905652435,2.3735117241740227,0.19908402860164642,0.9117363095283508,0.10900966078042984,0.01878398470580578,0.05020098015666008,0.3164999485015869,0.1310560703277588,8192,0.6113395690917969,4.620768070220947,0.019657092168927193,22806528,25176,11136,696,-2.9079423,0.002670231736556161,0.0038515858956088777,-5.489766871929168,-15.032385,0.002458381452743197,0.002634893695358187,-5.486229965090752,,,0.95,0.9,both,3.687686768651365,3.997547807163518,0.3428625051162582,0.0,-13.298291,2212.027617765864,-2.9079423
140,1784851253.5721006,,5.28,,5.28,,4.799999999999999,,4.799999999999999,,7.200000000000002,,7.200000000000002,,1.9800000000000002,,1.9800000000000002,,2.759999999999999,,2.759999999999999,,5.268162759486586,,4.136728004552424,,7.005864750637556,,1.8277438739314675,,2.7586137489415705,0.016874700784683228,-0.001135753613198176,0.0005673988171110977,2.3764003589749336,0.142766535282135,0.9311736822128296,0.13313940167427063,0.01449776254594326,0.04043783247470856,0.3364983797073364,0.14078964293003082,8192,0.6121622323989868,4.199422836303711,0.01938437670469284,22970368,25340,11216,701,-11.968114,0.0035932049991970415,0.0023510599814471787,-5.544608452916146,-14.488835,0.0020853923891991145,0.002563634880061727,-5.540625962615013,,,0.95,0.9,both,3.955224851836925,4.308174523234856,0.2418812236618162,0.0,-24.858532,2249.941161586976,-11.968114
141,1784851324.7551892,,5.28,,5.28,,4.799999999999999,,4.799999999999999,,7.200000000000002,,7.200000000000002,,1.9800000000000002,,1.9800000000000002,,2.759999999999999,,2.759999999999999,,5.003831141628325,,4.098671882878989,,6.718364884611219,,1.9822626309469342,,2.659561728243716,0.01717725396156311,-4.249055928084999e-05,0.000905300799786346,2.3822066411376,0.15975086390972137,0.9064136743545532,0.06667490303516388,0.029604870826005936,0.050631556659936905,0.3953099250793457,0.1423858106136322,8192,0.5867695212364197,4.092538356781006,0.023685725405812263,23134208,25503,11296,706,-4.0551157,0.0041306539307697674,0.0011112526910437737,-5.589390978217125,-20.67375,0.002113309171545552,0.0016585349185334053,-5.592088058590889,,,0.95,0.9,both,2.9369406650202143,4.546401314745176,0.32392294214417516,0.0,-23.683012,2301.6714115985724,-4.0551157
142,1784851396.137697,,5.28,,5.28,,4.799999999999999,,4.799999999999999,,7.200000000000002,,7.200000000000002,,1.9800000000000002,,1.9800000000000002,,2.759999999999999,,2.759999999999999,,5.594941005110741,,4.872952566598542,,7.180438889190555,,2.061235356144607,,2.995594601146877,0.022422343492507935,-0.005847662137057341,0.0025544622558300034,2.386873796582222,0.13385164737701416,0.9005154371261597,0.10318351536989212,0.04112091660499573,0.05351730436086655,0.3473258316516876,0.12743255496025085,8192,0.6686800718307495,4.541032314300537,0.02374659851193428,23298048,25671,11376,711,-12.261592,0.005795756605220958,0.003300508141546743,-5.596703922748565,-11.419443,0.0046802232864138205,0.0024504471068212295,-5.5928838580846785,,,0.95,0.9,both,4.175384732602369,3.028668140888601,0.31678388348961817,0.0,-41.54434,2295.2398192462183,-12.261592
143,1784851468.9661477,,5.28,,5.28,,4.799999999999999,,4.799999999999999,,7.200000000000002,,7.200000000000002,,1.9800000000000002,,1.9800000000000002,,2.759999999999999,,2.759999999999999,,4.808240711688995,,4.874125836417079,,7.142185125499964,,2.0006658188067377,,2.8050170222995803,0.0158037431538105,-0.002403022903308738,0.00040985107534652343,2.391089402139187,0.10709819197654724,1.0017058849334717,0.06545282900333405,0.026241056621074677,0.04345650598406792,0.38165420293807983,0.14342130720615387,8192,0.6661339402198792,4.326046943664551,0.02034851722419262,23461888,25836,11456,716,-3.79073,0.004497458803962217,0.0022979323453910182,-5.626307642459869,-13.216866,0.003802881074807374,0.0011806554713984952,-5.629618963599205,,,0.95,0.9,both,3.24388565416704,3.8264834410865767,0.23122001794772934,0.0,-7.390525,2249.669541597173,-3.79073
144,1784851541.6251504,,5.28,,5.28,,4.799999999999999,,4.799999999999999,,7.200000000000002,,7.200000000000002,,1.9800000000000002,,1.9800000000000002,,2.759999999999999,,2.759999999999999,,4.847111709415913,,4.163327468559146,,7.3795003443956375,,1.9894725363701582,,2.6547912172973156,0.02153841033577919,-0.0022252675844356418,0.00297805614900426,2.39500480145216,0.13187932968139648,0.9172631502151489,0.0854787677526474,0.008771561086177826,0.051240500062704086,0.44438496232032776,0.14725643396377563,8192,0.5874086618423462,4.206840515136719,0.021906036883592606,23625728,25999,11536,721,5.0750055,0.004416947191930376,0.0042856784632022025,-5.638598465919495,-16.341187,0.0025598885185900144,0.001602987733349437,-5.646578177809715,,,0.95,0.9,both,4.193951899013905,4.134816201420715,0.3105548677034341,0.0,-6.741945,2254.916704521931,5.0750055
145,1784851614.9939845,,5.28,,5.28,,4.799999999999999,,4.799999999999999,,7.200000000000002,,7.200000000000002,,1.9800000000000002,,1.9800000000000002,,2.759999999999999,,2.759999999999999,,5.2819463982013986,,4.749855685979128,,7.038252114085481,,2.0752941952086985,,2.901050547079649,0.01498105563223362,-2.1572501282207668e-05,0.00027606242633737565,2.399228610098362,0.13878078758716583,0.9333150386810303,0.08644475042819977,0.03781982511281967,0.03872976824641228,0.33051228523254395,0.13635148108005524,8192,0.6991807222366333,4.409279823303223,0.018798772245645523,23789568,26172,11616,726,5.676474,0.006253425542672631,0.004422520045773126,-5.6709048807621,-39.747772,0.004945273911289405,0.0025109955109655856,-5.665139719843864,,,0.95,0.9,both,3.3729370824479004,4.015636191189198,0.20984523447235937,0.0,5.7724957,2233.1018957488195,5.676474
146,1784851686.824211,,5.28,,5.28,,4.799999999999999,,4.799999999999999,,7.200000000000002,,7.200000000000002,,1.9800000000000002,,1.9800000000000002,,2.759999999999999,,2.759999999999999,,5.259381798096001,,4.768677645362914,,7.130879116244614,,1.9230010090395808,,2.956766844174126,0.01717372238636017,-0.0006134471914265305,0.0028597775899470435,2.4027600064873695,0.28189635276794434,0.9891374111175537,0.22676700353622437,-0.027983535081148148,0.04571487009525299,0.35912179946899414,0.16061629354953766,8192,0.6456451416015625,4.407741069793701,0.053232528269290924,23953408,26342,11696,731,-3.110161,0.004301309474976733,0.0033876816829433664,-5.648003709316254,-43.642025,0.01508166964922566,0.0038586577233218123,-5.653683814406395,,,0.95,0.9,both,3.779006201304655,3.3744761527099016,0.31712680562113293,0.0,-41.139545,2280.9327842657335,-3.110161
147,1784851760.8511286,,5.28,,5.28,,4.799999999999999,,4.799999999999999,,7.200000000000002,,7.200000000000002,,1.9800000000000002,,1.9800000000000002,,2.759999999999999,,2.759999999999999,,4.966780764982104,,4.6740368492901325,,7.144839143380523,,1.7979714032262564,,2.861467183800414,0.02254893258213997,-0.010897948974161409,0.006529814569148584,2.4074264392256737,0.2541147470474243,0.9399318695068359,0.1764639914035797,0.030885770916938782,0.057914093136787415,0.3230457901954651,0.14092013239860535,8192,0.671059250831604,4.2890191078186035,0.04326273500919342,24117248,26513,11776,736,-11.510957,0.005019030079711229,0.0028768432825017954,-5.683568504452706,-18.847504,0.01139628386736149,0.0024578235592343845,-5.697934946417808,,,0.95,0.9,both,3.1247036804438557,3.298245427700209,0.3894107793614889,0.0,-7.9736657,2213.2500431816857,-11.510957
148,1784851833.4538984,,5.28,,5.28,,4.799999999999999,,4.799999999999999,,7.200000000000002,,7.200000000000002,,1.9800000000000002,,1.9800000000000002,,2.759999999999999,,2.759999999999999,,5.292962781153619,,5.405498541891575,,7.589937638491392,,2.0886641489341855,,2.8804928728495724,0.018414894118905067,-0.00021398054514065734,0.0011721547061824822,2.4138122648000717,0.10123331844806671,0.8797861337661743,0.05078006908297539,-0.03770315274596214,0.04564407840371132,0.35350891947746277,0.15546318888664246,8192,0.6557734608650208,4.651511192321777,0.016247514635324478,24281088,26693,11856,741,-11.571037,0.00579017248674063,0.001934830042591784,-5.749476653337479,-34.636494,0.004026131492719287,0.0015015962897450663,-5.712899461388588,,,0.95,0.9,both,4.082385052516438,4.255834464494494,0.23161301743837698,0.0,-29.457352,2256.662292158708,-11.571037
149,1784851909.817982,,5.28,,5.28,,4.799999999999999,,4.799999999999999,,7.200000000000002,,7.200000000000002,,1.9800000000000002,,1.9800000000000002,,2.759999999999999,,2.759999999999999,,5.125603371299803,,4.684501122130314,,6.781810903921723,,1.985274729784578,,2.852271151030436,0.0180639810860157,-0.0049292041003354825,0.0016961954979706206,2.412982240319252,0.23675809800624847,0.9515164494514465,0.2519085109233856,0.011382732540369034,0.0419965498149395,0.2707096338272095,0.14337807893753052,8192,0.6453191041946411,4.285892009735107,0.019920622929930687,24444928,26866,11936,746,-11.355603,0.006995886100048665,0.0036449381259444635,-5.789233875274658,-18.85527,0.0029901096859248355,0.0009019103265018203,-5.73548653125763,,,0.95,0.9,both,3.892583127112973,4.1171725657287235,0.2978236351682329,0.0,-7.462737,2145.5123252476883,-11.355603
150,1784851982.8307219,,5.28,,5.28,,4.799999999999999,,4.799999999999999,,7.200000000000002,,7.200000000000002,,1.9800000000000002,,1.9800000000000002,,2.759999999999999,,2.759999999999999,,5.148536521941423,,4.582017267588526,,6.5491912346333265,,1.7444471325725317,,2.7245740776415914,0.02660461515188217,4.1265913750976324e-05,0.005940989214650472,2.41440399736166,0.33344539999961853,0.9396440386772156,0.2300771027803421,-0.003510134294629097,0.07288165390491486,0.3492555618286133,0.14439699053764343,8192,0.6038433909416199,4.149753093719482,0.031737860292196274,24608768,27056,12016,751,-10.467425,0.005094378169451375,0.0030340008917846715,-5.8056571811437605,-56.960136,0.011779292806750163,0.003664847154141171,-5.795289176702499,,,0.95,0.9,both,3.5489526295915277,4.208744431159729,0.34794984562167586,0.0,-21.825722,2243.9905908453993,-10.467425
151,1784852056.5879848,,5.28,,5.28,,4.799999999999999,,4.799999999999999,,7.200000000000002,,7.200000000000002,,1.9800000000000002,,1.9800000000000002,,2.759999999999999,,2.759999999999999,,4.917173441499472,,4.6241047671064734,,7.316035269759595,,1.8674464328214526,,2.5584658581065014,0.011213341727852821,-0.002977881988044828,0.00026329510751565977,2.4178319722414017,0.33621591329574585,0.9515374898910522,0.22758260369300842,0.01696159690618515,0.028887631371617317,0.34715235233306885,0.15227410197257996,8192,0.6360303163528442,4.2566447257995605,0.02626873552799225,24772608,27231,12096,756,-19.50162,0.005965872672823025,0.0019918100646464155,-5.862688094377518,-34.083637,0.008702881688077469,0.0019682826823554933,-5.791951647400856,,,0.95,0.9,both,3.6925650995747987,4.172406196651581,0.25268955980957364,0.0,-13.954908,2221.341260958932,-19.50162
152,1784852129.0350363,,5.28,,5.28,,4.799999999999999,,4.799999999999999,,7.200000000000002,,7.200000000000002,,1.9800000000000002,,1.9800000000000002,,2.759999999999999,,2.759999999999999,,4.963635836262256,,4.457441041711718,,6.909032489871606,,1.728742173872888,,2.689870516769588,0.012449291534721851,-3.4588727430673316e-05,0.0003853596417684457,2.4200613126158714,0.19331565499305725,0.9988399147987366,0.1359298676252365,-0.0012299399822950363,0.03805398941040039,0.4103196859359741,0.14466634392738342,8192,0.6318851113319397,4.149744510650635,0.023544946685433388,24936448,27399,12176,761,-19.132935,0.006209355163446162,0.0032783436981844716,-5.85531730055809,-43.098667,0.007033055416832213,0.001560299603443127,-5.823545825481415,,,0.95,0.9,both,3.8098570415263557,3.8696646825825796,0.23257115920455596,0.0,-52.950947,2261.5129512416343,-19.132935
153,1784852200.1600692,,5.28,,5.28,,4.799999999999999,,4.799999999999999,,7.200000000000002,,7.200000000000002,,1.9800000000000002,,1.9800000000000002,,2.759999999999999,,2.759999999999999,,5.716688591521233,,5.118969765957445,,7.403603641781956,,1.9597556642256677,,2.865397032815963,0.02298825792968273,-0.011570265731279505,0.000971782874330529,2.4263123348355293,0.2116292268037796,0.9116283059120178,0.13842694461345673,0.013611337170004845,0.06448373943567276,0.26973825693130493,0.127524733543396,8192,0.6477344036102295,4.6128830909729,0.022171679884195328,25100288,27569,12256,766,-1.8496511,0.005515478715824429,0.004676173196821764,-5.844728252291679,-17.09657,0.005032570173352724,0.0016522165678907186,-5.861826679110527,,,0.95,0.9,both,3.8046557023309284,3.967786223467614,0.3117630632517843,0.0,-72.60482,2303.5490459407133,-1.8496511
154,1784852273.1534934,,5.28,,5.28,,4.799999999999999,,4.799999999999999,,7.200000000000002,,7.200000000000002,,1.9800000000000002,,1.9800000000000002,,2.759999999999999,,2.759999999999999,,5.7355487532913685,,4.764065398834646,,7.458459860878065,,2.2248319019563496,,2.81765105901286,0.026285191997885704,-0.00542612343269866,0.0005369819432416989,2.4301291555166245,0.11903820931911469,0.9064531922340393,0.10805891454219818,0.020958131179213524,0.06929878890514374,0.41183361411094666,0.1342473179101944,8192,0.633007824420929,4.600111484527588,0.021810339763760567,25264128,27743,12336,771,-53.082253,0.008441100403433665,0.0019933837145799773,-5.867077499628067,-36.56921,0.0066063315767678436,0.001999110788165126,-5.8752597868442535,,,0.95,0.9,both,4.084889651428503,4.297754713706091,0.2564918968452746,0.0,-44.190044,2244.5874561863916,-53.082253
155,1784852344.5556803,,5.28,,5.28,,4.799999999999999,,4.799999999999999,,7.200000000000002,,7.200000000000002,,1.9800000000000002,,1.9800000000000002,,2.759999999999999,,2.759999999999999,,4.803869927302003,,4.524871340021491,,6.718031648546457,,1.8431407772004604,,2.7562728971242905,0.021393204107880592,-0.002065996843157336,0.0007612911558680935,2.442983865737915,0.34846872091293335,0.97650545835495,0.316142737865448,0.06017167866230011,0.05531861633062363,0.27827489376068115,0.14753718674182892,8192,0.6812207698822021,4.129237174987793,0.03877696022391319,25427968,27926,12416,776,-52.80376,0.008480959628650453,0.003691435467044357,-5.853625231981278,-48.73591,0.014434645016444847,0.004327883446967462,-5.8700009942054745,,,0.95,0.9,both,4.047619356332133,3.7341847669162265,0.25632067671067915,0.0,-29.51148,2294.605814258999,-52.80376
156,1784852414.5371108,,5.28,,5.28,,4.799999999999999,,4.799999999999999,,7.200000000000002,,7.200000000000002,,1.9800000000000002,,1.9800000000000002,,2.759999999999999,,2.759999999999999,,5.235635172575712,,4.657352827489376,,7.4780847653746605,,2.0135823525488377,,2.682352478383109,0.026288770139217377,-0.0013916253810748458,0.0007150199389798217,2.447548493742943,0.13709747791290283,0.9606305360794067,0.14442595839500427,0.017977744340896606,0.06403544545173645,0.3401201069355011,0.14351670444011688,8192,0.6933625340461731,4.4134016036987305,0.01688183657824993,25591808,28115,12496,781,-18.25018,0.006588391009427141,0.0030971870122812107,-5.862743258476257,-40.045303,0.01260138449142687,0.002140395170135889,-5.862008991837501,,,0.95,0.9,both,4.3754101993821575,3.87654967117044,0.24066469870805732,0.0,-75.52822,2341.1927004767,-18.25018
157,1784852486.0908544,,5.28,,5.28,,4.799999999999999,,4.799999999999999,,7.200000000000002,,7.200000000000002,,1.9800000000000002,,1.9800000000000002,,2.759999999999999,,2.759999999999999,,4.916454308666289,,4.893253119196743,,7.211824847385287,,1.9876661952584982,,2.9588837237097323,0.02748258411884308,-0.0005508587928488851,0.001370405242596462,2.4527047500014305,0.14796215295791626,0.9146345257759094,0.13288801908493042,0.009035991504788399,0.06927376985549927,0.3440604507923126,0.1602407991886139,8192,0.6606156229972839,4.393616199493408,0.02236512303352356,25755648,28300,12576,786,-13.056233,0.006892149797931779,0.0018715098034590484,-5.889263725280761,-51.218018,0.013031937784398906,0.0019140968652209267,-5.878283807635308,,,0.95,0.9,both,3.8557169152976414,3.7661001606516153,0.2527609406360698,0.0,-20.537754,2289.7474244666923,-13.056233
158,1784852557.670417,,5.28,,5.28,,4.799999999999999,,4.799999999999999,,7.200000000000002,,7.200000000000002,,1.9800000000000002,,1.9800000000000002,,2.759999999999999,,2.759999999999999,,5.233779772184789,,4.558698857203126,,7.040448328945786,,1.964108930900693,,2.7639169292524457,0.020534919574856758,-0.0002395859410171397,0.0005514783956641622,2.4553422927856445,0.22709932923316956,0.9293839931488037,0.15628547966480255,-0.00692712189629674,0.05456024408340454,0.35908272862434387,0.12808212637901306,8192,0.6510626673698425,4.312191009521484,0.02368147298693657,25919488,28470,12656,791,6.407634,0.00330692150091636,0.004953717204625718,-5.882553437352181,-26.562637,0.008277981339779217,0.0024108407284074928,-5.8835114479064945,,,0.95,0.9,both,3.7870960056590066,3.669708203110111,0.20869132760737608,0.0,-23.43887,2288.9212838734425,6.407634
159,1784852630.291381,,5.28,,5.28,,4.799999999999999,,4.799999999999999,,7.200000000000002,,7.200000000000002,,1.9800000000000002,,1.9800000000000002,,2.759999999999999,,2.759999999999999,,5.122063981136307,,4.9213957116007805,,6.68168936856091,,1.8387992903590202,,2.706242000218481,0.021119339391589165,-0.005161588138435036,0.0003941973004657484,2.4595193713903427,0.24311022460460663,0.8844811320304871,0.16004741191864014,0.03887014091014862,0.05444544926285744,0.4329071044921875,0.1268092542886734,8192,0.6851330995559692,4.254038333892822,0.019196294248104095,26083328,28638,12736,796,4.8908825,0.002832104817207437,0.003492615616414696,-5.87903302013874,-9.704468,0.0034261775246704927,0.002301198044006014,-5.897592985630036,,,0.95,0.9,both,3.812719209855467,4.479603488359237,0.23811825877013781,0.0,-15.799289,2256.0993883225055,4.8908825
160,1784852704.760674,,5.28,,5.28,,4.799999999999999,,4.799999999999999,,7.200000000000002,,7.200000000000002,,1.9800000000000002,,1.9800000000000002,,2.759999999999999,,2.759999999999999,,4.811498146969825,,4.6748107727617025,,6.828261977061629,,1.7862782066804357,,2.752265767659992,0.018824627622961998,-0.0003204686800017953,0.0002476031734204298,2.4628303721547127,0.1326955407857895,0.9583489298820496,0.10575107485055923,0.05116281285881996,0.04669595882296562,0.3733336925506592,0.13342256844043732,8192,0.6577109098434448,4.170622825622559,0.018399255350232124,26247168,28808,12816,801,-1.7306156,0.005008641676249681,0.001559810909748194,-5.914208543300629,-54.654125,0.008079438577988185,0.003190649517637212,-5.9358103483915325,,,0.95,0.9,both,3.196527628630591,4.7393985815286825,0.21669448386586293,0.0,-16.618528,2200.1000196645505,-1.7306156
161,1784852779.2339425,,5.28,,5.28,,4.799999999999999,,4.799999999999999,,7.200000000000002,,7.200000000000002,,1.9800000000000002,,1.9800000000000002,,2.759999999999999,,2.759999999999999,,5.311011203797534,,4.5455603413283825,,7.154653139412403,,2.0011725237127393,,2.9184393798932433,0.0225534588098526,-0.001093251379643334,0.001208577492434415,2.462086223065853,0.2491995245218277,1.0556873083114624,0.15197308361530304,0.014708421193063259,0.05603255704045296,0.4202655553817749,0.121739462018013,8192,0.6432508826255798,4.386167049407959,0.025268852710723877,26411008,28971,12896,806,-1.7174801,0.004311440672609024,0.003250401253171731,-5.931127265095711,-25.303308,0.005099308039643802,0.0032390068416134456,-5.922946429252624,,,0.95,0.9,both,3.7816815209380303,4.202065852590204,0.234177273999401,0.0,-5.9377203,2199.984771585865,-1.7174801
162,1784852854.030281,,5.28,,5.28,,4.799999999999999,,4.799999999999999,,7.200000000000002,,7.200000000000002,,1.9800000000000002,,1.9800000000000002,,2.759999999999999,,2.759999999999999,,5.070080567151308,,4.576019011437893,,6.844538738485426,,1.8868071637116373,,2.604672666406259,0.009765634313225746,-0.0013741558213951066,8.822189511192846e-05,2.4648307412862778,0.14898978173732758,0.9482084512710571,0.15835267305374146,0.007799151353538036,0.026572035625576973,0.48896753787994385,0.11259856075048447,8192,0.6348816156387329,4.196423530578613,0.021836355328559875,26574848,29135,12976,811,-26.5582,0.00698358533118153,0.004765606886940077,-5.938669344782829,-28.242947,0.003183401448040968,0.0007168393669417128,-5.950415793061256,,,0.95,0.9,both,3.773100001314333,4.623476418376678,0.2665022841764038,0.0,-18.793457,2190.4807760607337,-26.5582
163,1784852927.2122636,,5.28,,5.28,,4.799999999999999,,4.799999999999999,,7.200000000000002,,7.200000000000002,,1.9800000000000002,,1.9800000000000002,,2.759999999999999,,2.759999999999999,,5.2577733071520925,,4.450991701334715,,7.242973453656305,,1.750525466632098,,2.7851198446005583,0.019735880196094513,6.068107904866338e-05,0.0011350927607054473,2.4694367349147797,0.16356348991394043,0.9127823114395142,0.12949445843696594,0.003951699007302523,0.04977016523480415,0.41778403520584106,0.12080375105142593,8192,0.6398867964744568,4.297476768493652,0.020747434347867966,26738688,29299,13056,816,7.7235947,0.004608839594584424,0.0043967800316750075,-5.938045200705528,-54.78346,0.0051129314306308515,0.0024553648770961447,-5.963096505403518,,,0.95,0.9,both,3.6614303228194287,4.738753559183795,0.24527770059461085,0.0,2.4791608,2238.8026105521258,7.7235947
164,1784852998.6143212,,5.28,,5.28,,4.799999999999999,,4.799999999999999,,7.200000000000002,,7.200000000000002,,1.9800000000000002,,1.9800000000000002,,2.759999999999999,,2.759999999999999,,5.1511796321719885,,4.997960176318884,,7.517095260322094,,2.0451347046764567,,2.9712297914084047,0.03562116622924805,7.300965808099136e-05,0.0016177092547877692,2.475050024688244,0.11016800999641418,0.8953825235366821,0.0560557097196579,0.02134844660758972,0.09442657232284546,0.33843448758125305,0.1252473145723343,8192,0.6766606569290161,4.536519527435303,0.02069401554763317,26902528,29467,13136,821,6.948407,0.005268496212374884,0.004530225590860937,-5.9359606295824054,-39.67928,0.004672277058853069,0.002046484126185533,-5.960786688327789,,,0.95,0.9,both,3.6864949687094537,4.62011643913257,0.23744032731114434,0.0,-63.519432,2294.611537592831,6.948407
165,1784853072.0738297,,5.28,,5.28,,4.799999999999999,,4.799999999999999,,7.200000000000002,,7.200000000000002,,1.9800000000000002,,1.9800000000000002,,2.759999999999999,,2.759999999999999,,5.390126761980355,,4.456595967989415,,6.927851057611406,,1.8659394085407257,,2.7721051536500454,0.0222611166536808,-0.0010284985764883459,0.0016791631169326138,2.4805657416582108,0.2378726750612259,0.8942237496376038,0.15975449979305267,0.018475990742444992,0.06717126816511154,0.3975808918476105,0.11458973586559296,8192,0.6607507467269897,4.282523155212402,0.03725888580083847,27066368,29631,13216,826,-9.394628,0.00494100628857268,0.004120225580663828,-5.930374094843865,-19.383991,0.007038157194619999,0.0005388504658185411,-5.9730683147907255,,,0.95,0.9,both,3.6978726821522416,3.7080707800319046,0.25762726756675747,0.0,-13.235384,2230.34435719666,-9.394628
166,1784853145.456797,,5.28,,5.28,,4.799999999999999,,4.799999999999999,,7.200000000000002,,7.200000000000002,,1.9800000000000002,,1.9800000000000002,,2.759999999999999,,2.759999999999999,,5.577223253436387,,4.70383719727397,,6.801834894809872,,2.017439912073314,,2.907529965043068,0.025079678744077682,-9.42794831644278e-05,0.002482589430655935,2.4838725551962852,0.20422694087028503,0.9450259208679199,0.1555846780538559,0.002512959763407707,0.06227508559823036,0.32390058040618896,0.11131010204553604,8192,0.6826332211494446,4.401573181152344,0.03475077450275421,27230208,29804,13296,831,-18.218424,0.008681343040370848,0.002773432421963662,-5.939515915513039,-40.81744,0.00897541823287611,0.001766245620092377,-5.995309901237488,,,0.95,0.9,both,3.8103163636271304,3.194969525467802,0.2885808661725261,0.0,-15.178236,2232.671379499537,-18.218424
167,1784853219.2769585,,5.28,,5.28,,4.799999999999999,,4.799999999999999,,7.200000000000002,,7.200000000000002,,1.9800000000000002,,1.9800000000000002,,2.759999999999999,,2.759999999999999,,5.181402967311442,,4.627242215385195,,7.100270923227072,,2.052677044644952,,2.6876618317328393,0.019781755283474922,-0.00029357813400565647,0.0003186088936217857,2.48482533544302,0.2691352963447571,0.9579898715019226,0.24432890117168427,0.004032221157103777,0.05089011415839195,0.35295194387435913,0.1243421733379364,8192,0.6674540042877197,4.329851150512695,0.03199760243296623,27394048,29990,13376,836,-26.386505,0.007240650667517912,0.0032378947937104384,-5.986835849285126,-35.956306,0.008356609908514657,0.0038919660830288192,-5.972637763619423,,,0.95,0.9,both,3.8315402759799753,3.982208078927335,0.17862859284613386,0.0,-23.42622,2219.4473366958027,-26.386505
168,1784853293.5623908,,5.28,,5.28,,4.799999999999999,,4.799999999999999,,7.200000000000002,,7.200000000000002,,1.9800000000000002,,1.9800000000000002,,2.759999999999999,,2.759999999999999,,5.8625877504237,,5.266472692601383,,7.528815194964409,,1.978544556768611,,2.966964418068528,0.02165246568620205,-0.0027626612172753084,0.001747251364577096,2.486637346446514,0.20519806444644928,0.8899943828582764,0.16119417548179626,-0.013493988662958145,0.05547262355685234,0.32120180130004883,0.11222939938306808,8192,0.6207567453384399,4.720677375793457,0.024202536791563034,27557888,30166,13456,841,-1.0790579,0.006335919437697157,0.004185081947071012,-5.935545775294304,-37.527588,0.01057917579455534,0.0032303455442161066,-5.988856863975525,,,0.95,0.9,both,3.7687693065436436,3.6855530071645317,0.28420077340723243,0.0,1.8764263,2205.546688256983,-1.0790579
169,1784853366.5238638,,5.28,,5.28,,4.799999999999999,,4.799999999999999,,7.200000000000002,,7.200000000000002,,1.9800000000000002,,1.9800000000000002,,2.759999999999999,,2.759999999999999,,5.725412257015705,,5.308498622849584,,7.356171127408743,,2.2474244590848684,,2.968451918102801,0.02754739113152027,-0.01329079017159529,0.0012707065980066545,2.492283433675766,0.1653275340795517,1.0045303106307983,0.1493118703365326,-0.01297538261860609,0.07583203911781311,0.3970215320587158,0.11859288811683655,8192,0.6543349027633667,4.72119140625,0.024707145988941193,27721728,30344,13536,846,7.321357,0.005533104711503256,0.0030965030076913536,-5.926613187789917,-46.350437,0.011294823279604316,0.0024559303899877706,-6.018871122598648,,,0.95,0.9,both,3.545394646532364,3.890997413580993,0.29999386252184757,0.0,-24.329838,2245.569554128305,7.321357
170,1784853441.383584,,5.28,,5.28,,4.799999999999999,,4.799999999999999,,7.200000000000002,,7.200000000000002,,1.9800000000000002,,1.9800000000000002,,2.759999999999999,,2.759999999999999,,4.954575292766094,,4.9949192283675075,,7.187995916232467,,1.9041501944884658,,2.662284917663783,0.020478414371609688,-0.002541428431868553,0.0028840594095527194,2.4982951134443283,0.27775758504867554,0.9179013967514038,0.2697913646697998,0.004614155739545822,0.05249611288309097,0.2755267918109894,0.10482717305421829,8192,0.6783539056777954,4.340785026550293,0.044351283460855484,27885568,30522,13616,851,-11.056353,0.006765398952120449,0.002329859821475111,-5.902670547366142,-11.091162,0.016169293751590885,0.0030298576442874038,-5.9859564691782,,,0.95,0.9,both,3.672961361346472,3.2315352067689105,0.2950682302543887,0.0,-26.587814,2188.626155553929,-11.056353
171,1784853514.9517832,,5.28,,5.28,,4.799999999999999,,4.799999999999999,,7.200000000000002,,7.200000000000002,,1.9800000000000002,,1.9800000000000002,,2.759999999999999,,2.759999999999999,,5.077263784129173,,4.914347923360765,,7.104756895452738,,1.7355292458087206,,2.8021771676139906,0.024614423513412476,9.930321721185464e-05,0.001959723718755413,2.4973050877451897,0.15380311012268066,0.9348326921463013,0.09106045961380005,-0.04037250950932503,0.06454455852508545,0.43766361474990845,0.09871023893356323,8192,0.6599386930465698,4.326815128326416,0.02231695130467415,28049408,30685,13696,856,-18.741014,0.007779519713949412,0.004548279064329109,-5.9577238142490385,-11.096262,0.003122414505924098,0.002476469521934632,-5.93627955019474,,,0.95,0.9,both,4.26453576831779,4.329978921481041,0.2729898856477827,0.0,-28.86279,2227.0491868919,-18.741014
172,1784853589.4116492,,5.28,,5.28,,4.799999999999999,,4.799999999999999,,7.200000000000002,,7.200000000000002,,1.9800000000000002,,1.9800000000000002,,2.759999999999999,,2.759999999999999,,5.3687240979634225,,4.607755230739713,,7.468887608498335,,2.11861281178426,,2.9018961284309626,0.025106050074100494,-0.0019583171233534813,0.0008476825305478997,2.4992509484291077,0.22920912504196167,0.8193949460983276,0.188364177942276,0.011469097808003426,0.06840116530656815,0.39692121744155884,0.11033078283071518,8192,0.7090505361557007,4.493175029754639,0.030795732513070107,28213248,30852,13776,861,-2.8468266,0.0046084823719866105,0.004251259849843337,-5.965036341547966,-31.950047,0.008887631792458706,0.0042871768248005536,-5.979462537169456,,,0.95,0.9,both,3.603792715958819,3.899156064547185,0.24629565508718992,0.0,-6.1164203,2200.3800904896752,-2.8468266
173,1784853663.788287,,5.28,,5.28,,4.799999999999999,,4.799999999999999,,7.200000000000002,,7.200000000000002,,1.9800000000000002,,1.9800000000000002,,2.759999999999999,,2.759999999999999,,5.2590676145628095,,4.7047963831573725,,7.183018355630338,,1.867498505860567,,2.834417363163084,0.02004080079495907,-0.0004782619835168589,0.0008940064299167716,2.5046034157276154,0.1884642243385315,0.9631996750831604,0.20320136845111847,0.04624657705426216,0.05173645541071892,0.5016697645187378,0.11814054846763611,8192,0.727401852607727,4.369759559631348,0.044074300676584244,28377088,31024,13856,866,6.888536,0.0035623634539660998,0.003668495866440935,-6.018173608183861,-65.11305,0.013687547996232752,0.0030398887654882857,-5.968416479229927,,,0.95,0.9,both,3.6797703744057157,3.6073053769312735,0.2328512800965779,0.0,-20.931278,2202.842246621258,6.888536
174,1784853740.0235572,,5.28,,5.28,,4.799999999999999,,4.799999999999999,,7.200000000000002,,7.200000000000002,,1.9800000000000002,,1.9800000000000002,,2.759999999999999,,2.759999999999999,,5.384718529880047,,4.667562918737531,,6.761469377204776,,1.795961377210915,,2.802280649775639,0.017188431695103645,0.00026927998260362074,0.0009264445648113906,2.5079259872436523,0.14710937440395355,0.9561837315559387,0.08886221796274185,0.04880211502313614,0.04271302372217178,0.4418267011642456,0.09529672563076019,8192,0.7027974128723145,4.282398223876953,0.02348317578434944,28540928,31187,13936,871,6.2154765,0.0038932286763156297,0.003529568034718977,-6.05081559419632,-16.466175,0.0034160489747591784,0.0023155954157118687,-6.025902950763703,,,0.95,0.9,both,3.77109158602502,4.693529736649653,0.30102944892471417,0.0,0.897916,2149.136406673493,6.2154765
175,1784853816.252179,,5.28,,5.28,,4.799999999999999,,4.799999999999999,,7.200000000000002,,7.200000000000002,,1.9800000000000002,,1.9800000000000002,,2.759999999999999,,2.759999999999999,,4.561905896291137,,4.271569864824414,,6.876871947199106,,1.7079668990336359,,2.5050833700224757,0.019500812515616417,-0.000825990573503077,0.00047764140981598757,2.5121159479022026,0.14408548176288605,1.0454928874969482,0.12350201606750488,-0.037823308259248734,0.05007338523864746,0.33631351590156555,0.11489022523164749,8192,0.5727649331092834,3.9846794605255127,0.020805083215236664,28704768,31354,14016,876,7.6913576,0.004367418715264648,0.00405637518124422,-6.045174935460091,-6.175129,0.0030911616813682485,0.0026006866537500173,-6.069488826394081,,,0.95,0.9,both,3.6275103588222377,4.420440815938273,0.2381847457829641,0.0,-10.274038,2149.324723299438,7.6913576
176,1784853890.1131642,,5.28,,5.28,,4.799999999999999,,4.799999999999999,,7.200000000000002,,7.200000000000002,,1.9800000000000002,,1.9800000000000002,,2.759999999999999,,2.759999999999999,,4.898979906458408,,4.667072117328644,,7.013468366116285,,1.8432407146319747,,2.7403657665709034,0.023331675678491592,0.00018824794824467972,0.0024875179842638317,2.514274850487709,0.16383576393127441,1.0502039194107056,0.14065641164779663,0.01114741712808609,0.06803453713655472,0.3396410346031189,0.11071045696735382,8192,0.6905014514923096,4.232625484466553,0.02309226430952549,28868608,31522,14096,881,7.9894295,0.005396877235034481,0.005832932518387679,-6.086347937583923,-13.319147,0.004880889275955269,0.003207447731256252,-6.07516240477562,,,0.95,0.9,both,3.658624943832474,3.4135990373806946,0.2802005669413843,0.0,-21.76988,2218.220268029374,7.9894295
177,1784853966.711436,,5.28,,5.28,,4.799999999999999,,4.799999999999999,,7.200000000000002,,7.200000000000002,,1.9800000000000002,,1.9800000000000002,,2.759999999999999,,2.759999999999999,,5.371325658634305,,4.750169628299773,,7.569203902268782,,2.0196556765586138,,2.8285155207559,0.016297772526741028,-0.0016788346929388354,0.00019526860023688641,2.5178985819220543,0.14031822979450226,0.9587268829345703,0.0954011082649231,0.019899988546967506,0.04267163947224617,0.32685601711273193,0.09352140128612518,8192,0.6595408320426941,4.507774353027344,0.022616300731897354,29032448,31684,14176,886,-10.846619,0.003342704602255253,0.0019997862735181117,-6.095609301328659,-28.146704,0.005365597712807357,0.00448905273078708,-6.0993058443069454,,,0.95,0.9,both,4.6262511999887925,4.87039160454822,0.22197325948130348,0.0,-2.9918592,2138.9533237095006,-10.846619
178,1784854042.7031968,,5.28,,5.28,,4.799999999999999,,4.799999999999999,,7.200000000000002,,7.200000000000002,,1.9800000000000002,,1.9800000000000002,,2.759999999999999,,2.759999999999999,,5.261925059836358,,4.4960832190699875,,7.611778630060144,,1.8993598008528352,,2.8731373525224626,0.018313240259885788,0.0002631198294693604,0.0020268282260076376,2.518844172358513,0.22029194235801697,1.0409157276153564,0.1777585744857788,-0.022682785987854004,0.04467124119400978,0.46536779403686523,0.11698754876852036,8192,0.6521950960159302,4.428456783294678,0.03133711963891983,29196288,31845,14256,891,-0.9645979,0.004122911010927055,0.0041482929940684695,-6.124861350655555,-10.881631,0.007541283132741228,0.0006677549434243701,-6.122935763001442,,,0.95,0.9,both,3.904342077030427,2.9330734689070725,0.27217954169690284,0.0,-3.0028625,2156.022315895719,-0.9645979
179,1784854118.2498515,,5.28,,5.28,,4.799999999999999,,4.799999999999999,,7.200000000000002,,7.200000000000002,,1.9800000000000002,,1.9800000000000002,,2.759999999999999,,2.759999999999999,,5.553676058072597,,5.074922371655703,,7.484036277979612,,1.8350200410932302,,2.8086475611198694,0.0217165257781744,-0.0008423053659498692,0.0002605054455671052,2.5229915603995323,0.17118346691131592,0.9066517353057861,0.1563563346862793,0.016500022262334824,0.05195622891187668,0.4619671702384949,0.11633063107728958,8192,0.6629503965377808,4.551260471343994,0.021981261670589447,29360128,32011,14336,896,7.6576476,0.00316619039294892,0.0038822498769150115,-6.133412635326385,-24.594347,0.005605982703127665,0.0024242346400569657,-6.124546340107917,,,0.95,0.9,both,3.9490577128249513,4.082459666221544,0.2159173888752074,0.0,-9.364076,2168.7262670994146,7.6576476
180,1784854193.7223833,,5.28,,5.28,,4.799999999999999,,4.799999999999999,,7.200000000000002,,7.200000000000002,,1.9800000000000002,,1.9800000000000002,,2.759999999999999,,2.759999999999999,,5.647291396802757,,5.327461253851652,,7.8155294310709,,2.1621882962062955,,2.944638560526073,0.018200084567070007,-0.0039793111391190905,0.002769546626950614,2.52550558000803,0.09617818892002106,0.9113231897354126,0.06475415080785751,-0.04123784601688385,0.05025156959891319,0.43671345710754395,0.09565986692905426,8192,0.5998791456222534,4.779421806335449,0.02233787067234516,29523968,32171,14416,901,7.1293297,0.003992520303290803,0.006222535252163652,-6.128045552968979,-3.595251,0.002673811463682796,0.003033165607484989,-6.175369146466255,,,0.95,0.9,both,4.025365757548751,4.552819636206471,0.3262499048651955,0.0,-30.137848,2170.8549980833363,7.1293297
181,1784854269.0489585,,5.28,,5.28,,4.799999999999999,,4.799999999999999,,7.200000000000002,,7.200000000000002,,1.9800000000000002,,1.9800000000000002,,2.759999999999999,,2.759999999999999,,5.189515118487179,,4.6695485999807715,,6.816375111811794,,1.6954941435833462,,2.5940832048654556,0.02568715065717697,-0.005126244112034328,0.0017801757876441116,2.5308374240994453,0.13810771703720093,0.9576102495193481,0.132004514336586,0.0020711272954940796,0.08597832918167114,0.343968003988266,0.09382352232933044,8192,0.6382691860198975,4.1930036544799805,0.026043200865387917,29687808,32331,14496,906,7.207217,0.0029241584161354695,0.004472340282518417,-6.175055009126663,-7.750186,0.0027842817988130266,0.0032641993515426294,-6.1989789575338365,,,0.95,0.9,both,3.96460955662982,4.602025900425966,0.2250502111767821,0.0,-7.1622286,2175.0639211624193,7.207217
182,1784854345.629991,,5.28,,5.28,,4.799999999999999,,4.799999999999999,,7.200000000000002,,7.200000000000002,,1.9800000000000002,,1.9800000000000002,,2.759999999999999,,2.759999999999999,,5.186889833770692,,4.461198546923697,,7.040600108797662,,1.945020189974457,,2.670553938485682,0.02170524001121521,-0.0036394416292750975,0.002120942515830393,2.5345098301768303,0.16710245609283447,0.9159814119338989,0.10851364582777023,0.005192090757191181,0.06073868274688721,0.4193146526813507,0.08265635371208191,8192,0.681855320930481,4.260852813720703,0.020512768998742104,29851648,32491,14576,911,6.627688,0.002504451304776012,0.003567910348647274,-6.222680231928825,-4.477814,0.0023573255726660135,0.0024777732658549214,-6.20357138812542,,,0.95,0.9,both,3.8224492512859856,4.755536111427725,0.2662877795745233,0.0,-7.037263,2139.4316562129393,6.627688
183,1784854421.2721171,,5.28,,5.28,,4.799999999999999,,4.799999999999999,,7.200000000000002,,7.200000000000002,,1.9800000000000002,,1.9800000000000002,,2.759999999999999,,2.759999999999999,,5.740303767845035,,5.184789570048451,,7.313519710674882,,2.133395655080676,,2.8813867091666907,0.023709945380687714,9.88460669759661e-05,0.0013085703994875075,2.537715867161751,0.22706899046897888,0.9712938070297241,0.26135605573654175,0.03507418930530548,0.0709877461194992,0.4760299623012543,0.09100155532360077,8192,0.6309870481491089,4.650679111480713,0.022274764254689217,30015488,32654,14656,916,7.076909,0.0019167284095601643,0.002705507132486673,-6.22377721965313,-25.725988,0.003723134308529552,0.0020672365215432366,-6.251248046755791,,,0.95,0.9,both,3.9238085448334843,5.107459764097647,0.25023053680265855,0.0,-12.401342,2165.989245289296,7.076909
184,1784854496.548442,,5.28,,5.28,,4.799999999999999,,4.799999999999999,,7.200000000000002,,7.200000000000002,,1.9800000000000002,,1.9800000000000002,,2.759999999999999,,2.759999999999999,,5.258125093067065,,4.897898083552718,,7.011248215101659,,2.0768181760795414,,2.8017949471250176,0.029263116419315338,2.502507413737476e-05,0.0015656731156923342,2.5428362637758255,0.081138014793396,0.8829854726791382,0.05983269587159157,-0.00026860879734158516,0.07593180239200592,0.3813653290271759,0.0994410291314125,8192,0.6754955649375916,4.409176826477051,0.022506367415189743,30179328,32818,14736,921,-1.3934244,0.002303446717269253,0.0031439277467143257,-6.238861718773842,-9.819916,0.0021338743055821395,0.0014390194708539638,-6.257779598236084,,,0.95,0.9,both,4.079403903296643,4.622772800178115,0.19163567150517868,0.0,-7.4142237,2176.514855760862,-1.3934244
185,1784854572.6250057,,5.28,,5.28,,4.799999999999999,,4.799999999999999,,7.200000000000002,,7.200000000000002,,1.9800000000000002,,1.9800000000000002,,2.759999999999999,,2.759999999999999,,4.8261516145430505,,4.769526341930032,,7.001029524020851,,1.9293255773955025,,2.796881265938282,0.01538834534585476,-0.004121040532481857,0.00026251613189742784,2.5457313880324364,0.15731897950172424,0.9291397333145142,0.1020241230726242,0.000628436915576458,0.04156319424510002,0.3448021411895752,0.10253625363111496,8192,0.6488429307937622,4.264582633972168,0.023464052006602287,30343168,32983,14816,926,7.9589286,0.002674100759031717,0.0031979194667655975,-6.294354745745659,-11.37453,0.002354027708133799,0.002576187555678189,-6.266956651210785,,,0.95,0.9,both,4.021273342391727,4.74907506029208,0.22584589392682736,0.0,-1.7632358,2153.61919536585,7.9589286
186,1784854647.5797396,,5.28,,5.28,,4.799999999999999,,4.799999999999999,,7.200000000000002,,7.200000000000002,,1.9800000000000002,,1.9800000000000002,,2.759999999999999,,2.759999999999999,,5.342469654977322,,4.9293299315613694,,7.399029519408941,,1.9712565443478525,,2.9427642673254013,0.023671520873904228,3.9203732740134e-05,0.0008799421902949689,2.5479079261422157,0.17533667385578156,0.95843106508255,0.08234884589910507,-0.00814020074903965,0.06409840285778046,0.4192517399787903,0.09861333668231964,8192,0.677558958530426,4.516970634460449,0.020522410050034523,30507008,33147,14896,931,7.9404945,0.0029138542184227846,0.003717439268802991,-6.33981820344925,-8.124583,0.0028381305433867964,0.0018914703970949632,-6.318653655052185,,,0.95,0.9,both,4.022784264326766,4.859337761391425,0.26982819665126156,0.0,-5.5193977,2185.852370849553,7.9404945
187,1784854722.6449769,,5.28,,5.28,,4.799999999999999,,4.799999999999999,,7.200000000000002,,7.200000000000002,,1.9800000000000002,,1.9800000000000002,,2.759999999999999,,2.759999999999999,,5.238899996504188,,4.911924488260411,,7.099517798051238,,1.8991787149570882,,2.6710461382754147,0.020010441541671753,-0.0017833173042163253,0.0016554814028495457,2.5508949011564255,0.13073156774044037,0.9903023838996887,0.08685177564620972,0.0041460804641246796,0.05309023708105087,0.37609630823135376,0.08411622792482376,8192,0.7018030881881714,4.3641133308410645,0.027012530714273453,30670848,33308,14976,936,8.540009,0.00257343915036472,0.0024763048058957793,-6.4157873541116714,-6.709998,0.002375571120865061,0.003123578292434104,-6.361241093277931,,,0.95,0.9,both,3.587655397433956,5.01064364472275,0.24845468213847866,0.0,-40.808544,2182.6350759642396,8.540009
188,1784854797.1302512,,5.28,,5.28,,4.799999999999999,,4.799999999999999,,7.200000000000002,,7.200000000000002,,1.9800000000000002,,1.9800000000000002,,2.759999999999999,,2.759999999999999,,4.964957190910354,,4.978776475414634,,7.245847139507532,,1.9614023787435144,,2.7117766113951802,0.016048159450292587,-0.0011123020958621055,0.0007427593973261537,2.55346542596817,0.08726632595062256,0.8809660077095032,0.08745171129703522,0.00667145848274231,0.04422496631741524,0.37507641315460205,0.10431548953056335,8192,0.6919790506362915,4.372551918029785,0.022075358778238297,30834688,33471,15056,941,8.611795,0.002864568882068852,0.005384222556313034,-6.425234681367874,-8.876353,0.002041931105486583,0.0027743646089220418,-6.414068645238876,,,0.95,0.9,both,4.018999413203349,4.883625774857972,0.2213441579579049,0.0,-21.344532,2199.629978862261,8.611795
189,1784854874.3906753,,5.28,,5.28,,4.799999999999999,,4.799999999999999,,7.200000000000002,,7.200000000000002,,1.9800000000000002,,1.9800000000000002,,2.759999999999999,,2.759999999999999,,5.291487075621262,,4.493527730926871,,7.2740638721734285,,2.0426368918269873,,2.800302896182984,0.02045852318406105,-0.0011629289365373552,0.005611416621832177,2.555544212460518,0.13583320379257202,0.9920967817306519,0.12530605494976044,-0.01116037368774414,0.0616241879761219,0.29027268290519714,0.0933816134929657,8192,0.6917047500610352,4.380403518676758,0.019801286980509758,30998528,33637,15136,946,8.487307,0.0017819272943597753,0.003380093495070469,-6.46837001144886,-9.973501,0.002620636607389315,0.0034822287554561624,-6.465964895486832,,,0.95,0.9,both,4.335104969749496,4.9400778465469175,0.36730358046545913,0.0,-4.8974457,2120.6193067628274,8.487307
190,1784854951.647217,,5.28,,5.28,,4.799999999999999,,4.799999999999999,,7.200000000000002,,7.200000000000002,,1.9800000000000002,,1.9800000000000002,,2.759999999999999,,2.759999999999999,,5.220168653875589,,4.918196623213589,,6.68813193961978,,1.7051210265490226,,2.6831507111201063,0.026562055572867393,-9.65881918091327e-05,0.001461835959162272,2.557738274335861,0.1621319055557251,0.9690496325492859,0.1244296059012413,0.0225706584751606,0.0675245150923729,0.4415016770362854,0.08792044222354889,8192,0.6656080484390259,4.242953300476074,0.02071593701839447,31162368,33797,15216,951,8.72571,0.0022152199053380173,0.006731773678620811,-6.483882504701614,-3.41046,0.0021511718034162184,0.0011924472739337944,-6.538111877441406,,,0.95,0.9,both,4.205641204511967,4.736013696421925,0.23658438483688188,0.0,-13.611905,2120.7265409265474,8.72571
191,1784855028.0736632,,5.28,,5.28,,4.799999999999999,,4.799999999999999,,7.200000000000002,,7.200000000000002,,1.9800000000000002,,1.9800000000000002,,2.759999999999999,,2.759999999999999,,5.470564307644963,,4.849232077598572,,6.990419212728739,,1.936998026445508,,2.6685592267895117,0.017521709203720093,-1.2074648111592978e-05,0.001058865009326837,2.5589159056544304,0.06736621260643005,0.8401855230331421,0.0565054677426815,-0.01792953908443451,0.04863867536187172,0.33320480585098267,0.09034527093172073,8192,0.6867443919181824,4.383154392242432,0.02115308679640293,31326208,33972,15296,956,0.45255452,0.0029329726959986145,0.004736994925042382,-6.497923550009728,3.7645755,0.002561473372406908,0.002752288708506967,-6.548468285799027,,,0.95,0.9,both,3.8842306641948454,4.600005145736259,0.1800083100219603,0.0,-19.221249,2143.7611910904293,0.45255452
192,1784855106.2693708,,5.28,,5.28,,4.799999999999999,,4.799999999999999,,7.200000000000002,,7.200000000000002,,1.9800000000000002,,1.9800000000000002,,2.759999999999999,,2.759999999999999,,5.573609158396721,,4.834426011890173,,7.346808954374865,,2.1102928244508803,,2.7667565885931253,0.022418051958084106,-0.003317028022138402,0.0023456965855075396,2.561799667775631,0.18634949624538422,0.8571312427520752,0.16967742145061493,0.0017509683966636658,0.05879523232579231,0.44287124276161194,0.10700525343418121,8192,0.6610960364341736,4.526378631591797,0.028976285830140114,31490048,34141,15376,961,-9.089658,0.0034498720458941536,0.004020507476525381,-6.493305853009224,-49.63026,0.006535882498428691,0.0005740795877500204,-6.567859181761742,,,0.95,0.9,both,4.508677132456976,4.060100601166955,0.24801664574284002,0.0,-12.941493,2095.2551191834837,-9.089658
193,1784855182.580129,,5.28,,5.28,,4.799999999999999,,4.799999999999999,,7.200000000000002,,7.200000000000002,,1.9800000000000002,,1.9800000000000002,,2.759999999999999,,2.759999999999999,,5.884526140522212,,4.833951473236084,,7.135474452748895,,1.817376357037574,,2.7638414949178696,0.03147757425904274,-0.002321670379387797,0.0016826360588311218,2.563955694437027,0.09517025947570801,0.8974361419677734,0.06403283029794693,0.054232239723205566,0.08138250559568405,0.3288930058479309,0.0896293893456459,8192,0.6837286949157715,4.487033843994141,0.021527456119656563,31653888,34306,15456,966,9.0007,0.003135616667714203,0.0061047813680488614,-6.482374355196953,-8.8209305,0.0025101505536440525,0.0037706536495534237,-6.549359270930291,,,0.95,0.9,both,4.160464936451244,4.855840659976574,0.19565901595768756,0.0,-18.633636,2147.011360164195,9.0007
194,1784855260.8161001,,5.28,,5.28,,4.799999999999999,,4.799999999999999,,7.200000000000002,,7.200000000000002,,1.9800000000000002,,1.9800000000000002,,2.759999999999999,,2.759999999999999,,5.449121926212683,,4.825962385162711,,7.784637251403183,,1.8836843559984118,,2.6557476241141558,0.014969417825341225,0.00012643423178815283,0.000233550649454628,2.5653293132781982,0.15265730023384094,0.9916080236434937,0.10866961628198624,-0.041055530309677124,0.04137756675481796,0.39095360040664673,0.08282750099897385,8192,0.6492342352867126,4.51983118057251,0.01914902962744236,31817728,34468,15536,971,9.525678,0.003346447553485632,0.003512490879802499,-6.494826370477677,-24.635681,0.003943379162956262,0.001837685991995386,-6.5423413723707196,,,0.95,0.9,both,3.9600221578271073,4.902660682459116,0.1856484875123438,0.0,-1.1171188,2094.176448280452,9.525678
195,1784855338.1168053,,5.28,,5.28,,4.799999999999999,,4.799999999999999,,7.200000000000002,,7.200000000000002,,1.9800000000000002,,1.9800000000000002,,2.759999999999999,,2.759999999999999,,5.037647805176675,,4.483198418281972,,7.127561563625932,,1.8440077868290246,,2.6836596950888634,0.01625887304544449,-1.2476055417209864e-05,0.00135149874677154,2.567207783460617,0.16514889895915985,0.8992259502410889,0.21459510922431946,0.0032144030556082726,0.05058581382036209,0.407158762216568,0.07933667302131653,8192,0.6467384099960327,4.235215187072754,0.020733844488859177,31981568,34631,15616,976,9.22362,0.0034202148501208283,0.005333929472544696,-6.525742617249489,-21.01933,0.00318518435160513,0.002811506711441325,-6.5397654443979265,,,0.95,0.9,both,4.254381051077733,5.522763912437081,0.20854376649636647,0.0,-6.081365,2119.515540236387,9.22362
196,1784855416.6285043,,5.28,,5.28,,4.799999999999999,,4.799999999999999,,7.200000000000002,,7.200000000000002,,1.9800000000000002,,1.9800000000000002,,2.759999999999999,,2.759999999999999,,5.4752846490591764,,5.125844668131322,,7.338057450950146,,2.0122739523649216,,2.9682429609820247,0.022714590653777122,-0.0007965947152115405,0.007104860866093077,2.571094401180744,0.12263169139623642,0.9740559458732605,0.0673123225569725,0.0038268370553851128,0.0640917718410492,0.3638119697570801,0.08435511589050293,8192,0.6536482572555542,4.5839409828186035,0.019126838073134422,32145408,34794,15696,981,9.468799,0.00413696387768141,0.006433040146657731,-6.511927822232247,-0.66397035,0.002872900212969398,0.002932698346558027,-6.557783091068268,,,0.95,0.9,both,4.3124654671791305,4.885911460817333,0.36344486318763414,0.0,-19.593328,2086.822684422585,9.468799
197,1784855493.388333,,5.28,,5.28,,4.799999999999999,,4.799999999999999,,7.200000000000002,,7.200000000000002,,1.9800000000000002,,1.9800000000000002,,2.759999999999999,,2.759999999999999,,4.878681186586618,,4.467397949658334,,6.705376383382827,,1.8382381116971374,,2.731774791609496,0.02538236603140831,-9.080008021555841e-05,0.000775484552832495,2.5741065964102745,0.08479201048612595,0.9349309206008911,0.08019550144672394,-0.02267879620194435,0.06493445485830307,0.320681095123291,0.0864795446395874,8192,0.635753333568573,4.124293327331543,0.022572007030248642,32309248,34956,15776,986,0.5751487,0.003880548904999159,0.005797303900908446,-6.521917650103569,-7.122271,0.0019681558882439277,0.0028407128651451786,-6.5606665968894955,,,0.95,0.9,both,4.444440950313309,4.825004660685185,0.1831929271910489,0.0,-20.526094,2134.449414253564,0.5751487
198,1784855572.1698332,,5.28,,5.28,,4.799999999999999,,4.799999999999999,,7.200000000000002,,7.200000000000002,,1.9800000000000002,,1.9800000000000002,,2.759999999999999,,2.759999999999999,,5.982796812430024,,4.909708645194769,,7.616285286843777,,2.207120496314019,,2.774162516463548,0.017766304314136505,-0.0005676856962963939,0.0006417407280423504,2.5780047550797462,0.11628392338752747,0.9588354825973511,0.09849624335765839,0.015138949267566204,0.0464836061000824,0.3589393198490143,0.09140211343765259,8192,0.5824137926101685,4.698014259338379,0.029566645622253418,32473088,35124,15856,991,9.343454,0.003392794931278331,0.0047534567933325885,-6.517303666472435,-3.6980805,0.004700454834892298,0.0007921456781332381,-6.496984803676606,,,0.95,0.9,both,3.903450065433706,3.3458226526380295,0.2286802201715511,0.0,-2.8049304,2079.6782099728243,9.343454
199,1784855648.2311256,,5.28,,5.28,,4.799999999999999,,4.799999999999999,,7.200000000000002,,7.200000000000002,,1.9800000000000002,,1.9800000000000002,,2.759999999999999,,2.759999999999999,,5.223416241817176,,4.649387143552303,,7.139532517292537,,1.9321629400365055,,2.8983800131827593,0.023603033274412155,-0.0029730063397437334,0.0077765742480551125,2.5803057923913,0.09532945603132248,0.9241483211517334,0.08736705780029297,-0.024863237515091896,0.06253654509782791,0.31767234206199646,0.08212312310934067,8192,0.6853893995285034,4.3685760498046875,0.017986178398132324,32636928,35286,15936,996,0.37957305,0.003418421778042102,0.004012389067793265,-6.5071572959423065,-5.3899717,0.002465279736134107,0.004771707950567361,-6.521368682384491,,,0.95,0.9,both,4.190983054809571,5.032819819042681,0.3985279548381465,0.0,-37.65046,2154.0499308126114,0.37957305
200,1784855726.826,,5.28,,5.28,,4.799999999999999,,4.799999999999999,,7.200000000000002,,7.200000000000002,,1.9800000000000002,,1.9800000000000002,,2.759999999999999,,2.759999999999999,,5.870353330275975,,4.789245467633009,,7.235985990613699,,2.025701140984893,,3.0547036095522344,0.021334076300263405,1.1692638508975506e-05,0.001745378313898982,2.5826525911688805,0.12240829318761826,0.8593196272850037,0.055897973477840424,0.0031074094586074352,0.06272830814123154,0.36987727880477905,0.08494574576616287,8192,0.6392517685890198,4.595198154449463,0.017870886251330376,32800768,35449,16016,1001,8.904072,0.003321116344159236,0.0021621358529955613,-6.503530666232109,-5.299708,0.003318564076471375,0.0024258786550490187,-6.547499719262123,,,0.95,0.9,both,3.7640530177708387,5.354205572969195,0.24030145279831328,0.0,-6.8747725,2084.6147024119437,8.904072
201,1784855802.8973463,,5.28,,5.28,,4.799999999999999,,4.799999999999999,,7.200000000000002,,7.200000000000002,,1.9800000000000002,,1.9800000000000002,,2.759999999999999,,2.759999999999999,,5.0684645851142704,,4.928934965282679,,7.143453164957464,,2.020270412089303,,2.6630548099055886,0.015940411016345024,-0.001799871889033966,0.002045681506388064,2.5865306183695793,0.13645046949386597,0.9511314630508423,0.09377157688140869,0.010021037422120571,0.04873602092266083,0.29969632625579834,0.09794493019580841,8192,0.71659916639328,4.364835739135742,0.02792760729789734,32964608,35618,16096,1006,9.575954,0.003456356906463043,0.002962202088383492,-6.495723956823349,-28.59964,0.0034387571053230205,0.00331769046606496,-6.524947628378868,,,0.95,0.9,both,4.555041398942086,5.283988514823925,0.2759009885315401,0.0,-12.352843,2153.7671417126003,9.575954
202,1784855879.1888506,,5.28,,5.28,,4.799999999999999,,4.799999999999999,,7.200000000000002,,7.200000000000002,,1.9800000000000002,,1.9800000000000002,,2.759999999999999,,2.759999999999999,,5.328346613794565,,4.812898060306907,,7.142021389678121,,1.8456879058503546,,2.6678380495868623,0.024182993918657303,-5.1328359404578805e-05,0.000804802865786769,2.588955983519554,0.07555995136499405,1.0405049324035645,0.053791362792253494,-0.010142688639461994,0.07034170627593994,0.3386695981025696,0.0811680257320404,8192,0.6832149624824524,4.359358310699463,0.01871296390891075,33128448,35781,16176,1011,-8.696379,0.006416226274450309,0.003684671664086636,-6.529489773511886,-8.720734,0.0019148091876559192,0.0036813884071307257,-6.542373052239418,,,0.95,0.9,both,5.17299639217228,4.903083564530324,0.17313599317379857,0.0,-37.37636,2147.552443828008,-8.696379
203,1784855954.7031398,,5.28,,5.28,,4.799999999999999,,4.799999999999999,,7.200000000000002,,7.200000000000002,,1.9800000000000002,,1.9800000000000002,,2.759999999999999,,2.759999999999999,,5.354305246844888,,4.959985014051199,,7.189594678580761,,2.031451321672648,,2.884370358311571,0.023210672661662102,-0.0022572522866539657,0.0004063907363160979,2.59163036942482,0.19253279268741608,0.8798289895057678,0.1324353963136673,0.03382487595081329,0.06180219352245331,0.42364701628685,0.09386849403381348,8192,0.7428045272827148,4.483941078186035,0.020600270479917526,33292288,35943,16256,1016,9.7503805,0.003287649746926036,0.005170229902432766,-6.568018993735313,-15.253245,0.003808065367047675,0.0007434678089339286,-6.568781444430352,,,0.95,0.9,both,4.553494577982787,4.311875478506764,0.23362703549967645,0.0,-47.220547,2169.656106021028,9.7503805
204,1784856031.610587,,5.28,,5.28,,4.799999999999999,,4.799999999999999,,7.200000000000002,,7.200000000000002,,1.9800000000000002,,1.9800000000000002,,2.759999999999999,,2.759999999999999,,5.581359198782593,,5.221908843144774,,7.758958578109741,,2.210518046282232,,3.0165170446998673,0.019947616383433342,-0.003644179945695214,0.0004598070536303567,2.5928962007164955,0.1490224450826645,0.9837636947631836,0.1246616393327713,-0.03807138651609421,0.05678547918796539,0.340118408203125,0.07689876854419708,8192,0.6491986513137817,4.757852077484131,0.03061392717063427,33456128,36111,16336,1021,-8.238138,0.004854292380332481,0.004596159716311376,-6.591760149598121,-42.44214,0.008632762398337945,0.0006317271647276357,-6.55698626935482,,,0.95,0.9,both,3.990451714318631,3.5516272958509454,0.25810959867966593,0.0,-29.383549,2130.352197606975,-8.238138
205,1784856107.8725965,,5.28,,5.28,,4.799999999999999,,4.799999999999999,,7.200000000000002,,7.200000000000002,,1.9800000000000002,,1.9800000000000002,,2.759999999999999,,2.759999999999999,,4.912502906285226,,4.339923921041191,,6.945657003670931,,1.9953940192935988,,2.6374296783469617,0.01486191526055336,-4.733350942842662e-05,0.002709752187001868,2.5972220972180367,0.09322294592857361,0.9807473421096802,0.04949002340435982,-0.012775875627994537,0.043379493057727814,0.3170531094074249,0.10038445144891739,8192,0.6517287492752075,4.166181564331055,0.032012343406677246,33619968,36287,16416,1026,10.156184,0.0027963130152784286,0.0035799670964479446,-6.588320299983025,-37.097248,0.005021024112647865,0.0024460970351356083,-6.591621601581574,,,0.95,0.9,both,3.8574472153341297,5.337110715864773,0.24488934141291574,0.0,-22.124393,2148.3829158645567,10.156184
206,1784856183.7566636,,5.28,,5.28,,4.799999999999999,,4.799999999999999,,7.200000000000002,,7.200000000000002,,1.9800000000000002,,1.9800000000000002,,2.759999999999999,,2.759999999999999,,5.401908637024462,,4.889188741333783,,7.251138884574175,,2.165039548650384,,2.991322402318474,0.021950051188468933,-0.0004510049693635665,0.000850010653721256,2.599937029182911,0.0976349413394928,0.9536008238792419,0.07777339965105057,0.0037355967797338963,0.05884372070431709,0.2774949371814728,0.08946076780557632,8192,0.6726627945899963,4.539719581604004,0.021053768694400787,33783808,36461,16496,1031,0.7193128,0.003002546548304963,0.0016784573890618049,-6.593636971712113,-40.217182,0.003890181292081252,0.0029585256590507923,-6.626231703162193,,,0.95,0.9,both,3.676828833151138,5.527313374565916,0.24616210590658533,0.0,-32.299427,2159.083032179745,0.7193128
207,1784856261.059183,,5.28,,5.28,,4.799999999999999,,4.799999999999999,,7.200000000000002,,7.200000000000002,,1.9800000000000002,,1.9800000000000002,,2.759999999999999,,2.759999999999999,,4.674265555280726,,4.723628961481154,,6.914567409898154,,1.740558136254549,,2.8186074374243617,0.022804295644164085,-0.008311468860483728,0.0012404691728988837,2.604004889726639,0.14503547549247742,0.8872783780097961,0.1380934715270996,-0.05973070114850998,0.06568346917629242,0.3278694748878479,0.09931306540966034,8192,0.6244100332260132,4.174325466156006,0.016812264919281006,33947648,36625,16576,1036,9.4965105,0.003468841575886472,0.004311012782272883,-6.601562702655793,-18.207632,0.0013813208181090886,0.0020630104605515952,-6.660988608002663,,,0.95,0.9,both,4.165641040336453,5.155231832967014,0.33094736353044046,0.0,-6.1024055,2119.4652061519823,9.4965105
208,1784856337.9453413,,5.28,,5.28,,4.799999999999999,,4.799999999999999,,7.200000000000002,,7.200000000000002,,1.9800000000000002,,1.9800000000000002,,2.759999999999999,,2.759999999999999,,5.330915455706418,,4.751051715575159,,7.176888555288315,,1.9651710777543485,,2.763698078226298,0.01944422721862793,-0.0025661898689577356,0.005204282353588496,2.604479245841503,0.15165874361991882,1.0773429870605469,0.13959990441799164,0.012555936351418495,0.05523839220404625,0.353318452835083,0.09395993500947952,8192,0.7312366962432861,4.397544860839844,0.03325195983052254,34111488,36805,16656,1041,9.181763,0.0038879590203578117,0.005490469241340179,-6.60865640938282,-21.126186,0.0036701272467325905,0.002851642240420915,-6.651592260599136,,,0.95,0.9,both,4.59730210476229,5.8406457532484195,0.3288632904740164,0.0,-7.711122,2130.9439404929885,9.181763
209,1784856414.256604,,5.28,,5.28,,4.799999999999999,,4.799999999999999,,7.200000000000002,,7.200000000000002,,1.9800000000000002,,1.9800000000000002,,2.759999999999999,,2.759999999999999,,5.316926810890436,,4.927386522293091,,7.453439097851515,,1.7393353842198849,,2.6391066000796854,0.016503831371665,3.139569889754057e-05,0.00038556578056159196,2.605995662510395,0.11510485410690308,0.9543383121490479,0.046577680855989456,0.02874862775206566,0.048758476972579956,0.29044872522354126,0.09340675175189972,8192,0.70282381772995,4.415238380432129,0.023156991228461266,34275328,36979,16736,1046,1.2711388,0.004665476841182681,0.002490351945743896,-6.626618486642838,-20.414316,0.005067638175387401,0.002469954169646371,-6.664838048815727,,,0.95,0.9,both,3.9188907255192533,5.601535870880112,0.16609253754029185,0.0,-25.518799,2146.99506203636,1.2711388
210,1784856492.474811,,5.28,,5.28,,4.799999999999999,,4.799999999999999,,7.200000000000002,,7.200000000000002,,1.9800000000000002,,1.9800000000000002,,2.759999999999999,,2.759999999999999,,5.009838946862146,,4.743008989840746,,7.427011471241713,,2.1015727014746517,,2.8475742185255513,0.025961173698306084,-0.00036206349614076316,0.0006661187317149597,2.609339766204357,0.12615667283535004,0.8993914127349854,0.06734853237867355,-0.010328812524676323,0.06464648246765137,0.3547712564468384,0.09593567252159119,8192,0.6701765656471252,4.4258012771606445,0.018089186400175095,34439168,37151,16816,1051,10.027171,0.004054749703936977,0.0048889754223637285,-6.631850215792656,-49.080368,0.0038635373537545094,0.002822220434609335,-6.677001342177391,,,0.95,0.9,both,4.485601195565728,5.149904735247629,0.1896063115794224,0.0,4.737088,2094.6536343661564,10.027171
211,1784856569.9275358,,5.28,,5.28,,4.799999999999999,,4.799999999999999,,7.200000000000002,,7.200000000000002,,1.9800000000000002,,1.9800000000000002,,2.759999999999999,,2.759999999999999,,5.492545332759619,,5.0033130024094135,,7.007334123365581,,1.9956796113401651,,2.6815673348028213,0.021600745618343353,-0.0020510628528427333,0.0016406049799115863,2.613610215485096,0.1700991988182068,0.9389817714691162,0.14573204517364502,-0.004118089564144611,0.05758693441748619,0.28521445393562317,0.09361054748296738,8192,0.6857902407646179,4.436087608337402,0.013770769350230694,34603008,37319,16896,1056,10.226287,0.0035073376009677306,0.006416468855604762,-6.649071428179741,-5.21152,0.0020298060753702885,0.00225763759954134,-6.689781486988068,,,0.95,0.9,both,4.706362887329789,4.921590558047011,0.22515864767831018,0.0,-2.7062914,2115.3555688108145,10.226287
212,1784856647.9567423,,5.28,,5.28,,4.799999999999999,,4.799999999999999,,7.200000000000002,,7.200000000000002,,1.9800000000000002,,1.9800000000000002,,2.759999999999999,,2.759999999999999,,4.4857068345882,,4.9832915449514985,,6.827761887572706,,1.8101458305027336,,2.716420667245984,0.02164313942193985,-0.0024928597267717123,0.0008046722668950679,2.61545230448246,0.18407496809959412,0.8793720006942749,0.255315899848938,-0.021894168108701706,0.05654247850179672,0.4818493723869324,0.09088307619094849,8192,0.5851770043373108,4.164665222167969,0.020578555762767792,34766848,37485,16976,1061,10.1939535,0.0035117049716063774,0.0027489426604006438,-6.65799343585968,-27.478449,0.004594845300744055,0.0009413570252945647,-6.684121319651604,,,0.95,0.9,both,3.963682602479859,5.018706135985361,0.2111603174753402,0.0,-19.285282,2099.7252945826135,10.1939535
213,1784856724.3785937,,5.28,,5.28,,4.799999999999999,,4.799999999999999,,7.200000000000002,,7.200000000000002,,1.9800000000000002,,1.9800000000000002,,2.759999999999999,,2.759999999999999,,5.019498858600855,,4.811687518842518,,7.248038064688444,,2.0248634163290262,,2.858725584577769,0.01696002297103405,-0.003433394289459102,0.0021664187697751913,2.615005277097225,0.23233836889266968,0.999980092048645,0.32430940866470337,-0.013099674135446548,0.04809558019042015,0.40140029788017273,0.07422448694705963,8192,0.7240105867385864,4.392562389373779,0.029493223875761032,34930688,37648,17056,1066,1.2374524,0.0036290911131800383,0.0033253724199312274,-6.643699181079865,-34.947044,0.006689717434346676,0.0017388691529049538,-6.678919169306755,,,0.95,0.9,both,4.438559235080262,4.391250608673706,0.2923158738901253,0.0,-40.873295,2143.889969645098,1.2374524
214,1784856802.427752,,5.28,,5.28,,4.799999999999999,,4.799999999999999,,7.200000000000002,,7.200000000000002,,1.9800000000000002,,1.9800000000000002,,2.759999999999999,,2.759999999999999,,4.8376119991298765,,4.484882825985551,,6.79390274733305,,1.7324099782854319,,2.539061039686203,0.022461846470832825,-0.0017361277073177916,0.0004321905043980223,2.619172304868698,0.0950377956032753,0.8797504305839539,0.09404584020376205,0.023224953562021255,0.057602059096097946,0.30889570713043213,0.08306769281625748,8192,0.6589275598526001,4.077573299407959,0.03625403344631195,35094528,37810,17136,1071,10.368477,0.003155713315936737,0.005598550837748917,-6.66014584004879,-11.920939,0.0023856483996496534,0.0022905580961378293,-6.70412295460701,,,0.95,0.9,both,4.489199656042324,5.595097829008663,0.257004790591543,0.0,-15.5831375,2099.1894482628477,10.368477
215,1784856879.4268916,,5.28,,5.28,,4.799999999999999,,4.799999999999999,,7.200000000000002,,7.200000000000002,,1.9800000000000002,,1.9800000000000002,,2.759999999999999,,2.759999999999999,,5.450953998602927,,4.553415531758219,,7.083101351745427,,1.898743534926325,,2.770880752708763,0.022486612200737,-0.0019527809345163405,0.0012387471006150008,2.622345119714737,0.1296919584274292,0.9442864656448364,0.11334677040576935,0.007057281211018562,0.05596156790852547,0.42182838916778564,0.0744801014661789,8192,0.6883407235145569,4.351418972015381,0.024789223447442055,35258368,37975,17216,1076,0.40359458,0.003282198911983869,0.0023770211599185133,-6.62762842476368,-26.922434,0.003257323413708946,0.002350599310739199,-6.689322471618652,,,0.95,0.9,both,4.043769217300583,5.586746548471679,0.22771652227416428,0.0,-14.937327,2127.815808806731,0.40359458
216,1784856954.8373327,,5.28,,5.28,,4.799999999999999,,4.799999999999999,,7.200000000000002,,7.200000000000002,,1.9800000000000002,,1.9800000000000002,,2.759999999999999,,2.759999999999999,,4.682869162410498,,4.8074599746614695,,7.206625590100884,,1.7434592600911856,,2.611533230636269,0.020924804732203484,9.091799438465387e-05,0.00018564125730335945,2.6248664557933807,0.08305437117815018,1.0009894371032715,0.04854106158018112,-0.04836011305451393,0.049035780131816864,0.3448789715766907,0.07284171134233475,8192,0.6812329292297363,4.210389614105225,0.015387717634439468,35422208,38140,17296,1081,9.43891,0.003088666705662035,0.002759318806056399,-6.59639308154583,-7.059226,0.004078049059171462,0.001340355169668328,-6.651221385598182,,,0.95,0.9,both,4.078198269335913,4.845217577336634,0.20840273194538378,0.0,-21.855095,2172.644963832703,9.43891
217,1784857030.1944802,,5.28,,5.28,,4.799999999999999,,4.799999999999999,,7.200000000000002,,7.200000000000002,,1.9800000000000002,,1.9800000000000002,,2.759999999999999,,2.759999999999999,,5.242591247195378,,4.526668418897316,,7.351041505113244,,2.0175535203889012,,2.902156410738826,0.020980898290872574,2.10163852898404e-06,0.0003635530820247368,2.6293813288211823,0.17234916985034943,0.9603134393692017,0.14843632280826569,-0.03305841609835625,0.05686609819531441,0.4086630940437317,0.08760680258274078,8192,0.7023792266845703,4.408001899719238,0.016857687383890152,35586048,38305,17376,1086,-7.9179697,0.0047765093950147275,0.003229037619166775,-6.627359491586685,-39.949467,0.004044509796949569,0.0019755182467633857,-6.674740129709244,,,0.95,0.9,both,4.247433393201257,5.5979467309088236,0.1680186243264456,0.0,-13.055273,2174.178983453414,-7.9179697
218,1784857108.1977348,,5.28,,5.28,,4.799999999999999,,4.799999999999999,,7.200000000000002,,7.200000000000002,,1.9800000000000002,,1.9800000000000002,,2.759999999999999,,2.759999999999999,,5.30331632681191,,4.431607983424328,,7.145099873654544,,2.0694331214763224,,2.7324911477044225,0.019737903028726578,-0.005788883107015863,0.00027893455717276083,2.6311709731817245,0.12109584361314774,0.9198176860809326,0.10879193246364594,-0.0006077354773879051,0.04876966401934624,0.44866645336151123,0.07651727646589279,8192,0.6856504082679749,4.336389541625977,0.016747649759054184,35749888,38466,17456,1091,9.449449,0.003738927445374429,0.004911480880400632,-6.605975738167762,-15.015376,0.0032754338964878114,0.00340601072384743,-6.667233401536942,,,0.95,0.9,both,4.278815116204339,5.380063285030593,0.24131599449348085,0.0,-9.492699,2100.4254213534628,9.449449
219,1784857185.9986708,,5.28,,5.28,,4.799999999999999,,4.799999999999999,,7.200000000000002,,7.200000000000002,,1.9800000000000002,,1.9800000000000002,,2.759999999999999,,2.759999999999999,,5.362603231333196,,5.227759982459247,,7.06072338251397,,2.009011191315949,,2.8215802641934715,0.028794195502996445,-0.0010175221541430801,0.000936518866183178,2.633354313671589,0.17014391720294952,0.9053424596786499,0.17331083118915558,0.021592603996396065,0.07595083117485046,0.29423901438713074,0.08670062571763992,8192,0.6876654624938965,4.496335506439209,0.023810943588614464,35913728,38628,17536,1096,5.404157,0.00480221907782834,0.0037398735468741505,-6.606725960969925,-6.1006174,0.005101094904966885,0.002459548537444789,-6.6433826178312305,,,0.95,0.9,both,4.64882288125654,3.8335072032947606,0.18608103169939252,0.0,9.419978,2105.886678566137,5.404157
220,1784857263.2581487,,5.28,,5.28,,4.799999999999999,,4.799999999999999,,7.200000000000002,,7.200000000000002,,1.9800000000000002,,1.9800000000000002,,2.759999999999999,,2.759999999999999,,5.615876512601972,,4.727689589373767,,7.2982778791338205,,1.8915904248133302,,2.8122767694294453,0.021835925057530403,4.368986265035346e-05,0.003957204361540789,2.633273221552372,0.10477310419082642,0.8879625797271729,0.09881118685007095,0.028992703184485435,0.06262148916721344,0.3378271162509918,0.0782802402973175,8192,0.6789862513542175,4.469141960144043,0.018032405525445938,36077568,38793,17616,1101,10.107954,0.0033522161185828734,0.004658861286588945,-6.653359314799308,-5.687584,0.0025364715431351213,0.0020034939676406792,-6.633962661027908,,,0.95,0.9,both,4.561217691624437,4.7716916609663516,0.2920688913413919,0.0,-26.42887,2120.6468664202716,10.107954
221,1784857340.995831,,5.28,,5.28,,4.799999999999999,,4.799999999999999,,7.200000000000002,,7.200000000000002,,1.9800000000000002,,1.9800000000000002,,2.759999999999999,,2.759999999999999,,4.732665510731749,,4.809122322127223,,6.667272713035345,,1.8390180964779574,,2.682890521362424,0.019106267020106316,-0.000728835177142173,0.0006162792792565597,2.634249746799469,0.16558147966861725,0.9045134782791138,0.16330182552337646,0.007253220304846764,0.055532149970531464,0.23497506976127625,0.08093508332967758,8192,0.6474305987358093,4.146193504333496,0.023813169449567795,36241408,38957,17696,1106,10.252422,0.0044364282075548545,0.003496015885320958,-6.65236936211586,-9.224286,0.007215133157296804,0.0022244480715016834,-6.6756967306137085,,,0.95,0.9,both,4.270075761140895,3.2983937275231874,0.20393036278983434,0.0,-18.44318,2107.600034232182,10.252422
222,1784857418.8951466,,5.28,,5.28,,4.799999999999999,,4.799999999999999,,7.200000000000002,,7.200000000000002,,1.9800000000000002,,1.9800000000000002,,2.759999999999999,,2.759999999999999,,5.706933440640569,,4.803743725642562,,7.390963144600391,,2.0345632107928395,,3.050411220639944,0.020365992560982704,-0.001085915180738084,0.0025313296218882897,2.6421957686543465,0.23263753950595856,0.8587016463279724,0.22988291084766388,0.01607275940477848,0.06050665304064751,0.41075795888900757,0.08780010044574738,8192,0.6756613850593567,4.597322940826416,0.027635758742690086,36405248,39119,17776,1111,9.811027,0.0040690959373023364,0.0038919622646062637,-6.62153579890728,-19.831182,0.0036907544745190535,0.0019956989723141304,-6.692674621939659,,,0.95,0.9,both,4.147179872177891,5.63827286631056,0.2520974157812341,0.0,-10.426334,2103.2293580500127,9.811027
223,1784857494.8732345,,5.28,,5.28,,4.799999999999999,,4.799999999999999,,7.200000000000002,,7.200000000000002,,1.9800000000000002,,1.9800000000000002,,2.759999999999999,,2.759999999999999,,4.703515260014683,,5.064689572202042,,7.447108514606953,,1.9866857836022973,,2.823040580842644,0.019342631101608276,-0.003688253171276301,0.00029928502954135183,2.6442253813147545,0.10968772321939468,0.8335312604904175,0.08359995484352112,-0.012453693896532059,0.048929955810308456,0.32440197467803955,0.08014263212680817,8192,0.6415338516235352,4.405007839202881,0.014991956762969494,36569088,39282,17856,1116,-7.9221168,0.004742486602481222,0.0021984332357533275,-6.61602503657341,-20.185009,0.0028574646821653005,0.0017222600334207527,-6.6876056432724,,,0.95,0.9,both,4.582389131327131,4.886081959699901,0.22412713358115427,0.0,-7.274385,2156.4091871246346,-7.9221168
224,1784857573.303386,,5.28,,5.28,,4.799999999999999,,4.799999999999999,,7.200000000000002,,7.200000000000002,,1.9800000000000002,,1.9800000000000002,,2.759999999999999,,2.759999999999999,,5.663165997713804,,5.39139608934056,,7.444435250014067,,2.356067191809416,,3.0785904024960473,0.02091701328754425,-0.00029069881566101685,0.0009002222022900241,2.6445357650518417,0.17939262092113495,0.9702960252761841,0.12570112943649292,-0.0032522049732506275,0.06280180811882019,0.3708605468273163,0.08241517841815948,8192,0.5673008561134338,4.786730766296387,0.008224881254136562,36732928,39445,17936,1121,9.628052,0.003205247432561009,0.005324931655195542,-6.615567329525947,-36.58259,0.0035785960855719166,0.0024593129695858807,-6.667400959134102,,,0.95,0.9,both,4.257867106021601,4.694882896930729,0.2041789458480477,0.0,-5.1053834,2088.994400925229,9.628052
225,1784857649.8837473,,5.28,,5.28,,4.799999999999999,,4.799999999999999,,7.200000000000002,,7.200000000000002,,1.9800000000000002,,1.9800000000000002,,2.759999999999999,,2.759999999999999,,5.636824002489448,,5.058776898309588,,7.5666875541210175,,2.2994960295036435,,3.05804474838078,0.01437404379248619,-0.0009759838576428592,0.0010876710739466944,2.6485267728567123,0.08382432907819748,0.8736017346382141,0.06795486807823181,0.001394492108374834,0.0432656891644001,0.3335128724575043,0.09178327769041061,8192,0.6261473894119263,4.723965644836426,0.021613413468003273,36896768,39609,18016,1126,10.203294,0.0032394956942880526,0.004338040317088598,-6.636057740449905,-6.7293167,0.00271385814921814,0.003984112553007435,-6.655576676130295,,,0.95,0.9,both,4.598058328501873,5.520970490817734,0.2773066351370514,0.0,-48.819542,2139.4502477381093,10.203294
226,1784857728.108231,,5.28,,5.28,,4.799999999999999,,4.799999999999999,,7.200000000000002,,7.200000000000002,,1.9800000000000002,,1.9800000000000002,,2.759999999999999,,2.759999999999999,,5.172262456268072,,4.766690246295184,,6.931555808521807,,2.00198757275939,,2.7416148287593387,0.016445301473140717,-0.005143435462741763,0.00017724045414979628,2.655781537294388,0.1270940750837326,1.0197728872299194,0.0672532469034195,-0.000998597126454115,0.03942423313856125,0.296589732170105,0.07198017835617065,8192,0.6816617846488953,4.322822093963623,0.013621686026453972,37060608,39771,18096,1131,10.025456,0.004732721080654301,0.00428509652701905,-6.644055411219597,-15.112287,0.004154990117967827,0.004227401938987896,-6.6796240389347075,,,0.95,0.9,both,4.172905948479409,5.2997455379325995,0.21124690306503813,0.0,-4.255632,2094.484906137604,10.025456
227,1784857805.7113054,,5.28,,5.28,,4.799999999999999,,4.799999999999999,,7.200000000000002,,7.200000000000002,,1.9800000000000002,,1.9800000000000002,,2.759999999999999,,2.759999999999999,,5.574013218283653,,4.532292608171701,,7.195139717310667,,1.86765669984743,,2.938865279778838,0.0210560392588377,-3.3701699976518285e-05,0.0050618459354154766,2.659614220261574,0.09623438119888306,1.0194597244262695,0.052777547389268875,-0.00017664069309830666,0.05799546837806702,0.3512938618659973,0.08786171674728394,8192,0.7021955847740173,4.42159366607666,0.01674172841012478,37224448,39931,18176,1136,9.962686,0.004082604133145651,0.004269248945638538,-6.655106046795845,-7.4311705,0.002381685782893328,0.0014891827435349115,-6.689647459983826,,,0.95,0.9,both,4.340058235622367,4.9278379375503,0.28372093086461325,0.0,-3.1746867,2111.2572441960633,9.962686
228,1784857881.5421803,,5.28,,5.28,,4.799999999999999,,4.799999999999999,,7.200000000000002,,7.200000000000002,,1.9800000000000002,,1.9800000000000002,,2.759999999999999,,2.759999999999999,,5.4367725239135325,,4.885218535549939,,7.552773121744394,,2.2396186096593738,,2.889197356882505,0.020822664722800255,-0.00039928672777023166,0.0020740513064083643,2.6636018082499504,0.0794927105307579,0.8767750263214111,0.06517328321933746,-0.01381627470254898,0.054777175188064575,0.28513288497924805,0.07902344316244125,8192,0.6768995523452759,4.6007161140441895,0.017316197976469994,37388288,40093,18256,1141,9.412353,0.00425712705909973,0.0050383291396428834,-6.650910493731499,-0.44833106,0.0029853185333195142,0.002274377452704357,-6.710551160573959,,,0.95,0.9,both,4.23359280054499,4.603457004085612,0.23766624530356534,0.0,0.08902206,2160.5964592611435,9.412353
229,1784857957.5748594,,5.28,,5.28,,4.799999999999999,,4.799999999999999,,7.200000000000002,,7.200000000000002,,1.9800000000000002,,1.9800000000000002,,2.759999999999999,,2.759999999999999,,5.029552519787103,,4.60574028454721,,6.851181892678142,,1.894604902714491,,2.7828293166239746,0.024097535759210587,-0.0003189256531186402,0.00039510966735178954,2.667463518679142,0.2824973464012146,0.9005672931671143,0.2539707124233246,-0.02186652645468712,0.06240682676434517,0.3722081184387207,0.059371333569288254,8192,0.7114236950874329,4.232781410217285,0.02301311492919922,37552128,40253,18336,1146,1.2897044,0.00537288856721716,0.0030282201027148404,-6.66472450196743,-29.383093,0.006668410554993898,0.002349066804163158,-6.717312684655189,,,0.95,0.9,both,4.622725566946123,5.100096980372895,0.194470063166166,0.0,6.592459,2154.8640010203876,1.2897044
230,1784858033.2736797,,5.28,,5.28,,4.799999999999999,,4.799999999999999,,7.200000000000002,,7.200000000000002,,1.9800000000000002,,1.9800000000000002,,2.759999999999999,,2.759999999999999,,5.179862601682544,,4.382138134445995,,7.690409267321229,,2.1610766537487507,,2.887010249076411,0.018846141174435616,-0.008578566048527136,0.000634123862710112,2.6671372056007385,0.15257272124290466,1.0456736087799072,0.08618389815092087,0.012083408422768116,0.04787484183907509,0.2869335412979126,0.05943213030695915,8192,0.6616983413696289,4.460099220275879,0.010772059671580791,37715968,40413,18416,1151,9.814761,0.004041602517463616,0.00349713342366158,-6.670711469650269,-6.2666755,0.003423419017781271,0.0025344301000586713,-6.722573021054268,,,0.95,0.9,both,4.455235905220516,4.430996749932264,0.23277946772572022,0.0,-6.2313895,2164.3655264272575,9.814761
231,1784858108.1655233,,5.28,,5.28,,4.799999999999999,,4.799999999999999,,7.200000000000002,,7.200000000000002,,1.9800000000000002,,1.9800000000000002,,2.759999999999999,,2.759999999999999,,4.888101124204695,,5.244586702436209,,7.009900268167257,,2.1494238041341305,,2.827137774322182,0.018637219443917274,-0.0006073956319596618,0.004677206607084372,2.6711941808462143,0.15874329209327698,0.9327906370162964,0.12682248651981354,-0.02401674911379814,0.05065036937594414,0.39575934410095215,0.07158879935741425,8192,0.6823605298995972,4.423830032348633,0.016657931730151176,37879808,40573,18496,1156,9.249351,0.0028523736204078888,0.0020995856328227093,-6.6575110256671906,-15.010353,0.0034477516303013543,0.0017160932839033194,-6.69705564379692,,,0.95,0.9,both,4.078484758876961,4.857609732156668,0.30035682918044515,0.0,-9.944069,2187.6881699448645,9.249351
232,1784858182.404834,,5.28,,5.28,,4.799999999999999,,4.799999999999999,,7.200000000000002,,7.200000000000002,,1.9800000000000002,,1.9800000000000002,,2.759999999999999,,2.759999999999999,,5.0200244802981615,,4.3224125681445,,7.099241245537996,,2.043941743671894,,2.6111127827316523,0.021449310705065727,-2.2948523110244423e-05,0.00023137599305300682,2.6728679537773132,0.059849634766578674,0.9044210910797119,0.03946872055530548,0.028060445562005043,0.05464095622301102,0.26413843035697937,0.0709916427731514,8192,0.645995557308197,4.219346523284912,0.016815530136227608,38043648,40734,18576,1161,9.407033,0.003964562531473348,0.0027665897425322326,-6.635482922196388,-1.1581609,0.002411719145675306,0.0023314383179240394,-6.711005845665932,,,0.95,0.9,both,4.062572661020653,4.864757364696212,0.1980915995792556,0.0,-34.887035,2206.917676272325,9.407033
233,1784858257.2952998,,5.28,,5.28,,4.799999999999999,,4.799999999999999,,7.200000000000002,,7.200000000000002,,1.9800000000000002,,1.9800000000000002,,2.759999999999999,,2.759999999999999,,5.064082353841513,,4.654099104809575,,7.162418864667416,,1.9196957910899073,,2.8409314891323447,0.028068726882338524,-0.001274980248126667,0.0009094879742406192,2.679799899458885,0.08487710356712341,0.9529422521591187,0.08355499058961868,-0.007643544115126133,0.06832677870988846,0.2938685715198517,0.08174027502536774,8192,0.7204020023345947,4.328245639801025,0.022346915677189827,38207488,40897,18656,1166,10.030927,0.0033447409685322784,0.00360689704248216,-6.644436484575271,-3.1067443,0.002545766288676532,0.002621249634830747,-6.701134192943573,,,0.95,0.9,both,4.155164694595352,5.069365003517381,0.2359234649298753,0.0,-17.266272,2187.7277738830903,10.030927
234,1784858333.1437685,,5.28,,5.28,,4.799999999999999,,4.799999999999999,,7.200000000000002,,7.200000000000002,,1.9800000000000002,,1.9800000000000002,,2.759999999999999,,2.759999999999999,,5.325422693043947,,4.669257630594075,,7.219813343137503,,2.1810280666686594,,2.8163085943087935,0.02419024333357811,4.487231490202248e-05,0.0003572300515770621,2.6824849396944046,0.09551338851451874,0.9054533243179321,0.07658758759498596,0.01697530411183834,0.062479808926582336,0.29669713973999023,0.08757174015045166,8192,0.7049911618232727,4.442365646362305,0.014072239398956299,38371328,41058,18736,1171,10.161929,0.00433738666397403,0.0042862156056799,-6.691816273331642,-14.135882,0.001940033918072004,0.0030485298397252337,-6.725525218248367,,,0.95,0.9,both,4.453748245206862,5.362475414803507,0.18641947187972446,0.0,-3.7359836,2160.0971746280625,10.161929
235,1784858407.600822,,5.28,,5.28,,4.799999999999999,,4.799999999999999,,7.200000000000002,,7.200000000000002,,1.9800000000000002,,1.9800000000000002,,2.759999999999999,,2.759999999999999,,5.168700274080038,,4.495649159885943,,7.018329573795199,,1.9273691095877439,,2.7984340880066156,0.032704003155231476,-0.001198494283016771,0.0031272636078938376,2.684499718248844,0.09540390223264694,0.9324794411659241,0.05974860489368439,2.0971521735191345e-05,0.07759713381528854,0.3087226450443268,0.07157507538795471,8192,0.7141000032424927,4.281696796417236,0.01625736989080906,38535168,41219,18816,1176,10.452646,0.004562152058497304,0.005145137727959081,-6.709728568792343,-25.19814,0.003268311160354642,0.002684860811859835,-6.726716095209122,,,0.95,0.9,both,4.435325020216014,5.385975044963713,0.2348625295536734,0.0,-33.390358,2200.4622692189287,10.452646
236,1784858484.5720458,,5.28,,5.28,,4.799999999999999,,4.799999999999999,,7.200000000000002,,7.200000000000002,,1.9800000000000002,,1.9800000000000002,,2.759999999999999,,2.759999999999999,,5.521341053768992,,4.829344480764121,,7.087063955143094,,1.7417110921815038,,2.772626208141446,0.020082172006368637,-0.0011714490174199454,0.0009095691821130458,2.6871600300073624,0.059514112770557404,0.8678323030471802,0.039727628231048584,0.002395845949649811,0.0499594621360302,0.30959898233413696,0.07184968888759613,8192,0.715126633644104,4.390417575836182,0.018724223598837852,38699008,41379,18896,1181,10.311989,0.0038750071282265706,0.0059346924012061205,-6.6719479948282245,-2.850968,0.002455319582077209,0.002496434229396982,-6.731406283378601,,,0.95,0.9,both,4.7315948692049625,5.137254032245096,0.2463131582001301,0.0,-9.405447,2128.5878051628492,10.311989
237,1784858561.54758,,5.28,,5.28,,4.799999999999999,,4.799999999999999,,7.200000000000002,,7.200000000000002,,1.9800000000000002,,1.9800000000000002,,2.759999999999999,,2.759999999999999,,5.033742867410183,,4.512819334864616,,6.926482801092789,,2.0411306405439973,,2.993068791460246,0.0220210961997509,-0.001576835333253257,0.0006478510772467416,2.6877436339855194,0.07964212447404861,0.9228034019470215,0.05348102003335953,-0.015860889106988907,0.05382698401808739,0.3393595814704895,0.07728134095668793,8192,0.7072094678878784,4.301448822021484,0.01804899051785469,38862848,41539,18976,1186,10.057042,0.0046020878551644275,0.003305045395245543,-6.6692498415708545,-7.076795,0.002363687626711908,0.001964841860171873,-6.752945777773857,,,0.95,0.9,both,4.092035885403463,5.1264281858638325,0.1922796308079351,0.0,-17.356941,2128.4690590180057,10.057042
238,1784858638.044221,,5.28,,5.28,,4.799999999999999,,4.799999999999999,,7.200000000000002,,7.200000000000002,,1.9800000000000002,,1.9800000000000002,,2.759999999999999,,2.759999999999999,,5.297129090293311,,5.013608086854219,,7.798824597150087,,2.1513170464895666,,2.961334985680878,0.02453654259443283,-0.004108259206986986,0.0005534726742553175,2.691018655896187,0.10770513862371445,0.8360417485237122,0.07636553794145584,-0.01677529700100422,0.06336043775081635,0.34693270921707153,0.0814371258020401,8192,0.6670354008674622,4.644442558288574,0.015824370086193085,39026688,41701,19056,1191,9.119828,0.004781186058971798,0.005727403519267682,-6.670519486069679,-29.201874,0.003820680401258869,0.0018666040552488994,-6.710344132781029,,,0.95,0.9,both,4.6434762947740875,5.338381443276142,0.2116791036708246,0.0,-2.564264,2141.792702585564,9.119828
239,1784858713.6302397,,5.28,,5.28,,4.799999999999999,,4.799999999999999,,7.200000000000002,,7.200000000000002,,1.9800000000000002,,1.9800000000000002,,2.759999999999999,,2.759999999999999,,5.331265141256154,,5.02204374410212,,7.5801746509969234,,2.062293036840856,,3.0541285974904895,0.027328122407197952,-0.0009980004833778366,0.0009019236595122493,2.6945600509643555,0.11301977932453156,0.9237711429595947,0.08345460146665573,-0.019329726696014404,0.07208968698978424,0.29457253217697144,0.06872931122779846,8192,0.7175493240356445,4.609980583190918,0.02596915140748024,39190528,41862,19136,1196,9.854212,0.004269592109631048,0.0047246411748346874,-6.662193846702576,-9.940591,0.0037783145264256744,0.0041579669807106255,-6.699658009409904,,,0.95,0.9,both,4.396252556174735,5.417749940410313,0.20208694146864914,0.0,4.9908137,2167.5978353770697,9.854212
240,1784858790.4304852,,5.28,,5.28,,4.799999999999999,,4.799999999999999,,7.200000000000002,,7.200000000000002,,1.9800000000000002,,1.9800000000000002,,2.759999999999999,,2.759999999999999,,5.407114837318659,,4.4642836505081505,,7.140582104446366,,1.9887441084720194,,2.786886653280817,0.020887117832899094,-0.0014293814165284857,0.003065982488806185,2.6980072408914566,0.14908276498317719,0.8542827367782593,0.11571221053600311,0.011924272403120995,0.05614378675818443,0.2818218469619751,0.07696697860956192,8192,0.6730266809463501,4.357522010803223,0.02113259583711624,39354368,42026,19216,1201,10.297006,0.004785079257271718,0.004155657218507258,-6.609688141942025,-19.297123,0.003956282406579703,0.0010758133466879372,-6.697318843007087,,,0.95,0.9,both,3.9677178618972904,4.288758852869837,0.27310877308689446,0.0,-30.350946,2133.3262913011145,10.297006
241,1784858866.738562,,5.28,,5.28,,4.799999999999999,,4.799999999999999,,7.200000000000002,,7.200000000000002,,1.9800000000000002,,1.9800000000000002,,2.759999999999999,,2.759999999999999,,5.268450289033353,,4.821946311974898,,6.94471151009202,,1.9146719425916672,,2.7697775904089212,0.0209311805665493,-0.0011990138809778728,0.0007705940283813106,2.7010970637202263,0.07953226566314697,0.8687911033630371,0.04843316227197647,-0.014061154797673225,0.05055681988596916,0.20111288130283356,0.05438359081745148,8192,0.7250207662582397,4.343911647796631,0.011831107549369335,39518208,42186,19296,1206,1.1477824,0.005327353718166705,0.0002488324273144826,-6.619589132070542,4.346151,0.004081648561987094,0.00399722591828322,-6.664688366651535,,,0.95,0.9,both,3.534083453657393,4.144856204916623,0.2189909496542414,0.0,-5.5078726,2147.0861481084794,1.1477824
242,1784858942.4636402,,5.28,,5.28,,4.799999999999999,,4.799999999999999,,7.200000000000002,,7.200000000000002,,1.9800000000000002,,1.9800000000000002,,2.759999999999999,,2.759999999999999,,5.3317024688003585,,5.057987620122731,,7.779710661619902,,1.9588556308299303,,2.9331316184834573,0.017547402530908585,-0.00699464714853093,0.0003941855218272394,2.702169120311737,0.11932673305273056,0.9906843900680542,0.075058713555336,-0.017939196899533272,0.04979966953396797,0.2686282992362976,0.07543909549713135,8192,0.674765944480896,4.612277507781982,0.014045444317162037,39682048,42349,19376,1211,-8.092108,0.004442509487853385,0.00622445803892333,-6.592604315280914,-14.480217,0.0038844916671223473,0.0012531708023743704,-6.67216078042984,,,0.95,0.9,both,4.765248646173377,5.082866790849135,0.26009205607882663,0.0,-24.948353,2163.61500271108,-8.092108
243,1784859018.8300123,,5.28,,5.28,,4.799999999999999,,4.799999999999999,,7.200000000000002,,7.200000000000002,,1.9800000000000002,,1.9800000000000002,,2.759999999999999,,2.759999999999999,,5.1447497719782405,,4.505629449151456,,7.615611655637622,,1.9178812954341993,,2.7165288510732353,0.01923881657421589,-0.0010498248266230803,0.00034955809360326384,2.705403096973896,0.09862961620092392,0.9860384464263916,0.0843505710363388,0.005105163436383009,0.04855506494641304,0.3863668739795685,0.08849649876356125,8192,0.647966206073761,4.380080223083496,0.015414058230817318,39845888,42513,19456,1216,9.691537,0.005478751567716244,0.0028756292595062405,-6.617628368735313,-22.551455,0.0033958823056309483,0.002870685332163703,-6.6667339444160465,,,0.95,0.9,both,4.98780625813252,5.144878737203362,0.20160967770537064,0.0,-4.7196054,2145.4477465049217,9.691537
244,1784859094.7384076,,5.28,,5.28,,4.799999999999999,,4.799999999999999,,7.200000000000002,,7.200000000000002,,1.9800000000000002,,1.9800000000000002,,2.759999999999999,,2.759999999999999,,5.222637660801411,,4.689020075602457,,7.109789665788412,,2.008366244030185,,2.8975943587720394,0.010574379935860634,-0.0002660056634340435,0.00043572610593400896,2.7082362473011017,0.1232733353972435,1.0034695863723755,0.14028698205947876,0.03268918767571449,0.027420952916145325,0.22302855551242828,0.08737383782863617,8192,0.708676815032959,4.385481834411621,0.015083509497344494,40009728,42678,19536,1221,10.494646,0.00468672475326457,0.005172730451158713,-6.6414138078689575,-19.566051,0.0022372154257027433,0.0032928436834481546,-6.670041012763977,,,0.95,0.9,both,4.7165318508296945,4.842464666658438,0.2007492320790466,0.0,-5.2718363,2158.390726541965,10.494646
245,1784859170.8600583,,5.28,,5.28,,4.799999999999999,,4.799999999999999,,7.200000000000002,,7.200000000000002,,1.9800000000000002,,1.9800000000000002,,2.759999999999999,,2.759999999999999,,4.86378491204232,,5.097918568644673,,7.03266729414463,,1.922039127908647,,2.87036672886461,0.021652059629559517,-0.0007191906915977597,0.00024603622796348645,2.7103299349546432,0.15608249604701996,0.9738188982009888,0.07122314721345901,-0.031013933941721916,0.05045059695839882,0.2541666328907013,0.0791502296924591,8192,0.6578123569488525,4.35735559463501,0.02796904928982258,40173568,42841,19616,1226,10.4138775,0.004004963863553712,0.004812742526701186,-6.644542834162712,-5.7001123,0.0043755875572969675,0.0021874152618693186,-6.667610284686089,,,0.95,0.9,both,4.492983006605357,5.408553090791331,0.20416895213694622,0.0,-13.054088,2152.3443451464714,10.4138775
246,1784859247.199971,,5.28,,5.28,,4.799999999999999,,4.799999999999999,,7.200000000000002,,7.200000000000002,,1.9800000000000002,,1.9800000000000002,,2.759999999999999,,2.759999999999999,,5.334880233276635,,4.937435522675514,,7.218242526054382,,1.909795491490513,,2.6724579194560647,0.02458748035132885,-0.002085232481476851,0.0005749077072323416,2.7114395052194595,0.12760576605796814,0.9748104810714722,0.1661514788866043,-0.005834195297211409,0.06480977684259415,0.38010746240615845,0.07791668176651001,8192,0.7208458781242371,4.414562702178955,0.018647821620106697,40337408,43004,19696,1231,1.514879,0.003721943472191924,0.004194296854257118,-6.655452063679695,-8.805337,0.00632864238723414,0.002478706408874132,-6.682383123040199,,,0.95,0.9,both,4.990816585578292,5.407755901316683,0.18561811658118454,0.0,1.5978785,2146.1902304412674,1.514879
247,1784859324.0567107,,5.28,,5.28,,4.799999999999999,,4.799999999999999,,7.200000000000002,,7.200000000000002,,1.9800000000000002,,1.9800000000000002,,2.759999999999999,,2.759999999999999,,5.378542831444065,,5.134119575377554,,7.049764264374971,,1.930358759360388,,2.742678437149152,0.023393496870994568,-0.0009830198177951388,0.00037297548578862916,2.71480692923069,0.08020256459712982,0.9593476057052612,0.07692335546016693,0.014092419296503067,0.05633407086133957,0.2811969816684723,0.08198743313550949,8192,0.706513524055481,4.447092533111572,0.03336209058761597,40501248,43168,19776,1236,-7.8239756,0.0042103297491848934,0.004282643500118866,-6.664588508009911,1.5057114,0.003138320923608262,0.003169900587090524,-6.692591273784638,,,0.95,0.9,both,4.577773652337249,4.6501793612655415,0.1697821115332228,0.0,-2.644834,2131.7589543175204,-7.8239756
248,1784859399.4715116,,5.28,,5.28,,4.799999999999999,,4.799999999999999,,7.200000000000002,,7.200000000000002,,1.9800000000000002,,1.9800000000000002,,2.759999999999999,,2.759999999999999,,5.002644568681717,,4.704118263907731,,6.898375610820949,,1.721706759184599,,2.7536082840524614,0.01781087927520275,-0.0002433060667499376,0.00032688193027752277,2.716719351708889,0.07523313909769058,0.8711109757423401,0.07828468084335327,0.004675579722970724,0.05029410868883133,0.20902636647224426,0.08223868906497955,8192,0.6964174509048462,4.216091156005859,0.011741884984076023,40665088,43331,19856,1241,1.4918587,0.005100109857448842,0.0024336852337000893,-6.675546407699585,-3.479711,0.0023437559615558713,0.0008296693180454895,-6.745357763767243,,,0.95,0.9,both,3.845187634004187,4.625196905434583,0.20556327705348476,0.0,-11.471379,2172.5172123830102,1.4918587
249,1784859473.2457302,,5.28,,5.28,,4.799999999999999,,4.799999999999999,,7.200000000000002,,7.200000000000002,,1.9800000000000002,,1.9800000000000002,,2.759999999999999,,2.759999999999999,,5.278063226491213,,4.367045724764466,,6.979024011641741,,2.0795795302838087,,2.8779571489430964,0.026388637721538544,-0.000385886465664953,0.0007941020130601828,2.7211650758981705,0.09578218311071396,0.9416040778160095,0.060015082359313965,-0.000572696328163147,0.07057780772447586,0.23393556475639343,0.08608019351959229,8192,0.7146806120872498,4.316333770751953,0.010067564435303211,40828928,43500,19936,1246,-4.041482,0.004798090853728354,0.00548252265289193,-6.719073316454887,-19.475672,0.003901011685229605,0.003219579894357594,-6.770419278740883,,,0.95,0.9,both,5.205823777119529,5.341806844538462,0.2124466305592903,0.0,-12.117968,2220.831046700097,-4.041482
250,1784859546.7636325,,5.28,,5.28,,4.799999999999999,,4.799999999999999,,7.200000000000002,,7.200000000000002,,1.9800000000000002,,1.9800000000000002,,2.759999999999999,,2.759999999999999,,5.453897509723902,,4.534923078492284,,6.875243678689003,,1.7828853661194444,,2.7207860937342048,0.028168343007564545,-2.2077118046581745e-05,0.002879423611375387,2.7251070514321327,0.11381113529205322,0.8590102791786194,0.07840491086244583,0.024608850479125977,0.07202652096748352,0.22241906821727753,0.07786712795495987,8192,0.6973348259925842,4.273547172546387,0.012555579654872417,40992768,43660,20016,1251,10.293188,0.0036009342191391626,0.004366363339067902,-6.723096227645874,-0.7148987,0.0024921232994529418,0.002704987075412646,-6.770743218064308,,,0.95,0.9,both,4.545813142031162,4.6603575592787205,0.2777004537367691,0.0,-7.5174894,2228.571575256147,10.293188
251,1784859622.1558375,,5.28,,5.28,,4.799999999999999,,4.799999999999999,,7.200000000000002,,7.200000000000002,,1.9800000000000002,,1.9800000000000002,,2.759999999999999,,2.759999999999999,,5.530768008437008,,5.327049661427736,,7.127937462180853,,2.1216925671324134,,2.995328045450151,0.019055170938372612,-0.0023725249225208245,0.0011534082650541677,2.7241930067539215,0.09171368926763535,0.9149176478385925,0.07620187848806381,-0.009658290073275566,0.05756010860204697,0.26237785816192627,0.0840221494436264,8192,0.6828909516334534,4.6205549240112305,0.011628405191004276,41156608,43824,20096,1256,1.714412,0.0033976122685999144,0.003206922013850999,-6.762350004911423,-9.199454,0.0027723364146368112,0.001884330240500276,-6.778406947851181,,,0.95,0.9,both,4.163223041869719,4.794725514115683,0.24259107232595867,0.0,-8.17197,2173.1712214369127,1.714412
252,1784859697.5485246,,5.28,,5.28,,4.799999999999999,,4.799999999999999,,7.200000000000002,,7.200000000000002,,1.9800000000000002,,1.9800000000000002,,2.759999999999999,,2.759999999999999,,5.276230036281049,,4.597538253758103,,7.2989960396662354,,1.8879610054427758,,2.6866493614725186,0.02185315079987049,-0.000205349235329777,0.0005658188333654834,2.7265828028321266,0.09170904755592346,0.9270492196083069,0.07376692444086075,-0.013655881397426128,0.05737094581127167,0.28644222021102905,0.0872601866722107,8192,0.7104488015174866,4.349474906921387,0.009772762656211853,41320448,43985,20176,1261,-8.804925,0.0038595419355260674,0.0017705315665807575,-6.782279768586159,-11.246101,0.0017913856321683853,0.0023210486877360383,-6.782047563791275,,,0.95,0.9,both,4.866442357141478,4.895905621653258,0.2033202909291037,0.0,3.8003845,2173.1528264003796,-8.804925
253,1784859772.6918056,,5.28,,5.28,,4.799999999999999,,4.799999999999999,,7.200000000000002,,7.200000000000002,,1.9800000000000002,,1.9800000000000002,,2.759999999999999,,2.759999999999999,,5.4014171697199345,,4.788884378969669,,6.812098210910335,,1.8214184986427426,,2.8455385896377265,0.018911920487880707,-0.00012712448369711637,0.0006659487921751861,2.725452870130539,0.10710898041725159,0.9362577199935913,0.11477262526750565,-0.01748005673289299,0.0517040379345417,0.21522781252861023,0.0861688032746315,8192,0.6992664337158203,4.333870887756348,0.008965110406279564,41484288,44149,20256,1266,10.344785,0.004434020337066613,0.0043706795542675534,-6.791696670651436,-4.208993,0.0018132358531147475,0.0014900295820552856,-6.804889458417892,,,0.95,0.9,both,4.822966445802398,4.763885772326444,0.21804621650021253,0.0,-13.422163,2180.36924139291,10.344785
254,1784859849.2892594,,5.28,,5.28,,4.799999999999999,,4.799999999999999,,7.200000000000002,,7.200000000000002,,1.9800000000000002,,1.9800000000000002,,2.759999999999999,,2.759999999999999,,5.408093761652708,,4.656376814469695,,7.28708016499877,,1.8052586540579796,,2.593149308813736,0.024572817608714104,-0.001095945481210947,0.0008144104758684989,2.7287030816078186,0.09260927140712738,0.9414442181587219,0.05283501744270325,0.017780495807528496,0.06615138053894043,0.30489832162857056,0.08172349631786346,8192,0.7139724493026733,4.349991798400879,0.011409456841647625,41648128,44309,20336,1271,10.650899,0.003990844880900113,0.0050242537647136485,-6.804240524768829,-9.107231,0.0038105800704215653,0.00260316855928977,-6.826653680205345,,,0.95,0.9,both,4.398114752143863,5.409004280446102,0.24281423892477133,0.0,1.7333717,2138.973370741743,10.650899
255,1784859925.319969,,5.28,,5.28,,4.799999999999999,,4.799999999999999,,7.200000000000002,,7.200000000000002,,1.9800000000000002,,1.9800000000000002,,2.759999999999999,,2.759999999999999,,5.8180236872285604,,5.031678695231676,,7.434440441080369,,2.2683915966190398,,2.995566016063094,0.019595708698034286,-0.007348609447944909,0.00033924037461474654,2.732608824968338,0.07545042783021927,0.877056896686554,0.0578296072781086,-0.013222020119428635,0.05096177011728287,0.29712343215942383,0.08949313312768936,8192,0.6538525819778442,4.709619998931885,0.021606288850307465,41811968,44472,20416,1276,-7.3528214,0.005303125383215956,0.004474016497260891,-6.7729500323534015,-3.2060084,0.002522213846532395,0.001550894501269795,-6.829270449280739,,,0.95,0.9,both,4.387643652073318,4.851541787662027,0.19072760389622676,0.0,7.1803026,2154.9199086075414,-7.3528214
256,1784860001.1940916,,5.28,,5.28,,4.799999999999999,,4.799999999999999,,7.200000000000002,,7.200000000000002,,1.9800000000000002,,1.9800000000000002,,2.759999999999999,,2.759999999999999,,4.799008650705218,,4.767852389253676,,7.129267981275916,,1.7503815079980996,,2.630239961668849,0.02701764553785324,-0.002806727570714429,0.0003729548161572893,2.735233962535858,0.05469457432627678,0.9255963563919067,0.04185304418206215,-0.03207923844456673,0.06315023452043533,0.24132615327835083,0.09149617701768875,8192,0.6539098024368286,4.2153496742248535,0.018518242985010147,41975808,44632,20496,1281,10.815332,0.006584198896598536,0.003925110403361032,-6.797640988230706,-8.169097,0.002390291834672098,0.003660149119968992,-6.833624714612961,,,0.95,0.9,both,5.02740815285964,5.08483794935222,0.1986992468824033,0.0,-15.177843,2159.364762845994,10.815332
257,1784860074.4367676,,5.28,,5.28,,4.799999999999999,,4.799999999999999,,7.200000000000002,,7.200000000000002,,1.9800000000000002,,1.9800000000000002,,2.759999999999999,,2.759999999999999,,5.214400209952146,,4.688993826508522,,7.40740168467164,,2.140855224337429,,2.7976934491307475,0.029071440920233727,-0.0011059105272579473,0.0012842006708524423,2.735185422003269,0.1447869837284088,0.9411369562149048,0.09444287419319153,0.009731750003993511,0.08450892567634583,0.2965460419654846,0.07904914021492004,8192,0.679817259311676,4.449868679046631,0.009404468350112438,42139648,44793,20576,1286,10.763849,0.00365824105538195,0.00408207729778951,-6.807962548732758,-5.0853887,0.003771947389395791,0.0025503705197479575,-6.8501883953809735,,,0.95,0.9,both,4.216190842523897,4.606588080530363,0.20780272720626627,0.0,-32.68786,2236.947877920179,10.763849
258,1784860148.7373664,,5.28,,5.28,,4.799999999999999,,4.799999999999999,,7.200000000000002,,7.200000000000002,,1.9800000000000002,,1.9800000000000002,,2.759999999999999,,2.759999999999999,,5.227182543370873,,4.850135312415659,,7.524139940738678,,2.0626474330201745,,2.6482565803453326,0.016061605885624886,-0.00815455275005661,0.0005978773720016761,2.7373296916484833,0.06394898146390915,0.9151427745819092,0.04351472109556198,0.005433723330497742,0.0445454902946949,0.2678290009498596,0.09656887501478195,8192,0.6844469308853149,4.462472438812256,0.011715888045728207,42303488,44954,20656,1291,-7.8123183,0.0046191492234356705,0.003163527782453457,-6.799932616949081,-20.29472,0.0023866392344643827,0.0021516287044505587,-6.857980614900589,,,0.95,0.9,both,5.206994141349922,5.034077300148395,0.22442309868393884,0.0,5.0777535,2205.0959535050283,-7.8123183
259,1784860224.2918952,,5.28,,5.28,,4.799999999999999,,4.799999999999999,,7.200000000000002,,7.200000000000002,,1.9800000000000002,,1.9800000000000002,,2.759999999999999,,2.759999999999999,,5.0417064221110195,,4.500262476154603,,7.2541711528319865,,1.7565225320868194,,2.595307545736432,0.015359586104750633,2.700940240174532e-05,0.0007112218240763468,2.739651694893837,0.06686336547136307,0.915286660194397,0.04651733487844467,0.013529290445148945,0.04449530318379402,0.24244150519371033,0.07515197992324829,8192,0.6968569755554199,4.2295942306518555,0.011763365007936954,42467328,45114,20736,1296,0.99869555,0.004122950822784332,0.005828146130079403,-6.851017886400223,4.0117035,0.0028518668903416257,0.003771805376163684,-6.854891917109489,,,0.95,0.9,both,4.65163351192038,5.144178256634766,0.1826845494140839,0.0,3.2470608,2168.500096282209,0.99869555
260,1784860299.0385914,,5.28,,5.28,,4.799999999999999,,4.799999999999999,,7.200000000000002,,7.200000000000002,,1.9800000000000002,,1.9800000000000002,,2.759999999999999,,2.759999999999999,,4.96906278654933,,4.467124060029164,,7.085203434340656,,2.211398081621155,,2.8719056923873723,0.011929355561733246,-0.005765028348832857,0.002137088649760699,2.742119923233986,0.12284896522760391,0.9507162570953369,0.07179749011993408,-0.013998076319694519,0.034914396703243256,0.3065643608570099,0.08486326783895493,8192,0.6417944431304932,4.320939064025879,0.012487230822443962,42631168,45276,20816,1301,1.2947593,0.005741138414305169,0.0013187552809540647,-6.813586696982384,-10.046469,0.00366061767708743,0.00248226122057531,-6.846208861470222,,,0.95,0.9,both,4.233349290082552,4.448239143702041,0.23656594659871732,0.0,4.2577133,2191.9365414854633,1.2947593
261,1784860372.909139,,5.28,,5.28,,4.799999999999999,,4.799999999999999,,7.200000000000002,,7.200000000000002,,1.9800000000000002,,1.9800000000000002,,2.759999999999999,,2.759999999999999,,5.206462650676258,,4.329919911921024,,6.6337530286982656,,1.7353593241423368,,2.700085438322276,0.012859702110290527,-0.00944837401038967,0.0007149581033445429,2.7437131106853485,0.07222388684749603,0.9177454113960266,0.07896219938993454,0.055428460240364075,0.042897891253232956,0.24272212386131287,0.09904667735099792,8192,0.6565507650375366,4.1211161613464355,0.010909558273851871,42795008,45437,20896,1306,-7.347534,0.005496062926249578,0.004234280165110249,-6.762323814630508,-8.16195,0.0017615233362448634,0.002152839691552799,-6.850361141562462,,,0.95,0.9,both,4.985817462740238,5.045454598143683,0.2357850814488203,0.0,2.2764182,2217.9337707464874,-7.347534
262,1784860446.2147653,,5.28,,5.28,,4.799999999999999,,4.799999999999999,,7.200000000000002,,7.200000000000002,,1.9800000000000002,,1.9800000000000002,,2.759999999999999,,2.759999999999999,,5.107861271128058,,4.76426905952394,,7.441030079498887,,1.9868588587269187,,2.6728956922888756,0.02417141944169998,-3.740266402019188e-05,0.0007688751738896826,2.74475084990263,0.357948362827301,0.9757018089294434,0.37950605154037476,-0.0066298749297857285,0.07032809406518936,0.4165678024291992,0.0818997472524643,8192,0.7324150800704956,4.394583225250244,0.07722210139036179,42958848,45600,20976,1311,-25.590326,0.00567295604996616,0.0023317070030316246,-6.781689086556435,-16.116009,0.0071781007223762575,0.0020886225465801544,-6.863111719489098,,,0.95,0.9,both,4.598885479333079,6.497046060574317,0.17236852812133985,0.0,-28.343714,2235.027264820355,-25.590326
263,1784860520.197811,,5.28,,5.28,,4.799999999999999,,4.799999999999999,,7.200000000000002,,7.200000000000002,,1.9800000000000002,,1.9800000000000002,,2.759999999999999,,2.759999999999999,,5.6105152033269405,,4.658548729494214,,7.002815160900354,,1.889366222312674,,2.7403354104608297,0.02528245374560356,-0.0003472054086159915,0.0008034798856897396,2.748207315802574,0.14425866305828094,0.928145706653595,0.09819157421588898,0.05963992327451706,0.06893935054540634,0.32315096259117126,0.09174473583698273,8192,0.7247056365013123,4.380316257476807,0.010080000385642052,43122688,45760,21056,1316,0.94289553,0.005726544385834131,0.0026690765495004597,-6.818033260107041,-3.738963,0.003289499683160102,-0.0004028078823466785,-6.849384966492653,,,0.95,0.9,both,6.192018967258276,4.255497446907777,0.16165541817199264,0.0,-4.235622,2214.5634512606384,0.94289553
264,1784860593.4565535,,5.28,,5.28,,4.799999999999999,,4.799999999999999,,7.200000000000002,,7.200000000000002,,1.9800000000000002,,1.9800000000000002,,2.759999999999999,,2.759999999999999,,5.299782982096076,,4.1856616185978055,,7.424107026308775,,1.8532325569540262,,2.6705336989834905,0.02362218126654625,-8.563208393752575e-05,0.001672451935519348,2.7508474439382553,0.10025225579738617,0.8426046967506409,0.0495934933423996,-0.03251347690820694,0.05893561616539955,0.31979450583457947,0.09137481451034546,8192,0.6586450934410095,4.286664009094238,0.02998480387032032,43286528,45924,21136,1321,1.3188528,0.004229463281080825,0.004177668693591841,-6.83098352253437,-9.736329,0.004788689544511726,0.0017638191176956753,-6.8382857739925385,,,0.95,0.9,both,4.708130853068032,4.987074734550147,0.22255596761291244,0.0,6.881325,2236.453640065579,1.3188528
265,1784860666.7148924,,5.28,,5.28,,4.799999999999999,,4.799999999999999,,7.200000000000002,,7.200000000000002,,1.9800000000000002,,1.9800000000000002,,2.759999999999999,,2.759999999999999,,5.515604131156579,,5.149594493210316,,7.07469092682004,,2.0666458811610937,,2.929857064038515,0.015433956868946552,-0.007478688457922544,0.0006553047583111038,2.7523369193077087,0.13275304436683655,0.9753085374832153,0.07824793457984924,0.03820796310901642,0.0412243977189064,0.38136008381843567,0.08833354711532593,8192,0.7108546495437622,4.54727840423584,0.01238343771547079,43450368,46087,21216,1326,1.5000379,0.0043305369123118,0.004890096819144674,-6.808788231015205,-0.8444665,0.003094027242696029,0.001161375913216034,-6.8154035121202465,,,0.95,0.9,both,4.354317431567418,4.757660037985518,0.22398520339581243,0.0,3.6111495,2236.4693330264004,1.5000379
266,1784860738.9182048,,5.28,,5.28,,4.799999999999999,,4.799999999999999,,7.200000000000002,,7.200000000000002,,1.9800000000000002,,1.9800000000000002,,2.759999999999999,,2.759999999999999,,5.171341014094651,,5.00209291651845,,7.299423822201788,,2.0517820939421654,,2.855290441773832,0.01767476089298725,-4.6147451939759776e-05,0.001704788942788582,2.7542390301823616,0.09587589651346207,1.019693374633789,0.040369126945734024,0.003825228661298752,0.062436919659376144,0.20230835676193237,0.06764890998601913,8192,0.7168446183204651,4.475985527038574,0.00647020386531949,43614208,46249,21296,1331,10.254289,0.004094129217264708,0.0018714682482823264,-6.844515153765679,-14.234009,0.0035008336104510817,0.0027951349395152645,-6.815532451868057,,,0.95,0.9,both,4.858954180556468,4.954362610666345,0.21707669941845142,0.0,-16.1196,2269.1476526131623,10.254289
267,1784860812.5486743,,5.28,,5.28,,4.799999999999999,,4.799999999999999,,7.200000000000002,,7.200000000000002,,1.9800000000000002,,1.9800000000000002,,2.759999999999999,,2.759999999999999,,4.921452093869448,,4.570372116053477,,6.9345466904342175,,1.8321057837456465,,2.7119612768292427,0.02389988675713539,-0.001908903580670085,0.000978034341642342,2.759199269115925,0.22642011940479279,0.91161048412323,0.13775931298732758,0.020222924649715424,0.0654076337814331,0.32309356331825256,0.080865778028965,8192,0.6894502639770508,4.194087505340576,0.011239055544137955,43778048,46411,21376,1336,1.9384378,0.004980245204933453,0.00391505987936398,-6.853833475708962,-18.022068,0.0056008148399996575,-0.0010682458741939627,-6.861484232544899,,,0.95,0.9,both,4.563916409617527,3.641770874553649,0.23152244419993262,0.0,2.9704828,2225.165656189426,1.9384378
268,1784860884.031094,,5.28,,5.28,,4.799999999999999,,4.799999999999999,,7.200000000000002,,7.200000000000002,,1.9800000000000002,,1.9800000000000002,,2.759999999999999,,2.759999999999999,,5.278924615122378,,4.724058718420565,,6.934998627752066,,1.669618908315897,,2.784003781795036,0.016707686707377434,-0.0001785520144039765,0.0024984853007481433,2.7644202411174774,0.17538250982761383,0.9071561098098755,0.08430080860853195,-0.005313525442034006,0.04493505507707596,0.26543712615966797,0.0748123973608017,8192,0.6938028335571289,4.278320789337158,0.013009952381253242,43941888,46576,21456,1341,-16.738646,0.00563916372921085,0.0013492995625711047,-6.849614900350571,-2.695789,0.003936567339769681,0.0015957021823851392,-6.899125084280968,,,0.95,0.9,both,5.469939210220977,4.921346818758108,0.275902843935784,0.0,-10.730724,2292.031984576458,-16.738646
269,1784860957.2237868,,5.28,,5.28,,4.799999999999999,,4.799999999999999,,7.200000000000002,,7.200000000000002,,1.9800000000000002,,1.9800000000000002,,2.759999999999999,,2.759999999999999,,4.962965703569353,,4.148093392839655,,7.090188216418028,,1.9501731265336275,,2.8003680892288685,0.01589038595557213,-0.0016248127503786236,0.0005968913910692208,2.7675725892186165,0.16471484303474426,0.9402086734771729,0.09440790116786957,-0.0027278540655970573,0.05286257341504097,0.32092082500457764,0.07915392518043518,8192,0.6822749972343445,4.190357685089111,0.012281674891710281,44105728,46739,21536,1346,-16.526188,0.005472080265462864,0.0032070800763904115,-6.85528290271759,-24.199175,0.004190892414044356,0.0012732238479657098,-6.900434014201164,,,0.95,0.9,both,4.462218438055091,5.210291605305639,0.21247587492977438,0.0,2.8884084,2238.4747836398788,-16.526188
270,1784861031.916574,,5.28,,5.28,,4.799999999999999,,4.799999999999999,,7.200000000000002,,7.200000000000002,,1.9800000000000002,,1.9800000000000002,,2.759999999999999,,2.759999999999999,,4.79524231236428,,4.669972777366638,,6.975272396579385,,1.767749799415469,,2.8405457127373666,0.015663878992199898,0.00011066600563935935,0.0008140649670167477,2.768803209066391,0.10741863399744034,0.9000239968299866,0.12621639668941498,-0.031693827360868454,0.040244389325380325,0.19473373889923096,0.07244972139596939,8192,0.677640438079834,4.209756374359131,0.009439666755497456,44269568,46900,21616,1351,9.744158,0.0035236904208431953,0.005960312450770289,-6.851791200041771,-0.33345318,0.0022546675187186337,0.001564740691537736,-6.905122300982475,,,0.95,0.9,both,4.631685231946859,4.682186990605858,0.23337079926554719,0.0,2.4157627,2193.5186200253816,9.744158
271,1784861104.467206,,5.28,,5.28,,4.799999999999999,,4.799999999999999,,7.200000000000002,,7.200000000000002,,1.9800000000000002,,1.9800000000000002,,2.759999999999999,,2.759999999999999,,4.925408217124641,,4.6305083353072405,,7.032489273697138,,1.7270476752892137,,2.631089176982641,0.022758781909942627,-0.0007640713592991233,0.0008056774258875521,2.771617107093334,0.109991155564785,0.8978667855262756,0.05796243995428085,0.033945005387067795,0.06906513124704361,0.2950114607810974,0.07752306014299393,8192,0.6702921986579895,4.189308166503906,0.009099503047764301,44433408,47063,21696,1356,10.421306,0.003804670039971825,0.00464026805566391,-6.866130378842354,-6.204319,0.0031010069396870676,0.0018981765846547206,-6.8702251493930815,,,0.95,0.9,both,4.897616143395058,4.675555909439048,0.19984930303507537,0.0,2.8873544,2258.285661290325,10.421306
272,1784861177.2236516,,5.28,,5.28,,4.799999999999999,,4.799999999999999,,7.200000000000002,,7.200000000000002,,1.9800000000000002,,1.9800000000000002,,2.759999999999999,,2.759999999999999,,5.315286047756672,,4.727863244712353,,6.955635645892471,,1.775320578366518,,2.7075823401100934,0.020854320377111435,-0.00010911663412116468,0.0007663648425477732,2.7748851850628853,0.1577339470386505,0.9787925481796265,0.10799724608659744,0.011370803229510784,0.05685136094689369,0.28748181462287903,0.0598018579185009,8192,0.728568434715271,4.296337604522705,0.020909657701849937,44597248,47226,21776,1361,-6.5452814,0.005733612170297419,0.0017163630298455245,-6.859488207101822,-10.800468,0.006275240948161809,0.0037292401990271173,-6.862613946199417,,,0.95,0.9,both,4.263962470049519,5.118753927469614,0.226525883714431,0.0,0.8809945,2251.895719184272,-6.5452814
273,1784861251.4527965,,5.28,,5.28,,4.799999999999999,,4.799999999999999,,7.200000000000002,,7.200000000000002,,1.9800000000000002,,1.9800000000000002,,2.759999999999999,,2.759999999999999,,5.474039520137012,,4.602801267057657,,7.308219935359375,,1.910558442468755,,3.0134279495105147,0.02274921163916588,1.1827225534943864e-05,0.0011715856344380882,2.7775329798460007,0.18093451857566833,0.8692907094955444,0.13562723994255066,0.0031514479778707027,0.0695728212594986,0.32650700211524963,0.06583798676729202,8192,0.7286743521690369,4.4618096351623535,0.023550665006041527,44761088,47387,21856,1366,1.9135948,0.005406801017670659,0.0023110878573788796,-6.876669824123383,-15.851463,0.005624683629139327,0.0007901021424913778,-6.885202988982201,,,0.95,0.9,both,4.78453997920725,3.796251442649293,0.18027319687187343,0.0,10.210348,2207.2204650139383,1.9135948
274,1784861327.555814,,5.28,,5.28,,4.799999999999999,,4.799999999999999,,7.200000000000002,,7.200000000000002,,1.9800000000000002,,1.9800000000000002,,2.759999999999999,,2.759999999999999,,4.71144301071763,,4.395649294601753,,6.986816423013806,,1.723718106513843,,2.494723770301789,0.0165119469165802,-9.716152271721512e-05,0.00020527833248706884,2.778634950518608,0.11635162681341171,0.8759369254112244,0.08886515349149704,-0.04444146156311035,0.04181152582168579,0.26283857226371765,0.07827524840831757,8192,0.6386682391166687,4.062469959259033,0.030359594151377678,44924928,47552,21936,1371,10.8007765,0.006479870765906526,0.002625862018612679,-6.880201056599617,-7.5123467,0.004306082321272697,0.003834779137105215,-6.890600562095642,,,0.95,0.9,both,6.994464330488181,5.0469129812907525,0.1760283351007959,0.0,6.4972076,2152.870175833779,10.8007765
275,1784861400.463922,,5.28,,5.28,,4.799999999999999,,4.799999999999999,,7.200000000000002,,7.200000000000002,,1.9800000000000002,,1.9800000000000002,,2.759999999999999,,2.759999999999999,,5.610628358088434,,4.678468428552151,,7.493557682260871,,2.0645865167025477,,2.8189288713047063,0.021725047379732132,-0.0004119792897654406,0.0006881187418912305,2.7812601178884506,0.09798208624124527,0.9215089082717896,0.061131369322538376,0.011327013373374939,0.06005015969276428,0.3076198697090149,0.0816270112991333,8192,0.7304495573043823,4.533233642578125,0.013850211165845394,45088768,47720,22016,1376,1.7314873,0.004427788597968174,0.0048610076191835105,-6.88547674715519,-23.201456,0.004671543175209081,0.0013085694721667097,-6.893878385424614,,,0.95,0.9,both,4.485289414840393,5.09900266041762,0.1772751911276335,0.0,-14.813795,2247.212663121328,1.7314873
276,1784861474.9149215,,5.28,,5.28,,4.799999999999999,,4.799999999999999,,7.200000000000002,,7.200000000000002,,1.9800000000000002,,1.9800000000000002,,2.759999999999999,,2.759999999999999,,5.3037282936275005,,4.80066610313952,,7.253250477835536,,2.0230552218854427,,2.9599976069293916,0.01956782676279545,4.118430661037564e-05,0.0006899260447426059,2.7841380685567856,0.05665551871061325,0.8738207221031189,0.04806065186858177,0.02998274378478527,0.06166127696633339,0.24065639078617096,0.07852195203304291,8192,0.7216686606407166,4.4681396484375,0.010146990418434143,45252608,47884,22096,1381,10.329508,0.0035541624598408816,0.00469322959688725,-6.8700044572353365,-2.0538113,0.0031390050375193824,0.004231158686161507,-6.927269798517227,,,0.95,0.9,both,4.497205462513549,5.059848399386107,0.1805510799692257,0.0,-15.988623,2200.6418159979917,10.329508
277,1784861549.7853127,,5.28,,5.28,,4.799999999999999,,4.799999999999999,,7.200000000000002,,7.200000000000002,,1.9800000000000002,,1.9800000000000002,,2.759999999999999,,2.759999999999999,,5.678206122945994,,4.584411296993494,,7.276469446369447,,1.9634136827662587,,3.0034700934775174,0.022568106651306152,4.329813600634225e-05,0.001514030353519047,2.784470744431019,0.12140373885631561,0.798968493938446,0.07005451619625092,0.023714106529951096,0.07818738371133804,0.3259297013282776,0.07017538696527481,8192,0.6909797787666321,4.501194000244141,0.018383080139756203,45416448,48046,22176,1386,-8.171812,0.004685403452458559,0.002365676786575932,-6.917105799913406,4.2733545,0.0035073720457148736,0.0010346116643631831,-6.900846341252327,,,0.95,0.9,both,5.2486551050687735,5.071209481976559,0.20397366934539968,0.0,3.240694,2188.3149424120134,-8.171812
278,1784861623.5007522,,5.28,,5.28,,4.799999999999999,,4.799999999999999,,7.200000000000002,,7.200000000000002,,1.9800000000000002,,1.9800000000000002,,2.759999999999999,,2.759999999999999,,5.020136833190918,,4.226261034607887,,6.730914677493274,,1.7675982532091439,,2.6984550338238478,0.025445595383644104,-0.00619408639613539,0.0026293786886526505,2.787981338799,0.08554910868406296,1.011570930480957,0.05714252218604088,-0.006510794162750244,0.07947032153606415,0.24961957335472107,0.07490475475788116,8192,0.6615958213806152,4.0886735916137695,0.014392944052815437,45580288,48207,22256,1391,10.719404,0.0037874643938266674,0.004649852225702489,-6.9599360704421995,-15.209211,0.003731005469308002,0.0013979660849145147,-6.946537563204766,,,0.95,0.9,both,4.727560309783234,5.20737827589773,0.2715359576847768,0.0,-1.2570938,2222.6010701334926,10.719404
279,1784861695.1636162,,5.28,,5.28,,4.799999999999999,,4.799999999999999,,7.200000000000002,,7.200000000000002,,1.9800000000000002,,1.9800000000000002,,2.759999999999999,,2.759999999999999,,4.962895568460226,,4.600934064947069,,6.961545475758612,,1.9115298627875745,,2.7956666089594364,0.018403995782136917,1.6931313439272344e-05,0.0003204029321750568,2.78972277790308,0.12451931834220886,0.9071863293647766,0.08988490700721741,-0.03904253989458084,0.04483998939394951,0.2233821004629135,0.07358767837285995,8192,0.7055221199989319,4.246513843536377,0.013662180863320827,45744128,48370,22336,1396,10.409153,0.0044468197622336446,0.004220239480491728,-7.004484832286835,-1.2326896,0.003141922406211961,0.003034035589371342,-6.97707559466362,,,0.95,0.9,both,4.641389131603921,4.801790371395066,0.17621464147925348,0.0,-18.012453,2286.260727385144,10.409153
280,1784861766.431811,,5.28,,5.28,,4.799999999999999,,4.799999999999999,,7.200000000000002,,7.200000000000002,,1.9800000000000002,,1.9800000000000002,,2.759999999999999,,2.759999999999999,,4.838110308395699,,4.707878906745464,,6.897995239123702,,1.8851095153950155,,2.7934492817148566,0.01616518199443817,-0.0023211936349980533,0.0002291187856826582,2.791916474699974,0.13880948722362518,0.8717541098594666,0.09085754305124283,-0.027579909190535545,0.04369542375206947,0.23675058782100677,0.08165822923183441,8192,0.6761518716812134,4.224509239196777,0.008865929208695889,45907968,48531,22416,1401,10.161354,0.004712247083807597,0.0037075712672958614,-6.936238232254982,-0.028288532,0.003218521508097183,0.0029600846486573574,-6.978946816921234,,,0.95,0.9,both,4.436629039797018,5.155252156727402,0.21458709093778178,0.0,-17.159588,2298.9226902253154,10.161354
281,1784861839.5394547,,5.28,,5.28,,4.799999999999999,,4.799999999999999,,7.200000000000002,,7.200000000000002,,1.9800000000000002,,1.9800000000000002,,2.759999999999999,,2.759999999999999,,5.920685900375247,,4.972862780559808,,7.552038340596482,,2.1933199102059007,,3.1059517352550756,0.02104107104241848,-0.0023487750440835953,0.0018246290037495783,2.791812300682068,0.08245427161455154,0.8808215856552124,0.04460888355970383,0.009972264058887959,0.04974011331796646,0.2847388982772827,0.07798593491315842,8192,0.6034592390060425,4.748971462249756,0.01122147124260664,46071808,48691,22496,1406,10.492308,0.004132022445992334,0.007309270144469337,-6.966638761758804,-13.414917,0.0032064693892607465,0.0014342489906994161,-6.987005034089089,,,0.95,0.9,both,4.82840490021306,4.890877487245848,0.258976023819282,0.0,0.4209717,2241.0780556290406,10.492308
282,1784861912.6608205,,5.28,,5.28,,4.799999999999999,,4.799999999999999,,7.200000000000002,,7.200000000000002,,1.9800000000000002,,1.9800000000000002,,2.759999999999999,,2.759999999999999,,4.640561644919217,,4.22739885840565,,6.62369579821825,,1.6240599828306586,,2.455104986205697,0.020802561193704605,-0.002439150630380027,0.0005641100351567729,2.7947059124708176,0.10201607644557953,0.9518150687217712,0.04649139568209648,-0.021185122430324554,0.05848275497555733,0.2564507722854614,0.074056476354599,8192,0.5693519115447998,3.9141640663146973,0.010193213820457458,46235648,48854,22576,1411,11.130895,0.004154866696626414,0.004594063932017889,-6.946845778822899,-10.041599,0.0032414171742857433,0.0014537842020217796,-6.969651642441749,,,0.95,0.9,both,4.854920248263542,4.392241885476479,0.19508806422175218,0.0,-0.96662074,2240.658187662512,11.130895
283,1784861985.2180524,,5.28,,5.28,,4.799999999999999,,4.799999999999999,,7.200000000000002,,7.200000000000002,,1.9800000000000002,,1.9800000000000002,,2.759999999999999,,2.759999999999999,,5.229577288031578,,5.198622263385914,,7.088529608212411,,2.014324232004583,,2.713252170011401,0.023785755038261414,-0.002978485991661728,0.0009983460249713971,2.7974539771676064,0.09705343842506409,0.926324725151062,0.12107318639755249,-0.01264936476945877,0.06588418036699295,0.24906614422798157,0.07893978804349899,8192,0.6824053525924683,4.448861122131348,0.019965961575508118,46399488,49014,22656,1416,2.8074138,0.007593402589554899,0.0013112035463564097,-6.9305477976799015,1.6435854,0.0025924747751560062,0.002241814996523317,-6.9762072503566745,,,0.95,0.9,both,5.235339460703353,5.234710410032287,0.20351566550557937,0.0,1.5302185,2258.0795512148466,2.8074138
284,1784862056.619341,,5.28,,5.28,,4.799999999999999,,4.799999999999999,,7.200000000000002,,7.200000000000002,,1.9800000000000002,,1.9800000000000002,,2.759999999999999,,2.759999999999999,,4.709452487062663,,4.205679088830948,,7.046863664872944,,1.7246556734316982,,2.690916101448238,0.012409713119268417,-0.006887408439069986,0.0003814584777046548,2.800421640276909,0.08793285489082336,0.9100603461265564,0.056283123791217804,-0.022537678480148315,0.03625139966607094,0.23082004487514496,0.06125873327255249,8192,0.6417862176895142,4.0755133628845215,0.008986218832433224,46563328,49177,22736,1421,-14.793795,0.007047721328854095,0.002562340410077013,-6.954423198103905,1.5719887,0.003185206359194126,0.003453862134483643,-6.974663469195366,,,0.95,0.9,both,4.801879051263707,5.043898084318389,0.23496351992159203,0.0,-14.295431,2294.636715553263,-14.793795
285,1784862129.9911094,,5.28,,5.28,,4.799999999999999,,4.799999999999999,,7.200000000000002,,7.200000000000002,,1.9800000000000002,,1.9800000000000002,,2.759999999999999,,2.759999999999999,,5.57770074903965,,4.633202031254768,,7.5542745888233185,,2.1645479493308812,,2.880310559645295,0.025893142446875572,-5.613404209725559e-05,0.0006810402237533708,2.8028059154748917,0.11732719838619232,0.838403046131134,0.09514401853084564,0.009680316783487797,0.06716901808977127,0.28743988275527954,0.07762092351913452,8192,0.6963809728622437,4.562006950378418,0.00828513316810131,46727168,49339,22816,1426,2.7095528,0.006065935088554397,0.004434794822736876,-6.941872072219849,0.038323354,0.002127454758010572,0.0032671471097273754,-6.958056601881981,,,0.95,0.9,both,4.61117774661587,4.941254444810641,0.18300740266036464,0.0,4.874854,2233.0114044379347,2.7095528
286,1784862204.247079,,5.28,,5.28,,4.799999999999999,,4.799999999999999,,7.200000000000002,,7.200000000000002,,1.9800000000000002,,1.9800000000000002,,2.759999999999999,,2.759999999999999,,5.279382109642029,,4.790672764182091,,6.936237715184689,,1.9100343404570594,,2.7503424426540732,0.019318686798214912,-0.00028381326410453767,0.0005584465154697682,2.805458001792431,0.1115993857383728,0.9033787846565247,0.07918476313352585,-0.016785360872745514,0.04965481162071228,0.2799417972564697,0.06514071673154831,8192,0.7364905476570129,4.333333492279053,0.008304748684167862,46891008,49500,22896,1431,-6.2933226,0.006137050102552166,0.003711326891789213,-6.896169066429138,5.233236,0.00427486322587356,0.005715429554402363,-6.939163735508918,,,0.95,0.9,both,4.341917463975197,5.2488900514328245,0.16383765280077786,0.0,8.488092,2206.4217547866333,-6.2933226
287,1784862277.1699955,,5.28,,5.28,,4.799999999999999,,4.799999999999999,,7.200000000000002,,7.200000000000002,,1.9800000000000002,,1.9800000000000002,,2.759999999999999,,2.759999999999999,,4.568078112555668,,4.211525259539485,,6.663228631019592,,1.9413033910095692,,2.708846790716052,0.011594097130000591,-0.006455266964621842,0.00027887574037777085,2.810217499732971,0.1451374888420105,0.9351193904876709,0.1135716587305069,-0.0326908715069294,0.032810237258672714,0.23438087105751038,0.07034466415643692,8192,0.5753161311149597,4.018596172332764,0.009734496474266052,47054848,49662,22976,1436,-15.850607,0.006444785060011782,0.002747073739010375,-6.855032405257225,3.9582524,0.0046563921736378685,0.0025700131256598977,-6.87627709209919,,,0.95,0.9,both,4.146043810454048,4.452393114327547,0.24401501286665528,0.0,5.2910943,2246.756538902848,-15.850607
288,1784862350.0425313,,5.28,,5.28,,4.799999999999999,,4.799999999999999,,7.200000000000002,,7.200000000000002,,1.9800000000000002,,1.9800000000000002,,2.759999999999999,,2.759999999999999,,5.304903553798795,,4.4337019845843315,,7.0202527469955385,,1.7326192576438189,,2.7598604809027165,0.018722504377365112,-0.0001547333667986095,0.001030108382792605,2.814105287194252,0.16512706875801086,1.0394566059112549,0.09152879565954208,-0.011924022808670998,0.06625469774007797,0.31043434143066406,0.07316022366285324,8192,0.6673221588134766,4.250267505645752,0.012755303643643856,47218688,49825,23056,1441,1.5429584,0.005690656360820867,0.0037293446344847324,-6.842430281639099,-5.151826,0.004419206899910932,0.0020619608374545352,-6.8753233551979065,,,0.95,0.9,both,4.478591228134021,4.982808102009582,0.17604327256756258,0.0,5.8769484,2248.3087882658997,1.5429584
289,1784862421.5347366,,5.28,,5.28,,4.799999999999999,,4.799999999999999,,7.200000000000002,,7.200000000000002,,1.9800000000000002,,1.9800000000000002,,2.759999999999999,,2.759999999999999,,4.831520050764084,,4.7069181352853775,,6.985954868607223,,1.8262136848643422,,2.6926392121240497,0.018065188080072403,-4.362477920949459e-05,0.0008081577902885329,2.8168977722525597,0.1268923282623291,0.8990542888641357,0.11713200062513351,0.020577117800712585,0.05259223282337189,0.3466477692127228,0.07215721905231476,8192,0.7099436521530151,4.208649158477783,0.02875302918255329,47382528,49988,23136,1446,-6.7308745,0.0056368090103205756,0.0017409110769222025,-6.874966639280319,4.2845373,0.005820236822910374,0.0007783714616380166,-6.868085443973541,,,0.95,0.9,both,4.126699906194138,5.156857276351874,0.2140949628757134,0.0,-20.01077,2291.7183317154104,-6.7308745
290,1784862492.015686,,5.28,,5.28,,4.799999999999999,,4.799999999999999,,7.200000000000002,,7.200000000000002,,1.9800000000000002,,1.9800000000000002,,2.759999999999999,,2.759999999999999,,5.389646351337433,,5.437095507979393,,7.360003281966783,,1.9058224526233971,,2.6868108538910747,0.01647670939564705,-4.349005757831037e-05,0.0010151934275199892,2.819708302617073,0.13756324350833893,0.8442057371139526,0.0576457753777504,-0.014280802570283413,0.044916585087776184,0.18039639294147491,0.07767406105995178,8192,0.6751143932342529,4.555875778198242,0.008237573318183422,47546368,50153,23216,1451,-16.13987,0.0055579514359124,0.0019423909310717137,-6.853322130441666,-15.636767,0.0038689286047883797,0.0017595754048670641,-6.872748082876205,,,0.95,0.9,both,4.447484771797962,4.9478795444492665,0.24154803398593822,0.0,-9.391603,2324.5998605828045,-16.13987
291,1784862562.5541892,,5.28,,5.28,,4.799999999999999,,4.799999999999999,,7.200000000000002,,7.200000000000002,,1.9800000000000002,,1.9800000000000002,,2.759999999999999,,2.759999999999999,,5.240725668612868,,4.9013222344219685,,7.604370264336467,,2.15683382935822,,3.0149925677105784,0.01658772863447666,-0.0020406648000061978,0.00030152317140164087,2.82326253503561,0.07333341985940933,1.1777509450912476,0.05768422409892082,-0.008165612816810608,0.04317743331193924,0.23173199594020844,0.06845889985561371,8192,0.6754727363586426,4.583649158477783,0.012592745013535023,47710208,50317,23296,1456,11.035036,0.005252222911803983,0.0033550082298461348,-6.8678912073373795,-7.4733543,0.0033939952256332616,0.004167460407188628,-6.896530944108963,,,0.95,0.9,both,4.365492305374444,5.063799272487673,0.18483097495614775,0.0,-12.01949,2322.7029846399737,11.035036
292,1784862634.567428,,5.28,,5.28,,4.799999999999999,,4.799999999999999,,7.200000000000002,,7.200000000000002,,1.9800000000000002,,1.9800000000000002,,2.759999999999999,,2.759999999999999,,5.223886515013874,,4.3333693644963205,,7.286837415769696,,1.9504767102189362,,2.7366476971656084,0.021438201889395714,-0.00011702056508511305,0.002111592243636551,2.8260422721505165,0.13168494403362274,0.8796927332878113,0.0983363538980484,0.022870078682899475,0.054933734238147736,0.2549877166748047,0.06349677592515945,8192,0.7081294059753418,4.306243419647217,0.009643224067986012,47874048,50477,23376,1461,1.7315705,0.0051750922059,0.0031564587057800963,-6.874051153659821,-14.245142,0.004056825189763913,0.0033596877605305054,-6.912902462482452,,,0.95,0.9,both,4.305183587052838,4.964396818242591,0.26741955511346716,0.0,-16.442377,2275.138735540093,1.7315705
293,1784862709.0204391,,5.28,,5.28,,4.799999999999999,,4.799999999999999,,7.200000000000002,,7.200000000000002,,1.9800000000000002,,1.9800000000000002,,2.759999999999999,,2.759999999999999,,4.773213666165248,,4.196464305743575,,7.471178945153952,,2.0120409694500268,,2.5928722105454654,0.012357115745544434,-0.001690868009973201,0.00029698687512791366,2.8290123715996742,0.08445900678634644,1.0168079137802124,0.05655580013990402,-0.00703020952641964,0.0355648547410965,0.30671873688697815,0.07713107764720917,8192,0.6193865537643433,4.20915412902832,0.011276815086603165,48037888,50637,23456,1466,1.7702341,0.004795786191243679,0.003242997526831459,-6.887273514270783,-15.597754,0.0035749316884903237,0.0014594175925594754,-6.92058697938919,,,0.95,0.9,both,4.425663467798451,4.54732693043416,0.19073048071202914,0.0,-0.7291797,2200.581874703239,1.7702341
294,1784862781.9768617,,5.28,,5.28,,4.799999999999999,,4.799999999999999,,7.200000000000002,,7.200000000000002,,1.9800000000000002,,1.9800000000000002,,2.759999999999999,,2.759999999999999,,4.8890682607889175,,5.053693864960223,,7.295999363064766,,1.8099334007129073,,2.684895190759562,0.015077406540513039,7.312264642678201e-06,0.00023767784239225875,2.8302130550146103,0.08387386798858643,0.9594611525535583,0.04216477647423744,-0.014933326281607151,0.040088802576065063,0.28362247347831726,0.07908818870782852,8192,0.6861234903335571,4.3467183113098145,0.009985276497900486,48201728,50797,23536,1471,10.452502,0.00405764683309826,0.0028791344491764905,-6.901053181290626,2.9409556,0.0027199562115129083,0.0021531416379730215,-6.922811686992645,,,0.95,0.9,both,4.6708206414715505,5.095677929346174,0.1370686566187928,0.0,7.6032205,2245.723555294971,10.452502
295,1784862854.7874432,,5.28,,5.28,,4.799999999999999,,4.799999999999999,,7.200000000000002,,7.200000000000002,,1.9800000000000002,,1.9800000000000002,,2.759999999999999,,2.759999999999999,,5.535133798606694,,4.41699405797408,,7.119006026536226,,1.9174452740699053,,2.630405619274825,0.019523408263921738,-0.0005435549246612936,0.0010798619236993545,2.8330873772501945,0.3257324695587158,0.8601890802383423,0.4827314615249634,0.02724573388695717,0.06856624782085419,0.41311508417129517,0.07327286154031754,8192,0.6846959590911865,4.32379674911499,0.0711870789527893,48365568,50959,23616,1476,-6.787402,0.007539092372462619,0.002929706972645363,-6.93867760002613,-19.39252,0.0063977572397561746,0.0011679195187753067,-6.945787924528122,,,0.95,0.9,both,4.648147295913044,6.631829635329211,0.1830145679586328,0.0,6.2030373,2250.2222396443403,-6.787402
296,1784862928.8449657,,5.28,,5.28,,4.799999999999999,,4.799999999999999,,7.200000000000002,,7.200000000000002,,1.9800000000000002,,1.9800000000000002,,2.759999999999999,,2.759999999999999,,5.084975838661194,,4.780343528604135,,7.209008212434128,,1.879478125832975,,2.81309248926118,0.017335157841444016,4.3311709305271506e-05,0.0005870112372576841,2.83311378210783,0.05477794632315636,0.9796338081359863,0.04828266799449921,-0.026432838290929794,0.04200919717550278,0.2941235601902008,0.07626627385616302,8192,0.7157812714576721,4.353379249572754,0.016305046156048775,48529408,51121,23696,1481,10.688046,0.0039014890022372128,0.0036679184588138012,-6.966207590699196,4.419497,0.002650599011030863,0.002620167116401717,-6.907109826803207,,,0.95,0.9,both,4.803521733441171,4.896500312130607,0.14900918953414338,0.0,2.6728883,2212.334528521725,10.688046
297,1784863002.6260917,,5.28,,5.28,,4.799999999999999,,4.799999999999999,,7.200000000000002,,7.200000000000002,,1.9800000000000002,,1.9800000000000002,,2.759999999999999,,2.759999999999999,,4.629706049337983,,4.620061058551073,,6.744223858229816,,1.7295172587037086,,2.3888333905488253,0.010364184156060219,1.6423786291852593e-05,0.0015423211839333817,2.837049573659897,0.16290104389190674,1.05495285987854,0.09880035370588303,-0.023728273808956146,0.04256593436002731,0.2674131989479065,0.0711665004491806,8192,0.6149023771286011,4.022468566894531,0.00677131861448288,48693248,51282,23776,1486,-6.580809,0.005448875522415619,0.0031045823954627847,-6.9474718272686005,-10.00111,0.005179760049213655,0.0007929162668006029,-6.97819162607193,,,0.95,0.9,both,4.771015936556847,4.191351497298582,0.21541782110690963,0.0,5.081189,2220.6219347058327,-6.580809
298,1784863075.846209,,5.28,,5.28,,4.799999999999999,,4.799999999999999,,7.200000000000002,,7.200000000000002,,1.9800000000000002,,1.9800000000000002,,2.759999999999999,,2.759999999999999,,5.232033708365634,,4.033141501247883,,7.0440344689413905,,1.6284036431461573,,2.5079978229478,0.021322524175047874,6.080039020162076e-05,0.0008034944989958603,2.8379403799772263,0.10694088786840439,0.9298388957977295,0.11713012307882309,0.04357483237981796,0.06236349791288376,0.28099775314331055,0.0727250799536705,8192,0.6321580410003662,4.089122295379639,0.00684221601113677,48857088,51443,23856,1491,10.557299,0.005124501712271012,0.0059980216858093625,-6.918524557352066,-15.166037,0.0040015005753957665,0.00100711880295421,-7.002829959988594,,,0.95,0.9,both,4.788609666144663,4.206689134574738,0.20115078957986499,0.0,8.571539,2237.6370510216007,10.557299
299,1784863149.4933448,,5.28,,5.28,,4.799999999999999,,4.799999999999999,,7.200000000000002,,7.200000000000002,,1.9800000000000002,,1.9800000000000002,,2.759999999999999,,2.759999999999999,,5.33515406306833,,4.271238311193883,,6.838129555806518,,1.965176499914378,,2.6547967488877475,0.022261954843997955,-0.00020007875355076976,0.001550254299218068,2.84137911349535,0.07713084667921066,0.9458935260772705,0.036435991525650024,0.042064469307661057,0.06964349001646042,0.2781030833721161,0.07526347041130066,8192,0.6800381541252136,4.212899208068848,0.009198358282446861,49020928,51603,23936,1496,10.893979,0.004363272945920471,0.004983065009582788,-6.933310624957085,-5.7509527,0.002855151629410102,0.002036988813051721,-6.979290595650673,,,0.95,0.9,both,4.967891256955952,5.0045309546108445,0.20914500599507824,0.0,2.022902,2224.661532996824,10.893979
300,1784863223.752377,,5.28,,5.28,,4.799999999999999,,4.799999999999999,,7.200000000000002,,7.200000000000002,,1.9800000000000002,,1.9800000000000002,,2.759999999999999,,2.759999999999999,,5.135189574211836,,4.521330384537578,,7.4575782609172165,,1.777778523042798,,2.87059408146888,0.02599712274968624,-0.0003190664283465594,0.0011942304572585272,2.845369540154934,0.08103647828102112,1.155817985534668,0.06787793338298798,0.020966198295354843,0.08010828495025635,0.26235800981521606,0.06363856792449951,8192,0.7039805054664612,4.352494239807129,0.007425174117088318,49184768,51763,24016,1501,11.077978,0.003955602156202076,0.004162530125904595,-6.915549719333649,-2.9135597,0.00376235707080923,0.0037651153892511503,-6.964044377207756,,,0.95,0.9,both,4.271954523860846,4.837807174852891,0.17233099990416278,0.0,8.696138,2206.3326793941296,11.077978
301,1784863296.7070222,,5.28,,5.28,,4.799999999999999,,4.799999999999999,,7.200000000000002,,7.200000000000002,,1.9800000000000002,,1.9800000000000002,,2.759999999999999,,2.759999999999999,,4.72241067327559,,4.384955985471606,,7.022395918145776,,1.783047609962523,,2.556645733769983,0.021981168538331985,-0.0008119698031805456,0.000625728443992557,2.8463661819696426,0.0895947813987732,0.9800847172737122,0.08054495602846146,0.00030536018311977386,0.06364579498767853,0.26513907313346863,0.06266221404075623,8192,0.661279559135437,4.093891143798828,0.007042319979518652,49348608,51923,24096,1506,5.9780827,0.004553474311614991,0.004865917561983224,-6.913303557038307,5.5914884,0.0035629881764180026,0.0017557404586113988,-6.956727674603462,,,0.95,0.9,both,5.046376942660946,4.947212335313115,0.16782945657299753,0.0,4.6795135,2245.7772370677826,5.9780827
302,1784863370.6580915,,5.28,,5.28,,4.799999999999999,,4.799999999999999,,7.200000000000002,,7.200000000000002,,1.9800000000000002,,1.9800000000000002,,2.759999999999999,,2.759999999999999,,5.000740346964449,,5.2097758571617305,,6.958308946341276,,1.9532697247341275,,2.679629660095088,0.014623015187680721,-0.0009168384713120759,0.00015035643286864797,2.8478930965065956,0.10487915575504303,1.0276081562042236,0.07119996845722198,-0.03565717115998268,0.03804611414670944,0.24514544010162354,0.07448238134384155,8192,0.6599724888801575,4.360344886779785,0.01090252585709095,49512448,52083,24176,1511,-0.38655624,0.0057194327288016215,0.0035237484975368717,-6.915942698717117,-5.157552,0.002957814635738032,0.0007497121368942317,-6.916110700368881,,,0.95,0.9,both,4.777477771759995,4.955652628134975,0.17638292130977867,0.0,0.33767408,2215.5195700114655,-0.38655624
303,1784863446.7530363,,5.28,,5.28,,4.799999999999999,,4.799999999999999,,7.200000000000002,,7.200000000000002,,1.9800000000000002,,1.9800000000000002,,2.759999999999999,,2.759999999999999,,4.875001564621925,,4.792821351438761,,7.144251309335232,,1.8487238181987777,,2.6353833067114465,0.016174299642443657,-0.00011698139132931828,0.0005560954382417549,2.848699703812599,0.09251698851585388,0.9028358459472656,0.06926411390304565,0.03476319834589958,0.052834779024124146,0.27307629585266113,0.0694219097495079,8192,0.7193949818611145,4.2592363357543945,0.010724596679210663,49676288,52244,24256,1516,10.324409,0.004349650583753828,0.0027298950524709655,-6.913008496165276,-5.5288877,0.0034548546609585173,0.0032190517682465724,-6.924143931269645,,,0.95,0.9,both,4.424483340234933,4.7573860625338344,0.14638719561325053,0.0,0.30450654,2153.0989952607333,10.324409
304,1784863521.9954348,,5.28,,5.28,,4.799999999999999,,4.799999999999999,,7.200000000000002,,7.200000000000002,,1.9800000000000002,,1.9800000000000002,,2.759999999999999,,2.759999999999999,,5.17495976088685,,5.069024875760078,,7.1756014339625835,,1.908425277331844,,2.6675998992286623,0.0179420318454504,-0.0001954075414687395,0.000912416070150357,2.848671443760395,0.06598028540611267,0.8769678473472595,0.04945358261466026,-0.02397538721561432,0.06375934928655624,0.20068359375,0.058968979865312576,8192,0.7032764554023743,4.39912223815918,0.008339323103427887,49840128,52405,24336,1521,11.103204,0.004244679611292668,0.003919866260548588,-6.902764847874641,8.646468,0.004058249358058675,0.0019728934661543463,-6.948365253210068,,,0.95,0.9,both,4.575625571878429,4.563734360813827,0.16607701878905373,0.0,2.9700186,2177.495683282458,11.103204
305,1784863583.50659,,5.28,,5.28,,4.799999999999999,,4.799999999999999,,7.200000000000002,,7.200000000000002,,1.9800000000000002,,1.9800000000000002,,2.759999999999999,,2.759999999999999,,5.0397485450375825,,4.5100409388542175,,6.841798096895218,,1.9010130036622286,,2.8368348758667707,0.03401512652635574,-0.0016228419990511611,0.001586255330039421,2.8500236719846725,0.07922524213790894,0.8738223314285278,0.039776019752025604,0.06220139563083649,0.09962160885334015,0.21987196803092957,0.06770002841949463,8192,0.7346807718276978,4.225886821746826,0.012774959206581116,49971200,52534,24400,1525,10.27851,0.004305896833102452,0.004523385918582789,-6.886718112230301,-4.847472,0.002659785723881214,0.002357172111805994,-6.95189323425293,,,0.95,0.9,both,4.739141475594108,4.946399734967452,0.21418513114073306,0.0,2.762657,2663.582412596678,10.27851
