# _tick,_time,plr_track_ground_roughness,track_ground_roughness,plr_track_student_ground_roughness,track_student_ground_roughness,plr_track_pit_gap_low,track_pit_gap_low,plr_track_student_pit_gap_low,track_student_pit_gap_low,plr_track_pit_gap_high,track_pit_gap_high,plr_track_student_pit_gap_high,track_student_pit_gap_high,plr_track_stump_height_low,track_stump_height_low,plr_track_student_stump_height_low,track_student_stump_height_low,plr_track_stump_height_high,track_stump_height_high,plr_track_student_stump_height_high,track_student_stump_height_high,plr_track_ued_ground_roughness,track_ued_ground_roughness,plr_track_ued_pit_gap_low,track_ued_pit_gap_low,plr_track_ued_pit_gap_high,track_ued_pit_gap_high,plr_track_ued_stump_height_low,track_ued_stump_height_low,plr_track_ued_stump_height_high,track_ued_stump_height_high,mean_env_return,adversary_env_pg_loss,adversary_env_value_loss,adversary_env_dist_entropy,dces_l_pi,dces_l_delta,dces_l_tot,dces_q_delta,dces_q_delta_std,dces_w1,dces_w2,dces_buf,dces_c_std,dces_c_absmean,dces_reg_std,steps,total_episodes,total_seeds,total_student_grad_updates,mean_agent_return,agent_value_loss,agent_pg_loss,agent_dist_entropy,mean_adversary_agent_return,adversary_value_loss,adversary_pg_loss,adversary_dist_entropy,kl_loss_advagent_agent,kl_loss_agent_advagent,dps_lambda_skill,dps_lambda_target,dps_mode,agent_grad_norm,adversary_grad_norm,adversary_env_grad_norm,solved_rate:BipedalWalker-MADS-POET-Rose-3a-Eval-v0,test_returns:BipedalWalker-MADS-POET-Rose-3a-Eval-v0,sps,target_agent_return
0,1784864650.1787186,,5.28,,5.28,,4.799999999999999,,4.799999999999999,,7.200000000000002,,7.200000000000002,,1.9800000000000002,,1.9800000000000002,,2.759999999999999,,2.759999999999999,,4.993122730404139,,4.268607584061101,,6.810983689501882,,1.8662524805404246,,2.6041649625403807,0.0011779031483456492,0.0019002838234882802,0.276283280167263,1.4180210195481777,1.0233932733535767,0.0,1.0129903554916382,0.026659654453396797,0.0029779064934700727,0.8231419324874878,0.6987764239311218,16,0.4747072160243988,4.108626365661621,0.15955045819282532,32768,204,16,1,-110.185196,0.3270708599127829,-0.002700853506394196,5.666026994585991,-133.00696,0.1583878152538091,-0.003433381235663546,5.670433151721954,,,0.95,0.9,c2n,0.3675583419989586,0.35137995456227705,2.4698577104944412,0.0,-103.06545,2137.2974787369435,-110.185196
1,1784864729.5781302,,5.28,,5.28,,4.799999999999999,,4.799999999999999,,7.200000000000002,,7.200000000000002,,1.9800000000000002,,1.9800000000000002,,2.759999999999999,,2.759999999999999,,4.55125916749239,,4.004303388297558,,6.4315241212025285,,1.6425302783027291,,2.388637814670801,0.0008354551391676068,0.0011004265543306246,0.012815013913495932,1.4226403385400772,0.9932932257652283,0.9315544962882996,0.9631413221359253,-0.02054497040808201,0.0022684975992888212,0.7923184633255005,0.7015169858932495,96,0.27764445543289185,3.8036506175994873,0.08593906462192535,196608,715,96,6,-125.18617,0.07424083205405622,-0.002853887085802853,5.612911024689675,-162.09273,0.06635892195627094,-0.0029853704021661543,5.6538057059049605,,,0.95,0.9,c2n,0.2986070164549027,0.3463002488238951,0.9796710418133505,0.0,-127.023315,2063.4920560170744,-125.18617
2,1784864805.294505,,5.28,,5.28,,4.799999999999999,,4.799999999999999,,7.200000000000002,,7.200000000000002,,1.9800000000000002,,1.9800000000000002,,2.759999999999999,,2.759999999999999,,5.31678773072781,,4.985829148907214,,7.384013612987474,,2.0873972440022044,,2.8578654649900272,0.0067845494486391544,-0.004715464721812168,0.01793423545677797,1.433778326958418,0.9578579664230347,0.9232805371284485,0.8914381265640259,-0.03088483028113842,0.01706400327384472,0.828375518321991,0.6953972578048706,176,0.5287060141563416,4.526378154754639,0.033490657806396484,360448,1078,176,11,-127.5746,0.0370116560254246,-0.002988720814755652,5.533564704656601,-125.20316,0.022836694796569645,-0.004048121217056178,5.56743116080761,,,0.95,0.9,c2n,0.2460328865930544,0.3521150674602042,1.26110164863507,0.0,-119.38298,2163.864996554607,-127.5746
3,1784864883.497944,,5.28,,5.28,,4.799999999999999,,4.799999999999999,,7.200000000000002,,7.200000000000002,,1.9800000000000002,,1.9800000000000002,,2.759999999999999,,2.759999999999999,,5.529395907884464,,4.995818421710283,,7.499297567643225,,2.2235726213548332,,2.9817407638765867,0.01692272536456585,-0.007030849100601699,0.05289167592127342,1.4429940320551395,0.9195334315299988,0.9217177629470825,0.8586358428001404,0.047772713005542755,0.0443863682448864,1.00862717628479,0.6777782440185547,256,0.4685215950012207,4.645965099334717,0.026720812544226646,524288,1419,256,16,-129.16379,0.037168416392523794,-0.002870792895555496,5.479672059416771,-129.53331,0.02531819701544009,-0.002820447123667691,5.403621330857277,,,0.95,0.9,c2n,0.24443106229428074,0.37456415256896225,1.4250049134188223,0.0,-133.14326,2095.0482494628,-129.16379
4,1784864961.857159,,5.28,,5.28,,4.799999999999999,,4.799999999999999,,7.200000000000002,,7.200000000000002,,1.9800000000000002,,1.9800000000000002,,2.759999999999999,,2.759999999999999,,5.067914288723841,,4.393005291000009,,6.697962316684425,,1.819895569467917,,2.5133695425465703,0.027626551687717438,-0.009066197439096868,0.16265983492485248,1.4534547068178654,0.8752608895301819,0.9124937653541565,0.7104336023330688,-0.0492338128387928,0.08603329211473465,1.3821449279785156,0.5930173397064209,336,0.5031672716140747,4.098429203033447,0.02223927341401577,688128,1656,336,21,-143.64102,0.02573356785578653,-0.003432971004076535,5.251803290843964,-124.97805,0.0230902417039033,-0.002785519094322808,5.237806341052055,,,0.95,0.9,c2n,0.2634218817397576,0.4069807235260872,1.8705606340391245,0.0,-127.38818,2090.883654210402,-143.64102
5,1784865039.4200025,,5.28,,5.28,,4.799999999999999,,4.799999999999999,,7.200000000000002,,7.200000000000002,,1.9800000000000002,,1.9800000000000002,,2.759999999999999,,2.759999999999999,,5.106297499500215,,4.530929662520066,,7.056123863440007,,1.8745174618670717,,2.739911921089515,0.023440159857273102,-0.0039072277140803635,0.06461651121207979,1.4600389786064625,0.7498354911804199,0.9092562794685364,0.5641598701477051,0.014526586048305035,0.06576521694660187,1.7212752103805542,0.5255106091499329,416,0.5111739039421082,4.2615556716918945,0.02912641502916813,851968,1866,416,26,-130.24599,0.03479452537139878,-0.0035027518912102095,5.075874742865563,-138.99443,0.018701835040701553,-0.0019424122889176942,5.059638354182243,,,0.95,0.9,c2n,0.2876882672976805,0.42543192399395446,1.5554306165465739,0.0,-128.57768,2112.351627175284,-130.24599
6,1784865119.9270222,,5.28,,5.28,,4.799999999999999,,4.799999999999999,,7.200000000000002,,7.200000000000002,,1.9800000000000002,,1.9800000000000002,,2.759999999999999,,2.759999999999999,,5.590518924203934,,5.288898901082575,,7.474513021297753,,2.1472085777204484,,2.909951066103531,0.04316002503037453,-0.0023969277735886863,0.06797996534442063,1.4603943526744843,0.7484183311462402,0.8967621922492981,0.5798055529594421,-0.015602726489305496,0.11979559808969498,1.6942121982574463,0.48742422461509705,496,0.4703797399997711,4.682218074798584,0.018298031762242317,1015808,2045,496,31,-125.455505,0.011475331461406313,-0.0019439946190686896,4.863941738009453,-133.18503,0.014103732496732847,-0.0025325484333734495,4.8655892491340635,,,0.95,0.9,c2n,0.3783085065381206,0.4635229223159735,1.2574878856465876,0.0,-124.03853,2035.1022682989944,-125.455505
7,1784865198.6296804,,5.28,,5.28,,4.799999999999999,,4.799999999999999,,7.200000000000002,,7.200000000000002,,1.9800000000000002,,1.9800000000000002,,2.759999999999999,,2.759999999999999,,5.167110195150599,,4.946286930004135,,7.5632072212174535,,1.9883632521959953,,2.665538371889852,0.08139268308877945,-0.00030911454814486206,0.007700510381255299,1.4686568304896355,0.6272354125976562,0.9284756183624268,0.6384195685386658,-0.08317478001117706,0.22344402968883514,1.6896082162857056,0.37045013904571533,576,0.5618189573287964,4.466101169586182,0.01751466654241085,1179648,2216,576,36,-129.08804,0.013736073690233752,-0.0021488455880898983,4.6415894508361815,-128.6556,0.013048440215061418,-0.0022360817485605365,4.642925471067429,,,0.95,0.9,c2n,0.43130056021948915,0.5488471098311185,0.960206696078405,0.0,-126.015236,2081.7592701622866,-129.08804
8,1784865277.6561708,,5.28,,5.28,,4.799999999999999,,4.799999999999999,,7.200000000000002,,7.200000000000002,,1.9800000000000002,,1.9800000000000002,,2.759999999999999,,2.759999999999999,,5.169532079220517,,4.971455222927034,,7.306072092724207,,1.88356032082811,,2.912933343061013,0.08240623772144318,0.00020449422299861908,0.013379309049923904,1.4721069484949112,0.59641033411026,0.8513501286506653,0.43251943588256836,0.03668435662984848,0.21082669496536255,1.5779070854187012,0.33230188488960266,656,0.48179203271865845,4.4487104415893555,0.013786116614937782,1343488,2379,656,41,-118.58891,0.01749956328421831,-0.0015387805557111277,4.38816676735878,-118.53235,0.009752563244546764,-0.0016231079513090662,4.391612192988395,,,0.95,0.9,c2n,0.4565424763806816,0.5565830370898219,0.8973504645575082,0.0,-113.14382,2073.228785513093,-118.58891
9,1784865355.3090022,,5.28,,5.28,,4.799999999999999,,4.799999999999999,,7.200000000000002,,7.200000000000002,,1.9800000000000002,,1.9800000000000002,,2.759999999999999,,2.759999999999999,,5.817686281632632,,5.284332928713411,,7.315938798245043,,2.12075005332008,,3.0247492608614266,0.0811232179403305,0.0013707969264942221,0.02486818569013849,1.4787754081189632,0.6848924160003662,0.8726237416267395,0.580349862575531,0.22135621309280396,0.19665126502513885,1.320073127746582,0.31000110507011414,736,0.4494484066963196,4.712691307067871,0.01336510106921196,1507328,2540,736,46,-109.47605,0.014245654712431133,-0.0010792790664709174,4.209254595637321,-114.82955,0.010289525214466267,-0.001649783831089735,4.152372440695762,,,0.95,0.9,c2n,0.5280917033450467,0.606305527409204,1.106023906190435,0.0,-118.369064,2109.9038073553434,-109.47605
10,1784865434.2074308,,5.28,,5.28,,4.799999999999999,,4.799999999999999,,7.200000000000002,,7.200000000000002,,1.9800000000000002,,1.9800000000000002,,2.759999999999999,,2.759999999999999,,5.847770151682198,,5.170411042869091,,7.61408292548731,,2.320947454951238,,3.030539640923962,0.03524398058652878,-0.00259240205923561,0.004366986731838551,1.484371803700924,0.48463961482048035,0.9218989610671997,0.3631010055541992,-0.14659550786018372,0.09597214311361313,1.2923486232757568,0.28203970193862915,816,0.40874534845352173,4.796750545501709,0.0073025221936404705,1671168,2703,816,51,-108.26201,0.014523374792770483,-0.001988394013460493,3.9782360404729844,-110.96623,0.012754907141788863,-0.0022321159500279463,3.9119604766368865,,,0.95,0.9,c2n,0.5561264751835809,0.588242751696,0.8108063049274139,0.0,-106.78706,2076.594080100547,-108.26201
11,1784865512.4950144,,5.28,,5.28,,4.799999999999999,,4.799999999999999,,7.200000000000002,,7.200000000000002,,1.9800000000000002,,1.9800000000000002,,2.759999999999999,,2.759999999999999,,5.554610764142126,,4.931221865583211,,7.502673295792192,,2.293854498770088,,2.9891926479758695,0.05133439227938652,-0.010095152867961588,0.0023799833506927826,1.498859941959381,0.3980509638786316,0.8445112705230713,0.2557469308376312,0.17806510627269745,0.1288277506828308,1.0188807249069214,0.30781638622283936,896,0.49273377656936646,4.65431022644043,0.003707052208483219,1835008,2868,896,56,-102.51249,0.01307075510849245,-0.0017714776564389466,3.69010970890522,-108.114136,0.00738949596270686,-0.0020190331211779266,3.64971267580986,,,0.95,0.9,c2n,0.607384348080676,0.6976321162546884,0.603298835905385,0.0,-102.70857,2092.796519057668,-102.51249
12,1784865587.3810303,,5.28,,5.28,,4.799999999999999,,4.799999999999999,,7.200000000000002,,7.200000000000002,,1.9800000000000002,,1.9800000000000002,,2.759999999999999,,2.759999999999999,,5.5433124871051405,,5.0551989353843965,,7.803395328111947,,2.1804040995630203,,2.9848427921533585,0.03342222422361374,-0.007272158254636452,0.0014776348007217166,1.5202603377401829,0.32217103242874146,0.9522359371185303,0.19473758339881897,0.047497354447841644,0.08815033733844757,1.093724012374878,0.278087317943573,976,0.45479387044906616,4.713430881500244,0.005673450883477926,1998848,3034,976,61,-100.60676,0.01656651423545554,-0.0007752262390567921,3.437843756377697,-104.621704,0.00770155420032097,-0.0017787582080927677,3.369359239935875,,,0.95,0.9,c2n,0.6909955087659874,0.7796871523384528,0.6496404456361515,0.0,-98.42212,2187.8586173180797,-100.60676
13,1784865663.4455256,,5.28,,5.28,,4.799999999999999,,4.799999999999999,,7.200000000000002,,7.200000000000002,,1.9800000000000002,,1.9800000000000002,,2.759999999999999,,2.759999999999999,,4.994536375626922,,4.679408296884503,,6.945993972942233,,1.8640723687713034,,2.5780559197592083,0.06713002920150757,-0.014443362364545465,0.021999465781846084,1.5153305046260357,0.42129671573638916,0.7867012619972229,0.2707247734069824,-0.0807676762342453,0.18836699426174164,0.8218419551849365,0.2840625047683716,1056,0.499236524105072,4.212413311004639,0.004814879968762398,2162688,3198,1056,66,-94.65135,0.008085406250029337,-0.0022917309222975748,3.201515828073025,-97.44434,0.006462138389179017,-0.0013637552430736833,3.0784855887293814,,,0.95,0.9,c2n,0.7568293970842552,0.8627672910045675,0.9166610299902593,0.0,-95.45685,2153.9615793191133,-94.65135
14,1784865739.716513,,5.28,,5.28,,4.799999999999999,,4.799999999999999,,7.200000000000002,,7.200000000000002,,1.9800000000000002,,1.9800000000000002,,2.759999999999999,,2.759999999999999,,4.964215598534793,,4.559387388639152,,7.151194150559604,,1.7558630052953959,,2.6596664699027315,0.04094379395246506,-0.0016754770185798407,0.05756859402754344,1.5321226380765438,0.47082215547561646,0.8015370965003967,0.4180172085762024,-0.16958101093769073,0.11108607798814774,0.9230465888977051,0.2541203498840332,1136,0.518166720867157,4.21806526184082,0.017522940412163734,2326528,3359,1136,71,-89.50634,0.006251933251041919,-0.0018136734695872291,2.8817448139190676,-90.74217,0.008229190940619446,-0.001753174226905685,2.7517916306853296,,,0.95,0.9,c2n,0.8654318039263534,0.9168633320635358,1.4291961201157006,0.0,-89.24117,2148.1303313528824,-89.50634
15,1784865816.969576,,5.28,,5.28,,4.799999999999999,,4.799999999999999,,7.200000000000002,,7.200000000000002,,1.9800000000000002,,1.9800000000000002,,2.759999999999999,,2.759999999999999,,4.971568681765348,,4.467131877318025,,6.909275543875992,,1.91119613382034,,2.475927237654105,0.07041813433170319,-0.00013989619765197858,0.012046011070196982,1.5393444672226906,0.4417073726654053,0.8625322580337524,0.352055162191391,0.08661019802093506,0.1643860787153244,0.8166450262069702,0.24064423143863678,1216,0.4954291880130768,4.147019863128662,0.011785506270825863,2490368,3521,1216,76,-86.446655,0.009214669538778253,-0.000931849074549973,2.565392588078976,-89.88019,0.010975714909727685,-0.002401711221318692,2.4495887964963914,,,0.95,0.9,c2n,0.9082742249005836,0.9699769462127972,0.878113386982031,0.0,-82.916855,2120.8230903247504,-86.446655
16,1784865893.5821967,,5.28,,5.28,,4.799999999999999,,4.799999999999999,,7.200000000000002,,7.200000000000002,,1.9800000000000002,,1.9800000000000002,,2.759999999999999,,2.759999999999999,,4.990242386702448,,4.669882892630994,,6.93540055421181,,1.8033299650996923,,2.5975618411321193,0.046943243592977524,0.0004641176055883989,0.002196201520746399,1.5467038825154305,0.4454915225505829,0.8541114926338196,0.39210548996925354,0.01877041906118393,0.10938248783349991,0.9046034812927246,0.21819207072257996,1296,0.5483466386795044,4.199283599853516,0.014753645285964012,2654208,3685,1296,81,-82.42595,0.01074354377342388,0.00012478181088226847,2.2727356165647508,-80.13776,0.00895053071435541,-0.002112533630861435,2.1718010276556017,,,0.95,0.9,c2n,0.9799591167696539,0.9952417844596182,0.6192331313105142,0.0,-76.207825,2138.5495525829238,-82.42595
17,1784865967.9859545,,5.28,,5.28,,4.799999999999999,,4.799999999999999,,7.200000000000002,,7.200000000000002,,1.9800000000000002,,1.9800000000000002,,2.759999999999999,,2.759999999999999,,5.087680584052578,,4.930753610096872,,6.893960820394568,,1.979228214127943,,2.681593220855575,0.08111673593521118,5.787759437225759e-05,0.041535620810464025,1.5468949191272259,0.6622774600982666,0.7750287652015686,0.5693030953407288,-0.08335571736097336,0.2009628266096115,0.8504627346992493,0.2103741317987442,1376,0.48738154768943787,4.314643383026123,0.014457276090979576,2818048,3847,1376,86,-73.397224,0.0091070885406225,-0.0029394908800895792,1.9587210699915887,-91.23027,0.01009945044934284,-0.0018027998798061163,1.896706147491932,,,0.95,0.9,c2n,0.880807530905542,1.0876646372509107,1.0029942906361442,0.0,-79.23818,2202.0394059736736,-73.397224
18,1784866043.1820288,,5.28,,5.28,,4.799999999999999,,4.799999999999999,,7.200000000000002,,7.200000000000002,,1.9800000000000002,,1.9800000000000002,,2.759999999999999,,2.759999999999999,,4.902537965215743,,4.434135055169463,,6.882607747800648,,1.7235592381330207,,2.4990466421004385,0.13192853331565857,-0.0003558802418410778,0.09116767483646981,1.5451328232884407,0.5667612552642822,0.8714810609817505,0.519569456577301,-0.4847071170806885,0.33401718735694885,0.7653469443321228,0.19189335405826569,1456,0.4970896244049072,4.088377475738525,0.022636471316218376,2981888,4012,1456,91,-68.69212,0.007409391326655168,-0.0007141465495806188,1.6510469906032086,-88.780075,0.010357103435671889,-0.0019598962397139987,1.6832497276365757,,,0.95,0.9,c2n,1.2152816306672027,1.1767293735755593,1.3927126611959881,0.0,-71.5539,2178.8369961547614,-68.69212
19,1784866118.060415,,5.28,,5.28,,4.799999999999999,,4.799999999999999,,7.200000000000002,,7.200000000000002,,1.9800000000000002,,1.9800000000000002,,2.759999999999999,,2.759999999999999,,5.497295485343784,,4.942620015353896,,7.575163305737078,,2.037209465634078,,2.8178730764775537,0.014197414740920067,-0.004028853581985459,0.006349880852212664,1.5565165393054485,0.4268174469470978,0.8737465143203735,0.2522907853126526,0.027323130518198013,0.03850941359996796,0.8729831576347351,0.1624480038881302,1536,0.5231701135635376,4.574032306671143,0.006893499288707972,3145728,4172,1536,96,-54.29706,0.004730047810880933,-0.002024000401434023,1.3699020177125931,-64.854385,0.004882344597717747,-0.0011064034479204565,1.4163667358458043,,,0.95,0.9,c2n,1.187682279719125,1.3296720947383762,0.7381247056341268,0.0,-66.249756,2188.081707131757,-54.29706
20,1784866192.5031147,,5.28,,5.28,,4.799999999999999,,4.799999999999999,,7.200000000000002,,7.200000000000002,,1.9800000000000002,,1.9800000000000002,,2.759999999999999,,2.759999999999999,,5.57783878268674,,4.966612756252289,,7.231668147491291,,1.9539375036256388,,2.7302500203077216,0.04016706347465515,-0.02380522183375433,0.037940247129881755,1.5657846815884113,0.628947913646698,0.9046676158905029,0.5696661472320557,-0.05573723837733269,0.1010112315416336,0.8548696637153625,0.15144024789333344,1616,0.5167006850242615,4.492061614990234,0.018739011138677597,3309568,4332,1616,101,-49.616123,0.0036553799705870914,-0.0018832465633749963,1.0618140913546086,-77.125305,0.008225374241010285,-0.0008082562024355866,1.1190927289426327,,,0.95,0.9,c2n,1.4837713618128028,1.4121595747459952,1.1540473608094417,0.0,-64.2623,2200.8871899312053,-49.616123
21,1784866266.6045883,,5.28,,5.28,,4.799999999999999,,4.799999999999999,,7.200000000000002,,7.200000000000002,,1.9800000000000002,,1.9800000000000002,,2.759999999999999,,2.759999999999999,,5.535655691288412,,5.069964063586667,,7.364415471442044,,1.9325175133999437,,2.8061008327640593,0.06478417664766312,-0.00899469869909808,0.014397650273167528,1.5629556998610497,0.5395318269729614,0.8825747966766357,0.42923107743263245,0.22311322391033173,0.16463693976402283,0.7531003952026367,0.15103062987327576,1696,0.5260478258132935,4.541730880737305,0.012770280241966248,3473408,4494,1696,106,-44.213554,0.0037108324191649444,-0.0006606099901546259,0.7827024146914482,-61.80497,0.00515806091716513,-0.001224455569172278,0.853370139747858,,,0.95,0.9,c2n,1.5697227628889312,1.4557359246104944,0.8767180868803965,0.0,-93.747055,2211.022188205004,-44.213554
22,1784866340.0815916,,5.28,,5.28,,4.799999999999999,,4.799999999999999,,7.200000000000002,,7.200000000000002,,1.9800000000000002,,1.9800000000000002,,2.759999999999999,,2.759999999999999,,5.718772631138563,,5.038083211358753,,7.520975806750357,,2.117177356267348,,3.024514809716493,0.0540337972342968,-0.007783160501276143,0.007991443351784255,1.5711517482995987,0.4965808391571045,0.8114234805107117,0.3227054178714752,-0.02592434734106064,0.18249383568763733,0.8254216313362122,0.1435883492231369,1776,0.43280935287475586,4.683904647827148,0.01066560484468937,3637248,4654,1776,111,-39.55277,0.003042410707712406,-0.0007821654769941233,0.4800866827368736,-53.299286,0.0046866041273460725,-0.001012643700960325,0.6192943591624498,,,0.95,0.9,c2n,1.6630368059262999,1.6494196105020287,0.5977776925154406,0.0,-121.55498,2229.8132514343883,-39.55277
23,1784866411.8366425,,5.28,,5.28,,4.799999999999999,,4.799999999999999,,7.200000000000002,,7.200000000000002,,1.9800000000000002,,1.9800000000000002,,2.759999999999999,,2.759999999999999,,5.107091594487429,,4.728184565668926,,7.077071451582015,,1.8654434131458402,,2.8128127265372314,0.06536693125963211,-0.003264346254582051,0.019136088267259765,1.574458733201027,0.6772080659866333,0.8621960878372192,0.6310296058654785,0.22989583015441895,0.1666795164346695,0.7761332988739014,0.14078716933727264,1856,0.5225780606269836,4.318120956420898,0.00962202250957489,3801088,4816,1856,116,-40.787506,0.004857863043434918,-0.0008578403721912764,0.2392568570561707,-70.89003,0.010084071595338173,0.0006513770786114037,0.37029991783201693,,,0.95,0.9,c2n,1.6166307846746104,1.7589019754492934,0.9608138980649679,0.0,-87.51219,2283.323993693733,-40.787506
24,1784866484.3816805,,5.28,,5.28,,4.799999999999999,,4.799999999999999,,7.200000000000002,,7.200000000000002,,1.9800000000000002,,1.9800000000000002,,2.759999999999999,,2.759999999999999,,4.888372045010328,,4.533708583272528,,7.010791933629662,,1.8348867614986375,,2.552074014209211,0.027376588433980942,-0.0023851017467677593,0.013228741736384109,1.588571485131979,0.5979188680648804,0.9097542762756348,0.5175950527191162,0.06586966663599014,0.07164139300584793,0.6885225772857666,0.13493934273719788,1936,0.5584339499473572,4.163966178894043,0.024163851514458656,3964928,4984,1936,121,-32.172634,0.0031824045232497155,0.0015315057637053542,0.011758006364107131,-43.84693,0.00815939249296207,0.0013521414206479677,0.18331600520759822,,,0.95,0.9,c2n,1.9353370296660046,2.0080150720622294,0.8595365012136514,0.0,-95.368515,2258.459011833362,-32.172634
25,1784866558.37417,,5.28,,5.28,,4.799999999999999,,4.799999999999999,,7.200000000000002,,7.200000000000002,,1.9800000000000002,,1.9800000000000002,,2.759999999999999,,2.759999999999999,,5.809493402135558,,5.119257535785437,,7.4120633392594755,,2.1893271182198077,,2.9017192837782204,0.027465272694826126,-0.00011565539170987904,0.02819937611639034,1.5939223505556583,0.476318359375,0.9063172340393066,0.4033995568752289,-0.0947476476430893,0.07999338209629059,0.7095486521720886,0.13411037623882294,2016,0.5099131464958191,4.686371803283691,0.010561621747910976,4128768,5151,2016,126,-34.918266,0.0040897722712543326,-0.0003244892664952204,-0.23551028138026595,-50.361217,0.005789676489075646,-0.0011967263679252937,-0.0180812731385231,,,0.95,0.9,c2n,1.6038387956244715,1.9587838251839877,1.076233484917785,0.0,-75.69531,2214.2786388509885,-34.918266
26,1784866633.6631942,,5.28,,5.28,,4.799999999999999,,4.799999999999999,,7.200000000000002,,7.200000000000002,,1.9800000000000002,,1.9800000000000002,,2.759999999999999,,2.759999999999999,,5.305419024312869,,5.180802165530622,,7.307879028841853,,1.9694679683889262,,2.83909009717172,0.06304492056369781,-0.0021349271846702322,0.03191843387321569,1.5985324159264565,0.3847760558128357,0.934787392616272,0.27969077229499817,-0.21820354461669922,0.1635998636484146,0.8087557554244995,0.13145877420902252,2096,0.5007444024085999,4.52053165435791,0.007241520099341869,4292608,5315,2096,131,-26.475866,0.002826749533414841,0.0005097716843010857,-0.43583788331598045,-41.855274,0.0034327070359722713,-0.000888167304219678,-0.24736996917054058,,,0.95,0.9,c2n,2.0690283374166265,2.13834486229329,0.865530482688639,0.0,-31.775858,2176.146953709396,-26.475866
27,1784866705.8849168,,5.28,,5.28,,4.799999999999999,,4.799999999999999,,7.200000000000002,,7.200000000000002,,1.9800000000000002,,1.9800000000000002,,2.759999999999999,,2.759999999999999,,5.866825185948983,,5.156946948263794,,7.822216780856252,,2.2591165425255895,,2.9845139149110764,0.04767828434705734,0.0006725100829498842,0.0034036740617011674,1.603033646941185,0.6828028559684753,1.0081502199172974,0.6157132983207703,-0.125870481133461,0.12695519626140594,0.5159454345703125,0.12200748920440674,2176,0.45889073610305786,4.817924499511719,0.031951334327459335,4456448,5490,2176,136,-24.819798,0.0021420193363155702,0.0006537170746014453,-0.6679060745984315,-63.725594,0.016438584923162126,0.00021144338825251907,-0.41332782693207265,,,0.95,0.9,c2n,2.237136481306141,1.619914477978091,0.7977175473723426,0.0,-95.99947,2268.5697702641864,-24.819798
28,1784866779.323082,,5.28,,5.28,,4.799999999999999,,4.799999999999999,,7.200000000000002,,7.200000000000002,,1.9800000000000002,,1.9800000000000002,,2.759999999999999,,2.759999999999999,,5.922893410548568,,5.421314862323925,,7.74770565982908,,2.0956457280553877,,2.9432905046269298,0.056596286594867706,0.00016475659867865033,0.010310791421943577,1.6112551242113113,0.7061505913734436,0.9374023675918579,0.7750229239463806,0.029768215492367744,0.14914609491825104,1.1290695667266846,0.11629686504602432,2256,0.44101834297180176,4.826169967651367,0.012782573699951172,4620288,5656,2256,141,-23.626253,0.002143756781879347,0.001064458467590157,-0.8888776525855064,-44.845413,0.008311459890683182,-0.0009759490392752923,-0.6012593571096658,,,0.95,0.9,c2n,2.3239788943753967,1.9135684848454368,0.7705216872798808,0.0,-53.04043,2230.992543587946,-23.626253
29,1784866853.5396736,,5.28,,5.28,,4.799999999999999,,4.799999999999999,,7.200000000000002,,7.200000000000002,,1.9800000000000002,,1.9800000000000002,,2.759999999999999,,2.759999999999999,,5.008204533020034,,4.680075315060094,,7.070001317653805,,1.8227097438648343,,2.6644936981610954,0.04764438048005104,-0.0010119011858478189,0.006464898408012232,1.6153274029493332,0.7593656182289124,0.895342230796814,0.6451660394668579,-0.07023955136537552,0.14671215415000916,0.7870049476623535,0.11949096620082855,2336,0.540546715259552,4.249096870422363,0.023817239329218864,4784128,5826,2336,146,-21.29255,0.0025396157034265343,0.001629203870834317,-1.0449354723095894,-84.13263,0.011941900217789226,-0.0005292743619065732,-0.7887949362397194,,,0.95,0.9,c2n,2.341422482625133,2.2264400206822534,0.6348634541230739,0.0,-52.145275,2207.592398585847,-21.29255
30,1784866927.072566,,5.28,,5.28,,4.799999999999999,,4.799999999999999,,7.200000000000002,,7.200000000000002,,1.9800000000000002,,1.9800000000000002,,2.759999999999999,,2.759999999999999,,5.124424223788083,,4.952683307463303,,7.287895096582361,,1.9856527158990502,,2.8730081897228956,0.03197898715734482,0.000531837111338973,0.0007987045105437574,1.6204904988408089,0.8185272216796875,0.8477872610092163,0.6898354887962341,0.19742810726165771,0.08313779532909393,0.7066253423690796,0.1246066689491272,2416,0.5345494747161865,4.444732189178467,0.020198501646518707,4947968,6002,2416,151,-19.463055,0.002566914899216499,0.0014306979544926434,-1.181851989030838,-64.471886,0.012549481604946778,-0.00039450429467251523,-0.900293092429638,,,0.95,0.9,c2n,2.461096229380791,2.400602118625142,0.5383923674582091,0.0,-55.159554,2228.1189880213283,-19.463055
31,1784866999.6958938,,5.28,,5.28,,4.799999999999999,,4.799999999999999,,7.200000000000002,,7.200000000000002,,1.9800000000000002,,1.9800000000000002,,2.759999999999999,,2.759999999999999,,5.1051008785143495,,4.635290137026459,,7.0353904431685805,,1.9989317069994286,,2.5911451624706388,0.09259925782680511,0.0007481270804419182,0.004625319401384331,1.6288671866059303,0.6990407109260559,0.8763516545295715,0.6196268796920776,-0.06568875163793564,0.23044335842132568,0.9163498878479004,0.1136363297700882,2496,0.5401939153671265,4.273171424865723,0.011610116809606552,5111808,6168,2496,156,-18.616896,0.0022850352266686968,0.0024112590472213924,-1.3255415722727775,-57.347332,0.00959257745416835,0.0011005583102814854,-1.0815370813012124,,,0.95,0.9,c2n,2.757427996811688,2.251222928717487,0.6630846426885058,0.0,-63.12441,2256.0240122843197,-18.616896
32,1784867072.0101297,,5.28,,5.28,,4.799999999999999,,4.799999999999999,,7.200000000000002,,7.200000000000002,,1.9800000000000002,,1.9800000000000002,,2.759999999999999,,2.759999999999999,,5.142539029940963,,4.662324302596971,,7.018457369034877,,2.0130454059690237,,2.830783899175003,0.0917348712682724,0.00028022038532071747,0.009637225208280142,1.6365996822714806,0.6008877158164978,0.9410001635551453,0.4409879446029663,0.010455282405018806,0.22523337602615356,0.7637478113174438,0.10445797443389893,2576,0.5684070587158203,4.333430290222168,0.010349237360060215,5275648,6335,2576,161,-29.197412,0.002825395136460429,0.0018965709474286995,-1.4678706631064415,-49.49008,0.010033782210666687,0.0014012062398251145,-1.2563061714172363,,,0.95,0.9,c2n,2.6510908537644498,2.9142789040703567,0.8023909877113728,0.0,-104.028175,2265.667531133208,-29.197412
33,1784867143.9472065,,5.28,,5.28,,4.799999999999999,,4.799999999999999,,7.200000000000002,,7.200000000000002,,1.9800000000000002,,1.9800000000000002,,2.759999999999999,,2.759999999999999,,5.3034633793868124,,4.686520449817181,,7.350953717716038,,1.8268730156123638,,2.740261410130188,0.027136169373989105,-0.008457260755676543,0.007007707385128015,1.6487610563635826,0.6150191426277161,0.9546445608139038,0.5041740536689758,-0.022103624418377876,0.07330002635717392,0.9200013279914856,0.09579180181026459,2656,0.5755618810653687,4.381614685058594,0.015984924510121346,5439488,6505,2656,166,-18.790653,0.002225891921261791,0.001399742584908381,-1.6479089096188546,-72.7295,0.011374032153980806,0.0013129780076269527,-1.4195980809628963,,,0.95,0.9,c2n,3.21301202565986,2.7232785283106695,0.6721231718491624,0.0,-78.20882,2277.5456704390676,-18.790653
34,1784867218.3537006,,5.28,,5.28,,4.799999999999999,,4.799999999999999,,7.200000000000002,,7.200000000000002,,1.9800000000000002,,1.9800000000000002,,2.759999999999999,,2.759999999999999,,4.838859776966274,,4.485551964491606,,6.780373929068446,,1.5795420394279063,,2.4790458707138896,0.042784515768289566,-0.0036105416002101265,0.0014066025632928358,1.6503367871046066,0.456127405166626,0.8215245604515076,0.35989826917648315,-0.05822543054819107,0.10472913831472397,0.8376672267913818,0.09217581897974014,2736,0.49812203645706177,4.032674789428711,0.008961204439401627,5603328,6671,2736,171,-17.218864,0.002295700742979534,0.0015329583184211515,-1.8193252854049207,-34.144894,0.004445943408063613,0.000529573651147075,-1.5906553350389003,,,0.95,0.9,c2n,3.242907903938879,3.2148307378377674,0.6691268784718173,0.0,-16.7189,2201.9585941468586,-17.218864
35,1784867291.2525053,,5.28,,5.28,,4.799999999999999,,4.799999999999999,,7.200000000000002,,7.200000000000002,,1.9800000000000002,,1.9800000000000002,,2.759999999999999,,2.759999999999999,,5.757317780982703,,5.0805451376363635,,7.603139358107001,,2.159870721399784,,2.9570658239535987,0.0504462830722332,-0.005359164177207276,0.01789480133447796,1.6615526974201202,0.5710421204566956,0.9058165550231934,0.5123214721679688,0.08335050940513611,0.14673641324043274,0.5695680379867554,0.08820120990276337,2816,0.5252617597579956,4.711587429046631,0.010899534448981285,5767168,6837,2816,176,-23.866573,0.003553975052636815,0.0012135597498854622,-1.9302834033966065,-38.57647,0.008531837847840507,0.0017159013455966487,-1.7267744965851306,,,0.95,0.9,c2n,2.93058773683664,2.7297221392078135,0.8733864897565826,0.0,-66.784836,2247.499455203002,-23.866573
36,1784867363.8153188,,5.28,,5.28,,4.799999999999999,,4.799999999999999,,7.200000000000002,,7.200000000000002,,1.9800000000000002,,1.9800000000000002,,2.759999999999999,,2.759999999999999,,5.937151815276593,,5.397768107242882,,7.773893835954368,,2.323713717982173,,3.0044342186884023,0.02658935822546482,-0.00592543875973206,0.023872206664236728,1.6717999428510666,0.5485219955444336,0.7813493609428406,0.55349200963974,-0.025664912536740303,0.07103023678064346,1.0697996616363525,0.08270152658224106,2896,0.3946897089481354,4.887392997741699,0.00806158035993576,5931008,7004,2896,181,-20.65208,0.004427706509886775,0.002322898755664937,-2.100798773765564,-36.55951,0.005225218439591117,0.0027429733745520934,-1.8261295333504677,,,0.95,0.9,c2n,3.3341889638998623,3.3799843651802988,0.9747175600930558,0.0,-60.74182,2257.9054203249284,-20.65208
37,1784867436.7149343,,5.28,,5.28,,4.799999999999999,,4.799999999999999,,7.200000000000002,,7.200000000000002,,1.9800000000000002,,1.9800000000000002,,2.759999999999999,,2.759999999999999,,5.437257423531264,,4.394744658144191,,7.397413030732423,,1.9681634604930878,,2.711232159344945,0.08733406662940979,0.0007544433137809392,0.008902099121769425,1.6869488805532455,0.29308074712753296,0.9308121204376221,0.2609226703643799,0.005499124526977539,0.26054853200912476,0.7216870784759521,0.08576886355876923,2976,0.5426165461540222,4.381762504577637,0.0033548830542713404,6094848,7168,2976,186,-12.100615,0.005095152245485224,0.002168616052949801,-2.2040896266698837,-22.392187,0.004554017704504076,0.002604494462138973,-1.9710730217397212,,,0.95,0.9,c2n,3.4759498816997434,3.403237681704718,0.7311232243087973,0.0,-59.886982,2247.4739840265597,-12.100615
38,1784867508.962269,,5.28,,5.28,,4.799999999999999,,4.799999999999999,,7.200000000000002,,7.200000000000002,,1.9800000000000002,,1.9800000000000002,,2.759999999999999,,2.759999999999999,,5.212246534414589,,5.033941438538022,,7.190361741930246,,1.9998030080460012,,2.7766047320328653,0.032045066356658936,-0.01959417379111983,0.0016751061029935954,1.6998370960354805,0.26699298620224,1.0093364715576172,0.21609526872634888,0.1875208467245102,0.08413884043693542,0.9210557341575623,0.08101599663496017,3056,0.5490823984146118,4.442591667175293,0.004008479416370392,6258688,7333,3056,191,-64.94675,0.01670521774503868,0.0038038171929656527,-2.225064490735531,-21.363546,0.003067879039735999,0.00254599212348694,-2.098640051484108,,,0.95,0.9,c2n,3.3428826468320607,3.772127116927442,0.5951453400336635,0.0,-77.12678,2267.7655130127405,-64.94675
39,1784867582.461687,,5.28,,5.28,,4.799999999999999,,4.799999999999999,,7.200000000000002,,7.200000000000002,,1.9800000000000002,,1.9800000000000002,,2.759999999999999,,2.759999999999999,,4.8284791730111465,,4.568504177033901,,6.871262215077877,,1.8840557395014912,,2.5718402010388672,0.02241647243499756,-9.168710676021874e-06,0.009727459630084923,1.7056607380509377,0.7505824565887451,0.8231924772262573,0.5618038773536682,-0.0312792994081974,0.05480928346514702,0.7157915830612183,0.08736641705036163,3136,0.5161199569702148,4.1448283195495605,0.023056667298078537,6422528,7509,3136,196,-30.706974,0.0033165899199957493,0.0019133574816805777,-2.300954905152321,-84.457275,0.020968928997172044,0.0020012346969451754,-2.163387317955494,,,0.95,0.9,c2n,3.543070501964626,3.5484314975526408,0.6167526613014107,0.0,-89.06646,2229.1330750764614,-30.706974
40,1784867658.2554038,,5.28,,5.28,,4.799999999999999,,4.799999999999999,,7.200000000000002,,7.200000000000002,,1.9800000000000002,,1.9800000000000002,,2.759999999999999,,2.759999999999999,,5.075041991658509,,5.105665440496523,,7.17866194434464,,1.973895471470314,,2.739138051867485,0.023219112306833267,-0.0037907167861703783,0.005394746767706238,1.7171784862875938,0.6060200333595276,0.9558517932891846,0.5269986391067505,0.04702158272266388,0.0696139857172966,0.930091917514801,0.0817045271396637,3216,0.5714588165283203,4.414480686187744,0.011359157972037792,6586368,7684,3216,201,-27.162964,0.008779912939644419,0.0018111307217623107,-2.4021770253777506,-43.318172,0.013869808544404805,0.004209731909941184,-2.224700462818146,,,0.95,0.9,c2n,2.896307527303554,3.3568904210899917,0.6412387834738054,0.0,-39.596558,2161.6570821817772,-27.162964
41,1784867731.619986,,5.28,,5.28,,4.799999999999999,,4.799999999999999,,7.200000000000002,,7.200000000000002,,1.9800000000000002,,1.9800000000000002,,2.759999999999999,,2.759999999999999,,5.277610313380137,,4.75162267126143,,7.436668331094552,,2.1496801702305675,,2.988569424021989,0.08339454233646393,-0.015970898530213162,0.023491728978115134,1.7311345040798187,0.6323879361152649,0.816674530506134,0.4692237675189972,-0.3154389560222626,0.21174223721027374,1.0042188167572021,0.07666527479887009,3296,0.5438949465751648,4.520829677581787,0.017200112342834473,6750208,7852,3296,206,-65.295876,0.0061196879716590045,0.004884740995476022,-2.456272840499878,-57.309883,0.01141003122611437,0.003183534406707622,-2.2969840288162233,,,0.95,0.9,c2n,4.0786558410020985,3.678614450926632,0.8895850774788451,0.0,-64.39365,2233.230048667838,-65.295876
42,1784867805.3682137,,5.28,,5.28,,4.799999999999999,,4.799999999999999,,7.200000000000002,,7.200000000000002,,1.9800000000000002,,1.9800000000000002,,2.759999999999999,,2.759999999999999,,5.329972638748586,,4.6328981425613165,,7.2764905244112015,,2.0640706811100245,,2.7155968230217695,0.09543191641569138,-0.0026667194470064715,0.0126089934274205,1.7362116053700447,0.5669490098953247,0.9250658750534058,0.40124014019966125,-0.04326483979821205,0.2462364286184311,0.9569370746612549,0.0724097192287445,3376,0.5811139941215515,4.403805732727051,0.007155340164899826,6914048,8020,3376,211,-17.98852,0.0073442380235064775,0.004086356467450969,-2.5031674295663833,-37.359108,0.007334293727762997,0.0038494507389259525,-2.3740598663687704,,,0.95,0.9,c2n,3.308557004491868,4.120941879490099,0.6925162896366677,0.0,-56.563988,2221.612450382182,-17.98852
43,1784867878.6173077,,5.28,,5.28,,4.799999999999999,,4.799999999999999,,7.200000000000002,,7.200000000000002,,1.9800000000000002,,1.9800000000000002,,2.759999999999999,,2.759999999999999,,5.409933912567794,,4.626839582808316,,7.340788309258642,,1.8859273630660027,,2.71634957077913,0.04845470190048218,-0.002877333259675652,0.0038074886360845994,1.744842417538166,0.5026664733886719,0.729773759841919,0.3069683313369751,-0.08983460068702698,0.13627538084983826,1.4052045345306396,0.06173365190625191,3456,0.5718129277229309,4.395967960357666,0.009279598481953144,7077888,8184,3456,216,-50.389996,0.009295392825151794,0.0018266038110596127,-2.549244798719883,-48.33361,0.008558604211430065,0.0035673826358106455,-2.4672213226556776,,,0.95,0.9,c2n,3.563543760548716,3.3518961569456396,0.45464868553974586,0.0,-56.7221,2236.751702420643,-50.389996
44,1784867951.6679952,,5.28,,5.28,,4.799999999999999,,4.799999999999999,,7.200000000000002,,7.200000000000002,,1.9800000000000002,,1.9800000000000002,,2.759999999999999,,2.759999999999999,,6.027056381106377,,5.458532817428932,,7.491167857311666,,2.2623687242157757,,3.0918573141098022,0.02403886988759041,0.0002936194068752229,0.021879087813431397,1.7508645132184029,0.3236464560031891,0.8928622603416443,0.2846205234527588,0.013996021822094917,0.0653017982840538,1.0388600826263428,0.0685667172074318,3536,0.44486087560653687,4.866196632385254,0.0065558054484426975,7241728,8355,3536,221,-16.554956,0.006941447143617552,0.003399276454001665,-2.6018812596797942,-18.760193,0.006392631543712923,0.002803019629209302,-2.561161904036999,,,0.95,0.9,c2n,3.5611081903272748,3.0863636988830065,0.8032711443670936,0.0,-46.084602,2242.8259082664727,-16.554956
45,1784868025.2702017,,5.28,,5.28,,4.799999999999999,,4.799999999999999,,7.200000000000002,,7.200000000000002,,1.9800000000000002,,1.9800000000000002,,2.759999999999999,,2.759999999999999,,5.563234331551939,,4.8495974647812545,,7.518069493235089,,2.1375362230464816,,2.878854743321426,0.03317961469292641,-0.00012354942737147212,0.0382867311273003,1.7519500404596329,0.4970317482948303,0.9129849076271057,0.3260056674480438,-0.26332709193229675,0.09376664459705353,0.9107729196548462,0.06950801610946655,3616,0.5706778764724731,4.589458465576172,0.014960464090108871,7405568,8521,3616,226,-15.352499,0.009078162211517337,0.004196395333565306,-2.6730562910437583,-29.995255,0.008598283375613391,0.00304809877416119,-2.640608049929142,,,0.95,0.9,c2n,3.6811417052238733,3.539292165250596,0.9665351093965958,0.0,-74.044975,2226.0203418646934,-15.352499
46,1784868098.6227934,,5.28,,5.28,,4.799999999999999,,4.799999999999999,,7.200000000000002,,7.200000000000002,,1.9800000000000002,,1.9800000000000002,,2.759999999999999,,2.759999999999999,,4.941286989022046,,4.288576561957598,,6.9879539085086435,,1.8174699395895004,,2.477391717024147,0.058781303465366364,0.000513526512804674,0.02726619504392147,1.7683068960905075,0.5286162495613098,0.8354493379592896,0.4100812077522278,-0.163260355591774,0.18654605746269226,1.0727169513702393,0.06366279721260071,3696,0.5314713716506958,4.102536201477051,0.02200942672789097,7569408,8704,3696,231,-21.889635,0.009131062403321266,0.004197684771497734,-2.750232774019241,-45.667057,0.015318179503083229,0.003465791876806179,-2.715934047102928,,,0.95,0.9,c2n,4.0319426539832595,4.055264167522024,0.823958099372935,0.0,-28.99111,2233.595356470991,-21.889635
47,1784868171.8149893,,5.28,,5.28,,4.799999999999999,,4.799999999999999,,7.200000000000002,,7.200000000000002,,1.9800000000000002,,1.9800000000000002,,2.759999999999999,,2.759999999999999,,4.823024308658205,,4.397025034762919,,6.762525144731626,,1.8048115705605596,,2.470094211457763,0.04825276508927345,-0.004819386318558827,0.008943512413679855,1.7712584733963013,0.49038249254226685,0.7680425047874451,0.26169949769973755,0.0929984524846077,0.13713595271110535,1.2279443740844727,0.06556053459644318,3776,0.5240614414215088,4.0514960289001465,0.024490388110280037,7733248,8885,3776,236,-31.343182,0.01148199910967378,0.0029335716695641167,-2.733792965114117,-75.429344,0.01928556562634185,0.0027296641579596325,-2.791676937043667,,,0.95,0.9,c2n,2.834045668903449,3.9427904121984128,0.5886753686799695,0.0,-29.203335,2238.4897799911646,-31.343182
48,1784868247.2472453,,5.28,,5.28,,4.799999999999999,,4.799999999999999,,7.200000000000002,,7.200000000000002,,1.9800000000000002,,1.9800000000000002,,2.759999999999999,,2.759999999999999,,5.021925917826593,,4.44599662348628,,7.272398550529033,,1.9448862681165338,,2.7391526573337615,0.03590531274676323,-0.006164169739349745,0.05255516066972632,1.7933057323098183,0.5344910621643066,0.9303194284439087,0.38403624296188354,-0.2260744422674179,0.0926249623298645,1.2390702962875366,0.06357138603925705,3856,0.5391751527786255,4.284872055053711,0.01597774587571621,7897088,9060,3856,241,-24.448597,0.014996750999125652,0.006325639798888005,-2.7495697781443598,-43.05969,0.006894158817885909,0.0037718939638580196,-2.8538392290472983,,,0.95,0.9,c2n,3.261973951411865,4.460512552030876,1.0574822260461145,0.0,-23.188662,2172.015041668925,-24.448597
49,1784868322.8436158,,5.28,,5.28,,4.799999999999999,,4.799999999999999,,7.200000000000002,,7.200000000000002,,1.9800000000000002,,1.9800000000000002,,2.759999999999999,,2.759999999999999,,5.863609431311488,,5.124927181284875,,7.841918676160276,,2.3359026084654033,,3.0870584966614842,0.04050331562757492,0.0001261610523215495,0.0027402021460147807,1.799366295337677,0.509026288986206,0.8123243451118469,0.30134567618370056,0.10386914759874344,0.11861895024776459,0.7632086277008057,0.06818641722202301,3936,0.4399169385433197,4.850683689117432,0.021930359303951263,8060928,9231,3936,246,-15.58137,0.007958268524089363,0.002359436667029513,-2.816627512872219,-26.76102,0.013137888436904176,0.003585699993709568,-2.932354266941547,,,0.95,0.9,c2n,3.2397609701001953,4.286279275996512,0.4711010536536,0.0,-24.770714,2167.3000627202264,-15.58137
50,1784868395.8726687,,5.28,,5.28,,4.799999999999999,,4.799999999999999,,7.200000000000002,,7.200000000000002,,1.9800000000000002,,1.9800000000000002,,2.759999999999999,,2.759999999999999,,5.393823370337486,,4.903327813837677,,7.509104390162975,,2.025137960445136,,2.947717144154012,0.07470941543579102,-0.008814758056530536,0.018008020328124985,1.803924784064293,0.4394303560256958,0.8028160333633423,0.24078650772571564,-0.10772714763879776,0.19609473645687103,0.785627007484436,0.07280511409044266,4016,0.5887810587882996,4.555821895599365,0.009935323148965836,8224768,9418,4016,251,-15.8121,0.00846299644181272,0.004017494847357739,-2.8966604843735695,-53.00889,0.016256102122133596,0.004243397212121636,-3.024039162695408,,,0.95,0.9,c2n,3.4762353452697132,5.155306782886176,0.8015086931552692,0.0,-70.68882,2243.4903669397486,-15.8121
51,1784868470.2108335,,5.28,,5.28,,4.799999999999999,,4.799999999999999,,7.200000000000002,,7.200000000000002,,1.9800000000000002,,1.9800000000000002,,2.759999999999999,,2.759999999999999,,5.367243858985603,,4.695165378041565,,7.410270223394036,,1.9652102149557322,,2.698912330903113,0.0437040776014328,-0.011645921942545101,0.022016964023350738,1.8153378330171108,0.4731263220310211,0.7635588049888611,0.3136030435562134,-0.07977144420146942,0.11942372471094131,0.7412230372428894,0.0794791728258133,4096,0.6028212308883667,4.427360534667969,0.02192746475338936,8388608,9623,4096,256,-6.243545,0.004455520714691375,0.0038352969946572556,-2.9980148494243624,-36.732536,0.012759924223064444,0.0032975213573081417,-3.1098328992724418,,,0.95,0.9,c2n,3.5768187538876717,4.644691031964599,0.8680399379894757,0.0,-24.597332,2203.9839284492555,-6.243545
52,1784868544.3377519,,5.28,,5.28,,4.799999999999999,,4.799999999999999,,7.200000000000002,,7.200000000000002,,1.9800000000000002,,1.9800000000000002,,2.759999999999999,,2.759999999999999,,5.600789502263069,,5.391859497874975,,7.618958103470504,,2.173370630829595,,2.9273373904870823,0.07222595810890198,-0.01349325166665949,0.010504717702133348,1.8245639093220234,0.4600246846675873,0.8837112188339233,0.2938544452190399,-0.11298835277557373,0.23535475134849548,0.7947936654090881,0.08145511150360107,4176,0.5368476510047913,4.742463111877441,0.013743571005761623,8552448,9801,4176,261,-6.271755,0.004135009877063567,0.003949225209362339,-3.0376796424388885,-45.81716,0.019496251194505022,0.0028426139397197403,-3.1859028369188307,,,0.95,0.9,c2n,4.045971653798889,4.022700317644021,0.62041542084621,0.0,-26.066387,2210.2617650235666,-6.271755
53,1784868617.7905784,,5.28,,5.28,,4.799999999999999,,4.799999999999999,,7.200000000000002,,7.200000000000002,,1.9800000000000002,,1.9800000000000002,,2.759999999999999,,2.759999999999999,,4.831442889757454,,4.56346304807812,,7.238717254716903,,1.7356130927801132,,2.6204347335733473,0.09579001367092133,-0.02892664063256234,0.008610794975538738,1.8374401666224003,0.3757171332836151,0.7545808553695679,0.2679463326931,0.3506096303462982,0.24043534696102142,1.209355354309082,0.06805966049432755,4256,0.5409772396087646,4.197934150695801,0.008448725566267967,8716288,9970,4256,266,-30.573177,0.01665345078217797,0.005760163643572014,-3.0774588540196417,-14.051924,0.003921820577670587,0.00681810694077285,-3.204121880233288,,,0.95,0.9,c2n,4.26338520157495,5.210875298919644,0.5561787651319896,0.0,-54.67629,2230.5474737085024,-30.573177
54,1784868691.300044,,5.28,,5.28,,4.799999999999999,,4.799999999999999,,7.200000000000002,,7.200000000000002,,1.9800000000000002,,1.9800000000000002,,2.759999999999999,,2.759999999999999,,4.968852879246697,,4.546989525668323,,6.797417042776942,,1.8313810472609475,,2.444277524773497,0.05852213129401207,-0.0030204513459466398,0.004569110402371734,1.8416307382285595,0.48625215888023376,0.8722525238990784,0.41080906987190247,-0.3373364806175232,0.13415978848934174,1.0793352127075195,0.06632992625236511,4336,0.5554293394088745,4.117783546447754,0.01358723919838667,8880128,10131,4336,271,-31.049688,0.009690433139621746,0.0068541236221790315,-3.1679745435714723,-25.651056,0.008175197665696032,0.004829659066308523,-3.2478630259633063,,,0.95,0.9,c2n,4.104228755618521,3.75721217427004,0.5101761396029842,0.0,-25.07492,2228.828281942324,-31.049688
55,1784868762.8462074,,5.28,,5.28,,4.799999999999999,,4.799999999999999,,7.200000000000002,,7.200000000000002,,1.9800000000000002,,1.9800000000000002,,2.759999999999999,,2.759999999999999,,4.793416115571745,,4.809265388175845,,7.125712993554771,,1.8727877661585808,,2.6096378314541653,0.054148852825164795,-0.007297057658433914,0.0021495043074537534,1.84713713824749,0.22984248399734497,0.855167806148529,0.18657329678535461,0.10072022676467896,0.14336304366588593,0.9434335231781006,0.06488967686891556,4416,0.515397846698761,4.24216365814209,0.004600747022777796,9043968,10298,4416,276,-29.239155,0.01699254371051211,0.002361090373597108,-3.165604977309704,-14.102882,0.0025105436150624884,0.004322354984469712,-3.306601808965206,,,0.95,0.9,c2n,3.862400214267386,5.003173998435964,0.4048501952941191,0.0,-94.82586,2289.9900663526823,-29.239155
56,1784868836.7619927,,5.28,,5.28,,4.799999999999999,,4.799999999999999,,7.200000000000002,,7.200000000000002,,1.9800000000000002,,1.9800000000000002,,2.759999999999999,,2.759999999999999,,5.4093404449522495,,5.237057309597731,,7.574781078379601,,1.8909107882063836,,3.0052713493350893,0.09100379049777985,-0.03279629221651703,0.021166406047996134,1.8592809922993183,0.4409387707710266,0.8473162651062012,0.19403387606143951,-0.22414390742778778,0.25108179450035095,0.814645528793335,0.062156420201063156,4496,0.553157389163971,4.623472690582275,0.010973078198730946,9207808,10472,4496,281,-20.130539,0.008759990382532123,0.005233380717982072,-3.199939799308777,-53.00532,0.00827546865621116,0.003899717758031329,-3.386869287490845,,,0.95,0.9,c2n,4.29427711408736,4.389701104878858,0.6594595884988123,0.0,-46.5683,2216.5767418109754,-20.130539
57,1784868910.461859,,5.28,,5.28,,4.799999999999999,,4.799999999999999,,7.200000000000002,,7.200000000000002,,1.9800000000000002,,1.9800000000000002,,2.759999999999999,,2.759999999999999,,5.220207886304706,,5.091526418924332,,7.3228033890191,,1.8736086371354759,,2.727808064315468,0.07417932152748108,-0.00489638713770546,0.010663266024494078,1.866382084786892,0.524612307548523,0.9494316577911377,0.3695410490036011,0.009852081537246704,0.19659164547920227,0.9964190721511841,0.06149008870124817,4576,0.5789044499397278,4.447190761566162,0.012990875169634819,9371648,10644,4576,286,-38.659126,0.020034128398401664,0.008179006514546927,-3.251990044116974,-41.71331,0.007512847638281528,0.003547537689883029,-3.444378487765789,,,0.95,0.9,c2n,4.303751129768871,4.050761900072534,0.5272501764705333,0.0,-31.844646,2223.070759568752,-38.659126
58,1784868984.2145238,,5.28,,5.28,,4.799999999999999,,4.799999999999999,,7.200000000000002,,7.200000000000002,,1.9800000000000002,,1.9800000000000002,,2.759999999999999,,2.759999999999999,,5.396541057154536,,4.728646527975798,,7.033437818288803,,1.8732999847270548,,2.843051865696907,0.03851000964641571,0.0006094798445701599,0.006789353283238597,1.8698421269655228,0.3868432641029358,0.7274011969566345,0.2500612139701843,0.026658974587917328,0.10226224362850189,0.7078462839126587,0.060979053378105164,4656,0.6055606603622437,4.374995231628418,0.014118130318820477,9535488,10808,4656,291,-5.306313,0.012408045324264094,0.00606247779505793,-3.2865036159753798,-17.36804,0.004496208498312626,0.003751293788081966,-3.488820396363735,,,0.95,0.9,c2n,4.040631232971104,5.1884732799489965,0.5785322234117022,0.0,-8.192825,2221.4786161225434,-5.306313
59,1784869059.656592,,5.28,,5.28,,4.799999999999999,,4.799999999999999,,7.200000000000002,,7.200000000000002,,1.9800000000000002,,1.9800000000000002,,2.759999999999999,,2.759999999999999,,5.267347574234009,,4.987161063007079,,6.90102856233716,,2.0856500320369378,,2.9074132818495855,0.043931081891059875,-0.012475070092477836,0.00176934982300736,1.875587735325098,0.4678686261177063,0.794238805770874,0.29280516505241394,-0.016674255952239037,0.10785691440105438,0.6850582361221313,0.06267140060663223,4736,0.5930724143981934,4.429719924926758,0.00959227979183197,9699328,10974,4736,296,-14.743387,0.006666524983302224,0.0035529558248526883,-3.2861965551972387,-26.017258,0.005447679985081777,0.004048844322096556,-3.5435722932219504,,,0.95,0.9,c2n,3.2856993035477102,4.509666233919901,0.4570785264449788,0.0,-17.000393,2171.735399189735,-14.743387
60,1784869134.1019998,,5.28,,5.28,,4.799999999999999,,4.799999999999999,,7.200000000000002,,7.200000000000002,,1.9800000000000002,,1.9800000000000002,,2.759999999999999,,2.759999999999999,,4.913962894119322,,4.906022101640701,,6.927579002163839,,1.9649811494164169,,2.712527089694049,0.09321191906929016,-0.0111047898826655,0.006309767566563096,1.8734365925192833,0.3321138024330139,0.8075802326202393,0.2899811565876007,-0.2844918370246887,0.22649428248405457,0.6919954419136047,0.05898123234510422,4816,0.5714883804321289,4.285014629364014,0.0179334357380867,9863168,11139,4816,301,-4.330848,0.00315187212327146,0.005320740761817433,-3.3332413628697397,-8.193384,0.003720278660330223,0.0035623325340566224,-3.590700717270374,,,0.95,0.9,c2n,4.3977784018618795,4.945089031775135,0.4461243010565252,0.0,-36.023445,2200.804981619908,-4.330848
61,1784869205.5219162,,5.28,,5.28,,4.799999999999999,,4.799999999999999,,7.200000000000002,,7.200000000000002,,1.9800000000000002,,1.9800000000000002,,2.759999999999999,,2.759999999999999,,4.628710201242939,,4.240353784523904,,6.583906532992842,,1.5776232089847326,,2.3585763797163963,0.07111122459173203,-0.004272093967301771,0.039950117861735635,1.8828678913414478,0.40306973457336426,0.8788220286369324,0.30423861742019653,-0.32288461923599243,0.2186984419822693,0.6491422057151794,0.057190656661987305,4896,0.44096145033836365,3.877833604812622,0.011241648346185684,10027008,11312,4896,306,-12.408113,0.005064031228539534,0.006309267364849802,-3.460678680241108,-25.446392,0.006283089714997914,0.005449623029562645,-3.6821564823389052,,,0.95,0.9,c2n,4.130686402412442,5.329672194250234,0.9430814356107892,0.0,-51.19858,2294.0376049633787,-12.408113
62,1784869279.0813322,,5.28,,5.28,,4.799999999999999,,4.799999999999999,,7.200000000000002,,7.200000000000002,,1.9800000000000002,,1.9800000000000002,,2.759999999999999,,2.759999999999999,,5.199952869210392,,4.726724398322403,,6.7503037406131625,,1.814050844317535,,2.6883703076746315,0.08738693594932556,-0.0033363933325745165,0.011064905527746305,1.886432934552431,0.4739508032798767,0.8328536748886108,0.29280075430870056,0.0063510462641716,0.22024807333946228,0.6646158695220947,0.05786972865462303,4976,0.5751201510429382,4.235880374908447,0.05032794177532196,10190848,11485,4976,311,-12.241746,0.00491441507183481,0.0057207603931601625,-3.564922046661377,-24.144083,0.00637720188969979,0.006568439256807323,-3.7782560631632807,,,0.95,0.9,c2n,4.586006326059728,5.9553736403729705,0.6957158144150024,0.0,-22.99442,2227.315023701485,-12.241746
63,1784869352.5459292,,5.28,,5.28,,4.799999999999999,,4.799999999999999,,7.200000000000002,,7.200000000000002,,1.9800000000000002,,1.9800000000000002,,2.759999999999999,,2.759999999999999,,5.453213701955974,,4.811210593208671,,7.312860494479537,,1.9503013482317328,,2.6507924876059406,0.08600083738565445,-0.003415896848309785,0.006461467914050445,1.8957100734114647,0.4369991421699524,0.8479018807411194,0.22669760882854462,-0.12644585967063904,0.2194683849811554,0.6772521734237671,0.060528021305799484,5056,0.5962427854537964,4.435675621032715,0.013397173024713993,10354688,11650,5056,316,-18.357555,0.007142580003710463,0.0029055701939796562,-3.6503220543265344,-46.25506,0.007692732321447693,0.002609992244106252,-3.864087837934494,,,0.95,0.9,c2n,4.199705725044284,4.735587795260921,0.4980040411169958,0.0,-61.73832,2230.190085117916,-18.357555
64,1784869426.2827609,,5.28,,5.28,,4.799999999999999,,4.799999999999999,,7.200000000000002,,7.200000000000002,,1.9800000000000002,,1.9800000000000002,,2.759999999999999,,2.759999999999999,,5.408423530403525,,5.134909268468618,,7.364393936470151,,2.0314988766331226,,3.0399548253044486,0.06288115680217743,-0.014938396838260815,0.006712601589242695,1.9032017663121223,0.40632182359695435,0.9357444047927856,0.2607387900352478,0.11884689331054688,0.1911068856716156,0.7536513805389404,0.06065043807029724,5136,0.589445948600769,4.5958356857299805,0.018454402685165405,10518528,11819,5136,321,-27.868704,0.006363627026439644,0.005429445518529974,-3.6881791457533835,-44.356148,0.006606154149631038,0.0049159292742842805,-3.9247693598270414,,,0.95,0.9,c2n,4.402227156993937,5.536326976482556,0.3861568841312556,0.0,-45.140648,2221.9560689660434,-27.868704
65,1784869499.0709405,,5.28,,5.28,,4.799999999999999,,4.799999999999999,,7.200000000000002,,7.200000000000002,,1.9800000000000002,,1.9800000000000002,,2.759999999999999,,2.759999999999999,,5.299492986523546,,4.673573447391391,,6.908127166330814,,1.9272254622774199,,2.921052901801886,0.052183981984853745,0.00048081859131343663,0.010710114424000494,1.9168017022311687,0.37619906663894653,0.9275857210159302,0.2990856468677521,-0.004354672506451607,0.15498991310596466,0.7353124618530273,0.05418103188276291,5216,0.6200478672981262,4.345894813537598,0.015639925375580788,10682368,11985,5216,326,-1.223361,0.007289102069626097,0.0066373650523019025,-3.7619912371039392,-12.876599,0.005592611855536234,0.002692614244733704,-3.953215180337429,,,0.95,0.9,c2n,4.6706738957282585,4.290803582927635,0.5630862194615094,0.0,-75.67015,2250.915040923791,-1.223361
66,1784869574.4250412,,5.28,,5.28,,4.799999999999999,,4.799999999999999,,7.200000000000002,,7.200000000000002,,1.9800000000000002,,1.9800000000000002,,2.759999999999999,,2.759999999999999,,5.818970953114331,,4.759755976498127,,7.335737410932779,,2.0513893944444135,,2.910036913352087,0.07982777059078217,0.0002683388302102685,0.005208100737945642,1.9268838986754417,0.7273842692375183,0.8625866770744324,0.682723879814148,-0.15137943625450134,0.1901448667049408,0.8602805137634277,0.05700071156024933,5296,0.5706835985183716,4.575178623199463,0.02337138168513775,10846208,12153,5296,331,-26.12555,0.006743139891477767,0.00606847130402457,-3.8119971483945845,-59.647247,0.0062238627055194225,0.006803630290960427,-4.011611968278885,,,0.95,0.9,c2n,4.829716663475134,5.962112823142458,0.47429317763390105,0.0,-26.270306,2174.268266587192,-26.12555
67,1784869649.8108766,,5.28,,5.28,,4.799999999999999,,4.799999999999999,,7.200000000000002,,7.200000000000002,,1.9800000000000002,,1.9800000000000002,,2.759999999999999,,2.759999999999999,,5.424788824282587,,4.759401956107467,,7.03292610180506,,2.080454068724066,,2.913663757033646,0.15794630348682404,-0.008065699010330718,0.015108377105207182,1.9346301779150963,0.6618545055389404,0.8688448071479797,0.5770447254180908,0.08625856041908264,0.38286086916923523,0.7929196357727051,0.052586209028959274,5376,0.5804541707038879,4.442246913909912,0.02015119232237339,11010048,12318,5376,336,-16.063293,0.007838011821149848,0.007201735189300962,-3.904665394127369,-23.452806,0.007114069719682448,0.005370271900028456,-4.033895933628083,,,0.95,0.9,c2n,5.294860068457616,5.282372682112685,0.5195401359495948,0.0,-9.655791,2173.3537105429605,-16.063293
68,1784869724.0743654,,5.28,,5.28,,4.799999999999999,,4.799999999999999,,7.200000000000002,,7.200000000000002,,1.9800000000000002,,1.9800000000000002,,2.759999999999999,,2.759999999999999,,5.1201994945295155,,4.49716018512845,,7.179126508533955,,1.9093988612294197,,2.7544099036604166,0.07758507132530212,0.000342191822710447,0.00618069559277501,1.9374174028635025,0.666700541973114,0.921192467212677,0.4791354238986969,0.2086012065410614,0.206872820854187,0.39966946840286255,0.06091814860701561,5456,0.6298817992210388,4.292058944702148,0.01416389737278223,11173888,12487,5456,341,-1.4881971,0.0049982851058302915,0.0055980007033213045,-3.9578149393200874,-24.134798,0.007784239809552673,0.007060802965133917,-4.027579975128174,,,0.95,0.9,c2n,5.0826367675335185,5.082685528824882,0.4368978175712708,0.0,-22.291536,2206.1972102094596,-1.4881971
69,1784869798.726959,,5.28,,5.28,,4.799999999999999,,4.799999999999999,,7.200000000000002,,7.200000000000002,,1.9800000000000002,,1.9800000000000002,,2.759999999999999,,2.759999999999999,,5.656518844887614,,4.916555187199265,,7.8250432908535,,2.096626744547393,,2.864371248986572,0.07450257986783981,-0.012962715525645763,0.007348963252297835,1.941250704228878,0.5125678777694702,0.8503783345222473,0.31621918082237244,-0.310036301612854,0.2092447727918625,0.5231145024299622,0.065048947930336,5536,0.5741513967514038,4.671823024749756,0.02130836248397827,11337728,12659,5536,346,-1.7971008,0.006531669815012719,0.004940453844028525,-4.0118523120880125,-26.215948,0.007087130656873342,0.00481505516654579,-4.08069061934948,,,0.95,0.9,c2n,4.430812025998402,5.757368183543785,0.4590057100335134,0.0,-10.5690975,2194.6994036602164,-1.7971008
70,1784869873.5937068,,5.28,,5.28,,4.799999999999999,,4.799999999999999,,7.200000000000002,,7.200000000000002,,1.9800000000000002,,1.9800000000000002,,2.759999999999999,,2.759999999999999,,5.498474302934483,,5.1493490972789004,,7.10184267105069,,2.0532264462672174,,3.068685640930198,0.11966502666473389,-0.017008555092616007,0.012259498224011622,1.949394442141056,0.436684787273407,0.8632404804229736,0.2525680363178253,0.2856447696685791,0.3001534342765808,0.5756741762161255,0.06284019351005554,5616,0.6089348793029785,4.574315547943115,0.026744021102786064,11501568,12834,5616,351,-0.58277255,0.0041837779986963145,0.007206749955366831,-4.050828173756599,-50.904545,0.012428725342033431,0.004438188682615874,-4.135005196928978,,,0.95,0.9,c2n,5.553063191761989,5.99888194505418,0.38884666856619104,0.0,-6.506251,2188.4214605999296,-0.58277255
71,1784869947.1984808,,5.28,,5.28,,4.799999999999999,,4.799999999999999,,7.200000000000002,,7.200000000000002,,1.9800000000000002,,1.9800000000000002,,2.759999999999999,,2.759999999999999,,5.649631767417304,,4.5586177608929574,,7.021896354621276,,1.8848173212245456,,2.6866914777783677,0.04686061292886734,-0.01991461759826052,0.001337591755145695,1.9513453468680382,0.4666972756385803,0.8755286335945129,0.2993953227996826,0.09608735889196396,0.12246966361999512,0.5425068140029907,0.06652450561523438,5696,0.5790582895278931,4.360331058502197,0.02368983067572117,11665408,13002,5696,356,0.18463907,0.004081929069798207,0.007867092570086243,-4.086184915900231,-45.343468,0.009210432002146263,0.005270876197027974,-4.210638019442558,,,0.95,0.9,c2n,5.261424109431706,5.429404105622577,0.5338976151641173,0.0,-23.256943,2225.944387142924,0.18463907
72,1784870020.9327254,,5.28,,5.28,,4.799999999999999,,4.799999999999999,,7.200000000000002,,7.200000000000002,,1.9800000000000002,,1.9800000000000002,,2.759999999999999,,2.759999999999999,,5.077935154666193,,4.503083942458034,,6.5863186698406935,,1.8058366500772536,,2.7967946885037236,0.07008901983499527,-0.006386263470631093,0.009983795149310026,1.9602162204682827,0.43168649077415466,0.8632851839065552,0.254308819770813,0.2966441810131073,0.1846911609172821,0.6680836081504822,0.06488585472106934,5776,0.5522910356521606,4.153993606567383,0.022672731429338455,11829248,13170,5776,361,-1.4418681,0.007693670087610372,0.005606447425452643,-4.135370755195618,-39.88856,0.011486465318012052,0.006944930068857502,-4.30437881052494,,,0.95,0.9,c2n,4.228937359563783,6.524509758900386,0.5031527414088658,0.0,-18.979061,2222.0320382143123,-1.4418681
73,1784870095.2572484,,5.28,,5.28,,4.799999999999999,,4.799999999999999,,7.200000000000002,,7.200000000000002,,1.9800000000000002,,1.9800000000000002,,2.759999999999999,,2.759999999999999,,5.238446580246091,,4.816700408235192,,7.153741941321641,,1.942979509360157,,2.666273108799942,0.06259644776582718,-0.002096042524499353,0.0406223726895405,1.9584894329309464,0.3278369903564453,0.9597251415252686,0.2602148652076721,-0.25430816411972046,0.15569445490837097,0.6183451414108276,0.06119033694267273,5856,0.6226423382759094,4.363628387451172,0.01849483512341976,11993088,13336,5856,366,-16.137459,0.006592362889205105,0.006505716963147279,-4.191140908002853,-14.704318,0.006224311207188293,0.007817474453622708,-4.373542389273643,,,0.95,0.9,c2n,5.845857326078,6.466368297213409,0.9373521594342435,0.0,-2.779955,2204.3864471334978,-16.137459
74,1784870168.1149085,,5.28,,5.28,,4.799999999999999,,4.799999999999999,,7.200000000000002,,7.200000000000002,,1.9800000000000002,,1.9800000000000002,,2.759999999999999,,2.759999999999999,,5.062414008192718,,4.678969808155671,,6.958587341592647,,1.644549802877009,,2.543231073883362,0.06467105448246002,-0.00656717480160296,0.030210153068765067,1.9630853198468685,0.575620710849762,0.796247124671936,0.3927112817764282,0.13432449102401733,0.15503263473510742,0.7178211212158203,0.05683746188879013,5936,0.5188645124435425,4.177550315856934,0.012601959519088268,12156928,13498,5936,371,-24.824213,0.00778415640379535,0.004185304879501928,-4.19461986720562,-13.893255,0.006260864213982131,0.00885470785869984,-4.394944426417351,,,0.95,0.9,c2n,4.6966337363030135,6.632941263295817,0.7894432876616437,0.0,-40.893543,2248.768141409794,-24.824213
75,1784870242.5332158,,5.28,,5.28,,4.799999999999999,,4.799999999999999,,7.200000000000002,,7.200000000000002,,1.9800000000000002,,1.9800000000000002,,2.759999999999999,,2.759999999999999,,5.449695420451462,,5.040576269384474,,7.432356678764336,,2.073148361640051,,2.9015525405993685,0.05171198397874832,-0.0036162025717203505,0.0017714497589622624,1.9643398523330688,0.6202468872070312,0.8251186609268188,0.3612639904022217,0.15408357977867126,0.14450474083423615,0.5080429315567017,0.060598842799663544,6016,0.5920424461364746,4.579466342926025,0.021717874333262444,12320768,13665,6016,376,-1.0382156,0.004223470020951936,0.006573706882045371,-4.2257540881633755,-44.500355,0.008555863070068882,0.006212699602474459,-4.421860420703888,,,0.95,0.9,c2n,6.343824234674417,6.869714368519976,0.45360690921906566,0.0,-5.6094465,2201.6092062288676,-1.0382156
76,1784870315.6816714,,5.28,,5.28,,4.799999999999999,,4.799999999999999,,7.200000000000002,,7.200000000000002,,1.9800000000000002,,1.9800000000000002,,2.759999999999999,,2.759999999999999,,5.158055774052627,,5.00636690761894,,7.141593732871115,,2.1307630598312244,,2.7260645763017237,0.10743332654237747,-0.0016259991098195314,0.013321973368874751,1.9787071123719215,0.5917301774024963,0.830378532409668,0.3566409647464752,-0.30737218260765076,0.285480797290802,0.5046044588088989,0.05970449000597,6096,0.6165248155593872,4.432568550109863,0.017610197886824608,12484608,13833,6096,381,-12.345753,0.004191423882730305,0.006357497365388554,-4.266338729858399,-25.740026,0.010912599269067869,0.0053165069402894005,-4.4422859191894535,,,0.95,0.9,c2n,6.155493787504914,5.5762887625765085,0.41024619879298985,0.0,-36.27499,2239.8285137986704,-12.345753
77,1784870389.2416325,,5.28,,5.28,,4.799999999999999,,4.799999999999999,,7.200000000000002,,7.200000000000002,,1.9800000000000002,,1.9800000000000002,,2.759999999999999,,2.759999999999999,,5.5945865251123905,,4.9514085277915,,7.218527882359922,,2.0344494925811887,,2.6763590490445495,0.1032942458987236,0.00021304123220033944,0.004873492056503892,1.979565642774105,0.5200209021568298,0.8412161469459534,0.34720516204833984,-0.07243312895298004,0.25017422437667847,0.4598810076713562,0.05875060334801674,6176,0.6246976256370544,4.495066165924072,0.01582654006779194,12648448,14008,6176,386,-13.225995,0.005744691286236048,0.003731509851058945,-4.312991732358933,-32.541107,0.008658324733551126,0.005657415619498352,-4.475617206096649,,,0.95,0.9,c2n,5.465061748036464,6.559612677882091,0.41967669297942956,0.0,-20.29992,2227.2988140097746,-13.225995
78,1784870463.464688,,5.28,,5.28,,4.799999999999999,,4.799999999999999,,7.200000000000002,,7.200000000000002,,1.9800000000000002,,1.9800000000000002,,2.759999999999999,,2.759999999999999,,5.760912439785898,,4.593177009373903,,7.284674135968089,,1.9309076013159938,,2.8435964775271714,0.06468109786510468,-0.0003414223901927471,0.0115085919314879,1.9876574613153934,0.4533601403236389,0.8156452178955078,0.23005147278308868,0.258308082818985,0.17850351333618164,0.593468964099884,0.057002753019332886,6256,0.584704577922821,4.482653617858887,0.012514685280621052,12812288,14177,6256,391,-0.6790531,0.003710586236411473,0.009629259891516995,-4.36630365550518,-43.257328,0.006376192651805468,0.005849261152616236,-4.5094639509916306,,,0.95,0.9,c2n,6.644647341773554,6.335339866748166,0.5577712963102279,0.0,-2.9874156,2207.4000803470867,-0.6790531
79,1784870537.436827,,5.28,,5.28,,4.799999999999999,,4.799999999999999,,7.200000000000002,,7.200000000000002,,1.9800000000000002,,1.9800000000000002,,2.759999999999999,,2.759999999999999,,4.890299405902624,,4.559292417485267,,6.688698620186187,,1.9015261423774064,,2.5240342933684587,0.05673978477716446,-0.035888206446543336,0.006301724890363403,1.9961302876472473,0.47239843010902405,0.8347106575965881,0.3005486726760864,-0.11394434422254562,0.17664852738380432,0.5922142267227173,0.05274459719657898,6336,0.5612794160842896,4.112770080566406,0.016131645068526268,12976128,14343,6336,396,-0.9882313,0.0037039698851003776,0.007696292866603472,-4.399842283129692,-5.8409357,0.005437637507566251,0.004291231936076656,-4.576807430386543,,,0.95,0.9,c2n,5.899278967447165,5.8244906729066175,0.45308581707376927,0.0,-6.1642313,2214.8878912520413,-0.9882313
80,1784870609.716758,,5.28,,5.28,,4.799999999999999,,4.799999999999999,,7.200000000000002,,7.200000000000002,,1.9800000000000002,,1.9800000000000002,,2.759999999999999,,2.759999999999999,,5.5920403694035485,,5.0302796037867665,,7.337856139987707,,1.9076936445198953,,2.8970094593823887,0.09066979587078094,-0.0006637222832068801,0.004066637862706557,1.9988315515220165,0.5066518783569336,0.9330804347991943,0.2863389551639557,-0.2423093318939209,0.2124064713716507,0.628276526927948,0.04948469251394272,6416,0.640036404132843,4.552976131439209,0.014687142334878445,13139968,14505,6416,401,-10.443583,0.007410446302674245,0.004410668680793606,-4.422721910476684,-15.600996,0.004897941152739805,0.005668599413911579,-4.611702221632004,,,0.95,0.9,c2n,4.522214445311159,6.96374838555567,0.3370517698337008,0.0,-42.069153,2266.7428962470863,-10.443583
81,1784870684.1511686,,5.28,,5.28,,4.799999999999999,,4.799999999999999,,7.200000000000002,,7.200000000000002,,1.9800000000000002,,1.9800000000000002,,2.759999999999999,,2.759999999999999,,4.7477478929795325,,4.584641342051327,,6.670965442899615,,1.7960963919758797,,2.479331594891846,0.039550647139549255,-0.0074829635086643975,0.0011072036159021081,1.9969419799745083,0.2136801928281784,0.7501066327095032,0.16261591017246246,0.19751305878162384,0.11601945012807846,0.6771430373191833,0.04541469365358353,6496,0.5056220293045044,4.055756568908691,0.004158866126090288,13303808,14665,6496,406,-1.5853637,0.003385689397691749,0.009597374160512118,-4.466684392094612,-7.840674,0.0026066182377689983,0.006649272091453895,-4.653150415420532,,,0.95,0.9,c2n,6.50901682264292,7.5803380211569165,0.3322581766257539,0.0,-7.675975,2201.13321421725,-1.5853637
82,1784870759.0747318,,5.28,,5.28,,4.799999999999999,,4.799999999999999,,7.200000000000002,,7.200000000000002,,1.9800000000000002,,1.9800000000000002,,2.759999999999999,,2.759999999999999,,5.080433689057827,,5.2064265087246895,,7.726711498573422,,1.9813269896549173,,2.8591609408613294,0.09422469139099121,8.180384611478075e-05,0.016076980507932603,2.0084258541464806,0.5655099749565125,0.8887254595756531,0.2849162220954895,0.2520048916339874,0.2116127759218216,0.4780300557613373,0.05237353593111038,6576,0.5957038402557373,4.570812225341797,0.012341317720711231,13467648,14829,6576,411,-1.3967724,0.005326234182575718,0.007136395110137528,-4.5975282222032545,-35.16511,0.010225500652450138,0.007422383247467223,-4.715069246292114,,,0.95,0.9,c2n,5.715192201043495,7.068148603020314,0.6538994348898257,0.0,-4.5466056,2186.761031172304,-1.3967724
83,1784870833.4058845,,5.28,,5.28,,4.799999999999999,,4.799999999999999,,7.200000000000002,,7.200000000000002,,1.9800000000000002,,1.9800000000000002,,2.759999999999999,,2.759999999999999,,5.603572719992371,,5.213779105339199,,7.659613605123013,,2.015716133173555,,3.0019479882903397,0.087018221616745,-0.0015513532853219658,0.010059397187433206,2.0159746184945107,0.5496723055839539,0.8767803311347961,0.3041171431541443,-0.20712023973464966,0.20843124389648438,0.491685688495636,0.05585741996765137,6656,0.5192409753799438,4.698925971984863,0.009055149741470814,13631488,14990,6656,416,-1.4638697,0.002946582234289963,0.009557980700628832,-4.650842759013176,-5.053066,0.006160914732026868,0.00646433223009808,-4.743724131584168,,,0.95,0.9,c2n,6.7907053924678,5.998241429705146,0.4035893795116215,0.0,-6.4869833,2204.19082477031,-1.4638697
84,1784870908.3227322,,5.28,,5.28,,4.799999999999999,,4.799999999999999,,7.200000000000002,,7.200000000000002,,1.9800000000000002,,1.9800000000000002,,2.759999999999999,,2.759999999999999,,5.426445763558149,,4.494647203478962,,6.9400306777097285,,1.8398573072627187,,2.7673271337989718,0.05175746604800224,0.00010134716285392642,0.010092069536767667,2.0275494903326035,0.3605024516582489,0.9415332674980164,0.3492234945297241,0.08595716208219528,0.14057289063930511,0.5141614675521851,0.055419713258743286,6736,0.6194983720779419,4.293662071228027,0.010265156626701355,13795328,15156,6736,421,0.6289073,0.0031776639603776856,0.006221926429134328,-4.681453347206116,-5.6376424,0.0032827839655510615,0.0064871666210819965,-4.800296548008919,,,0.95,0.9,c2n,5.643016691325602,7.335638991464703,0.45505701974022783,0.0,-1.845871,2186.9578268552955,0.6289073
85,1784870982.2257843,,5.28,,5.28,,4.799999999999999,,4.799999999999999,,7.200000000000002,,7.200000000000002,,1.9800000000000002,,1.9800000000000002,,2.759999999999999,,2.759999999999999,,5.626813132315874,,5.254021636210382,,6.972502113319933,,2.1831484411959536,,2.995435077289585,0.04196225106716156,-0.0005365839097066782,0.002460787777636142,2.0347341373562813,0.38269519805908203,0.8142696022987366,0.23679056763648987,0.4611454904079437,0.13294535875320435,0.6598236560821533,0.05681478977203369,6816,0.5501641631126404,4.60638427734375,0.014043392613530159,13959168,15317,6816,426,-7.2320795,0.0048728961024608,0.0043443857342936095,-4.696437740325928,-3.7557702,0.003951811780279968,0.0074902887332427785,-4.841649448871612,,,0.95,0.9,c2n,5.429398874517459,7.109972287638437,0.40155175253463227,0.0,-3.7571845,2216.958302265262,-7.2320795
86,1784871055.2343323,,5.28,,5.28,,4.799999999999999,,4.799999999999999,,7.200000000000002,,7.200000000000002,,1.9800000000000002,,1.9800000000000002,,2.759999999999999,,2.759999999999999,,5.10120416933205,,4.231771619583014,,6.737713176757097,,1.935807199217379,,2.7980721006169915,0.1194339320063591,-0.005004159960662946,0.02124844043282792,2.035063296556473,0.4326660931110382,0.9267503023147583,0.2531449794769287,0.1430714726448059,0.3017372488975525,0.5718092918395996,0.05925390124320984,6896,0.5697886943817139,4.160913944244385,0.009527195245027542,14123008,15479,6896,431,-7.013555,0.0041179462190484625,0.00658221879402845,-4.783255675435067,-4.99641,0.00425433790369425,0.008173766091204016,-4.882242330908776,,,0.95,0.9,c2n,6.369694238502722,7.397880390299188,0.5102325847537054,0.0,-39.928272,2244.1205677129647,-7.013555
87,1784871127.9180782,,5.28,,5.28,,4.799999999999999,,4.799999999999999,,7.200000000000002,,7.200000000000002,,1.9800000000000002,,1.9800000000000002,,2.759999999999999,,2.759999999999999,,5.335152662824839,,4.970284517854452,,7.556317918002605,,2.058554507791996,,2.9184296450112015,0.08548246324062347,-0.005262486476567574,0.005680690133885946,2.042128875851631,0.3489839732646942,0.9778240919113159,0.19249095022678375,-0.06321188062429428,0.20142458379268646,0.6904542446136475,0.058930061757564545,6976,0.6344531774520874,4.567748069763184,0.005734974984079599,14286848,15639,6976,436,-0.79308194,0.0036635562115407082,0.008997943386930274,-4.775649896264076,-13.992772,0.0027625154893030413,0.008360228323726914,-4.904739299416542,,,0.95,0.9,c2n,6.1878777640336775,7.992160822510454,0.4268523653198525,0.0,-53.843452,2254.1490106291135,-0.79308194
88,1784871201.2403522,,5.28,,5.28,,4.799999999999999,,4.799999999999999,,7.200000000000002,,7.200000000000002,,1.9800000000000002,,1.9800000000000002,,2.759999999999999,,2.759999999999999,,4.813843514770269,,4.7627290496602654,,6.586971036624163,,1.8351549847284332,,2.6787726231850684,0.11481683701276779,0.00027439696714282036,0.005273380302242003,2.0445456802845,0.35785973072052,0.8877401351928711,0.14942996203899384,0.04704153910279274,0.2665804922580719,0.6230155825614929,0.05969008803367615,7056,0.6219885349273682,4.135494232177734,0.008698204532265663,14450688,15799,7056,441,1.6453743,0.0038097575801657514,0.008747179017518647,-4.791977459192276,-9.351822,0.0045584077728562985,0.006173778655283968,-4.904879888892173,,,0.95,0.9,c2n,6.703265652004632,7.232630292939488,0.37385347126942675,0.0,-39.47697,2234.518971149213,1.6453743
89,1784871274.667976,,5.28,,5.28,,4.799999999999999,,4.799999999999999,,7.200000000000002,,7.200000000000002,,1.9800000000000002,,1.9800000000000002,,2.759999999999999,,2.759999999999999,,5.075398643035442,,4.969834026414901,,7.20885984133929,,1.9390015611425042,,2.7791938451118767,0.038811903446912766,-0.00970861716177751,0.000992502561530273,2.0481093004345894,0.39927026629447937,0.9340285062789917,0.1268197000026703,0.09926649183034897,0.11343662440776825,0.4950786828994751,0.05708899721503258,7136,0.6238527894020081,4.394457817077637,0.008515512570738792,14614528,15959,7136,446,0.52177215,0.003564358838775661,0.008228759258781793,-4.827281305193901,-37.288773,0.0051685788945178505,0.0065944012378167825,-4.951928490400315,,,0.95,0.9,c2n,6.965238541254931,7.398466991413511,0.3877112557589959,0.0,-16.350674,2231.3131584835437,0.52177215
90,1784871348.3470297,,5.28,,5.28,,4.799999999999999,,4.799999999999999,,7.200000000000002,,7.200000000000002,,1.9800000000000002,,1.9800000000000002,,2.759999999999999,,2.759999999999999,,5.46666173558333,,4.605533355847001,,7.485946947708726,,2.0714403679594398,,2.883046500850469,0.20070938766002655,-0.004914860910503194,0.03962007653899491,2.0493297949433327,0.4052165746688843,0.8709820508956909,0.149525985121727,-0.17950677871704102,0.5156144499778748,0.6278774738311768,0.059567488729953766,7216,0.6421157717704773,4.502525806427002,0.018670907244086266,14778368,16121,7216,451,0.058271356,0.004268582748773042,0.009288234118139371,-4.81383692920208,-33.461582,0.0065701796382199975,0.007382358188624494,-4.998026832938194,,,0.95,0.9,c2n,6.492213942347132,7.032148389600957,0.39733516233997523,0.0,-16.69303,2223.698278925078,0.058271356
91,1784871421.8380518,,5.28,,5.28,,4.799999999999999,,4.799999999999999,,7.200000000000002,,7.200000000000002,,1.9800000000000002,,1.9800000000000002,,2.759999999999999,,2.759999999999999,,5.807026171591133,,5.047628905624151,,6.929339598864317,,2.1271162405610085,,2.960953591391444,0.04582209885120392,-0.006728124310029671,0.0012231699365656823,2.0448919385671616,0.36441120505332947,0.9243297576904297,0.13706769049167633,-0.18724887073040009,0.10939626395702362,0.5963404178619385,0.05476323142647743,7296,0.6439506411552429,4.574413299560547,0.010509843938052654,14942208,16286,7296,456,-15.403646,0.007487192876578774,0.0077652702202613,-4.8407423228025435,-12.619749,0.006047344135004096,0.007977002527331934,-5.0579918146133425,,,0.95,0.9,c2n,5.92337063765622,7.874477448283838,0.3490598347651179,0.0,-24.16596,2229.38796217651,-15.403646
92,1784871494.2316692,,5.28,,5.28,,4.799999999999999,,4.799999999999999,,7.200000000000002,,7.200000000000002,,1.9800000000000002,,1.9800000000000002,,2.759999999999999,,2.759999999999999,,5.772192224860191,,5.332760253921151,,7.570594224147499,,2.046294946456328,,2.8247635844163597,0.05937634035944939,-0.017983963905862765,0.0022204887645784765,2.0552639588713646,0.25863465666770935,0.866974949836731,0.23962090909481049,-0.038671452552080154,0.15084607899188995,0.6027722358703613,0.05265316367149353,7376,0.5604584813117981,4.709321022033691,0.008635061793029308,15106048,16446,7376,461,-13.762552,0.006131442412151955,0.004515334649477154,-4.845476374030113,-1.98961,0.0033846011421701403,0.005951234443637076,-5.107560983300209,,,0.95,0.9,c2n,5.476052887562474,7.109150139850934,0.42369292630452116,0.0,-56.34881,2263.1816604032415,-13.762552
93,1784871565.9716535,,5.28,,5.28,,4.799999999999999,,4.799999999999999,,7.200000000000002,,7.200000000000002,,1.9800000000000002,,1.9800000000000002,,2.759999999999999,,2.759999999999999,,5.574226697906852,,4.762475066818297,,7.419165330938995,,2.1941111125051975,,2.909302033483982,0.02487151324748993,-0.017711431139105116,0.0046448739849438425,2.055718347430229,0.510092556476593,0.7259873151779175,0.29951635003089905,0.45771825313568115,0.06790293008089066,0.5860884189605713,0.054192788898944855,7456,0.5949398279190063,4.5718560218811035,0.010843058116734028,15269888,16607,7456,466,-6.177086,0.006158717296057148,0.005522973644838202,-4.874726665019989,-36.45388,0.005263774169725366,0.007410523876023945,-5.102625533938408,,,0.95,0.9,c2n,5.336372235863347,7.468163383755268,0.44154968422411994,0.0,-40.227882,2283.804169447757,-6.177086
94,1784871638.5467365,,5.28,,5.28,,4.799999999999999,,4.799999999999999,,7.200000000000002,,7.200000000000002,,1.9800000000000002,,1.9800000000000002,,2.759999999999999,,2.759999999999999,,5.989205751568079,,5.335373412352055,,7.569266211241484,,2.1314205516682705,,2.9483958895434625,0.10478779673576355,-0.0034513243444962427,0.01092477394558955,2.067043147981167,0.4641357660293579,0.7582463622093201,0.24814008176326752,0.19769437611103058,0.2557758390903473,0.5781441330909729,0.05373140051960945,7536,0.5406625866889954,4.794732093811035,0.008192596957087517,15433728,16771,7536,471,-16.09087,0.008028831396950408,0.004987419045937714,-4.9073152363300325,-22.972557,0.00568715538829565,0.00792693405674072,-5.139142483472824,,,0.95,0.9,c2n,5.413834811443176,7.180502789233929,0.3620185649509731,0.0,-37.10226,2257.5231537572713,-16.09087
95,1784871711.48957,,5.28,,5.28,,4.799999999999999,,4.799999999999999,,7.200000000000002,,7.200000000000002,,1.9800000000000002,,1.9800000000000002,,2.759999999999999,,2.759999999999999,,5.4681589608080685,,4.895094297360629,,7.158186404034495,,2.1502364510670304,,2.7573102944152197,0.04309931769967079,0.0002444569436192978,0.013877739886083873,2.0692805349826813,0.3589576780796051,0.8787527084350586,0.26142680644989014,0.10542996227741241,0.11278114467859268,0.504012942314148,0.0618608221411705,7616,0.6478347778320312,4.485796928405762,0.011721941642463207,15597568,16936,7616,476,-4.9746237,0.005433479253406403,0.005956099432660266,-4.947629624605179,-0.4639863,0.007984909391961992,0.007915278285508975,-5.141328933835029,,,0.95,0.9,c2n,6.171669504323019,5.924892976827555,0.5774118551092946,0.0,-34.437668,2246.1439557690906,-4.9746237
96,1784871784.473935,,5.28,,5.28,,4.799999999999999,,4.799999999999999,,7.200000000000002,,7.200000000000002,,1.9800000000000002,,1.9800000000000002,,2.759999999999999,,2.759999999999999,,5.634684497490525,,5.349754508584738,,7.601335974875838,,2.1315498761832714,,2.9781357585452497,0.09114949405193329,-0.0024699564310139976,0.009411915103555657,2.075018636882305,0.4086308181285858,0.9045014381408691,0.2318427860736847,0.07739531993865967,0.2062874734401703,0.429071307182312,0.06408105790615082,7696,0.5554977059364319,4.7390923500061035,0.013659117743372917,15761408,17105,7696,481,-5.596613,0.005727377934817923,0.007350216193299275,-4.991711163520813,-44.153633,0.010965139986365103,0.008166595493094064,-5.152668032050133,,,0.95,0.9,c2n,5.491537141811009,7.931527142754251,0.5160608890631012,0.0,-24.572227,2244.8629023916747,-5.596613
97,1784871859.1800442,,5.28,,5.28,,4.799999999999999,,4.799999999999999,,7.200000000000002,,7.200000000000002,,1.9800000000000002,,1.9800000000000002,,2.759999999999999,,2.759999999999999,,4.953209655359387,,4.542254598927684,,6.7294786856509745,,1.7046403782442212,,2.568787113763392,0.1013663113117218,-0.0026786974194692448,0.008717858145246282,2.0824519768357277,0.5254223346710205,0.7981358766555786,0.3077094554901123,-0.22176244854927063,0.2466334104537964,0.7042795419692993,0.06345555186271667,7776,0.6067222356796265,4.099674224853516,0.04766030237078667,15925248,17269,7776,486,-9.416356,0.007037785183638334,0.010361343358817976,-4.980215096473694,-28.04488,0.009642669637105427,0.0071024719873094,-5.137787085771561,,,0.95,0.9,c2n,6.027346617089575,7.6255057335450145,0.4685005750635686,0.0,-4.770566,2193.127435579816,-9.416356
98,1784871931.9554806,,5.28,,5.28,,4.799999999999999,,4.799999999999999,,7.200000000000002,,7.200000000000002,,1.9800000000000002,,1.9800000000000002,,2.759999999999999,,2.759999999999999,,5.074180664960295,,4.45493936620187,,6.739163304679096,,1.9131258809939027,,2.7554132065561134,0.04316725954413414,-0.002887415699660778,0.007401664439385058,2.0839797481894493,0.4205288290977478,0.8976091146469116,0.20223331451416016,-0.0349900908768177,0.1129806637763977,0.45466482639312744,0.06672994047403336,7856,0.5750409960746765,4.187364101409912,0.021801209077239037,16089088,17441,7856,491,-30.522388,0.009687860491976608,0.005439045467210235,-4.976597407460213,-18.813267,0.007745790894841775,0.005267788399214624,-5.183142200112343,,,0.95,0.9,c2n,5.848991576911669,7.318163185362161,0.42235476735505356,0.0,-80.69705,2251.309304208917,-30.522388
99,1784872001.9598367,,5.28,,5.28,,4.799999999999999,,4.799999999999999,,7.200000000000002,,7.200000000000002,,1.9800000000000002,,1.9800000000000002,,2.759999999999999,,2.759999999999999,,5.85303276788909,,5.417519367299974,,7.6124532436951995,,2.2483041882514954,,3.110482966527343,0.06325770914554596,-0.010546818761213217,0.005003646509067039,2.0878386795520782,0.4790743887424469,0.838893711566925,0.2601200044155121,0.08824343979358673,0.17996743321418762,0.5680105090141296,0.07300864905118942,7936,0.5226578116416931,4.848358631134033,0.03345610201358795,16252928,17608,7936,496,-13.933081,0.013435878219024745,0.005530314431962324,-4.998963874578476,-40.204044,0.009823368029901757,0.005639164433523547,-5.195683872699737,,,0.95,0.9,c2n,6.270114283717338,7.847090564707048,0.4661745268965569,0.0,-74.05045,2340.425223545119,-13.933081
100,1784872074.5808008,,5.28,,5.28,,4.799999999999999,,4.799999999999999,,7.200000000000002,,7.200000000000002,,1.9800000000000002,,1.9800000000000002,,2.759999999999999,,2.759999999999999,,5.281915736850351,,4.8367409580387175,,7.285822384059429,,2.0160920390626416,,2.7226654812693596,0.09597920626401901,-0.0007621899767400464,0.009031786990817636,2.0950437635183334,0.2972549498081207,0.9200645685195923,0.12815625965595245,-0.016672082245349884,0.2512076497077942,0.6963502168655396,0.061555035412311554,8016,0.6405714750289917,4.428647518157959,0.018354075029492378,16416768,17773,8016,501,-4.1513567,0.00679473394411616,0.007133934949524701,-5.016338264942169,-37.825523,0.008192577364388854,0.006694261923257727,-5.2088239878416065,,,0.95,0.9,c2n,6.847557547176263,7.440960867888734,0.317939904289231,0.0,-19.290314,2256.09789994437,-4.1513567
101,1784872147.0862622,,5.28,,5.28,,4.799999999999999,,4.799999999999999,,7.200000000000002,,7.200000000000002,,1.9800000000000002,,1.9800000000000002,,2.759999999999999,,2.759999999999999,,5.264528468251228,,4.975682856456842,,7.218943311367184,,2.098450851626694,,2.902812016196549,0.04294430464506149,-0.011045555482269265,0.0035789392386504915,2.0939575657248497,0.427977591753006,0.942160427570343,0.27245986461639404,-0.04007180035114288,0.11805683374404907,0.6052005887031555,0.05602322518825531,8096,0.6458405256271362,4.492083549499512,0.0056332689709961414,16580608,17942,8096,506,-14.478493,0.013206162996357306,0.00431320823263377,-4.992350161075592,-18.050358,0.009012169786728919,0.006468052759009879,-5.21564034819603,,,0.95,0.9,c2n,6.471976766406162,6.487012330677868,0.41673313817290664,0.0,-16.614698,2259.691882717764,-14.478493
102,1784872219.3939445,,5.28,,5.28,,4.799999999999999,,4.799999999999999,,7.200000000000002,,7.200000000000002,,1.9800000000000002,,1.9800000000000002,,2.759999999999999,,2.759999999999999,,5.58544036000967,,4.997446285560727,,7.3382278345525265,,2.101313028484583,,2.752511080354452,0.08847234398126602,-0.0018484762404114008,0.05120799252472352,2.0968531519174576,0.3737817108631134,0.7984853982925415,0.17823003232479095,0.2429506629705429,0.23841124773025513,0.5772073864936829,0.05073852092027664,8176,0.6652622222900391,4.554987907409668,0.016068359836935997,16744448,18110,8176,511,-15.999022,0.014983715684502385,0.007274188038718421,-4.9944715082645414,-17.496395,0.008954090192855802,0.006870273598178755,-5.2386106759309765,,,0.95,0.9,c2n,6.533850861482703,7.468586570722431,0.8990075352451232,0.0,-55.35163,2265.8725736224364,-15.999022
103,1784872292.2770374,,5.28,,5.28,,4.799999999999999,,4.799999999999999,,7.200000000000002,,7.200000000000002,,1.9800000000000002,,1.9800000000000002,,2.759999999999999,,2.759999999999999,,4.973382642958313,,5.03228603489697,,6.916766913607717,,1.94566555833444,,2.577189584262669,0.09486375749111176,-0.0010700451493903529,0.0033868450263980776,2.0988782718777657,0.3177345395088196,0.7431983947753906,0.15130366384983063,0.3004307746887207,0.2248908430337906,0.6395453214645386,0.050312936305999756,8192,0.5960149168968201,4.289057731628418,0.0071542286314070225,16908288,18277,8256,516,1.785505,0.010612801207753365,0.009175747848348691,-5.013937777280807,-10.4570265,0.0041228081521694545,0.009621358875301666,-5.22946406006813,,,0.95,0.9,c2n,6.558400409833356,7.436153254090945,0.24621115919655906,0.0,-47.637917,2247.9838211181527,1.785505
104,1784872365.0017042,,5.28,,5.28,,4.799999999999999,,4.799999999999999,,7.200000000000002,,7.200000000000002,,1.9800000000000002,,1.9800000000000002,,2.759999999999999,,2.759999999999999,,4.79629001673311,,4.133284721523523,,6.688073222525418,,1.8885572620201856,,2.644695491530001,0.049980517476797104,-0.011304950166959316,0.004888897641649237,2.1056288555264473,0.3113948106765747,0.9307309985160828,0.139217808842659,0.06694045662879944,0.15516650676727295,0.671394407749176,0.05009646713733673,8192,0.5475069284439087,4.03018045425415,0.013581514358520508,17072128,18442,8336,521,-21.559406,0.006701547317788936,0.007897082921408583,-5.045186829566956,-20.14986,0.0067325876691029405,0.007936552183673484,-5.23737466931343,,,0.95,0.9,c2n,6.496043673730855,7.905386938160865,0.4566929032523547,0.0,-40.481842,2252.8805626682383,-21.559406
105,1784872438.145304,,5.28,,5.28,,4.799999999999999,,4.799999999999999,,7.200000000000002,,7.200000000000002,,1.9800000000000002,,1.9800000000000002,,2.759999999999999,,2.759999999999999,,5.177302515337942,,5.139609263278544,,7.145455410704017,,2.036471870262176,,2.6661046449735295,0.11645489186048508,-0.0061418439690896776,0.006483333541837055,2.111014559864998,0.37724021077156067,0.9354540705680847,0.29372331500053406,0.09573231637477875,0.29975074529647827,0.4760100543498993,0.05071572959423065,8192,0.6106353998184204,4.43298864364624,0.015738463029265404,17235968,18607,8416,526,0.9468835,0.005031381562002934,0.008856910219765268,-5.06523851454258,-24.694088,0.008173072525823954,0.008589758630114375,-5.221806824207306,,,0.95,0.9,c2n,6.487790720198285,6.87595426214038,0.38125986440458615,0.0,-16.77488,2239.977239083413,0.9468835
106,1784872510.6985807,,5.28,,5.28,,4.799999999999999,,4.799999999999999,,7.200000000000002,,7.200000000000002,,1.9800000000000002,,1.9800000000000002,,2.759999999999999,,2.759999999999999,,5.452540299855173,,4.913734627887607,,7.299001491628587,,2.001679775887169,,2.9306952748447657,0.07746756821870804,-0.00021858490072190762,0.0043894703121623024,2.110752657055855,0.36627689003944397,0.8779974579811096,0.24511712789535522,-0.11730476468801498,0.18829724192619324,0.6656703352928162,0.04902457445859909,8192,0.6305415034294128,4.519530296325684,0.012410246767103672,17399808,18769,8496,531,-14.928179,0.006554203155246796,0.006227003448293545,-5.097329592704773,-18.417728,0.01116024526709225,0.005634413886582479,-5.22953851222992,,,0.95,0.9,c2n,6.43337930513586,6.980231910713721,0.3200684082717119,0.0,-13.527562,2258.2026490571807,-14.928179
107,1784872583.4271493,,5.28,,5.28,,4.799999999999999,,4.799999999999999,,7.200000000000002,,7.200000000000002,,1.9800000000000002,,1.9800000000000002,,2.759999999999999,,2.759999999999999,,5.464213401079178,,5.300655949860811,,7.865699229298116,,2.203554628882557,,2.88880223268643,0.10826520621776581,2.8711045160889626e-05,0.0064706390257924795,2.114329494535923,0.4134382903575897,0.8589038848876953,0.26768383383750916,-0.3139904737472534,0.2631154954433441,0.47715243697166443,0.05137835070490837,8192,0.5740487575531006,4.744585037231445,0.018186628818511963,17563648,18940,8576,536,3.3128903,0.006147464714740636,0.007170751367084449,-5.141172397136688,-13.525914,0.015523947682231665,0.006727879877144005,-5.211576291918755,,,0.95,0.9,c2n,6.584436041073156,7.508688667147185,0.3339600896183531,0.0,-56.518505,2252.7615454168995,3.3128903
108,1784872657.5291736,,5.28,,5.28,,4.799999999999999,,4.799999999999999,,7.200000000000002,,7.200000000000002,,1.9800000000000002,,1.9800000000000002,,2.759999999999999,,2.759999999999999,,5.304384594783187,,4.858912765514106,,7.50229985290207,,1.8799111797707155,,2.7457693833857775,0.053481221199035645,-0.022768179573176894,0.001979419526833226,2.1266193836927414,0.3880724310874939,0.8145490884780884,0.2627098560333252,-0.3337336778640747,0.13868527114391327,0.5152988433837891,0.04816286638379097,8192,0.604301393032074,4.458254814147949,0.017525920644402504,17727488,19110,8656,541,-24.919777,0.011282397936156485,0.004923388235329185,-5.129040449857712,-18.279812,0.014064599853008985,0.0075343474032706585,-5.214215725660324,,,0.95,0.9,c2n,5.648370774147405,7.542544816706325,0.3809758308076259,0.0,-40.426952,2211.004079367388,-24.919777
109,1784872732.0691533,,5.28,,5.28,,4.799999999999999,,4.799999999999999,,7.200000000000002,,7.200000000000002,,1.9800000000000002,,1.9800000000000002,,2.759999999999999,,2.759999999999999,,5.610742871416733,,4.535658443812281,,7.096374945132993,,2.0009895879775286,,2.8693413669243455,0.09230685234069824,-0.0007350512023549527,0.0031187842396320775,2.129360891878605,0.3677874207496643,0.9188218116760254,0.22039976716041565,-0.12170188128948212,0.30777183175086975,0.6616581082344055,0.04988066107034683,8192,0.6439732313156128,4.422621726989746,0.03756150230765343,17891328,19279,8736,546,-5.7100396,0.005923661818087567,0.006930249874130823,-5.105004385113716,-40.84156,0.014535646888543852,0.005378964218107285,-5.233366087079048,,,0.95,0.9,c2n,6.2708163320268655,7.611696404906619,0.2513465951274216,0.0,-5.005534,2198.015131019428,-5.7100396
110,1784872806.3611903,,5.28,,5.28,,4.799999999999999,,4.799999999999999,,7.200000000000002,,7.200000000000002,,1.9800000000000002,,1.9800000000000002,,2.759999999999999,,2.759999999999999,,5.3124772645533085,,4.963763827458024,,7.584708568523638,,1.8895937181077898,,2.970993567374535,0.03927137330174446,-0.011544543089257786,0.006042391119990498,2.132546916604042,0.3574551045894623,0.8672999739646912,0.1892457902431488,-0.0749545618891716,0.1039394810795784,0.6608192920684814,0.05409638211131096,8192,0.5701700448989868,4.544307231903076,0.008173679001629353,18055168,19442,8816,551,-5.8865356,0.00697372159047518,0.00949897822283674,-5.126181542873383,-11.158793,0.006104822228371632,0.00674600361235207,-5.25950403213501,,,0.95,0.9,c2n,6.4691165614536015,7.574433316946033,0.4135011487151783,0.0,-3.3334832,2205.350828546626,-5.8865356
111,1784872878.4939125,,5.28,,5.28,,4.799999999999999,,4.799999999999999,,7.200000000000002,,7.200000000000002,,1.9800000000000002,,1.9800000000000002,,2.759999999999999,,2.759999999999999,,5.239637083373964,,4.780763330170885,,6.987531143939123,,2.0258274944499135,,2.6302011464722455,0.11586502939462662,3.9616163121536374e-05,0.020233903618645854,2.1432041227817535,0.2831783890724182,0.8317971229553223,0.20818455517292023,-0.07363483309745789,0.278519868850708,0.6376599669456482,0.052921049296855927,8192,0.6253775358200073,4.332791805267334,0.011127114295959473,18219008,19607,8896,556,-30.794428,0.012224043550668284,0.00817747641413007,-5.084639441967011,0.75457,0.008749720551713835,0.007626298812101595,-5.316603222489357,,,0.95,0.9,c2n,6.180710254409076,6.696407771979482,0.5446479297626076,0.0,-19.105093,2271.3686370433848,-30.794428
112,1784872951.2208967,,5.28,,5.28,,4.799999999999999,,4.799999999999999,,7.200000000000002,,7.200000000000002,,1.9800000000000002,,1.9800000000000002,,2.759999999999999,,2.759999999999999,,4.947452455991879,,4.762769723311067,,7.184903691988438,,1.9267896708333865,,2.7854922343976796,0.025730691850185394,-0.005065679593826644,0.0020190504046695423,2.148973785340786,0.32911479473114014,0.8457444310188293,0.18544170260429382,0.271388977766037,0.06907162815332413,0.6572600603103638,0.05209856852889061,8192,0.6435946822166443,4.321481704711914,0.004124886821955442,18382848,19772,8976,561,-23.720516,0.012366688103065826,0.0070277186649036595,-5.091923847794533,-10.8304,0.004808386143122334,0.007402522679331014,-5.326101294159889,,,0.95,0.9,c2n,6.688794180105026,6.692461880968435,0.3707648815004422,0.0,-23.337109,2252.809003094819,-23.720516
113,1784873024.6651368,,5.28,,5.28,,4.799999999999999,,4.799999999999999,,7.200000000000002,,7.200000000000002,,1.9800000000000002,,1.9800000000000002,,2.759999999999999,,2.759999999999999,,4.778042231220752,,4.816366404294968,,6.984644160140306,,1.8201165655627847,,2.6228124243207276,0.029625428840517998,-0.004778650545631535,0.002764053582723136,2.1442134976387024,0.44813987612724304,0.9538383483886719,0.15302178263664246,0.046670958399772644,0.09072127938270569,0.5019228458404541,0.047794975340366364,8192,0.6234582662582397,4.2043962478637695,0.016049129888415337,18546688,19936,9056,566,-14.157202,0.007569322659401223,0.00553011717274785,-5.145131227374077,-19.02664,0.006016707705566659,0.008144167858699803,-5.326141020655632,,,0.95,0.9,c2n,6.456046998831676,7.5724315299800535,0.35331579906599425,0.0,-39.36703,2230.8077667910256,-14.157202
114,1784873099.4972088,,5.28,,5.28,,4.799999999999999,,4.799999999999999,,7.200000000000002,,7.200000000000002,,1.9800000000000002,,1.9800000000000002,,2.759999999999999,,2.759999999999999,,5.15391609352082,,4.307531290687621,,6.841814370825887,,1.767241707071662,,2.588274692359846,0.11447346955537796,-0.005505664259544574,0.0055770148828742094,2.148953065276146,0.32954901456832886,0.9253520369529724,0.22200867533683777,0.5906580090522766,0.2893727123737335,0.4210551679134369,0.04754692316055298,8192,0.6150218844413757,4.131755352020264,0.008122721686959267,18710528,20108,9136,571,-29.946177,0.009021121021942236,0.007656068664800841,-5.165909948945045,-16.357489,0.005450581645709463,0.006848131152946735,-5.334743237495422,,,0.95,0.9,c2n,6.919046943788402,7.7297069369133835,0.2813489089882304,0.0,0.045458697,2189.4357298784917,-29.946177
115,1784873173.4596193,,5.28,,5.28,,4.799999999999999,,4.799999999999999,,7.200000000000002,,7.200000000000002,,1.9800000000000002,,1.9800000000000002,,2.759999999999999,,2.759999999999999,,4.860681527527049,,3.984504942316562,,6.709926229668781,,1.8058515216689557,,2.5754790888167918,0.0464695580303669,-0.0011076486553065479,0.0021107487827976,2.1515388414263725,0.3691979646682739,0.9128614664077759,0.21827708184719086,0.06740033626556396,0.12355656176805496,0.6948827505111694,0.04906098544597626,8192,0.5316398739814758,3.9872889518737793,0.013932052999734879,18874368,20275,9216,576,-4.9068866,0.006904790431144647,0.011751674476545303,-5.203018313646316,-5.9792585,0.006812704475305509,0.009041617889306509,-5.3675888776779175,,,0.95,0.9,c2n,7.001612020233608,7.575915654472564,0.4364556099995908,0.0,-16.54343,2215.1792114978343,-4.9068866
116,1784873247.469455,,5.28,,5.28,,4.799999999999999,,4.799999999999999,,7.200000000000002,,7.200000000000002,,1.9800000000000002,,1.9800000000000002,,2.759999999999999,,2.759999999999999,,5.9191705994307995,,5.171286311931908,,7.688843740848824,,2.2909503900445998,,2.9449290530756116,0.04794550687074661,-0.002573838966782205,0.0038871849574206863,2.155506119132042,0.3099842965602875,0.7853791117668152,0.17428608238697052,-0.13429208099842072,0.13301612436771393,0.4056815207004547,0.0519939661026001,8192,0.5188806056976318,4.803035736083984,0.018152983859181404,19038208,20440,9296,581,-4.443315,0.00647276831587078,0.008651771493168781,-5.217371302843094,-56.167988,0.00888418679824099,0.007232764119544299,-5.424377179145813,,,0.95,0.9,c2n,6.801837032234576,7.904585550262813,0.417941805614609,0.0,-39.570568,2213.759702990763,-4.443315
117,1784873319.2799997,,5.28,,5.28,,4.799999999999999,,4.799999999999999,,7.200000000000002,,7.200000000000002,,1.9800000000000002,,1.9800000000000002,,2.759999999999999,,2.759999999999999,,5.730139136314392,,5.001017574220896,,7.284659752622247,,2.146538857370615,,2.829598556738347,0.09734000265598297,-0.0017938095625140704,0.007146600997657515,2.1635647267103195,0.3029099702835083,0.9369432330131531,0.10992679744958878,0.18362167477607727,0.23994365334510803,0.5623557567596436,0.05408899113535881,8192,0.58790123462677,4.598391056060791,0.010964792221784592,19202048,20604,9376,586,-4.995584,0.007996951727545821,0.009784254018450156,-5.2095912337303165,-29.159649,0.005232504004379734,0.008298882636881898,-5.450956621766091,,,0.95,0.9,c2n,6.5589019253703995,8.276356830524874,0.3413066883491341,0.0,-35.036674,2281.559097966785,-4.995584
118,1784873392.190198,,5.28,,5.28,,4.799999999999999,,4.799999999999999,,7.200000000000002,,7.200000000000002,,1.9800000000000002,,1.9800000000000002,,2.759999999999999,,2.759999999999999,,5.123258046805859,,4.34890690818429,,6.735688214190303,,1.8990605170838535,,2.6060027945786715,0.09186387062072754,-0.0006797329042456113,0.01404622124391608,2.1710617020726204,0.27150699496269226,1.0009573698043823,0.11177659034729004,0.10472150892019272,0.2290785312652588,0.3941323459148407,0.04995795711874962,8192,0.6229908466339111,4.14258337020874,0.010265465825796127,19365888,20774,9456,591,-14.33185,0.01240140292502474,0.00790003367801546,-5.230440625548363,-18.82445,0.006342320404655766,0.008450858012656682,-5.4761928409338,,,0.95,0.9,c2n,6.1760657102397065,7.795389755591982,0.45382889160288925,0.0,0.21171728,2247.147922767624,-14.33185
119,1784873465.5377223,,5.28,,5.28,,4.799999999999999,,4.799999999999999,,7.200000000000002,,7.200000000000002,,1.9800000000000002,,1.9800000000000002,,2.759999999999999,,2.759999999999999,,5.366841530427337,,4.742945508100092,,7.284488821402192,,2.1601271349936724,,2.6715407129377127,0.04569912701845169,-0.008632547955130576,0.003340863717312459,2.1716965213418007,0.3055681884288788,0.91363924741745,0.19612953066825867,0.12645278871059418,0.13355319201946259,0.4301958978176117,0.052654631435871124,8192,0.6663662791252136,4.445188999176025,0.006487646140158176,19529728,20943,9536,596,3.9743488,0.006420402684307191,0.0089335401156859,-5.257421240210533,-42.02375,0.016536349026137032,0.005464980797842145,-5.487375581264496,,,0.95,0.9,c2n,6.368531203935744,6.8143812085523,0.32721977414264447,0.0,-0.46232742,2233.7495447977944,3.9743488
120,1784873537.089236,,5.28,,5.28,,4.799999999999999,,4.799999999999999,,7.200000000000002,,7.200000000000002,,1.9800000000000002,,1.9800000000000002,,2.759999999999999,,2.759999999999999,,5.4868941775057465,,5.291905615013093,,7.72859212430194,,2.12712489743717,,2.8457100614905357,0.09720607846975327,-0.004548648692434654,0.01063263215473853,2.172661781311035,0.36128395795822144,0.761848509311676,0.26347237825393677,-0.18115513026714325,0.27620866894721985,0.42603349685668945,0.049937352538108826,8192,0.5949267148971558,4.696045398712158,0.03694199025630951,19693568,21112,9616,601,3.099321,0.0049146753619425,0.009361815876764013,-5.2852382361888885,-14.944307,0.013473187561612577,0.0068625738946138885,-5.5046826839447025,,,0.95,0.9,c2n,6.938824192335289,6.713085261018383,0.32096322194291166,0.0,-18.449429,2289.8187856960244,3.099321
121,1784873608.5175333,,5.28,,5.28,,4.799999999999999,,4.799999999999999,,7.200000000000002,,7.200000000000002,,1.9800000000000002,,1.9800000000000002,,2.759999999999999,,2.759999999999999,,5.484587575308979,,4.49262028047815,,7.163015253841877,,1.8954189737560228,,2.553448780439794,0.05586177855730057,-0.004044422094011679,0.004476573707506759,2.1823071986436844,0.2888084948062897,0.9754116535186768,0.15461288392543793,-0.12978072464466095,0.1632460057735443,0.38252922892570496,0.049877800047397614,8192,0.6401170492172241,4.3178181648254395,0.0065775406546890736,19857408,21276,9696,606,1.6664022,0.007209760691330303,0.007571659874520265,-5.260133817791939,-17.771732,0.008766388683579863,0.00823526467429474,-5.51813790500164,,,0.95,0.9,c2n,5.35454917849821,7.479171626160832,0.317100114399516,0.0,-82.42385,2293.7688265002007,1.6664022
122,1784873678.7537224,,5.28,,5.28,,4.799999999999999,,4.799999999999999,,7.200000000000002,,7.200000000000002,,1.9800000000000002,,1.9800000000000002,,2.759999999999999,,2.759999999999999,,5.6493086606496945,,4.773363679647446,,7.414526508189738,,2.0756229646503925,,2.676461787894368,0.03784225881099701,-0.022434109763707966,0.0012066754079569364,2.182704448699951,0.21550863981246948,0.7859174609184265,0.1622002273797989,0.1692201942205429,0.0946710854768753,0.541106641292572,0.05295375734567642,8192,0.6369308233261108,4.517856597900391,0.005948957055807114,20021248,21438,9776,611,-13.810434,0.009654572783620096,0.004756800887116696,-5.297752332687378,0.56855816,0.005472222826210782,0.009446223013219424,-5.535852625966072,,,0.95,0.9,c2n,4.9821813644580555,7.947060649664367,0.374733666261832,0.0,-54.94805,2332.700661104528,-13.810434
123,1784873750.107541,,5.28,,5.28,,4.799999999999999,,4.799999999999999,,7.200000000000002,,7.200000000000002,,1.9800000000000002,,1.9800000000000002,,2.759999999999999,,2.759999999999999,,5.1648243479430676,,4.773424725048244,,7.072337782941759,,1.9688185332342982,,2.8763320562429726,0.12316416949033737,0.000293967459583655,0.0057754867666517384,2.184139922261238,0.3143347501754761,0.9423319101333618,0.18534055352210999,0.10334855318069458,0.28614482283592224,0.48984307050704956,0.04943268746137619,8192,0.6769102811813354,4.371148109436035,0.008762670680880547,20185088,21601,9856,616,-22.8203,0.010520400259702,0.007534668158041313,-5.3034011095762255,-26.480246,0.007925293411244639,0.0061349960946245116,-5.488804286718368,,,0.95,0.9,c2n,6.4858044433441595,6.5510632708195775,0.35874973890064227,0.0,-16.04771,2296.1629762990633,-22.8203
124,1784873820.0904217,,5.28,,5.28,,4.799999999999999,,4.799999999999999,,7.200000000000002,,7.200000000000002,,1.9800000000000002,,1.9800000000000002,,2.759999999999999,,2.759999999999999,,5.6611214354634285,,5.107808542437851,,7.450858352705836,,2.2139678397215903,,3.0314746131189167,0.1669708490371704,-0.006442169367801398,0.01559852625359781,2.1912863105535507,0.3386301100254059,0.9764611721038818,0.4764472246170044,-0.08072876930236816,0.41439107060432434,0.4359235465526581,0.049354150891304016,8192,0.6355315446853638,4.6930460929870605,0.03560284525156021,20348928,21781,9936,621,-4.695358,0.00909282231295947,0.010991684586042539,-5.301176929473877,-70.71205,0.020160970790311695,0.007803872763179243,-5.425115260481834,,,0.95,0.9,c2n,7.593733822679303,8.550547077265495,0.38888231771600346,0.0,-57.573925,2341.1439429815027,-4.695358
125,1784873890.4986777,,5.28,,5.28,,4.799999999999999,,4.799999999999999,,7.200000000000002,,7.200000000000002,,1.9800000000000002,,1.9800000000000002,,2.759999999999999,,2.759999999999999,,5.214001089334488,,4.678876336663961,,7.117332391440868,,2.0502871382050216,,2.785625374643132,0.06009536236524582,-0.0028340350108919665,0.007006064332017559,2.1907140389084816,0.3148597180843353,0.981636106967926,0.1788761168718338,0.06138046085834503,0.18190394341945648,0.5030009746551514,0.04639260470867157,8192,0.6484780311584473,4.369224548339844,0.011360369622707367,20512768,21947,10016,626,-13.3485155,0.007880143188231159,0.008432041872583795,-5.26956482231617,-24.657215,0.009986179033876396,0.007552713400946232,-5.408521422743798,,,0.95,0.9,c2n,6.1697091761486735,7.229300172303293,0.34638744535268473,0.0,-50.914448,2326.9999108612105,-13.3485155
126,1784873964.6210098,,5.28,,5.28,,4.799999999999999,,4.799999999999999,,7.200000000000002,,7.200000000000002,,1.9800000000000002,,1.9800000000000002,,2.759999999999999,,2.759999999999999,,5.060259421705268,,4.791671892628074,,7.20392751134932,,1.925435648765415,,2.6886418485082686,0.10029307007789612,-0.004156652692472562,0.0061295699124457315,2.1972282230854034,0.2048255205154419,0.9725561738014221,0.16476623713970184,-0.1885155737400055,0.23559899628162384,0.3585105538368225,0.051459282636642456,8192,0.6745429635047913,4.333987236022949,0.0233492162078619,20676608,22144,10096,631,-12.567268,0.009399336016213056,0.006037147753522732,-5.283276605606079,-61.83338,0.01983036448364146,0.004902842752926517,-5.401900070905685,,,0.95,0.9,c2n,5.926101965376925,8.066376346862057,0.2703542873617165,0.0,-38.70058,2210.3999949556296,-12.567268
127,1784874036.5512245,,5.28,,5.28,,4.799999999999999,,4.799999999999999,,7.200000000000002,,7.200000000000002,,1.9800000000000002,,1.9800000000000002,,2.759999999999999,,2.759999999999999,,4.880541048943996,,4.5722646266222,,6.848624559119344,,1.965103160124272,,2.804735858226195,0.07824936509132385,-0.000707368384610163,0.0041040576179511845,2.2023443430662155,0.28608447313308716,0.835783839225769,0.25690773129463196,-0.11046139895915985,0.18953624367713928,0.41173747181892395,0.05753323808312416,8192,0.6432022452354431,4.214253902435303,0.019097797572612762,20840448,22339,10176,636,2.9403572,0.005565351698896848,0.009886234003352002,-5.250146102905274,-21.772738,0.01734502731706016,0.008925730208284221,-5.429258203506469,,,0.95,0.9,c2n,6.342804989364079,8.178163186873519,0.23068596381506,0.0,-56.56202,2277.7634608651865,2.9403572
128,1784874108.8674088,,5.28,,5.28,,4.799999999999999,,4.799999999999999,,7.200000000000002,,7.200000000000002,,1.9800000000000002,,1.9800000000000002,,2.759999999999999,,2.759999999999999,,5.200775157602038,,4.923913218779489,,7.268524944782257,,2.1580993477255106,,2.794707383029163,0.17340247333049774,-0.019795038737356663,0.03847554180538282,2.2057376578450203,0.32059237360954285,0.8722793459892273,0.2562338709831238,0.33841851353645325,0.46730417013168335,0.36955955624580383,0.055959127843379974,8192,0.6325876116752625,4.469203948974609,0.03504759445786476,21004288,22550,10256,641,-13.340924,0.007825758824765217,0.0061142955659306605,-5.253055855631828,-70.08761,0.03685915720416233,0.006828261866758112,-5.4686273515224455,,,0.95,0.9,c2n,6.007716651794099,9.172672065702004,0.5219490460736105,0.0,-31.330368,2265.6060507673587,-13.340924
129,1784874182.466455,,5.28,,5.28,,4.799999999999999,,4.799999999999999,,7.200000000000002,,7.200000000000002,,1.9800000000000002,,1.9800000000000002,,2.759999999999999,,2.759999999999999,,4.869988847523928,,4.343377202749252,,6.407256927341223,,1.8255902109667659,,2.7243608362041414,0.061481039971113205,0.00014717720296175685,0.016866998907062225,2.2050144225358963,0.30396223068237305,0.9604885578155518,0.25489720702171326,0.005095592234283686,0.1936330646276474,0.3684403598308563,0.05480477958917618,8192,0.4943138062953949,4.034114837646484,0.017506754025816917,21168128,22744,10336,646,-4.9744368,0.008609762384730857,0.006898212614760269,-5.254961410164833,-47.632347,0.015901584137463943,0.007788700787932612,-5.462820920348167,,,0.95,0.9,c2n,5.842314984101899,8.082276699756363,0.5206790447281731,0.0,-33.028557,2226.115831996651,-4.9744368
130,1784874254.4570687,,5.28,,5.28,,4.799999999999999,,4.799999999999999,,7.200000000000002,,7.200000000000002,,1.9800000000000002,,1.9800000000000002,,2.759999999999999,,2.759999999999999,,4.880850709974766,,3.970740921795368,,6.87052093539387,,1.7132494961842895,,2.612881769426167,0.04782131314277649,-0.0008763532096054405,0.002757264568572282,2.211419217288494,0.326299250125885,0.9859256744384766,0.24136000871658325,-0.5785344839096069,0.12868689000606537,0.5409619212150574,0.057430971413850784,8192,0.5670210719108582,4.00964879989624,0.015009569004178047,21331968,22918,10416,651,-13.990277,0.006817611683800351,0.008098320664430503,-5.306123730540276,-25.955017,0.011752154180430806,0.008518024675140623,-5.4849755465984344,,,0.95,0.9,c2n,7.0977301679671765,8.29175144243499,0.44514235352351866,0.0,-69.481865,2275.8526886698673,-13.990277
131,1784874326.597955,,5.28,,5.28,,4.799999999999999,,4.799999999999999,,7.200000000000002,,7.200000000000002,,1.9800000000000002,,1.9800000000000002,,2.759999999999999,,2.759999999999999,,5.169917828403413,,5.193100994452834,,7.5336358323693275,,2.0894120899611153,,2.8028166773729026,0.07955105602741241,-0.00023277652216791012,0.008721279635210522,2.2221281304955482,0.25260859727859497,0.9596500992774963,0.38933438062667847,-0.014851173385977745,0.1954607218503952,0.5076672434806824,0.05541149526834488,8192,0.6066039800643921,4.557776927947998,0.03224383667111397,21495808,23102,10496,656,3.4997323,0.0060123498406028375,0.007718099179328419,-5.297219815850258,-46.9767,0.030356111703440547,0.0069210981630021704,-5.494886803627014,,,0.95,0.9,c2n,7.0244438964079965,8.026042567627874,0.4062891453793385,0.0,-37.956646,2271.1109847976227,3.4997323
132,1784874399.005326,,5.28,,5.28,,4.799999999999999,,4.799999999999999,,7.200000000000002,,7.200000000000002,,1.9800000000000002,,1.9800000000000002,,2.759999999999999,,2.759999999999999,,5.001983372028917,,4.78774908313062,,7.015101557597518,,2.0203582840040326,,2.8472527507692575,0.11487376689910889,-0.009331228822702542,0.013438960799248889,2.2298292964696884,0.19358542561531067,1.008140206336975,0.22329530119895935,0.12820222973823547,0.29670295119285583,0.49786293506622314,0.05743933469057083,8192,0.6314886808395386,4.334488868713379,0.024859333410859108,21659648,23294,10576,661,-20.825916,0.012399786256719381,0.008189022928127088,-5.285211083292961,-72.17183,0.01993169166962616,0.005965773270872887,-5.542497286200524,,,0.95,0.9,c2n,6.891226238895408,8.74341693189822,0.4765049339138625,0.0,-14.370382,2262.7530645568368,-20.825916
133,1784874472.2126455,,5.28,,5.28,,4.799999999999999,,4.799999999999999,,7.200000000000002,,7.200000000000002,,1.9800000000000002,,1.9800000000000002,,2.759999999999999,,2.759999999999999,,4.885069657117128,,4.577492988173617,,6.750666988315061,,1.798425923101604,,2.684388763271272,0.060337718576192856,-0.01868768170243129,0.0031572557636536658,2.2323322519659996,0.37079158425331116,0.8437253832817078,0.33575373888015747,-0.05869850516319275,0.15943831205368042,0.38296398520469666,0.05040972679853439,8192,0.6131070852279663,4.139208793640137,0.0379975363612175,21823488,23504,10656,666,-37.96471,0.014108699327334762,0.006578416085540084,-5.32512913942337,-38.2043,0.0190765276143793,0.005521487892838195,-5.541315397620201,,,0.95,0.9,c2n,6.736856374134618,7.448233562330304,0.3276530016584388,0.0,1.3704538,2238.027586506315,-37.96471
134,1784874542.3056612,,5.28,,5.28,,4.799999999999999,,4.799999999999999,,7.200000000000002,,7.200000000000002,,1.9800000000000002,,1.9800000000000002,,2.759999999999999,,2.759999999999999,,5.195313772186637,,4.262737598270178,,7.293500835017767,,1.705511059379205,,2.6950283793266863,0.1416604369878769,2.9215323593234643e-05,0.00726132225827314,2.229108862578869,0.3965401351451874,0.9659960865974426,0.25807803869247437,0.2216203808784485,0.32276636362075806,0.621812641620636,0.053025223314762115,8192,0.6191931962966919,4.2304182052612305,0.06951291859149933,21987328,23723,10736,671,-53.496082,0.024874319846276194,0.006977143274707487,-5.340741321444511,-40.01131,0.026683258451521398,0.005512003002513666,-5.552953600883484,,,0.95,0.9,c2n,7.4562872144922805,7.979120709843906,0.28455760202217956,0.0,-51.365765,2337.4653976053464,-53.496082
135,1784874613.7698417,,5.28,,5.28,,4.799999999999999,,4.799999999999999,,7.200000000000002,,7.200000000000002,,1.9800000000000002,,1.9800000000000002,,2.759999999999999,,2.759999999999999,,5.113549335859716,,4.574414836242795,,6.953694375231862,,1.8468097407603636,,2.5098522789776325,0.034086741507053375,-0.0006466863633249886,0.002146648178495525,2.233141228556633,0.29764485359191895,0.8665734529495239,0.20997115969657898,-0.059259362518787384,0.09564529359340668,0.40798220038414,0.047216325998306274,8192,0.6216753125190735,4.199664115905762,0.01858258806169033,22151168,23939,10816,676,-39.637745,0.01878127731033601,0.0071476877536042595,-5.319297245144844,-63.694183,0.01707427733927034,0.005827190511627123,-5.537589609622955,,,0.95,0.9,c2n,6.7183420667506315,8.375310319833725,0.3030760526034177,0.0,-54.933636,2292.617353431338,-39.637745
136,1784874687.7073283,,5.28,,5.28,,4.799999999999999,,4.799999999999999,,7.200000000000002,,7.200000000000002,,1.9800000000000002,,1.9800000000000002,,2.759999999999999,,2.759999999999999,,5.62240007519722,,5.513401677832007,,7.344164849258959,,2.213891309686005,,2.9781431443989277,0.06094282120466232,-0.005533394869416952,0.00380291266264976,2.2371899858117104,0.2277599573135376,0.7856225371360779,0.1526341438293457,0.05396810546517372,0.15665212273597717,0.4264281392097473,0.04887689650058746,8192,0.58241206407547,4.734400272369385,0.026401391252875328,22315008,24196,10896,681,-70.97861,0.02888622594764456,0.006813564008916728,-5.329228869080543,-60.843433,0.020916370884515346,0.006521667930064723,-5.561171132326126,,,0.95,0.9,c2n,7.751420552949185,8.022713720641722,0.28811472312655934,0.0,-16.343168,2215.9257499025944,-70.97861
137,1784874762.2848623,,5.28,,5.28,,4.799999999999999,,4.799999999999999,,7.200000000000002,,7.200000000000002,,1.9800000000000002,,1.9800000000000002,,2.759999999999999,,2.759999999999999,,5.13646017992869,,4.692795226350427,,7.56902439519763,,1.9540786296129227,,2.925361278699711,0.03843729570508003,-0.005905351234105183,0.002860631624571397,2.2470295801758766,0.3387276828289032,0.9373000860214233,0.25802043080329895,0.09223940223455429,0.09292769432067871,0.4562942683696747,0.04900084435939789,8192,0.6467599868774414,4.455544471740723,0.08800136297941208,22478848,24448,10976,686,-29.09469,0.018960263434564695,0.00846944863369572,-5.378317320346833,-45.63746,0.054235803941264746,0.007604733243351802,-5.554269224405289,,,0.95,0.9,c2n,7.127202904056463,8.699535533922964,0.30182984307045524,0.0,-26.768112,2196.908291251333,-29.09469
138,1784874832.8787894,,5.28,,5.28,,4.799999999999999,,4.799999999999999,,7.200000000000002,,7.200000000000002,,1.9800000000000002,,1.9800000000000002,,2.759999999999999,,2.759999999999999,,5.302932432794478,,4.7165916175581515,,6.94853697437793,,1.8351611718535423,,2.9419023832306266,0.10938535630702972,-0.007425725227221847,0.014241783115721773,2.248989798128605,0.36064082384109497,0.9037776589393616,0.22010734677314758,-0.014850268140435219,0.3019227981567383,0.5552622079849243,0.05307301878929138,8192,0.6512845158576965,4.349024772644043,0.01242039818316698,22642688,24663,11056,691,-44.987694,0.017440263408934696,0.007054353127750801,-5.369800728559494,-34.139977,0.01424087891355157,0.007301463343901559,-5.592050907015801,,,0.95,0.9,c2n,7.008128648534077,7.966313425331796,0.3829885318260411,0.0,-68.57478,2320.8794651921485,-44.987694
139,1784874903.6037009,,5.28,,5.28,,4.799999999999999,,4.799999999999999,,7.200000000000002,,7.200000000000002,,1.9800000000000002,,1.9800000000000002,,2.759999999999999,,2.759999999999999,,4.892904907464981,,4.35871366597712,,7.139904883864801,,1.8541806107386947,,2.625839269720018,0.05072396248579025,-0.002142412820830941,0.0011275066499365494,2.248485989868641,0.30586639046669006,0.9427259564399719,0.1787406951189041,0.006612725090235472,0.1594344973564148,0.5628334283828735,0.05078525468707085,8192,0.6472303867340088,4.1743083000183105,0.018264053389430046,22806528,24871,11136,696,-37.24836,0.013014889930491335,0.005728124462257256,-5.403611028194428,-37.13533,0.014197472343221306,0.00627522418362787,-5.599888080358506,,,0.95,0.9,c2n,7.126528496604553,8.141343360648454,0.3409727907093336,0.0,-52.844555,2316.581192460136,-37.24836
140,1784874975.1484008,,5.28,,5.28,,4.799999999999999,,4.799999999999999,,7.200000000000002,,7.200000000000002,,1.9800000000000002,,1.9800000000000002,,2.759999999999999,,2.759999999999999,,5.367922801349778,,5.166967089287937,,7.362219445873052,,2.109434284560848,,2.9749250607565045,0.036291878670454025,-0.0020265900529921055,0.0024464623547828523,2.2504628226161003,0.31640326976776123,0.9207994341850281,0.2144818902015686,-0.12104972451925278,0.10586483776569366,0.4764366149902344,0.05067351460456848,8192,0.6681579351425171,4.596293926239014,0.030214661732316017,22970368,25077,11216,701,-12.577275,0.012234159812214785,0.006247803297810606,-5.457329076528549,-78.20978,0.018215585424331947,0.0037543532700510694,-5.5964136809110645,,,0.95,0.9,c2n,7.323638584427414,8.327488380869593,0.27301832857406594,0.0,-13.609299,2290.0368892204106,-12.577275
141,1784875047.3195124,,5.28,,5.28,,4.799999999999999,,4.799999999999999,,7.200000000000002,,7.200000000000002,,1.9800000000000002,,1.9800000000000002,,2.759999999999999,,2.759999999999999,,4.828675987198949,,4.317293137311935,,6.668343143537641,,1.68723743816372,,2.722131632268429,0.12657292187213898,-0.017240211222087964,0.019630874012364075,2.252683565020561,0.3716772198677063,0.812186062335968,0.2334018051624298,-0.34124964475631714,0.35292908549308777,0.5381964445114136,0.04250796139240265,8192,0.5651870965957642,4.044736385345459,0.039914608001708984,23134208,25274,11296,706,-61.855072,0.019382111128652468,0.007880007180210669,-5.4967251271009445,-23.399553,0.01278804277535528,0.007025650348805357,-5.62989352941513,,,0.95,0.9,c2n,7.22072234410804,7.594824060612828,0.38923270749511174,0.0,-34.401836,2270.160394959715,-61.855072
142,1784875122.0841286,,5.28,,5.28,,4.799999999999999,,4.799999999999999,,7.200000000000002,,7.200000000000002,,1.9800000000000002,,1.9800000000000002,,2.759999999999999,,2.759999999999999,,5.057969844900072,,4.319824404548854,,6.729759904555976,,2.017541266279295,,2.684294689563103,0.05085834488272667,0.0004630236653611064,0.002677318274436402,2.259785518050194,0.3140687942504883,0.92697674036026,0.2048351764678955,-0.09760479629039764,0.12880338728427887,0.5420933961868286,0.04230010509490967,8192,0.5772970914840698,4.1618781089782715,0.040187351405620575,23298048,25486,11376,711,-37.113564,0.015586056601023301,0.004226656282844488,-5.4812647074460985,-57.849174,0.016525568946963175,0.007565845987846842,-5.582615005970001,,,0.95,0.9,c2n,6.226581702665635,7.814173238543757,0.38178782700014957,0.0,-0.46348062,2191.411039245958,-37.113564
143,1784875194.9159675,,5.28,,5.28,,4.799999999999999,,4.799999999999999,,7.200000000000002,,7.200000000000002,,1.9800000000000002,,1.9800000000000002,,2.759999999999999,,2.759999999999999,,4.794731220928952,,4.486172271892428,,6.739015521481633,,1.9103357172571123,,2.7059266130672768,0.09088294208049774,-0.00044420782069209963,0.004970914764271583,2.26263165473938,0.37915322184562683,0.8320033550262451,0.25668832659721375,-0.0176873579621315,0.2242034375667572,0.4525681734085083,0.03909206762909889,8192,0.5846858024597168,4.127236366271973,0.022560570389032364,23461888,25699,11456,716,-78.257454,0.028750584955560043,0.0058312842484156135,-5.465782722830772,-47.938362,0.015759009483736007,0.0070085785329865756,-5.591198363900185,,,0.95,0.9,c2n,6.837614917317765,7.2823561466331315,0.2612188755324458,0.0,-33.12612,2249.5655379848636,-78.257454
144,1784875266.7823384,,5.28,,5.28,,4.799999999999999,,4.799999999999999,,7.200000000000002,,7.200000000000002,,1.9800000000000002,,1.9800000000000002,,2.759999999999999,,2.759999999999999,,5.667359215207398,,4.945327883120626,,7.289337329566479,,2.1538970679976046,,2.9956912640482187,0.05677700787782669,-0.0018857516115531325,0.0031374016816698713,2.2626201063394547,0.36135873198509216,0.8988397121429443,0.39838606119155884,0.22147852182388306,0.15831956267356873,0.5218009352684021,0.0409662164747715,8192,0.5962913036346436,4.61032247543335,0.04513983428478241,23625728,25918,11536,721,-69.85373,0.01983858783496544,0.006531283049844206,-5.439268946647644,-62.61756,0.021457344439113513,0.007558655782486312,-5.650353834033012,,,0.95,0.9,c2n,6.6587624751515,8.201133628819997,0.26804680514555923,0.0,-34.36975,2279.7868071929065,-69.85373
145,1784875340.5646307,,5.28,,5.28,,4.799999999999999,,4.799999999999999,,7.200000000000002,,7.200000000000002,,1.9800000000000002,,1.9800000000000002,,2.759999999999999,,2.759999999999999,,5.504327405244112,,5.058494572527707,,7.515449242666364,,2.2027254411950707,,3.0304538492346182,0.04542476311326027,-4.229729529470205e-05,0.002838199312463985,2.268387071788311,0.37372881174087524,0.9256147146224976,0.2546355426311493,-0.2708650529384613,0.12781848013401031,0.3327118158340454,0.039807502180337906,8192,0.6324447989463806,4.662289619445801,0.02790084481239319,23789568,26145,11616,726,-28.130056,0.017584844713564963,0.0054241020574409046,-5.440768173336982,-70.889786,0.027897731511620803,0.009482668295095208,-5.6451766908168795,,,0.95,0.9,c2n,7.439399766966673,7.2730371024812355,0.34976806789095977,0.0,2.166679,2220.586988264878,-28.130056
146,1784875411.0093951,,5.28,,5.28,,4.799999999999999,,4.799999999999999,,7.200000000000002,,7.200000000000002,,1.9800000000000002,,1.9800000000000002,,2.759999999999999,,2.759999999999999,,4.849610244855285,,4.593134077033028,,7.061856126412749,,1.6909890919923782,,2.6407432220876217,0.04709083214402199,-9.647391561884433e-05,0.0068877982048434205,2.2716637775301933,0.3666766285896301,0.8977349400520325,0.24808980524539948,0.11530235409736633,0.1380397230386734,0.4042041599750519,0.040674738585948944,8192,0.6294013857841492,4.167266368865967,0.02882096730172634,23953408,26370,11696,731,-12.014883,0.009295275004114955,0.006541849925997667,-5.465500921010971,-56.12851,0.02318546546739526,0.008575877742259763,-5.623539212346077,,,0.95,0.9,c2n,6.8936020602805685,7.710463086655693,0.37463054245850513,0.0,-36.596363,2325.7938107546493,-12.014883
147,1784875480.3331804,,5.28,,5.28,,4.799999999999999,,4.799999999999999,,7.200000000000002,,7.200000000000002,,1.9800000000000002,,1.9800000000000002,,2.759999999999999,,2.759999999999999,,5.329228938091546,,5.007634456269443,,7.589008728740737,,1.937482062727213,,2.8000881001353264,0.08561593294143677,-0.012009335856419057,0.005185362708289176,2.2743161767721176,0.28711891174316406,0.9285256862640381,0.21917924284934998,0.16315007209777832,0.20945550501346588,0.5350345969200134,0.04772695526480675,8192,0.649218738079071,4.532688140869141,0.07835932075977325,24117248,26607,11776,736,-45.16913,0.012292183318641037,0.005790991778485477,-5.452857255935669,-74.7234,0.032258590904530135,0.0057344953886058645,-5.658187422156334,,,0.95,0.9,c2n,7.309583148965143,7.597522921002155,0.3838578798662937,0.0,-48.5354,2363.4024046407385,-45.16913
148,1784875550.7391615,,5.28,,5.28,,4.799999999999999,,4.799999999999999,,7.200000000000002,,7.200000000000002,,1.9800000000000002,,1.9800000000000002,,2.759999999999999,,2.759999999999999,,5.944698730483651,,5.275709573179483,,7.818655307870358,,2.0933078317902982,,3.0042713176226243,0.06546963006258011,-0.016856132599059492,0.003649876251074602,2.2745725736021996,0.28858089447021484,0.8580551147460938,0.17341406643390656,0.12412714213132858,0.18258315324783325,0.39166635274887085,0.0454300157725811,8192,0.5414421558380127,4.827328681945801,0.027559664100408554,24281088,26873,11856,741,-53.14663,0.02987624400993809,0.007053866682690568,-5.4885996878147125,-71.99843,0.024455673585180193,0.006301862813415937,-5.643705260753632,,,0.95,0.9,c2n,7.509842936935658,8.7950638489724,0.33438056336107724,0.0,-67.51454,2327.0751300676716,-53.14663
149,1784875625.534182,,5.28,,5.28,,4.799999999999999,,4.799999999999999,,7.200000000000002,,7.200000000000002,,1.9800000000000002,,1.9800000000000002,,2.759999999999999,,2.759999999999999,,6.104223720729351,,5.328850107267499,,7.724761288613081,,2.4149327548220754,,3.0974699896760285,0.06379036605358124,-0.008706237402293482,0.005818484933115542,2.28432484716177,0.3340478837490082,0.9085550308227539,0.20251348614692688,0.03443294018507004,0.18718041479587555,0.3670659065246582,0.04636463150382042,8192,0.4426894783973694,4.934047698974609,0.03342181816697121,24444928,27203,11936,746,-44.65647,0.026072020566789433,0.005440234900743235,-5.486383527517319,-56.594677,0.021419159573270008,0.004030511008022586,-5.704016783833504,,,0.95,0.9,c2n,6.705157004578981,7.621661299741183,0.42335866092272845,0.0,-0.011646557,2190.5201830906553,-44.65647
150,1784875697.2825675,,5.28,,5.28,,4.799999999999999,,4.799999999999999,,7.200000000000002,,7.200000000000002,,1.9800000000000002,,1.9800000000000002,,2.759999999999999,,2.759999999999999,,4.944546140730381,,4.2484625284560025,,6.7597916927188635,,1.67978588771075,,2.4960244493559003,0.04246818646788597,-0.00996713011409156,0.004038484947159304,2.2944942340254784,0.40562939643859863,0.9787980318069458,0.2517923414707184,0.30704331398010254,0.11379064619541168,0.5335392951965332,0.047182269394397736,8192,0.5929484367370605,4.025722503662109,0.014277955517172813,24608768,27479,12016,751,-27.67923,0.015707263606600463,0.006226033957500476,-5.5300956696271895,-16.200672,0.012388762523187324,0.005817088313779095,-5.727110189199448,,,0.95,0.9,c2n,7.196588895243261,7.3999008905608035,0.3438320700307149,0.0,-31.610971,2283.535545813825,-27.67923
151,1784875766.982511,,5.28,,5.28,,4.799999999999999,,4.799999999999999,,7.200000000000002,,7.200000000000002,,1.9800000000000002,,1.9800000000000002,,2.759999999999999,,2.759999999999999,,5.563486892729998,,5.417269701138139,,7.481183978263289,,2.2472824919968843,,2.9663973916321993,0.08391296863555908,-0.008536330322385766,0.014164821965096053,2.3028063774108887,0.2314995527267456,0.8278174996376038,0.15602128207683563,-0.16022947430610657,0.2568732500076294,0.4903133511543274,0.04484885185956955,8192,0.6175729632377625,4.735123634338379,0.020900381729006767,24772608,27686,12096,756,-45.124725,0.019531719537917526,0.006715215973872546,-5.536276152729988,-53.46522,0.02334081497392617,0.006815157498203916,-5.77169140279293,,,0.95,0.9,c2n,6.805109182128044,7.492641053442663,0.3705071655213258,0.0,-44.674393,2350.6495347813843,-45.124725
152,1784875837.954611,,5.28,,5.28,,4.799999999999999,,4.799999999999999,,7.200000000000002,,7.200000000000002,,1.9800000000000002,,1.9800000000000002,,2.759999999999999,,2.759999999999999,,5.279884517658502,,5.054702699184418,,7.3410608258564025,,2.0883954514283687,,2.8386932145804167,0.1227090135216713,-0.0006566704832948744,0.01578967047680635,2.3115881234407425,0.29156291484832764,0.7992948889732361,0.17249108850955963,-0.10784853249788284,0.308905690908432,0.41681843996047974,0.04097840189933777,8192,0.6301290988922119,4.520547389984131,0.01171274483203888,24936448,27881,12176,761,-29.194092,0.01064755089173559,0.006051982316421345,-5.544697418808937,-29.210901,0.009563051749137231,0.007250793882121798,-5.777327561378479,,,0.95,0.9,c2n,6.6123840229533855,7.739297248180145,0.38196725538320164,0.0,-54.479347,2308.51085312606,-29.194092
153,1784875907.845941,,5.28,,5.28,,4.799999999999999,,4.799999999999999,,7.200000000000002,,7.200000000000002,,1.9800000000000002,,1.9800000000000002,,2.759999999999999,,2.759999999999999,,4.704454759019427,,4.172713920474052,,6.80787621345371,,1.8901696968823671,,2.5841320445761085,0.043604813516139984,-0.005447316674690228,0.0030142473660816904,2.3086491227149963,0.3358536958694458,0.8273168802261353,0.21119056642055511,0.0452127605676651,0.12701073288917542,0.4312734603881836,0.03418092802166939,8192,0.5575005412101746,4.031869411468506,0.0169643834233284,25100288,28070,12256,766,-3.1265092,0.008283083082642407,0.007684871310630115,-5.54963806271553,-38.361603,0.01308293325419072,0.007488559529883787,-5.770948073267936,,,0.95,0.9,c2n,7.146344742461021,7.671484200753696,0.266561762324552,0.0,-46.700287,2344.2106877035935,-3.1265092
154,1784875980.793697,,5.28,,5.28,,4.799999999999999,,4.799999999999999,,7.200000000000002,,7.200000000000002,,1.9800000000000002,,1.9800000000000002,,2.759999999999999,,2.759999999999999,,4.939112180843949,,4.696325097233057,,7.477998883463442,,1.8062484413385391,,2.73299178853631,0.1301059126853943,-0.0010962092783302069,0.011624317179666832,2.307542972266674,0.32136866450309753,0.79680335521698,0.17567850649356842,0.01122761145234108,0.3111557364463806,0.37064802646636963,0.035691119730472565,8192,0.6969316601753235,4.330534934997559,0.01065706554800272,25264128,28271,12336,771,-19.716099,0.010081457505293656,0.006307083886349573,-5.58540323972702,-17.327534,0.010208837719983422,0.006385084759676829,-5.7808644503355024,,,0.95,0.9,c2n,6.495924115181333,7.129754253263502,0.31836995841353766,0.0,-17.717426,2245.991313266908,-19.716099
155,1784876052.2874317,,5.28,,5.28,,4.799999999999999,,4.799999999999999,,7.200000000000002,,7.200000000000002,,1.9800000000000002,,1.9800000000000002,,2.759999999999999,,2.759999999999999,,5.074471706524491,,4.776156929321587,,7.120197455398738,,1.9498078073374927,,2.5477983970195055,0.07659660279750824,-0.005837386386701837,0.011759193737816531,2.313312016427517,0.37342140078544617,0.9292824864387512,0.19602176547050476,-0.010808873921632767,0.2332516312599182,0.38588929176330566,0.0377194806933403,8192,0.6456719040870667,4.293686866760254,0.01681279018521309,25427968,28495,12416,776,5.256421,0.006843484201817773,0.005850789473333862,-5.581405660510063,-48.801353,0.015268357773311435,0.008195735003391746,-5.80293570458889,,,0.95,0.9,c2n,6.781130493964474,8.456807031891476,0.30035619582056394,0.0,-14.112352,2291.669145275489,5.256421
156,1784876123.572683,,5.28,,5.28,,4.799999999999999,,4.799999999999999,,7.200000000000002,,7.200000000000002,,1.9800000000000002,,1.9800000000000002,,2.759999999999999,,2.759999999999999,,5.210336367599666,,4.9773077657446265,,6.856930693611503,,1.8205121639184654,,2.6462677196250297,0.058536119759082794,-0.002887424303480657,0.002694090304430574,2.3286693766713142,0.29295143485069275,0.8785293102264404,0.20928797125816345,-0.250306099653244,0.1484023779630661,0.4045303463935852,0.03600937873125076,8192,0.6420609354972839,4.302271366119385,0.019595397636294365,25591808,28735,12496,781,-28.496136,0.009186368838709314,0.010149869162705726,-5.593669050931931,-37.487316,0.02262044190429151,0.0056533056980697435,-5.7520522505044935,,,0.95,0.9,c2n,7.299678774876064,7.340180208119142,0.2863558156082369,0.0,-33.765175,2298.371916277105,-28.496136
157,1784876192.7109742,,5.28,,5.28,,4.799999999999999,,4.799999999999999,,7.200000000000002,,7.200000000000002,,1.9800000000000002,,1.9800000000000002,,2.759999999999999,,2.759999999999999,,5.404301724629477,,5.141106041148305,,7.728618053719401,,2.1475820948835462,,2.818635707255453,0.0493951141834259,-7.084996832418256e-05,0.004653130981751019,2.331588014960289,0.35613322257995605,0.8566233515739441,0.3011213541030884,0.08907008916139603,0.14579500257968903,0.52299964427948,0.040409963577985764,8192,0.6280946135520935,4.6480488777160645,0.043387386947870255,25755648,28970,12576,786,-27.618408,0.01310355036985129,0.005191788519732654,-5.585370898246765,-72.47911,0.02128519846010022,0.007773985460516997,-5.769008657336235,,,0.95,0.9,c2n,6.898614697186315,9.853677900892823,0.26676666226632895,0.0,-60.034454,2369.7430131350166,-27.618408
158,1784876261.1736386,,5.28,,5.28,,4.799999999999999,,4.799999999999999,,7.200000000000002,,7.200000000000002,,1.9800000000000002,,1.9800000000000002,,2.759999999999999,,2.759999999999999,,5.6858379719778895,,5.147589138709009,,7.84107979061082,,2.1808693818747997,,3.0433004265651107,0.11390718817710876,-0.00130251792143099,0.017220254318090156,2.332897536456585,0.2639284133911133,0.9572687745094299,0.17105571925640106,-0.10682857781648636,0.31682220101356506,0.447506844997406,0.040870681405067444,8192,0.5833156108856201,4.779735088348389,0.019947992637753487,25919488,29181,12656,791,-18.84158,0.01336053826380521,0.008296334716578712,-5.6136650264263155,-48.857998,0.022486525418935345,0.005962824668677058,-5.810788416862488,,,0.95,0.9,c2n,7.06382937834325,7.971379669570214,0.3512587239354265,0.0,-51.395607,2393.128894626381,-18.84158
159,1784876330.7689507,,5.28,,5.28,,4.799999999999999,,4.799999999999999,,7.200000000000002,,7.200000000000002,,1.9800000000000002,,1.9800000000000002,,2.759999999999999,,2.759999999999999,,5.368172828108072,,4.972034138860181,,7.54136763792485,,2.2097965865395963,,2.792679222591687,0.03853078931570053,-0.005980836906019249,0.001054053871484939,2.3319627940654755,0.1865699738264084,0.9771159887313843,0.13545113801956177,0.1596493273973465,0.09803692996501923,0.35176190733909607,0.04232669621706009,8192,0.6277173161506653,4.576809883117676,0.02535313181579113,26083328,29429,12736,796,-28.154175,0.011256033083191142,0.006161671968584415,-5.682692778110504,-72.724976,0.024644259945489466,0.004964085503888782,-5.834093815088272,,,0.95,0.9,c2n,6.817198283901521,8.384139366279507,0.2911068901425389,0.0,-15.283343,2354.182234321916,-28.154175
160,1784876401.026874,,5.28,,5.28,,4.799999999999999,,4.799999999999999,,7.200000000000002,,7.200000000000002,,1.9800000000000002,,1.9800000000000002,,2.759999999999999,,2.759999999999999,,5.1561149545013905,,4.934060230851173,,7.487592622637749,,2.2094544670544565,,2.8405564511194825,0.04501158744096756,-0.004016237973701209,0.0020108355602133088,2.339466206729412,0.22952944040298462,0.746938943862915,0.13233622908592224,0.04299990087747574,0.10997111350297928,0.5237388014793396,0.05068056285381317,8192,0.6709285378456116,4.525555610656738,0.023489346727728844,26247168,29619,12816,801,-19.540878,0.015189167985226959,0.004893723617715296,-5.713607922196388,-33.272415,0.012967166377347895,0.004947947173786815,-5.908136606216431,,,0.95,0.9,c2n,6.846985003430584,9.453298657034313,0.27209783200936893,0.0,-16.897972,2331.9783879376896,-19.540878
161,1784876471.725862,,5.28,,5.28,,4.799999999999999,,4.799999999999999,,7.200000000000002,,7.200000000000002,,1.9800000000000002,,1.9800000000000002,,2.759999999999999,,2.759999999999999,,5.142853539437056,,5.047861687839031,,7.2995432717725635,,2.0404163007624447,,2.8009085883386433,0.0723842978477478,-0.002170865802327171,0.007385949335002806,2.341380253434181,0.45182228088378906,0.818695068359375,0.34552624821662903,-0.12721861898899078,0.20003695785999298,0.40984511375427246,0.039948493242263794,8192,0.6848083734512329,4.466317176818848,0.012839103117585182,26411008,29816,12896,806,-44.13458,0.01659259097650647,0.006652501049393323,-5.716801530122757,-20.052095,0.00709592074417742,0.006481521530804457,-5.927196541428566,,,0.95,0.9,c2n,7.813987781771712,8.502407146013741,0.30498414489094117,0.0,-30.880558,2317.431243096493,-44.13458
162,1784876541.6775243,,5.28,,5.28,,4.799999999999999,,4.799999999999999,,7.200000000000002,,7.200000000000002,,1.9800000000000002,,1.9800000000000002,,2.759999999999999,,2.759999999999999,,4.461283106356859,,4.242346502840519,,6.652579668909311,,1.503912728279829,,2.3939473256468773,0.06863124668598175,-0.005322814977262169,0.010862231189094018,2.346963085234165,0.21454071998596191,0.8234075903892517,0.1447858214378357,-0.02239271067082882,0.18316058814525604,0.3843314051628113,0.040388546884059906,8192,0.4413716197013855,3.8508141040802,0.033434655517339706,26574848,30033,12976,811,-19.755684,0.009067780466284602,0.006181332720734645,-5.717925092577934,-61.35734,0.016843435657210647,0.008044256331777433,-5.919573885202408,,,0.95,0.9,c2n,7.797570072157586,9.669717909794377,0.6237906154274804,0.0,-28.848185,2342.1881383885952,-19.755684
163,1784876613.8353198,,5.28,,5.28,,4.799999999999999,,4.799999999999999,,7.200000000000002,,7.200000000000002,,1.9800000000000002,,1.9800000000000002,,2.759999999999999,,2.759999999999999,,4.985951895359904,,4.243884133640677,,6.971571803209372,,1.7924897577613592,,2.559610907919705,0.08788834512233734,-0.0005158224812475964,0.003688059608975891,2.3605384677648544,0.3300671875476837,0.8802922368049622,0.2466263771057129,-0.10061071068048477,0.21628139913082123,0.5137925148010254,0.03765840083360672,8192,0.5897289514541626,4.110701560974121,0.015704935416579247,26738688,30230,13056,816,-21.152771,0.012858987849904224,0.0067539031020714905,-5.703854671120643,-30.725647,0.014809974122908898,0.006276902520039584,-5.899397504329682,,,0.95,0.9,c2n,7.77804873175287,7.742684427759501,0.27860023099878406,0.0,-13.755786,2270.5794566458776,-21.152771
164,1784876687.2659705,,5.28,,5.28,,4.799999999999999,,4.799999999999999,,7.200000000000002,,7.200000000000002,,1.9800000000000002,,1.9800000000000002,,2.759999999999999,,2.759999999999999,,5.576477997936308,,5.033287242753431,,7.217255434021354,,2.253810551483184,,2.8842055473360233,0.10436362773180008,8.364167297258973e-05,0.01517945523664821,2.366738259792328,0.37076041102409363,0.9037958383560181,0.29416128993034363,-0.08734038472175598,0.302590936422348,0.45081207156181335,0.035275958478450775,8192,0.6227418184280396,4.5930070877075195,0.021667536348104477,26902528,30406,13136,821,-11.83621,0.012104259178158827,0.0061989064881345255,-5.691961202025413,3.1789591,0.006244262903055642,0.007115936592890648,-5.895800164341926,,,0.95,0.9,c2n,8.63648013373146,9.416210962936304,0.27770539609348155,0.0,-16.4287,2231.2209478420427,-11.83621
165,1784876758.8971667,,5.28,,5.28,,4.799999999999999,,4.799999999999999,,7.200000000000002,,7.200000000000002,,1.9800000000000002,,1.9800000000000002,,2.759999999999999,,2.759999999999999,,5.4732268115039915,,4.707471929490566,,7.293165740324184,,2.002007155911997,,2.861766961403191,0.06394591927528381,-0.00011946062977585825,0.0072445062978658825,2.369524873793125,0.36483004689216614,0.8187479376792908,0.23242135345935822,-0.009001645259559155,0.18884402513504028,0.4581500291824341,0.039207614958286285,8192,0.6645584106445312,4.467527866363525,0.03310814127326012,27066368,30598,13216,826,-14.08013,0.011521367204841227,0.007746381869947072,-5.733267998695373,-8.372144,0.013430516968946904,0.0046876336753484795,-5.91348822414875,,,0.95,0.9,c2n,8.10851883497547,8.255813280867034,0.2940884596441529,0.0,2.868185,2287.2713791470246,-14.08013
166,1784876829.9950378,,5.28,,5.28,,4.799999999999999,,4.799999999999999,,7.200000000000002,,7.200000000000002,,1.9800000000000002,,1.9800000000000002,,2.759999999999999,,2.759999999999999,,4.546385426074266,,4.496776067186147,,6.544338213279843,,1.7780262375599702,,2.414902701275423,0.10388418287038803,-0.0010399998136563227,0.00539230101639987,2.3717488273978233,0.29658985137939453,0.780036985874176,0.17016391456127167,-0.2663257420063019,0.27835044264793396,0.6082190275192261,0.03437814861536026,8192,0.5419067144393921,3.9560859203338623,0.024281024932861328,27230208,30772,13296,831,-20.265818,0.011486817058175803,0.0064143129748117644,-5.740295413136482,-14.042676,0.01333655737398658,0.008249264332698658,-5.959665378928184,,,0.95,0.9,c2n,9.430420537643496,9.024795065928595,0.29812847890577177,0.0,1.4141629,2304.429392682016,-20.265818
167,1784876897.5706046,,5.28,,5.28,,4.799999999999999,,4.799999999999999,,7.200000000000002,,7.200000000000002,,1.9800000000000002,,1.9800000000000002,,2.759999999999999,,2.759999999999999,,5.499038087204099,,4.906584681011736,,7.0824998764146585,,2.0491502659861,,2.874038949608803,0.06891117244958878,-0.0008617620915174484,0.003770830102439504,2.3761748149991035,0.1917831301689148,0.8174388408660889,0.11787067353725433,-0.07869289070367813,0.1689031720161438,0.513563334941864,0.03596342355012894,8192,0.6667972803115845,4.48226261138916,0.03840117156505585,27394048,30943,13376,836,-36.80062,0.01224072847107891,0.00575597222414217,-5.763710871338844,-25.006907,0.008222200626914856,0.007480579587718239,-5.960969111323356,,,0.95,0.9,c2n,8.221370554807809,9.817082100228072,0.2916485388739967,0.0,-46.413982,2424.5445770477345,-36.80062
168,1784876968.2057998,,5.28,,5.28,,4.799999999999999,,4.799999999999999,,7.200000000000002,,7.200000000000002,,1.9800000000000002,,1.9800000000000002,,2.759999999999999,,2.759999999999999,,4.761154163628817,,4.774988086654048,,6.795441776514053,,1.8689537588506937,,2.6698457384482026,0.09383317828178406,7.397832814604044e-05,0.004062742729729507,2.3810917735099792,0.20897388458251953,0.838098406791687,0.16743037104606628,-0.014554868452250957,0.24813979864120483,0.5534425973892212,0.03415895998477936,8192,0.6070154309272766,4.174077033996582,0.03644489869475365,27557888,31113,13456,841,-12.031672,0.007137249382503796,0.0040877154213376345,-5.75712817311287,2.763317,0.007668703912349884,0.005166768199705985,-5.9536642849445345,,,0.95,0.9,c2n,6.4016485241434395,8.823626458853166,0.25830895045815716,0.0,0.9936783,2319.5240002944856,-12.031672
169,1784877038.8776548,,5.28,,5.28,,4.799999999999999,,4.799999999999999,,7.200000000000002,,7.200000000000002,,1.9800000000000002,,1.9800000000000002,,2.759999999999999,,2.759999999999999,,5.458849924616516,,4.772327272221446,,7.246471763122827,,2.094917013309896,,2.8190986707340926,0.05924469605088234,-0.00031383575333165936,0.00470938348735217,2.387843392789364,0.2604713439941406,0.853855550289154,0.13841527700424194,0.08119688928127289,0.15781836211681366,0.505124032497406,0.033195436000823975,8192,0.704689085483551,4.478333473205566,0.007055975496768951,27721728,31276,13536,846,-11.602443,0.011274523151223547,0.008289153229270596,-5.762358084321022,-5.2684813,0.0036805454139539505,0.007546987407840789,-5.9750205159187315,,,0.95,0.9,c2n,8.202147170361407,9.564837211861851,0.2984633497032433,0.0,-15.479238,2318.319924776498,-11.602443
170,1784877109.6658428,,5.28,,5.28,,4.799999999999999,,4.799999999999999,,7.200000000000002,,7.200000000000002,,1.9800000000000002,,1.9800000000000002,,2.759999999999999,,2.759999999999999,,5.7090058121830225,,4.433777403086424,,7.200597585178912,,1.9322302672662772,,3.1666845623403788,0.04711409658193588,-0.0014316400702227838,0.001250816496394691,2.3911194279789925,0.2249823659658432,0.6819187998771667,0.11734119802713394,-0.13221749663352966,0.11541744321584702,0.387376606464386,0.027272004634141922,8192,0.6267790198326111,4.48845911026001,0.014267911203205585,27885568,31442,13616,851,-11.658248,0.009396244946401566,0.00652527396377991,-5.788525736331939,0.77927494,0.004415546472591814,0.005969976366031915,-5.959614351391792,,,0.95,0.9,c2n,8.132056658190518,9.55512436329991,0.23107650841558441,0.0,-16.391235,2314.510429804199,-11.658248
171,1784877181.3669689,,5.28,,5.28,,4.799999999999999,,4.799999999999999,,7.200000000000002,,7.200000000000002,,1.9800000000000002,,1.9800000000000002,,2.759999999999999,,2.759999999999999,,5.272753216675483,,5.00379853695631,,7.342254959978163,,1.7900538020767272,,2.6196978730149567,0.06980860233306885,-3.3312535379081964e-05,0.0037890521070949035,2.4000905603170395,0.24712374806404114,0.8343924283981323,0.13194073736667633,-0.04021869972348213,0.1790664792060852,0.4089304208755493,0.025409266352653503,8192,0.6682428121566772,4.405712127685547,0.004870133940130472,28049408,31608,13696,856,4.7431283,0.00837488530378323,0.007166540923208231,-5.812314850091934,2.3712218,0.004966843692818657,0.0066203983711602635,-5.948476830124855,,,0.95,0.9,c2n,8.422795962606825,8.913305670247931,0.26449355881684045,0.0,4.495904,2285.0410151156893,4.7431283
172,1784877252.2124777,,5.28,,5.28,,4.799999999999999,,4.799999999999999,,7.200000000000002,,7.200000000000002,,1.9800000000000002,,1.9800000000000002,,2.759999999999999,,2.759999999999999,,5.242930855602026,,4.746985850855708,,7.132784701883793,,2.0880455407314003,,2.8797861851053312,0.10439100861549377,-0.007054286310449243,0.004576974599331152,2.3994393721222878,0.26391518115997314,0.8279665112495422,0.15793880820274353,0.24676421284675598,0.26293444633483887,0.5050758123397827,0.02573459967970848,8192,0.6557937264442444,4.418107032775879,0.03229495510458946,28213248,31772,13776,861,-4.0573916,0.008087662636535242,0.006628676078980789,-5.803109443187713,-5.6615853,0.006970020511653274,0.005806784961168887,-5.925665873289108,,,0.95,0.9,c2n,8.420580708121904,8.395236682283116,0.24668475760240044,0.0,-18.137943,2312.638107054944,-4.0573916
173,1784877324.7901409,,5.28,,5.28,,4.799999999999999,,4.799999999999999,,7.200000000000002,,7.200000000000002,,1.9800000000000002,,1.9800000000000002,,2.759999999999999,,2.759999999999999,,5.295028911903501,,4.839581002481282,,7.3328815177083015,,2.105953007005155,,2.783592217369005,0.10744361579418182,-0.004435166731127538,0.019153702618496027,2.4072294160723686,0.24816173315048218,0.8910974264144897,0.2755914330482483,0.10118694603443146,0.3293616771697998,0.33238786458969116,0.025870926678180695,8192,0.6561662554740906,4.471406936645508,0.006255037151277065,28377088,31938,13856,866,5.46181,0.008284601196646691,0.0064896144671365615,-5.802390697598457,2.6565008,0.0036487156387011053,0.006722847047785763,-5.955713632702827,,,0.95,0.9,c2n,7.679605143185668,9.604596798736102,0.3176412398806415,0.0,2.410172,2257.4433788037923,5.46181
174,1784877397.4977705,,5.28,,5.28,,4.799999999999999,,4.799999999999999,,7.200000000000002,,7.200000000000002,,1.9800000000000002,,1.9800000000000002,,2.759999999999999,,2.759999999999999,,5.444022440351546,,4.815354927442968,,7.032907836139202,,1.8391535920090973,,2.585341320373118,0.09978879243135452,4.5266118831932545e-05,0.008110312337521464,2.412466898560524,0.3087317645549774,0.7401682138442993,0.19949418306350708,0.2036360204219818,0.25376737117767334,0.43332844972610474,0.02417270466685295,8192,0.6676136255264282,4.343355655670166,0.024648385122418404,28540928,32114,13936,871,-12.353361,0.006815979396924377,0.008185854308248964,-5.845178082585335,-21.08773,0.01075077709974721,0.008273987971188035,-6.002079483866692,,,0.95,0.9,c2n,8.641183587831533,9.427348473750712,0.2893176390648866,0.0,-17.654621,2253.408931642464,-12.353361
175,1784877468.9057357,,5.28,,5.28,,4.799999999999999,,4.799999999999999,,7.200000000000002,,7.200000000000002,,1.9800000000000002,,1.9800000000000002,,2.759999999999999,,2.759999999999999,,5.320214476727415,,4.919401749968529,,7.037288499996066,,1.764575557084754,,2.6729585432913154,0.13450723886489868,6.084189226385206e-05,0.01845111677539535,2.4181333854794502,0.2619173526763916,0.7972997426986694,0.2585747539997101,-0.10037693381309509,0.3510114252567291,0.5392879247665405,0.0281274002045393,8192,0.6523224115371704,4.342887878417969,0.050970349460840225,28704768,32293,14016,876,-20.408743,0.006381561046873685,0.007214831929013598,-5.8724348723888395,-21.390629,0.012989164562895894,0.0055288554285652936,-5.9991844415664675,,,0.95,0.9,c2n,8.862337715668028,9.91857088033438,0.18578844052182705,0.0,3.5842762,2294.421542069016,-20.408743
176,1784877538.75111,,5.28,,5.28,,4.799999999999999,,4.799999999999999,,7.200000000000002,,7.200000000000002,,1.9800000000000002,,1.9800000000000002,,2.759999999999999,,2.759999999999999,,5.160173155512894,,4.4484439473599195,,7.256288940552622,,1.9063949341070838,,2.710091162007302,0.05632569640874863,-0.0006081471801735461,0.002519128252970404,2.4208234176039696,0.2955609858036041,0.8923338651657104,0.1437731683254242,0.2506168484687805,0.15609879791736603,0.32977020740509033,0.02895304560661316,8192,0.6598011255264282,4.296278476715088,0.008061383850872517,28868608,32461,14096,881,-29.327621,0.007444348737772088,0.009426219001761637,-5.885894110798835,-24.560612,0.008693839822080917,0.006895255277777323,-5.968078443408013,,,0.95,0.9,c2n,8.22745126877175,9.307812855090637,0.215341101180546,0.0,-36.98399,2345.7542661922043,-29.327621
177,1784877607.8078282,,5.28,,5.28,,4.799999999999999,,4.799999999999999,,7.200000000000002,,7.200000000000002,,1.9800000000000002,,1.9800000000000002,,2.759999999999999,,2.759999999999999,,5.3027023850008845,,5.26901001483202,,7.400009797886014,,2.0419394997879863,,2.856955159921199,0.10927963256835938,-0.002946991469798377,0.008553777181077749,2.4230992943048477,0.18789419531822205,0.8029599785804749,0.10151835530996323,0.07872723042964935,0.26520010828971863,0.3605422377586365,0.02789231948554516,8192,0.6818637251853943,4.574123382568359,0.009617660194635391,29032448,32629,14176,886,-28.120228,0.00973143188166432,0.007376513195049483,-5.917273014783859,5.2673397,0.007947829402110074,0.008146042782755103,-5.9836820602417,,,0.95,0.9,c2n,8.284050779068973,8.113142672198743,0.25253024190656,0.0,-34.004307,2372.542026943878,-28.120228
178,1784877677.5045152,,5.28,,5.28,,4.799999999999999,,4.799999999999999,,7.200000000000002,,7.200000000000002,,1.9800000000000002,,1.9800000000000002,,2.759999999999999,,2.759999999999999,,4.754900106228888,,4.43213065341115,,6.946966163814068,,1.7375594191253185,,2.6568415509536862,0.040683016180992126,0.00012562265328597277,0.0022043888511689147,2.4284030571579933,0.3100794851779938,1.0266773700714111,0.14620177447795868,0.12429280579090118,0.11069858074188232,0.507460355758667,0.0248273853212595,8192,0.6118860244750977,4.105679512023926,0.008144000545144081,29196288,32798,14256,891,-11.400429,0.007268044090596959,0.010576445286278612,-5.921593561768532,-20.40678,0.005760067921073642,0.006921816313115415,-5.9508073091506954,,,0.95,0.9,c2n,8.416985322717121,9.044590835032615,0.23558968475801287,0.0,-51.32084,2350.7566543873454,-11.400429
179,1784877746.5455165,,5.28,,5.28,,4.799999999999999,,4.799999999999999,,7.200000000000002,,7.200000000000002,,1.9800000000000002,,1.9800000000000002,,2.759999999999999,,2.759999999999999,,5.5093391221016645,,4.7672465750947595,,7.182805688120425,,2.049160403199494,,3.0328991995193064,0.058083098381757736,-5.472083284985274e-05,0.0024837687124090735,2.431177444756031,0.302482545375824,0.6745609045028687,0.15703554451465607,-0.2570415735244751,0.1446925550699234,0.4034464955329895,0.0243852362036705,8192,0.6470311880111694,4.5082902908325195,0.05195891484618187,29360128,32972,14336,896,-29.1482,0.012318079636315815,0.006448621557501611,-5.902052816748619,-20.593151,0.008844538411358372,0.0045970987397595305,-5.969759774208069,,,0.95,0.9,c2n,8.057824547219813,9.476648687484074,0.2534339741396697,0.0,-56.56833,2373.0826157248302,-29.1482
180,1784877814.3290877,,5.28,,5.28,,4.799999999999999,,4.799999999999999,,7.200000000000002,,7.200000000000002,,1.9800000000000002,,1.9800000000000002,,2.759999999999999,,2.759999999999999,,5.263657233590493,,5.082395437173545,,7.0837901930790395,,1.9126588284270838,,2.762688057962805,0.05674014240503311,0.00013318279525265098,0.00815564818913117,2.433618515729904,0.22348061203956604,0.7695380449295044,0.20533230900764465,-0.20366977155208588,0.15243427455425262,0.4209446310997009,0.024774791672825813,8192,0.6407962441444397,4.421037673950195,0.0447269044816494,29523968,33139,14416,901,-27.465225,0.010572861274704337,0.0061182632052805275,-5.874765384197235,-54.560627,0.015798719428130426,0.005690001099719666,-5.96853209733963,,,0.95,0.9,c2n,7.657559774347172,8.27311676884337,0.33191320737631075,0.0,-68.31326,2417.104850061459,-27.465225
181,1784877882.586151,,5.28,,5.28,,4.799999999999999,,4.799999999999999,,7.200000000000002,,7.200000000000002,,1.9800000000000002,,1.9800000000000002,,2.759999999999999,,2.759999999999999,,5.503514724783599,,5.215774239972234,,7.120006788522005,,2.28867828566581,,2.8406487768515944,0.11024588346481323,-0.003836374839011114,0.004640382438083179,2.4391970038414,0.23294872045516968,0.7239294648170471,0.27696090936660767,0.21147520840168,0.28911715745925903,0.5260204076766968,0.02713121846318245,8192,0.6469765305519104,4.593724250793457,0.014511765912175179,29687808,33308,14496,906,-18.731632,0.013604028077679686,0.00978949525160715,-5.8815523147583,-35.71167,0.010306806475273333,0.007289909908286063,-5.959766092896461,,,0.95,0.9,c2n,7.797168529921825,8.181883358394114,0.27678815797812917,0.0,-68.76555,2400.3376510906164,-18.731632
182,1784877951.5395124,,5.28,,5.28,,4.799999999999999,,4.799999999999999,,7.200000000000002,,7.200000000000002,,1.9800000000000002,,1.9800000000000002,,2.759999999999999,,2.759999999999999,,4.968847651034594,,4.6852089781314135,,7.367342632263899,,1.8939985800534487,,2.64070470049046,0.06881394982337952,-0.0073313291650265455,0.009046822597156279,2.4396563693881035,0.1957629919052124,0.7853033542633057,0.11664657294750214,-0.048726290464401245,0.20509514212608337,0.3304583430290222,0.028337258845567703,8192,0.6972487568855286,4.311221122741699,0.019010132178664207,29851648,33484,14576,911,-19.385717,0.010798486630665138,0.006773707167303656,-5.878672671318054,-33.4021,0.009034323840751313,0.008323008092702366,-5.970319524407387,,,0.95,0.9,c2n,8.624932726870679,10.205496298303654,0.3651108629468913,0.0,-17.461943,2376.098871525944,-19.385717
183,1784878020.328943,,5.28,,5.28,,4.799999999999999,,4.799999999999999,,7.200000000000002,,7.200000000000002,,1.9800000000000002,,1.9800000000000002,,2.759999999999999,,2.759999999999999,,5.255502061918378,,4.8272139808832435,,7.068837338243611,,2.124765818938613,,3.022604128345847,0.16265329718589783,4.824166535399854e-05,0.016651529382215813,2.4501344189047813,0.22596457600593567,0.8852681517601013,0.15932713449001312,-0.008250080049037933,0.3950316905975342,0.35889023542404175,0.029571902006864548,8192,0.6630631685256958,4.459784507751465,0.014417726546525955,30015488,33653,14656,916,6.9057503,0.005018297217611689,0.011173819041869138,-5.861398875713348,-6.1939983,0.007606743922224268,0.007117849205678794,-5.936635482311249,,,0.95,0.9,c2n,8.598346548106061,9.479549041328529,0.25158364714908427,0.0,-52.008232,2381.7611872859993,6.9057503
184,1784878089.9986465,,5.28,,5.28,,4.799999999999999,,4.799999999999999,,7.200000000000002,,7.200000000000002,,1.9800000000000002,,1.9800000000000002,,2.759999999999999,,2.759999999999999,,5.078417839016765,,4.739054220262915,,6.729654545546509,,1.9399934103857959,,2.6165883308276534,0.10666389763355255,-0.0004484237761062104,0.0062734371749684215,2.452552229166031,0.19186151027679443,0.9003859758377075,0.10503405332565308,-0.019475504755973816,0.24498790502548218,0.5031310319900513,0.029054749757051468,8192,0.6565746665000916,4.220742225646973,0.01876002736389637,30179328,33813,14736,921,-3.3564365,0.006008867030323018,0.007901938802388032,-5.862348407506943,-4.202974,0.005640650900022593,0.00606801299873041,-6.000226098299026,,,0.95,0.9,c2n,8.10720518618711,9.03776601247244,0.24549277436854786,0.0,-35.211113,2351.667914760879,-3.3564365
185,1784878160.2405,,5.28,,5.28,,4.799999999999999,,4.799999999999999,,7.200000000000002,,7.200000000000002,,1.9800000000000002,,1.9800000000000002,,2.759999999999999,,2.759999999999999,,5.351450260728598,,4.6630667564459145,,7.2255661599338055,,1.974521605297923,,2.6094731935299933,0.08178732544183731,-0.001434630248695612,0.0030974481742305215,2.457983687520027,0.210161954164505,0.8504691123962402,0.11485125124454498,0.18145279586315155,0.22738289833068848,0.4988006353378296,0.029947906732559204,8192,0.7098721265792847,4.364815711975098,0.026275914162397385,30343168,33986,14816,926,6.285343,0.005956147280812729,0.008600805947207846,-5.846943047642708,-14.325388,0.011860429341322743,0.00670496593520511,-6.00899430513382,,,0.95,0.9,c2n,7.160515872131166,9.119402564540884,0.19878138826969005,0.0,-73.2614,2332.512425535522,6.285343
186,1784878233.020165,,5.28,,5.28,,4.799999999999999,,4.799999999999999,,7.200000000000002,,7.200000000000002,,1.9800000000000002,,1.9800000000000002,,2.759999999999999,,2.759999999999999,,5.92611925676465,,5.194628259167075,,6.563588662073016,,2.075361831462942,,2.663241347298026,0.039894308894872665,-0.0004065865532538737,0.0057289218730147695,2.4619341045618057,0.34547972679138184,0.8280580043792725,0.29017865657806396,-0.36321693658828735,0.1527775526046753,0.578108012676239,0.035542383790016174,8192,0.557643711566925,4.484587669372559,0.04927685856819153,30507008,34171,14896,931,-20.139893,0.007213771008537151,0.005386724659183528,-5.825629127025604,-51.271008,0.01850071271765046,0.006753253529313952,-6.041446149349213,,,0.95,0.9,c2n,7.6980788846252635,9.766692199619095,0.22723130701480984,0.0,2.874035,2251.1783395138773,-20.139893
187,1784878303.191359,,5.28,,5.28,,4.799999999999999,,4.799999999999999,,7.200000000000002,,7.200000000000002,,1.9800000000000002,,1.9800000000000002,,2.759999999999999,,2.759999999999999,,5.289373876526952,,4.587532746605575,,6.725155171006918,,2.1344007309526205,,2.759370115119964,0.0643877163529396,-0.0009018847777042538,0.005608328487141989,2.461544819176197,0.24323786795139313,0.9032235741615295,0.2064761519432068,0.2764573097229004,0.17522306740283966,0.4298707842826843,0.03232888877391815,8192,0.6577551960945129,4.299166202545166,0.026279812678694725,30670848,34350,14976,936,-2.173472,0.0073304291392560115,0.0062536341800296215,-5.877582070231438,-67.47906,0.020370968925999478,0.0062801862302876545,-6.092712455987931,,,0.95,0.9,c2n,6.7621508155208545,9.908264604398033,0.2553754562212166,0.0,-43.39991,2334.861257291531,-2.173472
188,1784878374.105788,,5.28,,5.28,,4.799999999999999,,4.799999999999999,,7.200000000000002,,7.200000000000002,,1.9800000000000002,,1.9800000000000002,,2.759999999999999,,2.759999999999999,,5.178213551640511,,4.537775777280331,,6.939643752062693,,1.9852634407579899,,2.8627197411842644,0.05892413109540939,-0.010352715966291726,0.005892706962185912,2.463047280907631,0.29360997676849365,1.0701123476028442,0.17104066908359528,0.10460218787193298,0.1819729059934616,0.3740089535713196,0.03350469470024109,8192,0.6834898591041565,4.300723075866699,0.018078235909342766,30834688,34562,15056,941,-11.2851,0.008817637956235557,0.007506822192226537,-5.909557378292083,-38.006645,0.01335305131797213,0.004097664258733857,-6.091108766198158,,,0.95,0.9,c2n,8.937603381747547,9.110765906808215,0.2632278868079346,0.0,-35.32159,2310.390043773201,-11.2851
189,1784878446.0095143,,5.28,,5.28,,4.799999999999999,,4.799999999999999,,7.200000000000002,,7.200000000000002,,1.9800000000000002,,1.9800000000000002,,2.759999999999999,,2.759999999999999,,5.341100989840925,,4.583777972729877,,7.190028729964979,,2.1188982343301177,,2.7953375172801316,0.04673914611339569,-0.001040882558299927,0.002433642441246775,2.4632049277424812,0.17948943376541138,0.9574916362762451,0.20129510760307312,0.2765621542930603,0.12863489985466003,0.5138841867446899,0.04000750556588173,8192,0.654912531375885,4.405828952789307,0.07841672003269196,30998528,34768,15136,946,-10.997789,0.008463901092181914,0.006086254480760544,-5.925716683268547,-75.62999,0.015732784633291884,0.005711016673012636,-6.064199125766754,,,0.95,0.9,c2n,8.29342664184529,10.370022080283226,0.22755487946330677,0.0,3.0725727,2278.6024102567385,-10.997789
190,1784878515.6449077,,5.28,,5.28,,4.799999999999999,,4.799999999999999,,7.200000000000002,,7.200000000000002,,1.9800000000000002,,1.9800000000000002,,2.759999999999999,,2.759999999999999,,5.420046322979033,,5.302119161467999,,7.462268153205514,,2.1087530714576133,,2.8522943389834836,0.07109924405813217,-0.009441946473089047,0.020827833403018303,2.4696943536400795,0.2427290976047516,0.8266398906707764,0.1912059336900711,0.01265394315123558,0.2201894223690033,0.29598894715309143,0.0327562652528286,8192,0.6435829401016235,4.629096508026123,0.018136421218514442,31162368,34950,15216,951,7.73421,0.006887844292214141,0.007961714104749263,-5.933906662464142,-13.194478,0.01058161309629213,0.006699728904641234,-6.063762721419335,,,0.95,0.9,c2n,7.423688699392446,8.990380776208184,0.5134085757602822,0.0,-49.47452,2352.826486823259,7.73421
191,1784878584.165683,,5.28,,5.28,,4.799999999999999,,4.799999999999999,,7.200000000000002,,7.200000000000002,,1.9800000000000002,,1.9800000000000002,,2.759999999999999,,2.759999999999999,,5.356302201747894,,5.018738443031907,,7.405388154089451,,2.1678297800244763,,2.8417488012928516,0.055021051317453384,-0.014767336280783638,0.003160220501740696,2.474604904651642,0.2610864043235779,0.7510408759117126,0.18420900404453278,-0.04714779555797577,0.1451895385980606,0.2920249402523041,0.03251346945762634,8192,0.6816836595535278,4.558001518249512,0.012559992261230946,31326208,35124,15296,956,-9.69631,0.007125562912551686,0.005717687123978976,-5.959365496039391,-23.949844,0.008716623549116776,0.007092112281679874,-6.048599281907082,,,0.95,0.9,c2n,7.340575031833313,9.191474287129427,0.29601941941485066,0.0,-52.45852,2391.099618471585,-9.69631
192,1784878654.287544,,5.28,,5.28,,4.799999999999999,,4.799999999999999,,7.200000000000002,,7.200000000000002,,1.9800000000000002,,1.9800000000000002,,2.759999999999999,,2.759999999999999,,5.390167849138379,,5.199269458651543,,7.249306946992874,,2.016348614823073,,2.879905662499368,0.05335371196269989,-0.00325119387707673,0.006591878617655311,2.4774632677435875,0.12181571125984192,0.8808843493461609,0.09569506347179413,0.259589821100235,0.17801249027252197,0.458115816116333,0.037058863788843155,8192,0.7131940722465515,4.546999454498291,0.019213585183024406,31490048,35304,15376,961,-10.940522,0.0066220055960002355,0.00974341364490101,-5.976398053765297,-67.90322,0.013187640201067552,0.005387441511265934,-6.094797989726066,,,0.95,0.9,c2n,10.174353475098755,9.136993614501232,0.22888245594524387,0.0,-11.657117,2336.503889826134,-10.940522
193,1784878722.8376184,,5.28,,5.28,,4.799999999999999,,4.799999999999999,,7.200000000000002,,7.200000000000002,,1.9800000000000002,,1.9800000000000002,,2.759999999999999,,2.759999999999999,,4.769895737990737,,4.643887537531555,,7.273077312856913,,1.9550767050495779,,2.738269714638591,0.22815394401550293,-0.007666014324058779,0.020167278998997062,2.4793925136327744,0.2673855721950531,0.7886999249458313,0.21404580771923065,0.1926969289779663,0.5293288230895996,0.5474826693534851,0.040423303842544556,8192,0.6849877238273621,4.2760419845581055,0.02410038933157921,31653888,35473,15456,966,-19.268728,0.008588375445106067,0.007974556595581817,-5.954530021548271,-67.08155,0.014286197285400704,0.005530425626784563,-6.110089585185051,,,0.95,0.9,c2n,8.794143855581423,9.869260909515017,0.25906264911915644,0.0,-49.334705,2390.0776194526625,-19.268728
194,1784878792.9790492,,5.28,,5.28,,4.799999999999999,,4.799999999999999,,7.200000000000002,,7.200000000000002,,1.9800000000000002,,1.9800000000000002,,2.759999999999999,,2.759999999999999,,5.305176252964884,,4.77616697922349,,7.138719788752496,,2.0467670797370374,,2.810569859109819,0.04561299830675125,0.00011426304990891367,0.0022635374170931755,2.483540289103985,0.17510712146759033,0.6442714929580688,0.1292426884174347,0.11334578692913055,0.1233099028468132,0.43941837549209595,0.03523842245340347,8192,0.7198118567466736,4.415480136871338,0.023140639066696167,31817728,35657,15536,971,-10.092442,0.005734379641944542,0.007402201762306504,-5.95097693502903,-12.740842,0.017645955976331607,0.007777771474502515,-6.095586907863617,,,0.95,0.9,c2n,8.352217252475025,9.992572008731726,0.27503891179118656,0.0,-54.018715,2335.8519918526545,-10.092442
195,1784878863.1433525,,5.28,,5.28,,4.799999999999999,,4.799999999999999,,7.200000000000002,,7.200000000000002,,1.9800000000000002,,1.9800000000000002,,2.759999999999999,,2.759999999999999,,5.2994751944206655,,4.900165271013975,,7.027046954259276,,2.0655151737155393,,2.881508769467473,0.0656890794634819,-0.0022292595594990416,0.006508589242002927,2.4870096668601036,0.23318061232566833,0.933773398399353,0.1688441038131714,-0.3739347457885742,0.1717483401298523,0.40651094913482666,0.0339784137904644,8192,0.6851130127906799,4.434741973876953,0.023011688143014908,31981568,35826,15616,976,-1.5188019,0.0056296778580872345,0.006843199540162459,-6.0040980845689775,-15.183577,0.009039131391909904,0.006403145942022093,-6.05691294670105,,,0.95,0.9,c2n,8.659571194463272,9.074111700864227,0.31231704238847907,0.0,-28.797125,2335.090549501181,-1.5188019
196,1784878933.4696124,,5.28,,5.28,,4.799999999999999,,4.799999999999999,,7.200000000000002,,7.200000000000002,,1.9800000000000002,,1.9800000000000002,,2.759999999999999,,2.759999999999999,,5.047146865166724,,4.953839739784598,,6.76400507427752,,1.828542361054133,,2.749362714588642,0.04971107095479965,-0.00017573661170899868,0.002417356001387816,2.491605818271637,0.18387585878372192,0.8419199585914612,0.12215764820575714,0.2297075390815735,0.13983093202114105,0.4078295826911926,0.0328306183218956,8192,0.6525403261184692,4.268579006195068,0.017776519060134888,32145408,36004,15696,981,-1.9773325,0.0062191396835260095,0.009325191609968897,-5.978908294439316,-54.116005,0.012273826406453737,0.006001438015664462,-6.0160507529973986,,,0.95,0.9,c2n,9.200988651056756,9.724837635765715,0.25763176887978995,0.0,-49.691166,2329.7129512168817,-1.9773325
197,1784879003.727005,,5.28,,5.28,,4.799999999999999,,4.799999999999999,,7.200000000000002,,7.200000000000002,,1.9800000000000002,,1.9800000000000002,,2.759999999999999,,2.759999999999999,,5.5994953494518995,,4.809748398140073,,7.576884642709047,,1.854068438988179,,2.8729104469530284,0.1123715341091156,-0.000448444377980195,0.009854577379883267,2.4938895404338837,0.30348896980285645,0.7231828570365906,0.26051634550094604,0.05814523994922638,0.2686188817024231,0.37114787101745605,0.02933921478688717,8192,0.6613687872886658,4.542621612548828,0.013287750072777271,32309248,36191,15776,986,-2.22573,0.0118490862485487,0.005953072802367387,-5.936008331179619,-22.14651,0.010386957429000176,0.006934818034642376,-6.050421398878098,,,0.95,0.9,c2n,8.217025981444776,9.018887443161422,0.24607251218761428,0.0,-33.019356,2331.9965863086577,-2.22573
198,1784879072.9169657,,5.28,,5.28,,4.799999999999999,,4.799999999999999,,7.200000000000002,,7.200000000000002,,1.9800000000000002,,1.9800000000000002,,2.759999999999999,,2.759999999999999,,5.177897337824106,,4.428668413311243,,7.163578161969781,,2.1737392989743967,,2.972006330965087,0.049929771572351456,-0.01334424232118181,0.002407747262623161,2.4986717998981476,0.1556021273136139,0.9072096943855286,0.12473484873771667,-0.14574892818927765,0.12160810828208923,0.3984604775905609,0.02912062406539917,8192,0.6395414471626282,4.383177757263184,0.022950127720832825,32473088,36385,15856,991,6.685028,0.0052293267610366454,0.007776812365045771,-5.933157831430435,-63.378944,0.015356629225425421,0.007834701996762306,-6.056641241908073,,,0.95,0.9,c2n,9.835154776045112,10.684049890774736,0.2659683438591966,0.0,-71.4745,2367.973614126243,6.685028
199,1784879142.814539,,5.28,,5.28,,4.799999999999999,,4.799999999999999,,7.200000000000002,,7.200000000000002,,1.9800000000000002,,1.9800000000000002,,2.759999999999999,,2.759999999999999,,5.616735083982348,,5.145848164334893,,7.567306280136108,,2.0516373836435378,,3.0428977995179594,0.12467905133962631,-0.0064479825960006565,0.004490431019803509,2.4988715574145317,0.20768269896507263,0.8419217467308044,0.11296261847019196,-0.20401062071323395,0.3149198293685913,0.33121857047080994,0.036896687000989914,8192,0.6640961170196533,4.684885025024414,0.03137287124991417,32636928,36602,15936,996,5.296447,0.004605099801847245,0.007017901587823871,-5.9190609604120255,-57.82263,0.02178543509799056,0.005302464330452494,-6.032334187626839,,,0.95,0.9,c2n,7.624914986511047,9.933054441556493,0.23982693756191836,0.0,-14.380933,2344.0012820516367,5.296447
200,1784879213.5279446,,5.28,,5.28,,4.799999999999999,,4.799999999999999,,7.200000000000002,,7.200000000000002,,1.9800000000000002,,1.9800000000000002,,2.759999999999999,,2.759999999999999,,5.109720858046785,,4.52979348693043,,7.197418003343046,,1.7199472039937973,,2.5052847852930427,0.07087068259716034,-0.004425328923389316,0.004064366345119197,2.498139373958111,0.12369391322135925,0.8258175849914551,0.08416470885276794,-0.14288708567619324,0.17873933911323547,0.47814154624938965,0.04164178669452667,8192,0.6757923364639282,4.212432384490967,0.03279305249452591,32800768,36795,16016,1001,-2.242508,0.00612530249345582,0.007402416675176937,-5.912266170978546,-63.52709,0.013590169971575961,0.00700353218417149,-6.093650048971176,,,0.95,0.9,c2n,8.116683394152584,10.973830055053512,0.24677768541378425,0.0,-10.968963,2316.9583510317907,-2.242508
201,1784879284.6233323,,5.28,,5.28,,4.799999999999999,,4.799999999999999,,7.200000000000002,,7.200000000000002,,1.9800000000000002,,1.9800000000000002,,2.759999999999999,,2.759999999999999,,5.36203525448218,,4.4363449811935425,,6.682813921477646,,1.8678049873560667,,2.6570173217915,0.11232808977365494,-0.0005290894769132137,0.01945400857948698,2.5028759241104126,0.209283709526062,0.7419008016586304,0.1737040877342224,-0.21906259655952454,0.328725665807724,0.6125609278678894,0.04126894846558571,8192,0.6564825177192688,4.201203346252441,0.0414600670337677,32964608,36976,16096,1006,-11.243637,0.007259546121349558,0.004487678250734461,-5.9139309376478195,-49.82411,0.012214527075411753,0.003911266631621402,-6.033102422952652,,,0.95,0.9,c2n,6.995731257714615,9.315983831020166,0.21929545646258375,0.0,3.99127,2304.5093016939454,-11.243637
202,1784879355.5899699,,5.28,,5.28,,4.799999999999999,,4.799999999999999,,7.200000000000002,,7.200000000000002,,1.9800000000000002,,1.9800000000000002,,2.759999999999999,,2.759999999999999,,5.53582815034315,,4.96339924633503,,7.652567904442549,,2.212167042773217,,2.6454570163041353,0.11466234922409058,-0.00015333082410506904,0.009583794424543157,2.5067162811756134,0.2357262372970581,0.8287767767906189,0.1796865314245224,-0.1666141152381897,0.29125431180000305,0.5887088775634766,0.035671740770339966,8192,0.6608289480209351,4.601883888244629,0.01754046604037285,33128448,37136,16176,1011,-18.995237,0.0084697131998837,0.0066314228031842505,-5.917365315556526,-16.18833,0.005929068043769803,0.006645650280552218,-6.0388684421777725,,,0.95,0.9,c2n,7.498191585940704,9.070266580254188,0.2588003695803913,0.0,-16.188532,2308.69063616732,-18.995237
203,1784879427.0843134,,5.28,,5.28,,4.799999999999999,,4.799999999999999,,7.200000000000002,,7.200000000000002,,1.9800000000000002,,1.9800000000000002,,2.759999999999999,,2.759999999999999,,5.448663821443915,,5.2570819908578414,,7.055026564281434,,1.8922004331834614,,2.6772902759257704,0.03725726529955864,-0.002911589515861124,0.003341767566780618,2.5074217468500137,0.12510710954666138,0.8088052868843079,0.11662682145833969,-0.154926598072052,0.12070115655660629,0.4741644561290741,0.030139252543449402,8192,0.6747530102729797,4.466053009033203,0.020967891439795494,33292288,37305,16256,1016,-10.613396,0.008003613878099714,0.007674949686042964,-5.932103309035301,-32.02361,0.01331016831973102,0.008136586749606068,-6.045422634482383,,,0.95,0.9,c2n,7.78486320394066,10.017815696356328,0.2504208236672926,0.0,3.0432754,2291.649632622432,-10.613396
204,1784879498.35224,,5.28,,5.28,,4.799999999999999,,4.799999999999999,,7.200000000000002,,7.200000000000002,,1.9800000000000002,,1.9800000000000002,,2.759999999999999,,2.759999999999999,,5.430717378854752,,5.179998930543661,,7.405553165590391,,1.7824488789774477,,2.8271850114688277,0.03999575600028038,-0.002041326464677695,0.0022653868782072095,2.506320998072624,0.27145370841026306,1.0579724311828613,0.29397401213645935,0.03309907764196396,0.12263254076242447,0.3558410108089447,0.029171375557780266,8192,0.7235050797462463,4.525180816650391,0.03430976718664169,33456128,37488,16336,1021,-19.49123,0.009722830061218702,0.005290007425355725,-5.902783074975014,2.551201,0.006211683000583434,0.006415930010916782,-6.016126105189324,,,0.95,0.9,c2n,10.875365111546966,10.058510347361171,0.244036568836985,0.0,-35.93239,2298.9304102435526,-19.49123
205,1784879568.5777028,,5.28,,5.28,,4.799999999999999,,4.799999999999999,,7.200000000000002,,7.200000000000002,,1.9800000000000002,,1.9800000000000002,,2.759999999999999,,2.759999999999999,,5.5360106118023396,,5.252664400730282,,7.529411748051643,,2.2433626437559724,,2.8767715767025948,0.057717688381671906,-0.009400518087204546,0.0027940881227550562,2.511095032095909,0.41918548941612244,0.9513375163078308,0.36556559801101685,-0.07538551092147827,0.14623141288757324,0.3541622459888458,0.02824973315000534,8192,0.6673253774642944,4.687644004821777,0.015498854219913483,33619968,37663,16416,1026,-10.946049,0.00899258212884888,0.004639453465642873,-5.888321965932846,0.92604,0.00600059738062555,0.006952384946634993,-6.022917011380196,,,0.95,0.9,c2n,8.103738153226868,10.29307725633278,0.30345166996996165,0.0,-10.947476,2333.056829502744,-10.946049
206,1784879636.6150491,,5.28,,5.28,,4.799999999999999,,4.799999999999999,,7.200000000000002,,7.200000000000002,,1.9800000000000002,,1.9800000000000002,,2.759999999999999,,2.759999999999999,,5.005400071851909,,4.500274005346,,6.606067291460931,,1.78205275721848,,2.600734583917074,0.08220960199832916,-0.000217373832128942,0.007273245726537425,2.5160860046744347,0.26263371109962463,0.9987785816192627,0.18835186958312988,-0.10910467058420181,0.2127189040184021,0.5462358593940735,0.03391522169113159,8192,0.6053628921508789,4.098905563354492,0.016459379345178604,33783808,37830,16496,1031,-11.405226,0.007594805232656654,0.005467701819725335,-5.890532058477402,-5.810076,0.007668486989859957,0.006472413700976176,-5.978537997603416,,,0.95,0.9,c2n,8.107917707002372,9.011629678388482,0.23756672962760844,0.0,-44.83247,2408.0902344967662,-11.405226
207,1784879706.548027,,5.28,,5.28,,4.799999999999999,,4.799999999999999,,7.200000000000002,,7.200000000000002,,1.9800000000000002,,1.9800000000000002,,2.759999999999999,,2.759999999999999,,4.72342334408313,,4.624050626531243,,6.968113996903412,,1.777182103600353,,2.788409125059843,0.0446053147315979,0.0001574046182213351,0.0014758063789486187,2.515330322086811,0.3151947557926178,0.8424673080444336,0.2334539145231247,0.29689377546310425,0.10531013458967209,0.3770284652709961,0.0301542766392231,8192,0.6395609378814697,4.176236152648926,0.009897812269628048,33947648,38006,16576,1036,-19.733315,0.009609525352425407,0.0053089632201590575,-5.884650036692619,-29.493732,0.006885017595777754,0.006238191969896434,-5.958539438247681,,,0.95,0.9,c2n,8.617367021106139,8.640886743053912,0.25623804981579856,0.0,-16.615953,2342.8136556983236,-19.733315
208,1784879778.2943249,,5.28,,5.28,,4.799999999999999,,4.799999999999999,,7.200000000000002,,7.200000000000002,,1.9800000000000002,,1.9800000000000002,,2.759999999999999,,2.759999999999999,,5.505186895374209,,4.895855970680714,,7.205185468541458,,2.1905362114775926,,2.9683150555938482,0.09477049112319946,-0.005736998260545079,0.004592647819663398,2.519024685025215,0.21180251240730286,1.0037002563476562,0.1433216631412506,0.0003483295440673828,0.22765646874904633,0.4086924195289612,0.026365777477622032,8192,0.6974053978919983,4.55301570892334,0.02416992373764515,34111488,38176,16656,1041,-11.068373,0.007728272053645924,0.005852923614293104,-5.857763502001762,-26.038477,0.010856614501972218,0.007097423161758343,-5.956831300258637,,,0.95,0.9,c2n,7.501253564438704,8.738007445033698,0.2442554271658885,0.0,4.740069,2283.602105475813,-11.068373
209,1784879849.0907664,,5.28,,5.28,,4.799999999999999,,4.799999999999999,,7.200000000000002,,7.200000000000002,,1.9800000000000002,,1.9800000000000002,,2.759999999999999,,2.759999999999999,,4.62581623531878,,4.408344979863614,,6.818312991410494,,1.8550795125192963,,2.560822702012956,0.06896431744098663,-0.004063651387696154,0.007676336394069949,2.51939494907856,0.21954280138015747,0.9053301811218262,0.16968120634555817,-0.3493693470954895,0.19482749700546265,0.546366274356842,0.028903372585773468,8192,0.6183977127075195,4.053675174713135,0.015217170119285583,34275328,38344,16736,1046,-20.563002,0.007060886239924002,0.008890223862545099,-5.844554921984672,-31.284924,0.01282909328583628,0.0037407318530313207,-5.977340859174729,,,0.95,0.9,c2n,8.689644133617456,7.616273714191687,0.3381327766378657,0.0,-71.26445,2314.2419112407574,-20.563002
210,1784879921.6405644,,5.28,,5.28,,4.799999999999999,,4.799999999999999,,7.200000000000002,,7.200000000000002,,1.9800000000000002,,1.9800000000000002,,2.759999999999999,,2.759999999999999,,5.250141853946843,,5.651783235371113,,7.67120239418,,2.251865865662694,,2.9800754552707076,0.05934277921915054,5.39155189471785e-05,0.0035480898950481787,2.5301765128970146,0.24145245552062988,0.8703116178512573,0.1677289754152298,-0.1298200488090515,0.15599778294563293,0.3924638330936432,0.023431960493326187,8192,0.5015596747398376,4.761013984680176,0.007885880768299103,34439168,38512,16816,1051,-21.617092,0.010264637228101493,0.004500323790125549,-5.8472289711236956,-14.156703,0.00836035132088,0.0058682524650066625,-5.978892853856086,,,0.95,0.9,c2n,8.105528887946397,7.885012214788816,0.23585184206411178,0.0,-12.837817,2258.3097091765135,-21.617092
211,1784879990.6731782,,5.28,,5.28,,4.799999999999999,,4.799999999999999,,7.200000000000002,,7.200000000000002,,1.9800000000000002,,1.9800000000000002,,2.759999999999999,,2.759999999999999,,5.79632769851014,,4.7990902364254,,7.326154962182045,,2.0628412381047383,,2.8436802686192095,0.057918258011341095,-0.0036815626081079245,0.002509032896341523,2.536156579852104,0.1406363844871521,0.8705562949180603,0.12966403365135193,0.08211543411016464,0.18414409458637238,0.41589027643203735,0.022702936083078384,8192,0.7102875709533691,4.565618991851807,0.026893893256783485,34603008,38684,16896,1056,-18.991169,0.009792851397651247,0.007329298384138383,-5.831563693284989,-23.137287,0.00788922616338823,0.0059805516139022075,-6.0057929992675785,,,0.95,0.9,c2n,7.334251284239829,9.569042774156866,0.233030201645917,0.0,-48.131134,2373.3709348939624,-18.991169
212,1784880059.8431487,,5.28,,5.28,,4.799999999999999,,4.799999999999999,,7.200000000000002,,7.200000000000002,,1.9800000000000002,,1.9800000000000002,,2.759999999999999,,2.759999999999999,,5.078025182709098,,4.795425394549966,,7.391883298754692,,1.9407236063852906,,2.6997101416345686,0.0875474140048027,-0.0011663450277410448,0.01206828524300363,2.538138695061207,0.30797281861305237,0.9074158072471619,0.2290836125612259,0.21988198161125183,0.2596780061721802,0.5032070279121399,0.02318822778761387,8192,0.7162719964981079,4.381153106689453,0.01016143150627613,34766848,38848,16976,1061,-4.686049,0.007149536817451008,0.0070217498257989066,-5.834591972827911,-39.03545,0.008337749341444578,0.005776849150424823,-6.019432955980301,,,0.95,0.9,c2n,8.300010001298721,8.047552367785304,0.19665398794449185,0.0,-90.58833,2368.6582188807456,-4.686049
213,1784880132.7492857,,5.28,,5.28,,4.799999999999999,,4.799999999999999,,7.200000000000002,,7.200000000000002,,1.9800000000000002,,1.9800000000000002,,2.759999999999999,,2.759999999999999,,5.5998333198949695,,4.762349324300885,,7.883239235728979,,2.1969052320346236,,2.903599787503481,0.08319251239299774,-0.0023944893036969006,0.006288392549322452,2.534210704267025,0.18124784529209137,0.8548769354820251,0.12347541749477386,-0.07040686160326004,0.22789080440998077,0.3631754517555237,0.02204044722020626,8192,0.6252983808517456,4.669185161590576,0.019821740686893463,34930688,39025,17056,1066,-3.9047978,0.006690692635311279,0.010200782310857904,-5.828538119792938,-43.000328,0.012787257137824781,0.008459528985258657,-6.0247840821743015,,,0.95,0.9,c2n,7.8246987483374655,8.835531055576151,0.27911231437735273,0.0,2.3869638,2247.2728110009243,-3.9047978
214,1784880202.5547895,,5.28,,5.28,,4.799999999999999,,4.799999999999999,,7.200000000000002,,7.200000000000002,,1.9800000000000002,,1.9800000000000002,,2.759999999999999,,2.759999999999999,,5.134591596201062,,4.5610494068823755,,7.143281105905771,,1.6439579660072923,,2.513596818782389,0.05615692958235741,-0.0062889710534363985,0.0013048145647189813,2.5448024794459343,0.12344993650913239,0.9912288784980774,0.09055353701114655,-0.05895189940929413,0.12982584536075592,0.34739500284194946,0.02360948920249939,8192,0.6753216981887817,4.199295520782471,0.018238263204693794,35094528,39221,17136,1071,-11.33825,0.006528474466176703,0.006977079805801622,-5.83236483335495,-41.2987,0.013534977531526238,0.003957629262004048,-6.041073808073998,,,0.95,0.9,c2n,8.442012732842798,8.494661389147026,0.26165103208829965,0.0,-10.68832,2347.092893369279,-11.33825
215,1784880273.0490959,,5.28,,5.28,,4.799999999999999,,4.799999999999999,,7.200000000000002,,7.200000000000002,,1.9800000000000002,,1.9800000000000002,,2.759999999999999,,2.759999999999999,,5.645220184116624,,5.000531669706106,,7.447796444641426,,1.907382991281338,,2.8094744991976768,0.0711473822593689,5.2015016990480945e-05,0.0059809591839439236,2.5483560785651207,0.17314854264259338,0.9455319046974182,0.1427241563796997,0.29651567339897156,0.20722715556621552,0.5576093196868896,0.026653453707695007,8192,0.6992210745811462,4.562081336975098,0.018076153472065926,35258368,39399,17216,1076,-10.060524,0.011341746684047393,0.005584504596481565,-5.849149790406227,-43.30128,0.011947883304674178,0.005414553036098368,-6.06467534005642,,,0.95,0.9,c2n,8.035544545642122,11.402560507235503,0.24121932850593952,0.0,-13.092181,2324.159335456621,-10.060524
216,1784880345.1037662,,5.28,,5.28,,4.799999999999999,,4.799999999999999,,7.200000000000002,,7.200000000000002,,1.9800000000000002,,1.9800000000000002,,2.759999999999999,,2.759999999999999,,5.403746463358402,,4.681169215589762,,7.452993344515562,,1.8710153345018625,,3.094848040957004,0.04193812236189842,3.608467523008585e-05,0.0018847805677069118,2.5487992614507675,0.15998564660549164,0.9549150466918945,0.12757818400859833,0.16405771672725677,0.12712086737155914,0.4949227571487427,0.023095861077308655,8192,0.6894263029098511,4.500754356384277,0.011099220253527164,35422208,39566,17296,1081,-1.4835829,0.009823192706971896,0.004712166343233548,-5.8670175999403,-24.443672,0.006818894864409231,0.00541508668102324,-6.068702906370163,,,0.95,0.9,c2n,7.480387354726339,9.526085041330994,0.19447000044277363,0.0,3.0961068,2273.829063044554,-1.4835829
217,1784880417.0643208,,5.28,,5.28,,4.799999999999999,,4.799999999999999,,7.200000000000002,,7.200000000000002,,1.9800000000000002,,1.9800000000000002,,2.759999999999999,,2.759999999999999,,5.337294716737233,,4.782292761374265,,7.907974328612909,,2.1251501911319792,,2.9750126115977764,0.09339159727096558,-0.003610878121889982,0.004549825855065137,2.5539668649435043,0.14876624941825867,0.8633018732070923,0.08503147959709167,-0.08425739407539368,0.24945068359375,0.4035351276397705,0.020311599597334862,8192,0.5752245783805847,4.625545024871826,0.010674980469048023,35586048,39734,17376,1086,-3.1911798,0.00710819949163124,0.007175529963569715,-5.8327896893024445,-27.756018,0.006943656972725876,0.008741743662176305,-6.063700038194656,,,0.95,0.9,c2n,8.02660938559992,10.467347525680355,0.2849620875158375,0.0,3.950294,2276.8031256854233,-3.1911798
218,1784880487.1259649,,5.28,,5.28,,4.799999999999999,,4.799999999999999,,7.200000000000002,,7.200000000000002,,1.9800000000000002,,1.9800000000000002,,2.759999999999999,,2.759999999999999,,5.736802868545055,,5.21375875454396,,7.424889136105776,,2.00567553890869,,3.0334507152438164,0.05581288784742355,0.0001412226956745144,0.003109670040430501,2.5601634308695793,0.25839465856552124,0.9014966487884521,0.1846359670162201,0.1995219886302948,0.15131421387195587,0.33864080905914307,0.01829330250620842,8192,0.6661214828491211,4.682915687561035,0.006513108499348164,35749888,39900,17456,1091,-8.805434,0.009553483370109462,0.006448729757539695,-5.863701435923576,-7.928679,0.006045897056173999,0.005814120706054382,-6.039298585057258,,,0.95,0.9,c2n,7.182009196625058,8.206920379273651,0.2032648657402472,0.0,-32.555656,2338.511796667345,-8.805434
219,1784880557.1385283,,5.28,,5.28,,4.799999999999999,,4.799999999999999,,7.200000000000002,,7.200000000000002,,1.9800000000000002,,1.9800000000000002,,2.759999999999999,,2.759999999999999,,4.973082688462455,,4.717026641592383,,6.905013092793524,,1.7060321122407913,,2.657643012702465,0.06542008370161057,-0.000681086428812705,0.005647008139931131,2.56592059135437,0.2727610766887665,0.9944937229156494,0.24912668764591217,-0.20453163981437683,0.18439678847789764,0.5954406261444092,0.020107528194785118,8192,0.6622392535209656,4.19175910949707,0.01634760946035385,35913728,40060,17536,1096,5.35108,0.005236926917859819,0.00807881931832526,-5.885221344232559,-5.2636685,0.005655577912693843,0.004856039468722884,-6.072151258587837,,,0.95,0.9,c2n,8.378696988108366,8.900054919338306,0.17778964809150602,0.0,-33.762722,2340.1514155542195,5.35108
220,1784880629.5000548,,5.28,,5.28,,4.799999999999999,,4.799999999999999,,7.200000000000002,,7.200000000000002,,1.9800000000000002,,1.9800000000000002,,2.759999999999999,,2.759999999999999,,5.280804654583335,,4.7788033043034375,,6.820959758013487,,1.714554009027779,,2.814682450843975,0.08236091583967209,4.693887967732735e-05,0.01002811745274812,2.5694902017712593,0.1565466821193695,0.9261900186538696,0.08843646198511124,-0.07335231453180313,0.23483766615390778,0.46542736887931824,0.018164051696658134,8192,0.6868780851364136,4.281960487365723,0.01299175713211298,36077568,40224,17616,1101,-9.961934,0.007275989899062552,0.006839177181973355,-5.905527555942536,-26.998896,0.005040337043465115,0.009402689812122843,-6.104323849081993,,,0.95,0.9,c2n,7.252457704928761,10.199819201119565,0.2783314206360923,0.0,-23.488317,2264.1866124290027,-9.961934
221,1784880700.9691055,,5.28,,5.28,,4.799999999999999,,4.799999999999999,,7.200000000000002,,7.200000000000002,,1.9800000000000002,,1.9800000000000002,,2.759999999999999,,2.759999999999999,,5.342530149966478,,5.002639405429363,,7.5035098707303405,,2.1229041712358594,,2.827197385020554,0.035997383296489716,-0.0015785603900440037,0.002992312175592815,2.5739253237843513,0.21362023055553436,0.8123172521591187,0.13043329119682312,0.11630718410015106,0.09152310341596603,0.34595173597335815,0.01742365211248398,8192,0.7164015769958496,4.559756278991699,0.01936253346502781,36241408,40390,17696,1106,6.2255125,0.006981715151050593,0.008562320198689122,-5.908306801319123,-26.092646,0.006864836516615469,0.006207349622854963,-6.067316401004791,,,0.95,0.9,c2n,8.776046857519173,8.823551173368964,0.3187215071469446,0.0,-14.722235,2292.460823328313,6.2255125
222,1784880770.7489035,,5.28,,5.28,,4.799999999999999,,4.799999999999999,,7.200000000000002,,7.200000000000002,,1.9800000000000002,,1.9800000000000002,,2.759999999999999,,2.759999999999999,,5.259674850851297,,4.69889179256279,,7.084596551489085,,1.8109289845451713,,2.9007951373932883,0.09348797798156738,-0.0016516806063009426,0.004588202187733259,2.576792411506176,0.1438702791929245,0.8524452447891235,0.1695142537355423,-0.07897905260324478,0.24525143206119537,0.5105286240577698,0.01695774309337139,8192,0.7194127440452576,4.350977420806885,0.046966828405857086,36405248,40551,17776,1111,4.4575143,0.004724293117760681,0.009917525366472547,-5.931905895471573,-14.795384,0.005664084522868507,0.006360618697362952,-6.0808580160140995,,,0.95,0.9,c2n,8.637481411870544,9.411903832971786,0.2724712547866698,0.0,-17.262245,2347.9575205371775,4.4575143
223,1784880841.6928568,,5.28,,5.28,,4.799999999999999,,4.799999999999999,,7.200000000000002,,7.200000000000002,,1.9800000000000002,,1.9800000000000002,,2.759999999999999,,2.759999999999999,,5.517039347440004,,4.920545577071607,,7.248977920040488,,2.0306222289800644,,2.7916436912491918,0.10105646401643753,-0.005242497245490085,0.005184421948797535,2.576765201985836,0.18612276017665863,0.7744958996772766,0.21468152105808258,-0.16608913242816925,0.24887143075466156,0.3749213218688965,0.01728985086083412,8192,0.6813347339630127,4.501766204833984,0.027136294171214104,36569088,40716,17856,1116,6.173075,0.004998990935564507,0.011021231986524072,-5.952493143081665,-42.43569,0.007998647264321335,0.005828621859109262,-6.085574120283127,,,0.95,0.9,c2n,8.443024796372821,9.805520536386553,0.2437568474100521,0.0,3.203502,2309.429671253756,6.173075
224,1784880912.3665655,,5.28,,5.28,,4.799999999999999,,4.799999999999999,,7.200000000000002,,7.200000000000002,,1.9800000000000002,,1.9800000000000002,,2.759999999999999,,2.759999999999999,,5.317835925146937,,4.802625813521445,,7.176206435076892,,1.8313901629298925,,2.757510846015066,0.08352550119161606,-0.0030303839594125748,0.005896586033486528,2.5797236263751984,0.25732332468032837,0.7283098697662354,0.18839865922927856,-0.2503562569618225,0.21555428206920624,0.3286263644695282,0.018327338621020317,8192,0.6957932710647583,4.3771138191223145,0.007213536649942398,36732928,40876,17936,1121,6.0808153,0.006304727398674004,0.0062865218293154616,-5.972210529446602,-0.61682695,0.004423522701108596,0.005428720066265669,-6.079971885681152,,,0.95,0.9,c2n,7.423170726069,9.573766505652738,0.23218841871787937,0.0,5.8018265,2318.258538834116,6.0808153
225,1784880982.3987806,,5.28,,5.28,,4.799999999999999,,4.799999999999999,,7.200000000000002,,7.200000000000002,,1.9800000000000002,,1.9800000000000002,,2.759999999999999,,2.759999999999999,,5.128305583260953,,5.119940117932856,,7.100834261626005,,1.9707929221913218,,2.900975175201893,0.09674207866191864,-0.004737876690342091,0.0077201852182042785,2.580734945833683,0.22535493969917297,0.7662351727485657,0.13258615136146545,0.10970018804073334,0.23819978535175323,0.3346569538116455,0.019367851316928864,8192,0.7246105670928955,4.444169521331787,0.005830185022205114,36896768,41038,18016,1126,-1.6580204,0.006004037682578201,0.006966391168680275,-5.9604090481996534,-5.5277205,0.004639773973758565,0.005734288733219728,-6.101349458098412,,,0.95,0.9,c2n,8.17280955693287,9.463317515479588,0.30113060603077074,0.0,4.038195,2339.4947523460683,-1.6580204
226,1784881052.434251,,5.28,,5.28,,4.799999999999999,,4.799999999999999,,7.200000000000002,,7.200000000000002,,1.9800000000000002,,1.9800000000000002,,2.759999999999999,,2.759999999999999,,5.462756618857384,,4.467434507794678,,7.209681132810147,,2.0194123201072216,,2.804261290235445,0.1082194596529007,-0.0009275817428715527,0.00886308413464576,2.5863288938999176,0.20175790786743164,0.8977822065353394,0.11608828604221344,0.0999128520488739,0.2641856074333191,0.42574185132980347,0.01997823268175125,8192,0.6975029110908508,4.392708778381348,0.003900898387655616,37060608,41205,18096,1131,-36.00878,0.010827230004360899,0.0049287480622297155,-5.979122146964073,-6.483822,0.003965662574046291,0.006501389548066072,-6.135647237300873,,,0.95,0.9,c2n,8.849813141469346,8.819225752035944,0.2166758316223762,0.0,-11.991167,2339.3860977287613,-36.00878
227,1784881123.404867,,5.28,,5.28,,4.799999999999999,,4.799999999999999,,7.200000000000002,,7.200000000000002,,1.9800000000000002,,1.9800000000000002,,2.759999999999999,,2.759999999999999,,4.9548978032544255,,4.30851571355015,,7.033038938418031,,1.7196737800259143,,2.7181392926722765,0.052019137889146805,-0.002078453410831571,0.0013952022909506923,2.5858387798070908,0.29714179039001465,0.7911355495452881,0.3889628052711487,-0.03490809351205826,0.12807345390319824,0.5590465664863586,0.018647216260433197,8192,0.638914942741394,4.146852970123291,0.01990029215812683,37224448,41373,18176,1136,-43.816044,0.012675306986784563,0.00440098513790872,-5.979322203993798,-49.031082,0.007852464891038835,0.004791422050038819,-6.149487152695656,,,0.95,0.9,c2n,8.310141050320762,8.006947417909563,0.17718289261633613,0.0,-9.197413,2308.561017408388,-43.816044
228,1784881198.1106353,,5.28,,5.28,,4.799999999999999,,4.799999999999999,,7.200000000000002,,7.200000000000002,,1.9800000000000002,,1.9800000000000002,,2.759999999999999,,2.759999999999999,,4.908104522735812,,4.710596492048353,,7.289021203294396,,1.9777841491159052,,2.7006577386928257,0.076125368475914,-0.007869217908591963,0.003702600581164006,2.5870541110634804,0.16789759695529938,0.7805277109146118,0.12642794847488403,-0.15387621521949768,0.18801496922969818,0.3408781588077545,0.01857261173427105,8192,0.6866095662117004,4.317233085632324,0.007949539460241795,37388288,41537,18256,1141,7.166387,0.007156670288532041,0.004613372276799055,-5.97742919921875,-33.95031,0.008516726661764552,0.005916740329121239,-6.173744109272957,,,0.95,0.9,c2n,7.378643792440661,9.710971132355112,0.20970623882988237,0.0,-10.918904,2193.137185906104,7.166387
229,1784881271.7923071,,5.28,,5.28,,4.799999999999999,,4.799999999999999,,7.200000000000002,,7.200000000000002,,1.9800000000000002,,1.9800000000000002,,2.759999999999999,,2.759999999999999,,4.922665804158896,,4.756238070782274,,7.084426197456196,,1.8774118297733366,,2.7527383733540773,0.10554110258817673,-0.0015737801732029766,0.007853704046283383,2.5820671170949936,0.1746326982975006,0.8602290749549866,0.13772229850292206,-0.25203585624694824,0.258891761302948,0.41231876611709595,0.018944615498185158,8192,0.6709936857223511,4.278696060180664,0.007026891224086285,37552128,41699,18336,1146,-1.3782257,0.007728632667567581,0.007487674446747405,-6.023110210895538,4.385935,0.004014078703039559,0.006182727286068257,-6.17283630669117,,,0.95,0.9,c2n,8.468041540663531,8.319477673350107,0.24814661461054546,0.0,3.0312161,2223.619466665838,-1.3782257
230,1784881343.6422172,,5.28,,5.28,,4.799999999999999,,4.799999999999999,,7.200000000000002,,7.200000000000002,,1.9800000000000002,,1.9800000000000002,,2.759999999999999,,2.759999999999999,,5.6739759258925915,,5.022437797859311,,7.280198420397937,,1.8702917948830873,,2.8552508298307657,0.08583957701921463,9.200171916745603e-05,0.009059529518708587,2.586482159793377,0.3344156742095947,0.777476966381073,0.4328286647796631,0.008484207093715668,0.2369268238544464,0.41870200634002686,0.019616948440670967,8192,0.7047580480575562,4.540431022644043,0.019166110083460808,37715968,41869,18416,1151,-2.2060924,0.006678589004150126,0.00638553337630583,-6.01184983253479,-19.989523,0.011393607628997415,0.003648835340572987,-6.160498678684235,,,0.95,0.9,c2n,9.379133947662535,9.840821629608271,0.1946385614519385,0.0,-11.411072,2280.309043638734,-2.2060924
231,1784881417.1204839,,5.28,,5.28,,4.799999999999999,,4.799999999999999,,7.200000000000002,,7.200000000000002,,1.9800000000000002,,1.9800000000000002,,2.759999999999999,,2.759999999999999,,5.0491125620901585,,4.676412470638752,,7.168950479477644,,1.9019501390866935,,2.750255207531154,0.10190622508525848,-0.0038836566964164376,0.017652728769462556,2.585576683282852,0.23963724076747894,0.8445299863815308,0.1351069211959839,0.18506711721420288,0.3108523190021515,0.40187668800354004,0.023133933544158936,8192,0.6918193697929382,4.3093366622924805,0.011340747587382793,37879808,42033,18496,1156,7.8827057,0.005369437819172163,0.005379880650434643,-6.020262214541435,-5.8310575,0.0053724398094345815,0.007902642810950055,-6.172216874361038,,,0.95,0.9,c2n,8.201185458798449,9.131868480246904,0.23729973568286244,0.0,4.46847,2229.7755157403285,7.8827057
232,1784881492.2189949,,5.28,,5.28,,4.799999999999999,,4.799999999999999,,7.200000000000002,,7.200000000000002,,1.9800000000000002,,1.9800000000000002,,2.759999999999999,,2.759999999999999,,5.375856548547745,,4.71659975592047,,7.28867959510535,,2.050623490475118,,2.960999459392042,0.15952973067760468,-0.003967533921240829,0.011997947251074947,2.589046746492386,0.26111385226249695,0.7999582290649414,0.20412147045135498,0.011547544971108437,0.37826162576675415,0.43446266651153564,0.02292877994477749,8192,0.6802547574043274,4.478551864624023,0.012672590091824532,38043648,42195,18576,1161,6.749902,0.005679379861976486,0.008916085846431087,-6.012449780106545,-5.093173,0.00515285696455976,0.006998552227742039,-6.180681750178337,,,0.95,0.9,c2n,8.264778910440622,9.363824893374428,0.24284020601490672,0.0,5.695619,2181.6672460921914,6.749902
233,1784881566.7800746,,5.28,,5.28,,4.799999999999999,,4.799999999999999,,7.200000000000002,,7.200000000000002,,1.9800000000000002,,1.9800000000000002,,2.759999999999999,,2.759999999999999,,5.579702123999596,,5.032134330831468,,6.877701848745346,,2.0176853698212653,,2.8772643245756626,0.21584714949131012,-0.0008459721357212402,0.027717404766008258,2.5959443002939224,0.19376210868358612,0.7947779893875122,0.12959721684455872,0.05035501718521118,0.502066969871521,0.41012465953826904,0.02045915275812149,8192,0.6684376001358032,4.476897239685059,0.005194709636271,38207488,42357,18656,1166,-1.9160202,0.006975851269089617,0.006172973457432817,-6.0222661137580875,-6.9848557,0.003978179155819816,0.009631120522681159,-6.172750833630562,,,0.95,0.9,c2n,7.874823720984165,10.07834354697006,0.2567089374589928,0.0,4.9902153,2197.3931243999314,-1.9160202
234,1784881641.021245,,5.28,,5.28,,4.799999999999999,,4.799999999999999,,7.200000000000002,,7.200000000000002,,1.9800000000000002,,1.9800000000000002,,2.759999999999999,,2.759999999999999,,5.131626473739743,,4.588063983013853,,6.902599090710282,,1.9212090875953436,,2.6530971843749285,0.07047370076179504,-0.006345233618048951,0.005340244926628657,2.6023939475417137,0.1582745909690857,0.8301604986190796,0.10253974795341492,-0.10721255838871002,0.1900465488433838,0.5015127658843994,0.01840815134346485,8192,0.6725748777389526,4.23931884765625,0.0034444110933691263,38371328,42517,18736,1171,6.9954786,0.006311368220485747,0.007395125631592237,-6.054827013611794,4.8448744,0.0033441561528888995,0.007634625375794712,-6.180217853188514,,,0.95,0.9,c2n,7.4678197762848155,8.499978482978921,0.2283635403927417,0.0,5.469259,2206.8617235877873,6.9954786
235,1784881715.1969862,,5.28,,5.28,,4.799999999999999,,4.799999999999999,,7.200000000000002,,7.200000000000002,,1.9800000000000002,,1.9800000000000002,,2.759999999999999,,2.759999999999999,,5.906530097126961,,4.879847019910812,,6.8476839773356915,,2.137317929416895,,2.981773372273892,0.11951449513435364,8.012662874534726e-05,0.0057428654545219615,2.6048553809523582,0.17385771870613098,0.760897696018219,0.09777921438217163,-0.21090058982372284,0.2923614978790283,0.2769015431404114,0.02028236910700798,8192,0.6543904542922974,4.550630569458008,0.011553488671779633,38535168,42688,18816,1176,6.0010967,0.005065548300626688,0.006822320679202676,-6.042923656105995,-30.5555,0.007315557199763134,0.005653688177699223,-6.168080109357834,,,0.95,0.9,c2n,8.025653617034937,9.369400459035528,0.23233082081374368,0.0,-13.763941,2208.808378913826,6.0010967
236,1784881790.1720266,,5.28,,5.28,,4.799999999999999,,4.799999999999999,,7.200000000000002,,7.200000000000002,,1.9800000000000002,,1.9800000000000002,,2.759999999999999,,2.759999999999999,,5.7772205248475075,,4.898135722614825,,7.712115137837827,,2.270472084521316,,2.865940272109583,0.08208555728197098,-0.008420609890890773,0.014186198444804177,2.609435774385929,0.21468539535999298,0.8445730805397034,0.1550559550523758,-0.14569291472434998,0.2412440925836563,0.37438318133354187,0.024990856647491455,8192,0.6300532221794128,4.704776763916016,0.005741106811910868,38699008,42856,18896,1181,5.7451873,0.005337864884495502,0.008098193208570591,-6.074213749170303,-12.284748,0.004622568281774875,0.003832670336123556,-6.195263481140136,,,0.95,0.9,c2n,8.23075444003603,8.579127161761972,0.3413157128769165,0.0,-12.68146,2185.2605882609087,5.7451873
237,1784881866.1197162,,5.28,,5.28,,4.799999999999999,,4.799999999999999,,7.200000000000002,,7.200000000000002,,1.9800000000000002,,1.9800000000000002,,2.759999999999999,,2.759999999999999,,4.978787029860541,,4.669077867642045,,6.91101635992527,,1.9591385177336633,,2.810410571619286,0.13453519344329834,-0.00018071834347210824,0.02126905060140416,2.612783633172512,0.1850314736366272,0.753896951675415,0.1554231345653534,0.3437645435333252,0.36835429072380066,0.4260495603084564,0.027424883097410202,8192,0.686847448348999,4.265685558319092,0.019859107211232185,38862848,43021,18976,1186,-10.742358,0.005600451210921164,0.0070882630468986465,-6.094102242588997,-2.3150985,0.013852499815402552,0.007007508049719035,-6.202677908539772,,,0.95,0.9,c2n,7.85033625837544,9.659937923761737,0.2934690186352799,0.0,-12.374882,2157.274507023634,-10.742358
238,1784881942.2137465,,5.28,,5.28,,4.799999999999999,,4.799999999999999,,7.200000000000002,,7.200000000000002,,1.9800000000000002,,1.9800000000000002,,2.759999999999999,,2.759999999999999,,5.170584333129227,,4.852921655867249,,7.193727760575712,,1.9851426891982555,,2.684963783249259,0.11742688715457916,-0.00028883213963126764,0.012434519274393097,2.6156398206949234,0.11752406507730484,0.8506728410720825,0.13768307864665985,-0.3470325171947479,0.31055065989494324,0.3977999687194824,0.029570892453193665,8192,0.6674745678901672,4.377468585968018,0.021618394181132317,39026688,43198,19056,1191,-2.5274985,0.006430216049921,0.006594273228256497,-6.082180663943291,-5.314241,0.014336738744168543,0.00349135944416048,-6.227026405930519,,,0.95,0.9,c2n,8.88863754287343,7.707235083822596,0.30626057664615775,0.0,-11.728102,2153.1262075392174,-2.5274985
239,1784882020.1736689,,5.28,,5.28,,4.799999999999999,,4.799999999999999,,7.200000000000002,,7.200000000000002,,1.9800000000000002,,1.9800000000000002,,2.759999999999999,,2.759999999999999,,5.514147449284792,,5.108522416092455,,7.278366215527058,,2.0525819761678576,,2.837739178678021,0.11340702325105667,-0.0002939718251582235,0.011552931857295334,2.618303671479225,0.20121854543685913,0.7613820433616638,0.15222226083278656,-0.15450499951839447,0.29054173827171326,0.39443615078926086,0.031387172639369965,8192,0.6621631979942322,4.558271884918213,0.015086537227034569,39190528,43394,19136,1196,-11.014769,0.008835874809301458,0.006575143659210881,-6.0499739110469815,-44.966625,0.015138501906767488,0.005166653200285509,-6.276023030281067,,,0.95,0.9,c2n,8.484781215747159,8.302494605761941,0.23002945013262896,0.0,3.4706943,2101.5918968021265,-11.014769
240,1784882095.216804,,5.28,,5.28,,4.799999999999999,,4.799999999999999,,7.200000000000002,,7.200000000000002,,1.9800000000000002,,1.9800000000000002,,2.759999999999999,,2.759999999999999,,5.220621403306723,,4.771703738719225,,7.025447683408856,,1.9130304573336616,,2.8222571855876595,0.09902258962392807,3.667559940367937e-05,0.0030960778531152755,2.6219213753938675,0.2843872308731079,0.9397842884063721,0.29937055706977844,0.06279632449150085,0.2798117697238922,0.3620215058326721,0.03504084795713425,8192,0.7199255228042603,4.350612163543701,0.017384318634867668,39354368,43599,19216,1201,-1.152346,0.005751505267107859,0.009236099851113977,-6.118762087821961,-13.637675,0.015868699335260316,0.006516463168372866,-6.291866856813431,,,0.95,0.9,c2n,8.900209433944099,8.734117251299988,0.1753474123809896,0.0,-11.441281,2183.2775846678965,-1.152346
241,1784882169.713224,,5.28,,5.28,,4.799999999999999,,4.799999999999999,,7.200000000000002,,7.200000000000002,,1.9800000000000002,,1.9800000000000002,,2.759999999999999,,2.759999999999999,,5.431368696503341,,4.878313687629998,,7.592232909984887,,1.9972059873689432,,2.7729474254883826,0.056959450244903564,-0.00022469001123681664,0.002616827536257915,2.6247598528862,0.26144349575042725,0.8508930802345276,0.17609304189682007,0.1050305962562561,0.14266091585159302,0.4138948917388916,0.03898719325661659,8192,0.7013417482376099,4.534413814544678,0.02315467596054077,39518208,43833,19296,1206,-52.975685,0.014462835527956486,0.0062430207908619195,-6.149136489629745,-54.460884,0.022825320606352763,0.005049996874004137,-6.241842657327652,,,0.95,0.9,c2n,8.487893863340686,9.554535023002746,0.19425358647970298,0.0,-12.671132,2199.3003798770283,-52.975685
242,1784882243.6869383,,5.28,,5.28,,4.799999999999999,,4.799999999999999,,7.200000000000002,,7.200000000000002,,1.9800000000000002,,1.9800000000000002,,2.759999999999999,,2.759999999999999,,5.100715922191739,,4.83053430262953,,6.730699121952057,,1.7411698028445244,,2.706417524954304,0.11565990746021271,-0.0014203805694705807,0.00652753723989008,2.6269911527633667,0.25202471017837524,1.0144708156585693,0.14048323035240173,0.031782105565071106,0.2977732717990875,0.39227622747421265,0.039310555905103683,8192,0.6934589743614197,4.221907615661621,0.022229239344596863,39682048,44095,19376,1211,-0.64948446,0.006880827189888805,0.006720579964166973,-6.139562103152275,-32.327454,0.01820396084222011,0.005512550213461509,-6.229083025455475,,,0.95,0.9,c2n,8.022592447971434,10.210219702557088,0.20197563339071825,0.0,-47.287483,2214.8407235166187,-0.64948446
243,1784882316.3613791,,5.28,,5.28,,4.799999999999999,,4.799999999999999,,7.200000000000002,,7.200000000000002,,1.9800000000000002,,1.9800000000000002,,2.759999999999999,,2.759999999999999,,5.386061252094805,,4.743219225667417,,6.940711140632629,,2.100010246693273,,2.8733988872845657,0.036820389330387115,-0.001052720926963957,0.0027337968422216363,2.6294373646378517,0.28333160281181335,0.705363929271698,0.19771118462085724,-0.12763305008411407,0.09629054367542267,0.3408380150794983,0.03239671513438225,8192,0.6916896104812622,4.408679962158203,0.014407258480787277,39845888,44333,19456,1216,-17.865181,0.014156086120055988,0.0052161670457280705,-6.137284690141678,-44.184017,0.01993698695441708,0.005922666673723142,-6.226232475042343,,,0.95,0.9,c2n,8.512022390466544,9.517886435226483,0.23166273313297026,0.0,-46.608723,2254.438586674374,-17.865181
244,1784882391.196525,,5.28,,5.28,,4.799999999999999,,4.799999999999999,,7.200000000000002,,7.200000000000002,,1.9800000000000002,,1.9800000000000002,,2.759999999999999,,2.759999999999999,,5.160134803503752,,5.045646713813767,,7.193269207607955,,2.031315670348704,,2.7918805391527712,0.11262297630310059,-0.0028653171029873192,0.0038344038403010927,2.6336098462343216,0.30718356370925903,0.8734451532363892,0.24958962202072144,0.037608154118061066,0.2998286485671997,0.32913827896118164,0.026174524798989296,8192,0.721807599067688,4.444449424743652,0.012874678708612919,40009728,44533,19536,1221,-27.083887,0.019200171146076174,0.005928308492002543,-6.122288975119591,-14.383603,0.009472045392612927,0.007370541153795785,-6.208296328783035,,,0.95,0.9,c2n,7.61143721453431,9.056046528236477,0.2018712600460611,0.0,-16.747654,2189.3457616624,-27.083887
245,1784882462.8372447,,5.28,,5.28,,4.799999999999999,,4.799999999999999,,7.200000000000002,,7.200000000000002,,1.9800000000000002,,1.9800000000000002,,2.759999999999999,,2.759999999999999,,5.362744681537151,,4.727261521387845,,7.377091772854328,,2.017848323448561,,2.754641907289624,0.09177567809820175,8.972347131930292e-06,0.005295034410664812,2.635033279657364,0.25520560145378113,0.8537564277648926,0.19676342606544495,0.2102758288383484,0.22185009717941284,0.3512587249279022,0.024366948753595352,8192,0.697724461555481,4.4479169845581055,0.011697440408170223,40173568,44745,19616,1226,-18.225609,0.014619782310910523,0.009533228023792617,-6.112010860443116,-24.527859,0.009797488604090177,0.006201783433789387,-6.181343245506286,,,0.95,0.9,c2n,9.198553102680448,8.799646192401624,0.21830570352646675,0.0,-46.515938,2286.966494788424,-18.225609
246,1784882535.5326307,,5.28,,5.28,,4.799999999999999,,4.799999999999999,,7.200000000000002,,7.200000000000002,,1.9800000000000002,,1.9800000000000002,,2.759999999999999,,2.759999999999999,,5.299000809434801,,4.502344157081097,,6.721118565648794,,1.680194033542648,,2.517961999459658,0.07157713174819946,-0.005027311086450936,0.016200413127080537,2.6350546926259995,0.2969891428947449,0.8051168322563171,0.2317626178264618,-0.035657867789268494,0.2633432149887085,0.5249606966972351,0.024347256869077682,8192,0.636436402797699,4.1441240310668945,0.014968359842896461,40337408,44949,19696,1231,-17.915266,0.017241796059533954,0.00717789874652226,-6.0761122673749925,-13.155861,0.01203317597100977,0.005725080077536404,-6.212048116326332,,,0.95,0.9,c2n,8.86634647108482,8.898480705670499,0.23814449976053176,0.0,-29.604177,2253.7881257583244,-17.915266
247,1784882606.5838354,,5.28,,5.28,,4.799999999999999,,4.799999999999999,,7.200000000000002,,7.200000000000002,,1.9800000000000002,,1.9800000000000002,,2.759999999999999,,2.759999999999999,,5.62376113422215,,5.0842161029577255,,7.652486650273204,,2.136104002594948,,3.0944442364852875,0.0455789752304554,-0.00019452968263067305,0.0014918081405994599,2.641572117805481,0.3417431712150574,0.8694138526916504,0.3040955066680908,0.12151657044887543,0.1173456609249115,0.20848122239112854,0.018949542194604874,8192,0.6747613549232483,4.718202114105225,0.010115733370184898,40501248,45174,19776,1236,-52.344666,0.02205887870513834,0.0053604440850904215,-6.033922079205513,-22.49605,0.010004208705504425,0.008271054922079201,-6.188887903094292,,,0.95,0.9,c2n,7.946624710046893,9.724967812179536,0.2738216381253752,0.0,-43.403355,2305.9426420128757,-52.344666
248,1784882679.4545307,,5.28,,5.28,,4.799999999999999,,4.799999999999999,,7.200000000000002,,7.200000000000002,,1.9800000000000002,,1.9800000000000002,,2.759999999999999,,2.759999999999999,,5.667530803475529,,4.7886132672429085,,7.4124867133796215,,1.9320248374715447,,2.7918372098356485,0.08752623945474625,-0.003967211130657233,0.004000573440862354,2.6445693373680115,0.17299821972846985,0.803735613822937,0.11807860434055328,-0.19925880432128906,0.20365983247756958,0.4371227025985718,0.028435613960027695,8192,0.6752941608428955,4.518498420715332,0.007793886121362448,40665088,45383,19856,1241,-35.184494,0.013333144909120164,0.0043974440268357284,-6.030927979946137,-32.9766,0.010193049639929086,0.004781304874632042,-6.158654683828354,,,0.95,0.9,c2n,7.781111703440359,10.126969171249797,0.187415270860818,0.0,-27.352854,2248.3660727568363,-35.184494
249,1784882751.3221493,,5.28,,5.28,,4.799999999999999,,4.799999999999999,,7.200000000000002,,7.200000000000002,,1.9800000000000002,,1.9800000000000002,,2.759999999999999,,2.759999999999999,,5.47587445192039,,4.809438029769808,,6.9594663383904845,,1.9801859147846699,,2.9796823048964143,0.12716366350650787,-0.00013185581701691262,0.009594612776709255,2.6469644755125046,0.332146555185318,0.8194060325622559,0.24439366161823273,0.6511228084564209,0.29320991039276123,0.3260483741760254,0.021382121369242668,8192,0.6945806741714478,4.440929889678955,0.024692529812455177,40828928,45576,19936,1246,-0.26180077,0.00919582660717424,0.0069836296715948265,-6.019835591316223,-37.12728,0.015368112345458939,0.004796440134668956,-6.184597513079643,,,0.95,0.9,c2n,8.174434942593146,8.843067615299338,0.2931120479961483,0.0,-31.438263,2279.7471384134446,-0.26180077
250,1784882822.0616252,,5.28,,5.28,,4.799999999999999,,4.799999999999999,,7.200000000000002,,7.200000000000002,,1.9800000000000002,,1.9800000000000002,,2.759999999999999,,2.759999999999999,,5.382996097207069,,4.518162729218602,,7.266661731526256,,1.7255695648491383,,2.8756129489047453,0.16769607365131378,-0.006367012159898877,0.02734663657611236,2.650084190070629,0.29465311765670776,1.0644841194152832,0.20037110149860382,0.06625682860612869,0.43711158633232117,0.4503381848335266,0.022808853536844254,8192,0.7024945020675659,4.3538007736206055,0.013947362080216408,40992768,45746,20016,1251,-9.72905,0.0112770324194571,0.00782180239984882,-5.997043615579605,-4.0321383,0.010302658568252809,0.005573998097679578,-6.170360898971557,,,0.95,0.9,c2n,7.748601640026175,8.535312997093826,0.2763363599201296,0.0,-44.348625,2316.104297294452,-9.72905
251,1784882894.8036242,,5.28,,5.28,,4.799999999999999,,4.799999999999999,,7.200000000000002,,7.200000000000002,,1.9800000000000002,,1.9800000000000002,,2.759999999999999,,2.759999999999999,,5.081646228209138,,5.118574473075569,,7.496769405901432,,1.9828355084173381,,3.035378630273044,0.06881703436374664,-0.0004583351546898484,0.002071144390356494,2.652735635638237,0.2356587052345276,0.8371404409408569,0.1537412852048874,0.23872914910316467,0.1546485424041748,0.2891189455986023,0.01583901047706604,8192,0.6568278074264526,4.543040752410889,0.0024660914205014706,41156608,45912,20096,1256,8.577533,0.006901974172797054,0.005842982368631055,-5.990455478429794,4.573413,0.005506706151936669,0.007023277546977624,-6.130871987342834,,,0.95,0.9,c2n,7.498399765476559,8.126277799410914,0.224409937033631,0.0,8.103084,2252.3439021868694,8.577533
252,1784882967.0962782,,5.28,,5.28,,4.799999999999999,,4.799999999999999,,7.200000000000002,,7.200000000000002,,1.9800000000000002,,1.9800000000000002,,2.759999999999999,,2.759999999999999,,5.082327578216791,,4.622471844777465,,6.974678478203714,,1.8115848829038441,,2.5274848801782355,0.04796018451452255,-0.017649907071245252,0.0022228804937185487,2.6540815606713295,0.18593519926071167,0.9110927581787109,0.1266794055700302,-0.2085929960012436,0.13353607058525085,0.33924534916877747,0.015184641815721989,8192,0.6895269155502319,4.203709602355957,0.010300676338374615,41320448,46078,20176,1261,-27.26055,0.009286566822265741,0.004602357986732386,-6.008028945326805,-22.250507,0.008118177215510513,0.006357775584910996,-6.079654720425606,,,0.95,0.9,c2n,6.895847723864334,8.1406359417428,0.23809338160083182,0.0,-35.205723,2266.3437091914057,-27.26055
253,1784883039.9590418,,5.28,,5.28,,4.799999999999999,,4.799999999999999,,7.200000000000002,,7.200000000000002,,1.9800000000000002,,1.9800000000000002,,2.759999999999999,,2.759999999999999,,4.767934570088983,,4.805664385668933,,6.816073630005121,,1.808935851790011,,2.7640680763870478,0.08813878893852234,-0.0014325101110443939,0.014251158747356385,2.6564388498663902,0.21243643760681152,0.7804187536239624,0.2192559689283371,-0.2302626222372055,0.2830781936645508,0.3155391216278076,0.017616255208849907,8192,0.6684771180152893,4.192535400390625,0.011915204115211964,41484288,46269,20256,1266,-8.809645,0.010054288269020616,0.006290322053973796,-5.999688395857811,-40.730453,0.015993590955622493,0.006815340197135811,-6.047375965118408,,,0.95,0.9,c2n,7.859094126733302,8.732039662999565,0.2172734615853441,0.0,6.2688127,2248.6107980858988,-8.809645
254,1784883112.7179203,,5.28,,5.28,,4.799999999999999,,4.799999999999999,,7.200000000000002,,7.200000000000002,,1.9800000000000002,,1.9800000000000002,,2.759999999999999,,2.759999999999999,,5.507463004440069,,4.685328844934702,,7.434165792539716,,2.059929689792625,,2.8090028846636415,0.056504011154174805,-0.006753256006049924,0.002897478472732473,2.658847838640213,0.17468611896038055,0.7732627391815186,0.1428712159395218,0.028950989246368408,0.1567615121603012,0.2127426117658615,0.019016563892364502,8192,0.708594024181366,4.499177932739258,0.04312410205602646,41648128,46491,20336,1271,-36.654396,0.009985074755968526,0.005787006319587817,-5.984149771928787,-67.27428,0.025400824577081947,0.005288840294088004,-6.069621109962464,,,0.95,0.9,c2n,8.254609876264585,9.870454123647026,0.24200500274762707,0.0,4.0966835,2251.8214044280994,-36.654396
255,1784883184.7986588,,5.28,,5.28,,4.799999999999999,,4.799999999999999,,7.200000000000002,,7.200000000000002,,1.9800000000000002,,1.9800000000000002,,2.759999999999999,,2.759999999999999,,5.605861467309296,,4.642352566239424,,7.085121238138527,,1.8701469695661217,,2.8284991085529327,0.12227516621351242,-0.0006006636540405452,0.008546686345653143,2.6597913056612015,0.17592276632785797,0.836152970790863,0.16171836853027344,0.2872175872325897,0.2959318459033966,0.3788232207298279,0.024574896320700645,8192,0.7130188941955566,4.40639591217041,0.030795633792877197,41811968,46665,20416,1276,-2.0857403,0.006224499321251642,0.008346097009598452,-5.954800593852997,-31.376385,0.011927169683622197,0.0061080787534592675,-6.061892741918564,,,0.95,0.9,c2n,8.316558401394971,9.273058741663416,0.25553780063408027,0.0,-15.798988,2273.0067030096975,-2.0857403
256,1784883258.3392532,,5.28,,5.28,,4.799999999999999,,4.799999999999999,,7.200000000000002,,7.200000000000002,,1.9800000000000002,,1.9800000000000002,,2.759999999999999,,2.759999999999999,,5.09053542278707,,4.958867409732193,,7.65154720065766,,1.9657528123352677,,2.8568748449906707,0.03128928691148758,-0.0038098845980130136,0.0012498850637712167,2.662573531270027,0.26464301347732544,1.0081013441085815,0.1588188111782074,0.007878480479121208,0.08784574270248413,0.38635683059692383,0.01731952279806137,8192,0.6593176126480103,4.504715919494629,0.026150481775403023,41975808,46831,20496,1281,-9.784735,0.010531330290541518,0.005585135984438239,-5.993578681349755,-17.2248,0.004989059294166509,0.004800534331297968,-6.086925724148751,,,0.95,0.9,c2n,8.957440763215962,9.002945912206826,0.224619469426814,0.0,4.3128633,2227.885245890203,-9.784735
257,1784883330.8393064,,5.28,,5.28,,4.799999999999999,,4.799999999999999,,7.200000000000002,,7.200000000000002,,1.9800000000000002,,1.9800000000000002,,2.759999999999999,,2.759999999999999,,5.238439925946295,,4.628959513269365,,7.287795776501298,,2.022836388554424,,2.7319382589193992,0.13725654780864716,-0.0063793997396714985,0.00906488485634327,2.665474623441696,0.15207406878471375,0.8497822284698486,0.17959171533584595,-0.02380402758717537,0.31537526845932007,0.3606070876121521,0.01646268740296364,8192,0.6926156282424927,4.381994247436523,0.009772159159183502,42139648,47001,20576,1286,-3.138001,0.007546791744243819,0.007661187663325108,-5.944197863340378,-60.316437,0.009745732531882823,0.0041622473327151965,-6.064832806587219,,,0.95,0.9,c2n,7.489605967459639,8.552800981177052,0.21327375428691212,0.0,-13.555255,2259.8603768133435,-3.138001
258,1784883404.066771,,5.28,,5.28,,4.799999999999999,,4.799999999999999,,7.200000000000002,,7.200000000000002,,1.9800000000000002,,1.9800000000000002,,2.759999999999999,,2.759999999999999,,4.983502398070414,,5.422516358783469,,7.3585225800052285,,1.9970092818839476,,2.8408252811059356,0.06746853142976761,-0.00025193926921929233,0.005289339878800092,2.6683602780103683,0.21334373950958252,0.9762074947357178,0.12455401569604874,-0.23991921544075012,0.1935519576072693,0.3026282787322998,0.014452298171818256,8192,0.6548815369606018,4.520475387573242,0.009769467636942863,42303488,47162,20656,1291,-2.8041003,0.006504472423694096,0.005552610941958846,-5.929135376214981,-13.3258,0.007568250010081101,0.004765223180584144,-6.080832180380821,,,0.95,0.9,c2n,7.303768475482646,8.420958423539975,0.16928673074983952,0.0,-56.74941,2237.41197546464,-2.8041003
259,1784883475.477577,,5.28,,5.28,,4.799999999999999,,4.799999999999999,,7.200000000000002,,7.200000000000002,,1.9800000000000002,,1.9800000000000002,,2.759999999999999,,2.759999999999999,,5.479152171872556,,4.759794104611501,,7.27948341332376,,1.9243675544857979,,2.885515013244003,0.07167176157236099,7.794267730787396e-05,0.004458819548744941,2.671494245529175,0.26068663597106934,0.8695546388626099,0.23331640660762787,0.6282550096511841,0.1999957412481308,0.4776455760002136,0.015097733587026596,8192,0.6903698444366455,4.465662002563477,0.01652020588517189,42467328,47329,20736,1296,-2.1059356,0.006973037561692763,0.005658896030581673,-5.961985194683075,-5.825666,0.00683266091364203,0.00549342755402904,-6.03165243268013,,,0.95,0.9,c2n,8.070827480306221,8.290464341104903,0.26351697341003333,0.0,-13.214354,2294.33053627237,-2.1059356
260,1784883547.981837,,5.28,,5.28,,4.799999999999999,,4.799999999999999,,7.200000000000002,,7.200000000000002,,1.9800000000000002,,1.9800000000000002,,2.759999999999999,,2.759999999999999,,5.38439706544159,,4.5504775401204824,,7.098243702261243,,2.0606544548645616,,2.742589612258598,0.07284663617610931,-0.0004936617624480277,0.004487428639549762,2.6740026623010635,0.23436084389686584,0.9349865317344666,0.28623366355895996,0.2298784852027893,0.1873139888048172,0.3896730840206146,0.014933125115931034,8192,0.6602412462234497,4.367272853851318,0.028845129534602165,42631168,47496,20816,1301,-27.330542,0.011116152090835385,0.004229063133971067,-5.911482149362564,-62.651276,0.013225245178909972,0.00550402736698743,-6.082748317718506,,,0.95,0.9,c2n,7.2838874644784894,8.359881024579192,0.241467882727331,0.0,-14.613531,2259.7292443561028,-27.330542
261,1784883618.0931253,,5.28,,5.28,,4.799999999999999,,4.799999999999999,,7.200000000000002,,7.200000000000002,,1.9800000000000002,,1.9800000000000002,,2.759999999999999,,2.759999999999999,,5.24021124932915,,5.083096108632162,,7.147010628134012,,2.1021649818867445,,3.0237405486404896,0.07348156720399857,-0.005227048823144287,0.00789570062624989,2.673737481236458,0.324125736951828,0.7407440543174744,0.25419384241104126,-0.13931909203529358,0.17664729058742523,0.32673996686935425,0.017528340220451355,8192,0.6785681247711182,4.519244194030762,0.008460629731416702,42795008,47666,20896,1306,-9.6614685,0.009006766477250494,0.0033022635398083366,-5.904053819179535,-11.882987,0.00819050507270731,0.006907510897144675,-6.101217630505562,,,0.95,0.9,c2n,5.777596129457376,8.704908282463178,0.367981951771918,0.0,-49.13468,2336.8562434385326,-9.6614685
262,1784883690.5330386,,5.28,,5.28,,4.799999999999999,,4.799999999999999,,7.200000000000002,,7.200000000000002,,1.9800000000000002,,1.9800000000000002,,2.759999999999999,,2.759999999999999,,5.8371431194245815,,5.058885836042464,,7.16796877302113,,2.113500665407628,,2.8822282617911696,0.05873686447739601,2.859274172806181e-05,0.005875466078578029,2.6743195354938507,0.2782605290412903,0.7186149954795837,0.22963902354240417,-0.15414589643478394,0.17357543110847473,0.3975556492805481,0.020190389826893806,8192,0.6431587338447571,4.611945152282715,0.055075548589229584,42958848,47836,20976,1311,7.506115,0.010327590780798345,0.007149441288493108,-5.904236215353012,-22.185562,0.005567545932717621,0.004019155173591571,-6.162499749660492,,,0.95,0.9,c2n,8.13358973610995,10.549841781482233,0.21534783949068054,0.0,-13.530515,2261.737452620559,7.506115
263,1784883762.2202265,,5.28,,5.28,,4.799999999999999,,4.799999999999999,,7.200000000000002,,7.200000000000002,,1.9800000000000002,,1.9800000000000002,,2.759999999999999,,2.759999999999999,,5.769634997472167,,5.381796581670642,,7.373072782997042,,2.018046159762889,,2.775317385327071,0.05209590494632721,-0.005795593104267027,0.0031493725764448754,2.674559071660042,0.19029872119426727,0.8938860297203064,0.108493372797966,-0.14138691127300262,0.14298903942108154,0.4774644374847412,0.020931223407387733,8192,0.6518450975418091,4.663573741912842,0.03532213345170021,43122688,48006,21056,1316,-9.811006,0.011127090646186843,0.0029624996648635717,-5.953124931454658,-20.240952,0.008388615952571853,0.00519053822645219,-6.167609816789627,,,0.95,0.9,c2n,6.686486864651056,9.464215152828318,0.22869712203786716,0.0,-86.157845,2285.4843871879393,-9.811006
264,1784883834.6057584,,5.28,,5.28,,4.799999999999999,,4.799999999999999,,7.200000000000002,,7.200000000000002,,1.9800000000000002,,1.9800000000000002,,2.759999999999999,,2.759999999999999,,5.522805467247963,,5.283048811601475,,7.113422194495797,,1.8194970907643437,,2.6889127269387245,0.05058618634939194,-0.0009229467032128014,0.0030304123793030158,2.6727630272507668,0.23453745245933533,0.814740777015686,0.19469137489795685,-0.28153419494628906,0.137407124042511,0.2863544821739197,0.017486095428466797,8192,0.6671395897865295,4.485537528991699,0.01393057033419609,43286528,48177,21136,1321,-44.873867,0.011262248692219146,0.0050993533397559075,-5.932556402683258,-22.1058,0.012235440831864253,0.007915898726059823,-6.251009440422058,,,0.95,0.9,c2n,7.98781073965345,10.21265415848433,0.20169041345986344,0.0,-30.252283,2263.4355485407896,-44.873867
265,1784883905.9172893,,5.28,,5.28,,4.799999999999999,,4.799999999999999,,7.200000000000002,,7.200000000000002,,1.9800000000000002,,1.9800000000000002,,2.759999999999999,,2.759999999999999,,5.126383643597364,,4.720699805766344,,7.428572749427985,,1.8614421144593507,,2.8039117893204093,0.06688463687896729,-0.006664779920356523,0.0056237919998238795,2.675168663263321,0.18389654159545898,0.7438647747039795,0.1393255889415741,-0.28510111570358276,0.1958126276731491,0.42693400382995605,0.022172650322318077,8192,0.6917245388031006,4.38820219039917,0.011498374864459038,43450368,48345,21216,1326,-10.282652,0.008230041341448668,0.006458547936927061,-5.959836083650589,-45.347897,0.009021266690979246,0.003625104867387563,-6.24998864531517,,,0.95,0.9,c2n,7.128059448736318,8.313316065624303,0.2220666528197228,0.0,-50.275837,2297.5246493450168,-10.282652
266,1784883982.5525403,,5.28,,5.28,,4.799999999999999,,4.799999999999999,,7.200000000000002,,7.200000000000002,,1.9800000000000002,,1.9800000000000002,,2.759999999999999,,2.759999999999999,,5.450388994067907,,4.536220831796527,,6.895781518891454,,1.9623075500130653,,2.5996137667098083,0.2146851271390915,8.957757381722331e-05,0.027269703219644725,2.677333749830723,0.20971807837486267,0.8535856008529663,0.19601567089557648,0.36044925451278687,0.5018500089645386,0.43772411346435547,0.019296877086162567,8192,0.6594656109809875,4.288862228393555,0.04231148958206177,43614208,48508,21296,1331,4.308632,0.006350411655148491,0.0070198016794165595,-6.015727463364601,-25.176922,0.008539735057274811,0.005869220799650065,-6.254548934102059,,,0.95,0.9,c2n,7.87161939830477,10.672742710768464,0.30348061018185957,0.0,-12.3825655,2137.9195759986774,4.308632
267,1784884055.37784,,5.28,,5.28,,4.799999999999999,,4.799999999999999,,7.200000000000002,,7.200000000000002,,1.9800000000000002,,1.9800000000000002,,2.759999999999999,,2.759999999999999,,5.781193780014291,,5.165818966925144,,7.658341119065881,,2.1176275489851832,,2.9108725963160396,0.056795939803123474,5.270086694508791e-05,0.0019928988895117072,2.6863636896014214,0.1947024017572403,0.7723609805107117,0.1812748908996582,-0.14779701828956604,0.1411394476890564,0.32099980115890503,0.015774846076965332,8192,0.6061873435974121,4.726770877838135,0.04868049547076225,43778048,48670,21376,1336,8.391412,0.008858117445197423,0.005305750051047653,-5.977528330683708,-21.706911,0.008372208032233175,0.0062465260751196185,-6.314928638935089,,,0.95,0.9,c2n,7.442208788444558,9.783622367395896,0.18749426869159608,0.0,-42.6923,2249.768161291417,8.391412
268,1784884126.8570101,,5.28,,5.28,,4.799999999999999,,4.799999999999999,,7.200000000000002,,7.200000000000002,,1.9800000000000002,,1.9800000000000002,,2.759999999999999,,2.759999999999999,,5.43992177862674,,4.689711390528828,,6.937516245990992,,1.9701646594330668,,2.784769199322909,0.14618635177612305,-0.00010232400381937623,0.009158467131783254,2.683228738605976,0.21030297875404358,0.8437910079956055,0.179358571767807,0.19128282368183136,0.38260892033576965,0.4054776132106781,0.01992793194949627,8192,0.7111974954605103,4.364416599273682,0.047479741275310516,43941888,48839,21456,1341,-0.8834426,0.008170068515755701,0.006470483359589707,-6.043648666143417,-56.915844,0.015980988123919813,0.0043426421623735225,-6.305394488573074,,,0.95,0.9,c2n,8.077637316716721,8.96576770959577,0.18207611545248328,0.0,-7.9750533,2292.135657872319,-0.8834426
269,1784884198.141688,,5.28,,5.28,,4.799999999999999,,4.799999999999999,,7.200000000000002,,7.200000000000002,,1.9800000000000002,,1.9800000000000002,,2.759999999999999,,2.759999999999999,,5.486143756657839,,5.014933029189706,,7.196894446387887,,1.8066616179421544,,2.479593801544979,0.11332888156175613,2.2341817384585738e-05,0.005691354803275317,2.691336877644062,0.4168153405189514,0.807282567024231,0.30958911776542664,-0.00886867567896843,0.28547337651252747,0.25105926394462585,0.01665634661912918,8192,0.693231999874115,4.39684534072876,0.00995089951902628,44105728,49015,21536,1346,8.477473,0.006343457066395786,0.0049788668839028105,-6.06486431658268,4.7157507,0.006287449448427651,0.008619523344168555,-6.364420959353447,,,0.95,0.9,c2n,8.799816342203027,9.876197860023364,0.1590850702147481,0.0,-12.392999,2298.391253167087,8.477473
270,1784884269.1117277,,5.28,,5.28,,4.799999999999999,,4.799999999999999,,7.200000000000002,,7.200000000000002,,1.9800000000000002,,1.9800000000000002,,2.759999999999999,,2.759999999999999,,5.8230634313076735,,4.939845321699977,,7.557002764195204,,2.2524759843945503,,3.0394882219843566,0.07883259654045105,-0.0005155092585482635,0.004701337209553458,2.69490497559309,0.15378111600875854,0.8488374948501587,0.07824164628982544,0.11400030553340912,0.20190338790416718,0.26945024728775024,0.015171810053288937,8192,0.626145601272583,4.72237491607666,0.02286624163389206,44269568,49176,21616,1351,9.028422,0.006635375140467659,0.007376932076294906,-6.09754276573658,-39.026085,0.008357828597945626,0.005435664529068162,-6.416831365227699,,,0.95,0.9,c2n,7.149633930338806,8.69365637190443,0.2773679883052794,0.0,-33.604008,2308.57866215361,9.028422
271,1784884340.62095,,5.28,,5.28,,4.799999999999999,,4.799999999999999,,7.200000000000002,,7.200000000000002,,1.9800000000000002,,1.9800000000000002,,2.759999999999999,,2.759999999999999,,5.560009656473994,,5.305194994434714,,7.702889576554298,,2.0875320087652653,,2.9924165033735335,0.07913686335086823,-0.0007855635194573551,0.003639200047473423,2.696921095252037,0.13673633337020874,0.7907261848449707,0.174126997590065,-0.20987164974212646,0.20250828564167023,0.34871262311935425,0.015143140219151974,8192,0.6618449091911316,4.729608058929443,0.016799060627818108,44433408,49342,21696,1356,-9.036824,0.00951270118530374,0.005544603307498619,-6.091177192330361,-47.560852,0.006520605392870494,0.00614707286003977,-6.455714452266693,,,0.95,0.9,c2n,6.875891231615188,10.38655701764751,0.2282300698590976,0.0,-33.41168,2291.173045161772,-9.036824
272,1784884412.3453927,,5.28,,5.28,,4.799999999999999,,4.799999999999999,,7.200000000000002,,7.200000000000002,,1.9800000000000002,,1.9800000000000002,,2.759999999999999,,2.759999999999999,,4.810030926018953,,4.97564871609211,,6.580493333749473,,1.7323198076337576,,2.5023549743928015,0.07091101258993149,-0.002403307647909969,0.002359156776947202,2.6978269293904305,0.156037375330925,0.8327754735946655,0.13619329035282135,-0.1461637020111084,0.1681670993566513,0.3759573698043823,0.01855373941361904,8192,0.6099651455879211,4.120169639587402,0.05260182544589043,44597248,49523,21776,1361,0.09238448,0.008974913916608785,0.005725647244253196,-6.133471274375916,-46.39272,0.010149733757134526,0.005683219180355081,-6.47157182097435,,,0.95,0.9,c2n,7.266222201638479,10.187192480043905,0.20149234939186056,0.0,5.9126983,2284.2980940968077,0.09238448
273,1784884484.904151,,5.28,,5.28,,4.799999999999999,,4.799999999999999,,7.200000000000002,,7.200000000000002,,1.9800000000000002,,1.9800000000000002,,2.759999999999999,,2.759999999999999,,4.960539395920932,,4.331759939203039,,6.9233722649514675,,1.7160811899229884,,2.5188154715579003,0.09604348242282867,-0.003480304018012248,0.004654304160794709,2.7061198726296425,0.2239493727684021,0.9071794152259827,0.18742868304252625,0.055707380175590515,0.25183483958244324,0.45379915833473206,0.018581077456474304,8192,0.6500077843666077,4.090113639831543,0.034892305731773376,44761088,49690,21856,1366,-25.99477,0.009630634458153509,0.0043758703432104085,-6.135201141238213,-46.933727,0.008870884508360178,0.004547355594695546,-6.475839886069298,,,0.95,0.9,c2n,7.657701215396806,9.411729591172923,0.26759877509913677,0.0,-12.874605,2258.0320278474487,-25.99477
274,1784884558.1917276,,5.28,,5.28,,4.799999999999999,,4.799999999999999,,7.200000000000002,,7.200000000000002,,1.9800000000000002,,1.9800000000000002,,2.759999999999999,,2.759999999999999,,5.642488356679678,,4.922372365370393,,7.495515340007842,,2.2668848633766174,,2.941770303528756,0.0672670528292656,-0.0028959155752090737,0.0016949240016401745,2.704296849668026,0.2168521136045456,0.8981174230575562,0.2184610813856125,0.07978963851928711,0.16070157289505005,0.39373284578323364,0.014841992408037186,8192,0.6783623695373535,4.653806209564209,0.029506469145417213,44924928,49853,21936,1371,1.2435945,0.011076724194572308,0.005753204664506484,-6.149025586247444,-23.706656,0.004949788076919504,0.00947541629866464,-6.50470362007618,,,0.95,0.9,c2n,7.353356480629273,11.36604831402594,0.23112300338982653,0.0,7.4333167,2235.5769327004514,1.2435945
275,1784884629.6378183,,5.28,,5.28,,4.799999999999999,,4.799999999999999,,7.200000000000002,,7.200000000000002,,1.9800000000000002,,1.9800000000000002,,2.759999999999999,,2.759999999999999,,4.683521635830402,,4.2184506226331,,6.641818014904857,,1.7820587242022157,,2.59108716994524,0.09129470586776733,-0.0018016702433669707,0.017674189046374522,2.707036390900612,0.2910314202308655,0.8885419964790344,0.17418991029262543,-0.6162084341049194,0.295574426651001,0.27366816997528076,0.012791899964213371,8192,0.635430634021759,3.9833874702453613,0.011965528130531311,45088768,50015,22016,1376,-8.711131,0.011303004635556136,0.007890746630437206,-6.177766293287277,-2.8731837,0.007690339072723873,0.011155715219501872,-6.555226835608482,,,0.95,0.9,c2n,7.948379495727684,9.009671907020614,0.30036325325415125,0.0,-48.777153,2293.1973279040235,-8.711131
276,1784884702.57904,,5.28,,5.28,,4.799999999999999,,4.799999999999999,,7.200000000000002,,7.200000000000002,,1.9800000000000002,,1.9800000000000002,,2.759999999999999,,2.759999999999999,,5.19154491648078,,4.8258781540207565,,7.184516563080251,,1.9342605415731668,,2.657293653814122,0.18018120527267456,-0.005527890985831618,0.014067692551179789,2.7168798074126244,0.20897676050662994,0.8279818296432495,0.13624036312103271,0.538700520992279,0.47824710607528687,0.32551759481430054,0.015559437684714794,8192,0.694957971572876,4.358698844909668,0.02663293480873108,45252608,50177,22096,1381,0.0772357,0.010483100423880388,0.004416372814739588,-6.217832151055336,-11.360246,0.005328676942008314,0.005084728769725188,-6.5717351824045185,,,0.95,0.9,c2n,7.8357297882746195,9.665389621221856,0.2265517435986,0.0,-31.96091,2246.1920742382786,0.0772357
277,1784884774.9697812,,5.28,,5.28,,4.799999999999999,,4.799999999999999,,7.200000000000002,,7.200000000000002,,1.9800000000000002,,1.9800000000000002,,2.759999999999999,,2.759999999999999,,4.987030546180904,,4.575058752670884,,6.865468323230743,,1.6706040818244219,,2.464096510782838,0.05544368922710419,-5.246915497991722e-05,0.0026183267873420846,2.7241025790572166,0.20227235555648804,0.8165965676307678,0.16282743215560913,0.015780294314026833,0.1651095300912857,0.307292103767395,0.018595624715089798,8192,0.6824208498001099,4.112451553344727,0.01612074486911297,45416448,50350,22176,1386,-24.996113,0.010642610117793083,0.0038917570462217556,-6.256055298447609,-14.445598,0.006736168990028091,0.006076028624374885,-6.578779143095017,,,0.95,0.9,c2n,8.053378192083935,9.48271443145109,0.21170265751480044,0.0,-61.72724,2263.2727995342816,-24.996113
278,1784884847.8735468,,5.28,,5.28,,4.799999999999999,,4.799999999999999,,7.200000000000002,,7.200000000000002,,1.9800000000000002,,1.9800000000000002,,2.759999999999999,,2.759999999999999,,5.688159044831991,,5.179073794541182,,7.771155439317226,,2.126070274040103,,2.9619822734966874,0.10124026238918304,-0.0032800554181449115,0.006608023133594543,2.7246318832039833,0.20482301712036133,0.7321116924285889,0.1331283003091812,0.24609485268592834,0.232866570353508,0.2544827163219452,0.015515534207224846,8192,0.6330754160881042,4.745287895202637,0.02316253073513508,45580288,50524,22256,1391,-29.744928,0.008489312401798088,0.003032280989282299,-6.316043648123741,-26.435253,0.006914918469556141,0.003958605488878675,-6.552624693512916,,,0.95,0.9,c2n,9.075171036183717,9.15420605824769,0.33754536571348753,0.0,3.6420453,2247.3461764756626,-29.744928
279,1784884918.9084404,,5.28,,5.28,,4.799999999999999,,4.799999999999999,,7.200000000000002,,7.200000000000002,,1.9800000000000002,,1.9800000000000002,,2.759999999999999,,2.759999999999999,,5.298285758122802,,4.33533257432282,,7.080109680071473,,1.944920253008604,,2.690255034714937,0.09543535113334656,-0.0010115599779965123,0.007055507536279038,2.7236724346876144,0.15438926219940186,0.8229941129684448,0.11572904139757156,-0.03396323323249817,0.2355516403913498,0.34688133001327515,0.01639675721526146,8192,0.6986027359962463,4.26978063583374,0.01869373396039009,45744128,50689,22336,1396,8.076734,0.006351324699062388,0.006825496492092497,-6.313883200287819,-8.111674,0.0057821622263873,0.007733172512962483,-6.563583570718765,,,0.95,0.9,c2n,8.249384853800768,11.225972556306964,0.22617679162236703,0.0,-23.421185,2306.4720930787134,8.076734
280,1784884991.254087,,5.28,,5.28,,4.799999999999999,,4.799999999999999,,7.200000000000002,,7.200000000000002,,1.9800000000000002,,1.9800000000000002,,2.759999999999999,,2.759999999999999,,5.454911196604371,,4.727735145017505,,7.261003637686372,,1.834021572372876,,2.732304601930082,0.08548390865325928,-0.0011779312626458704,0.0027601944566413295,2.7286006435751915,0.3274683356285095,1.0351653099060059,0.28534188866615295,-0.19794593751430511,0.19445975124835968,0.3833668828010559,0.018625088036060333,8192,0.6873903870582581,4.4019951820373535,0.02872193232178688,45907968,50857,22416,1401,-8.977743,0.006790899873885791,0.006379495272994973,-6.307273626327515,-22.708866,0.0067450726419338025,0.0062880417593987655,-6.555871516466141,,,0.95,0.9,c2n,8.763999074253096,9.986148569048996,0.20016211440124393,0.0,-33.43921,2264.683619500323,-8.977743
281,1784885059.0777638,,5.28,,5.28,,4.799999999999999,,4.799999999999999,,7.200000000000002,,7.200000000000002,,1.9800000000000002,,1.9800000000000002,,2.759999999999999,,2.759999999999999,,5.90749273262918,,4.919840785674751,,7.4565492030233145,,2.248615588992834,,3.141065899282694,0.06356579065322876,0.0001520600781077519,0.00407693760280381,2.730035051703453,0.18029332160949707,0.7116424441337585,0.15302255749702454,-0.04620682820677757,0.17941345274448395,0.2973588705062866,0.015472869388759136,8192,0.5998731255531311,4.734712600708008,0.03774149343371391,46071808,51026,22496,1406,-34.00722,0.017831253283657134,0.006238296441733837,-6.312779825925827,-19.471762,0.009779446500760968,0.00663251994701568,-6.504030451178551,,,0.95,0.9,c2n,9.188373772197426,9.314931504924221,0.2237183248335958,0.0,-58.17915,2415.675608432024,-34.00722
282,1784885129.6368906,,5.28,,5.28,,4.799999999999999,,4.799999999999999,,7.200000000000002,,7.200000000000002,,1.9800000000000002,,1.9800000000000002,,2.759999999999999,,2.759999999999999,,5.411397165618837,,5.070507343974896,,7.506391629576683,,2.160753432661295,,2.854535322636366,0.0821671262383461,-0.0005765618534496753,0.0069256162096280605,2.733733430504799,0.24494701623916626,0.7135099768638611,0.20597703754901886,-0.014909997582435608,0.22279255092144012,0.4708261787891388,0.02064099721610546,8192,0.7086357474327087,4.600716590881348,0.0310361385345459,46235648,51208,22576,1411,-2.0172887,0.0060949676393647675,0.008513532201322959,-6.3111249774694445,-48.777454,0.012172620597993955,0.005250292256823741,-6.488259506225586,,,0.95,0.9,c2n,9.344690457840189,9.258524381755763,0.1941082957133889,0.0,-25.297472,2322.024299385964,-2.0172887
283,1784885199.398936,,5.28,,5.28,,4.799999999999999,,4.799999999999999,,7.200000000000002,,7.200000000000002,,1.9800000000000002,,1.9800000000000002,,2.759999999999999,,2.759999999999999,,5.755647458136082,,5.013064517173916,,7.656718332320452,,2.0410434007644653,,2.909020137041807,0.07468599826097488,-0.0016780235346232075,0.004127699889068026,2.7388895452022552,0.19771525263786316,0.7017810344696045,0.12518760561943054,0.01813996024429798,0.19659613072872162,0.3688472509384155,0.020850099623203278,8192,0.6932901740074158,4.675098896026611,0.04014145955443382,46399488,51391,22656,1416,-17.290377,0.006122088817937766,0.004906614950596122,-6.321383127570153,-46.642754,0.01467418620013632,0.0063502298173261805,-6.489397478103638,,,0.95,0.9,c2n,8.891827406182966,10.149381713370897,0.21501718770543782,0.0,-14.387533,2348.554845256096,-17.290377
284,1784885269.8779838,,5.28,,5.28,,4.799999999999999,,4.799999999999999,,7.200000000000002,,7.200000000000002,,1.9800000000000002,,1.9800000000000002,,2.759999999999999,,2.759999999999999,,5.581550317816436,,5.292082078754902,,7.659122623503208,,2.067886299919337,,3.101297632791102,0.12928497791290283,-0.001473813783377409,0.011543859771336429,2.740832671523094,0.18395021557807922,0.7626817226409912,0.15335096418857574,0.13593515753746033,0.3025575876235962,0.30257630348205566,0.02203400433063507,8192,0.6763145327568054,4.740387916564941,0.018360015004873276,46563328,51602,22736,1421,4.467334,0.005870100237370934,0.006712128347135149,-6.3467382222414015,-59.061623,0.017378852114779873,0.00452685485361144,-6.542655646800995,,,0.95,0.9,c2n,9.221523999546989,10.442895157808872,0.2907162069460503,0.0,-45.102654,2324.6630790582194,4.467334
285,1784885341.5555186,,5.28,,5.28,,4.799999999999999,,4.799999999999999,,7.200000000000002,,7.200000000000002,,1.9800000000000002,,1.9800000000000002,,2.759999999999999,,2.759999999999999,,6.0773566457792185,,5.100553377065808,,7.628884753212333,,2.2649022419936955,,3.0346935758716427,0.07586361467838287,-0.0014386977381946053,0.0054518019533134066,2.7439225763082504,0.24957294762134552,0.7324122190475464,0.18229253590106964,-0.18502357602119446,0.20850448310375214,0.4634355902671814,0.025178007781505585,8192,0.5390918254852295,4.8212785720825195,0.03083954006433487,46727168,51814,22816,1426,-26.989847,0.011579807184170931,0.007486172711651307,-6.36335543692112,-57.24314,0.028124346036929638,0.006789235376345459,-6.591104379296302,,,0.95,0.9,c2n,9.183923286153334,10.849884900636676,0.22745593185278976,0.0,-22.25776,2285.7924041046217,-26.989847
286,1784885411.0319412,,5.28,,5.28,,4.799999999999999,,4.799999999999999,,7.200000000000002,,7.200000000000002,,1.9800000000000002,,1.9800000000000002,,2.759999999999999,,2.759999999999999,,5.673428569920361,,5.322841458953917,,7.294065832393244,,2.2548232302069664,,3.083022680133581,0.053119201213121414,-0.0020270138993510045,0.005021073680836707,2.7440154626965523,0.5090979337692261,0.8844311237335205,0.19544121623039246,-0.10587014257907867,0.1672818660736084,0.41169315576553345,0.027450544759631157,8192,0.626994252204895,4.7256364822387695,0.04149676859378815,46891008,52066,22896,1431,-8.1695175,0.008523745990532915,0.006695558168576099,-6.419726133346558,-81.581276,0.04625865437556058,0.005309465263417223,-6.638219764828682,,,0.95,0.9,c2n,7.819679394678164,10.256286134530184,0.22181134586581708,0.0,-23.570396,2358.2109355090643,-8.1695175
287,1784885479.602588,,5.28,,5.28,,4.799999999999999,,4.799999999999999,,7.200000000000002,,7.200000000000002,,1.9800000000000002,,1.9800000000000002,,2.759999999999999,,2.759999999999999,,5.449825433897786,,5.247823113575578,,7.884223837405443,,2.3550465684384108,,2.9165515631902963,0.05511370301246643,-0.000774292835558299,0.004512889025136246,2.7496370002627373,0.31115758419036865,0.8711149096488953,0.18847566843032837,-0.3076787292957306,0.16264984011650085,0.38877537846565247,0.02411537803709507,8192,0.6112578511238098,4.770693778991699,0.049390219151973724,47054848,52357,22976,1436,-21.53744,0.011788938817335292,0.007339293617405929,-6.4271714121103285,-78.828636,0.03381955217337236,0.007295481172332074,-6.62423520386219,,,0.95,0.9,c2n,8.132303091547046,11.104153564827392,0.23936508606653437,0.0,-25.06739,2389.3599545914653,-21.53744
288,1784885547.2741942,,5.28,,5.28,,4.799999999999999,,4.799999999999999,,7.200000000000002,,7.200000000000002,,1.9800000000000002,,1.9800000000000002,,2.759999999999999,,2.759999999999999,,5.217137801460922,,5.0634880741126835,,7.763593916781247,,2.1135940848616883,,2.8957828991115093,0.09932944178581238,-0.0012929216463817284,0.008007686832570471,2.7541027665138245,0.2596173882484436,0.8435221910476685,0.19226983189582825,-0.16230721771717072,0.24728438258171082,0.3523518145084381,0.01965281181037426,8192,0.6453291177749634,4.610719203948975,0.027741730213165283,47218688,52632,23056,1441,-63.15702,0.016887932634563185,0.0060517417994560676,-6.4248764485120775,-69.10109,0.02141066279145889,0.004986740105960052,-6.634401196241379,,,0.95,0.9,c2n,7.966449006484089,10.452173512848415,0.1807809420379201,0.0,-63.743324,2421.103722056557,-63.15702
289,1784885615.0926106,,5.28,,5.28,,4.799999999999999,,4.799999999999999,,7.200000000000002,,7.200000000000002,,1.9800000000000002,,1.9800000000000002,,2.759999999999999,,2.759999999999999,,4.699261829257011,,4.270046574994922,,6.520426224917173,,1.819797498639673,,2.7398591740056872,0.10647781938314438,-0.0030699436319991946,0.011853804127895273,2.7532334700226784,0.2540895938873291,0.8804894089698792,0.17879250645637512,0.05636832118034363,0.2894086539745331,0.4427943825721741,0.022449806332588196,8192,0.6021636724472046,4.009878635406494,0.05346882715821266,47382528,52869,23136,1446,-8.792913,0.009947662225749809,0.006654826238809619,-6.476672965288162,-70.74455,0.030678525927942246,0.00860282530920813,-6.6775080353021625,,,0.95,0.9,c2n,11.67257566392566,11.248707135881196,0.2875098320208435,0.0,-58.57606,2415.8629672582133,-8.792913
290,1784885681.5064933,,5.28,,5.28,,4.799999999999999,,4.799999999999999,,7.200000000000002,,7.200000000000002,,1.9800000000000002,,1.9800000000000002,,2.759999999999999,,2.759999999999999,,5.759779190644622,,5.107448262278922,,7.671140322461724,,2.1462289728224277,,3.1065404913388193,0.08677103370428085,-0.0005325290840119123,0.0038329890303430147,2.7569912895560265,0.18621297180652618,0.8768601417541504,0.1141747385263443,-0.0036212606355547905,0.21627120673656464,0.3565633296966553,0.017608601599931717,8192,0.6441391706466675,4.758227348327637,0.024411041289567947,47546368,53085,23216,1451,-51.969006,0.022145658993395045,0.00617298085562652,-6.4915710300207135,-42.284058,0.012077876919647679,0.006420313686248846,-6.732494735717774,,,0.95,0.9,c2n,10.287431103460472,9.8948954064405,0.19020751701199534,0.0,-65.27693,2466.9541172106515,-51.969006
291,1784885746.6281004,,5.28,,5.28,,4.799999999999999,,4.799999999999999,,7.200000000000002,,7.200000000000002,,1.9800000000000002,,1.9800000000000002,,2.759999999999999,,2.759999999999999,,5.367281686514616,,4.861419525928795,,7.376965744420886,,2.075179427745752,,2.6989011311670765,0.04839595407247543,-0.0016289300692733377,0.0012169910623924807,2.7593002691864967,0.2682744860649109,0.7283074259757996,0.15202556550502777,-0.12355829775333405,0.11630618572235107,0.3759738504886627,0.01377408392727375,8192,0.7062348127365112,4.475949287414551,0.009670075960457325,47710208,53264,23296,1456,-27.372046,0.009542084275744855,0.006517236158833839,-6.570185807347298,-3.3649623,0.005983824010763783,0.009217199795966736,-6.746713468432427,,,0.95,0.9,c2n,9.578652068514614,11.316122128367786,0.17946463855913647,0.0,-75.3528,2515.9085598291613,-27.372046
292,1784885812.5006216,,5.28,,5.28,,4.799999999999999,,4.799999999999999,,7.200000000000002,,7.200000000000002,,1.9800000000000002,,1.9800000000000002,,2.759999999999999,,2.759999999999999,,5.868273516185582,,4.6606784127652645,,7.212895369157195,,2.120687999689835,,2.911323299165815,0.09146972745656967,-5.754955054726452e-06,0.007296262898307759,2.7610523626208305,0.207412451505661,0.8502490520477295,0.1392965316772461,-0.08116094768047333,0.24813854694366455,0.36448365449905396,0.012190673500299454,8192,0.6086288690567017,4.554771900177002,0.02327561378479004,47874048,53451,23376,1461,-26.422571,0.01350643306504935,0.00687838931553415,-6.577649527788163,-56.78072,0.014093305161804893,0.009298178434255533,-6.735577011108399,,,0.95,0.9,c2n,9.721891421331657,12.120307144637543,0.2040770478211855,0.0,-10.16539,2487.2281593814673,-26.422571
293,1784885878.133227,,5.28,,5.28,,4.799999999999999,,4.799999999999999,,7.200000000000002,,7.200000000000002,,1.9800000000000002,,1.9800000000000002,,2.759999999999999,,2.759999999999999,,5.472980263642967,,5.218463197816163,,7.200257506221533,,1.939573879353702,,2.803428570739925,0.08414631336927414,-0.0004715285758720711,0.004128944085096009,2.7609430700540543,0.26205602288246155,0.8475633859634399,0.20784515142440796,0.13982129096984863,0.23271363973617554,0.31224754452705383,0.012936181388795376,8192,0.6855688095092773,4.52694034576416,0.014151712879538536,48037888,53655,23456,1466,-26.6609,0.01173839156399481,0.009099587838863953,-6.5737525761127475,-39.08071,0.015814535052049904,0.006212178156420123,-6.769871127605438,,,0.95,0.9,c2n,8.720616591712405,10.04961787508907,0.18631469865077177,0.0,-11.085463,2496.3201712208083,-26.6609
294,1784885941.422271,,5.28,,5.28,,4.799999999999999,,4.799999999999999,,7.200000000000002,,7.200000000000002,,1.9800000000000002,,1.9800000000000002,,2.759999999999999,,2.759999999999999,,5.175047399010509,,5.160637689754367,,7.491714964504354,,1.979989068582654,,2.686812418513,0.04505420848727226,-1.564408012200147e-05,0.0017115158152591903,2.7641832754015923,0.19061756134033203,0.7661980390548706,0.15583370625972748,0.05177526921033859,0.12265633791685104,0.287859708070755,0.016244787722826004,8192,0.6760935187339783,4.49884033203125,0.022196240723133087,48201728,53854,23536,1471,-12.659838,0.010033657884923742,0.007031578985333908,-6.524019265174866,-32.53703,0.0106072845577728,0.006038245782110607,-6.798179644346237,,,0.95,0.9,c2n,9.870881765038556,10.287912315587016,0.19697556210996214,0.0,-48.02229,2588.7577303296002,-12.659838
295,1784886005.4126747,,5.28,,5.28,,4.799999999999999,,4.799999999999999,,7.200000000000002,,7.200000000000002,,1.9800000000000002,,1.9800000000000002,,2.759999999999999,,2.759999999999999,,5.402932023629546,,4.688571064732969,,6.782729108352214,,1.7817137645324692,,2.603981670923531,0.07895681262016296,2.893322380259633e-05,0.006589739481569268,2.767164058983326,0.27131387591362,0.7266899943351746,0.17246706783771515,-0.21434766054153442,0.200413778424263,0.3517511785030365,0.014833148568868637,8192,0.6546627283096313,4.251985549926758,0.038949403911828995,48365568,54033,23616,1476,-4.889127,0.007978288529557176,0.009132112577208317,-6.575082442164421,-20.982468,0.012280537784681656,0.006344130077923183,-6.815887692570686,,,0.95,0.9,c2n,9.710593865282284,10.648728097178878,0.25825361993576623,0.0,-26.997791,2560.383890918459,-4.889127
296,1784886070.565357,,5.28,,5.28,,4.799999999999999,,4.799999999999999,,7.200000000000002,,7.200000000000002,,1.9800000000000002,,1.9800000000000002,,2.759999999999999,,2.759999999999999,,5.812525413930416,,4.679027354344726,,7.363428693264723,,2.0147969955578446,,2.808267368352972,0.07981470227241516,-0.0008610754157416523,0.0032830606141942553,2.7692687958478928,0.14422845840454102,0.9292246103286743,0.09030988812446594,0.07241128385066986,0.20291131734848022,0.3421253561973572,0.01464838720858097,8192,0.6886907815933228,4.535609245300293,0.007904745638370514,48529408,54208,23696,1481,-6.8834596,0.006698356017295737,0.00783023416151991,-6.5514072477817535,-20.869267,0.008380771012161859,0.006264829899737379,-6.823434492945671,,,0.95,0.9,c2n,11.08240808100366,10.612725808553233,0.1969993444005142,0.0,6.618703,2514.708427408846,-6.8834596
297,1784886135.604785,,5.28,,5.28,,4.799999999999999,,4.799999999999999,,7.200000000000002,,7.200000000000002,,1.9800000000000002,,1.9800000000000002,,2.759999999999999,,2.759999999999999,,5.465215041767806,,5.000238484703004,,7.449331521987915,,1.8420126195997,,2.7189919967204332,0.058728400617837906,-0.0002536368556320667,0.0037225632077024784,2.7703242525458336,0.221782386302948,1.066314458847046,0.17377807199954987,-0.049290578812360764,0.1552697718143463,0.39477455615997314,0.015962721779942513,8192,0.7029147148132324,4.4951581954956055,0.026822464540600777,48693248,54379,23776,1486,-54.128094,0.012501602913835086,0.005068742077855859,-6.56853915154934,-23.9781,0.01027901949128136,0.007199816791398916,-6.794142460823059,,,0.95,0.9,c2n,9.294266137786206,9.973532500644987,0.1796772204420463,0.0,-16.641804,2519.0873654762536,-54.128094
298,1784886199.396618,,5.28,,5.28,,4.799999999999999,,4.799999999999999,,7.200000000000002,,7.200000000000002,,1.9800000000000002,,1.9800000000000002,,2.759999999999999,,2.759999999999999,,5.059245454147458,,4.549321341328323,,7.38595234695822,,1.9810281079262495,,2.8860109001398087,0.0649997666478157,-2.7065567337558605e-05,0.005101079514133744,2.773812845349312,0.22335103154182434,0.7729044556617737,0.1283816248178482,-0.1319139003753662,0.19082744419574738,0.40215393900871277,0.0190309826284647,8192,0.6856411695480347,4.372311592102051,0.02365301176905632,48857088,54548,23856,1491,-29.360104,0.010940359902451745,0.006008058591396548,-6.583028271794319,-33.075874,0.00792262832983397,0.007962998874427285,-6.820426797866821,,,0.95,0.9,c2n,8.936556483385557,11.762357961092293,0.22740855621186212,0.0,-46.383476,2568.3539943824417,-29.360104
299,1784886264.684667,,5.28,,5.28,,4.799999999999999,,4.799999999999999,,7.200000000000002,,7.200000000000002,,1.9800000000000002,,1.9800000000000002,,2.759999999999999,,2.759999999999999,,5.573796413838863,,5.155939380405471,,7.836050027050078,,2.0043353773653507,,3.059353454038501,0.07873736321926117,-0.0015383381396532059,0.004019093601527857,2.7715408504009247,0.14332419633865356,1.1061220169067383,0.0751594677567482,-0.014446279034018517,0.20711112022399902,0.32569146156311035,0.012774043716490269,8192,0.655393660068512,4.725894927978516,0.02059127576649189,49020928,54722,23936,1496,-38.627155,0.01536237477848772,0.005874760437291115,-6.576765313744545,-18.456198,0.005491770413937047,0.007554148537747096,-6.826219591498375,,,0.95,0.9,c2n,9.95876006179671,10.646907060641778,0.2347372182383226,0.0,-33.932182,2509.4943692108723,-38.627155
300,1784886329.6419144,,5.28,,5.28,,4.799999999999999,,4.799999999999999,,7.200000000000002,,7.200000000000002,,1.9800000000000002,,1.9800000000000002,,2.759999999999999,,2.759999999999999,,5.507621373981237,,4.752980840392411,,7.413339578313753,,2.148382857441902,,2.9922813586890697,0.054833296686410904,-0.0009236815967597067,0.001896859183034394,2.7734647318720818,0.185869038105011,0.8018566966056824,0.2110733985900879,0.1294199377298355,0.13569514453411102,0.28845229744911194,0.01389110367745161,8192,0.6927075386047363,4.562921047210693,0.04165543615818024,49184768,54894,24016,1501,-4.9869375,0.006815690039366018,0.0043007262996979986,-6.588909685611725,-67.98659,0.01414940224494785,0.006882479615160264,-6.829317104816437,,,0.95,0.9,c2n,9.813779282138906,10.913373794158204,0.17551646138153376,0.0,-14.150267,2522.274362381884,-4.9869375
301,1784886394.0022569,,5.28,,5.28,,4.799999999999999,,4.799999999999999,,7.200000000000002,,7.200000000000002,,1.9800000000000002,,1.9800000000000002,,2.759999999999999,,2.759999999999999,,4.97066910751164,,4.6737508373335,,6.891071671620011,,1.9307125872001052,,2.765580812934786,0.08617426455020905,-0.0002677949560165871,0.0036472562060225755,2.778941608965397,0.235833078622818,0.8348403573036194,0.18722517788410187,-0.04024716466665268,0.21418260037899017,0.34746015071868896,0.020814893767237663,8192,0.6788650155067444,4.246357440948486,0.029517389833927155,49348608,55094,24096,1506,0.2378645,0.010562523169210181,0.0070251644952804785,-6.627979737520218,-84.42897,0.01836339006549679,0.005533294678025413,-6.831382828950882,,,0.95,0.9,c2n,8.714794875659857,12.76534683570043,0.19472836935750754,0.0,-26.4422,2545.66701565179,0.2378645
302,1784886457.377024,,5.28,,5.28,,4.799999999999999,,4.799999999999999,,7.200000000000002,,7.200000000000002,,1.9800000000000002,,1.9800000000000002,,2.759999999999999,,2.759999999999999,,5.270570015534759,,4.852818429470062,,7.071539510041475,,1.984537372365594,,2.7995406966656446,0.026765160262584686,-0.00025582128728274256,0.0013017571418458829,2.783070869743824,0.18411846458911896,0.8185257911682129,0.14032649993896484,-0.07001485675573349,0.07657786458730698,0.31396484375,0.01411198265850544,8192,0.7315912246704102,4.395801067352295,0.013665455393493176,49512448,55262,24176,1511,-16.26029,0.010914388248056638,0.00629504180906224,-6.656484150886536,-17.029093,0.005905413105210755,0.007990867380431154,-6.876292279362678,,,0.95,0.9,c2n,9.321504687158008,11.131785944435048,0.18800636048042108,0.0,-68.491425,2585.2560580675436,-16.26029
303,1784886520.8170438,,5.28,,5.28,,4.799999999999999,,4.799999999999999,,7.200000000000002,,7.200000000000002,,1.9800000000000002,,1.9800000000000002,,2.759999999999999,,2.759999999999999,,4.787460684776306,,4.679469939786941,,7.0118105304427445,,1.9821178847923875,,2.8357131730299443,0.10651526600122452,-0.001172407835838385,0.023450891399988905,2.7820691019296646,0.26629072427749634,0.9251381158828735,0.16010724008083344,-0.05411703139543533,0.34683987498283386,0.4333864748477936,0.012060089036822319,8192,0.7218965888023376,4.25931453704834,0.03191397711634636,49676288,55423,24256,1516,-4.4645834,0.006602678864146583,0.007310213300661417,-6.664259371161461,-11.756139,0.00625407550833188,0.007806880821590312,-6.8726486474275585,,,0.95,0.9,c2n,9.486552808346605,11.336172196037921,0.19103178202917875,0.0,-52.11785,2582.596923362395,-4.4645834
304,1784886585.2898376,,5.28,,5.28,,4.799999999999999,,4.799999999999999,,7.200000000000002,,7.200000000000002,,1.9800000000000002,,1.9800000000000002,,2.759999999999999,,2.759999999999999,,5.188561814837158,,4.673337450250983,,7.155992255196907,,1.8578971871174872,,2.7404599338769913,0.14719539880752563,-0.000903785228729248,0.021500821894733235,2.787671811878681,0.20444154739379883,0.9476698040962219,0.1440616101026535,-0.23953326046466827,0.386102557182312,0.44976869225502014,0.01032000407576561,8192,0.7046759724617004,4.323249816894531,0.017523426562547684,49840128,55588,24336,1521,-7.5206366,0.005910584595403634,0.00837282017164398,-6.708190932869911,1.9614807,0.004631711695401464,0.006108300997584593,-6.86229844391346,,,0.95,0.9,c2n,10.477266622241677,11.222668708811833,0.22140832047545086,0.0,-21.712524,2541.226923824244,-7.5206366
305,1784886637.5375166,,5.28,,5.28,,4.799999999999999,,4.799999999999999,,7.200000000000002,,7.200000000000002,,1.9800000000000002,,1.9800000000000002,,2.759999999999999,,2.759999999999999,,4.8736327067017555,,4.66319424379617,,7.000211892649531,,1.7534046228975058,,2.507183856330812,0.05103779956698418,-0.000748482794733718,0.0012200122710055439,2.7895165979862213,0.1657843440771103,0.7903583645820618,0.1191868782043457,0.178818479180336,0.11487776786088943,0.3314747214317322,0.009001507423818111,8192,0.6706477403640747,4.159525394439697,0.01249997690320015,49971200,55716,24400,1525,-11.874228,0.005874118549400009,0.006719324310688534,-6.6990301489830015,-4.099134,0.004407300199818565,0.005784379272517981,-6.854335728287697,,,0.95,0.9,c2n,9.731390056263521,10.801779723289808,0.22668254891073658,0.0,-14.628738,3135.8330592650073,-11.874228
