# _tick,_time,plr_track_area,track_area,plr_track_perimeter,track_perimeter,plr_track_amplitude,track_amplitude,plr_track_convex,track_convex,plr_track_notches,track_notches,plr_track_complexity,track_complexity,mean_env_return,adversary_env_pg_loss,adversary_env_value_loss,adversary_env_dist_entropy,steps,total_episodes,total_seeds,total_student_grad_updates,mean_agent_return,agent_value_loss,agent_pg_loss,agent_dist_entropy,mean_adversary_agent_return,adversary_value_loss,adversary_pg_loss,adversary_dist_entropy,kl_loss_advagent_agent,kl_loss_agent_advagent,agent_grad_norm,adversary_grad_norm,adversary_env_grad_norm,solved_rate:CarRacingF1-Germany-v0,test_returns:CarRacingF1-Germany-v0,target_agent_return,target_solved_rate,sps
0,1784900064.4746206,,66394.07304384946,,2305.6498398421604,,0.2011566586646966,,0.5169634446049035,,0.5190076030412164,,0.1869141571204562,0.0,0.0,0.0,0.0,2000,1,16,1,-58.393837,0.21728129032999277,-0.0016234745671681594,-0.13645184389315546,0,0.0,0.0,0.0,,,1.0402287438809095,0,0,0.0,-163.85982,-163.8598175048828,0.0,34.514550950094325
1,1784900218.8294425,,69531.00946369334,,2366.72643587347,,0.19850472935807126,,0.5169634432004596,,0.5190076030412164,,0.18581305966127426,0.0,0.0,0.0,0.0,12000,26,96,6,-14.259153,0.05721646314486861,-0.01395608026359696,-0.19262825464829803,0,0.0,0.0,0.0,,,0.7628055980539317,0,0,,,,,64.78578410058654
2,1784900374.3880308,,62747.134386376885,,2240.9032652583046,,0.20121107946628952,,0.516963451430009,,0.5190076030412164,,0.18693675433330953,0.0,0.0,0.0,0.0,22000,99,176,11,-10.789732,0.0777458178345114,-0.01934928132686764,-0.2608278328552842,0,0.0,0.0,0.0,,,0.7768925644124784,0,0,,,,,64.28446137343177
3,1784900531.9672873,,66516.90832447354,,2328.213976309358,,0.1957592556587855,,0.5169634478038517,,0.5190076030412164,,0.18467312320284954,0.0,0.0,0.0,0.0,32000,214,256,16,-10.000001,0.0905728826764971,-0.01674034916140954,-0.33192005567252636,0,0.0,0.0,0.0,,,1.0869372936479755,0,0,,,,,63.4601298671782
4,1784900691.3731356,,66112.91564744146,,2294.162102115546,,0.20435145363379423,,0.5169634568909454,,0.5190076030412164,,0.18824065788096014,0.0,0.0,0.0,0.0,42000,345,336,21,-10.534985,0.12936133169569075,-0.018145079982787138,-0.3384639658033848,0,0.0,0.0,0.0,,,1.1972005728977921,0,0,,,,,62.73295604575562
5,1784900874.7229953,,65248.82242004482,,2293.4506707214755,,0.19970412918399294,,0.5169634420753543,,0.5190076030412164,,0.18631105753924496,0.0,0.0,0.0,0.0,52000,455,416,26,-9.504564,0.2578105325810611,-0.023596209387960698,-0.39351198729127645,0,0.0,0.0,0.0,,,1.2530064858935206,0,0,0.0,-173.79512,-173.7951202392578,0.0,54.54053901720456
6,1784901032.4632287,,66009.19657449493,,2284.388692617338,,0.206039576021885,,0.5169634434981587,,0.5190076030412164,,0.18894157388582938,0.0,0.0,0.0,0.0,62000,527,496,31,-9.909624,0.3473146138712764,-0.014875154061883222,-0.4561781594529748,0,0.0,0.0,0.0,,,2.0753461690927173,0,0,,,,,63.39536458504648
7,1784901188.046665,,61664.90075617147,,2219.483494832974,,0.20385910507972185,,0.5169634491083682,,0.5190076030412164,,0.1880362302101168,0.0,0.0,0.0,0.0,72000,610,576,36,-9.019501,0.3833931665867567,-0.018078524687553,-0.6563980430364609,0,0.0,0.0,0.0,,,3.3128328951375066,0,0,,,,,64.27419685088972
8,1784901345.156704,,66077.35316400058,,2315.287516999136,,0.19694311022515132,,0.5169634474565405,,0.5190076030412164,,0.1851646667500584,0.0,0.0,0.0,0.0,82000,700,656,41,-8.759468,0.3765300028026104,-0.018711685925154597,-0.6637244373559952,0,0.0,0.0,0.0,,,3.061212402930903,0,0,,,,,63.649657216077586
9,1784901502.7677739,,65175.08272602905,,2305.99806675671,,0.1969447732406481,,0.5169634496566151,,0.5190076030412164,,0.1851653576842228,0.0,0.0,0.0,0.0,92000,797,736,46,-10.054999,0.2992390845902264,-0.021465474543219898,-0.7466976456344128,0,0.0,0.0,0.0,,,2.9440227271851596,0,0,,,,,63.44731743499181
10,1784901682.6263413,,64772.928121113466,,2257.654777768099,,0.2084852678342494,,0.5169634555529832,,0.5190076030412164,,0.18995704241304456,0.0,0.0,0.0,0.0,102000,878,816,51,-4.6735306,0.5461507430300117,-0.021005257942306343,-0.9236856326460838,0,0.0,0.0,0.0,,,3.994591689900817,0,0,1.0,81.722626,81.72262573242188,1.0,55.59924350964698
11,1784901836.4292507,,62723.91880083873,,2246.832584685675,,0.19981577574347636,,0.5169634511489439,,0.5190076030412164,,0.18635741568454312,0.0,0.0,0.0,0.0,112000,930,896,56,-0.4120637,0.8437778130173683,-0.013081588451314019,-1.1069970428943634,0,0.0,0.0,0.0,,,4.617423157798557,0,0,,,,,65.01827502748553
12,1784901986.3157284,,59245.210916595905,,2175.2826188602858,,0.20077408600676955,,0.5169634587028862,,0.5190076030412164,,0.18675531344550886,0.0,0.0,0.0,0.0,122000,966,976,61,6.8451414,0.8397106733173132,-0.012509928130384651,-1.189123708754778,0,0.0,0.0,0.0,,,7.472896836287742,0,0,,,,,66.7171607643042
13,1784902131.1509259,,63207.564467615695,,2267.183008749001,,0.19621450701888074,,0.516963449839169,,0.5190076030412164,,0.18486214674366042,0.0,0.0,0.0,0.0,132000,987,1056,66,5.579337,0.8273605369031429,-0.01943921340352972,-1.221502535045147,0,0.0,0.0,0.0,,,7.572347751576007,0,0,,,,,69.0439872475776
14,1784902278.1235504,,61569.69029332198,,2219.08954939462,,0.20296200461180203,,0.5169634464105832,,0.5190076030412164,,0.18766374809972602,0.0,0.0,0.0,0.0,142000,1014,1136,71,5.4245286,0.686015504412353,-0.009362532809973345,-1.3019578121602535,0,0.0,0.0,0.0,,,10.573577044975075,0,0,,,,,68.03988291077862
15,1784902445.2158322,,60402.684542490315,,2207.123580773931,,0.19984076179642413,,0.5169634506402142,,0.5190076030412164,,0.18636778994395714,0.0,0.0,0.0,0.0,152000,1030,1216,76,20.864367,0.5023048799484968,-0.01675012924533803,-1.384764838963747,0,0.0,0.0,0.0,,,7.5406424810902095,0,0,0.6666666666666666,90.79557,90.79557037353516,0.6666666666666666,59.84719897649664
16,1784902588.986361,,58587.89534092086,,2156.1449115262576,,0.20436261491668994,,0.5169634349509218,,0.5190076030412164,,0.1882452877255015,0.0,0.0,0.0,0.0,162000,1048,1296,81,35.488075,0.30894970800727606,-0.01976092466429691,-1.3122415319085121,0,0.0,0.0,0.0,,,4.189927069683456,0,0,,,,,69.55525047277898
17,1784902733.2378767,,62388.85921675572,,2234.2267695682667,,0.20170448453805218,,0.5169634504558221,,0.5190076030412164,,0.18714161892537132,0.0,0.0,0.0,0.0,172000,1073,1376,86,-0.32698148,0.24997576512396336,-0.021402420168669778,-1.2726399973034859,0,0.0,0.0,0.0,,,3.239778381412151,0,0,,,,,69.32335531008661
18,1784902875.982426,,60649.80484905829,,2218.45023470276,,0.1970457072703134,,0.5169634445727005,,0.5190076030412164,,0.18520726509048135,0.0,0.0,0.0,0.0,182000,1085,1456,91,24.051624,0.1442079006228596,-0.022910111234523356,-1.3332110978662968,0,0.0,0.0,0.0,,,3.628567542833417,0,0,,,,,70.05521194684958
19,1784903015.8673816,,57413.0571060568,,2143.5720277465507,,0.20040649946693495,,0.5169634458271893,,0.5190076030412164,,0.18660268670320967,0.0,0.0,0.0,0.0,192000,1091,1536,96,17.5656,0.08194374840240926,-0.019776011547946837,-1.4411525577306747,0,0.0,0.0,0.0,,,3.7119299658636096,0,0,,,,,71.4873210729114
20,1784903178.7373364,,64113.118189828514,,2269.4386543941564,,0.1987734725693408,,0.5169634530138607,,0.5190076030412164,,0.18592464543988624,0.0,0.0,0.0,0.0,202000,1097,1616,101,38.69958,0.068662641919218,-0.022543770202901214,-1.4813096523284912,0,0.0,0.0,0.0,,,4.215847290009694,0,0,1.0,426.05917,426.0591735839844,1.0,61.398674772448295
21,1784903321.1806245,,62798.62515039886,,2247.944494758683,,0.20017545673207476,,0.516963445977089,,0.5190076030412164,,0.1865067563843737,0.0,0.0,0.0,0.0,212000,1101,1696,106,54.063007,0.08491787384264171,-0.025329525855340762,-1.5041956305503845,0,0.0,0.0,0.0,,,3.8798237993551004,0,0,,,,,70.20337915959257
22,1784903464.0102773,,57549.9978680284,,2157.521769213188,,0.19763006087608642,,0.5169634551811627,,0.5190076030412164,,0.1854498943835824,0.0,0.0,0.0,0.0,222000,1117,1776,111,42.189583,0.08521594200283289,-0.028390442977979546,-1.5837611109018326,0,0.0,0.0,0.0,,,3.835464209883143,0,0,,,,,70.01347170685402
23,1784903605.5845194,,61356.01161421902,,2226.306426285268,,0.1982255964641884,,0.5169634535319697,,0.5190076030412164,,0.18569716405222908,0.0,0.0,0.0,0.0,232000,1121,1856,116,56.763012,0.04411474079824984,-0.030603203311329708,-1.60898881778121,0,0.0,0.0,0.0,,,4.2067957621748615,0,0,,,,,70.63431740565517
24,1784903747.548827,,62040.44784143983,,2246.9587212889983,,0.19638788746307853,,0.5169634511288828,,0.5190076030412164,,0.18493413561660899,0.0,0.0,0.0,0.0,242000,1126,1936,121,75.17255,0.02924325887579471,-0.0187348808394745,-1.5737419687211514,0,0.0,0.0,0.0,,,6.770729931669319,0,0,,,,,70.44024591201376
25,1784903910.6521547,,62405.6580963524,,2246.8234891115508,,0.19734934290094336,,0.5169634502127379,,0.5190076030412164,,0.18533333757916975,0.0,0.0,0.0,0.0,252000,1131,2016,126,46.58669,0.058790499926544726,-0.009587941407517064,-1.5467256046831608,0,0.0,0.0,0.0,,,6.172726814384453,0,0,1.0,545.4162,545.4161987304688,1.0,61.31082322625005
26,1784904053.2816987,,60752.64036515719,,2219.150833467857,,0.19709698251961913,,0.5169634546512546,,0.5190076030412164,,0.1852285569015822,0.0,0.0,0.0,0.0,262000,1142,2096,131,10.4512005,0.0689697238849476,-0.00793625434016576,-1.6236892230808735,0,0.0,0.0,0.0,,,6.768698154142163,0,0,,,,,70.11170252845578
27,1784904189.8798244,,61446.29616090354,,2225.6795583676653,,0.19904387592598816,,0.5169634449824858,,0.5190076030412164,,0.1860369169520015,0.0,0.0,0.0,0.0,272000,1146,2176,136,32.862347,0.04142885823966935,-0.004750647007313091,-1.6145549230277538,0,0.0,0.0,0.0,,,6.440889646520653,0,0,,,,,73.2074460296446
28,1784904328.648936,,60850.51013753316,,2206.0369004294075,,0.19960580507758194,,0.5169634479910244,,0.5190076030412164,,0.1862702339553474,0.0,0.0,0.0,0.0,282000,1149,2256,141,35.03852,0.04647146933712065,-0.0074457978548707615,-1.6949051469564438,0,0.0,0.0,0.0,,,5.882978917123167,0,0,,,,,72.0621644660604
29,1784904470.4207659,,60455.2619377011,,2193.7884232179113,,0.20290692702716767,,0.5169634541698989,,0.5190076030412164,,0.18764088110344324,0.0,0.0,0.0,0.0,292000,1151,2336,146,41.235664,0.039627984806429595,-0.013535251654502645,-1.7017063982784748,0,0.0,0.0,0.0,,,4.893561173007817,0,0,,,,,70.5358651460663
30,1784904633.0100918,,61869.9146808933,,2238.5662335244187,,0.1967430808916865,,0.5169634440088167,,0.5190076030412164,,0.18508161266459405,0.0,0.0,0.0,0.0,302000,1154,2416,151,62.395813,0.023400888254400343,-0.02409735008041025,-1.7082759141921997,0,0.0,0.0,0.0,,,6.540558107583118,0,0,1.0,380.78403,380.7840270996094,1.0,61.50464841100791
31,1784904770.47477,,60500.988804306224,,2209.6941163813804,,0.1976561471162982,,0.5169634383864727,,0.5190076030412164,,0.18546072219024815,0.0,0.0,0.0,0.0,312000,1161,2496,156,92.151825,0.02750656078569591,-0.018180825252784416,-1.6923417523503304,0,0.0,0.0,0.0,,,4.900146492476079,0,0,,,,,72.74597731633985
32,1784904909.5721278,,61410.16369563836,,2226.7792271329936,,0.1989291677524754,,0.5169634364716623,,0.5190076030412164,,0.18598928771848947,0.0,0.0,0.0,0.0,322000,1166,2576,161,100.53362,0.022868079802719876,-0.021521020760701504,-1.7599717490375042,0,0.0,0.0,0.0,,,4.997099652491536,0,0,,,,,71.89210039213664
33,1784905049.012656,,66993.07478638683,,2335.0924823234027,,0.195013388997831,,0.5169634384467743,,0.5190076030412164,,0.18436343295712176,0.0,0.0,0.0,0.0,332000,1167,2656,166,130.29105,0.025954315380658954,-0.024848924334946787,-1.725962121039629,0,0.0,0.0,0.0,,,5.0818955891534205,0,0,,,,,71.71514903365359
34,1784905187.3690836,,61357.8618717798,,2217.6863135894664,,0.19978782717632243,,0.5169634483561664,,0.5190076030412164,,0.18634581071091,0.0,0.0,0.0,0.0,342000,1167,2736,171,130.29105,0.01537972193909809,-0.027771256391133647,-1.7334531247615814,0,0.0,0.0,0.0,,,5.316506841827049,0,0,,,,,72.27707771941279
35,1784905351.3804224,,61032.135204821534,,2216.2474957891836,,0.19847081294226437,,0.5169634502031756,,0.5190076030412164,,0.18579897875968016,0.0,0.0,0.0,0.0,352000,1183,2816,176,77.7276,0.03039789729518816,-0.025020849163411185,-1.7891295552253723,0,0.0,0.0,0.0,,,5.469810341917387,0,0,1.0,485.67154,485.6715393066406,1.0,60.97139084071705
36,1784905489.2408528,,65683.32094897106,,2302.239997953109,,0.19809821203071848,,0.5169634439778387,,0.5190076030412164,,0.1856442713498188,0.0,0.0,0.0,0.0,362000,1190,2896,181,115.32805,0.023913586395792663,-0.030447337651821726,-1.8082870654761791,0,0.0,0.0,0.0,,,4.259306076206062,0,0,,,,,72.53713135322377
37,1784905626.9557478,,59762.659637317614,,2184.3097939677436,,0.20338822682417365,,0.5169634445715461,,0.5190076030412164,,0.18784071778696335,0.0,0.0,0.0,0.0,372000,1198,2976,186,126.84514,0.039314617635682225,-0.02782748047320638,-1.7605732046067715,0,0.0,0.0,0.0,,,4.074961396733217,0,0,,,,,72.61378576529883
38,1784905770.0438051,,63298.21628952195,,2244.9717735300774,,0.20197989427522864,,0.5169634539802149,,0.5190076030412164,,0.18725597142828673,0.0,0.0,0.0,0.0,382000,1207,3056,191,169.87479,0.02139976352918893,-0.019379864341317443,-1.8142333067953587,0,0.0,0.0,0.0,,,7.449079587115479,0,0,,,,,69.88703451856921
39,1784905911.1938472,,61187.307246466546,,2214.9070104766383,,0.2005837947795808,,0.5169634508132568,,0.5190076030412164,,0.18667630179262054,0.0,0.0,0.0,0.0,392000,1209,3136,196,202.04364,0.022213486663531512,-0.023863593112764647,-1.817988958209753,0,0.0,0.0,0.0,,,5.0469570711186655,0,0,,,,,70.84659529855823
40,1784906073.5019953,,60200.36525664783,,2207.1672887460318,,0.1975961050211158,,0.5169634456680883,,0.5190076030412164,,0.18543579380344952,0.0,0.0,0.0,0.0,402000,1211,3216,201,263.9686,0.011985625431407243,-0.03156717746605864,-1.8721330277621746,0,0.0,0.0,0.0,,,5.025182242664336,0,0,1.0,588.62494,588.6249389648438,1.0,61.61120216278297
41,1784906208.7458787,,67583.72071283645,,2333.3383034990884,,0.19880858540276594,,0.5169634502900196,,0.5190076030412164,,0.18593922395712753,0.0,0.0,0.0,0.0,412000,1213,3296,206,258.86255,0.012538595154182985,-0.007840694481274113,-1.8777648620307446,0,0.0,0.0,0.0,,,8.868266545048538,0,0,,,,,73.94050562079389
42,1784906347.2119162,,63125.27911299399,,2246.2716880474372,,0.2018443230529421,,0.5169634454880577,,0.5190076030412164,,0.18719967973375917,0.0,0.0,0.0,0.0,422000,1217,3376,211,185.74524,0.04445608961395919,-0.024789528249129944,-1.880571611225605,0,0.0,0.0,0.0,,,7.283621903956629,0,0,,,,,72.21986753464977
43,1784906485.7672687,,61178.01588004483,,2219.2078503778366,,0.19926769362229163,,0.5169634490010905,,0.5190076030412164,,0.18612984822458373,0.0,0.0,0.0,0.0,432000,1222,3456,216,172.45023,0.027405873115640134,-0.03296047514413658,-1.9460977092385292,0,0.0,0.0,0.0,,,4.992693954038204,0,0,,,,,72.17331886573308
44,1784906621.3011184,,62709.40210566082,,2244.8643911758722,,0.1997665746425352,,0.5169634468053801,,0.5190076030412164,,0.18633698621945713,0.0,0.0,0.0,0.0,442000,1229,3536,221,193.4056,0.025136406387900934,-0.016990215015539434,-2.0278824903070927,0,0.0,0.0,0.0,,,6.716088390252654,0,0,,,,,73.78230515703738
45,1784906778.258145,,64248.372707561604,,2262.70472228971,,0.20043250340386157,,0.5169634482722397,,0.5190076030412164,,0.18661348418499887,0.0,0.0,0.0,0.0,452000,1233,3616,226,229.57986,0.013864363048924133,-0.019910987277398817,-2.034484662115574,0,0.0,0.0,0.0,,,7.748068858174389,0,0,1.0,629.09955,629.0995483398438,1.0,63.71170674313322
46,1784906912.774659,,60527.18232607008,,2202.375575921499,,0.2002186048259262,,0.5169634434572117,,0.5190076030412164,,0.18652467123141075,0.0,0.0,0.0,0.0,462000,1235,3696,231,217.827,0.011012779432348907,-0.028122912102844566,-2.0915355905890465,0,0.0,0.0,0.0,,,6.774825118324382,0,0,,,,,74.34031588832009
47,1784907047.9595068,,62704.601967704795,,2246.788304076285,,0.19858588096848231,,0.5169634504916666,,0.5190076030412164,,0.18584675576175758,0.0,0.0,0.0,0.0,472000,1239,3776,236,148.56502,0.00921855546766892,-0.021663112875103252,-2.122450068593025,0,0.0,0.0,0.0,,,9.405554620155032,0,0,,,,,73.97278653310853
48,1784907188.2319112,,60789.2962535803,,2217.1413289091074,,0.19671337113627652,,0.5169634440213398,,0.5190076030412164,,0.18506927699594483,0.0,0.0,0.0,0.0,482000,1242,3856,241,182.86855,0.01614529441576451,-0.018867619914090028,-2.1302337497472763,0,0.0,0.0,0.0,,,8.784575063422697,0,0,,,,,71.2898599148657
49,1784907327.7615728,,64001.110521659175,,2254.931686807551,,0.20381789571398246,,0.5169634564628732,,0.5190076030412164,,0.1880191213017096,0.0,0.0,0.0,0.0,492000,1244,3936,246,195.04616,0.011834717559395358,-0.017654880415648222,-2.1386236622929573,0,0.0,0.0,0.0,,,9.810981677928066,0,0,,,,,71.66934831773852
50,1784907489.4305542,,62315.67836624745,,2236.307470053261,,0.19897060227368288,,0.5169634480166962,,0.5190076030412164,,0.18600649389272433,0.0,0.0,0.0,0.0,502000,1248,4016,251,208.92952,0.019348852831171826,-0.01119516825201572,-2.127084158360958,0,0.0,0.0,0.0,,,11.980316514680368,0,0,1.0,562.1534,562.1533813476562,1.0,61.85478596379798
51,1784907626.9733076,,63345.37338740913,,2241.440449869504,,0.20492805241609396,,0.5169634520414084,,0.5190076030412164,,0.18848006423258704,0.0,0.0,0.0,0.0,512000,1249,4096,256,215.71655,0.011819358391221613,-0.013411418411124032,-2.131937637925148,0,0.0,0.0,0.0,,,9.34943288929799,0,0,,,,,72.7046644345813
52,1784907767.3955126,,68398.2702350215,,2360.777576568965,,0.19468650963338252,,0.5169634491658152,,0.5190076030412164,,0.18422771280058914,0.0,0.0,0.0,0.0,522000,1253,4176,261,169.7555,0.01824759691953659,-0.018543171841884032,-2.119785763323307,0,0.0,0.0,0.0,,,6.590359788409248,0,0,,,,,71.21380825255758
53,1784907904.2480354,,63561.205933183446,,2257.017318520474,,0.20013273648914215,,0.5169634424685723,,0.5190076030412164,,0.18648901797796175,0.0,0.0,0.0,0.0,532000,1254,4256,266,192.37102,0.022593208210309967,-0.020835307739616837,-2.183686301112175,0,0.0,0.0,0.0,,,7.285236207504504,0,0,,,,,73.07136006277808
54,1784908044.7789676,,60476.61713314334,,2191.730810206914,,0.2024247582654845,,0.5169634466336425,,0.5190076030412164,,0.18744068019358195,0.0,0.0,0.0,0.0,542000,1254,4336,271,192.37102,0.013188122044084594,-0.02121457783914593,-2.1859931871294975,0,0.0,0.0,0.0,,,8.518487100578248,0,0,,,,,71.15870953903273
55,1784908206.664122,,62820.051898745354,,2247.728974857181,,0.20108139620239654,,0.5169634437090579,,0.5190076030412164,,0.18688290750916123,0.0,0.0,0.0,0.0,552000,1255,4416,276,195.61696,0.010554627762758173,-0.019219464345951565,-2.1987745836377144,0,0.0,0.0,0.0,,,9.303550624413198,0,0,1.0,661.6394,661.639404296875,1.0,61.77218811665473
56,1784908344.5730824,,69924.43868160204,,2356.1625762892513,,0.20249165785578588,,0.5169634492400615,,0.5190076030412164,,0.18746845783167115,0.0,0.0,0.0,0.0,562000,1255,4496,281,195.61696,0.01753278385149315,-0.01496921558646136,-2.225759968161583,0,0.0,0.0,0.0,,,12.499774771843045,0,0,,,,,72.51160540342313
57,1784908481.4616246,,65744.31729032338,,2300.1492505146252,,0.19976302903254087,,0.5169634509732695,,0.5190076030412164,,0.1863355148941995,0.0,0.0,0.0,0.0,572000,1255,4576,286,195.61696,0.010117066587554291,-0.016410584172263043,-2.2395454198122025,0,0.0,0.0,0.0,,,11.485558511015304,0,0,,,,,73.05213272654933
58,1784908618.8727467,,63365.04491842061,,2256.932365801188,,0.2005241360149826,,0.5169634512783275,,0.5190076030412164,,0.18665153120370315,0.0,0.0,0.0,0.0,582000,1255,4656,291,195.61696,0.009478534804657102,-0.015489163452002686,-2.255950316786766,0,0.0,0.0,0.0,,,12.046203589839891,0,0,,,,,72.77433330686047
59,1784908757.6846378,,63192.63661322578,,2255.418985153044,,0.20055031948624324,,0.5169634444221309,,0.5190076030412164,,0.1866624013689904,0.0,0.0,0.0,0.0,592000,1255,4736,296,195.61696,0.012913583414047025,-0.023159627635322977,-2.3021596148610115,0,0.0,0.0,0.0,,,13.140184670644839,0,0,,,,,72.03992234578519
60,1784908920.1857185,,63115.50776868637,,2241.7146186625823,,0.20206380663772344,,0.516963453794538,,0.5190076030412164,,0.1872908123144506,0.0,0.0,0.0,0.0,602000,1255,4816,301,195.61696,0.0096127340948442,-0.025543751056829933,-2.311151221394539,0,0.0,0.0,0.0,,,9.91300258210393,0,0,1.0,676.5756,676.5756225585938,1.0,61.538048110329264
61,1784909058.4033651,,65932.83274121743,,2304.5830876447258,,0.19891635030584565,,0.5169634490479712,,0.5190076030412164,,0.18598396835194939,0.0,0.0,0.0,0.0,612000,1255,4896,306,195.61696,0.012653774392674677,-0.010295720610884018,-2.291692279279232,0,0.0,0.0,0.0,,,12.995692398292594,0,0,,,,,72.34966754343274
62,1784909196.0778763,,63852.14663584268,,2266.7855227079535,,0.20011486574868925,,0.5169634429036387,,0.5190076030412164,,0.18648159802484143,0.0,0.0,0.0,0.0,622000,1255,4976,311,195.61696,0.00849293771898374,0.015947223492275953,-2.2289071306586266,0,0.0,0.0,0.0,,,14.082892689419738,0,0,,,,,72.63508171687621
63,1784909338.1833422,,66124.39498864934,,2304.2900210563535,,0.19961019728797585,,0.5169634501812953,,0.5190076030412164,,0.1862720580658724,0.0,0.0,0.0,0.0,632000,1258,5056,316,179.22284,0.013914675218984485,-0.019473111748084193,-2.29616442322731,0,0.0,0.0,0.0,,,12.265675551683273,0,0,,,,,70.37026999414306
64,1784909479.5046504,,66315.52242252584,,2296.7054083075645,,0.20303027243147356,,0.5169634450374052,,0.5190076030412164,,0.1876920930390525,0.0,0.0,0.0,0.0,642000,1260,5136,321,194.96616,0.020830022200243548,-0.016492052491230424,-2.33648718893528,0,0.0,0.0,0.0,,,13.645223529143491,0,0,,,,,70.76074000413948
65,1784909644.0545762,,67958.2312200191,,2335.9821281097747,,0.1982908392661645,,0.5169634429809964,,0.5190076030412164,,0.18572425115024982,0.0,0.0,0.0,0.0,652000,1271,5216,326,80.60386,0.018297922739293426,-0.017339937374345027,-2.3382634297013283,0,0.0,0.0,0.0,,,7.653155334783955,0,0,1.0,572.5555,572.5554809570312,1.0,60.77182714181142
66,1784909783.6623106,,68639.49483095264,,2349.094924986665,,0.19846689188451433,,0.5169634468313563,,0.5190076030412164,,0.18579735003828887,0.0,0.0,0.0,0.0,662000,1274,5296,331,197.15155,0.012982353568077087,-0.014455195505433949,-2.3803346753120422,0,0.0,0.0,0.0,,,10.718113554366164,0,0,,,,,71.62926965215443
67,1784909923.541533,,66205.02228423319,,2308.5014016506902,,0.19854331274913556,,0.5169634458229719,,0.5190076030412164,,0.18582908024442757,0.0,0.0,0.0,0.0,672000,1286,5376,336,80.762924,0.036096902564167976,-0.00675896506686513,-2.392374098300934,0,0.0,0.0,0.0,,,7.902718402960112,0,0,,,,,71.49024540556859
68,1784910067.0346534,,69385.15072850038,,2358.451643611313,,0.20036038693602784,,0.5169634503492193,,0.5190076030412164,,0.18658354140430672,0.0,0.0,0.0,0.0,682000,1302,5456,341,90.14011,0.0309660448692739,0.0055554870814376045,-2.3990838080644608,0,0.0,0.0,0.0,,,12.079814770945585,0,0,,,,,69.689752733643
69,1784910209.0621529,,62934.79736322629,,2239.936534050529,,0.20040291846724362,,0.5169634594536473,,0.5190076030412164,,0.18660120257564825,0.0,0.0,0.0,0.0,692000,1310,5536,346,151.91525,0.028878014942165464,-0.018642106184415752,-2.396424353122711,0,0.0,0.0,0.0,,,11.653441416862549,0,0,,,,,70.40889977464946
70,1784910374.497235,,62826.283748181566,,2236.7519217219183,,0.20070980420811074,,0.5169634544682906,,0.5190076030412164,,0.18672862240479687,0.0,0.0,0.0,0.0,702000,1324,5616,351,76.407234,0.031039435067214072,-0.022363534175383393,-2.360525444149971,0,0.0,0.0,0.0,,,10.309145933988075,0,0,1.0,637.90155,637.9015502929688,1.0,60.44667196870256
71,1784910511.3991358,,65650.2803630153,,2288.6723848582396,,0.20210223415659442,,0.5169634410354762,,0.5190076030412164,,0.18730676510220623,0.0,0.0,0.0,0.0,712000,1330,5696,356,110.61521,0.01106934595736675,-0.02598505135574669,-2.328200228512287,0,0.0,0.0,0.0,,,11.076588668571656,0,0,,,,,73.04500357249628
72,1784910646.2313514,,65905.12008021986,,2302.047022108777,,0.20044502230663885,,0.516963444782754,,0.5190076030412164,,0.18661868141168025,0.0,0.0,0.0,0.0,722000,1332,5776,361,161.66277,0.011086653626989573,-0.021258497778489982,-2.423311270773411,0,0.0,0.0,0.0,,,9.428386573432572,0,0,,,,,74.16625179460559
73,1784910782.8977592,,60247.0300499553,,2207.440547972399,,0.1983566424307969,,0.5169634395550191,,0.5190076030412164,,0.1857515723392531,0.0,0.0,0.0,0.0,732000,1337,5856,366,189.31995,0.012690057046711445,-0.016172020175872603,-2.4274304285645485,0,0.0,0.0,0.0,,,9.994541330211405,0,0,,,,,73.17087058472983
74,1784910921.3116927,,65737.3801600516,,2289.7698037317978,,0.20251237243151154,,0.5169634453799962,,0.5190076030412164,,0.18747705787749439,0.0,0.0,0.0,0.0,742000,1344,5936,371,115.13231,0.021041934203822166,-0.014119888530331082,-2.4068031311035156,0,0.0,0.0,0.0,,,7.553002982806119,0,0,,,,,72.24705948844564
75,1784911081.9300292,,64623.67407702362,,2262.437724210945,,0.20422056479607623,,0.5169634360265498,,0.5190076030412164,,0.18818630786653795,0.0,0.0,0.0,0.0,752000,1351,6016,376,160.18213,0.04691186800482683,-0.02219291217625141,-2.408228076994419,0,0.0,0.0,0.0,,,14.081828464196033,0,0,1.0,609.69586,609.6958618164062,1.0,62.259394586970075
76,1784911217.941354,,67268.36380785258,,2341.782217570506,,0.19586085941958092,,0.5169634542585247,,0.5190076030412164,,0.18471531099326446,0.0,0.0,0.0,0.0,762000,1355,6096,381,167.82953,0.0156936785497237,-0.01527217614420806,-2.3972831070423126,0,0.0,0.0,0.0,,,9.164412624458924,0,0,,,,,73.52328752947662
77,1784911355.344088,,67521.5409183914,,2321.6914566796586,,0.20205983057041504,,0.516963449255396,,0.5190076030412164,,0.18728916051929154,0.0,0.0,0.0,0.0,772000,1356,6176,386,163.60379,0.009174927588901483,0.014678939387522405,-2.3771917074918747,0,0.0,0.0,0.0,,,15.17379371258248,0,0,,,,,72.77875582367979
78,1784911493.47705,,65751.86027607313,,2306.935827203805,,0.19628994813583467,,0.5169634424278291,,0.5190076030412164,,0.1848934688720172,0.0,0.0,0.0,0.0,782000,1356,6256,391,163.60379,0.008877605447196402,-0.02674657256284263,-2.3528237342834473,0,0.0,0.0,0.0,,,9.048784125180369,0,0,,,,,72.39401721373504
79,1784911635.1981275,,66645.08073882364,,2317.727092663025,,0.19931185893535397,,0.5169634448709728,,0.5190076030412164,,0.18614818510517628,0.0,0.0,0.0,0.0,792000,1356,6336,396,163.60379,0.007017063864623196,0.004538735294772778,-2.3812804520130157,0,0.0,0.0,0.0,,,13.949043000360005,0,0,,,,,70.5611348513335
80,1784911795.4263709,,66954.3557680492,,2312.805318377964,,0.2008359353290652,,0.5169634510066085,,0.5190076030412164,,0.18678099212106486,0.0,0.0,0.0,0.0,802000,1356,6416,401,163.60379,0.00894813823106233,-0.01826340127081494,-2.4055075496435165,0,0.0,0.0,0.0,,,10.339822488951073,0,0,1.0,655.2385,655.238525390625,1.0,62.41097009973681
81,1784911928.855171,,67333.49703016394,,2326.842833855418,,0.19878163646398664,,0.5169634536866521,,0.5190076030412164,,0.1859280352731578,0.0,0.0,0.0,0.0,812000,1356,6496,406,163.60379,0.007295242030522786,-0.014458075564107276,-2.4166396856307983,0,0.0,0.0,0.0,,,10.53123967712083,0,0,,,,,74.94633701914438
82,1784912063.4719129,,70091.95620273906,,2377.0953472951187,,0.19976838177903444,,0.5169634501807169,,0.5190076030412164,,0.18633773722859084,0.0,0.0,0.0,0.0,822000,1356,6576,411,163.60379,0.015252903845976107,-0.01833037623873679,-2.4330354258418083,0,0.0,0.0,0.0,,,12.744282709928228,0,0,,,,,74.2849652656117
83,1784912199.8376858,,67131.71216361414,,2321.121620224699,,0.20091246126409548,,0.5169634406865155,,0.5190076030412164,,0.1868127640907347,0.0,0.0,0.0,0.0,832000,1357,6656,416,180.9182,0.019509519945131615,-0.017681966136478877,-2.4763498082756996,0,0.0,0.0,0.0,,,8.80534663519214,0,0,,,,,73.33218393504306
84,1784912337.2551668,,66683.51282167638,,2301.7222799086535,,0.2028428940315985,,0.5169634431152079,,0.5190076030412164,,0.18761429200326832,0.0,0.0,0.0,0.0,842000,1357,6736,421,180.9182,0.012681867636274546,-0.015018751328170765,-2.4373092353343964,0,0.0,0.0,0.0,,,11.079660138375996,0,0,,,,,72.77094542424669
85,1784912497.7700107,,67509.06174953745,,2318.0034754150106,,0.2024958468539266,,0.5169634447091473,,0.5190076030412164,,0.18747019622299563,0.0,0.0,0.0,0.0,852000,1360,6816,426,202.47806,0.00835619741701521,-0.02386361826211214,-2.4473188892006874,0,0.0,0.0,0.0,,,10.449594217353575,0,0,1.0,496.9137,496.9136962890625,1.0,62.2995351816091
86,1784912636.7244933,,67251.63825124929,,2315.747113208494,,0.2015755496225291,,0.5169634446021592,,0.5190076030412164,,0.18708808319347553,0.0,0.0,0.0,0.0,862000,1366,6896,431,233.25432,0.015308097601518966,-0.024852514485246502,-2.4557424411177635,0,0.0,0.0,0.0,,,7.845497721032156,0,0,,,,,71.96601883622536
87,1784912775.949419,,65888.18100271483,,2289.597796964669,,0.20185327127015,,0.5169634358344412,,0.5190076030412164,,0.18720339315724743,0.0,0.0,0.0,0.0,872000,1368,6976,436,252.1387,0.006818462672526948,-0.023303184410906397,-2.4576397240161896,0,0.0,0.0,0.0,,,9.929597565860266,0,0,,,,,71.82621164123486
88,1784912912.0556948,,64833.524472836034,,2280.60501330576,,0.1995528132037085,,0.5169634471346222,,0.5190076030412164,,0.18624823123571513,0.0,0.0,0.0,0.0,882000,1368,7056,441,252.1387,0.006935975237865932,-0.025761447584955022,-2.4628429263830185,0,0.0,0.0,0.0,,,7.685170755980362,0,0,,,,,73.47200074709973
89,1784913050.2055726,,64818.25266979117,,2265.0108682998716,,0.20426685106548048,,0.5169634462609023,,0.5190076030412164,,0.18820552825399822,0.0,0.0,0.0,0.0,892000,1370,7136,446,302.17563,0.007534695017966442,-0.0033358253858750686,-2.518903113901615,0,0.0,0.0,0.0,,,14.602900108995335,0,0,,,,,72.38515087738402
90,1784913210.4430757,,66785.73222266205,,2320.076440409193,,0.19863393616540248,,0.516963449630423,,0.5190076030412164,,0.18586670839956265,0.0,0.0,0.0,0.0,902000,1371,7216,451,336.4038,0.029906671086791903,-0.022854227456264198,-2.540912039577961,0,0.0,0.0,0.0,,,19.105631518442372,0,0,1.0,694.64606,694.6460571289062,1.0,62.40736269413025
91,1784913348.651555,,68863.01795191065,,2343.873185676812,,0.2022948657170976,,0.5169634508232859,,0.5190076030412164,,0.18738674885535764,0.0,0.0,0.0,0.0,912000,1372,7296,456,342.3456,0.0114983855310129,-0.023877279047155753,-2.480835974216461,0,0.0,0.0,0.0,,,9.615482853230933,0,0,,,,,72.3544593112512
92,1784913484.3964293,,62511.60375301442,,2229.125946892978,,0.20244047297547413,,0.516963440949532,,0.5190076030412164,,0.1874472038999312,0.0,0.0,0.0,0.0,922000,1372,7376,461,342.3456,0.011780385932070203,-0.020388889097375795,-2.5026773810386658,0,0.0,0.0,0.0,,,10.438685039891173,0,0,,,,,73.66760710987589
93,1784913620.8539894,,71474.6043606184,,2383.4156372703733,,0.20429768771150084,,0.5169634385269093,,0.5190076030412164,,0.1882183302701891,0.0,0.0,0.0,0.0,932000,1373,7456,466,337.6346,0.00654839699564036,-0.012886648655694444,-2.475400224328041,0,0.0,0.0,0.0,,,13.345271440732589,0,0,,,,,73.28285767683882
94,1784913759.5907314,,67690.63868495308,,2326.0638639628523,,0.20203122535462545,,0.5169634428024752,,0.5190076030412164,,0.18727728216912223,0.0,0.0,0.0,0.0,942000,1373,7536,471,337.6346,0.007603335790918209,-0.01601606498752517,-2.481622189283371,0,0.0,0.0,0.0,,,11.56442356874354,0,0,,,,,72.0789595047032
95,1784913918.9463232,,67716.77997754935,,2327.1308835296377,,0.201617994293238,,0.5169634431393284,,0.5190076030412164,,0.18710570618635464,0.0,0.0,0.0,0.0,952000,1373,7616,476,337.6346,0.00596979126567021,-0.01615229259550688,-2.5359732806682587,0,0.0,0.0,0.0,,,12.862817698816118,0,0,1.0,644.7028,644.7028198242188,1.0,62.75275127262071
96,1784914057.1296582,,69800.42393354206,,2374.3111488020536,,0.19909430098426806,,0.5169634523045634,,0.5190076030412164,,0.1860578552073219,0.0,0.0,0.0,0.0,962000,1373,7696,481,337.6346,0.005388811434386298,-0.022733694066118915,-2.569680981338024,0,0.0,0.0,0.0,,,10.590081016610469,0,0,,,,,72.36761902426002
97,1784914194.3572226,,67578.13573158692,,2312.839550968696,,0.20376523123954926,,0.5169634472716951,,0.5190076030412164,,0.1879972528533612,0.0,0.0,0.0,0.0,972000,1376,7776,486,402.49487,0.01846136867243331,-0.01805673369381111,-2.5942712277173996,0,0.0,0.0,0.0,,,14.046552082466132,0,0,,,,,72.87164928707087
98,1784914332.1289206,,67552.27877170604,,2324.483462585429,,0.20064000691078113,,0.5169634462270254,,0.5190076030412164,,0.18669964049415522,0.0,0.0,0.0,0.0,982000,1376,7856,491,402.49487,0.009169761426164769,-0.028666180003710906,-2.607838235795498,0,0.0,0.0,0.0,,,9.974854945289565,0,0,,,,,72.58384828199674
99,1784914470.557582,,63675.959274031135,,2262.049874126105,,0.19853485654980876,,0.5169634416360718,,0.5190076030412164,,0.18582556834165276,0.0,0.0,0.0,0.0,992000,1379,7936,496,398.88412,0.029027770564425737,-0.023684316271101125,-2.6564218401908875,0,0.0,0.0,0.0,,,16.127648364255187,0,0,,,,,72.23937539003207
100,1784914627.8306365,,62284.37729644225,,2231.5570414419253,,0.2003029354935978,,0.5169634482483116,,0.5190076030412164,,0.1865596867957836,0.0,0.0,0.0,0.0,1002000,1379,8016,501,398.88412,0.007257939709234051,-0.005862488786078757,-2.654875725507736,0,0.0,0.0,0.0,,,17.28861793080899,0,0,1.0,517.3443,517.3442993164062,1.0,63.58368197759218
101,1784914765.4999597,,68990.35565843919,,2349.8705222701465,,0.2010079602881517,,0.516963442528413,,0.5190076030412164,,0.18685241623476873,0.0,0.0,0.0,0.0,1012000,1382,8096,506,365.29132,0.009632614557631314,-0.003024449761142023,-2.683736838400364,0,0.0,0.0,0.0,,,14.91109924880173,0,0,,,,,72.6378214118975
102,1784914898.2208066,,69651.47124286964,,2347.904796324271,,0.2051267390226033,,0.5169634414509968,,0.5190076030412164,,0.1885625580020254,0.0,0.0,0.0,0.0,1022000,1382,8176,511,365.29132,0.006951314469915815,-0.019915097567718476,-2.6547872126102448,0,0.0,0.0,0.0,,,9.815432992258753,0,0,,,,,75.34611920434038
103,1784915032.3882875,,70905.87962771645,,2377.7464972484745,,0.20300938327707974,,0.5169634526129612,,0.5190076030412164,,0.18768342125020251,0.0,0.0,0.0,0.0,1032000,1382,8256,516,365.29132,0.006762634351616725,-0.011623598329606466,-2.7210089787840843,0,0.0,0.0,0.0,,,11.348839299663842,0,0,,,,,74.53370647415186
104,1784915167.2428265,,66481.7022859892,,2309.9356561276495,,0.19834012312394256,,0.5169634474577669,,0.5190076030412164,,0.18574471500311912,0.0,0.0,0.0,0.0,1042000,1383,8336,521,358.4246,0.008524692500941455,-0.019303844586829655,-2.707616366446018,0,0.0,0.0,0.0,,,14.438627716424516,0,0,,,,,74.15397575580805
105,1784915321.6195219,,64792.70956366406,,2295.444736044041,,0.19665232365012966,,0.516963447142026,,0.5190076030412164,,0.1850439303325167,0.0,0.0,0.0,0.0,1052000,1384,8416,526,358.51953,0.01209219015436247,-0.010728526754974155,-2.7469456419348717,0,0.0,0.0,0.0,,,11.20143000008862,0,0,1.0,610.0961,610.0961303710938,1.0,64.7766183917529
106,1784915457.2693465,,65870.85442356038,,2307.672227135488,,0.1975423317342831,,0.51696344594281,,0.5190076030412164,,0.1854134668626285,0.0,0.0,0.0,0.0,1062000,1387,8496,531,252.23445,0.018268130981596187,-0.023860697005147813,-2.726748511195183,0,0.0,0.0,0.0,,,15.815099098731178,0,0,,,,,73.7192253367964
107,1784915590.4323351,,70056.14942922747,,2367.0469415860175,,0.20110874392005848,,0.5169634591989442,,0.5190076030412164,,0.1868942655458523,0.0,0.0,0.0,0.0,1072000,1389,8576,536,246.83792,0.008614450474851765,-0.005816057466290658,-2.7266351506114006,0,0.0,0.0,0.0,,,12.535346702253664,0,0,,,,,75.09593765792437
108,1784915725.3557577,,70277.13913178856,,2384.8307745361662,,0.19653074848917795,,0.516963439704089,,0.5190076030412164,,0.1849934500986294,0.0,0.0,0.0,0.0,1082000,1391,8656,541,228.88358,0.028523320681415498,-0.015292004396542325,-2.704858623445034,0,0.0,0.0,0.0,,,13.327858838904328,0,0,,,,,74.11611502937292
109,1784915860.4632833,,65907.41286329717,,2313.2675486070066,,0.19649007659248494,,0.5169634467187093,,0.5190076030412164,,0.1849765642826624,0.0,0.0,0.0,0.0,1092000,1391,8736,546,228.88358,0.008979592428659089,-0.011269894006545655,-2.6997933983802795,0,0.0,0.0,0.0,,,16.46403485731858,0,0,,,,,74.01512162346305
110,1784916012.842813,,63071.65765011465,,2252.314605274216,,0.19983030338928867,,0.5169634492154678,,0.5190076030412164,,0.18636344726475265,0.0,0.0,0.0,0.0,1102000,1392,8816,551,203.90755,0.009809246912482195,-0.01998598753289116,-2.744116596877575,0,0.0,0.0,0.0,,,11.050097832294256,0,0,1.0,607.6955,607.6954956054688,1.0,65.62561540833522
111,1784916143.8666928,,66104.06685766764,,2307.403996092237,,0.19872063839144635,,0.5169634467553209,,0.5190076030412164,,0.1859027071161561,0.0,0.0,0.0,0.0,1112000,1394,8896,556,190.46992,0.007002961981925182,-0.012251497359102359,-2.7509838864207268,0,0.0,0.0,0.0,,,14.057968347951272,0,0,,,,,76.32196286388422
112,1784916276.7077677,,69568.2025868822,,2360.4469111751896,,0.20044791195893788,,0.5169634463894435,,0.5190076030412164,,0.18661988153422882,0.0,0.0,0.0,0.0,1122000,1396,8976,561,237.20625,0.016821311233798042,-0.016814115395391127,-2.749401167035103,0,0.0,0.0,0.0,,,17.27473194853855,0,0,,,,,75.27792131116874
113,1784916410.3093505,,62852.65125671352,,2237.2771236585427,,0.20264915212903375,,0.516963444851392,,0.5190076030412164,,0.1875338495341381,0.0,0.0,0.0,0.0,1132000,1401,9056,566,250.94482,0.006373528754920699,-0.014233846297429409,-2.7381510138511658,0,0.0,0.0,0.0,,,14.412263116746487,0,0,,,,,74.84941525816414
114,1784916545.5435705,,66922.67741325154,,2313.0983305362643,,0.2023100711088077,,0.5169634436052818,,0.5190076030412164,,0.18739306078288065,0.0,0.0,0.0,0.0,1142000,1405,9136,571,205.7185,0.00879839388653636,-0.03804922215931583,-2.7101321443915367,0,0.0,0.0,0.0,,,9.974784294431341,0,0,,,,,73.94579636774827
115,1784916703.665812,,67811.14945268515,,2329.634765690483,,0.20067688534058192,,0.5169634363098546,,0.5190076030412164,,0.18671495065908494,0.0,0.0,0.0,0.0,1152000,1410,9216,576,145.32378,0.006311337318038568,-0.02401030753236455,-2.7480020225048065,0,0.0,0.0,0.0,,,11.044682468572413,0,0,1.0,596.16,596.1599731445312,1.0,63.24219712322959
116,1784916840.90939,,65855.12496869547,,2289.639037871074,,0.20256887747395316,,0.5169634428798506,,0.5190076030412164,,0.18750051861477512,0.0,0.0,0.0,0.0,1162000,1417,9296,581,166.3128,0.02399573044385761,-0.02514168327616062,-2.777688816189766,0,0.0,0.0,0.0,,,18.782314128045254,0,0,,,,,72.86315386580692
117,1784916978.0722783,,65438.64975533061,,2278.7249400281967,,0.2030810136824753,,0.5169634402730914,,0.5190076030412164,,0.18771316016223588,0.0,0.0,0.0,0.0,1172000,1426,9376,586,124.31228,0.02132448781048879,-0.021463568715262227,-2.7321642115712166,0,0.0,0.0,0.0,,,8.183111061430402,0,0,,,,,72.90601791618575
118,1784917114.9500985,,68223.90193979192,,2334.827345100275,,0.2007490408240686,,0.5169634581820004,,0.5190076030412164,,0.18674491442913865,0.0,0.0,0.0,0.0,1182000,1434,9456,591,217.21025,0.022544387757079676,-0.02364800692157587,-2.7225476503372192,0,0.0,0.0,0.0,,,14.735397151974054,0,0,,,,,73.05785500164944
119,1784917251.7669644,,60901.985027854185,,2196.3867470417945,,0.20464526004425462,,0.5169634389956581,,0.5190076030412164,,0.18836264451058363,0.0,0.0,0.0,0.0,1192000,1440,9536,596,263.89624,0.017540180662763305,-0.01514224792845198,-2.742090657353401,0,0.0,0.0,0.0,,,9.132488401381387,0,0,,,,,73.09040396945484
120,1784917407.6610084,,62103.01534648174,,2220.963512864233,,0.20501606687790153,,0.5169634456507844,,0.5190076030412164,,0.18851660709434687,0.0,0.0,0.0,0.0,1202000,1448,9616,601,242.11028,0.04457555554108694,-0.0055537252919748425,-2.740256607532501,0,0.0,0.0,0.0,,,12.657776255283338,0,0,1.0,562.22015,562.2201538085938,1.0,64.14614148854385
121,1784917546.8074958,,61011.77049220796,,2221.2073932771764,,0.19936109773254743,,0.5169634439026212,,0.5190076030412164,,0.18616862915959234,0.0,0.0,0.0,0.0,1212000,1463,9696,606,91.17964,0.03810532978968695,-0.013160632763174362,-2.7637233659625053,0,0.0,0.0,0.0,,,10.371903202997332,0,0,,,,,71.86671441079
122,1784917683.918,,61441.02208330557,,2218.352517308264,,0.20061431622603967,,0.5169634478533127,,0.5190076030412164,,0.18668897389084615,0.0,0.0,0.0,0.0,1222000,1478,9776,611,95.795494,0.023937398771522567,-0.01943952114379499,-2.6984699591994286,0,0.0,0.0,0.0,,,10.450119587372074,0,0,,,,,72.93385412266694
123,1784917819.399292,,65576.77245974189,,2297.3550309796747,,0.19876114403950612,,0.516963448155518,,0.5190076030412164,,0.18591952558764283,0.0,0.0,0.0,0.0,1232000,1487,9856,616,209.17276,0.016969361255178228,-0.015960147080477327,-2.710637614130974,0,0.0,0.0,0.0,,,9.464420594478202,0,0,,,,,73.81093984989676
124,1784917956.0255709,,63242.42644850591,,2241.8112826535316,,0.20260954343653317,,0.5169634495196569,,0.5190076030412164,,0.18751740469774764,0.0,0.0,0.0,0.0,1242000,1494,9936,621,267.75186,0.013867982605006546,-0.015499529672979406,-2.7632885724306107,0,0.0,0.0,0.0,,,6.9643830521419465,0,0,,,,,73.19235538187651
125,1784918114.2969396,,66818.3855897353,,2305.3716408944783,,0.2032350498035262,,0.5169634564921433,,0.5190076030412164,,0.187777120140421,0.0,0.0,0.0,0.0,1252000,1507,10016,626,95.65074,0.029424834152450785,-0.01936306687639444,-2.6986318826675415,0,0.0,0.0,0.0,,,10.928267025438263,0,0,1.0,630.5002,630.5001831054688,1.0,63.182621615879285
126,1784918251.7411969,,61146.03503421821,,2217.393266229561,,0.19848395952172035,,0.5169634484789258,,0.5190076030412164,,0.18580443695458349,0.0,0.0,0.0,0.0,1262000,1518,10096,631,110.60374,0.03871008224086836,-0.01725380101834162,-2.7279639691114426,0,0.0,0.0,0.0,,,7.592060047486962,0,0,,,,,72.75676367288472
127,1784918391.4300067,,61663.67522645113,,2217.572337685909,,0.20133081868248942,,0.5169634531655516,,0.5190076030412164,,0.18698647113129002,0.0,0.0,0.0,0.0,1272000,1538,10176,636,41.797375,0.03944578894879669,-0.020702562545920955,-2.80205912142992,0,0.0,0.0,0.0,,,7.124303180823498,0,0,,,,,71.58770982501407
128,1784918530.8907719,,61509.433490437135,,2233.390247138315,,0.19655837310766047,,0.5169634457430646,,0.5190076030412164,,0.18500492121604334,0.0,0.0,0.0,0.0,1282000,1559,10256,641,100.88087,0.020735726895509288,-0.02129044335379149,-2.768783323466778,0,0.0,0.0,0.0,,,7.101948863869511,0,0,,,,,71.70474561464603
129,1784918666.7291048,,64928.93799812325,,2273.988727766211,,0.20320501873099134,,0.5169634493759784,,0.5190076030412164,,0.18776464963320955,0.0,0.0,0.0,0.0,1292000,1570,10336,646,122.84249,0.02086569639504887,-0.02474819878989365,-2.7258098050951958,0,0.0,0.0,0.0,,,11.095126581821958,0,0,,,,,73.61691735090703
130,1784918824.0174782,,63438.19259257788,,2243.148459027951,,0.20330444950138574,,0.5169634478954529,,0.5190076030412164,,0.1878059335977532,0.0,0.0,0.0,0.0,1302000,1584,10416,651,115.229355,0.04223729140358046,-0.01060876850715431,-2.814836733043194,0,0.0,0.0,0.0,,,9.339401004578551,0,0,1.0,473.00888,473.0088806152344,1.0,63.57750325290577
131,1784918959.6870463,,65341.90504265402,,2279.892729711456,,0.20124490834325018,,0.5169634494060853,,0.5190076030412164,,0.18695079988400076,0.0,0.0,0.0,0.0,1312000,1587,10496,656,187.20216,0.018584276316687465,-0.02270793695061002,-2.8191283494234085,0,0.0,0.0,0.0,,,7.757510765175686,0,0,,,,,73.7084853402063
132,1784919094.9471738,,63591.59539123388,,2252.978682875162,,0.2020633572427569,,0.5169634462488047,,0.5190076030412164,,0.18729062421378043,0.0,0.0,0.0,0.0,1322000,1591,10576,661,224.25632,0.007877561336499639,-0.014177171178744175,-2.8789802193641663,0,0.0,0.0,0.0,,,15.168858551800557,0,0,,,,,73.93161146717797
133,1784919234.5707858,,57480.91047956109,,2152.4630820033535,,0.19859998447357372,,0.5169634504018753,,0.5190076030412164,,0.1858526116048969,0.0,0.0,0.0,0.0,1332000,1605,10656,666,153.8592,0.05587012442993,-0.016601452913391768,-2.934498243033886,0,0.0,0.0,0.0,,,20.31531791732511,0,0,,,,,71.62112488369712
134,1784919371.7252526,,58126.54656894093,,2149.9828648944695,,0.20396722888861996,,0.5169634497818356,,0.5190076030412164,,0.18808112400792057,0.0,0.0,0.0,0.0,1342000,1616,10736,671,166.20782,0.05495326267555356,-0.018621017447003396,-2.8814237266778946,0,0.0,0.0,0.0,,,15.27531717339459,0,0,,,,,72.9104945608215
135,1784919529.7700202,,60443.355601936535,,2190.5037354776623,,0.20208777222368096,,0.5169634371932479,,0.5190076030412164,,0.18730075965125118,0.0,0.0,0.0,0.0,1352000,1638,10816,676,75.73036,0.04598834889475256,-0.016874189238023973,-2.8234111294150352,0,0.0,0.0,0.0,,,12.664131651055328,0,0,1.0,597.42706,597.4270629882812,1.0,63.27321311547717
136,1784919670.5542772,,64878.15584144151,,2291.554400555893,,0.1973028337663154,,0.5169634478797049,,0.5190076030412164,,0.185314026236977,0.0,0.0,0.0,0.0,1362000,1658,10896,681,77.05092,0.031967136659659445,-0.02310644357567071,-2.7906785681843758,0,0.0,0.0,0.0,,,6.663418390945746,0,0,,,,,71.0306664293515
137,1784919808.1258724,,65444.33919592641,,2281.296724520901,,0.20245591901244123,,0.516963452729431,,0.5190076030412164,,0.18745361954440926,0.0,0.0,0.0,0.0,1372000,1677,10976,686,88.54368,0.05478101340122521,-0.026971647683240008,-2.806556597352028,0,0.0,0.0,0.0,,,8.971567521457587,0,0,,,,,72.68943119249433
138,1784919948.6666458,,63361.90727511779,,2256.8587334863914,,0.19988946723872242,,0.5169634529478547,,0.5190076030412164,,0.18638801320137502,0.0,0.0,0.0,0.0,1382000,1702,11056,691,2.7435374,0.05636516958475113,-0.022724926508089993,-2.8237516954541206,0,0.0,0.0,0.0,,,6.415703108943578,0,0,,,,,71.15372171911106
139,1784920086.6960542,,61204.81860761979,,2216.5048312306294,,0.19966652299445736,,0.5169634396992026,,0.5190076030412164,,0.18629544274538234,0.0,0.0,0.0,0.0,1392000,1724,11136,696,55.110455,0.06662254978436977,-0.023605256488735904,-2.8532754853367805,0,0.0,0.0,0.0,,,7.592977529601054,0,0,,,,,72.44832924732016
140,1784920243.8125563,,61716.537771243005,,2226.856656279347,,0.1984590358581305,,0.5169634441054229,,0.5190076030412164,,0.1857940876231639,0.0,0.0,0.0,0.0,1402000,1748,11216,701,18.781918,0.05732443986926228,-0.018017753332969733,-2.778949908912182,0,0.0,0.0,0.0,,,7.101273295655745,0,0,1.0,415.45767,415.4576721191406,1.0,63.64703915683791
141,1784920382.931293,,59088.448898251845,,2158.314299163077,,0.20477146159885484,,0.516963438590957,,0.5190076030412164,,0.1884150440827259,0.0,0.0,0.0,0.0,1412000,1765,11296,706,65.1123,0.057630463037639856,-0.006520699804241303,-2.7944120317697525,0,0.0,0.0,0.0,,,8.171783785985431,0,0,,,,,71.88104229316924
142,1784920519.6777487,,61867.445862436405,,2223.168605233793,,0.2015504648492174,,0.5169634520213876,,0.5190076030412164,,0.18707766932686573,0.0,0.0,0.0,0.0,1422000,1781,11376,711,92.87993,0.02093422447796911,-0.023635257293790346,-2.8261773213744164,0,0.0,0.0,0.0,,,9.401287055203007,0,0,,,,,73.12803726133723
143,1784920656.580773,,60331.54353151037,,2198.7005082218807,,0.20067627743859834,,0.5169634458655079,,0.5190076030412164,,0.18671470016561448,0.0,0.0,0.0,0.0,1432000,1799,11456,716,76.57115,0.040741587174125016,-0.02538155245838425,-2.768244318664074,0,0.0,0.0,0.0,,,9.370098945499155,0,0,,,,,73.04440518015075
144,1784920795.8053904,,62458.17433880424,,2235.550670780463,,0.20100682482360335,,0.5169634417705938,,0.5190076030412164,,0.18685194463141802,0.0,0.0,0.0,0.0,1442000,1815,11536,721,65.15364,0.025211747619323432,-0.014567674676072784,-2.7871143147349358,0,0.0,0.0,0.0,,,9.242717642005044,0,0,,,,,71.82637845957908
145,1784920951.8141677,,64103.79750546836,,2260.449818895247,,0.20038150058760731,,0.5169634449218381,,0.5190076030412164,,0.18659230683538858,0.0,0.0,0.0,0.0,1452000,1831,11616,726,100.13638,0.03140551259275526,-0.021402151236543432,-2.813881166279316,0,0.0,0.0,0.0,,,8.0943978923923,0,0,1.0,482.94336,482.943359375,1.0,64.09895947496919
146,1784921087.123429,,64606.40846345617,,2275.260814669094,,0.20090509091775682,,0.5169634478831728,,0.5190076030412164,,0.18680970531743665,0.0,0.0,0.0,0.0,1462000,1840,11696,731,192.97937,0.030950015294365585,-0.020574770554958377,-2.844082400202751,0,0.0,0.0,0.0,,,12.648595647348436,0,0,,,,,73.90476855328797
147,1784921222.805959,,61706.99195143442,,2221.99927334288,,0.19992625256574476,,0.5169634517577284,,0.5190076030412164,,0.1864032864548737,0.0,0.0,0.0,0.0,1472000,1849,11776,736,143.13177,0.023241306975251064,-0.029307008095202036,-2.8059598058462143,0,0.0,0.0,0.0,,,7.048706104653036,0,0,,,,,73.70145703569726
148,1784921358.234191,,65298.53912940457,,2293.593889511281,,0.19775022576322462,,0.5169634510231758,,0.5190076030412164,,0.18549978674401965,0.0,0.0,0.0,0.0,1482000,1852,11856,741,195.10959,0.0366229074425064,-0.016459649777971208,-2.881307043135166,0,0.0,0.0,0.0,,,14.11228715172142,0,0,,,,,73.8398470638543
149,1784921492.0690234,,65108.473962349424,,2305.7714511050335,,0.19577000753160645,,0.5169634430204391,,0.5190076030412164,,0.1846775864891598,0.0,0.0,0.0,0.0,1492000,1853,11936,746,235.4689,0.012157386838225648,-0.018518960816436447,-2.871242269873619,0,0.0,0.0,0.0,,,12.66097598422974,0,0,,,,,74.71896283777325
150,1784921645.2398489,,64663.802278018586,,2279.130781170259,,0.2019705565463808,,0.516963446236743,,0.5190076030412164,,0.18725209279777869,0.0,0.0,0.0,0.0,1502000,1856,12016,751,285.28647,0.008807282050838694,-0.0037895554125952913,-2.866275168955326,0,0.0,0.0,0.0,,,16.542841017370808,0,0,1.0,630.23346,630.2334594726562,1.0,65.2865853795751
151,1784921778.584712,,64458.9083556664,,2270.2246428296853,,0.20181922968538002,,0.5169634412960581,,0.5190076030412164,,0.18718925997651864,0.0,0.0,0.0,0.0,1512000,1859,12096,756,281.93582,0.015477547276532277,-0.02126919265720062,-2.898135557770729,0,0.0,0.0,0.0,,,9.83977834314187,0,0,,,,,74.99351553606311
152,1784921911.3726223,,63132.103506256346,,2252.3462819114334,,0.20032220822847424,,0.5169634444593155,,0.5190076030412164,,0.18656768819473019,0.0,0.0,0.0,0.0,1522000,1860,12176,761,283.56604,0.020822151011088863,-0.022229444216009142,-2.8670658841729164,0,0.0,0.0,0.0,,,8.081954809027213,0,0,,,,,75.30805878660014
153,1784922046.1400073,,60637.015393225265,,2199.7485555323037,,0.2032615765855871,,0.5169634380765104,,0.5190076030412164,,0.18778813053855348,0.0,0.0,0.0,0.0,1532000,1867,12256,766,158.34561,0.050051579251885414,0.000820212640974205,-2.9462778121232986,0,0.0,0.0,0.0,,,16.850654360323084,0,0,,,,,74.20193013757024
154,1784922180.96864,,63596.97384514711,,2279.6265262269735,,0.19438315086028884,,0.5169634456602695,,0.5190076030412164,,0.18410175569173207,0.0,0.0,0.0,0.0,1542000,1875,12336,771,191.24364,0.018345965014304966,-0.024069803690508706,-2.940857321023941,0,0.0,0.0,0.0,,,9.750288318137757,0,0,,,,,74.16822320453169
155,1784922334.9027598,,64893.659085208594,,2280.8803748132414,,0.2001526116798097,,0.5169634416638925,,0.5190076030412164,,0.1864972701170805,0.0,0.0,0.0,0.0,1552000,1884,12416,776,174.59546,0.027170496177859604,-0.018155025525629753,-2.933904819190502,0,0.0,0.0,0.0,,,8.04881526062334,0,0,1.0,584.3577,584.3577270507812,1.0,64.96285617527778
156,1784922469.0648575,,61640.976637462096,,2220.7978710671146,,0.20015764793680263,,0.5169634479854823,,0.5190076030412164,,0.18649936246593454,0.0,0.0,0.0,0.0,1562000,1893,12496,781,152.40433,0.03375758486799896,-0.014009209224241204,-2.929337128996849,0,0.0,0.0,0.0,,,8.650647931909822,0,0,,,,,74.53669749283591
157,1784922601.657072,,64570.37165152987,,2298.5143858412366,,0.19443513872378518,,0.51696344652692,,0.5190076030412164,,0.1841233415421985,0.0,0.0,0.0,0.0,1572000,1896,12576,786,200.03563,0.014750677466508932,-0.030834571945888456,-2.9211984649300575,0,0.0,0.0,0.0,,,13.453993322513254,0,0,,,,,75.41920988584239
158,1784922737.4557745,,63912.71048320309,,2261.042518069562,,0.20090042437586608,,0.5169634521333791,,0.5190076030412164,,0.18680776859090098,0.0,0.0,0.0,0.0,1582000,1901,12656,791,208.8789,0.019314509961986914,-0.013974692483316176,-2.9773759692907333,0,0.0,0.0,0.0,,,13.159243070288094,0,0,,,,,73.63840680732724
159,1784922870.5032978,,61396.11722183469,,2217.893081559136,,0.20089385328561607,,0.5169634492422941,,0.5190076030412164,,0.18680503965604398,0.0,0.0,0.0,0.0,1592000,1904,12736,796,174.74594,0.021309433301212266,-0.029487216772395186,-2.9412619695067406,0,0.0,0.0,0.0,,,9.66039732240201,0,0,,,,,75.16111284735513
160,1784923022.6852038,,61919.401771150515,,2215.8065649729347,,0.20177826643723626,,0.5169634589970872,,0.5190076030412164,,0.18717225532693904,0.0,0.0,0.0,0.0,1602000,1907,12816,801,156.6614,0.025424221268622205,-0.02587282663625956,-2.9096850976347923,0,0.0,0.0,0.0,,,9.055873789139127,0,0,1.0,658.83905,658.8390502929688,1.0,65.71083484093778
161,1784923155.6397486,,62595.99196378341,,2221.912412445374,,0.2060062696463845,,0.5169634576563038,,0.5190076030412164,,0.1889277477077668,0.0,0.0,0.0,0.0,1612000,1908,12896,806,132.24533,0.010263074611430056,-0.03393097803746059,-2.9214012771844864,0,0.0,0.0,0.0,,,11.344242890333195,0,0,,,,,75.21367514157048
162,1784923286.8760962,,63913.73807593237,,2258.5654813252427,,0.20057655569615981,,0.5169634457483838,,0.5190076030412164,,0.18667329506817834,0.0,0.0,0.0,0.0,1622000,1908,12976,811,132.24533,0.010001930277212523,-0.03757727339689154,-2.94388660043478,0,0.0,0.0,0.0,,,8.157621217016446,0,0,,,,,76.1984013130331
163,1784923418.4675026,,65523.96621160978,,2278.66367883034,,0.20323405956899857,,0.5169634379415166,,0.5190076030412164,,0.18777670527889678,0.0,0.0,0.0,0.0,1632000,1908,13056,816,132.24533,0.008227422440540977,-0.032533224497456104,-2.9488484114408493,0,0.0,0.0,0.0,,,9.685641401017774,0,0,,,,,75.992805625014
164,1784923552.097227,,62435.50105856768,,2235.6982937974926,,0.20075908678840826,,0.5169634424725701,,0.5190076030412164,,0.18674908243275035,0.0,0.0,0.0,0.0,1642000,1908,13136,821,132.24533,0.011956827860558406,-0.03229793705395423,-2.9589466899633408,0,0.0,0.0,0.0,,,14.358078173575334,0,0,,,,,74.83365019617277
165,1784923703.331478,,62929.23837682154,,2237.8213323235386,,0.20439700644658573,,0.5169634461115367,,0.5190076030412164,,0.18825956953002143,0.0,0.0,0.0,0.0,1652000,1908,13216,826,132.24533,0.011476642786874436,-0.0225398321490502,-2.9666141495108604,0,0.0,0.0,0.0,,,9.39696261573991,0,0,1.0,629.63336,629.6333618164062,1.0,66.1225929715791
166,1784923833.9238825,,60759.16705218689,,2202.4814118623694,,0.20205327329847947,,0.5169634550410245,,0.5190076030412164,,0.18728643905722542,0.0,0.0,0.0,0.0,1662000,1909,13296,831,149.36398,0.015132730331970379,-0.022881266128024436,-2.984795719385147,0,0.0,0.0,0.0,,,10.73474031119894,0,0,,,,,76.5741235498728
167,1784923966.1873755,,66224.56638800522,,2289.3128705145295,,0.20408687343801832,,0.5169634492306748,,0.5190076030412164,,0.18813080104232857,0.0,0.0,0.0,0.0,1672000,1911,13376,836,183.40788,0.010603283386444673,-0.019397060123083065,-2.963521458208561,0,0.0,0.0,0.0,,,14.265160122914128,0,0,,,,,75.6066533063172
168,1784924098.4479873,,64117.88364289733,,2262.133341106181,,0.20055368301708587,,0.5169634483114417,,0.5190076030412164,,0.1866637987053169,0.0,0.0,0.0,0.0,1682000,1911,13456,841,183.40788,0.008126335742417723,-0.017376593452354427,-2.971601091325283,0,0.0,0.0,0.0,,,13.412746128240556,0,0,,,,,75.60829974591447
169,1784924231.7758074,,66983.63594025557,,2321.500466676017,,0.19992090372490387,,0.5169634457158021,,0.5190076030412164,,0.18640106437523737,0.0,0.0,0.0,0.0,1692000,1912,13536,846,160.10214,0.011251723582972772,-0.02255021227756515,-2.9779565185308456,0,0.0,0.0,0.0,,,12.857105174383747,0,0,,,,,75.00310081626091
170,1784924382.8183012,,64744.48833400103,,2288.4144924610905,,0.19737980109118997,,0.5169634596260164,,0.5190076030412164,,0.18534598588767576,0.0,0.0,0.0,0.0,1702000,1916,13616,851,226.34343,0.040266756201162934,-0.015180695722392556,-2.988165430724621,0,0.0,0.0,0.0,,,16.691417734145556,0,0,1.0,686.3111,686.3110961914062,1.0,66.20653361587065
171,1784924516.329093,,64517.1964043755,,2271.1398844112086,,0.20153123003677703,,0.5169634383782031,,0.5190076030412164,,0.18706968018710915,0.0,0.0,0.0,0.0,1712000,1921,13696,856,232.3538,0.028538249054690823,-0.008480889475322329,-2.9895806461572647,0,0.0,0.0,0.0,,,16.11672489195655,0,0,,,,,74.90031248873764
172,1784924649.8609347,,60864.49305597352,,2210.440064030607,,0.2002655395813307,,0.5169634488132292,,0.5190076030412164,,0.18654415989853568,0.0,0.0,0.0,0.0,1722000,1926,13776,861,264.01068,0.024624776531709358,-0.020391171281517018,-3.037365920841694,0,0.0,0.0,0.0,,,10.722374766650912,0,0,,,,,74.88850538266874
173,1784924784.037007,,60300.732898632654,,2183.0324980335968,,0.20490540191535017,,0.5169634459458542,,0.5190076030412164,,0.18847065838779728,0.0,0.0,0.0,0.0,1732000,1933,13856,866,255.55884,0.028524499124614522,-0.019408707677939674,-3.014539897441864,0,0.0,0.0,0.0,,,19.73142601674251,0,0,,,,,74.52893627509803
174,1784924917.3340282,,67799.16572137861,,2333.834583583728,,0.1993560650577173,,0.5169634429320864,,0.5190076030412164,,0.186166539368285,0.0,0.0,0.0,0.0,1742000,1938,13936,871,328.54102,0.028222278488101438,-0.014803581345404382,-3.0156690552830696,0,0.0,0.0,0.0,,,16.04915879036757,0,0,,,,,75.02043163957093
175,1784925068.1321719,,61951.24669474847,,2214.092466020227,,0.20530716207153138,,0.516963443245312,,0.5190076030412164,,0.18863747110821444,0.0,0.0,0.0,0.0,1752000,1948,14016,876,259.64362,0.018299936084076762,-0.016267957749050765,-3.03293377161026,0,0.0,0.0,0.0,,,10.467779544954016,0,0,1.0,638.83496,638.8349609375,1.0,66.3138147949721
176,1784925202.5125637,,65450.222019642926,,2288.9925835788777,,0.20011707960181632,,0.516963445833238,,0.5190076030412164,,0.1864825178160452,0.0,0.0,0.0,0.0,1762000,1957,14096,881,200.1348,0.015078768774401397,-0.0010074815072584897,-3.061941295862198,0,0.0,0.0,0.0,,,11.336755989172758,0,0,,,,,74.4156219218533
177,1784925336.1144798,,63292.52306412344,,2243.352241326318,,0.20220734317582356,,0.5169634427393688,,0.5190076030412164,,0.18735040734708727,0.0,0.0,0.0,0.0,1772000,1965,14176,886,265.17184,0.012254162444151007,-0.02435842478007544,-3.009386472404003,0,0.0,0.0,0.0,,,8.955050647709903,0,0,,,,,74.84922780620548
178,1784925468.2780125,,68583.75850788239,,2339.1990369486975,,0.2011330502022141,,0.5169634452646598,,0.5190076030412164,,0.1869043548751878,0.0,0.0,0.0,0.0,1782000,1969,14256,891,205.86337,0.011021487734979019,-0.009246777452062815,-2.987393669784069,0,0.0,0.0,0.0,,,9.819648701043665,0,0,,,,,75.66383047103702
179,1784925602.1339114,,67521.96837904921,,2316.180870115222,,0.20301959012396426,,0.5169634418103907,,0.5190076030412164,,0.18768765703459728,0.0,0.0,0.0,0.0,1792000,1979,14336,896,130.54404,0.006334849429549649,-0.0026202330467697266,-2.970241278409958,0,0.0,0.0,0.0,,,12.348879395802728,0,0,,,,,74.70720653076962
180,1784925753.608204,,65943.13761090938,,2296.717894993166,,0.20121585569418704,,0.516963444238388,,0.5190076030412164,,0.18693873601385946,0.0,0.0,0.0,0.0,1802000,1984,14416,901,128.10843,0.007465440328815021,-0.027598722212132998,-2.983214780688286,0,0.0,0.0,0.0,,,11.833899835554265,0,0,1.0,664.9067,664.9066772460938,1.0,66.01780202603301
181,1784925886.5699563,,63419.23476160808,,2255.121105198059,,0.19993180002088076,,0.5169634488630308,,0.5190076030412164,,0.18640558921304867,0.0,0.0,0.0,0.0,1812000,1992,14496,906,293.7527,0.012991310402867384,-0.016639937399304472,-2.9420911073684692,0,0.0,0.0,0.0,,,6.714247985186487,0,0,,,,,75.20959679327353
182,1784926019.4440126,,60443.272912215805,,2190.5250727322846,,0.20356594509230427,,0.5169634418828347,,0.5190076030412164,,0.1879145069551084,0.0,0.0,0.0,0.0,1822000,1993,14576,911,299.8096,0.01114986470201984,-0.03449991061643232,-2.94906747341156,0,0.0,0.0,0.0,,,9.43693958013999,0,0,,,,,75.25923700787352
183,1784926149.5474865,,62969.2554909178,,2252.650859537708,,0.2001744210946642,,0.5169634434218058,,0.5190076030412164,,0.186506325870365,0.0,0.0,0.0,0.0,1832000,1995,14656,916,261.21066,0.008422924220212735,-0.020638572329517046,-3.0157945454120636,0,0.0,0.0,0.0,,,9.242446503037883,0,0,,,,,76.86190762851459
184,1784926284.9972658,,61246.25266030565,,2202.294778564929,,0.20434429167970475,,0.5169634493249706,,0.5190076030412164,,0.18823768268086516,0.0,0.0,0.0,0.0,1842000,2004,14736,921,142.75703,0.009297709912061691,-0.02606903547712136,-3.01477063447237,0,0.0,0.0,0.0,,,10.686606542648454,0,0,,,,,73.82809053850804
185,1784926435.7246006,,63447.49397810125,,2237.374292987751,,0.20534142953767834,,0.5169634420759834,,0.5190076030412164,,0.1886516989347226,0.0,0.0,0.0,0.0,1852000,2008,14816,926,157.8461,0.02602432874846272,-0.016323575873684604,-3.031521201133728,0,0.0,0.0,0.0,,,9.76487861246379,0,0,1.0,623.09863,623.0986328125,1.0,66.34496915441994
186,1784926567.3008802,,62638.46066400606,,2253.3235030525384,,0.19687236773222197,,0.51696344113749,,0.5190076030412164,,0.18513529277289764,0.0,0.0,0.0,0.0,1862000,2012,14896,931,170.32373,0.028448071388993412,-0.014744182964932406,-3.018458679318428,0,0.0,0.0,0.0,,,8.99283353435045,0,0,,,,,76.00153923606038
187,1784926699.8881488,,61006.523832408675,,2208.11400071979,,0.20162532183525114,,0.5169634381251934,,0.5190076030412164,,0.1871087476235407,0.0,0.0,0.0,0.0,1872000,2012,14976,936,170.32373,0.01704796520061791,-0.01640826841321541,-3.053428716957569,0,0.0,0.0,0.0,,,20.213236419003156,0,0,,,,,75.42202334826008
188,1784926832.1227052,,60518.457169643996,,2196.7150455250476,,0.2026269594005678,,0.516963447543299,,0.5190076030412164,,0.1875246355166747,0.0,0.0,0.0,0.0,1882000,2014,15056,941,192.31476,0.01351273903856054,-0.01844741291097307,-3.051591068506241,0,0.0,0.0,0.0,,,7.808110849051527,0,0,,,,,75.62319721296635
189,1784926964.6441493,,65021.641928600315,,2274.3672090890764,,0.2021111326798619,,0.5169634454061951,,0.5190076030412164,,0.18731046069733534,0.0,0.0,0.0,0.0,1892000,2019,15136,946,167.71516,0.03441936749732122,-0.02452226751120179,-3.0941605791449547,0,0.0,0.0,0.0,,,10.757968081599175,0,0,,,,,75.45948630691662
190,1784927115.7484813,,57681.615533484975,,2145.5092842587756,,0.20181661122171654,,0.516963438319491,,0.5190076030412164,,0.18718817217916556,0.0,0.0,0.0,0.0,1902000,2027,15216,951,113.22719,0.04437883151695132,-0.029766559528070502,-3.160725384950638,0,0.0,0.0,0.0,,,10.436469331784071,0,0,1.0,658.30536,658.3053588867188,1.0,66.17944764825116
191,1784927248.9153447,,58985.858277566535,,2159.4139240176987,,0.20540315077520946,,0.5169634568510516,,0.5190076030412164,,0.18867732892297437,0.0,0.0,0.0,0.0,1912000,2041,15296,956,57.558388,0.05918988131452352,-0.016983647852612194,-3.2007761374115944,0,0.0,0.0,0.0,,,14.168975794859861,0,0,,,,,75.09374340111243
192,1784927384.2159445,,66227.03244828209,,2300.698851457426,,0.201142426688545,,0.5169634493612041,,0.5190076030412164,,0.18690824886865312,0.0,0.0,0.0,0.0,1922000,2061,15376,961,42.178055,0.05547693034168333,-0.019488224229462503,-3.144639700651169,0,0.0,0.0,0.0,,,15.297723165780315,0,0,,,,,73.90950450512128
193,1784927518.4837039,,62390.85190358624,,2239.0364119187097,,0.1989608587430727,,0.5169634501189245,,0.5190076030412164,,0.18600244873999625,0.0,0.0,0.0,0.0,1932000,2075,15456,966,98.0408,0.025853650528006256,-0.026854568963244674,-3.163962058722973,0,0.0,0.0,0.0,,,11.250783616559744,0,0,,,,,74.4780423207737
194,1784927651.7101045,,62481.654667949304,,2228.171208892023,,0.20245871424143042,,0.5169634477198604,,0.5190076030412164,,0.18745477913857325,0.0,0.0,0.0,0.0,1942000,2086,15536,971,109.009094,0.06591430923435837,-0.02102790572826052,-3.1445644199848175,0,0.0,0.0,0.0,,,19.68913750436105,0,0,,,,,75.06019844240987
195,1784927802.680407,,65587.95683354262,,2287.331329419026,,0.20174134352252682,,0.5169634423585168,,0.5190076030412164,,0.1871569213804564,0.0,0.0,0.0,0.0,1952000,2094,15616,976,185.69237,0.028564364940393716,-0.02388749783858657,-3.1883340179920197,0,0.0,0.0,0.0,,,9.308817416530337,0,0,1.0,652.5713,652.5712890625,1.0,66.23819412657629
196,1784927938.0190272,,56254.784146741666,,2124.5149230289057,,0.20119609480781686,,0.5169634488199404,,0.5190076030412164,,0.18693053208995475,0.0,0.0,0.0,0.0,1962000,2103,15696,981,209.48328,0.025296881911344826,-0.006490862881037174,-3.2082193791866302,0,0.0,0.0,0.0,,,16.882358244265443,0,0,,,,,73.88873781949441
197,1784928071.295897,,61480.90382772623,,2222.0452637013173,,0.19883921996835732,,0.516963446419677,,0.5190076030412164,,0.18595194284102526,0.0,0.0,0.0,0.0,1972000,2112,15776,986,193.50005,0.0244494472281076,-0.0073463083572278265,-3.135755829513073,0,0.0,0.0,0.0,,,7.574055671201625,0,0,,,,,75.03177325689785
198,1784928206.1160867,,64277.09844500557,,2259.0597352089253,,0.20297062915458855,,0.5169634496788656,,0.5190076030412164,,0.18766732971600567,0.0,0.0,0.0,0.0,1982000,2126,15856,991,109.90459,0.028164061717689037,-0.025703375875309575,-3.1446711868047714,0,0.0,0.0,0.0,,,8.113919849097622,0,0,,,,,74.1728596923655
199,1784928339.9899778,,64347.211803498336,,2271.217861459974,,0.1994578463407733,,0.5169634517615259,,0.5190076030412164,,0.18620880134197562,0.0,0.0,0.0,0.0,1992000,2136,15936,996,129.85886,0.007378447218798101,-0.030238329658459406,-3.1225703954696655,0,0.0,0.0,0.0,,,10.83618846895365,0,0,,,,,74.6971723895264
200,1784928492.673416,,61680.242364754864,,2225.155302638211,,0.19916569368528703,,0.516963444877297,,0.5190076030412164,,0.18608749640557298,0.0,0.0,0.0,0.0,2002000,2142,16016,1001,282.64536,0.014073908765567467,-0.022023960835213074,-3.1360963359475136,0,0.0,0.0,0.0,,,9.558188960445548,0,0,1.0,493.2074,493.2073974609375,1.0,65.49498822394429
201,1784928626.0825298,,63530.07024853992,,2260.9306685689608,,0.1984290348408155,,0.5169634437901349,,0.5190076030412164,,0.18578163095523798,0.0,0.0,0.0,0.0,2012000,2147,16096,1006,336.89288,0.023009350392385386,-0.023725879331323085,-3.101215682923794,0,0.0,0.0,0.0,,,13.910562275171763,0,0,,,,,74.95739704496667
202,1784928757.711048,,60248.51562845032,,2197.2006746872366,,0.2011934358082342,,0.516963458723371,,0.5190076030412164,,0.18692943003784102,0.0,0.0,0.0,0.0,2022000,2149,16176,1011,328.22614,0.00955404459091369,-0.039630738267078414,-3.1104476898908615,0,0.0,0.0,0.0,,,7.71071378130098,0,0,,,,,75.97138000831116
203,1784928894.426457,,63063.47446365646,,2225.835623310816,,0.20755966016832975,,0.516963444359403,,0.5190076030412164,,0.18957272224149202,0.0,0.0,0.0,0.0,2032000,2153,16256,1016,221.21585,0.02261572697898373,-0.02341852555036894,-3.133388474583626,0,0.0,0.0,0.0,,,8.271022815904576,0,0,,,,,73.14465544943609
204,1784929032.0239477,,61788.03127945508,,2224.175910713043,,0.20046481185471654,,0.5169634528457271,,0.5190076030412164,,0.18662689976500535,0.0,0.0,0.0,0.0,2042000,2160,16336,1021,190.04916,0.008429296925896779,-0.02536164592311252,-3.1553216576576233,0,0.0,0.0,0.0,,,9.710915381437946,0,0,,,,,72.6757369863572
205,1784929190.7658052,,63045.50960247301,,2254.190337707352,,0.19809777864929823,,0.5169634483863598,,0.5190076030412164,,0.18564409228892137,0.0,0.0,0.0,0.0,2052000,2169,16416,1026,238.65955,0.034795151848811656,0.005917415455087394,-3.1506401002407074,0,0.0,0.0,0.0,,,13.230800549285425,0,0,1.0,647.1036,647.1035766601562,1.0,62.995353884434834
206,1784929328.0398252,,61819.33684089431,,2209.7280337281263,,0.20445979074137538,,0.5169634455532526,,0.5190076030412164,,0.1882856378394425,0.0,0.0,0.0,0.0,2062000,2176,16496,1031,175.29471,0.0617669447674416,-0.019627023795692367,-3.1828122287988663,0,0.0,0.0,0.0,,,25.749075876001825,0,0,,,,,72.84699511714065
207,1784929465.736359,,62212.786399959834,,2226.447185270539,,0.20141268965062556,,0.5169634443446478,,0.5190076030412164,,0.18702046269105407,0.0,0.0,0.0,0.0,2072000,2183,16576,1036,117.365746,0.030589580826926976,-0.020934982734615915,-3.196117326617241,0,0.0,0.0,0.0,,,11.684260976100045,0,0,,,,,72.62346947663845
208,1784929603.307114,,67381.75014342836,,2328.9468875820794,,0.19830453323349265,,0.5169634465935331,,0.5190076030412164,,0.18572993769128446,0.0,0.0,0.0,0.0,2082000,2194,16656,1041,210.89804,0.040957553253974766,-0.029740266065346077,-3.1441524997353554,0,0.0,0.0,0.0,,,16.613051598736817,0,0,,,,,72.68986876018107
209,1784929738.3489678,,62688.0426021361,,2242.571536374059,,0.19896463418686888,,0.5169634489077397,,0.5190076030412164,,0.1860040160849874,0.0,0.0,0.0,0.0,2092000,2196,16736,1046,250.4878,0.008292241371236742,-0.028523790701001417,-3.190983034670353,0,0.0,0.0,0.0,,,12.96912202815967,0,0,,,,,74.05111610419576
210,1784929897.8463452,,61064.456374275396,,2215.062656480314,,0.2005189514766161,,0.5169634505857446,,0.5190076030412164,,0.18664937841332213,0.0,0.0,0.0,0.0,2102000,2206,16816,1051,183.65125,0.012023795978166163,-0.018888438788962958,-3.184503212571144,0,0.0,0.0,0.0,,,8.635871969628178,0,0,1.0,619.16455,619.16455078125,1.0,62.69695650639774
211,1784930034.4752994,,61330.65165519635,,2213.487864200734,,0.20099677737951896,,0.5169634398710902,,0.5190076030412164,,0.18684777249162057,0.0,0.0,0.0,0.0,2112000,2209,16896,1056,313.6726,0.01080294160055928,-0.02122405312184128,-3.141844891011715,0,0.0,0.0,0.0,,,8.597431597959632,0,0,,,,,73.19092692061412
212,1784930172.5803032,,58039.746879861814,,2148.2606905653643,,0.2052019602834898,,0.516963446193919,,0.5190076030412164,,0.18859379127565815,0.0,0.0,0.0,0.0,2122000,2216,16976,1061,299.77835,0.027697097713826224,0.002526424388634041,-3.224331833422184,0,0.0,0.0,0.0,,,13.63419588949964,0,0,,,,,72.40867210809333
213,1784930310.1613655,,63717.98898854796,,2269.558233287331,,0.19758375336758235,,0.5169634386384719,,0.5190076030412164,,0.18543066391585106,0.0,0.0,0.0,0.0,2132000,2222,17056,1066,276.9936,0.016951241355855018,-0.022241626611503307,-3.214583642780781,0,0.0,0.0,0.0,,,7.766132549731624,0,0,,,,,72.68442171896096
214,1784930447.698738,,58339.734939131704,,2158.0875670722003,,0.20223565738818122,,0.5169634488179642,,0.5190076030412164,,0.18736216479599654,0.0,0.0,0.0,0.0,2142000,2227,17136,1071,323.3249,0.006957784746191464,-0.02897890395252034,-3.2082833275198936,0,0.0,0.0,0.0,,,10.248816456158588,0,0,,,,,72.70751226372116
215,1784930605.9282649,,61748.812811002994,,2220.0855643985806,,0.2019040272630837,,0.5169634458590999,,0.5190076030412164,,0.1872244693591652,0.0,0.0,0.0,0.0,2152000,2240,17216,1076,81.56711,0.048265205055940896,-0.019569518037314992,-3.2141093388199806,0,0.0,0.0,0.0,,,15.567104769973726,0,0,1.0,564.087,564.0869750976562,1.0,63.199328368604455
216,1784930742.8114257,,65435.852513082325,,2287.0025010388517,,0.2010636915194263,,0.5169634553553772,,0.5190076030412164,,0.1868755587463683,0.0,0.0,0.0,0.0,2162000,2246,17296,1081,199.4448,0.03177967559895478,-0.012026375043205917,-3.214521922171116,0,0.0,0.0,0.0,,,16.458556978210602,0,0,,,,,73.05500515675493
217,1784930881.8955534,,59779.80109241398,,2188.186865385698,,0.20030855155458574,,0.5169634430261507,,0.5190076030412164,,0.18656201757403296,0.0,0.0,0.0,0.0,2172000,2254,17376,1086,301.14355,0.020836003153817728,-0.024667443667567568,-3.2196223065257072,0,0.0,0.0,0.0,,,6.667037522656212,0,0,,,,,71.89893062855515
218,1784931018.8160055,,64132.51240361655,,2275.4995715222285,,0.197140020346046,,0.5169634462754059,,0.5190076030412164,,0.18524642479371956,0.0,0.0,0.0,0.0,2182000,2257,17456,1091,248.24146,0.011570239206776023,-0.028415232700353954,-3.2091626450419426,0,0.0,0.0,0.0,,,9.350974966042202,0,0,,,,,73.03510832514375
219,1784931155.6431587,,58403.49701902577,,2160.2345898581734,,0.20129311295548655,,0.5169634453000601,,0.5190076030412164,,0.18697081391099754,0.0,0.0,0.0,0.0,2192000,2263,17536,1096,189.64297,0.025012341764522716,-0.016584080125539913,-3.1968821957707405,0,0.0,0.0,0.0,,,12.46051904860061,0,0,,,,,73.08490886213956
220,1784931314.254956,,61166.75727302485,,2209.316894156497,,0.20195705130706126,,0.516963450194831,,0.5190076030412164,,0.1872464861318861,0.0,0.0,0.0,0.0,2202000,2273,17616,1101,175.72461,0.027544519456569105,-0.015430178602400701,-3.2379989624023438,0,0.0,0.0,0.0,,,16.643835784606118,0,0,1.0,567.75464,567.754638671875,1.0,63.04701353510331
221,1784931452.8193896,,61364.95125449235,,2211.466474651892,,0.2002731758464564,,0.516963452632428,,0.5190076030412164,,0.18654733128610282,0.0,0.0,0.0,0.0,2212000,2280,17696,1106,277.42365,0.014536165224853903,-0.02015041813137941,-3.2509652450680733,0,0.0,0.0,0.0,,,11.708838277371743,0,0,,,,,72.16859030782156
222,1784931590.9231098,,64839.724050946475,,2268.4621210228443,,0.2022151161927383,,0.5169634380162659,,0.5190076030412164,,0.18735363380636852,0.0,0.0,0.0,0.0,2222000,2284,17776,1111,277.63397,0.011399118258850649,-0.02958023211613181,-3.2356012016534805,0,0.0,0.0,0.0,,,11.28143407738122,0,0,,,,,72.40934553727018
223,1784931728.9697528,,60931.95935059983,,2200.9082204832052,,0.20273187897828532,,0.5169634552250756,,0.5190076030412164,,0.1875682002998646,0.0,0.0,0.0,0.0,2232000,2290,17856,1116,225.22163,0.012587416218593717,-0.022889798681717366,-3.2779494300484657,0,0.0,0.0,0.0,,,11.479080242908214,0,0,,,,,72.43928392772948
224,1784931865.8018005,,62696.25490251396,,2235.397873460279,,0.2022567224743904,,0.5169634483489272,,0.5190076030412164,,0.1873709110541102,0.0,0.0,0.0,0.0,2242000,2291,17936,1121,241.2799,0.009175808881991543,-0.027483452562591992,-3.2617746517062187,0,0.0,0.0,0.0,,,8.837054256190747,0,0,,,,,73.0822952357545
225,1784932025.1763527,,60467.588265074664,,2201.449816840091,,0.2008021067587503,,0.5169634493795489,,0.5190076030412164,,0.18676694596749813,0.0,0.0,0.0,0.0,2252000,2300,18016,1126,227.49731,0.04272651026258245,-0.023824829928344116,-3.2758974358439445,0,0.0,0.0,0.0,,,15.022924009351183,0,0,1.0,602.89496,602.8949584960938,1.0,62.74527444448168
226,1784932163.456974,,64895.88460365383,,2287.9398940040855,,0.19822194748656738,,0.5169634459142526,,0.5190076030412164,,0.1856956474509827,0.0,0.0,0.0,0.0,2262000,2305,18096,1131,176.48515,0.02992867518332787,-0.024220231716753915,-3.285061687231064,0,0.0,0.0,0.0,,,21.548123854160675,0,0,,,,,72.31670941947174
227,1784932302.493622,,66314.99115536477,,2296.3421332297676,,0.2028936983319236,,0.5169634551586758,,0.5190076030412164,,0.18763538866647067,0.0,0.0,0.0,0.0,2272000,2314,18176,1136,187.6129,0.056548588210716844,-0.0214486144905095,-3.3084018155932426,0,0.0,0.0,0.0,,,18.272087187794384,0,0,,,,,71.92348515437699
228,1784932440.6534197,,66367.57629069895,,2303.68707311088,,0.2016555119585347,,0.5169634426971971,,0.5190076030412164,,0.1871212836607582,0.0,0.0,0.0,0.0,2282000,2323,18256,1141,121.56731,0.023502986907260492,-0.02536661615158664,-3.2925562411546707,0,0.0,0.0,0.0,,,9.880803640194198,0,0,,,,,72.3799552631576
229,1784932576.2495859,,61318.5306419151,,2216.5605573735916,,0.1997932879993442,,0.5169634409483645,,0.5190076030412164,,0.18634807659628339,0.0,0.0,0.0,0.0,2292000,2329,18336,1146,175.23477,0.0421069425647147,-0.013843141643974377,-3.2555049434304237,0,0.0,0.0,0.0,,,14.193316247209744,0,0,,,,,73.74839865781732
230,1784932732.5099113,,61605.74580214574,,2216.241034503023,,0.2018581304250914,,0.516963445134603,,0.5190076030412164,,0.187205412567967,0.0,0.0,0.0,0.0,2302000,2336,18416,1151,204.16174,0.01870594033971429,-0.029153888433938846,-3.2153249755501747,0,0.0,0.0,0.0,,,9.466848584740875,0,0,1.0,595.49316,595.4931640625,1.0,63.995771069756394
231,1784932871.441958,,63967.22791717478,,2267.8046930791375,,0.1996394501015971,,0.5169634434576484,,0.5190076030412164,,0.18628420266728682,0.0,0.0,0.0,0.0,2312000,2343,18496,1156,262.996,0.026113636064110324,-0.016734347003875882,-3.2458792328834534,0,0.0,0.0,0.0,,,10.706199754111617,0,0,,,,,71.977634058783
232,1784933008.3842304,,60433.88948444191,,2194.6841590003482,,0.20327784582848604,,0.5169634462885154,,0.5190076030412164,,0.1877948872695627,0.0,0.0,0.0,0.0,2322000,2349,18576,1161,192.03374,0.012223947051097639,-0.03571696110520861,-3.259768344461918,0,0.0,0.0,0.0,,,8.429642107568306,0,0,,,,,73.02346994987231
233,1784933147.771393,,61902.28307793226,,2211.5982629209443,,0.2053959525136625,,0.516963453456501,,0.5190076030412164,,0.188674339482087,0.0,0.0,0.0,0.0,2332000,2355,18656,1166,177.67575,0.07171809405554086,-0.017656915455518174,-3.2677208855748177,0,0.0,0.0,0.0,,,32.43780641824537,0,0,,,,,71.74261812936696
234,1784933283.7049932,,59508.99113198659,,2179.8435815181647,,0.2017456929746104,,0.516963442862227,,0.5190076030412164,,0.18715872740015876,0.0,0.0,0.0,0.0,2342000,2357,18736,1171,191.4039,0.008956681267591193,-0.03308512949995901,-3.2649328857660294,0,0.0,0.0,0.0,,,11.773004510023437,0,0,,,,,73.5653302292203
235,1784933440.7616627,,63719.89450559218,,2254.7434251663426,,0.2007535068353795,,0.5169634590148369,,0.5190076030412164,,0.1867467689107664,0.0,0.0,0.0,0.0,2352000,2365,18816,1176,189.95276,0.03613776934798807,-0.026532705043791793,-3.27846497297287,0,0.0,0.0,0.0,,,9.822232155885258,0,0,1.0,531.4806,531.4805908203125,1.0,63.67128467182651
236,1784933577.8648071,,61430.70361544629,,2218.6203331431593,,0.20069570685959992,,0.5169634442682118,,0.5190076030412164,,0.18672276705993326,0.0,0.0,0.0,0.0,2362000,2369,18896,1181,235.5688,0.012994603705010377,-0.024740327469771728,-3.21952123939991,0,0.0,0.0,0.0,,,9.298851264502233,0,0,,,,,72.93778659498228
237,1784933715.0851398,,63987.48954193969,,2271.1586228036344,,0.19850385190435554,,0.5169634439460259,,0.5190076030412164,,0.18581269548626772,0.0,0.0,0.0,0.0,2372000,2373,18976,1186,208.7177,0.027656760648824275,-0.021564353397479863,-3.2645253613591194,0,0.0,0.0,0.0,,,12.824813360031072,0,0,,,,,72.87549734476944
238,1784933852.104063,,63668.355923630574,,2256.479098280524,,0.20019629231674116,,0.5169634432689277,,0.5190076030412164,,0.18651540690422597,0.0,0.0,0.0,0.0,2382000,2375,19056,1191,272.39362,0.022121171132312156,-0.013774811985058477,-3.2492610812187195,0,0.0,0.0,0.0,,,22.137920557542657,0,0,,,,,72.98262007692729
239,1784933987.4410386,,62758.84443158247,,2230.652649749975,,0.20274832964634176,,0.516963449478048,,0.5190076030412164,,0.1875750295678962,0.0,0.0,0.0,0.0,2392000,2376,19136,1196,258.31076,0.020666425465606153,-0.026933654358799686,-3.295498214662075,0,0.0,0.0,0.0,,,20.059492741087205,0,0,,,,,73.88963770059743
240,1784934143.7749796,,67507.72436845997,,2336.0481370767643,,0.1988251352851088,,0.5169634512844227,,0.5190076030412164,,0.18594609576782042,0.0,0.0,0.0,0.0,2402000,2381,19216,1201,275.14966,0.022760843159630895,-0.029492509511356957,-3.239837221801281,0,0.0,0.0,0.0,,,15.944759050447168,0,0,1.0,593.69305,593.6930541992188,1.0,63.9656373214759
241,1784934281.7586575,,59097.74395415866,,2188.0030297532912,,0.19739525682723355,,0.516963450219851,,0.5190076030412164,,0.18535240132205644,0.0,0.0,0.0,0.0,2412000,2383,19296,1206,294.4843,0.031655946833780035,-0.01427032674109796,-3.3716922849416733,0,0.0,0.0,0.0,,,23.551067744984742,0,0,,,,,72.47233784701405
242,1784934417.4097323,,61182.88156339085,,2213.5815868349637,,0.20170975041102118,,0.5169634504029135,,0.5190076030412164,,0.1871438053372756,0.0,0.0,0.0,0.0,2422000,2383,19376,1211,294.4843,0.011095518042566255,-0.026692760846344754,-3.3500276878476143,0,0.0,0.0,0.0,,,12.749044549326321,0,0,,,,,73.71854658617848
243,1784934553.8778126,,66925.76250468128,,2323.0290885353647,,0.1981216619077467,,0.5169634557677455,,0.5190076030412164,,0.18565401023937458,0.0,0.0,0.0,0.0,2432000,2384,19456,1216,314.8686,0.008963764819782227,-0.011417891586461337,-3.3236218094825745,0,0.0,0.0,0.0,,,11.665922005664381,0,0,,,,,73.2772087123076
244,1784934691.7178357,,64355.549905964115,,2267.5473457414437,,0.20072280706818332,,0.5169634500401469,,0.5190076030412164,,0.18673402038575934,0.0,0.0,0.0,0.0,2442000,2386,19536,1221,324.76587,0.01171679244725965,-0.01617449576224317,-3.402704179286957,0,0.0,0.0,0.0,,,13.52966871773098,0,0,,,,,72.54786872966689
245,1784934847.34389,,61810.35276190794,,2224.1457725095306,,0.20109642111707127,,0.5169634470480465,,0.5190076030412164,,0.1868891466129199,0.0,0.0,0.0,0.0,2452000,2387,19616,1226,322.89542,0.029813115441356786,-0.020267828538180765,-3.405891068279743,0,0.0,0.0,0.0,,,32.59746405819487,0,0,1.0,606.1622,606.1621704101562,1.0,64.25659353142615
246,1784934983.7669494,,64106.526542205116,,2268.01533912476,,0.20033462373659972,,0.5169634544521903,,0.5190076030412164,,0.18657284518779535,0.0,0.0,0.0,0.0,2462000,2389,19696,1231,324.10556,0.020772121381014585,-0.0060441636633186135,-3.4912237226963043,0,0.0,0.0,0.0,,,14.887026135218028,0,0,,,,,73.30139057750478
247,1784935118.5998306,,64237.81950821134,,2286.8283643630707,,0.19634519553224714,,0.516963448607204,,0.5190076030412164,,0.18491640916292126,0.0,0.0,0.0,0.0,2472000,2390,19776,1236,360.25397,0.02444848685991019,-0.027175232386071002,-3.4990872591733932,0,0.0,0.0,0.0,,,22.252334717948138,0,0,,,,,74.16588560661533
248,1784935255.3791962,,61732.69349476381,,2234.803984962313,,0.1981954360383398,,0.5169634518569569,,0.5190076030412164,,0.1856846409249654,0.0,0.0,0.0,0.0,2482000,2393,19856,1241,351.03696,0.04962617123965174,-0.022367714715073816,-3.4842640832066536,0,0.0,0.0,0.0,,,25.859705641081934,0,0,,,,,73.11044249280164
249,1784935392.3843677,,64510.77926294031,,2269.1601807129255,,0.20135098640962454,,0.5169634443426424,,0.5190076030412164,,0.1869948431296835,0.0,0.0,0.0,0.0,2492000,2397,19936,1246,276.90994,0.0393676629755646,0.000581227352085989,-3.463832177221775,0,0.0,0.0,0.0,,,16.417433410481493,0,0,,,,,72.98994542715272
250,1784935546.7387335,,65654.72780898461,,2293.3234047491082,,0.2013317247192214,,0.5169634393192551,,0.5190076030412164,,0.18698684455399275,0.0,0.0,0.0,0.0,2502000,2399,20016,1251,264.03714,0.01844556219293736,-0.02037205230590189,-3.4971217960119247,0,0.0,0.0,0.0,,,19.548081818010125,0,0,1.0,617.16437,617.1643676757812,1.0,64.78598825922604
251,1784935683.4708867,,64392.87516529184,,2259.352236911455,,0.2034896416027477,,0.5169634396254396,,0.5190076030412164,,0.18788282483065455,0.0,0.0,0.0,0.0,2512000,2404,20096,1256,300.38086,0.026547785877482966,-0.03636492278747028,-3.461718387901783,0,0.0,0.0,0.0,,,21.358024551994482,0,0,,,,,73.13568696304348
252,1784935817.9573023,,62115.98356767563,,2215.437143281231,,0.2054505640477929,,0.5169634375812976,,0.5190076030412164,,0.18869701134818828,0.0,0.0,0.0,0.0,2522000,2408,20176,1261,369.82086,0.03836483339546248,-0.01743346537114121,-3.482345513999462,0,0.0,0.0,0.0,,,28.842003642805224,0,0,,,,,74.35695156442466
253,1784935952.8879356,,66595.39298333018,,2319.5358226821345,,0.19800452804355667,,0.5169634556325232,,0.5190076030412164,,0.1856053755194596,0.0,0.0,0.0,0.0,2532000,2409,20256,1266,368.9207,0.016047522716689855,-0.03312070825268165,-3.4394775927066803,0,0.0,0.0,0.0,,,16.083375000861146,0,0,,,,,74.11215560884126
254,1784936088.4101517,,63697.975949963904,,2260.617537323799,,0.19982470128674443,,0.5169634377624726,,0.5190076030412164,,0.18636111894710278,0.0,0.0,0.0,0.0,2542000,2411,20336,1271,406.37488,0.015352871327195317,-0.026703242740040878,-3.4766099974513054,0,0.0,0.0,0.0,,,18.916452511868638,0,0,,,,,73.78863993564637
255,1784936243.7842422,,66656.1240995937,,2316.682780922645,,0.19814915336632555,,0.5169634489088544,,0.5190076030412164,,0.1856654234884133,0.0,0.0,0.0,0.0,2552000,2414,20416,1276,353.74274,0.02492932468885556,-0.012605064042872982,-3.477049820125103,0,0.0,0.0,0.0,,,18.023502042939818,0,0,1.0,562.9262,562.9262084960938,1.0,64.36079447321096
256,1784936381.7291505,,59908.97197238391,,2202.4347230575017,,0.19666810559180958,,0.5169634428720563,,0.5190076030412164,,0.18505048223670084,0.0,0.0,0.0,0.0,2562000,2422,20496,1281,277.0882,0.04361271584639326,-0.01282333818380721,-3.5446299239993095,0,0.0,0.0,0.0,,,31.455282365013467,0,0,,,,,72.49270871710068
257,1784936516.727291,,60273.73080151304,,2210.042979048577,,0.19894954014618088,,0.5169634433169156,,0.5190076030412164,,0.18599774782932038,0.0,0.0,0.0,0.0,2572000,2426,20576,1286,198.08931,0.044940949766896665,-0.015495278040816629,-3.5384179577231407,0,0.0,0.0,0.0,,,24.171233227205377,0,0,,,,,74.07509465549408
258,1784936654.2111177,,63176.762622429815,,2261.872036014727,,0.1979440430340286,,0.5169634472416759,,0.5190076030412164,,0.18558026009743808,0.0,0.0,0.0,0.0,2582000,2434,20656,1291,201.39172,0.024928021826781332,-0.029266407764225733,-3.527559459209442,0,0.0,0.0,0.0,,,16.82310687760376,0,0,,,,,72.73582828092157
259,1784936792.2706437,,59067.31141307847,,2175.2714656843796,,0.20133727875961774,,0.5169634501824035,,0.5190076030412164,,0.1869891527979771,0.0,0.0,0.0,0.0,2592000,2443,20736,1296,189.81784,0.03172573016490787,-0.021010135108099348,-3.543288469314575,0,0.0,0.0,0.0,,,16.322142616475784,0,0,,,,,72.43252435128356
260,1784936951.7596958,,66652.21597631554,,2313.7174849918088,,0.19876953819923882,,0.5169634526509658,,0.5190076030412164,,0.18592301179291035,0.0,0.0,0.0,0.0,2602000,2456,20816,1301,113.06508,0.03350006777327508,-0.0297791809643968,-3.5446110144257545,0,0.0,0.0,0.0,,,14.608274829797972,0,0,1.0,463.19983,463.1998291015625,1.0,62.70022907311229
261,1784937087.7599134,,61845.038691290116,,2238.963044155722,,0.19742555391579888,,0.5169634507901876,,0.5190076030412164,,0.1853649809715761,0.0,0.0,0.0,0.0,2612000,2468,20896,1306,128.95868,0.052082884474657476,-0.009746685278514633,-3.5771778151392937,0,0.0,0.0,0.0,,,19.281591093857735,0,0,,,,,73.52929262021183
262,1784937225.2671208,,63101.00506431435,,2230.176715772026,,0.20603644719344216,,0.516963446396184,,0.5190076030412164,,0.1889402753568341,0.0,0.0,0.0,0.0,2622000,2479,20976,1311,139.44179,0.05247261235490441,-0.027389976065023802,-3.5209624767303467,0,0.0,0.0,0.0,,,14.01986893570531,0,0,,,,,72.7234609696568
263,1784937361.7877698,,58403.93068337768,,2172.0021760026616,,0.19764039347882348,,0.5169634497735008,,0.5190076030412164,,0.1854541834615538,0.0,0.0,0.0,0.0,2632000,2486,21056,1316,206.03267,0.024416590749751776,-0.021442271397972945,-3.5361704602837563,0,0.0,0.0,0.0,,,11.263947768990276,0,0,,,,,73.24899194220976
264,1784937502.0193121,,61199.78631898759,,2212.6034284916955,,0.201681358803041,,0.5169634468409249,,0.5190076030412164,,0.18713201625655443,0.0,0.0,0.0,0.0,2642000,2501,21136,1321,79.43156,0.06419194536283612,-0.021698125091461407,-3.5423408150672913,0,0.0,0.0,0.0,,,28.702550494560043,0,0,,,,,71.3106330646782
265,1784937658.0665526,,63925.1016999182,,2246.824325248198,,0.20525321367210114,,0.5169634499066201,,0.5190076030412164,,0.18861507273689515,0.0,0.0,0.0,0.0,2652000,2508,21216,1326,239.16928,0.02529475252958946,-0.029789460847950977,-3.555575802922249,0,0.0,0.0,0.0,,,22.05151861114929,0,0,1.0,539.2153,539.2152709960938,1.0,64.08315817195009
266,1784937792.7321784,,60721.23600719002,,2193.2335621491916,,0.20393142182679633,,0.516963433156004,,0.5190076030412164,,0.18806625337289098,0.0,0.0,0.0,0.0,2662000,2512,21296,1331,316.88394,0.018022179341642186,-0.011836120786028914,-3.58267755061388,0,0.0,0.0,0.0,,,18.40707479634494,0,0,,,,,74.25800003556313
267,1784937927.1497054,,60957.0651098419,,2227.519554841241,,0.1959160014633008,,0.5169634394102748,,0.5190076030412164,,0.18473820333556473,0.0,0.0,0.0,0.0,2672000,2514,21376,1336,363.86002,0.01840273928246461,-0.005762468492321204,-3.526960901916027,0,0.0,0.0,0.0,,,14.785439141336951,0,0,,,,,74.39505893695252
268,1784938063.137571,,66148.46728815287,,2311.7756540150262,,0.19949200922379104,,0.5169634411952253,,0.5190076030412164,,0.1862229838655379,0.0,0.0,0.0,0.0,2682000,2519,21456,1341,339.18988,0.02276328150765039,0.0028746422276526573,-3.5284509360790253,0,0.0,0.0,0.0,,,15.662994096872072,0,0,,,,,73.53597326063398
269,1784938198.4053845,,63148.98253696382,,2247.140793543145,,0.1999338749093011,,0.5169634367757444,,0.5190076030412164,,0.18640644830188388,0.0,0.0,0.0,0.0,2692000,2525,21536,1346,291.85254,0.029256729583721608,-0.012389551389787812,-3.5656416416168213,0,0.0,0.0,0.0,,,27.219851053089023,0,0,,,,,73.927416702727
270,1784938353.8111165,,57731.83275125159,,2146.9672269275093,,0.20088007338224595,,0.5169634557405905,,0.5190076030412164,,0.1867993194560086,0.0,0.0,0.0,0.0,2702000,2535,21616,1351,139.73576,0.04739041754510254,-0.023731454733933788,-3.5637491643428802,0,0.0,0.0,0.0,,,22.688731323380182,0,0,1.0,585.0915,585.0914916992188,1.0,64.34769226348347
271,1784938488.9925494,,61699.39329762583,,2210.8832184942294,,0.20312727262824412,,0.5169634538762029,,0.5190076030412164,,0.18773236987850833,0.0,0.0,0.0,0.0,2712000,2547,21696,1356,162.01065,0.04346512968186289,-0.011187021977093536,-3.53952843695879,0,0.0,0.0,0.0,,,28.12642387985163,0,0,,,,,73.97465449083452
272,1784938626.9983094,,64048.32579977531,,2259.962650254921,,0.2025861729116154,,0.5169634545366487,,0.5190076030412164,,0.18750770211705053,0.0,0.0,0.0,0.0,2722000,2555,21776,1361,205.1722,0.053104790567886084,0.003530796626364463,-3.5014434158802032,0,0.0,0.0,0.0,,,32.354885084997036,0,0,,,,,72.46074384550539
273,1784938760.1469002,,63572.39365209025,,2265.3603706646913,,0.19868974100078227,,0.5169634471646304,,0.5190076030412164,,0.18588987841348298,0.0,0.0,0.0,0.0,2732000,2556,21856,1366,237.04004,0.013661073113325983,-0.02456212325910201,-3.490802079439163,0,0.0,0.0,0.0,,,9.51406433654704,0,0,,,,,75.10406014908675
274,1784938893.4779527,,65487.44301380455,,2308.766396813561,,0.195028844121466,,0.5169634504116822,,0.5190076030412164,,0.18436985241144135,0.0,0.0,0.0,0.0,2742000,2558,21936,1371,211.82846,0.012913996572024189,0.00942860609939089,-3.4021805748343468,0,0.0,0.0,0.0,,,13.949578083635492,0,0,,,,,75.00128534709245
275,1784939048.2835603,,61702.40744454978,,2224.0229858079297,,0.20044007393005964,,0.516963446583506,,0.5190076030412164,,0.1866166271757768,0.0,0.0,0.0,0.0,2752000,2566,22016,1376,167.19266,0.025626139366067946,-0.029252288932184456,-3.4311650842428207,0,0.0,0.0,0.0,,,10.55108766831978,0,0,1.0,559.75287,559.7528686523438,1.0,64.59714240900689
276,1784939183.0063004,,60350.61418232015,,2194.987601583146,,0.20263650320797674,,0.5169634465994261,,0.5190076030412164,,0.18752859797478585,0.0,0.0,0.0,0.0,2762000,2576,22096,1381,141.95255,0.0598261906998232,-0.020788522859220393,-3.4575739204883575,0,0.0,0.0,0.0,,,18.8038866208678,0,0,,,,,74.2265193217205
277,1784939319.4712288,,61333.266521782265,,2214.0831834008563,,0.2017035447925757,,0.5169634488228283,,0.5190076030412164,,0.1871412284107348,0.0,0.0,0.0,0.0,2772000,2589,22176,1386,110.37445,0.026226577523630112,-0.029642806526680943,-3.468421049416065,0,0.0,0.0,0.0,,,8.70962143094472,0,0,,,,,73.27890113294373
278,1784939453.42449,,58057.73029570824,,2161.558369962108,,0.20068839344531555,,0.5169634501477886,,0.5190076030412164,,0.1867197316617544,0.0,0.0,0.0,0.0,2782000,2597,22256,1391,201.57187,0.04096092929830775,-0.03185647606733255,-3.5194107815623283,0,0.0,0.0,0.0,,,24.77554372260046,0,0,,,,,74.65291225489224
279,1784939591.2105968,,59896.10125119866,,2185.386355522087,,0.2015201491220886,,0.5169634481175751,,0.5190076030412164,,0.18706508127180604,0.0,0.0,0.0,0.0,2792000,2606,22336,1396,217.81001,0.03115379175869748,-0.029360382628510706,-3.4765469133853912,0,0.0,0.0,0.0,,,11.147807699925698,0,0,,,,,72.57625084325066
280,1784939745.7590337,,58229.188665477486,,2156.5399901194314,,0.2020932445690249,,0.5169634509091666,,0.5190076030412164,,0.18730303454550687,0.0,0.0,0.0,0.0,2802000,2619,22416,1401,127.543495,0.047856448916718364,-0.019022318127099425,-3.561234198510647,0,0.0,0.0,0.0,,,21.95651058552147,0,0,1.0,599.5607,599.5607299804688,1.0,64.70463423499109
281,1784939878.9398105,,61144.69067334123,,2204.768877380412,,0.20264197638148812,,0.5169634566861648,,0.5190076030412164,,0.18753087248706576,0.0,0.0,0.0,0.0,2812000,2628,22496,1406,195.97897,0.021652420022292063,-0.02764656096132967,-3.5362629517912865,0,0.0,0.0,0.0,,,13.490512046298779,0,0,,,,,75.08591279083228
282,1784940012.6270306,,64001.13270705061,,2254.6614045756382,,0.20176505770535083,,0.5169634517574836,,0.5190076030412164,,0.18716676953319816,0.0,0.0,0.0,0.0,2822000,2638,22576,1411,161.21646,0.03702336264541373,-0.02769689465276315,-3.49618773907423,0,0.0,0.0,0.0,,,14.01389537119217,0,0,,,,,74.80146299180402
283,1784940148.021224,,65499.094904701196,,2285.3432556643675,,0.20178477837191003,,0.5169634454694012,,0.5190076030412164,,0.18717495641628676,0.0,0.0,0.0,0.0,2832000,2649,22656,1416,133.56973,0.018295239191502333,-0.03219343169621425,-3.4902715235948563,0,0.0,0.0,0.0,,,12.519374785446011,0,0,,,,,73.85841137810867
284,1784940285.0085838,,61521.357083742456,,2212.9270251881935,,0.20087476180727018,,0.5169634436008761,,0.5190076030412164,,0.18679711162982848,0.0,0.0,0.0,0.0,2842000,2654,22736,1421,202.67705,0.031118746264837682,-0.03241731947491644,-3.4948487877845764,0,0.0,0.0,0.0,,,16.83596785470193,0,0,,,,,72.99943765460301
285,1784940438.8346107,,61465.46026791688,,2215.802452052873,,0.20176285675139347,,0.5169634494370252,,0.5190076030412164,,0.18716585521963633,0.0,0.0,0.0,0.0,2852000,2663,22816,1426,131.14412,0.024140871304553002,-0.01502154978334147,-3.4998364448547363,0,0.0,0.0,0.0,,,11.600070173787024,0,0,1.0,608.6961,608.6961059570312,1.0,65.0085038823049
286,1784940573.6166341,,60080.11184473809,,2199.212570683548,,0.20051822726954277,,0.5169634399202502,,0.5190076030412164,,0.18664907558504149,0.0,0.0,0.0,0.0,2862000,2677,22896,1431,100.057175,0.04187374556204304,-0.014394298321349197,-3.5077397152781487,0,0.0,0.0,0.0,,,14.112466114077998,0,0,,,,,74.1938691434014
287,1784940707.8503745,,64348.9121900998,,2269.5054985561364,,0.20031992932077083,,0.516963449985483,,0.5190076030412164,,0.18656674308362398,0.0,0.0,0.0,0.0,2872000,2688,22976,1436,127.64331,0.044415090524125844,-0.023540088499430567,-3.5443063527345657,0,0.0,0.0,0.0,,,11.752584499737381,0,0,,,,,74.4969187848576
288,1784940845.8630567,,57065.59524402546,,2135.647324481179,,0.20177616513331437,,0.5169634501768084,,0.5190076030412164,,0.18717138108871384,0.0,0.0,0.0,0.0,2882000,2702,23056,1441,134.40456,0.03851034783292562,-0.02545439073583111,-3.4761931523680687,0,0.0,0.0,0.0,,,14.415044890218944,0,0,,,,,72.45710992814625
289,1784940980.297922,,62609.8490964312,,2226.4892239937158,,0.20334429486893704,,0.5169634543183835,,0.5190076030412164,,0.18782247892130338,0.0,0.0,0.0,0.0,2892000,2717,23136,1446,110.79462,0.0393617587396875,-0.03715373015438672,-3.5134493932127953,0,0.0,0.0,0.0,,,10.535260220547157,0,0,,,,,74.38546507813736
290,1784941134.0301044,,55198.66286167633,,2101.4530287856446,,0.20218627014146753,,0.5169634468504865,,0.5190076030412164,,0.18734165851727086,0.0,0.0,0.0,0.0,2902000,2736,23216,1451,88.79368,0.03002550406381488,-0.036976482908357866,-3.5506938323378563,0,0.0,0.0,0.0,,,16.549830207430507,0,0,1.0,353.51138,353.5113830566406,1.0,65.04818843215654
291,1784941270.8631337,,61577.832368697316,,2225.265936444752,,0.19956952806929978,,0.5169634491369376,,0.5190076030412164,,0.1862551717500388,0.0,0.0,0.0,0.0,2912000,2755,23296,1456,56.39588,0.04795756924431771,-0.0242899330205546,-3.4995313733816147,0,0.0,0.0,0.0,,,17.73201413599545,0,0,,,,,73.08177010437744
292,1784941405.3483944,,63416.89946923648,,2245.501815753998,,0.2028380449910674,,0.5169634508075425,,0.5190076030412164,,0.18761228019061277,0.0,0.0,0.0,0.0,2922000,2778,23376,1461,52.184784,0.05907644401304424,-0.026761684577650158,-3.5695489197969437,0,0.0,0.0,0.0,,,20.573285232482466,0,0,,,,,74.35758926810148
293,1784941540.544588,,63746.78471679635,,2242.097929321732,,0.2049287021258632,,0.5169634405727421,,0.5190076030412164,,0.18848033170230177,0.0,0.0,0.0,0.0,2932000,2799,23456,1466,46.493855,0.03525068878661841,-0.029748891967756208,-3.5679454505443573,0,0.0,0.0,0.0,,,13.789024506509417,0,0,,,,,73.96658178789191
294,1784941677.8501298,,62675.16179919863,,2233.841585966267,,0.20283170815953727,,0.516963438526502,,0.5190076030412164,,0.18760964664340998,0.0,0.0,0.0,0.0,2942000,2821,23536,1471,36.731693,0.03966151241911575,-0.022067106794565916,-3.5026931688189507,0,0.0,0.0,0.0,,,11.235889179887153,0,0,,,,,72.83027199714985
295,1784941830.0139809,,59756.88193169068,,2182.2845473822076,,0.20168830569713725,,0.5169634530170748,,0.5190076030412164,,0.18713490188446721,0.0,0.0,0.0,0.0,2952000,2840,23616,1476,51.344776,0.0525092362659052,-0.008310067671118304,-3.5501395240426064,0,0.0,0.0,0.0,,,14.47037677154654,0,0,1.0,583.75775,583.7577514648438,1.0,65.71863158529611
296,1784941967.5275683,,59637.00884625911,,2171.000154514196,,0.20497042481127825,,0.5169634438215118,,0.5190076030412164,,0.18849765586481554,0.0,0.0,0.0,0.0,2962000,2859,23696,1481,64.76886,0.044014985440298915,-0.04257196063917945,-3.52088875323534,0,0.0,0.0,0.0,,,11.746480114071137,0,0,,,,,72.7200849529743
297,1784942102.7063377,,64076.61319334048,,2260.026434113087,,0.20246447789789745,,0.516963443745307,,0.5190076030412164,,0.18745717144888469,0.0,0.0,0.0,0.0,2972000,2881,23776,1486,48.804813,0.051787310861982405,-0.01320733614556957,-3.475908488035202,0,0.0,0.0,0.0,,,11.100203430353616,0,0,,,,,73.97611495744229
298,1784942238.2581809,,62865.27530304301,,2245.403673823393,,0.20080255049928525,,0.5169634455311417,,0.5190076030412164,,0.18676712944158588,0.0,0.0,0.0,0.0,2982000,2897,23856,1491,71.689896,0.03779805771773681,-0.022304585392703302,-3.5098091065883636,0,0.0,0.0,0.0,,,9.38654215572124,0,0,,,,,73.7725118630544
299,1784942378.1820362,,65936.93882209258,,2296.7362990338247,,0.20027255644044384,,0.5169634576032192,,0.5190076030412164,,0.18654707509911708,0.0,0.0,0.0,0.0,2992000,2916,23936,1496,34.976173,0.04813411028590053,-0.021270731285767397,-3.4570461735129356,0,0.0,0.0,0.0,,,11.125412233076105,0,0,,,,,71.46744270134205
300,1784942532.8103127,,63776.197456413975,,2255.8789424656343,,0.19940852741767265,,0.5169634463029553,,0.5190076030412164,,0.18618832273341107,0.0,0.0,0.0,0.0,3002000,2925,24016,1501,97.816574,0.037658865097910166,-0.01689688827173086,-3.4001361802220345,0,0.0,0.0,0.0,,,12.883095481335419,0,0,1.0,574.4223,574.4223022460938,1.0,64.67122311142056
301,1784942667.9652123,,62508.03513018699,,2217.700857284464,,0.20506758937911682,,0.5169634463410971,,0.5190076030412164,,0.1885379996882961,0.0,0.0,0.0,0.0,3012000,2937,24096,1506,142.51244,0.06689139315858483,-0.03085353171627503,-3.4289927259087563,0,0.0,0.0,0.0,,,9.63557848734946,0,0,,,,,73.98917916338722
302,1784942807.1703846,,63185.179514366806,,2240.262641454139,,0.2024010972319733,,0.5169634458383621,,0.5190076030412164,,0.18743085582949537,0.0,0.0,0.0,0.0,3022000,2950,24176,1511,110.03475,0.035025730438064784,-0.029476532305125147,-3.3883492052555084,0,0.0,0.0,0.0,,,12.154639976076314,0,0,,,,,71.83641205340952
303,1784942940.971551,,58723.13105273334,,2169.918526412542,,0.20064085540118007,,0.5169634536526542,,0.5190076030412164,,0.18669999427765546,0.0,0.0,0.0,0.0,3032000,2959,24256,1516,185.29642,0.028905510320328176,-0.02930327257490717,-3.474630229175091,0,0.0,0.0,0.0,,,9.077095961749883,0,0,,,,,74.73776282015415
304,1784943074.542904,,60704.33187500068,,2212.2960075853916,,0.19872978609319725,,0.5169634385534153,,0.5190076030412164,,0.1859065036571822,0.0,0.0,0.0,0.0,3042000,2968,24336,1521,86.56343,0.011899322096724063,-0.026845136289921356,-3.4739089906215668,0,0.0,0.0,0.0,,,11.637619347074626,0,0,,,,,74.86635453911369
305,1784943228.1039631,,63133.529824180136,,2228.873747548852,,0.2061271769361103,,0.5169634380893081,,0.5190076030412164,,0.18897794523647232,0.0,0.0,0.0,0.0,3052000,2971,24416,1526,166.6932,0.025661045830929652,-0.02413289544347208,-3.451903246343136,0,0.0,0.0,0.0,,,11.531271572740774,0,0,1.0,561.41974,561.4197387695312,1.0,65.12067564063379
306,1784943363.7976973,,60682.68002937701,,2196.019147300687,,0.2041139209472877,,0.516963447952866,,0.5190076030412164,,0.18814203107713012,0.0,0.0,0.0,0.0,3062000,2980,24496,1531,165.77695,0.020526245061773807,-0.022241201642827946,-3.4161374419927597,0,0.0,0.0,0.0,,,11.20787792812714,0,0,,,,,73.69536945154758
307,1784943497.8882987,,63324.331613723305,,2244.0921805543576,,0.20146506116272098,,0.5169634431383336,,0.5190076030412164,,0.18704220742015942,0.0,0.0,0.0,0.0,3072000,2986,24576,1536,226.04155,0.03437883191509172,-0.02193974885449279,-3.442177824676037,0,0.0,0.0,0.0,,,20.885739472197617,0,0,,,,,74.57644179115265
308,1784943630.5512137,,59615.14129410598,,2178.402619273706,,0.20308548197990411,,0.5169634476996133,,0.5190076030412164,,0.18771501691181083,0.0,0.0,0.0,0.0,3082000,2994,24656,1541,111.019066,0.03316052118316293,-0.028293213712458964,-3.4624992683529854,0,0.0,0.0,0.0,,,9.117776074554541,0,0,,,,,75.37901626075721
309,1784943769.130554,,59860.78489788971,,2192.1937947146057,,0.20012910627530253,,0.5169634492123671,,0.5190076030412164,,0.18648751203985395,0.0,0.0,0.0,0.0,3092000,3000,24736,1546,147.43301,0.0324257563916035,-0.02154195942421211,-3.4749952852725983,0,0.0,0.0,0.0,,,9.193465300264734,0,0,,,,,72.16082939555893
310,1784943921.9074378,,63123.23119881281,,2258.0481534978326,,0.1980959382610762,,0.5169634488248457,,0.5190076030412164,,0.18564332823623467,0.0,0.0,0.0,0.0,3102000,3005,24816,1551,251.24728,0.010739840246969834,-0.038923728773625044,-3.505468435585499,0,0.0,0.0,0.0,,,8.201214100927105,0,0,1.0,604.22833,604.2283325195312,1.0,65.4549289540151
311,1784944056.4649708,,60820.44728231222,,2198.1818364556116,,0.2041826970764973,,0.5169634485166998,,0.5190076030412164,,0.18817058745707094,0.0,0.0,0.0,0.0,3112000,3015,24896,1556,179.7554,0.02900291813421063,-0.01605229190136015,-3.48947262018919,0,0.0,0.0,0.0,,,8.560338838753536,0,0,,,,,74.31765095072882
312,1784944190.8705869,,60122.84216863559,,2198.079925627391,,0.1990924982229797,,0.5169634560554422,,0.5190076030412164,,0.1860571074400455,0.0,0.0,0.0,0.0,3122000,3026,24976,1561,214.049,0.009175193248665892,-0.030204269320165622,-3.5020174384117126,0,0.0,0.0,0.0,,,10.90833420324509,0,0,,,,,74.4016526884885
313,1784944323.4487174,,60761.66528564294,,2204.344230231548,,0.2005969980263906,,0.5169634462219247,,0.5190076030412164,,0.18668178294273743,0.0,0.0,0.0,0.0,3132000,3038,25056,1566,146.027,0.029296331165824085,-0.0007682471805310342,-3.5257940590381622,0,0.0,0.0,0.0,,,15.117590232603032,0,0,,,,,75.42722528132524
314,1784944456.8083134,,63532.326763618636,,2265.1617453355543,,0.1984249048279273,,0.5169634570558922,,0.5190076030412164,,0.18577991880191772,0.0,0.0,0.0,0.0,3142000,3046,25136,1571,199.73123,0.014813551388215274,-0.009037586991325952,-3.4992464408278465,0,0.0,0.0,0.0,,,12.535383269765038,0,0,,,,,74.98522757836362
315,1784944610.1720498,,63308.43147030441,,2239.067066274137,,0.2047012504850094,,0.516963442065181,,0.5190076030412164,,0.1883858926960477,0.0,0.0,0.0,0.0,3152000,3048,25216,1576,245.66719,0.014082643523579463,-0.026893422320426907,-3.490681864321232,0,0.0,0.0,0.0,,,12.089178386535755,0,0,1.0,555.5523,555.5523071289062,1.0,65.20446275638957
316,1784944747.508201,,59028.907136059745,,2174.457552679931,,0.19916777995431778,,0.5169634476527141,,0.5190076030412164,,0.18608836319224759,0.0,0.0,0.0,0.0,3162000,3052,25296,1581,244.70105,0.015744881995487958,-0.017909589207192766,-3.5043527707457542,0,0.0,0.0,0.0,,,15.607472669827196,0,0,,,,,72.81403957049645
317,1784944881.5341637,,59462.998551724246,,2170.4090250106,,0.20439203480311027,,0.516963436036526,,0.5190076030412164,,0.1882575032584085,0.0,0.0,0.0,0.0,3172000,3055,25376,1586,262.31073,0.02623580500949174,-0.02405749413446756,-3.443493038415909,0,0.0,0.0,0.0,,,10.926975936560467,0,0,,,,,74.61240664973657
318,1784945016.9413362,,59268.37190277589,,2178.6744446748357,,0.19946046661889455,,0.516963443361886,,0.5190076030412164,,0.18620988761746124,0.0,0.0,0.0,0.0,3182000,3059,25456,1591,195.3304,0.026793616940267384,-0.023084589765858254,-3.454213112592697,0,0.0,0.0,0.0,,,12.555669847694185,0,0,,,,,73.85133358218344
319,1784945151.387335,,63668.33678425469,,2252.2560090680554,,0.2020872898091808,,0.5169634453885802,,0.5190076030412164,,0.18730056098888295,0.0,0.0,0.0,0.0,3192000,3064,25536,1596,150.60495,0.011156375010614283,-0.03781387103572342,-3.4789489284157753,0,0.0,0.0,0.0,,,13.815196269549002,0,0,,,,,74.37930568368553
320,1784945303.782271,,63854.98848680498,,2261.470147144576,,0.2001424448543651,,0.5169634506196623,,0.5190076030412164,,0.18649305058047083,0.0,0.0,0.0,0.0,3202000,3064,25616,1601,150.60495,0.014057500782655552,-0.03407220008375589,-3.4648327603936195,0,0.0,0.0,0.0,,,12.35178788400802,0,0,1.0,593.5594,593.5593872070312,1.0,65.61897869104627
321,1784945438.9937837,,60450.0459979991,,2202.1202426896175,,0.2010590146336854,,0.5169634516536749,,0.5190076030412164,,0.18687361613462136,0.0,0.0,0.0,0.0,3212000,3066,25696,1606,150.14478,0.021792569576064125,-0.0223903037663149,-3.564131684601307,0,0.0,0.0,0.0,,,11.094204783959565,0,0,,,,,73.9581989882029
322,1784945572.1308491,,63169.55562190981,,2240.686625730511,,0.20181027578837166,,0.5169634480442595,,0.5190076030412164,,0.1871855436136596,0.0,0.0,0.0,0.0,3222000,3072,25776,1611,175.51553,0.04412993334699422,-0.011836866542580537,-3.493168167769909,0,0.0,0.0,0.0,,,13.471257658178274,0,0,,,,,75.11056294901883
323,1784945705.2492747,,59477.36628743971,,2181.7735141104263,,0.20075846854169135,,0.5169634570438143,,0.5190076030412164,,0.18674882864720183,0.0,0.0,0.0,0.0,3232000,3079,25856,1616,153.70998,0.058788781287148595,-0.02844265977910254,-3.533965840935707,0,0.0,0.0,0.0,,,13.095672581956261,0,0,,,,,75.12108190618925
324,1784945839.0973663,,61562.32772029465,,2222.049660739161,,0.19911256179093534,,0.5169634491051784,,0.5190076030412164,,0.18606543656544328,0.0,0.0,0.0,0.0,3242000,3082,25936,1621,176.49458,0.013430409133434296,-0.031215254821290728,-3.533510848879814,0,0.0,0.0,0.0,,,9.422068850671716,0,0,,,,,74.71156097364556
325,1784945993.915321,,59884.13126856346,,2184.8842592408496,,0.20129337752534085,,0.5169634437922225,,0.5190076030412164,,0.18697092346044278,0.0,0.0,0.0,0.0,3252000,3092,26016,1626,192.68808,0.03323288832325488,-0.029205535181972664,-3.529516138136387,0,0.0,0.0,0.0,,,13.746146479209276,0,0,1.0,587.7585,587.7584838867188,1.0,64.59199188583621
326,1784946127.605439,,59318.38658783278,,2177.448905655922,,0.2004118444286398,,0.5169634527415394,,0.5190076030412164,,0.1866049073466899,0.0,0.0,0.0,0.0,3262000,3097,26096,1631,274.3183,0.036578367988113314,-0.003025851536222035,-3.53152497112751,0,0.0,0.0,0.0,,,23.88849514088151,0,0,,,,,74.79984317873561
327,1784946266.1787527,,59843.521652848205,,2197.738000898603,,0.19827602736211622,,0.5169634427265869,,0.5190076030412164,,0.18571810110671466,0.0,0.0,0.0,0.0,3272000,3105,26176,1636,235.09358,0.016544677084311843,-0.021075823999126442,-3.521962970495224,0,0.0,0.0,0.0,,,9.495933600844435,0,0,,,,,72.16396763391452
328,1784946399.0922523,,67128.86121426614,,2317.4809571625933,,0.20203239743020282,,0.5169634552988815,,0.5190076030412164,,0.18727777132131232,0.0,0.0,0.0,0.0,3282000,3107,26256,1641,229.52213,0.009782700130017474,-0.037247155616569216,-3.4600230678915977,0,0.0,0.0,0.0,,,11.834255558398693,0,0,,,,,75.23690279580914
329,1784946532.837359,,61379.86226283517,,2218.7721017106232,,0.20058353648958863,,0.5169634437472952,,0.5190076030412164,,0.18667619313585251,0.0,0.0,0.0,0.0,3292000,3107,26336,1646,229.52213,0.01577259536134079,-0.03414536969648907,-3.523975133895874,0,0.0,0.0,0.0,,,11.550673661516587,0,0,,,,,74.7690908090108
330,1784946686.4660819,,64830.52006547604,,2286.1639213271224,,0.19848602823925726,,0.5169634478106944,,0.5190076030412164,,0.1858052957650414,0.0,0.0,0.0,0.0,3302000,3114,26416,1651,251.10312,0.024016024952288717,-0.029836803412763402,-3.4876460134983063,0,0.0,0.0,0.0,,,14.933108690682412,0,0,1.0,585.49115,585.4911499023438,1.0,65.09199503484477
331,1784946820.0779183,,63129.43626408553,,2236.243131810452,,0.20255265556534235,,0.5169634472850998,,0.5190076030412164,,0.1874937840607011,0.0,0.0,0.0,0.0,3312000,3121,26496,1656,198.65657,0.03786410647444427,-0.028622952435398474,-3.4863463044166565,0,0.0,0.0,0.0,,,21.44493873980293,0,0,,,,,74.84366669496163
332,1784946953.1198268,,65089.0846917002,,2293.944851596873,,0.19843600200740374,,0.5169634500270573,,0.5190076030412164,,0.1857845250125672,0.0,0.0,0.0,0.0,3322000,3124,26576,1661,182.18747,0.026160193898249418,-0.031066080002347007,-3.5192002579569817,0,0.0,0.0,0.0,,,10.394147816275792,0,0,,,,,75.1642859725134
333,1784947087.2390285,,67252.96480804066,,2334.139251297882,,0.1977446165984606,,0.5169634473808113,,0.5190076030412164,,0.1854974570562194,0.0,0.0,0.0,0.0,3332000,3129,26656,1666,240.52718,0.01301301376952324,-0.02920268685369365,-3.54510148614645,0,0.0,0.0,0.0,,,13.05257706775156,0,0,,,,,74.56053971534878
334,1784947222.2098768,,56121.178695371054,,2116.961984313652,,0.20073524013141095,,0.5169634492593952,,0.5190076030412164,,0.1867391825130843,0.0,0.0,0.0,0.0,3342000,3134,26736,1671,226.1576,0.016998225124552846,-0.03215639674272097,-3.587695211172104,0,0.0,0.0,0.0,,,14.626756352956516,0,0,,,,,74.09007326175957
335,1784947376.535602,,62948.035957467626,,2233.050682512021,,0.20415273725765704,,0.5169634482071248,,0.5190076030412164,,0.18815814789614482,0.0,0.0,0.0,0.0,3352000,3143,26816,1676,150.58919,0.06817599752685055,-0.029399863658909453,-3.6059051901102066,0,0.0,0.0,0.0,,,43.19063208393548,0,0,1.0,549.2176,549.2175903320312,1.0,64.79801053128314
336,1784947510.7189903,,64379.87332788671,,2278.7861970747895,,0.1981103368467722,,0.5169634442794055,,0.5190076030412164,,0.18564930570750612,0.0,0.0,0.0,0.0,3362000,3148,26896,1681,213.17868,0.051362493773922324,-0.03556387963999441,-3.545190893113613,0,0.0,0.0,0.0,,,33.70758957533677,0,0,,,,,74.52487199631204
337,1784947648.6322844,,63711.63964883593,,2263.0446639990073,,0.1989362583318722,,0.5169634520879284,,0.5190076030412164,,0.18599223489343633,0.0,0.0,0.0,0.0,3372000,3154,26976,1686,159.45166,0.027531040832400322,-0.008048199750191998,-3.559810072183609,0,0.0,0.0,0.0,,,12.908115811112868,0,0,,,,,72.50932622267351
338,1784947785.450408,,57859.33014007409,,2147.7118969032176,,0.20208624308396103,,0.5169634473489483,,0.5190076030412164,,0.18730012677427865,0.0,0.0,0.0,0.0,3382000,3169,27056,1691,77.541145,0.04864110884955153,-0.015507819363847375,-3.50967900454998,0,0.0,0.0,0.0,,,15.968597300668591,0,0,,,,,73.0897344752163
339,1784947920.7098384,,59992.080931124714,,2187.7567759208287,,0.201411769621934,,0.5169634360972234,,0.5190076030412164,,0.18702007904006038,0.0,0.0,0.0,0.0,3392000,3182,27136,1696,140.66568,0.041055226465687156,-0.02917599208012689,-3.582070454955101,0,0.0,0.0,0.0,,,12.181760930532079,0,0,,,,,73.93199719657613
340,1784948076.0150068,,58185.64161778746,,2156.0998810610176,,0.20135949839334763,,0.5169634395870256,,0.5190076030412164,,0.18699837640597558,0.0,0.0,0.0,0.0,3402000,3197,27216,1701,130.85889,0.04429074266226962,-0.030106487804459903,-3.5680878162384033,0,0.0,0.0,0.0,,,15.852603415928144,0,0,1.0,557.4859,557.4859008789062,1.0,64.38935745077136
341,1784948215.8614345,,62265.21897382656,,2212.811412845501,,0.2065176930546552,,0.5169634515439826,,0.5190076030412164,,0.18914009259511516,0.0,0.0,0.0,0.0,3412000,3213,27296,1706,91.87454,0.025296275212895125,-0.01869975889349007,-3.4987609460949898,0,0.0,0.0,0.0,,,9.091687967251108,0,0,,,,,71.50701000737128
342,1784948351.430388,,63565.49057472675,,2248.786325850651,,0.20264229276811635,,0.516963443057662,,0.5190076030412164,,0.1875310011270176,0.0,0.0,0.0,0.0,3422000,3225,27376,1711,145.76263,0.03993140533566475,-0.028275321309592982,-3.55729491263628,0,0.0,0.0,0.0,,,11.86337753619288,0,0,,,,,73.76320097757807
343,1784948487.1280763,,64246.131664721484,,2257.251214746561,,0.20076883777230484,,0.5169634462405269,,0.5190076030412164,,0.18675313185416523,0.0,0.0,0.0,0.0,3432000,3241,27456,1716,89.528755,0.02612607038463466,-0.012484093011153163,-3.5088700726628304,0,0.0,0.0,0.0,,,17.91945444696686,0,0,,,,,73.69322257001878
344,1784948627.293105,,60264.509111812076,,2193.286161822786,,0.2014722231101234,,0.5169634532126908,,0.5190076030412164,,0.18704518311915444,0.0,0.0,0.0,0.0,3442000,3253,27536,1721,120.281784,0.04642442741896957,-0.029157028344343416,-3.565225198864937,0,0.0,0.0,0.0,,,18.300680293134434,0,0,,,,,71.34447310609431
345,1784948782.2296565,,62740.04280241945,,2233.4945891386537,,0.20229834514058134,,0.516963449464776,,0.5190076030412164,,0.18738819326144948,0.0,0.0,0.0,0.0,3452000,3270,27616,1726,96.22973,0.054288419894874096,-0.02867867852000927,-3.5525259971618652,0,0.0,0.0,0.0,,,20.325086840470096,0,0,1.0,581.02386,581.0238647460938,1.0,64.54254976193265
346,1784948917.368307,,59865.90002694055,,2198.9876671450666,,0.19733184670743567,,0.5169634524623221,,0.5190076030412164,,0.18532607350312277,0.0,0.0,0.0,0.0,3462000,3277,27696,1731,199.75613,0.02267656786716543,-0.010981232211634051,-3.560561142861843,0,0.0,0.0,0.0,,,11.609487193367915,0,0,,,,,73.9980790193085
347,1784949057.0896854,,60570.15763810912,,2201.1667167747764,,0.20157320739103507,,0.5169634502114409,,0.5190076030412164,,0.18708711180656912,0.0,0.0,0.0,0.0,3472000,3301,27776,1736,65.49314,0.06962887244299054,-0.02524738883948885,-3.5594875514507294,0,0.0,0.0,0.0,,,33.12226933837722,0,0,,,,,71.57100497914148
348,1784949193.7339935,,58699.41764233378,,2155.150498840436,,0.20454742178450547,,0.5169634482819817,,0.5190076030412164,,0.18832202332730585,0.0,0.0,0.0,0.0,3482000,3323,27856,1741,31.905645,0.08065317780710757,-0.021616745478240773,-3.548031471669674,0,0.0,0.0,0.0,,,17.15711343416579,0,0,,,,,73.18270415888966
349,1784949329.488036,,62579.53651526953,,2236.186434923796,,0.2031169420332486,,0.5169634530205819,,0.5190076030412164,,0.18772808038150685,0.0,0.0,0.0,0.0,3492000,3341,27936,1746,99.12698,0.027083318040240556,-0.030196795563824708,-3.523521862924099,0,0.0,0.0,0.0,,,7.657018894421892,0,0,,,,,73.66263092630307
350,1784949487.4708133,,60377.97860751251,,2182.7351699261085,,0.20552745527121966,,0.5169634383403756,,0.5190076030412164,,0.18872893720365638,0.0,0.0,0.0,0.0,3502000,3356,28016,1751,86.8732,0.050928734766785055,0.0055973606067709625,-3.555965408682823,0,0.0,0.0,0.0,,,18.242485809622828,0,0,1.0,565.75433,565.7543334960938,1.0,63.2980396666843
351,1784949622.6479056,,59246.19762639347,,2165.482612686489,,0.2054512457641935,,0.5169634343697262,,0.5190076030412164,,0.18869729375867003,0.0,0.0,0.0,0.0,3512000,3369,28096,1756,106.37852,0.04851050267461687,-0.022085272590629756,-3.4919193983078003,0,0.0,0.0,0.0,,,16.65431796695257,0,0,,,,,73.977030002219
352,1784949756.913986,,66499.70740731532,,2297.062353467189,,0.20318267555629413,,0.5169634496781691,,0.5190076030412164,,0.18775537267161252,0.0,0.0,0.0,0.0,3522000,3384,28176,1761,102.53223,0.0228415839956142,-0.01814325517625548,-3.489894486963749,0,0.0,0.0,0.0,,,8.8929134429244,0,0,,,,,74.47897546020384
353,1784949896.9990642,,59688.38339652121,,2186.7119774991043,,0.20197613449492796,,0.5169634390873817,,0.5190076030412164,,0.1872544073660707,0.0,0.0,0.0,0.0,3532000,3404,28256,1766,58.76159,0.053825117414817214,-0.013509016431271448,-3.564431257545948,0,0.0,0.0,0.0,,,11.796077846824032,0,0,,,,,71.38518962497213
354,1784950032.4215543,,59429.53756401807,,2172.8254567730937,,0.20306928951222764,,0.5169634480532863,,0.5190076030412164,,0.18770829377147658,0.0,0.0,0.0,0.0,3542000,3414,28336,1771,194.61382,0.029867903067497537,-0.009491207456449047,-3.562767744064331,0,0.0,0.0,0.0,,,19.20192439704367,0,0,,,,,73.84297920079781
355,1784950187.008029,,65401.358689501096,,2292.4493213650803,,0.19781786694388315,,0.5169634490613636,,0.5190076030412164,,0.18552787138128962,0.0,0.0,0.0,0.0,3552000,3429,28416,1776,152.63303,0.040091336937621236,-0.033071814913455455,-3.4794274121522903,0,0.0,0.0,0.0,,,9.109725773503316,0,0,1.0,598.094,598.093994140625,1.0,64.6887126890435
356,1784950321.3808894,,63910.43437583189,,2255.303642676769,,0.20211204510363553,,0.5169634476788257,,0.5190076030412164,,0.18731083999576204,0.0,0.0,0.0,0.0,3562000,3439,28496,1781,129.33873,0.03438064636429772,-0.029042992501672416,-3.563881203532219,0,0.0,0.0,0.0,,,10.283843387596242,0,0,,,,,74.41978911570521
357,1784950454.6510994,,61649.68872969931,,2211.122695618704,,0.20548604918573227,,0.5169634425813224,,0.5190076030412164,,0.18871174599330162,0.0,0.0,0.0,0.0,3572000,3442,28576,1786,174.60458,0.012153916613897309,-0.03936941311621922,-3.5512257516384125,0,0.0,0.0,0.0,,,11.615162606629987,0,0,,,,,75.03552364606065
358,1784950594.0104897,,59347.73549654857,,2172.8136873558165,,0.2028244100613735,,0.516963448380656,,0.5190076030412164,,0.18760661839949302,0.0,0.0,0.0,0.0,3582000,3451,28656,1791,197.48079,0.034163259668275714,-0.01629231745391735,-3.5967804715037346,0,0.0,0.0,0.0,,,9.691455337049675,0,0,,,,,71.75692294356394
359,1784950726.5730877,,63094.7881914547,,2265.6025208286233,,0.1965689522278333,,0.5169634454818415,,0.5190076030412164,,0.18500931367884124,0.0,0.0,0.0,0.0,3592000,3452,28736,1796,198.89119,0.02835606294684112,-0.020948687582858838,-3.6019588708877563,0,0.0,0.0,0.0,,,21.250245701457644,0,0,,,,,75.43605106348512
360,1784950878.2669368,,62227.2596752082,,2212.6483780418694,,0.20583612589716196,,0.5169634505730787,,0.5190076030412164,,0.18885710157155666,0.0,0.0,0.0,0.0,3602000,3461,28816,1801,170.66365,0.02756945346482098,-0.025713412855111528,-3.6500768661499023,0,0.0,0.0,0.0,,,16.60363621237631,0,0,1.0,611.5632,611.5631713867188,1.0,65.92225225020276
361,1784951013.131127,,62155.6772296529,,2233.7445832296944,,0.19970123525157774,,0.5169634412962804,,0.5190076030412164,,0.18630985580508921,0.0,0.0,0.0,0.0,3612000,3469,28896,1806,204.09688,0.02433581813238561,-0.03677846727077849,-3.628297798335552,0,0.0,0.0,0.0,,,13.505164435407371,0,0,,,,,74.14866515795535
362,1784951146.2459953,,63174.55952328387,,2261.8534590052486,,0.19800238971277706,,0.5169634536253717,,0.5190076030412164,,0.18560448727008338,0.0,0.0,0.0,0.0,3622000,3474,28976,1811,217.22476,0.01529132411815226,-0.02462698732051649,-3.6937583908438683,0,0.0,0.0,0.0,,,16.874515486486693,0,0,,,,,75.12308981972096
363,1784951279.9748297,,63334.24951523824,,2254.460388870207,,0.2013128776944178,,0.5169634433014216,,0.5190076030412164,,0.1869790199510918,0.0,0.0,0.0,0.0,3632000,3482,29056,1816,129.88863,0.013387462255195715,0.006097157725889701,-3.7292548939585686,0,0.0,0.0,0.0,,,17.28406353168414,0,0,,,,,74.7781877342245
364,1784951415.332735,,62809.40816315191,,2243.25624980593,,0.19925096415562812,,0.5169634379344569,,0.5190076030412164,,0.1861228998349425,0.0,0.0,0.0,0.0,3642000,3489,29136,1821,149.18895,0.020813971757888794,-0.024723128146433737,-3.670368991792202,0,0.0,0.0,0.0,,,14.70473510488711,0,0,,,,,73.87821160220936
365,1784951569.173981,,61029.885980496954,,2210.121899524064,,0.20180881272047815,,0.516963447875338,,0.5190076030412164,,0.18718493610518694,0.0,0.0,0.0,0.0,3652000,3495,29216,1826,164.47868,0.03954105422599241,-0.025012248999701114,-3.6569803059101105,0,0.0,0.0,0.0,,,13.012893037002847,0,0,1.0,553.09,553.0900268554688,1.0,65.00207411198345
366,1784951707.256642,,63099.80305712203,,2252.293641687101,,0.20018185691840154,,0.5169634411298406,,0.5190076030412164,,0.1865094128112156,0.0,0.0,0.0,0.0,3662000,3503,29296,1831,116.73718,0.0508602230111137,-0.002342584429747774,-3.624386079609394,0,0.0,0.0,0.0,,,31.608290894899763,0,0,,,,,72.4203905533255
367,1784951841.5146139,,62138.62259001042,,2231.8552263643087,,0.20239699219696525,,0.5169634492763898,,0.5190076030412164,,0.18742915208159697,0.0,0.0,0.0,0.0,3672000,3511,29376,1836,167.303,0.01500709870015271,-0.023312453955441015,-3.608727104961872,0,0.0,0.0,0.0,,,12.652204900689819,0,0,,,,,74.48346808672022
368,1784951975.8996885,,62875.222104472865,,2253.6013603315523,,0.1986209584990726,,0.5169634407031832,,0.5190076030412164,,0.18586131820811871,0.0,0.0,0.0,0.0,3682000,3524,29456,1841,67.104,0.020970440236851573,0.004496559826293378,-3.5392578169703484,0,0.0,0.0,0.0,,,11.03883589679392,0,0,,,,,74.41302794586272
369,1784952108.2660131,,70623.31280169649,,2384.1888539426604,,0.19918176819930347,,0.5169634479876003,,0.5190076030412164,,0.1860941712636254,0.0,0.0,0.0,0.0,3692000,3529,29536,1846,117.69667,0.018125775444786996,0.00328667806024896,-3.4980989173054695,0,0.0,0.0,0.0,,,11.156182519240009,0,0,,,,,75.54791595044195
370,1784952260.5522702,,64765.03636499852,,2269.254850037495,,0.20178655680572233,,0.5169634384123124,,0.5190076030412164,,0.1871756934214051,0.0,0.0,0.0,0.0,3702000,3537,29616,1851,182.49182,0.029130784270819277,-0.024220868279371643,-3.478694349527359,0,0.0,0.0,0.0,,,6.803389595972172,0,0,1.0,512.6486,512.6486206054688,1.0,65.66580826177876
371,1784952394.1670501,,66390.97122091915,,2327.218745823037,,0.19579303356818595,,0.5169634465652831,,0.5190076030412164,,0.18468714774857067,0.0,0.0,0.0,0.0,3712000,3546,29696,1856,99.13226,0.03809202823322266,-0.028324278848231188,-3.482580415904522,0,0.0,0.0,0.0,,,11.996259693736032,0,0,,,,,74.8420185469492
372,1784952532.036114,,62538.496798931534,,2245.858134919595,,0.19982554533888786,,0.5169634464401112,,0.5190076030412164,,0.1863614711382143,0.0,0.0,0.0,0.0,3722000,3551,29776,1861,94.11615,0.02073685740469955,-0.023257284075953066,-3.5696077719330788,0,0.0,0.0,0.0,,,12.737774824363054,0,0,,,,,72.53258875013275
373,1784952666.4424171,,63403.21040627535,,2253.6692568884014,,0.20092666002299708,,0.5169634382688436,,0.5190076030412164,,0.18681865901825925,0.0,0.0,0.0,0.0,3732000,3560,29856,1866,71.86141,0.06966749223647639,-0.010617908876156434,-3.5227135941386223,0,0.0,0.0,0.0,,,34.06477289394551,0,0,,,,,74.40127243415104
374,1784952801.5391796,,58812.32942325911,,2161.5202645503573,,0.20290569135257075,,0.5169634402379566,,0.5190076030412164,,0.18764036525744623,0.0,0.0,0.0,0.0,3742000,3569,29936,1871,180.0661,0.02862234940403141,-0.01841836198582314,-3.544425942003727,0,0.0,0.0,0.0,,,14.078642800934546,0,0,,,,,74.02101641812416
375,1784952954.8376472,,64736.252447421415,,2270.1024173870865,,0.20257640037787955,,0.5169634541442786,,0.5190076030412164,,0.18750364442312858,0.0,0.0,0.0,0.0,3752000,3573,30016,1876,166.73288,0.008701731348992325,-0.017593630917417613,-3.534093901515007,0,0.0,0.0,0.0,,,11.820676389673757,0,0,1.0,597.4937,597.4937133789062,1.0,65.2322263788433
376,1784953089.5668476,,61594.65336352284,,2212.8990358075503,,0.2025008981086566,,0.516963444088224,,0.5190076030412164,,0.18747229341049876,0.0,0.0,0.0,0.0,3762000,3577,30096,1881,98.52173,0.030136136279907078,-0.01834934888938733,-3.5689045265316963,0,0.0,0.0,0.0,,,9.697440579184283,0,0,,,,,74.22295966547175
377,1784953223.0597296,,64822.280862668165,,2275.414279186156,,0.200787717469318,,0.5169634426472159,,0.5190076030412164,,0.18676097010053744,0.0,0.0,0.0,0.0,3772000,3582,30176,1886,100.69314,0.013067934749415144,-0.02950732958743174,-3.5422412380576134,0,0.0,0.0,0.0,,,11.603075569285632,0,0,,,,,74.91036164717552
378,1784953355.7909875,,64369.59622928414,,2273.0452384286405,,0.19994863310129482,,0.5169634417909663,,0.5190076030412164,,0.1864125769960098,0.0,0.0,0.0,0.0,3782000,3586,30256,1891,132.00534,0.013063178543234244,-0.0073333498257852625,-3.5461130291223526,0,0.0,0.0,0.0,,,12.166484850525139,0,0,,,,,75.34020395082541
379,1784953487.6885037,,66128.42006395644,,2309.206351243397,,0.19790245379333363,,0.5169634419256849,,0.5190076030412164,,0.18556299092853956,0.0,0.0,0.0,0.0,3792000,3589,30336,1896,142.02765,0.01155224499234464,-0.02963493847346399,-3.624969281256199,0,0.0,0.0,0.0,,,13.77468235053427,0,0,,,,,75.81643940275899
380,1784953640.1899188,,62384.40959956721,,2237.872515136374,,0.2002094510324289,,0.5169634466060093,,0.5190076030412164,,0.18652087115043292,0.0,0.0,0.0,0.0,3802000,3597,30416,1901,65.79081,0.03470388439018279,-0.001339729715255089,-3.6413489058613777,0,0.0,0.0,0.0,,,13.297573447854296,0,0,1.0,594.5599,594.5598754882812,1.0,65.57316161253611
381,1784953776.7130365,,61024.31447702371,,2208.3511110842396,,0.20061562061774524,,0.5169634515296309,,0.5190076030412164,,0.18668951621747978,0.0,0.0,0.0,0.0,3812000,3602,30496,1906,78.04286,0.022689652803819627,-0.026622779103490757,-3.6088006272912025,0,0.0,0.0,0.0,,,13.048109415384822,0,0,,,,,73.24766644261403
382,1784953911.0348473,,61609.91561333131,,2216.3580260421904,,0.20236630289568067,,0.5169634492433619,,0.5190076030412164,,0.18741640969043236,0.0,0.0,0.0,0.0,3822000,3611,30576,1911,175.79059,0.022720380598912016,-0.02224531877800473,-3.594058357179165,0,0.0,0.0,0.0,,,11.617831093541513,0,0,,,,,74.44807372068837
383,1784954044.4080892,,60362.69139865505,,2204.382887364973,,0.20150131513328934,,0.5169634480939204,,0.5190076030412164,,0.1870572612803692,0.0,0.0,0.0,0.0,3832000,3616,30656,1916,158.011,0.02853590389713645,-0.010484304664714728,-3.5932619720697403,0,0.0,0.0,0.0,,,19.479938571330308,0,0,,,,,74.9775584778465
384,1784954179.0850363,,58511.38021756087,,2160.8005992135013,,0.20210316000321618,,0.5169634508416421,,0.5190076030412164,,0.18730715148058816,0.0,0.0,0.0,0.0,3842000,3629,30736,1921,101.89119,0.04846344387624413,-0.025877336353005376,-3.6270336136221886,0,0.0,0.0,0.0,,,14.427865321479437,0,0,,,,,74.25175723330382
385,1784954331.353034,,62236.91054380704,,2229.7254500768477,,0.20090488310713994,,0.516963458186533,,0.5190076030412164,,0.18680962109387658,0.0,0.0,0.0,0.0,3852000,3638,30816,1926,110.47959,0.04118416435085237,-0.020155859761871397,-3.648115538060665,0,0.0,0.0,0.0,,,12.560610873937433,0,0,1.0,587.3582,587.3582153320312,1.0,65.67368062438788
386,1784954470.3872585,,59278.70070924184,,2174.853892808627,,0.20213506457824204,,0.5169634444792108,,0.5190076030412164,,0.18732039718171015,0.0,0.0,0.0,0.0,3862000,3655,30896,1931,32.180443,0.03558051399886608,-0.02651299563149223,-3.600921258330345,0,0.0,0.0,0.0,,,13.298431697212699,0,0,,,,,71.92473676656412
387,1784954604.438178,,60074.80947678027,,2182.3205816989,,0.20302768180338232,,0.5169634483394863,,0.5190076030412164,,0.1876910180549279,0.0,0.0,0.0,0.0,3872000,3677,30976,1936,35.861378,0.06118170393165201,-0.03255893561617995,-3.5684113278985023,0,0.0,0.0,0.0,,,21.1106045234805,0,0,,,,,74.59851708332671
388,1784954736.9477289,,58882.29969217295,,2154.3782015280053,,0.20506656647652785,,0.5169634569975102,,0.5190076030412164,,0.18853757710420202,0.0,0.0,0.0,0.0,3882000,3695,31056,1941,18.937418,0.06881916872225702,-0.021323433247744106,-3.602395437657833,0,0.0,0.0,0.0,,,21.36813323215941,0,0,,,,,75.46626006690393
389,1784954873.9659362,,60841.42422185142,,2198.396732449009,,0.20251888786386094,,0.5169634300051936,,0.5190076030412164,,0.18747976004967504,0.0,0.0,0.0,0.0,3892000,3715,31136,1946,46.50859,0.04301622515777126,-0.03278474697617639,-3.5813478156924248,0,0.0,0.0,0.0,,,14.505012270473966,0,0,,,,,72.98300199853581
390,1784955028.268477,,59614.05870133496,,2178.7719056872324,,0.20183920685006543,,0.5169634343546627,,0.5190076030412164,,0.18719755322852671,0.0,0.0,0.0,0.0,3902000,3734,31216,1951,114.989746,0.049971977539826185,-0.028776676386769395,-3.520259141921997,0,0.0,0.0,0.0,,,21.131282025443326,0,0,1.0,581.3571,581.3571166992188,1.0,64.80775439528293
391,1784955160.9730427,,61438.60688080275,,2222.2527802284517,,0.1995107405178821,,0.516963446480494,,0.5190076030412164,,0.18623076226983007,0.0,0.0,0.0,0.0,3912000,3748,31296,1956,107.73411,0.03132735349936411,-0.03315073086741904,-3.4927994087338448,0,0.0,0.0,0.0,,,6.9622357887155175,0,0,,,,,75.35534692789341
392,1784955298.2662027,,64072.571329972525,,2257.56606058942,,0.20158869704366314,,0.5169634454368495,,0.5190076030412164,,0.1870935422496367,0.0,0.0,0.0,0.0,3922000,3766,31376,1961,74.84513,0.045456146413926035,-0.022185131660080515,-3.5074372813105583,0,0.0,0.0,0.0,,,19.210617414620636,0,0,,,,,72.83685537624709
393,1784955432.24737,,57474.769957494704,,2145.6522657816968,,0.19976640136096804,,0.5169634452236948,,0.5190076030412164,,0.18633691395555949,0.0,0.0,0.0,0.0,3932000,3781,31456,1966,115.779686,0.0408709537005052,-0.026431239733938128,-3.5331358909606934,0,0.0,0.0,0.0,,,10.56358014039954,0,0,,,,,74.63733937350631
394,1784955566.043713,,62298.576743105325,,2226.8450643970245,,0.2024334640000251,,0.5169634461004841,,0.5190076030412164,,0.18744429476088356,0.0,0.0,0.0,0.0,3942000,3794,31536,1971,116.25496,0.03474935976555571,-0.03390210674115224,-3.495330587029457,0,0.0,0.0,0.0,,,11.231053876577082,0,0,,,,,74.74045683036138
395,1784955725.0371366,,64069.37117953919,,2247.8920428917604,,0.2041871576551009,,0.5169634593298004,,0.5190076030412164,,0.18817244167905842,0.0,0.0,0.0,0.0,3952000,3802,31616,1976,128.87343,0.030397502414416522,-0.024939772025390994,-3.5636370331048965,0,0.0,0.0,0.0,,,12.24932236807216,0,0,1.0,617.6311,617.631103515625,1.0,62.89568588291435
396,1784955859.7916853,,62738.780720778945,,2238.847992662154,,0.20129701180141102,,0.5169634454930963,,0.5190076030412164,,0.1869724327741471,0.0,0.0,0.0,0.0,3962000,3816,31696,1981,118.860374,0.04171866184333339,-0.02352886405424215,-3.580634169280529,0,0.0,0.0,0.0,,,12.6264678287937,0,0,,,,,74.20899599809212
397,1784955992.614482,,59124.48417849237,,2169.6382269447076,,0.20267162827130328,,0.5169634524322921,,0.5190076030412164,,0.1875431832812981,0.0,0.0,0.0,0.0,3972000,3826,31776,1986,164.39703,0.059147490886971354,-0.030152556606481085,-3.600782610476017,0,0.0,0.0,0.0,,,22.73409077410051,0,0,,,,,75.2882888457205
398,1784956125.5054367,,61690.53472344455,,2217.0595985323534,,0.20345592895375447,,0.5169634459139794,,0.5190076030412164,,0.1878688283914456,0.0,0.0,0.0,0.0,3982000,3840,31856,1991,64.598495,0.02743279666174203,-0.025460594224568922,-3.5978678539395332,0,0.0,0.0,0.0,,,13.253588720086452,0,0,,,,,75.24965974297548
399,1784956256.6602159,,61328.85626422931,,2221.420424868291,,0.19851071471421955,,0.5169634485393374,,0.5190076030412164,,0.1858155458853282,0.0,0.0,0.0,0.0,3992000,3848,31936,1996,132.14957,0.02556543840910308,-0.010332524923796882,-3.577121928334236,0,0.0,0.0,0.0,,,13.013970686228998,0,0,,,,,76.2457907979906
400,1784956412.4666848,,60530.79016797991,,2219.2299056648435,,0.19540705548620466,,0.5169634494108234,,0.5190076030412164,,0.18452688787035432,0.0,0.0,0.0,0.0,4002000,3855,32016,2001,266.706,0.02766081952722743,-0.01842041255076765,-3.6095995381474495,0,0.0,0.0,0.0,,,12.6151889412258,0,0,1.0,584.49115,584.4911499023438,1.0,64.18218721074989
401,1784956545.408995,,63980.424583874614,,2272.754268660474,,0.19936684567318277,,0.5169634465979152,,0.5190076030412164,,0.1861710162785644,0.0,0.0,0.0,0.0,4012000,3866,32096,2006,176.29901,0.029194671311415732,-0.028194621292641386,-3.558146618306637,0,0.0,0.0,0.0,,,7.80693141393479,0,0,,,,,75.22059788621638
402,1784956677.8915102,,62285.05359048526,,2242.1944059566085,,0.19852571870290403,,0.5169634407907447,,0.5190076030412164,,0.18582177408297215,0.0,0.0,0.0,0.0,4022000,3878,32176,2011,79.83702,0.0366102775442414,-0.01990794494849979,-3.6013892740011215,0,0.0,0.0,0.0,,,11.890759016231707,0,0,,,,,75.48165843017011
403,1784956812.5113947,,61803.245261070675,,2216.0011160788904,,0.20361291003160387,,0.5169634505106386,,0.5190076030412164,,0.18793400880912745,0.0,0.0,0.0,0.0,4032000,3892,32256,2016,94.419914,0.031289665086660534,-0.016207937827857677,-3.5467922687530518,0,0.0,0.0,0.0,,,9.293182889720452,0,0,,,,,74.28323248644398
404,1784956944.5912309,,62973.31205629888,,2245.184374355268,,0.20094558680366423,,0.5169634515293189,,0.5190076030412164,,0.18682652018480822,0.0,0.0,0.0,0.0,4042000,3898,32336,2021,217.25961,0.029709348746109754,0.0012288463003642391,-3.6776357665657997,0,0.0,0.0,0.0,,,11.379023055454498,0,0,,,,,75.71178230053353
405,1784957100.6153555,,59077.524718543704,,2177.1814570201436,,0.20114432859807344,,0.5169634519559868,,0.5190076030412164,,0.18690903907201417,0.0,0.0,0.0,0.0,4052000,3906,32416,2026,184.567,0.0395401485147886,-0.01375160070892889,-3.650578133761883,0,0.0,0.0,0.0,,,17.56936053894428,0,0,1.0,583.5577,583.5576782226562,1.0,64.09265287183014
406,1784957233.7882516,,61187.723095921654,,2212.2950719633095,,0.20218487463740076,,0.5169634491542974,,0.5190076030412164,,0.18734107955625648,0.0,0.0,0.0,0.0,4062000,3912,32496,2031,163.2972,0.00841534415667411,-0.0409885271510575,-3.6186797469854355,0,0.0,0.0,0.0,,,10.306033278174409,0,0,,,,,75.09035472654071
407,1784957367.5907352,,63697.635112647804,,2271.4692131902243,,0.1974388723128369,,0.5169634449421345,,0.5190076030412164,,0.185370509681424,0.0,0.0,0.0,0.0,4072000,3919,32576,2036,146.47333,0.03379370324546471,-0.02527018946420867,-3.614714816212654,0,0.0,0.0,0.0,,,10.545840264941553,0,0,,,,,74.73702676852116
408,1784957502.2396343,,65810.5852253624,,2299.5738141362663,,0.19959105640491354,,0.5169634528826065,,0.5190076030412164,,0.18626411119506403,0.0,0.0,0.0,0.0,4082000,3928,32656,2041,188.21236,0.03142973885405809,-0.023359935632470297,-3.629771001636982,0,0.0,0.0,0.0,,,12.202877606202685,0,0,,,,,74.2672262003506
409,1784957635.3789754,,59547.57994879372,,2168.5306747022846,,0.2054608231873008,,0.5169634407281286,,0.5190076030412164,,0.18870127163467867,0.0,0.0,0.0,0.0,4092000,3934,32736,2046,212.62332,0.020096660155104473,-0.025747807798325084,-3.6587732285261154,0,0.0,0.0,0.0,,,13.42166772844661,0,0,,,,,75.10927833767916
410,1784957787.7241516,,59108.27711815357,,2174.8291921551163,,0.20221701032941872,,0.516963449719387,,0.5190076030412164,,0.1873544226040634,0.0,0.0,0.0,0.0,4102000,3941,32816,2051,183.92227,0.020399968168931082,-0.026219364499411313,-3.632646769285202,0,0.0,0.0,0.0,,,21.55853406351374,0,0,1.0,580.75726,580.7572631835938,1.0,65.64041183813654
411,1784957925.7060268,,59618.58674695209,,2184.6765514082945,,0.20177538159919833,,0.5169634492002844,,0.5190076030412164,,0.18717105556527824,0.0,0.0,0.0,0.0,4112000,3950,32896,2056,101.45836,0.03290084406035021,-0.020062747673364356,-3.6101348772644997,0,0.0,0.0,0.0,,,21.670239385582935,0,0,,,,,72.47328562133515
412,1784958055.7876637,,62414.78153512908,,2238.2279306547557,,0.20011753100598015,,0.5169634473485321,,0.5190076030412164,,0.18648270554485855,0.0,0.0,0.0,0.0,4122000,3955,32976,2061,161.11684,0.03272847115295008,-0.003811530821622,-3.601817302405834,0,0.0,0.0,0.0,,,10.421214873229601,0,0,,,,,76.8748059167031
413,1784958189.4772778,,61609.0593130555,,2225.5197658467405,,0.19883679041946434,,0.5169634485620135,,0.5190076030412164,,0.1859509345060147,0.0,0.0,0.0,0.0,4132000,3966,33056,2066,99.56633,0.02444956765975803,-0.03268315870263905,-3.595891147851944,0,0.0,0.0,0.0,,,11.704980907218733,0,0,,,,,74.80012218982492
414,1784958323.7231793,,57216.86012941614,,2135.5769422827566,,0.20378847386321156,,0.5169634447035414,,0.5190076030412164,,0.1880069028184467,0.0,0.0,0.0,0.0,4142000,3975,33136,2071,127.78847,0.015279766666935757,-0.02986562211663113,-3.6463993564248085,0,0.0,0.0,0.0,,,14.198511785369515,0,0,,,,,74.49016868248694
415,1784958477.7383206,,60549.020685309835,,2195.962296848528,,0.20395042282264741,,0.5169634536248601,,0.5190076030412164,,0.18807414679571188,0.0,0.0,0.0,0.0,4152000,3990,33216,2076,55.551685,0.03921923920279369,-0.004481465673052298,-3.6314477175474167,0,0.0,0.0,0.0,,,10.178294620530382,0,0,1.0,530.147,530.14697265625,1.0,64.92868217240678
416,1784958610.9214017,,61878.73901384533,,2217.6660549073504,,0.20303540870550557,,0.5169634413994562,,0.5190076030412164,,0.1876942249236818,0.0,0.0,0.0,0.0,4162000,3998,33296,2081,131.70486,0.036730768042616546,-0.005887960303880391,-3.6629795655608177,0,0.0,0.0,0.0,,,9.760075497141168,0,0,,,,,75.08461145150656
417,1784958748.0440295,,68112.34147878193,,2348.179214681697,,0.19769651074474173,,0.516963444049713,,0.5190076030412164,,0.18547748254693502,0.0,0.0,0.0,0.0,4172000,4016,33376,2086,105.182945,0.027009025390725583,-0.0233731679036282,-3.6091000959277153,0,0.0,0.0,0.0,,,8.206845330025311,0,0,,,,,72.9274249866374
418,1784958880.8914058,,60521.040260859896,,2188.2374068604804,,0.2035916429240752,,0.5169634420545351,,0.5190076030412164,,0.18792517688550503,0.0,0.0,0.0,0.0,4182000,4029,33456,2091,126.98806,0.03763698891270906,-0.02153889929468278,-3.7482928186655045,0,0.0,0.0,0.0,,,14.779471452884192,0,0,,,,,75.27435028784004
419,1784959014.6964793,,61119.6746470174,,2204.8941042585484,,0.20278242848800584,,0.5169634332546176,,0.5190076030412164,,0.18758918436967298,0.0,0.0,0.0,0.0,4192000,4049,33536,2096,118.155556,0.055323811422567815,-0.010723486862843856,-3.665554739534855,0,0.0,0.0,0.0,,,35.6821998184835,0,0,,,,,74.73559037606225
420,1784959173.0943954,,62889.96866383379,,2235.1512447759296,,0.20333456368927633,,0.5169634519482142,,0.5190076030412164,,0.18781843800228518,0.0,0.0,0.0,0.0,4202000,4066,33616,2101,101.49788,0.031608568504452705,-0.023733472495223396,-3.577777974307537,0,0.0,0.0,0.0,,,19.46953418285936,0,0,1.0,547.75055,547.7505493164062,1.0,63.13213842499464
421,1784959306.9950428,,60509.995665913324,,2206.3955834150584,,0.19936192838631592,,0.5169634440595612,,0.5190076030412164,,0.18616897408347743,0.0,0.0,0.0,0.0,4212000,4084,33696,2106,77.17067,0.04531583481002599,-0.01590958387714636,-3.641763649880886,0,0.0,0.0,0.0,,,13.814869910501319,0,0,,,,,74.68223612258795
422,1784959446.1020477,,58557.86740950635,,2163.3156014251367,,0.2017959303513029,,0.516963437048161,,0.5190076030412164,,0.18717958510171379,0.0,0.0,0.0,0.0,4222000,4100,33776,2111,81.59715,0.022127800504676998,-0.02748453855747357,-3.6008728817105293,0,0.0,0.0,0.0,,,7.871198770193416,0,0,,,,,71.88710595832147
423,1784959580.384722,,58068.65740775103,,2149.488236142886,,0.20283263891047726,,0.5169634464505996,,0.5190076030412164,,0.187610034681681,0.0,0.0,0.0,0.0,4232000,4112,33856,2116,107.92847,0.02721888237283565,-0.023419556331646163,-3.595780596137047,0,0.0,0.0,0.0,,,9.81621068900866,0,0,,,,,74.46977097452263
424,1784959712.8822272,,65613.25641837524,,2293.8059762428106,,0.2015144905459387,,0.5169634397760697,,0.5190076030412164,,0.18706273012826957,0.0,0.0,0.0,0.0,4242000,4122,33936,2121,185.77719,0.016860431933309883,-0.015969885766025982,-3.5748508125543594,0,0.0,0.0,0.0,,,9.604421354799943,0,0,,,,,75.47311907724688
425,1784959863.751502,,64804.917108249065,,2288.4310398307207,,0.19826400480653508,,0.5169634546799702,,0.5190076030412164,,0.18571311165918764,0.0,0.0,0.0,0.0,4252000,4127,34016,2126,199.1315,0.025201656098943204,-0.019069598387432052,-3.572069302201271,0,0.0,0.0,0.0,,,20.616038523285972,0,0,1.0,570.22174,570.2217407226562,1.0,66.2825487036443
426,1784959997.5539644,,63800.39696834431,,2275.2281595424733,,0.1972852722053925,,0.5169634472234595,,0.5190076030412164,,0.18530673443881568,0.0,0.0,0.0,0.0,4262000,4139,34096,2131,133.21451,0.03522747167153284,-0.016652543401420417,-3.5714735314249992,0,0.0,0.0,0.0,,,20.045683272237433,0,0,,,,,74.73704342598464
427,1784960130.3144972,,58343.36962402839,,2169.8551487319805,,0.1983360462441385,,0.5169634515459942,,0.5190076030412164,,0.18574302307547258,0.0,0.0,0.0,0.0,4272000,4148,34176,2136,80.36304,0.018827932653948665,-0.03920106941041013,-3.629334680736065,0,0.0,0.0,0.0,,,16.972661250619858,0,0,,,,,75.32359747661931
428,1784960268.2055554,,63511.77713064439,,2247.5891681435332,,0.20368104488996322,,0.5169634560272522,,0.5190076030412164,,0.18796229992006666,0.0,0.0,0.0,0.0,4282000,4158,34256,2141,124.11216,0.03128115489380434,-0.03109967624186538,-3.5536598339676857,0,0.0,0.0,0.0,,,9.53778694819865,0,0,,,,,72.5210100443447
429,1784960400.732153,,61625.53168843189,,2207.8788458431236,,0.20478441913049208,,0.5169634498652157,,0.5190076030412164,,0.1884204263835268,0.0,0.0,0.0,0.0,4292000,4164,34336,2146,96.91649,0.02303885406581685,-0.03537806192980497,-3.6069550961256027,0,0.0,0.0,0.0,,,8.598873463301489,0,0,,,,,75.45655162906186
430,1784960554.1616666,,62500.94131004243,,2226.443110025692,,0.20282141150795177,,0.5169634526759651,,0.5190076030412164,,0.18760537424093565,0.0,0.0,0.0,0.0,4302000,4175,34416,2151,114.609146,0.04340250266250223,-0.026777852889381393,-3.62431401014328,0,0.0,0.0,0.0,,,11.339345116580473,0,0,1.0,618.83154,618.83154296875,1.0,65.17650851461602
431,1784960684.4322264,,62073.62885546795,,2226.303363740048,,0.20189666653533153,,0.5169634477684075,,0.5190076030412164,,0.18722141352209284,0.0,0.0,0.0,0.0,4312000,4181,34496,2156,128.93832,0.04688904638169333,-0.01172426969060325,-3.665792517364025,0,0.0,0.0,0.0,,,22.398643553899888,0,0,,,,,76.76331360553355
432,1784960816.614035,,69020.33249158628,,2344.533530603884,,0.20144320256894085,,0.5169634388105366,,0.5190076030412164,,0.1870331307335091,0.0,0.0,0.0,0.0,4322000,4192,34576,2161,147.94351,0.033140160667244345,-0.029034178689471446,-3.5624598786234856,0,0.0,0.0,0.0,,,10.104118124180452,0,0,,,,,75.65337544232622
433,1784960954.423402,,61352.35038132599,,2217.4552430024414,,0.20116390605852194,,0.5169634441372073,,0.5190076030412164,,0.18691716618891496,0.0,0.0,0.0,0.0,4332000,4200,34656,2166,148.6086,0.04724889842327684,-0.02604934048940777,-3.623965948820114,0,0.0,0.0,0.0,,,13.09731813261284,0,0,,,,,72.56400759960945
434,1784961087.503135,,62594.22855545877,,2234.9077333469604,,0.20284800994625712,,0.5169634451868195,,0.5190076030412164,,0.18761641657647413,0.0,0.0,0.0,0.0,4342000,4206,34736,2171,225.01175,0.01737108442466706,-0.0200890529085882,-3.616065129637718,0,0.0,0.0,0.0,,,11.539719461704358,0,0,,,,,75.14292049874796
435,1784961237.809986,,64021.11550461786,,2264.916026077374,,0.20105736176689137,,0.516963442961257,,0.5190076030412164,,0.18687292811579145,0.0,0.0,0.0,0.0,4352000,4208,34816,2176,246.76704,0.018962326779728755,-0.03478542830271181,-3.623319834470749,0,0.0,0.0,0.0,,,10.34673047306249,0,0,1.0,569.5549,569.5548706054688,1.0,66.53056806192473
436,1784961369.3212543,,61712.17478959041,,2220.9691616743044,,0.20096657766309184,,0.5169634395851316,,0.5190076030412164,,0.18683523332848054,0.0,0.0,0.0,0.0,4362000,4219,34896,2181,110.89833,0.02910777577199042,-0.02167613313304173,-3.6314072757959366,0,0.0,0.0,0.0,,,11.023849950892746,0,0,,,,,76.03911224236897
437,1784961503.7005854,,61631.5884262808,,2212.3847199039315,,0.20477785101620338,,0.5169634444056398,,0.5190076030412164,,0.1884176981706088,0.0,0.0,0.0,0.0,4372000,4229,34976,2186,130.05322,0.015504329232499003,-0.030785488630499458,-3.633110649883747,0,0.0,0.0,0.0,,,10.44763987461479,0,0,,,,,74.41620551256456
438,1784961637.8033888,,61194.60873329654,,2211.0991021944055,,0.20257920538966134,,0.5169634412678713,,0.5190076030412164,,0.18750480650580023,0.0,0.0,0.0,0.0,4382000,4237,35056,2191,164.28223,0.02140856542973779,-0.039190686540678144,-3.594816140830517,0,0.0,0.0,0.0,,,10.189160722504855,0,0,,,,,74.56965789245508
439,1784961776.7801182,,59929.68468884868,,2194.1535355686406,,0.2004302267678472,,0.5169634449699707,,0.5190076030412164,,0.18661253825142446,0.0,0.0,0.0,0.0,4392000,4250,35136,2196,159.37524,0.03209892334416509,-0.027402369034916774,-3.5620920211076736,0,0.0,0.0,0.0,,,12.52415267403125,0,0,,,,,71.95449087087216
440,1784961925.389825,,62687.18525328644,,2243.2762302698748,,0.20065101717682599,,0.5169634467986404,,0.5190076030412164,,0.18670421213790925,0.0,0.0,0.0,0.0,4402000,4255,35216,2201,171.01375,0.0099948019196745,-0.03834183926664991,-3.6175710186362267,0,0.0,0.0,0.0,,,11.041079679365808,0,0,1.0,592.82623,592.8262329101562,1.0,67.29035642476323
441,1784962056.7757454,,63294.68113350822,,2233.950111019019,,0.20686784486155324,,0.5169634475507591,,0.5190076030412164,,0.18928547695646936,0.0,0.0,0.0,0.0,4412000,4263,35296,2206,257.32452,0.024883819103706628,-0.029988933714776067,-3.614788956940174,0,0.0,0.0,0.0,,,11.720244149407858,0,0,,,,,76.11165589443522
442,1784962190.1051896,,66427.47973229157,,2292.8371402125185,,0.20417530290135721,,0.5169634490107327,,0.5190076030412164,,0.18816751744938473,0.0,0.0,0.0,0.0,4422000,4276,35376,2211,126.72282,0.037791283801198006,-0.02177445545385126,-3.5972352251410484,0,0.0,0.0,0.0,,,14.468172964140479,0,0,,,,,75.00218723945943
443,1784962322.5611389,,65312.54646913908,,2296.6958009161567,,0.19679249428979426,,0.5169634439734153,,0.5190076030412164,,0.18510212940096182,0.0,0.0,0.0,0.0,4432000,4283,35456,2216,237.75491,0.033800334233092144,-0.029351769138884265,-3.670840173959732,0,0.0,0.0,0.0,,,26.700323972935315,0,0,,,,,75.496797537502
444,1784962455.1619947,,68052.85495185385,,2328.006525510833,,0.20151687837213453,,0.5169634546672429,,0.5190076030412164,,0.1870637245464645,0.0,0.0,0.0,0.0,4442000,4294,35536,2221,191.68295,0.026699672016547993,-0.03517720011586789,-3.6011810675263405,0,0.0,0.0,0.0,,,11.965130262559256,0,0,,,,,75.41429902611272
445,1784962611.573659,,65246.09530414123,,2286.6942310218906,,0.20115182477324797,,0.5169634479263033,,0.5190076030412164,,0.18691215072360487,0.0,0.0,0.0,0.0,4452000,4301,35616,2226,155.53947,0.029366830101935193,-0.010122796355972241,-3.68673899769783,0,0.0,0.0,0.0,,,29.32826374497514,0,0,1.0,558.15265,558.1526489257812,1.0,63.93384888145474
446,1784962744.6785626,,65542.05191930091,,2279.0388962574893,,0.20462164749373282,,0.5169634463148778,,0.5190076030412164,,0.18835284189982918,0.0,0.0,0.0,0.0,4462000,4315,35696,2231,143.63144,0.03287950740195811,-0.02246160568029154,-3.640535347163677,0,0.0,0.0,0.0,,,13.041908834286312,0,0,,,,,75.12871071718537
447,1784962878.7215168,,58377.77460307267,,2153.428082503135,,0.20311333501319578,,0.516963451514347,,0.5190076030412164,,0.18772658242359447,0.0,0.0,0.0,0.0,4472000,4329,35776,2236,94.20021,0.022495032695587724,-0.03545659539668122,-3.6927952393889427,0,0.0,0.0,0.0,,,15.627774170731975,0,0,,,,,74.60295087177263
448,1784963010.921399,,58437.24525142865,,2161.3027385479495,,0.19971912218501006,,0.516963438884027,,0.5190076030412164,,0.18631728208619575,0.0,0.0,0.0,0.0,4482000,4340,35856,2241,119.056564,0.0400054034544155,-0.02201021254247415,-3.7430673092603683,0,0.0,0.0,0.0,,,12.882331129746564,0,0,,,,,75.64303294479578
449,1784963150.1702292,,65183.6067999195,,2283.011889271247,,0.20174797888710064,,0.5169634543633664,,0.5190076030412164,,0.1871596788251565,0.0,0.0,0.0,0.0,4492000,4364,35936,2246,33.511066,0.0461013249005191,-0.014323164101369912,-3.7491325214505196,0,0.0,0.0,0.0,,,25.603802056577457,0,0,,,,,71.81388899616671
450,1784963303.1009243,,63482.52414112679,,2252.9920802000665,,0.20282876921718057,,0.5169634572078977,,0.5190076030412164,,0.18760843011294673,0.0,0.0,0.0,0.0,4502000,4390,36016,2251,26.07399,0.044484113517683,-0.01739559124234802,-3.770778700709343,0,0.0,0.0,0.0,,,13.72630273976877,0,0,1.0,575.75616,575.7561645507812,1.0,65.38909795263068
451,1784963441.173922,,63668.51451407851,,2256.5189338097134,,0.19931627146319356,,0.516963441378336,,0.5190076030412164,,0.18615001651504684,0.0,0.0,0.0,0.0,4512000,4408,36096,2256,104.31688,0.06161493848776445,-0.00289663134390139,-3.75889752805233,0,0.0,0.0,0.0,,,30.173994535622292,0,0,,,,,72.42545486558026
452,1784963574.7417111,,60143.02054690808,,2201.4382747170966,,0.19911233179774046,,0.5169634420994643,,0.5190076030412164,,0.18606533966972705,0.0,0.0,0.0,0.0,4522000,4429,36176,2261,50.770054,0.039522998325992376,-0.016495791780471336,-3.784502997994423,0,0.0,0.0,0.0,,,14.840473861287624,0,0,,,,,74.86835107406796
453,1784963713.7391074,,61114.5976576126,,2206.9312979107676,,0.20130816055269743,,0.5169634494218274,,0.5190076030412164,,0.18697706258923896,0.0,0.0,0.0,0.0,4532000,4456,36256,2266,57.34077,0.03773194079985842,-0.014521518309265957,-3.8081111535429955,0,0.0,0.0,0.0,,,13.726966118714277,0,0,,,,,71.94379561612773
454,1784963848.0086603,,59996.69106499464,,2190.1730615297824,,0.2022335366564524,,0.5169634460657421,,0.5190076030412164,,0.18736128370483912,0.0,0.0,0.0,0.0,4542000,4484,36336,2271,43.41766,0.05448891443666071,-0.015201276115476503,-3.793152779340744,0,0.0,0.0,0.0,,,28.149055856531024,0,0,,,,,74.47704546547162
455,1784964006.3566065,,62926.419850522856,,2245.3782320389137,,0.20017307756714908,,0.5169634478779191,,0.5190076030412164,,0.1865057689207915,0.0,0.0,0.0,0.0,4552000,4510,36416,2276,79.3266,0.0814290571724996,-0.0338064479874447,-3.7123108729720116,0,0.0,0.0,0.0,,,31.976535161500156,0,0,1.0,378.64975,378.6497497558594,1.0,63.152066639886776
456,1784964140.3751867,,63963.84331124056,,2249.4020907869503,,0.20467521200882544,,0.5169634499999418,,0.5190076030412164,,0.188375082949311,0.0,0.0,0.0,0.0,4562000,4537,36496,2281,44.733253,0.060994745581410825,-0.036311282790848054,-3.692665673792362,0,0.0,0.0,0.0,,,17.786889814210518,0,0,,,,,74.61651915521068
457,1784964280.8100612,,63044.979943053215,,2240.2836387660896,,0.2032886410783406,,0.51696344150398,,0.5190076030412164,,0.18779936856605658,0.0,0.0,0.0,0.0,4572000,4562,36576,2286,38.086777,0.0567009017104283,-0.03644414005248109,-3.6527937799692154,0,0.0,0.0,0.0,,,17.055853607448846,0,0,,,,,71.20738601008539
458,1784964415.728638,,60500.407449012324,,2196.5047123139566,,0.2021830326171593,,0.5169634497181194,,0.5190076030412164,,0.18734031485101263,0.0,0.0,0.0,0.0,4582000,4593,36656,2291,8.0743475,0.04217131616314873,-0.010867443990719039,-3.6916388273239136,0,0.0,0.0,0.0,,,11.783298900849884,0,0,,,,,74.11877850347707
459,1784964555.8397515,,56414.323807823996,,2107.2655406678764,,0.20697033423591465,,0.5169634535878895,,0.5190076030412164,,0.18932803237551507,0.0,0.0,0.0,0.0,4592000,4622,36736,2296,35.0609,0.04411900509148836,-0.024802859741612338,-3.7028815895318985,0,0.0,0.0,0.0,,,13.065129352963158,0,0,,,,,71.37192339787822
460,1784964713.7073843,,59536.348858208694,,2177.470257142689,,0.2036236056274402,,0.5169634515034697,,0.5190076030412164,,0.18793844988414016,0.0,0.0,0.0,0.0,4602000,4653,36816,2301,65.023674,0.03699081589002162,-0.027736452349927276,-3.6535214111208916,0,0.0,0.0,0.0,,,10.193700842516332,0,0,1.0,560.4864,560.4863891601562,1.0,63.34420689339992
461,1784964846.6235096,,62201.6183988525,,2233.537363673838,,0.20037569395603047,,0.516963444622091,,0.5190076030412164,,0.18658989582669,0.0,0.0,0.0,0.0,4612000,4683,36896,2306,20.997253,0.04828728549182415,-0.03460867211106233,-3.6827280074357986,0,0.0,0.0,0.0,,,10.777443327102993,0,0,,,,,75.23541629894649
462,1784964986.7862608,,64938.39746640537,,2273.3843351627893,,0.20306942722132032,,0.5169634532477204,,0.5190076030412164,,0.18770835198801628,0.0,0.0,0.0,0.0,4622000,4709,36976,2311,20.338078,0.04271269147284329,-0.021044465167506132,-3.6810403540730476,0,0.0,0.0,0.0,,,11.694058498967667,0,0,,,,,71.34563482137705
463,1784965122.1463678,,64149.971264367676,,2266.9559440824405,,0.1991258034568821,,0.5169634523445128,,0.5190076030412164,,0.18607093523355278,0.0,0.0,0.0,0.0,4632000,4737,37056,2316,30.179972,0.050173864932730794,-0.03575418077525683,-3.6745244413614273,0,0.0,0.0,0.0,,,25.001590893551153,0,0,,,,,73.87700656749078
464,1784965262.694322,,60870.41852623991,,2199.365868466895,,0.20289194548045686,,0.5169634559306104,,0.5190076030412164,,0.18763466102626702,0.0,0.0,0.0,0.0,4642000,4769,37136,2321,-1.407243,0.06506446248386055,-0.03716256662301021,-3.701704926788807,0,0.0,0.0,0.0,,,10.926932781255069,0,0,,,,,71.1500930507666
465,1784965417.6187432,,64851.53506251251,,2272.7507452035925,,0.20172886267506807,,0.516963454875798,,0.5190076030412164,,0.18715174176013383,0.0,0.0,0.0,0.0,4652000,4791,37216,2326,27.333813,0.05369182815775275,-0.023456632152374368,-3.664064772427082,0,0.0,0.0,0.0,,,24.639876924925908,0,0,1.0,565.68756,565.6875610351562,1.0,64.54760624879019
466,1784965558.058933,,62331.921308857214,,2236.1899270201375,,0.20042138212687688,,0.5169634409687738,,0.5190076030412164,,0.18660886510245725,0.0,0.0,0.0,0.0,4662000,4815,37296,2331,49.244324,0.023026705282973126,-0.02414199051418109,-3.613965228199959,0,0.0,0.0,0.0,,,12.387396020477267,0,0,,,,,71.20468467925143
467,1784965692.9205122,,60831.66333319055,,2196.619653499653,,0.20367108368522657,,0.5169634460795844,,0.5190076030412164,,0.18795816197773804,0.0,0.0,0.0,0.0,4672000,4837,37376,2336,62.70746,0.04883267963305116,-0.020312675764216692,-3.6254488974809647,0,0.0,0.0,0.0,,,14.827484420761486,0,0,,,,,74.15010232324482
468,1784965832.5209143,,61011.83860150755,,2201.0902331589978,,0.2035054520222444,,0.5169634470635988,,0.5190076030412164,,0.1878893909006272,0.0,0.0,0.0,0.0,4682000,4858,37456,2341,67.40422,0.031031001184601337,-0.020340743954875506,-3.6718684434890747,0,0.0,0.0,0.0,,,14.95345988447324,0,0,,,,,71.63303174397421
469,1784965970.3063111,,66467.97400275955,,2309.935680202082,,0.19949650422964788,,0.516963442272702,,0.5190076030412164,,0.18622485043480555,0.0,0.0,0.0,0.0,4692000,4882,37536,2346,40.222004,0.031604784133378416,-0.028306049327511573,-3.661493629217148,0,0.0,0.0,0.0,,,11.641668097948145,0,0,,,,,72.57663106405508
470,1784966130.7072227,,60308.482781782324,,2189.2483080173465,,0.2021409301974097,,0.516963455901095,,0.5190076030412164,,0.18732283490684262,0.0,0.0,0.0,0.0,4702000,4902,37616,2351,38.286915,0.08974942285567522,-0.022757997969165444,-3.6760208755731583,0,0.0,0.0,0.0,,,18.9496044309849,0,0,1.0,606.6956,606.6956176757812,1.0,62.34378591869001
471,1784966266.0115855,,64228.865995164335,,2280.52665019909,,0.1969741920907633,,0.5169634461006732,,0.5190076030412164,,0.18517757185854042,0.0,0.0,0.0,0.0,4712000,4922,37696,2356,52.24939,0.03535315353656188,-0.012778434942447348,-3.6114853769540787,0,0.0,0.0,0.0,,,11.22718766246759,0,0,,,,,73.90744741536942
472,1784966399.4794936,,64030.801924920146,,2249.094866218301,,0.20539985183695272,,0.5169634487771229,,0.5190076030412164,,0.18867595756895886,0.0,0.0,0.0,0.0,4722000,4937,37776,2361,123.37742,0.036225385731086135,-0.026893237329204567,-3.632457450032234,0,0.0,0.0,0.0,,,16.146226682229454,0,0,,,,,74.92438537316555
473,1784966540.6986244,,61105.69625835737,,2208.3071534738174,,0.20119222357299496,,0.516963443286434,,0.5190076030412164,,0.18692892362300892,0.0,0.0,0.0,0.0,4732000,4955,37856,2366,122.48679,0.03681582002900541,-0.03311097188270651,-3.6929725408554077,0,0.0,0.0,0.0,,,22.404699187104296,0,0,,,,,70.8119286389893
474,1784966676.0566506,,64724.78330316175,,2260.7098458096907,,0.2057838726128709,,0.5169634476982221,,0.5190076030412164,,0.1888354051151205,0.0,0.0,0.0,0.0,4742000,4979,37936,2371,76.535095,0.027060638094553724,-0.0027045466922572814,-3.6447016894817352,0,0.0,0.0,0.0,,,10.1894944097675,0,0,,,,,73.87814500112991
475,1784966829.748744,,63249.87079714623,,2235.2039221434597,,0.2056999304800855,,0.5169634522851869,,0.5190076030412164,,0.18880055274840862,0.0,0.0,0.0,0.0,4752000,4996,38016,2376,87.828674,0.029825265170075,-0.03601607240125304,-3.6946384236216545,0,0.0,0.0,0.0,,,24.333156971399816,0,0,1.0,577.95667,577.9566650390625,1.0,65.06515605978994
476,1784966969.900531,,64700.09272501382,,2283.330698772009,,0.1984403205007173,,0.5169634491954733,,0.5190076030412164,,0.18578631791094113,0.0,0.0,0.0,0.0,4762000,5016,38096,2381,35.031017,0.040627735783346,-0.029306401454959996,-3.5905966758728027,0,0.0,0.0,0.0,,,10.725774428282428,0,0,,,,,71.35121457309364
477,1784967104.6577072,,62931.20239174724,,2240.8015106195344,,0.2043377886089648,,0.5169634474339513,,0.5190076030412164,,0.18823498218813556,0.0,0.0,0.0,0.0,4772000,5042,38176,2386,29.76496,0.06391648016870022,-0.028184502210933715,-3.6682057306170464,0,0.0,0.0,0.0,,,18.33782701643542,0,0,,,,,74.20754940562101
478,1784967245.675674,,62959.76973223012,,2248.165636990901,,0.19988243609732512,,0.5169634368004787,,0.5190076030412164,,0.1863850905992252,0.0,0.0,0.0,0.0,4782000,5065,38256,2391,30.13971,0.039102620678022504,-0.028246147005120292,-3.6355381458997726,0,0.0,0.0,0.0,,,10.725990874677507,0,0,,,,,70.912950081468
479,1784967380.7146945,,63671.7411422622,,2260.209047019605,,0.1998786888229987,,0.5169634594828763,,0.5190076030412164,,0.18638353924461187,0.0,0.0,0.0,0.0,4792000,5092,38336,2396,22.028202,0.0771313386503607,-0.026619161038979655,-3.6003827676177025,0,0.0,0.0,0.0,,,31.566087040293706,0,0,,,,,74.05266941053323
480,1784967538.9200675,,63821.142444167286,,2271.5462376899095,,0.19916242345186352,,0.5169634488214165,,0.5190076030412164,,0.18608613937358848,0.0,0.0,0.0,0.0,4802000,5106,38416,2401,77.15654,0.05351768259424716,-0.024347837465029443,-3.592742271721363,0,0.0,0.0,0.0,,,32.05141704631822,0,0,1.0,547.7237,547.7236938476562,1.0,63.20898023440503
481,1784967674.0323205,,61657.98530344251,,2211.5544624960953,,0.2034832601537331,,0.5169634569077969,,0.5190076030412164,,0.18788017867068044,0.0,0.0,0.0,0.0,4812000,5125,38496,2406,46.053658,0.03501362988026813,-0.03202002774196444,-3.5649001374840736,0,0.0,0.0,0.0,,,8.660418921222734,0,0,,,,,74.01252970936405
482,1784967808.624427,,60896.81188455422,,2209.0960023709413,,0.20040113618750624,,0.516963449288269,,0.5190076030412164,,0.186600460529185,0.0,0.0,0.0,0.0,4822000,5136,38576,2411,128.69427,0.035271620901767164,-0.03391482448205352,-3.5238749384880066,0,0.0,0.0,0.0,,,9.445823851014701,0,0,,,,,74.29856196660616
483,1784967942.3989952,,61688.14817266847,,2214.817430184892,,0.2021039343073605,,0.5169634481276305,,0.5190076030412164,,0.18730747243357623,0.0,0.0,0.0,0.0,4832000,5146,38656,2416,124.127464,0.04134013009024784,-0.029426010645693168,-3.4887039586901665,0,0.0,0.0,0.0,,,10.61710136984263,0,0,,,,,74.75262273296647
484,1784968080.8406954,,60672.473099360046,,2206.059666297523,,0.20104985345414692,,0.5169634406126322,,0.5190076030412164,,0.18686981014894613,0.0,0.0,0.0,0.0,4842000,5156,38736,2421,103.30308,0.03243788570398465,-0.026997771994501818,-3.5501480028033257,0,0.0,0.0,0.0,,,16.148457379492854,0,0,,,,,72.23257329607846
485,1784968232.9607692,,62557.34190314224,,2222.587038339411,,0.20596918912199005,,0.5169634475849747,,0.5190076030412164,,0.18891234963423262,0.0,0.0,0.0,0.0,4852000,5166,38816,2426,142.33733,0.029653286532266065,-0.026283477898687124,-3.6138866096735,0,0.0,0.0,0.0,,,19.137326034922314,0,0,1.0,579.4903,579.4902954101562,1.0,65.73754633264909
486,1784968366.5465786,,63671.976137196194,,2262.1498286689707,,0.19895654407067556,,0.5169634477396726,,0.5190076030412164,,0.18600065678592287,0.0,0.0,0.0,0.0,4862000,5177,38896,2431,92.63046,0.054863070021383464,-0.028380091842166166,-3.6181807443499565,0,0.0,0.0,0.0,,,21.648848665923246,0,0,,,,,74.85824601415437
487,1784968501.6984122,,62656.804981661444,,2229.5470018371543,,0.2035622893299027,,0.5169634565730137,,0.5190076030412164,,0.18791299199835906,0.0,0.0,0.0,0.0,4872000,5196,38976,2436,64.00252,0.056149026146158576,-0.03742549586604582,-3.603971004486084,0,0.0,0.0,0.0,,,23.210979204146355,0,0,,,,,73.99085752288416
488,1784968642.4581141,,58772.42268198928,,2184.9600574705228,,0.1977657171255092,,0.5169634448095983,,0.5190076030412164,,0.18550621760914993,0.0,0.0,0.0,0.0,4882000,5214,39056,2441,48.029472,0.060597046511247754,-0.02415004489103012,-3.6401206478476524,0,0.0,0.0,0.0,,,13.888822561676795,0,0,,,,,71.0430583797237
489,1784968776.2244496,,60113.117285436136,,2179.422152133095,,0.2050299610424618,,0.5169634382850539,,0.5190076030412164,,0.18852237456283646,0.0,0.0,0.0,0.0,4892000,5226,39136,2446,105.25325,0.04130756133235991,-0.03680761726718629,-3.637944757938385,0,0.0,0.0,0.0,,,12.634292918408763,0,0,,,,,74.75722733470788
490,1784968930.7084794,,57331.44632916677,,2141.185651316482,,0.2001427658497139,,0.5169634482864414,,0.5190076030412164,,0.18649318339304785,0.0,0.0,0.0,0.0,4902000,5247,39216,2451,51.759266,0.06062924780417234,-0.02671634851503768,-3.636197082698345,0,0.0,0.0,0.0,,,8.898597151785172,0,0,1.0,534.6815,534.6815185546875,1.0,64.73161754551361
491,1784969071.5529954,,63697.03798995154,,2245.7446421277377,,0.20392968314958942,,0.5169634445579061,,0.5190076030412164,,0.18806553374391974,0.0,0.0,0.0,0.0,4912000,5272,39296,2456,51.689342,0.05813909706193954,-0.017341589839361404,-3.6138373762369156,0,0.0,0.0,0.0,,,21.374877500334577,0,0,,,,,71.00027110930965
492,1784969206.5910044,,61636.73849518948,,2220.6622128107533,,0.2010680661566751,,0.5169634462089784,,0.5190076030412164,,0.1868773732930826,0.0,0.0,0.0,0.0,4922000,5292,39376,2461,56.666607,0.03526470379438251,-0.025833085153863067,-3.6546801552176476,0,0.0,0.0,0.0,,,12.810374354846516,0,0,,,,,74.0532236824222
493,1784969347.8124218,,63189.59656784379,,2248.1905162416992,,0.20104874546029589,,0.5169634460813018,,0.5190076030412164,,0.18686935119689382,0.0,0.0,0.0,0.0,4932000,5323,39456,2466,68.50914,0.05902149830944836,-0.015832373732337146,-3.6182560697197914,0,0.0,0.0,0.0,,,23.39032833834601,0,0,,,,,70.81078988958704
494,1784969482.1659305,,64213.59751986171,,2260.829985259283,,0.2009797158497294,,0.5169634494556671,,0.5190076030412164,,0.18684069035759174,0.0,0.0,0.0,0.0,4942000,5345,39536,2471,51.79481,0.04620511340908706,-0.029582126073364634,-3.6074286475777626,0,0.0,0.0,0.0,,,22.929412259436518,0,0,,,,,74.4305051570036
495,1784969641.9296536,,67680.80845800636,,2315.9137789777164,,0.203552120421927,,0.5169634495149289,,0.5190076030412164,,0.18790876839429888,0.0,0.0,0.0,0.0,4952000,5365,39616,2476,81.20706,0.031913752551190555,-0.03343659568417934,-3.6337183490395546,0,0.0,0.0,0.0,,,13.50893026458527,0,0,1.0,572.22235,572.2223510742188,1.0,62.59244393136464
496,1784969778.2809708,,63593.279741257815,,2233.663494839419,,0.20720440295936227,,0.516963443956726,,0.5190076030412164,,0.18942521720696515,0.0,0.0,0.0,0.0,4962000,5390,39696,2481,38.351818,0.02725529676536098,-0.018113943016942358,-3.6236326694488525,0,0.0,0.0,0.0,,,9.900415310647938,0,0,,,,,73.33995751715503
497,1784969918.7700496,,64821.84717203385,,2280.3149259652077,,0.20067070960714967,,0.5169634477015088,,0.5190076030412164,,0.1867123887353312,0.0,0.0,0.0,0.0,4972000,5414,39776,2486,45.043434,0.03837264492176473,-0.005467443661473226,-3.59982106089592,0,0.0,0.0,0.0,,,13.62444990514495,0,0,,,,,71.17990261808941
498,1784970055.174221,,63534.035549226835,,2254.909803117778,,0.20045011928178358,,0.5169634552902832,,0.5190076030412164,,0.18662079980826826,0.0,0.0,0.0,0.0,4982000,5443,39856,2491,35.00564,0.06046493235044181,-0.02361310544438311,-3.5515270307660103,0,0.0,0.0,0.0,,,24.26199358815232,0,0,,,,,73.3115366047931
499,1784970193.989876,,61716.63346695919,,2214.032184815929,,0.2038520489837661,,0.5169634485093721,,0.5190076030412164,,0.1880333003563586,0.0,0.0,0.0,0.0,4992000,5469,39936,2496,46.934002,0.042192919878289104,-0.022209978167666122,-3.6053077057003975,0,0.0,0.0,0.0,,,10.046707461841994,0,0,,,,,72.03798431364994
500,1784970349.6799278,,58783.621129390056,,2174.817112732529,,0.19975844113536337,,0.5169634427164587,,0.5190076030412164,,0.18633360832002363,0.0,0.0,0.0,0.0,5002000,5498,40016,2501,39.031742,0.06736233469564468,-0.021275763821904548,-3.592115730047226,0,0.0,0.0,0.0,,,22.420796718982743,0,0,1.0,563.1539,563.1538696289062,1.0,64.23018065923645
501,1784970492.7399323,,62506.174837079816,,2231.0501606922703,,0.20233497495992236,,0.5169634464959694,,0.5190076030412164,,0.187403401591477,0.0,0.0,0.0,0.0,5012000,5532,40096,2506,13.000486,0.1133145191706717,-0.014121661573881283,-3.607160896062851,0,0.0,0.0,0.0,,,44.748487650519024,0,0,,,,,69.90073862891028
502,1784970633.8545458,,65505.323705554234,,2292.854768704205,,0.20071245034825777,,0.5169634468066504,,0.5190076030412164,,0.18672971956595283,0.0,0.0,0.0,0.0,5022000,5558,40176,2511,46.538586,0.07825469865929335,-0.024495219639902643,-3.506376788020134,0,0.0,0.0,0.0,,,29.880829201274388,0,0,,,,,70.86438287874861
503,1784970770.3322575,,61798.20391951663,,2216.864972115609,,0.20362260860987524,,0.5169634522128753,,0.5190076030412164,,0.187938036058264,0.0,0.0,0.0,0.0,5032000,5587,40256,2516,28.739222,0.0875110583147034,-0.03029481005614798,-3.534904256463051,0,0.0,0.0,0.0,,,30.411255449628833,0,0,,,,,73.2720373512972
504,1784970914.9004436,,65263.991198337564,,2268.711522709933,,0.20637641962188213,,0.5169634437918365,,0.5190076030412164,,0.18908143345611236,0.0,0.0,0.0,0.0,5042000,5622,40336,2521,-0.9176794,0.082461416721344,-0.00870538869412485,-3.5653679743409157,0,0.0,0.0,0.0,,,19.550250745549974,0,0,,,,,69.17151192543415
505,1784971077.9574757,,62434.49596977807,,2226.2157107944395,,0.20446421671863352,,0.516963455107417,,0.5190076030412164,,0.18828747744295365,0.0,0.0,0.0,0.0,5052000,5652,40416,2526,43.582603,0.04866234411019832,-0.0009547641457174905,-3.5779797434806824,0,0.0,0.0,0.0,,,12.290430591652797,0,0,1.0,475.66983,475.6698303222656,1.0,61.32824024443359
506,1784971215.0131032,,60469.45010463463,,2203.563621160067,,0.20019154920396662,,0.5169634466982835,,0.5190076030412164,,0.18651343822082353,0.0,0.0,0.0,0.0,5062000,5681,40496,2531,17.962193,0.054971303907223046,-0.02119235318787105,-3.6022186130285263,0,0.0,0.0,0.0,,,9.190450200283406,0,0,,,,,72.96306643272307
507,1784971358.0382924,,62669.813348696654,,2233.2866145263188,,0.20292400701730215,,0.5169634435513555,,0.5190076030412164,,0.18764797069552636,0.0,0.0,0.0,0.0,5072000,5708,40576,2536,25.063854,0.06467459839768708,-0.028203189984196797,-3.600015811622143,0,0.0,0.0,0.0,,,11.908864094487967,0,0,,,,,69.91775957662657
508,1784971492.1100063,,64599.96212669054,,2258.5393302777597,,0.20348901188400995,,0.5169634415761675,,0.5190076030412164,,0.18788256375775,0.0,0.0,0.0,0.0,5082000,5733,40656,2541,30.144968,0.03872344020055607,-0.01698005048911,-3.6646556183695793,0,0.0,0.0,0.0,,,12.048811740405153,0,0,,,,,74.58694204129206
509,1784971634.5204835,,60660.41637121957,,2189.0817679341385,,0.20381515897087732,,0.5169634534949649,,0.5190076030412164,,0.1880179843957446,0.0,0.0,0.0,0.0,5092000,5756,40736,2546,46.23861,0.05782450397964567,-0.027137930566823343,-3.744903840124607,0,0.0,0.0,0.0,,,9.582349759805723,0,0,,,,,70.21955934274945
510,1784971788.9093194,,59015.61637664537,,2163.4629728646305,,0.20385585080633692,,0.5169634497275021,,0.5190076030412164,,0.18803487913984024,0.0,0.0,0.0,0.0,5102000,5782,40816,2551,32.94059,0.054534573340788484,-0.01564636611874448,-3.6653705164790154,0,0.0,0.0,0.0,,,13.837814152922395,0,0,1.0,566.08746,566.0874633789062,1.0,64.77151787657894
511,1784971930.0702372,,62752.43909601051,,2228.653377030818,,0.20311409550789736,,0.5169634405613039,,0.5190076030412164,,0.1877268959950116,0.0,0.0,0.0,0.0,5112000,5807,40896,2556,37.136265,0.06455791764892638,-0.03240870306035504,-3.7391910403966904,0,0.0,0.0,0.0,,,14.618206514339601,0,0,,,,,70.84113730201312
512,1784972065.3118596,,62193.84126455213,,2218.713092688175,,0.20313685583314495,,0.5169634471689654,,0.5190076030412164,,0.18773634754202492,0.0,0.0,0.0,0.0,5122000,5831,40976,2561,39.712032,0.07003627927042544,-0.02743737892524223,-3.7205840796232224,0,0.0,0.0,0.0,,,24.238253578274296,0,0,,,,,73.94173625570839
513,1784972207.0811908,,60450.3567083531,,2206.89711206133,,0.19916876364204134,,0.5169634367626678,,0.5190076030412164,,0.1860887694473643,0.0,0.0,0.0,0.0,5132000,5858,41056,2566,4.288457,0.07478847471065819,-0.03864788978808065,-3.736289270222187,0,0.0,0.0,0.0,,,15.497436204144822,0,0,,,,,70.53711779021728
514,1784972341.418628,,63552.360241095215,,2252.5636189694733,,0.20167320791696508,,0.516963448928321,,0.5190076030412164,,0.18712863237655777,0.0,0.0,0.0,0.0,5142000,5877,41136,2571,90.40896,0.028441489732358605,-0.013475284480591654,-3.6999365389347076,0,0.0,0.0,0.0,,,12.385836417040625,0,0,,,,,74.43941428734465
515,1784972506.4869125,,62735.49722966146,,2247.268280193288,,0.19964702467271792,,0.5169634602462849,,0.5190076030412164,,0.18628735103301533,0.0,0.0,0.0,0.0,5152000,5901,41216,2576,36.056816,0.039354155655018985,-0.01875192274019355,-3.702466957271099,0,0.0,0.0,0.0,,,9.932023162885429,0,0,1.0,576.2898,576.289794921875,1.0,60.580986975235554
516,1784972640.5801651,,59875.31654434094,,2187.5990334030685,,0.19991848317806554,,0.5169634444772402,,0.5190076030412164,,0.18640005910175492,0.0,0.0,0.0,0.0,5162000,5925,41296,2581,80.355515,0.058467664872296154,-0.030475898602162488,-3.6667757406830788,0,0.0,0.0,0.0,,,16.494546525364658,0,0,,,,,74.57496710325479
517,1784972775.1415222,,64928.49583415657,,2273.2001197118116,,0.20214823375080923,,0.5169634508095984,,0.5190076030412164,,0.18732586636833812,0.0,0.0,0.0,0.0,5172000,5942,41376,2586,90.29409,0.023765944119077176,-0.026128925383090973,-3.691664718091488,0,0.0,0.0,0.0,,,7.671241794727796,0,0,,,,,74.31554058434142
518,1784972915.317523,,62936.09730815164,,2247.5718679573774,,0.19969070725386,,0.5169634411244135,,0.5190076030412164,,0.1863054844820276,0.0,0.0,0.0,0.0,5182000,5958,41456,2591,86.18813,0.0414820586447604,-0.0025585245748516172,-3.726263292133808,0,0.0,0.0,0.0,,,15.67687602611041,0,0,,,,,71.33888789648351
519,1784973049.4080396,,57703.19748387615,,2137.5485251396594,,0.20536583382878099,,0.5169634436071235,,0.5190076030412164,,0.18866183205105383,0.0,0.0,0.0,0.0,5192000,5978,41536,2596,56.790855,0.05036739550996572,-0.034667728912609164,-3.7894162833690643,0,0.0,0.0,0.0,,,21.84166921966073,0,0,,,,,74.57648889163877
520,1784973211.4303348,,62156.70064735567,,2239.0105956099856,,0.19963408279129338,,0.5169634564154192,,0.5190076030412164,,0.18628197671895663,0.0,0.0,0.0,0.0,5202000,6002,41616,2601,38.901894,0.04889381176326424,-0.0073561560129746795,-3.7992206513881683,0,0.0,0.0,0.0,,,15.40572591747956,0,0,1.0,583.2911,583.2910766601562,1.0,61.71990230945229
521,1784973345.472164,,62172.710573640434,,2217.5872007744224,,0.2053264361542817,,0.5169634509478168,,0.5190076030412164,,0.18864547536510667,0.0,0.0,0.0,0.0,5212000,6021,41696,2606,66.99751,0.03081059572286904,-0.018846801649488043,-3.863300532102585,0,0.0,0.0,0.0,,,16.979939983367274,0,0,,,,,74.60357630966286
522,1784973479.7080343,,62856.85336569075,,2244.457280781261,,0.20074285690431876,,0.5169634552122316,,0.5190076030412164,,0.1867423462340915,0.0,0.0,0.0,0.0,5222000,6042,41776,2611,37.856678,0.04250212624901906,-0.019762417345191352,-3.800931543111801,0,0.0,0.0,0.0,,,15.282156421942027,0,0,,,,,74.49573634131163
523,1784973621.4518242,,61844.2540109846,,2219.6975232137725,,0.20136844206459453,,0.516963451810606,,0.5190076030412164,,0.18700209231739268,0.0,0.0,0.0,0.0,5232000,6069,41856,2616,66.40318,0.053164927987381816,-0.02745834957295301,-3.781030721962452,0,0.0,0.0,0.0,,,35.88482986626825,0,0,,,,,70.54982815492451
524,1784973757.3570848,,64444.33655486906,,2265.7446144566434,,0.20234555141207147,,0.5169634414776413,,0.5190076030412164,,0.18740779199507426,0.0,0.0,0.0,0.0,5242000,6094,41936,2621,65.58347,0.056044346711132675,0.001019603970235039,-3.78189954161644,0,0.0,0.0,0.0,,,30.934786950320202,0,0,,,,,73.58066820533179
525,1784973918.0075758,,63279.42291746029,,2238.958817753563,,0.20440934091113339,,0.5169634448380426,,0.5190076030412164,,0.18826469062002632,0.0,0.0,0.0,0.0,5252000,6119,42016,2626,17.861736,0.06838348798919469,-0.008080790626991075,-3.762094035744667,0,0.0,0.0,0.0,,,18.599628778054843,0,0,1.0,521.01215,521.0121459960938,1.0,62.24693251727143
526,1784974052.1429982,,66304.78373864129,,2284.4095096151536,,0.20601005812509748,,0.5169634434543505,,0.5190076030412164,,0.18892931786678097,0.0,0.0,0.0,0.0,5262000,6142,42096,2631,72.46458,0.04230550705688074,-0.01950622179901984,-3.7401794344186783,0,0.0,0.0,0.0,,,20.61648768265816,0,0,,,,,74.55152147110144
527,1784974194.7292001,,61483.27230193354,,2206.113475363179,,0.20656175055790604,,0.5169634410880245,,0.5190076030412164,,0.1891583834472501,0.0,0.0,0.0,0.0,5272000,6171,42176,2636,39.436714,0.04271083895582706,-0.035882795811630785,-3.712652213871479,0,0.0,0.0,0.0,,,11.01552079711767,0,0,,,,,70.13301439685752
528,1784974336.0768788,,62804.43642789689,,2237.620677129036,,0.20179819025312157,,0.5169634508578211,,0.5190076030412164,,0.18718052618862666,0.0,0.0,0.0,0.0,5282000,6200,42256,2641,22.102585,0.054810353089123964,-0.01207447707929532,-3.6968038231134415,0,0.0,0.0,0.0,,,14.805014164522781,0,0,,,,,70.74753461801143
529,1784974471.500142,,60514.497771557304,,2194.4818765937516,,0.20243848495602482,,0.5169634488031308,,0.5190076030412164,,0.18744638003288358,0.0,0.0,0.0,0.0,5292000,6228,42336,2646,35.696075,0.06650524237193167,-0.01751461658568587,-3.711886763572693,0,0.0,0.0,0.0,,,19.039892486861273,0,0,,,,,73.8425568020736
530,1784974633.951529,,63277.2704525259,,2250.2048031622453,,0.2014184025561203,,0.5169634483270585,,0.5190076030412164,,0.187022835520646,0.0,0.0,0.0,0.0,5302000,6258,42416,2651,30.469585,0.05355224316008389,-0.022859942378090636,-3.69306593388319,0,0.0,0.0,0.0,,,10.5399416202463,0,0,1.0,490.20596,490.2059631347656,1.0,61.55687738939027
531,1784974771.0912852,,60579.64188243469,,2214.3235541812337,,0.19844084379931876,,0.5169634436589695,,0.5190076030412164,,0.18578653408040258,0.0,0.0,0.0,0.0,5312000,6282,42496,2656,43.95822,0.04093756101792678,-0.02195047248096671,-3.7172715589404106,0,0.0,0.0,0.0,,,10.373721795297524,0,0,,,,,72.91831474141574
532,1784974914.9101388,,63916.29904592607,,2263.450823400266,,0.20054578883748433,,0.5169634531815431,,0.5190076030412164,,0.18666052196795083,0.0,0.0,0.0,0.0,5322000,6305,42576,2661,54.945168,0.0410402636625804,-0.027568273344513727,-3.720019795000553,0,0.0,0.0,0.0,,,11.362799430667767,0,0,,,,,69.5319123439115
533,1784975049.9152129,,58670.69764280894,,2164.3523417053443,,0.2013929318857186,,0.5169634470687324,,0.5190076030412164,,0.18701225969170635,0.0,0.0,0.0,0.0,5332000,6326,42656,2666,98.24044,0.04417003894923255,-0.029624988411285358,-3.7770178392529488,0,0.0,0.0,0.0,,,17.370704563105654,0,0,,,,,74.07129066919117
534,1784975183.7887578,,60023.034786815726,,2202.51234427235,,0.19759416959785797,,0.5169634522612134,,0.5190076030412164,,0.18543499152256576,0.0,0.0,0.0,0.0,5342000,6344,42736,2671,94.11992,0.06488991854712367,-0.026412423510919325,-3.728823408484459,0,0.0,0.0,0.0,,,17.152608936129287,0,0,,,,,74.69735674944748
535,1784975344.7730653,,59449.09117961666,,2181.965224464082,,0.20014328834297782,,0.5169634484433225,,0.5190076030412164,,0.18649340036680528,0.0,0.0,0.0,0.0,5352000,6366,42816,2676,59.80662,0.045828015834558755,-0.01290044892084552,-3.78634013235569,0,0.0,0.0,0.0,,,12.822310919349114,0,0,1.0,527.61346,527.6134643554688,1.0,62.11785668343024
536,1784975479.1590512,,59024.702839065845,,2178.0603377978123,,0.2003852277908169,,0.5169634501755864,,0.5190076030412164,,0.18659385544358137,0.0,0.0,0.0,0.0,5362000,6397,42896,2681,13.321085,0.07132594368886203,-0.028382299967461222,-3.662670277059078,0,0.0,0.0,0.0,,,10.410727802906145,0,0,,,,,74.4125191734643
537,1784975620.5191236,,57484.66596506866,,2147.236375836922,,0.20014611119907916,,0.5169634445691976,,0.5190076030412164,,0.18649457165900343,0.0,0.0,0.0,0.0,5372000,6421,42976,2686,51.554573,0.04313496855320409,-0.03280813595847576,-3.7436352223157883,0,0.0,0.0,0.0,,,17.593367116659692,0,0,,,,,70.74133436891802
538,1784975756.0908647,,58473.51944728576,,2161.611830049387,,0.20135099278275237,,0.5169634483961321,,0.5190076030412164,,0.18699484658654292,0.0,0.0,0.0,0.0,5382000,6447,43056,2691,62.741566,0.05583513079909608,-0.00659711937407792,-3.751239962875843,0,0.0,0.0,0.0,,,22.71535331086134,0,0,,,,,73.76168403836563
539,1784975898.6676166,,59759.59570885885,,2191.9796836786713,,0.19878828346638305,,0.5169634444415252,,0.5190076030412164,,0.1859307932999574,0.0,0.0,0.0,0.0,5392000,6473,43136,2696,37.916527,0.034357355907559395,-0.019558031686756294,-3.7247833237051964,0,0.0,0.0,0.0,,,13.54768761203046,0,0,,,,,70.137662090414
540,1784976052.1687915,,59092.32076025425,,2173.051622212792,,0.20162120079415188,,0.5169634483077917,,0.5190076030412164,,0.18710703857873,0.0,0.0,0.0,0.0,5402000,6496,43216,2701,50.604317,0.0365649611921981,-0.032983925248117885,-3.691695734858513,0,0.0,0.0,0.0,,,12.762462095463356,0,0,1.0,529.6805,529.6804809570312,1.0,65.14608122526455
541,1784976196.1257133,,60110.40417874264,,2200.1936059965997,,0.1978990627732459,,0.5169634391096195,,0.5190076030412164,,0.18556158239316037,0.0,0.0,0.0,0.0,5412000,6525,43296,2706,11.980154,0.06489219598006457,-0.022637513706285972,-3.696547880768776,0,0.0,0.0,0.0,,,12.172642977343262,0,0,,,,,69.46522781830694
542,1784976330.3747246,,63787.98598898898,,2260.4208633191415,,0.20082380339284714,,0.5169634498972975,,0.5190076030412164,,0.18677595464549318,0.0,0.0,0.0,0.0,5422000,6547,43376,2711,56.47633,0.03801538539119065,-0.02221630294661736,-3.6831178963184357,0,0.0,0.0,0.0,,,13.409050543192425,0,0,,,,,74.48843925950375
543,1784976473.5001502,,60248.28511245776,,2184.433191854941,,0.20637740138277486,,0.5169634465350555,,0.5190076030412164,,0.18908184163785033,0.0,0.0,0.0,0.0,5432000,6575,43456,2716,26.45905,0.05317324795760214,-0.01837572979638935,-3.715627446770668,0,0.0,0.0,0.0,,,17.155223043260463,0,0,,,,,69.86878980376558
544,1784976616.8585842,,60672.665678626,,2193.5733024511287,,0.2052598565192846,,0.5169634448928767,,0.5190076030412164,,0.18861782988470166,0.0,0.0,0.0,0.0,5442000,6601,43536,2721,10.454816,0.04586165689397603,-0.03195410277112387,-3.593289315700531,0,0.0,0.0,0.0,,,9.654277409118748,0,0,,,,,69.75522568668163
545,1784976770.3841584,,64244.76189248836,,2270.3274571567435,,0.19991469267090953,,0.5169634523733071,,0.5190076030412164,,0.1863984868393416,0.0,0.0,0.0,0.0,5452000,6623,43616,2726,56.695656,0.04965583689045161,-0.023377245595838758,-3.670706517994404,0,0.0,0.0,0.0,,,19.206746452869833,0,0,1.0,553.61865,553.61865234375,1.0,65.13572813029784
546,1784976904.5255773,,63869.11528388836,,2267.7054320657917,,0.19840355185187533,,0.5169634486877422,,0.5190076030412164,,0.1857710512427529,0.0,0.0,0.0,0.0,5462000,6643,43696,2731,61.99776,0.04354798322310671,-0.025010836150613613,-3.7457915544509888,0,0.0,0.0,0.0,,,22.76670724134857,0,0,,,,,74.54819033827411
547,1784977046.9537003,,64651.988884048216,,2288.2630863659756,,0.19819696408372794,,0.5169634410122277,,0.5190076030412164,,0.1856852732097589,0.0,0.0,0.0,0.0,5472000,6658,43776,2736,134.9748,0.017581223946763203,-0.03643612621090142,-3.708171933889389,0,0.0,0.0,0.0,,,10.49659644567527,0,0,,,,,70.21085195395767
548,1784977179.7924566,,60144.173954714046,,2197.266497222736,,0.1996943257515908,,0.5169634450346694,,0.5190076030412164,,0.1863069876863459,0.0,0.0,0.0,0.0,5482000,6670,43856,2741,134.83981,0.024824756663292646,-0.028190529970743228,-3.697925217449665,0,0.0,0.0,0.0,,,9.648589224627713,0,0,,,,,75.27923554881022
549,1784977313.1398878,,60959.50368547389,,2213.923233679094,,0.20009411119678552,,0.5169634493014467,,0.5190076030412164,,0.18647298188821446,0.0,0.0,0.0,0.0,5492000,6684,43936,2746,167.13107,0.034626821987330914,-0.02379905070301902,-3.705315984785557,0,0.0,0.0,0.0,,,10.384634463295022,0,0,,,,,74.99207088961793
550,1784977438.2294278,,64036.51689711321,,2260.0249362846703,,0.20072912559511155,,0.5169634532888991,,0.5190076030412164,,0.18673664452632233,0.0,0.0,0.0,0.0,5500000,6699,44000,2750,84.09288,0.038221711467485875,-0.018048080786684295,-3.7737116143107414,0,0.0,0.0,0.0,,,17.473768749582373,0,0,1.0,541.7495,541.74951171875,1.0,79.94273590610172
